  SCINE QCMaquis 
  Quantum Chemical Density Matrix Renormalization group
  available from https://scine.ethz.ch/download/qcmaquis
  based on the ALPS MPS codes from http://alps.comp-phys.org/
  copyright (c) 2015-2018 Laboratory of Physical Chemistry, ETH Zurich
  copyright (c) 2012-2016 by Sebastian Keller
  copyright (c) 2016-2018 by Alberto Baiardi, Leon Freitag, 
  Stefan Knecht, Yingjin Ma 
  for details see the publication: 
  S. Keller et al., J. Chem. Phys. 143, 244118 (2015)

This binary contains symmetries: nu1 none 2u1pg su2u1pg 
DMRG version 3.1.1-d73fa8556f9b5e106aa2a543f6571f6bc888ba07 (VibrationalExcitedStates) release-3.1.2-gitlab
Temporary storage is disabled
coeff: 206.242167
operators: {0,3}

coeff: -206.242167
operators: {0,4}

coeff: 237.547247
operators: {1,3}

coeff: -237.547247
operators: {1,4}

coeff: 241.596974
operators: {2,3}

coeff: -241.596974
operators: {2,4}

coeff: 262.702319
operators: {3,3}

coeff: -262.702319
operators: {3,4}

coeff: 311.690974
operators: {4,3}

coeff: -311.690974
operators: {4,4}

coeff: 342.345676
operators: {5,3}

coeff: -342.345676
operators: {5,4}

coeff: 369.620153
operators: {6,3}

coeff: -369.620153
operators: {6,4}

coeff: 418.142252
operators: {7,3}

coeff: -418.142252
operators: {7,4}

coeff: 785.228686
operators: {8,3}

coeff: -785.228686
operators: {8,4}

coeff: 789.209319
operators: {9,3}

coeff: -789.209319
operators: {9,4}

coeff: 805.722986
operators: {10,3}

coeff: -805.722986
operators: {10,4}

coeff: 812.177325
operators: {11,3}

coeff: -812.177325
operators: {11,4}

coeff: -14.952686
operators: {0,3} {5,1}

coeff: -9.5269312
operators: {0,3} {7,1}

coeff: -88.6839569
operators: {0,3} {9,1}

coeff: -7.05859622
operators: {0,1} {1,1} {3,1}

coeff: 22.1485879
operators: {0,1} {4,1} {6,1}

coeff: 112.382752
operators: {0,1} {4,1} {8,1}

coeff: -75.6974731
operators: {0,1} {5,1} {11,1}

coeff: 116.21346
operators: {0,1} {6,1} {10,1}

coeff: -88.2384953
operators: {0,1} {7,1} {11,1}

coeff: -9.50569755
operators: {0,1} {8,1} {10,1}

coeff: 9.53442367
operators: {0,1} {9,1} {11,1}

coeff: 3.25530812
operators: {1,3} {5,1}

coeff: 10.5200398
operators: {1,3} {7,1}

coeff: -70.014269
operators: {1,3} {9,1}

coeff: -34.5546833
operators: {1,1} {2,1} {6,1}

coeff: 148.366671
operators: {1,1} {2,1} {8,1}

coeff: -137.788363
operators: {1,1} {3,1} {11,1}

coeff: 11.7797428
operators: {2,3} {5,1}

coeff: 12.9015194
operators: {2,3} {7,1}

coeff: -76.4722834
operators: {2,3} {9,1}

coeff: -10.137423
operators: {2,1} {3,1} {4,1}

coeff: -138.301785
operators: {2,1} {3,1} {10,1}

coeff: -7.9266107
operators: {3,3} {5,1}

coeff: 3.62233
operators: {3,3} {7,1}

coeff: -57.868549
operators: {3,3} {9,1}

coeff: -13.5347599
operators: {4,3} {5,1}

coeff: -8.68709772
operators: {4,3} {7,1}

coeff: -30.7378718
operators: {4,3} {9,1}

coeff: -41.6302351
operators: {4,1} {5,1} {10,1}

coeff: 73.9421558
operators: {4,1} {6,1} {11,1}

coeff: -61.6319928
operators: {4,1} {7,1} {10,1}

coeff: -9.9011479
operators: {4,1} {8,1} {11,1}

coeff: 13.9734949
operators: {4,1} {9,1} {10,1}

coeff: -5.80244663
operators: {5,5}

coeff: 26.5288965
operators: {5,3} {7,1}

coeff: -14.0629516
operators: {5,3} {9,1}

coeff: 8.10440271
operators: {5,1} {6,3}

coeff: -32.9077759
operators: {5,1} {6,1} {8,1}

coeff: -29.6137297
operators: {5,1} {7,3}

coeff: -12.5185045
operators: {5,1} {7,1} {9,1}

coeff: -3.10494254
operators: {5,1} {8,3}

coeff: -4.34591478
operators: {5,1} {9,3}

coeff: -13.6645069
operators: {5,1} {10,3}

coeff: -15.0193022
operators: {5,1} {11,3}

coeff: 12.8760028
operators: {6,3} {7,1}

coeff: -26.8182508
operators: {6,3} {9,1}

coeff: -44.4044233
operators: {6,1} {7,1} {8,1}

coeff: 4.78637341
operators: {6,1} {8,1} {9,1}

coeff: 30.7061738
operators: {6,1} {10,1} {11,1}

coeff: 17.8376159
operators: {7,5}

coeff: -25.9328676
operators: {7,3} {9,1}

coeff: 12.3432568
operators: {7,1} {8,3}

coeff: 15.0310056
operators: {7,1} {9,3}

coeff: -1.61349073
operators: {7,1} {10,3}

coeff: -0.676742998
operators: {7,1} {11,3}

coeff: 166.20415
operators: {8,3} {9,1}

coeff: -352.267129
operators: {8,1} {10,1} {11,1}

coeff: 54.5306574
operators: {9,5}

coeff: 177.284609
operators: {9,1} {10,3}

coeff: 175.025716
operators: {9,1} {11,3}

coeff: 3.60015642
operators: {0,7}

coeff: -0.483495617
operators: {0,5} {11,1}

coeff: 4.0031369
operators: {0,3} {1,3}

coeff: 4.82722292
operators: {0,3} {2,3}

coeff: 3.35232339
operators: {0,3} {3,3}

coeff: 6.25679108
operators: {0,3} {4,3}

coeff: -2.9821817
operators: {0,3} {4,1} {10,1}

coeff: 4.78984981
operators: {0,3} {5,3}

coeff: 7.55770767
operators: {0,3} {5,1} {7,1}

coeff: -1.32215118
operators: {0,3} {5,1} {9,1}

coeff: 6.97139119
operators: {0,3} {6,3}

coeff: -2.18467562
operators: {0,3} {6,1} {8,1}

coeff: 3.78037817
operators: {0,3} {7,3}

coeff: -3.2206705
operators: {0,3} {7,1} {9,1}

coeff: -13.8007222
operators: {0,3} {8,3}

coeff: -13.6705901
operators: {0,3} {9,3}

coeff: -14.3836517
operators: {0,3} {10,3}

coeff: -14.0157326
operators: {0,3} {11,3}

coeff: -0.317532528
operators: {0,1} {1,3} {11,1}

coeff: 11.2856366
operators: {0,1} {1,1} {2,1} {4,1}

coeff: -0.00110084075
operators: {0,1} {1,1} {2,1} {10,1}

coeff: 6.3607775
operators: {0,1} {1,1} {3,1} {5,1}

coeff: 7.9283894
operators: {0,1} {1,1} {3,1} {7,1}

coeff: -3.04118902
operators: {0,1} {1,1} {3,1} {9,1}

coeff: 0.848541861
operators: {0,1} {2,3} {11,1}

coeff: -11.1191465
operators: {0,1} {2,1} {3,1} {6,1}

coeff: 2.03648006
operators: {0,1} {2,1} {3,1} {8,1}

coeff: -1.05581724
operators: {0,1} {3,3} {11,1}

coeff: -3.25439667
operators: {0,1} {4,3} {11,1}

coeff: -10.3736122
operators: {0,1} {4,1} {5,1} {6,1}

coeff: 2.79474815
operators: {0,1} {4,1} {5,1} {8,1}

coeff: -12.8515234
operators: {0,1} {4,1} {6,1} {7,1}

coeff: 5.74894977
operators: {0,1} {4,1} {6,1} {9,1}

coeff: 5.55235672
operators: {0,1} {4,1} {7,1} {8,1}

coeff: 37.573071
operators: {0,1} {4,1} {8,1} {9,1}

coeff: -39.3724825
operators: {0,1} {4,1} {10,1} {11,1}

coeff: 1.5403137
operators: {0,1} {5,3} {11,1}

coeff: -3.43212212
operators: {0,1} {5,1} {6,1} {10,1}

coeff: 1.45807973
operators: {0,1} {5,1} {7,1} {11,1}

coeff: 27.6773202
operators: {0,1} {5,1} {8,1} {10,1}

coeff: -27.3801566
operators: {0,1} {5,1} {9,1} {11,1}

coeff: 2.42555544
operators: {0,1} {6,3} {11,1}

coeff: -1.63604124
operators: {0,1} {6,1} {7,1} {10,1}

coeff: -40.6828535
operators: {0,1} {6,1} {8,1} {11,1}

coeff: 41.2413622
operators: {0,1} {6,1} {9,1} {10,1}

coeff: -0.406003332
operators: {0,1} {7,3} {11,1}

coeff: 29.5974642
operators: {0,1} {7,1} {8,1} {10,1}

coeff: -29.2380722
operators: {0,1} {7,1} {9,1} {11,1}

coeff: 1.59921998
operators: {0,1} {8,3} {11,1}

coeff: -4.00198183
operators: {0,1} {8,1} {9,1} {10,1}

coeff: 2.22184229
operators: {0,1} {9,3} {11,1}

coeff: -2.70524603
operators: {0,1} {10,3} {11,1}

coeff: -0.949637866
operators: {0,1} {11,5}

coeff: 2.32254462
operators: {1,7}

coeff: 12.909308
operators: {1,3} {2,3}

coeff: 8.82371814
operators: {1,3} {3,3}

coeff: 1.79624887
operators: {1,3} {4,3}

coeff: -1.2880977
operators: {1,3} {4,1} {10,1}

coeff: 0.110709314
operators: {1,3} {5,3}

coeff: 1.87552625
operators: {1,3} {5,1} {7,1}

coeff: 0.863517574
operators: {1,3} {5,1} {9,1}

coeff: 1.40988993
operators: {1,3} {6,3}

coeff: 1.68830631
operators: {1,3} {6,1} {8,1}

coeff: 0.102980766
operators: {1,3} {7,3}

coeff: 0.556723332
operators: {1,3} {7,1} {9,1}

coeff: -11.9130411
operators: {1,3} {8,3}

coeff: -11.8920972
operators: {1,3} {9,3}

coeff: -13.5054633
operators: {1,3} {10,3}

coeff: -13.0644846
operators: {1,3} {11,3}

coeff: -1.61456207
operators: {1,1} {2,1} {4,1} {11,1}

coeff: -3.0041253
operators: {1,1} {2,1} {5,1} {6,1}

coeff: -3.3308654
operators: {1,1} {2,1} {5,1} {8,1}

coeff: -3.47686237
operators: {1,1} {2,1} {6,1} {7,1}

coeff: -4.37395042
operators: {1,1} {2,1} {6,1} {9,1}

coeff: -0.442689286
operators: {1,1} {2,1} {7,1} {8,1}

coeff: 48.8308988
operators: {1,1} {2,1} {8,1} {9,1}

coeff: -54.673344
operators: {1,1} {2,1} {10,1} {11,1}

coeff: -6.81405303
operators: {1,1} {3,1} {4,1} {6,1}

coeff: 2.9711241
operators: {1,1} {3,1} {4,1} {8,1}

coeff: 1.66414356
operators: {1,1} {3,1} {5,1} {11,1}

coeff: -2.95987477
operators: {1,1} {3,1} {6,1} {10,1}

coeff: 1.30846636
operators: {1,1} {3,1} {7,1} {11,1}

coeff: 45.804653
operators: {1,1} {3,1} {8,1} {10,1}

coeff: -45.0238845
operators: {1,1} {3,1} {9,1} {11,1}

coeff: 2.40157054
operators: {2,7}

coeff: 8.60677876
operators: {2,3} {3,3}

coeff: 1.63625114
operators: {2,3} {4,3}

coeff: -0.529258359
operators: {2,3} {4,1} {10,1}

coeff: 0.487241399
operators: {2,3} {5,3}

coeff: 1.02830083
operators: {2,3} {5,1} {7,1}

coeff: 2.31162556
operators: {2,3} {5,1} {9,1}

coeff: 1.03279563
operators: {2,3} {6,3}

coeff: 2.70799581
operators: {2,3} {6,1} {8,1}

coeff: 0.437068574
operators: {2,3} {7,3}

coeff: 0.673733776
operators: {2,3} {7,1} {9,1}

coeff: -12.6690983
operators: {2,3} {8,3}

coeff: -12.5487272
operators: {2,3} {9,3}

coeff: -13.9361165
operators: {2,3} {10,3}

coeff: -14.1618026
operators: {2,3} {11,3}

coeff: 3.80933377
operators: {2,1} {3,1} {4,1} {5,1}

coeff: 4.39096281
operators: {2,1} {3,1} {4,1} {7,1}

coeff: -2.98999638
operators: {2,1} {3,1} {4,1} {9,1}

coeff: 2.56880262
operators: {2,1} {3,1} {5,1} {10,1}

coeff: -3.34233264
operators: {2,1} {3,1} {6,1} {11,1}

coeff: 1.15946294
operators: {2,1} {3,1} {7,1} {10,1}

coeff: 47.3556971
operators: {2,1} {3,1} {8,1} {11,1}

coeff: -46.4900921
operators: {2,1} {3,1} {9,1} {10,1}

coeff: 1.06808739
operators: {3,7}

coeff: 1.33758405
operators: {3,3} {4,3}

coeff: -1.14681868
operators: {3,3} {4,1} {10,1}

coeff: -0.01713467
operators: {3,3} {5,3}

coeff: 0.586613494
operators: {3,3} {5,1} {7,1}

coeff: -0.620560041
operators: {3,3} {5,1} {9,1}

coeff: 0.629745437
operators: {3,3} {6,3}

coeff: -0.73229473
operators: {3,3} {6,1} {8,1}

coeff: 0.583380931
operators: {3,3} {7,3}

coeff: -0.464822704
operators: {3,3} {7,1} {9,1}

coeff: -10.6114822
operators: {3,3} {8,3}

coeff: -10.0608398
operators: {3,3} {9,3}

coeff: -10.6803207
operators: {3,3} {10,3}

coeff: -10.7307472
operators: {3,3} {11,3}

coeff: 0.522070603
operators: {4,7}

coeff: -1.05326173
operators: {4,5} {10,1}

coeff: 1.01640924
operators: {4,3} {5,3}

coeff: 2.8694418
operators: {4,3} {5,1} {7,1}

coeff: -2.26421629
operators: {4,3} {5,1} {9,1}

coeff: 2.82290435
operators: {4,3} {6,3}

coeff: -2.16890607
operators: {4,3} {6,1} {8,1}

coeff: 0.653938091
operators: {4,3} {7,3}

coeff: -1.42963897
operators: {4,3} {7,1} {9,1}

coeff: -6.73697303
operators: {4,3} {8,3}

coeff: -6.66001662
operators: {4,3} {9,3}

coeff: -7.07328418
operators: {4,3} {10,3}

coeff: -7.07560237
operators: {4,3} {11,3}

coeff: 0.138451241
operators: {4,1} {5,3} {10,1}

coeff: -1.05090099
operators: {4,1} {5,1} {6,1} {11,1}

coeff: 0.896401505
operators: {4,1} {5,1} {7,1} {10,1}

coeff: 19.44746
operators: {4,1} {5,1} {8,1} {11,1}

coeff: -19.5067212
operators: {4,1} {5,1} {9,1} {10,1}

coeff: 0.942401665
operators: {4,1} {6,3} {10,1}

coeff: -0.219874131
operators: {4,1} {6,1} {7,1} {11,1}

coeff: -28.6852274
operators: {4,1} {6,1} {8,1} {10,1}

coeff: 28.3727219
operators: {4,1} {6,1} {9,1} {11,1}

coeff: -0.909490902
operators: {4,1} {7,3} {10,1}

coeff: 20.7508271
operators: {4,1} {7,1} {8,1} {11,1}

coeff: -20.1798804
operators: {4,1} {7,1} {9,1} {10,1}

coeff: 1.43299831
operators: {4,1} {8,3} {10,1}

coeff: -3.44020404
operators: {4,1} {8,1} {9,1} {11,1}

coeff: 2.02160478
operators: {4,1} {9,3} {10,1}

coeff: -0.492376893
operators: {4,1} {10,5}

coeff: -1.43361326
operators: {4,1} {10,1} {11,3}

coeff: 0.278303187
operators: {5,7}

coeff: -0.556201486
operators: {5,5} {7,1}

coeff: 0.459449202
operators: {5,5} {9,1}

coeff: 0.270849193
operators: {5,3} {6,3}

coeff: 1.31958682
operators: {5,3} {6,1} {8,1}

coeff: 2.14662351
operators: {5,3} {7,3}

coeff: -0.0054511205
operators: {5,3} {7,1} {9,1}

coeff: -3.18596979
operators: {5,3} {8,3}

coeff: -3.02339367
operators: {5,3} {9,3}

coeff: -3.8947954
operators: {5,3} {10,3}

coeff: -3.83997057
operators: {5,3} {11,3}

coeff: 1.29547185
operators: {5,1} {6,3} {7,1}

coeff: 1.63060205
operators: {5,1} {6,3} {9,1}

coeff: 1.71785081
operators: {5,1} {6,1} {7,1} {8,1}

coeff: -18.0619433
operators: {5,1} {6,1} {8,1} {9,1}

coeff: 22.5679446
operators: {5,1} {6,1} {10,1} {11,1}

coeff: -1.6383404
operators: {5,1} {7,5}

coeff: 1.70921419
operators: {5,1} {7,3} {9,1}

coeff: -6.63746094
operators: {5,1} {7,1} {8,3}

coeff: -6.85696808
operators: {5,1} {7,1} {9,3}

coeff: -8.19502665
operators: {5,1} {7,1} {10,3}

coeff: -8.31737984
operators: {5,1} {7,1} {11,3}

coeff: -0.203495947
operators: {5,1} {8,3} {9,1}

coeff: 4.70290325
operators: {5,1} {8,1} {10,1} {11,1}

coeff: 0.0811578932
operators: {5,1} {9,5}

coeff: -2.17640676
operators: {5,1} {9,1} {10,3}

coeff: -2.1975688
operators: {5,1} {9,1} {11,3}

coeff: 0.286873328
operators: {6,7}

coeff: 0.862279664
operators: {6,5} {8,1}

coeff: 0.898205533
operators: {6,3} {7,3}

coeff: 1.41184527
operators: {6,3} {7,1} {9,1}

coeff: -6.76873678
operators: {6,3} {8,3}

coeff: -6.80222217
operators: {6,3} {9,3}

coeff: -8.61577629
operators: {6,3} {10,3}

coeff: -8.49417873
operators: {6,3} {11,3}

coeff: 0.237233809
operators: {6,1} {7,3} {8,1}

coeff: -19.5361841
operators: {6,1} {7,1} {8,1} {9,1}

coeff: 24.9589891
operators: {6,1} {7,1} {10,1} {11,1}

coeff: 0.24955443
operators: {6,1} {8,5}

coeff: 1.30854206
operators: {6,1} {8,1} {9,3}

coeff: -2.10993706
operators: {6,1} {8,1} {10,3}

coeff: -2.04101824
operators: {6,1} {8,1} {11,3}

coeff: 3.42881157
operators: {6,1} {9,1} {10,1} {11,1}

coeff: 0.70798856
operators: {7,7}

coeff: -0.53095706
operators: {7,5} {9,1}

coeff: -3.66987782
operators: {7,3} {8,3}

coeff: -3.41210661
operators: {7,3} {9,3}

coeff: -4.757448
operators: {7,3} {10,3}

coeff: -4.66876093
operators: {7,3} {11,3}

coeff: 2.82160752
operators: {7,1} {8,3} {9,1}

coeff: -1.4356564
operators: {7,1} {8,1} {10,1} {11,1}

coeff: 1.11416579
operators: {7,1} {9,5}

coeff: 1.16853839
operators: {7,1} {9,1} {10,3}

coeff: 0.996510417
operators: {7,1} {9,1} {11,3}

coeff: 2.63841745
operators: {8,7}

coeff: 15.6207957
operators: {8,3} {9,3}

coeff: 17.06756
operators: {8,3} {10,3}

coeff: 16.8757396
operators: {8,3} {11,3}

coeff: -67.725222
operators: {8,1} {9,1} {10,1} {11,1}

coeff: 2.49209421
operators: {9,7}

coeff: 16.8853843
operators: {9,3} {10,3}

coeff: 16.7322201
operators: {9,3} {11,3}

coeff: 3.00675328
operators: {10,7}

coeff: 17.8063163
operators: {10,3} {11,3}

coeff: 2.93599421
operators: {11,7}

MPO Bond 0: 20/0
MPO Bond 1: 23/0
MPO Bond 2: 30/0
MPO Bond 3: 27/0
MPO Bond 4: 29/0
MPO Bond 5: 33/0
MPO Bond 6: 37/0
MPO Bond 7: 31/0
MPO Bond 8: 33/0
MPO Bond 9: 20/0
MPO Bond 10: 5/0
MPO Bond 11: 1/0
MPS initialization has finished...
TSMPOTensor: 1x23,  23 operators, 23 tags
TSMPOTensor: 20x30,  46 operators, 46 tags
TSMPOTensor: 23x27,  51 operators, 51 tags
TSMPOTensor: 30x29,  65 operators, 65 tags
TSMPOTensor: 27x33,  72 operators, 72 tags
TSMPOTensor: 29x37,  81 operators, 81 tags
TSMPOTensor: 33x31,  81 operators, 81 tags
TSMPOTensor: 37x33,  84 operators, 84 tags
TSMPOTensor: 31x20,  62 operators, 62 tags
TSMPOTensor: 33x5,  38 operators, 38 tags
TSMPOTensor: 20x1,  20 operators, 20 tags
Total number of tags: 623

+----------------------------------+
 NEW SwEEP-BASED SIMULATION STARTED
+----------------------------------+

 Simulation settings:
 - Simulation type: Optimization
 - Sweep-based modality: Two site
 Updating right boundary for site 11
 Updating right boundary for site 10
 Updating right boundary for site 9
 Updating right boundary for site 8
 Updating right boundary for site 7
 Updating right boundary for site 6
 Updating right boundary for site 5
 Updating right boundary for site 4
 Updating right boundary for site 3
 Updating right boundary for site 2
 Updating right boundary for site 1

 -------------------
   SWEEP NUMBER 0
 -------------------
 - Noise parameter: 0.01
 - Maximum bond dimension: 100
 - Truncation parameter: 0

 MICROITERATION NUMBER = 0  , forward sweep
 - Optimization centered on site: 0
 - Left boundaries taken from index: 0
 - Right boundaries taken from index: 2

 Jacobi-Davidson diagonalization converged after 10 iterations.
 Energy = 28984.96885671381
 Updating left boundary for site 1

 MICROITERATION NUMBER = 1  , forward sweep
 - Optimization centered on site: 1
 - Left boundaries taken from index: 1
 - Right boundaries taken from index: 3

 Jacobi-Davidson diagonalization converged after 10 iterations.
 Energy = 28881.65318258476
 Updating left boundary for site 2

 MICROITERATION NUMBER = 2  , forward sweep
 - Optimization centered on site: 2
 - Left boundaries taken from index: 2
 - Right boundaries taken from index: 4

 Jacobi-Davidson diagonalization converged after 10 iterations.
 Energy = 27865.23885583302
 Updating left boundary for site 3

 MICROITERATION NUMBER = 3  , forward sweep
 - Optimization centered on site: 3
 - Left boundaries taken from index: 3
 - Right boundaries taken from index: 5

 Jacobi-Davidson diagonalization converged after 10 iterations.
 Energy = 27072.20857059555
 Updating left boundary for site 4

 MICROITERATION NUMBER = 4  , forward sweep
 - Optimization centered on site: 4
 - Left boundaries taken from index: 4
 - Right boundaries taken from index: 6

 Jacobi-Davidson diagonalization converged after 10 iterations.
 Energy = 24194.57822122581
 Updating left boundary for site 5

 MICROITERATION NUMBER = 5  , forward sweep
 - Optimization centered on site: 5
 - Left boundaries taken from index: 5
 - Right boundaries taken from index: 7

 Jacobi-Davidson diagonalization converged after 10 iterations.
 Energy = 23211.61989992034
 Updating left boundary for site 6

 MICROITERATION NUMBER = 6  , forward sweep
 - Optimization centered on site: 6
 - Left boundaries taken from index: 6
 - Right boundaries taken from index: 8

 Jacobi-Davidson diagonalization converged after 10 iterations.
 Energy = 19233.34870178473
 Updating left boundary for site 7

 MICROITERATION NUMBER = 7  , forward sweep
 - Optimization centered on site: 7
 - Left boundaries taken from index: 7
 - Right boundaries taken from index: 9

 Jacobi-Davidson diagonalization converged after 10 iterations.
 Energy = 16391.11226398066
 Updating left boundary for site 8

 MICROITERATION NUMBER = 8  , forward sweep
 - Optimization centered on site: 8
 - Left boundaries taken from index: 8
 - Right boundaries taken from index: 10

 Jacobi-Davidson diagonalization converged after 10 iterations.
 Energy = 13351.42662864684
 Updating left boundary for site 9

 MICROITERATION NUMBER = 9  , forward sweep
 - Optimization centered on site: 9
 - Left boundaries taken from index: 9
 - Right boundaries taken from index: 11

 Jacobi-Davidson diagonalization converged after 10 iterations.
 Energy = 11612.81767853351
 Updating left boundary for site 10

 MICROITERATION NUMBER = 10  , forward sweep
 - Optimization centered on site: 10
 - Left boundaries taken from index: 10
 - Right boundaries taken from index: 12

 Jacobi-Davidson diagonalization converged after 10 iterations.
 Energy = 11612.76935534945
 Updating left boundary for site 11

 MICROITERATION NUMBER = 11  , backward sweep
 - Optimization centered on site: 11
 - Left boundaries taken from index: 10
 - Right boundaries taken from index: 12

 Jacobi-Davidson diagonalization converged after 10 iterations.
 Energy = 11612.76935504232
 Updating right boundary for site 11

 MICROITERATION NUMBER = 12  , backward sweep
 - Optimization centered on site: 10
 - Left boundaries taken from index: 9
 - Right boundaries taken from index: 11

 Jacobi-Davidson diagonalization converged after 10 iterations.
 Energy = 11612.74721611602
 Updating right boundary for site 10

 MICROITERATION NUMBER = 13  , backward sweep
 - Optimization centered on site: 9
 - Left boundaries taken from index: 8
 - Right boundaries taken from index: 10

 Jacobi-Davidson diagonalization converged after 10 iterations.
 Energy = 11612.40770494936
 Updating right boundary for site 9

 MICROITERATION NUMBER = 14  , backward sweep
 - Optimization centered on site: 8
 - Left boundaries taken from index: 7
 - Right boundaries taken from index: 9

 Jacobi-Davidson diagonalization converged after 10 iterations.
 Energy = 11611.49562073307
 Updating right boundary for site 8

 MICROITERATION NUMBER = 15  , backward sweep
 - Optimization centered on site: 7
 - Left boundaries taken from index: 6
 - Right boundaries taken from index: 8

 Jacobi-Davidson diagonalization converged after 10 iterations.
 Energy = 11598.57523262216
 Updating right boundary for site 7

 MICROITERATION NUMBER = 16  , backward sweep
 - Optimization centered on site: 6
 - Left boundaries taken from index: 5
 - Right boundaries taken from index: 7

 Jacobi-Davidson diagonalization converged after 10 iterations.
 Energy = 11433.49878788431
 Updating right boundary for site 6

 MICROITERATION NUMBER = 17  , backward sweep
 - Optimization centered on site: 5
 - Left boundaries taken from index: 4
 - Right boundaries taken from index: 6

 Jacobi-Davidson diagonalization converged after 10 iterations.
 Energy = 11356.07184976261
 Updating right boundary for site 5

 MICROITERATION NUMBER = 18  , backward sweep
 - Optimization centered on site: 4
 - Left boundaries taken from index: 3
 - Right boundaries taken from index: 5

 Jacobi-Davidson diagonalization converged after 10 iterations.
 Energy = 11152.44631558705
 Updating right boundary for site 4

 MICROITERATION NUMBER = 19  , backward sweep
 - Optimization centered on site: 3
 - Left boundaries taken from index: 2
 - Right boundaries taken from index: 4

 Jacobi-Davidson diagonalization converged after 10 iterations.
 Energy = 11010.69984699014
 Updating right boundary for site 3

 MICROITERATION NUMBER = 20  , backward sweep
 - Optimization centered on site: 2
 - Left boundaries taken from index: 1
 - Right boundaries taken from index: 3

 Jacobi-Davidson diagonalization converged after 10 iterations.
 Energy = 11010.65167798987
 Updating right boundary for site 2

 MICROITERATION NUMBER = 21  , backward sweep
 - Optimization centered on site: 1
 - Left boundaries taken from index: 0
 - Right boundaries taken from index: 2

 Jacobi-Davidson diagonalization converged after 10 iterations.
 Energy = 11010.65161514038
 Updating right boundary for site 1


 -------------------
   SWEEP NUMBER 1
 -------------------
 - Noise parameter: 0.01
 - Maximum bond dimension: 100
 - Truncation parameter: 0

 MICROITERATION NUMBER = 0  , forward sweep
 - Optimization centered on site: 0
 - Left boundaries taken from index: 0
 - Right boundaries taken from index: 2

 Jacobi-Davidson diagonalization converged after 6 iterations.
 Energy = 11010.65161513746
 Updating left boundary for site 1

 MICROITERATION NUMBER = 1  , forward sweep
 - Optimization centered on site: 1
 - Left boundaries taken from index: 1
 - Right boundaries taken from index: 3

 Jacobi-Davidson diagonalization converged after 10 iterations.
 Energy = 11010.65157925024
 Updating left boundary for site 2

 MICROITERATION NUMBER = 2  , forward sweep
 - Optimization centered on site: 2
 - Left boundaries taken from index: 2
 - Right boundaries taken from index: 4

 Jacobi-Davidson diagonalization converged after 10 iterations.
 Energy = 11010.64910191494
 Updating left boundary for site 3

 MICROITERATION NUMBER = 3  , forward sweep
 - Optimization centered on site: 3
 - Left boundaries taken from index: 3
 - Right boundaries taken from index: 5

 Jacobi-Davidson diagonalization converged after 10 iterations.
 Energy = 11010.61939881472
 Updating left boundary for site 4

 MICROITERATION NUMBER = 4  , forward sweep
 - Optimization centered on site: 4
 - Left boundaries taken from index: 4
 - Right boundaries taken from index: 6

 Jacobi-Davidson diagonalization converged after 10 iterations.
 Energy = 11010.53950297984
 Updating left boundary for site 5

 MICROITERATION NUMBER = 5  , forward sweep
 - Optimization centered on site: 5
 - Left boundaries taken from index: 5
 - Right boundaries taken from index: 7

 Jacobi-Davidson diagonalization converged after 10 iterations.
 Energy = 11010.17344216728
 Updating left boundary for site 6

 MICROITERATION NUMBER = 6  , forward sweep
 - Optimization centered on site: 6
 - Left boundaries taken from index: 6
 - Right boundaries taken from index: 8

 Jacobi-Davidson diagonalization converged after 10 iterations.
 Energy = 11009.86370737838
 Updating left boundary for site 7

 MICROITERATION NUMBER = 7  , forward sweep
 - Optimization centered on site: 7
 - Left boundaries taken from index: 7
 - Right boundaries taken from index: 9

 Jacobi-Davidson diagonalization converged after 10 iterations.
 Energy = 11009.85544703556
 Updating left boundary for site 8

 MICROITERATION NUMBER = 8  , forward sweep
 - Optimization centered on site: 8
 - Left boundaries taken from index: 8
 - Right boundaries taken from index: 10

 Jacobi-Davidson diagonalization converged after 10 iterations.
 Energy = 11009.85544651487
 Updating left boundary for site 9

 MICROITERATION NUMBER = 9  , forward sweep
 - Optimization centered on site: 9
 - Left boundaries taken from index: 9
 - Right boundaries taken from index: 11

 Jacobi-Davidson diagonalization converged after 10 iterations.
 Energy = 11009.85544651673
 Updating left boundary for site 10

 MICROITERATION NUMBER = 10  , forward sweep
 - Optimization centered on site: 10
 - Left boundaries taken from index: 10
 - Right boundaries taken from index: 12

 Jacobi-Davidson diagonalization converged after 1 iterations.
 Energy = 11009.85544651418
 Updating left boundary for site 11

 MICROITERATION NUMBER = 11  , backward sweep
 - Optimization centered on site: 11
 - Left boundaries taken from index: 10
 - Right boundaries taken from index: 12

 Jacobi-Davidson diagonalization converged after 1 iterations.
 Energy = 11009.85544651418
 Updating right boundary for site 11

 MICROITERATION NUMBER = 12  , backward sweep
 - Optimization centered on site: 10
 - Left boundaries taken from index: 9
 - Right boundaries taken from index: 11

 Jacobi-Davidson diagonalization converged after 1 iterations.
 Energy = 11009.85544651417
 Updating right boundary for site 10

 MICROITERATION NUMBER = 13  , backward sweep
 - Optimization centered on site: 9
 - Left boundaries taken from index: 8
 - Right boundaries taken from index: 10

 Jacobi-Davidson diagonalization converged after 10 iterations.
 Energy = 11009.85544651515
 Updating right boundary for site 9

 MICROITERATION NUMBER = 14  , backward sweep
 - Optimization centered on site: 8
 - Left boundaries taken from index: 7
 - Right boundaries taken from index: 9

 Jacobi-Davidson diagonalization converged after 10 iterations.
 Energy = 11009.85544647737
 Updating right boundary for site 8

 MICROITERATION NUMBER = 15  , backward sweep
 - Optimization centered on site: 7
 - Left boundaries taken from index: 6
 - Right boundaries taken from index: 8

 Jacobi-Davidson diagonalization converged after 10 iterations.
 Energy = 11009.85535160144
 Updating right boundary for site 7

 MICROITERATION NUMBER = 16  , backward sweep
 - Optimization centered on site: 6
 - Left boundaries taken from index: 5
 - Right boundaries taken from index: 7

 Jacobi-Davidson diagonalization converged after 10 iterations.
 Energy = 11009.85497014007
 Updating right boundary for site 6

 MICROITERATION NUMBER = 17  , backward sweep
 - Optimization centered on site: 5
 - Left boundaries taken from index: 4
 - Right boundaries taken from index: 6

 Jacobi-Davidson diagonalization converged after 10 iterations.
 Energy = 11009.85502541612
 Updating right boundary for site 5

 MICROITERATION NUMBER = 18  , backward sweep
 - Optimization centered on site: 4
 - Left boundaries taken from index: 3
 - Right boundaries taken from index: 5

 Jacobi-Davidson diagonalization converged after 9 iterations.
 Energy = 11009.85502584222
 Updating right boundary for site 4

 MICROITERATION NUMBER = 19  , backward sweep
 - Optimization centered on site: 3
 - Left boundaries taken from index: 2
 - Right boundaries taken from index: 4

 Jacobi-Davidson diagonalization converged after 1 iterations.
 Energy = 11009.85502584519
 Updating right boundary for site 3

 MICROITERATION NUMBER = 20  , backward sweep
 - Optimization centered on site: 2
 - Left boundaries taken from index: 1
 - Right boundaries taken from index: 3

 Jacobi-Davidson diagonalization converged after 1 iterations.
 Energy = 11009.85502584524
 Updating right boundary for site 2

 MICROITERATION NUMBER = 21  , backward sweep
 - Optimization centered on site: 1
 - Left boundaries taken from index: 0
 - Right boundaries taken from index: 2

 Jacobi-Davidson diagonalization converged after 1 iterations.
 Energy = 11009.85502584523
 Updating right boundary for site 1


 -------------------
   SWEEP NUMBER 2
 -------------------
 - Noise parameter: 0.0001
 - Maximum bond dimension: 100
 - Truncation parameter: 0

 MICROITERATION NUMBER = 0  , forward sweep
 - Optimization centered on site: 0
 - Left boundaries taken from index: 0
 - Right boundaries taken from index: 2

 Jacobi-Davidson diagonalization converged after 1 iterations.
 Energy = 11009.85502584523
 Updating left boundary for site 1

 MICROITERATION NUMBER = 1  , forward sweep
 - Optimization centered on site: 1
 - Left boundaries taken from index: 1
 - Right boundaries taken from index: 3

 Jacobi-Davidson diagonalization converged after 1 iterations.
 Energy = 11009.85502584525
 Updating left boundary for site 2

 MICROITERATION NUMBER = 2  , forward sweep
 - Optimization centered on site: 2
 - Left boundaries taken from index: 2
 - Right boundaries taken from index: 4

 Jacobi-Davidson diagonalization converged after 1 iterations.
 Energy = 11009.85502584521
 Updating left boundary for site 3

 MICROITERATION NUMBER = 3  , forward sweep
 - Optimization centered on site: 3
 - Left boundaries taken from index: 3
 - Right boundaries taken from index: 5

 Jacobi-Davidson diagonalization converged after 1 iterations.
 Energy = 11009.85502584503
 Updating left boundary for site 4

 MICROITERATION NUMBER = 4  , forward sweep
 - Optimization centered on site: 4
 - Left boundaries taken from index: 4
 - Right boundaries taken from index: 6

 Jacobi-Davidson diagonalization converged after 7 iterations.
 Energy = 11009.85502541859
 Updating left boundary for site 5

 MICROITERATION NUMBER = 5  , forward sweep
 - Optimization centered on site: 5
 - Left boundaries taken from index: 5
 - Right boundaries taken from index: 7

 Jacobi-Davidson diagonalization converged after 10 iterations.
 Energy = 11009.85495333464
 Updating left boundary for site 6

 MICROITERATION NUMBER = 6  , forward sweep
 - Optimization centered on site: 6
 - Left boundaries taken from index: 6
 - Right boundaries taken from index: 8

 Jacobi-Davidson diagonalization converged after 10 iterations.
 Energy = 11009.85498771382
 Updating left boundary for site 7

 MICROITERATION NUMBER = 7  , forward sweep
 - Optimization centered on site: 7
 - Left boundaries taken from index: 7
 - Right boundaries taken from index: 9

 Jacobi-Davidson diagonalization converged after 9 iterations.
 Energy = 11009.85502371679
 Updating left boundary for site 8

 MICROITERATION NUMBER = 8  , forward sweep
 - Optimization centered on site: 8
 - Left boundaries taken from index: 8
 - Right boundaries taken from index: 10

 Jacobi-Davidson diagonalization converged after 1 iterations.
 Energy = 11009.85502371374
 Updating left boundary for site 9

 MICROITERATION NUMBER = 9  , forward sweep
 - Optimization centered on site: 9
 - Left boundaries taken from index: 9
 - Right boundaries taken from index: 11

 Jacobi-Davidson diagonalization converged after 1 iterations.
 Energy = 11009.85502371382
 Updating left boundary for site 10

 MICROITERATION NUMBER = 10  , forward sweep
 - Optimization centered on site: 10
 - Left boundaries taken from index: 10
 - Right boundaries taken from index: 12

 Jacobi-Davidson diagonalization converged after 1 iterations.
 Energy = 11009.85502371382
 Updating left boundary for site 11

 MICROITERATION NUMBER = 11  , backward sweep
 - Optimization centered on site: 11
 - Left boundaries taken from index: 10
 - Right boundaries taken from index: 12

 Jacobi-Davidson diagonalization converged after 1 iterations.
 Energy = 11009.85502371382
 Updating right boundary for site 11

 MICROITERATION NUMBER = 12  , backward sweep
 - Optimization centered on site: 10
 - Left boundaries taken from index: 9
 - Right boundaries taken from index: 11

 Jacobi-Davidson diagonalization converged after 1 iterations.
 Energy = 11009.85502371382
 Updating right boundary for site 10

 MICROITERATION NUMBER = 13  , backward sweep
 - Optimization centered on site: 9
 - Left boundaries taken from index: 8
 - Right boundaries taken from index: 10

 Jacobi-Davidson diagonalization converged after 1 iterations.
 Energy = 11009.85502371382
 Updating right boundary for site 9

 MICROITERATION NUMBER = 14  , backward sweep
 - Optimization centered on site: 8
 - Left boundaries taken from index: 7
 - Right boundaries taken from index: 9

 Jacobi-Davidson diagonalization converged after 1 iterations.
 Energy = 11009.85502371347
 Updating right boundary for site 8

 MICROITERATION NUMBER = 15  , backward sweep
 - Optimization centered on site: 7
 - Left boundaries taken from index: 6
 - Right boundaries taken from index: 8

 Jacobi-Davidson diagonalization converged after 10 iterations.
 Energy = 11009.85498771059
 Updating right boundary for site 7

 MICROITERATION NUMBER = 16  , backward sweep
 - Optimization centered on site: 6
 - Left boundaries taken from index: 5
 - Right boundaries taken from index: 7

 Jacobi-Davidson diagonalization converged after 10 iterations.
 Energy = 11009.85495000768
 Updating right boundary for site 6

 MICROITERATION NUMBER = 17  , backward sweep
 - Optimization centered on site: 5
 - Left boundaries taken from index: 4
 - Right boundaries taken from index: 6

 Jacobi-Davidson diagonalization converged after 9 iterations.
 Energy = 11009.85502191517
 Updating right boundary for site 5

 MICROITERATION NUMBER = 18  , backward sweep
 - Optimization centered on site: 4
 - Left boundaries taken from index: 3
 - Right boundaries taken from index: 5

 Jacobi-Davidson diagonalization converged after 5 iterations.
 Energy = 11009.85502234164
 Updating right boundary for site 4

 MICROITERATION NUMBER = 19  , backward sweep
 - Optimization centered on site: 3
 - Left boundaries taken from index: 2
 - Right boundaries taken from index: 4

 Jacobi-Davidson diagonalization converged after 1 iterations.
 Energy = 11009.85502234324
 Updating right boundary for site 3

 MICROITERATION NUMBER = 20  , backward sweep
 - Optimization centered on site: 2
 - Left boundaries taken from index: 1
 - Right boundaries taken from index: 3

 Jacobi-Davidson diagonalization converged after 1 iterations.
 Energy = 11009.85502234325
 Updating right boundary for site 2

 MICROITERATION NUMBER = 21  , backward sweep
 - Optimization centered on site: 1
 - Left boundaries taken from index: 0
 - Right boundaries taken from index: 2

 Jacobi-Davidson diagonalization converged after 1 iterations.
 Energy = 11009.85502234325
 Updating right boundary for site 1


 -------------------
   SWEEP NUMBER 3
 -------------------
 - Noise parameter: 0.0001
 - Maximum bond dimension: 100
 - Truncation parameter: 0

 MICROITERATION NUMBER = 0  , forward sweep
 - Optimization centered on site: 0
 - Left boundaries taken from index: 0
 - Right boundaries taken from index: 2

 Jacobi-Davidson diagonalization converged after 1 iterations.
 Energy = 11009.85502234325
 Updating left boundary for site 1

 MICROITERATION NUMBER = 1  , forward sweep
 - Optimization centered on site: 1
 - Left boundaries taken from index: 1
 - Right boundaries taken from index: 3

 Jacobi-Davidson diagonalization converged after 1 iterations.
 Energy = 11009.85502234324
 Updating left boundary for site 2

 MICROITERATION NUMBER = 2  , forward sweep
 - Optimization centered on site: 2
 - Left boundaries taken from index: 2
 - Right boundaries taken from index: 4

 Jacobi-Davidson diagonalization converged after 1 iterations.
 Energy = 11009.85502234326
 Updating left boundary for site 3

 MICROITERATION NUMBER = 3  , forward sweep
 - Optimization centered on site: 3
 - Left boundaries taken from index: 3
 - Right boundaries taken from index: 5

 Jacobi-Davidson diagonalization converged after 1 iterations.
 Energy = 11009.85502234307
 Updating left boundary for site 4

 MICROITERATION NUMBER = 4  , forward sweep
 - Optimization centered on site: 4
 - Left boundaries taken from index: 4
 - Right boundaries taken from index: 6

 Jacobi-Davidson diagonalization converged after 7 iterations.
 Energy = 11009.85502191145
 Updating left boundary for site 5

 MICROITERATION NUMBER = 5  , forward sweep
 - Optimization centered on site: 5
 - Left boundaries taken from index: 5
 - Right boundaries taken from index: 7

 Jacobi-Davidson diagonalization converged after 10 iterations.
 Energy = 11009.85495000597
 Updating left boundary for site 6

 MICROITERATION NUMBER = 6  , forward sweep
 - Optimization centered on site: 6
 - Left boundaries taken from index: 6
 - Right boundaries taken from index: 8

 Jacobi-Davidson diagonalization converged after 10 iterations.
 Energy = 11009.85498745973
 Updating left boundary for site 7

 MICROITERATION NUMBER = 7  , forward sweep
 - Optimization centered on site: 7
 - Left boundaries taken from index: 7
 - Right boundaries taken from index: 9

 Jacobi-Davidson diagonalization converged after 9 iterations.
 Energy = 11009.8550234847
 Updating left boundary for site 8

 MICROITERATION NUMBER = 8  , forward sweep
 - Optimization centered on site: 8
 - Left boundaries taken from index: 8
 - Right boundaries taken from index: 10

 Jacobi-Davidson diagonalization converged after 1 iterations.
 Energy = 11009.85502348417
 Updating left boundary for site 9

 MICROITERATION NUMBER = 9  , forward sweep
 - Optimization centered on site: 9
 - Left boundaries taken from index: 9
 - Right boundaries taken from index: 11

 Jacobi-Davidson diagonalization converged after 1 iterations.
 Energy = 11009.8550234842
 Updating left boundary for site 10

 MICROITERATION NUMBER = 10  , forward sweep
 - Optimization centered on site: 10
 - Left boundaries taken from index: 10
 - Right boundaries taken from index: 12

 Jacobi-Davidson diagonalization converged after 1 iterations.
 Energy = 11009.8550234842
 Updating left boundary for site 11

 MICROITERATION NUMBER = 11  , backward sweep
 - Optimization centered on site: 11
 - Left boundaries taken from index: 10
 - Right boundaries taken from index: 12

 Jacobi-Davidson diagonalization converged after 1 iterations.
 Energy = 11009.85502348421
 Updating right boundary for site 11

 MICROITERATION NUMBER = 12  , backward sweep
 - Optimization centered on site: 10
 - Left boundaries taken from index: 9
 - Right boundaries taken from index: 11

 Jacobi-Davidson diagonalization converged after 1 iterations.
 Energy = 11009.85502348421
 Updating right boundary for site 10

 MICROITERATION NUMBER = 13  , backward sweep
 - Optimization centered on site: 9
 - Left boundaries taken from index: 8
 - Right boundaries taken from index: 10

 Jacobi-Davidson diagonalization converged after 1 iterations.
 Energy = 11009.85502348415
 Updating right boundary for site 9

 MICROITERATION NUMBER = 14  , backward sweep
 - Optimization centered on site: 8
 - Left boundaries taken from index: 7
 - Right boundaries taken from index: 9

 Jacobi-Davidson diagonalization converged after 1 iterations.
 Energy = 11009.85502348405
 Updating right boundary for site 8

 MICROITERATION NUMBER = 15  , backward sweep
 - Optimization centered on site: 7
 - Left boundaries taken from index: 6
 - Right boundaries taken from index: 8

 Jacobi-Davidson diagonalization converged after 10 iterations.
 Energy = 11009.85498745263
 Updating right boundary for site 7

 MICROITERATION NUMBER = 16  , backward sweep
 - Optimization centered on site: 6
 - Left boundaries taken from index: 5
 - Right boundaries taken from index: 7

 Jacobi-Davidson diagonalization converged after 10 iterations.
 Energy = 11009.85495000598
 Updating right boundary for site 6

 MICROITERATION NUMBER = 17  , backward sweep
 - Optimization centered on site: 5
 - Left boundaries taken from index: 4
 - Right boundaries taken from index: 6

 Jacobi-Davidson diagonalization converged after 9 iterations.
 Energy = 11009.85502187996
 Updating right boundary for site 5

 MICROITERATION NUMBER = 18  , backward sweep
 - Optimization centered on site: 4
 - Left boundaries taken from index: 3
 - Right boundaries taken from index: 5

 Jacobi-Davidson diagonalization converged after 5 iterations.
 Energy = 11009.85502230969
 Updating right boundary for site 4

 MICROITERATION NUMBER = 19  , backward sweep
 - Optimization centered on site: 3
 - Left boundaries taken from index: 2
 - Right boundaries taken from index: 4

 Jacobi-Davidson diagonalization converged after 1 iterations.
 Energy = 11009.85502231152
 Updating right boundary for site 3

 MICROITERATION NUMBER = 20  , backward sweep
 - Optimization centered on site: 2
 - Left boundaries taken from index: 1
 - Right boundaries taken from index: 3

 Jacobi-Davidson diagonalization converged after 1 iterations.
 Energy = 11009.85502231152
 Updating right boundary for site 2

 MICROITERATION NUMBER = 21  , backward sweep
 - Optimization centered on site: 1
 - Left boundaries taken from index: 0
 - Right boundaries taken from index: 2

 Jacobi-Davidson diagonalization converged after 1 iterations.
 Energy = 11009.85502231153
 Updating right boundary for site 1


 -------------------
   SWEEP NUMBER 4
 -------------------
 - Noise parameter: 1e-08
 - Maximum bond dimension: 100
 - Truncation parameter: 0

 MICROITERATION NUMBER = 0  , forward sweep
 - Optimization centered on site: 0
 - Left boundaries taken from index: 0
 - Right boundaries taken from index: 2

 Jacobi-Davidson diagonalization converged after 1 iterations.
 Energy = 11009.85502231153
 Updating left boundary for site 1

 MICROITERATION NUMBER = 1  , forward sweep
 - Optimization centered on site: 1
 - Left boundaries taken from index: 1
 - Right boundaries taken from index: 3

 Jacobi-Davidson diagonalization converged after 1 iterations.
 Energy = 11009.85502231152
 Updating left boundary for site 2

 MICROITERATION NUMBER = 2  , forward sweep
 - Optimization centered on site: 2
 - Left boundaries taken from index: 2
 - Right boundaries taken from index: 4

 Jacobi-Davidson diagonalization converged after 1 iterations.
 Energy = 11009.85502231151
 Updating left boundary for site 3

 MICROITERATION NUMBER = 3  , forward sweep
 - Optimization centered on site: 3
 - Left boundaries taken from index: 3
 - Right boundaries taken from index: 5

 Jacobi-Davidson diagonalization converged after 1 iterations.
 Energy = 11009.85502231148
 Updating left boundary for site 4

 MICROITERATION NUMBER = 4  , forward sweep
 - Optimization centered on site: 4
 - Left boundaries taken from index: 4
 - Right boundaries taken from index: 6

 Jacobi-Davidson diagonalization converged after 7 iterations.
 Energy = 11009.85502188105
 Updating left boundary for site 5

 MICROITERATION NUMBER = 5  , forward sweep
 - Optimization centered on site: 5
 - Left boundaries taken from index: 5
 - Right boundaries taken from index: 7

 Jacobi-Davidson diagonalization converged after 10 iterations.
 Energy = 11009.85495001213
 Updating left boundary for site 6

 MICROITERATION NUMBER = 6  , forward sweep
 - Optimization centered on site: 6
 - Left boundaries taken from index: 6
 - Right boundaries taken from index: 8

 Jacobi-Davidson diagonalization converged after 10 iterations.
 Energy = 11009.85498745489
 Updating left boundary for site 7

 MICROITERATION NUMBER = 7  , forward sweep
 - Optimization centered on site: 7
 - Left boundaries taken from index: 7
 - Right boundaries taken from index: 9

 Jacobi-Davidson diagonalization converged after 9 iterations.
 Energy = 11009.85502347549
 Updating left boundary for site 8

 MICROITERATION NUMBER = 8  , forward sweep
 - Optimization centered on site: 8
 - Left boundaries taken from index: 8
 - Right boundaries taken from index: 10

 Jacobi-Davidson diagonalization converged after 1 iterations.
 Energy = 11009.85502347909
 Updating left boundary for site 9

 MICROITERATION NUMBER = 9  , forward sweep
 - Optimization centered on site: 9
 - Left boundaries taken from index: 9
 - Right boundaries taken from index: 11

 Jacobi-Davidson diagonalization converged after 1 iterations.
 Energy = 11009.85502347916
 Updating left boundary for site 10

 MICROITERATION NUMBER = 10  , forward sweep
 - Optimization centered on site: 10
 - Left boundaries taken from index: 10
 - Right boundaries taken from index: 12

 Jacobi-Davidson diagonalization converged after 1 iterations.
 Energy = 11009.85502347917
 Updating left boundary for site 11

 MICROITERATION NUMBER = 11  , backward sweep
 - Optimization centered on site: 11
 - Left boundaries taken from index: 10
 - Right boundaries taken from index: 12

 Jacobi-Davidson diagonalization converged after 1 iterations.
 Energy = 11009.85502347917
 Updating right boundary for site 11

 MICROITERATION NUMBER = 12  , backward sweep
 - Optimization centered on site: 10
 - Left boundaries taken from index: 9
 - Right boundaries taken from index: 11

 Jacobi-Davidson diagonalization converged after 1 iterations.
 Energy = 11009.85502347917
 Updating right boundary for site 10

 MICROITERATION NUMBER = 13  , backward sweep
 - Optimization centered on site: 9
 - Left boundaries taken from index: 8
 - Right boundaries taken from index: 10

 Jacobi-Davidson diagonalization converged after 1 iterations.
 Energy = 11009.85502347907
 Updating right boundary for site 9

 MICROITERATION NUMBER = 14  , backward sweep
 - Optimization centered on site: 8
 - Left boundaries taken from index: 7
 - Right boundaries taken from index: 9

 Jacobi-Davidson diagonalization converged after 1 iterations.
 Energy = 11009.85502347903
 Updating right boundary for site 8

 MICROITERATION NUMBER = 15  , backward sweep
 - Optimization centered on site: 7
 - Left boundaries taken from index: 6
 - Right boundaries taken from index: 8

 Jacobi-Davidson diagonalization converged after 10 iterations.
 Energy = 11009.85498745603
 Updating right boundary for site 7

 MICROITERATION NUMBER = 16  , backward sweep
 - Optimization centered on site: 6
 - Left boundaries taken from index: 5
 - Right boundaries taken from index: 7

 Jacobi-Davidson diagonalization converged after 10 iterations.
 Energy = 11009.85495001871
 Updating right boundary for site 6

 MICROITERATION NUMBER = 17  , backward sweep
 - Optimization centered on site: 5
 - Left boundaries taken from index: 4
 - Right boundaries taken from index: 6

 Jacobi-Davidson diagonalization converged after 9 iterations.
 Energy = 11009.85502188057
 Updating right boundary for site 5

 MICROITERATION NUMBER = 18  , backward sweep
 - Optimization centered on site: 4
 - Left boundaries taken from index: 3
 - Right boundaries taken from index: 5

 Jacobi-Davidson diagonalization converged after 5 iterations.
 Energy = 11009.8550223134
 Updating right boundary for site 4

 MICROITERATION NUMBER = 19  , backward sweep
 - Optimization centered on site: 3
 - Left boundaries taken from index: 2
 - Right boundaries taken from index: 4

 Jacobi-Davidson diagonalization converged after 1 iterations.
 Energy = 11009.85502231058
 Updating right boundary for site 3

 MICROITERATION NUMBER = 20  , backward sweep
 - Optimization centered on site: 2
 - Left boundaries taken from index: 1
 - Right boundaries taken from index: 3

 Jacobi-Davidson diagonalization converged after 1 iterations.
 Energy = 11009.8550223106
 Updating right boundary for site 2

 MICROITERATION NUMBER = 21  , backward sweep
 - Optimization centered on site: 1
 - Left boundaries taken from index: 0
 - Right boundaries taken from index: 2

 Jacobi-Davidson diagonalization converged after 1 iterations.
 Energy = 11009.8550223106
 Updating right boundary for site 1


 -------------------
   SWEEP NUMBER 5
 -------------------
 - Noise parameter: 1e-08
 - Maximum bond dimension: 100
 - Truncation parameter: 0

 MICROITERATION NUMBER = 0  , forward sweep
 - Optimization centered on site: 0
 - Left boundaries taken from index: 0
 - Right boundaries taken from index: 2

 Jacobi-Davidson diagonalization converged after 1 iterations.
 Energy = 11009.8550223106
 Updating left boundary for site 1

 MICROITERATION NUMBER = 1  , forward sweep
 - Optimization centered on site: 1
 - Left boundaries taken from index: 1
 - Right boundaries taken from index: 3

 Jacobi-Davidson diagonalization converged after 1 iterations.
 Energy = 11009.8550223106
 Updating left boundary for site 2

 MICROITERATION NUMBER = 2  , forward sweep
 - Optimization centered on site: 2
 - Left boundaries taken from index: 2
 - Right boundaries taken from index: 4

 Jacobi-Davidson diagonalization converged after 1 iterations.
 Energy = 11009.85502231057
 Updating left boundary for site 3

 MICROITERATION NUMBER = 3  , forward sweep
 - Optimization centered on site: 3
 - Left boundaries taken from index: 3
 - Right boundaries taken from index: 5

 Jacobi-Davidson diagonalization converged after 1 iterations.
 Energy = 11009.85502231051
 Updating left boundary for site 4

 MICROITERATION NUMBER = 4  , forward sweep
 - Optimization centered on site: 4
 - Left boundaries taken from index: 4
 - Right boundaries taken from index: 6

 Jacobi-Davidson diagonalization converged after 7 iterations.
 Energy = 11009.85502188117
 Updating left boundary for site 5

 MICROITERATION NUMBER = 5  , forward sweep
 - Optimization centered on site: 5
 - Left boundaries taken from index: 5
 - Right boundaries taken from index: 7

 Jacobi-Davidson diagonalization converged after 10 iterations.
 Energy = 11009.85495001789
 Updating left boundary for site 6

 MICROITERATION NUMBER = 6  , forward sweep
 - Optimization centered on site: 6
 - Left boundaries taken from index: 6
 - Right boundaries taken from index: 8

 Jacobi-Davidson diagonalization converged after 10 iterations.
 Energy = 11009.85498746278
 Updating left boundary for site 7

 MICROITERATION NUMBER = 7  , forward sweep
 - Optimization centered on site: 7
 - Left boundaries taken from index: 7
 - Right boundaries taken from index: 9

 Jacobi-Davidson diagonalization converged after 9 iterations.
 Energy = 11009.85502348364
 Updating left boundary for site 8

 MICROITERATION NUMBER = 8  , forward sweep
 - Optimization centered on site: 8
 - Left boundaries taken from index: 8
 - Right boundaries taken from index: 10

 Jacobi-Davidson diagonalization converged after 1 iterations.
 Energy = 11009.85502348058
 Updating left boundary for site 9

 MICROITERATION NUMBER = 9  , forward sweep
 - Optimization centered on site: 9
 - Left boundaries taken from index: 9
 - Right boundaries taken from index: 11

 Jacobi-Davidson diagonalization converged after 1 iterations.
 Energy = 11009.85502348067
 Updating left boundary for site 10

 MICROITERATION NUMBER = 10  , forward sweep
 - Optimization centered on site: 10
 - Left boundaries taken from index: 10
 - Right boundaries taken from index: 12

 Jacobi-Davidson diagonalization converged after 1 iterations.
 Energy = 11009.85502348065
 Updating left boundary for site 11

 MICROITERATION NUMBER = 11  , backward sweep
 - Optimization centered on site: 11
 - Left boundaries taken from index: 10
 - Right boundaries taken from index: 12

 Jacobi-Davidson diagonalization converged after 1 iterations.
 Energy = 11009.85502348065
 Updating right boundary for site 11

 MICROITERATION NUMBER = 12  , backward sweep
 - Optimization centered on site: 10
 - Left boundaries taken from index: 9
 - Right boundaries taken from index: 11

 Jacobi-Davidson diagonalization converged after 1 iterations.
 Energy = 11009.85502348068
 Updating right boundary for site 10

 MICROITERATION NUMBER = 13  , backward sweep
 - Optimization centered on site: 9
 - Left boundaries taken from index: 8
 - Right boundaries taken from index: 10

 Jacobi-Davidson diagonalization converged after 1 iterations.
 Energy = 11009.85502348057
 Updating right boundary for site 9

 MICROITERATION NUMBER = 14  , backward sweep
 - Optimization centered on site: 8
 - Left boundaries taken from index: 7
 - Right boundaries taken from index: 9

 Jacobi-Davidson diagonalization converged after 1 iterations.
 Energy = 11009.8550234806
 Updating right boundary for site 8

 MICROITERATION NUMBER = 15  , backward sweep
 - Optimization centered on site: 7
 - Left boundaries taken from index: 6
 - Right boundaries taken from index: 8

 Jacobi-Davidson diagonalization converged after 10 iterations.
 Energy = 11009.85498746179
 Updating right boundary for site 7

 MICROITERATION NUMBER = 16  , backward sweep
 - Optimization centered on site: 6
 - Left boundaries taken from index: 5
 - Right boundaries taken from index: 7

 Jacobi-Davidson diagonalization converged after 10 iterations.
 Energy = 11009.85495002462
 Updating right boundary for site 6

 MICROITERATION NUMBER = 17  , backward sweep
 - Optimization centered on site: 5
 - Left boundaries taken from index: 4
 - Right boundaries taken from index: 6

 Jacobi-Davidson diagonalization converged after 9 iterations.
 Energy = 11009.85502188151
 Updating right boundary for site 5

 MICROITERATION NUMBER = 18  , backward sweep
 - Optimization centered on site: 4
 - Left boundaries taken from index: 3
 - Right boundaries taken from index: 5

 Jacobi-Davidson diagonalization converged after 5 iterations.
 Energy = 11009.85502231123
 Updating right boundary for site 4

 MICROITERATION NUMBER = 19  , backward sweep
 - Optimization centered on site: 3
 - Left boundaries taken from index: 2
 - Right boundaries taken from index: 4

 Jacobi-Davidson diagonalization converged after 1 iterations.
 Energy = 11009.85502231158
 Updating right boundary for site 3

 MICROITERATION NUMBER = 20  , backward sweep
 - Optimization centered on site: 2
 - Left boundaries taken from index: 1
 - Right boundaries taken from index: 3

 Jacobi-Davidson diagonalization converged after 1 iterations.
 Energy = 11009.85502231163
 Updating right boundary for site 2

 MICROITERATION NUMBER = 21  , backward sweep
 - Optimization centered on site: 1
 - Left boundaries taken from index: 0
 - Right boundaries taken from index: 2

 Jacobi-Davidson diagonalization converged after 1 iterations.
 Energy = 11009.85502231163
 Updating right boundary for site 1


 -------------------
   SWEEP NUMBER 6
 -------------------
 - Noise parameter: 1e-08
 - Maximum bond dimension: 100
 - Truncation parameter: 0

 MICROITERATION NUMBER = 0  , forward sweep
 - Optimization centered on site: 0
 - Left boundaries taken from index: 0
 - Right boundaries taken from index: 2

 Jacobi-Davidson diagonalization converged after 1 iterations.
 Energy = 11009.85502231163
 Updating left boundary for site 1

 MICROITERATION NUMBER = 1  , forward sweep
 - Optimization centered on site: 1
 - Left boundaries taken from index: 1
 - Right boundaries taken from index: 3

 Jacobi-Davidson diagonalization converged after 1 iterations.
 Energy = 11009.85502231162
 Updating left boundary for site 2

 MICROITERATION NUMBER = 2  , forward sweep
 - Optimization centered on site: 2
 - Left boundaries taken from index: 2
 - Right boundaries taken from index: 4

 Jacobi-Davidson diagonalization converged after 1 iterations.
 Energy = 11009.85502231159
 Updating left boundary for site 3

 MICROITERATION NUMBER = 3  , forward sweep
 - Optimization centered on site: 3
 - Left boundaries taken from index: 3
 - Right boundaries taken from index: 5

 Jacobi-Davidson diagonalization converged after 1 iterations.
 Energy = 11009.85502231154
 Updating left boundary for site 4

 MICROITERATION NUMBER = 4  , forward sweep
 - Optimization centered on site: 4
 - Left boundaries taken from index: 4
 - Right boundaries taken from index: 6

 Jacobi-Davidson diagonalization converged after 7 iterations.
 Energy = 11009.85502188026
 Updating left boundary for site 5

 MICROITERATION NUMBER = 5  , forward sweep
 - Optimization centered on site: 5
 - Left boundaries taken from index: 5
 - Right boundaries taken from index: 7

 Jacobi-Davidson diagonalization converged after 10 iterations.
 Energy = 11009.85495001929
 Updating left boundary for site 6

 MICROITERATION NUMBER = 6  , forward sweep
 - Optimization centered on site: 6
 - Left boundaries taken from index: 6
 - Right boundaries taken from index: 8

 Jacobi-Davidson diagonalization converged after 10 iterations.
 Energy = 11009.85498746408
 Updating left boundary for site 7

 MICROITERATION NUMBER = 7  , forward sweep
 - Optimization centered on site: 7
 - Left boundaries taken from index: 7
 - Right boundaries taken from index: 9

 Jacobi-Davidson diagonalization converged after 9 iterations.
 Energy = 11009.85502348308
 Updating left boundary for site 8

 MICROITERATION NUMBER = 8  , forward sweep
 - Optimization centered on site: 8
 - Left boundaries taken from index: 8
 - Right boundaries taken from index: 10

 Jacobi-Davidson diagonalization converged after 1 iterations.
 Energy = 11009.85502348194
 Updating left boundary for site 9

 MICROITERATION NUMBER = 9  , forward sweep
 - Optimization centered on site: 9
 - Left boundaries taken from index: 9
 - Right boundaries taken from index: 11

 Jacobi-Davidson diagonalization converged after 1 iterations.
 Energy = 11009.85502348199
 Updating left boundary for site 10

 MICROITERATION NUMBER = 10  , forward sweep
 - Optimization centered on site: 10
 - Left boundaries taken from index: 10
 - Right boundaries taken from index: 12

 Jacobi-Davidson diagonalization converged after 1 iterations.
 Energy = 11009.85502348198
 Updating left boundary for site 11

 MICROITERATION NUMBER = 11  , backward sweep
 - Optimization centered on site: 11
 - Left boundaries taken from index: 10
 - Right boundaries taken from index: 12

 Jacobi-Davidson diagonalization converged after 1 iterations.
 Energy = 11009.85502348198
 Updating right boundary for site 11

 MICROITERATION NUMBER = 12  , backward sweep
 - Optimization centered on site: 10
 - Left boundaries taken from index: 9
 - Right boundaries taken from index: 11

 Jacobi-Davidson diagonalization converged after 1 iterations.
 Energy = 11009.855023482
 Updating right boundary for site 10

 MICROITERATION NUMBER = 13  , backward sweep
 - Optimization centered on site: 9
 - Left boundaries taken from index: 8
 - Right boundaries taken from index: 10

 Jacobi-Davidson diagonalization converged after 1 iterations.
 Energy = 11009.85502348191
 Updating right boundary for site 9

 MICROITERATION NUMBER = 14  , backward sweep
 - Optimization centered on site: 8
 - Left boundaries taken from index: 7
 - Right boundaries taken from index: 9

 Jacobi-Davidson diagonalization converged after 1 iterations.
 Energy = 11009.85502348176
 Updating right boundary for site 8

 MICROITERATION NUMBER = 15  , backward sweep
 - Optimization centered on site: 7
 - Left boundaries taken from index: 6
 - Right boundaries taken from index: 8

 Jacobi-Davidson diagonalization converged after 10 iterations.
 Energy = 11009.85498746542
 Updating right boundary for site 7

 MICROITERATION NUMBER = 16  , backward sweep
 - Optimization centered on site: 6
 - Left boundaries taken from index: 5
 - Right boundaries taken from index: 7

 Jacobi-Davidson diagonalization converged after 10 iterations.
 Energy = 11009.85495002605
 Updating right boundary for site 6

 MICROITERATION NUMBER = 17  , backward sweep
 - Optimization centered on site: 5
 - Left boundaries taken from index: 4
 - Right boundaries taken from index: 6

 Jacobi-Davidson diagonalization converged after 9 iterations.
 Energy = 11009.85502188144
 Updating right boundary for site 5

 MICROITERATION NUMBER = 18  , backward sweep
 - Optimization centered on site: 4
 - Left boundaries taken from index: 3
 - Right boundaries taken from index: 5

 Jacobi-Davidson diagonalization converged after 5 iterations.
 Energy = 11009.85502231416
 Updating right boundary for site 4

 MICROITERATION NUMBER = 19  , backward sweep
 - Optimization centered on site: 3
 - Left boundaries taken from index: 2
 - Right boundaries taken from index: 4

 Jacobi-Davidson diagonalization converged after 1 iterations.
 Energy = 11009.85502231257
 Updating right boundary for site 3

 MICROITERATION NUMBER = 20  , backward sweep
 - Optimization centered on site: 2
 - Left boundaries taken from index: 1
 - Right boundaries taken from index: 3

 Jacobi-Davidson diagonalization converged after 1 iterations.
 Energy = 11009.85502231257
 Updating right boundary for site 2

 MICROITERATION NUMBER = 21  , backward sweep
 - Optimization centered on site: 1
 - Left boundaries taken from index: 0
 - Right boundaries taken from index: 2

 Jacobi-Davidson diagonalization converged after 1 iterations.
 Energy = 11009.85502231257
 Updating right boundary for site 1


 -------------------
   SWEEP NUMBER 7
 -------------------
 - Noise parameter: 1e-08
 - Maximum bond dimension: 100
 - Truncation parameter: 0

 MICROITERATION NUMBER = 0  , forward sweep
 - Optimization centered on site: 0
 - Left boundaries taken from index: 0
 - Right boundaries taken from index: 2

 Jacobi-Davidson diagonalization converged after 1 iterations.
 Energy = 11009.85502231257
 Updating left boundary for site 1

 MICROITERATION NUMBER = 1  , forward sweep
 - Optimization centered on site: 1
 - Left boundaries taken from index: 1
 - Right boundaries taken from index: 3

 Jacobi-Davidson diagonalization converged after 1 iterations.
 Energy = 11009.85502231257
 Updating left boundary for site 2

 MICROITERATION NUMBER = 2  , forward sweep
 - Optimization centered on site: 2
 - Left boundaries taken from index: 2
 - Right boundaries taken from index: 4

 Jacobi-Davidson diagonalization converged after 1 iterations.
 Energy = 11009.85502231255
 Updating left boundary for site 3

 MICROITERATION NUMBER = 3  , forward sweep
 - Optimization centered on site: 3
 - Left boundaries taken from index: 3
 - Right boundaries taken from index: 5

 Jacobi-Davidson diagonalization converged after 1 iterations.
 Energy = 11009.85502231251
 Updating left boundary for site 4

 MICROITERATION NUMBER = 4  , forward sweep
 - Optimization centered on site: 4
 - Left boundaries taken from index: 4
 - Right boundaries taken from index: 6

 Jacobi-Davidson diagonalization converged after 7 iterations.
 Energy = 11009.85502187795
 Updating left boundary for site 5

 MICROITERATION NUMBER = 5  , forward sweep
 - Optimization centered on site: 5
 - Left boundaries taken from index: 5
 - Right boundaries taken from index: 7

 Jacobi-Davidson diagonalization converged after 10 iterations.
 Energy = 11009.85495002191
 Updating left boundary for site 6

 MICROITERATION NUMBER = 6  , forward sweep
 - Optimization centered on site: 6
 - Left boundaries taken from index: 6
 - Right boundaries taken from index: 8

 Jacobi-Davidson diagonalization converged after 10 iterations.
 Energy = 11009.85498746586
 Updating left boundary for site 7

 MICROITERATION NUMBER = 7  , forward sweep
 - Optimization centered on site: 7
 - Left boundaries taken from index: 7
 - Right boundaries taken from index: 9

 Jacobi-Davidson diagonalization converged after 9 iterations.
 Energy = 11009.85502348088
 Updating left boundary for site 8

 MICROITERATION NUMBER = 8  , forward sweep
 - Optimization centered on site: 8
 - Left boundaries taken from index: 8
 - Right boundaries taken from index: 10

 Jacobi-Davidson diagonalization converged after 1 iterations.
 Energy = 11009.85502348276
 Updating left boundary for site 9

 MICROITERATION NUMBER = 9  , forward sweep
 - Optimization centered on site: 9
 - Left boundaries taken from index: 9
 - Right boundaries taken from index: 11

 Jacobi-Davidson diagonalization converged after 1 iterations.
 Energy = 11009.85502348281
 Updating left boundary for site 10

 MICROITERATION NUMBER = 10  , forward sweep
 - Optimization centered on site: 10
 - Left boundaries taken from index: 10
 - Right boundaries taken from index: 12

 Jacobi-Davidson diagonalization converged after 1 iterations.
 Energy = 11009.85502348281
 Updating left boundary for site 11

 MICROITERATION NUMBER = 11  , backward sweep
 - Optimization centered on site: 11
 - Left boundaries taken from index: 10
 - Right boundaries taken from index: 12

 Jacobi-Davidson diagonalization converged after 1 iterations.
 Energy = 11009.85502348281
 Updating right boundary for site 11

 MICROITERATION NUMBER = 12  , backward sweep
 - Optimization centered on site: 10
 - Left boundaries taken from index: 9
 - Right boundaries taken from index: 11

 Jacobi-Davidson diagonalization converged after 1 iterations.
 Energy = 11009.85502348281
 Updating right boundary for site 10

 MICROITERATION NUMBER = 13  , backward sweep
 - Optimization centered on site: 9
 - Left boundaries taken from index: 8
 - Right boundaries taken from index: 10

 Jacobi-Davidson diagonalization converged after 1 iterations.
 Energy = 11009.85502348277
 Updating right boundary for site 9

 MICROITERATION NUMBER = 14  , backward sweep
 - Optimization centered on site: 8
 - Left boundaries taken from index: 7
 - Right boundaries taken from index: 9

 Jacobi-Davidson diagonalization converged after 1 iterations.
 Energy = 11009.85502348274
 Updating right boundary for site 8

 MICROITERATION NUMBER = 15  , backward sweep
 - Optimization centered on site: 7
 - Left boundaries taken from index: 6
 - Right boundaries taken from index: 8

 Jacobi-Davidson diagonalization converged after 10 iterations.
 Energy = 11009.85498747015
 Updating right boundary for site 7

 MICROITERATION NUMBER = 16  , backward sweep
 - Optimization centered on site: 6
 - Left boundaries taken from index: 5
 - Right boundaries taken from index: 7

 Jacobi-Davidson diagonalization converged after 10 iterations.
 Energy = 11009.85495002312
 Updating right boundary for site 6

 MICROITERATION NUMBER = 17  , backward sweep
 - Optimization centered on site: 5
 - Left boundaries taken from index: 4
 - Right boundaries taken from index: 6

 Jacobi-Davidson diagonalization converged after 9 iterations.
 Energy = 11009.85502188006
 Updating right boundary for site 5

 MICROITERATION NUMBER = 18  , backward sweep
 - Optimization centered on site: 4
 - Left boundaries taken from index: 3
 - Right boundaries taken from index: 5

 Jacobi-Davidson diagonalization converged after 5 iterations.
 Energy = 11009.85502231307
 Updating right boundary for site 4

 MICROITERATION NUMBER = 19  , backward sweep
 - Optimization centered on site: 3
 - Left boundaries taken from index: 2
 - Right boundaries taken from index: 4

 Jacobi-Davidson diagonalization converged after 1 iterations.
 Energy = 11009.85502231327
 Updating right boundary for site 3

 MICROITERATION NUMBER = 20  , backward sweep
 - Optimization centered on site: 2
 - Left boundaries taken from index: 1
 - Right boundaries taken from index: 3

 Jacobi-Davidson diagonalization converged after 1 iterations.
 Energy = 11009.85502231329
 Updating right boundary for site 2

 MICROITERATION NUMBER = 21  , backward sweep
 - Optimization centered on site: 1
 - Left boundaries taken from index: 0
 - Right boundaries taken from index: 2

 Jacobi-Davidson diagonalization converged after 1 iterations.
 Energy = 11009.8550223133
 Updating right boundary for site 1


 -------------------
   SWEEP NUMBER 8
 -------------------
 - Noise parameter: 1e-08
 - Maximum bond dimension: 100
 - Truncation parameter: 0

 MICROITERATION NUMBER = 0  , forward sweep
 - Optimization centered on site: 0
 - Left boundaries taken from index: 0
 - Right boundaries taken from index: 2

 Jacobi-Davidson diagonalization converged after 1 iterations.
 Energy = 11009.8550223133
 Updating left boundary for site 1

 MICROITERATION NUMBER = 1  , forward sweep
 - Optimization centered on site: 1
 - Left boundaries taken from index: 1
 - Right boundaries taken from index: 3

 Jacobi-Davidson diagonalization converged after 1 iterations.
 Energy = 11009.8550223133
 Updating left boundary for site 2

 MICROITERATION NUMBER = 2  , forward sweep
 - Optimization centered on site: 2
 - Left boundaries taken from index: 2
 - Right boundaries taken from index: 4

 Jacobi-Davidson diagonalization converged after 1 iterations.
 Energy = 11009.85502231329
 Updating left boundary for site 3

 MICROITERATION NUMBER = 3  , forward sweep
 - Optimization centered on site: 3
 - Left boundaries taken from index: 3
 - Right boundaries taken from index: 5

 Jacobi-Davidson diagonalization converged after 1 iterations.
 Energy = 11009.85502231327
 Updating left boundary for site 4

 MICROITERATION NUMBER = 4  , forward sweep
 - Optimization centered on site: 4
 - Left boundaries taken from index: 4
 - Right boundaries taken from index: 6

 Jacobi-Davidson diagonalization converged after 7 iterations.
 Energy = 11009.85502188144
 Updating left boundary for site 5

 MICROITERATION NUMBER = 5  , forward sweep
 - Optimization centered on site: 5
 - Left boundaries taken from index: 5
 - Right boundaries taken from index: 7

 Jacobi-Davidson diagonalization converged after 10 iterations.
 Energy = 11009.85495002518
 Updating left boundary for site 6

 MICROITERATION NUMBER = 6  , forward sweep
 - Optimization centered on site: 6
 - Left boundaries taken from index: 6
 - Right boundaries taken from index: 8

 Jacobi-Davidson diagonalization converged after 10 iterations.
 Energy = 11009.85498746421
 Updating left boundary for site 7

 MICROITERATION NUMBER = 7  , forward sweep
 - Optimization centered on site: 7
 - Left boundaries taken from index: 7
 - Right boundaries taken from index: 9

 Jacobi-Davidson diagonalization converged after 9 iterations.
 Energy = 11009.85502347934
 Updating left boundary for site 8

 MICROITERATION NUMBER = 8  , forward sweep
 - Optimization centered on site: 8
 - Left boundaries taken from index: 8
 - Right boundaries taken from index: 10

 Jacobi-Davidson diagonalization converged after 1 iterations.
 Energy = 11009.85502348334
 Updating left boundary for site 9

 MICROITERATION NUMBER = 9  , forward sweep
 - Optimization centered on site: 9
 - Left boundaries taken from index: 9
 - Right boundaries taken from index: 11

 Jacobi-Davidson diagonalization converged after 1 iterations.
 Energy = 11009.85502348339
 Updating left boundary for site 10

 MICROITERATION NUMBER = 10  , forward sweep
 - Optimization centered on site: 10
 - Left boundaries taken from index: 10
 - Right boundaries taken from index: 12

 Jacobi-Davidson diagonalization converged after 1 iterations.
 Energy = 11009.8550234834
 Updating left boundary for site 11

 MICROITERATION NUMBER = 11  , backward sweep
 - Optimization centered on site: 11
 - Left boundaries taken from index: 10
 - Right boundaries taken from index: 12

 Jacobi-Davidson diagonalization converged after 1 iterations.
 Energy = 11009.85502348341
 Updating right boundary for site 11

 MICROITERATION NUMBER = 12  , backward sweep
 - Optimization centered on site: 10
 - Left boundaries taken from index: 9
 - Right boundaries taken from index: 11

 Jacobi-Davidson diagonalization converged after 1 iterations.
 Energy = 11009.8550234834
 Updating right boundary for site 10

 MICROITERATION NUMBER = 13  , backward sweep
 - Optimization centered on site: 9
 - Left boundaries taken from index: 8
 - Right boundaries taken from index: 10

 Jacobi-Davidson diagonalization converged after 1 iterations.
 Energy = 11009.85502348336
 Updating right boundary for site 9

 MICROITERATION NUMBER = 14  , backward sweep
 - Optimization centered on site: 8
 - Left boundaries taken from index: 7
 - Right boundaries taken from index: 9

 Jacobi-Davidson diagonalization converged after 1 iterations.
 Energy = 11009.85502348333
 Updating right boundary for site 8

 MICROITERATION NUMBER = 15  , backward sweep
 - Optimization centered on site: 7
 - Left boundaries taken from index: 6
 - Right boundaries taken from index: 8

 Jacobi-Davidson diagonalization converged after 10 iterations.
 Energy = 11009.85498746734
 Updating right boundary for site 7

 MICROITERATION NUMBER = 16  , backward sweep
 - Optimization centered on site: 6
 - Left boundaries taken from index: 5
 - Right boundaries taken from index: 7

 Jacobi-Davidson diagonalization converged after 10 iterations.
 Energy = 11009.85495002474
 Updating right boundary for site 6

 MICROITERATION NUMBER = 17  , backward sweep
 - Optimization centered on site: 5
 - Left boundaries taken from index: 4
 - Right boundaries taken from index: 6

 Jacobi-Davidson diagonalization converged after 9 iterations.
 Energy = 11009.85502188125
 Updating right boundary for site 5

 MICROITERATION NUMBER = 18  , backward sweep
 - Optimization centered on site: 4
 - Left boundaries taken from index: 3
 - Right boundaries taken from index: 5

 Jacobi-Davidson diagonalization converged after 5 iterations.
 Energy = 11009.85502231129
 Updating right boundary for site 4

 MICROITERATION NUMBER = 19  , backward sweep
 - Optimization centered on site: 3
 - Left boundaries taken from index: 2
 - Right boundaries taken from index: 4

 Jacobi-Davidson diagonalization converged after 1 iterations.
 Energy = 11009.85502231387
 Updating right boundary for site 3

 MICROITERATION NUMBER = 20  , backward sweep
 - Optimization centered on site: 2
 - Left boundaries taken from index: 1
 - Right boundaries taken from index: 3

 Jacobi-Davidson diagonalization converged after 1 iterations.
 Energy = 11009.85502231388
 Updating right boundary for site 2

 MICROITERATION NUMBER = 21  , backward sweep
 - Optimization centered on site: 1
 - Left boundaries taken from index: 0
 - Right boundaries taken from index: 2

 Jacobi-Davidson diagonalization converged after 1 iterations.
 Energy = 11009.85502231388
 Updating right boundary for site 1


 -------------------
   SWEEP NUMBER 9
 -------------------
 - Noise parameter: 1e-08
 - Maximum bond dimension: 100
 - Truncation parameter: 0

 MICROITERATION NUMBER = 0  , forward sweep
 - Optimization centered on site: 0
 - Left boundaries taken from index: 0
 - Right boundaries taken from index: 2

 Jacobi-Davidson diagonalization converged after 1 iterations.
 Energy = 11009.85502231388
 Updating left boundary for site 1

 MICROITERATION NUMBER = 1  , forward sweep
 - Optimization centered on site: 1
 - Left boundaries taken from index: 1
 - Right boundaries taken from index: 3

 Jacobi-Davidson diagonalization converged after 1 iterations.
 Energy = 11009.85502231387
 Updating left boundary for site 2

 MICROITERATION NUMBER = 2  , forward sweep
 - Optimization centered on site: 2
 - Left boundaries taken from index: 2
 - Right boundaries taken from index: 4

 Jacobi-Davidson diagonalization converged after 1 iterations.
 Energy = 11009.85502231386
 Updating left boundary for site 3

 MICROITERATION NUMBER = 3  , forward sweep
 - Optimization centered on site: 3
 - Left boundaries taken from index: 3
 - Right boundaries taken from index: 5

 Jacobi-Davidson diagonalization converged after 1 iterations.
 Energy = 11009.85502231377
 Updating left boundary for site 4

 MICROITERATION NUMBER = 4  , forward sweep
 - Optimization centered on site: 4
 - Left boundaries taken from index: 4
 - Right boundaries taken from index: 6

 Jacobi-Davidson diagonalization converged after 7 iterations.
 Energy = 11009.85502188275
 Updating left boundary for site 5

 MICROITERATION NUMBER = 5  , forward sweep
 - Optimization centered on site: 5
 - Left boundaries taken from index: 5
 - Right boundaries taken from index: 7

 Jacobi-Davidson diagonalization converged after 10 iterations.
 Energy = 11009.854950023
 Updating left boundary for site 6

 MICROITERATION NUMBER = 6  , forward sweep
 - Optimization centered on site: 6
 - Left boundaries taken from index: 6
 - Right boundaries taken from index: 8

 Jacobi-Davidson diagonalization converged after 10 iterations.
 Energy = 11009.85498747119
 Updating left boundary for site 7

 MICROITERATION NUMBER = 7  , forward sweep
 - Optimization centered on site: 7
 - Left boundaries taken from index: 7
 - Right boundaries taken from index: 9

 Jacobi-Davidson diagonalization converged after 9 iterations.
 Energy = 11009.85502348309
 Updating left boundary for site 8

 MICROITERATION NUMBER = 8  , forward sweep
 - Optimization centered on site: 8
 - Left boundaries taken from index: 8
 - Right boundaries taken from index: 10

 Jacobi-Davidson diagonalization converged after 1 iterations.
 Energy = 11009.85502348374
 Updating left boundary for site 9

 MICROITERATION NUMBER = 9  , forward sweep
 - Optimization centered on site: 9
 - Left boundaries taken from index: 9
 - Right boundaries taken from index: 11

 Jacobi-Davidson diagonalization converged after 1 iterations.
 Energy = 11009.85502348381
 Updating left boundary for site 10

 MICROITERATION NUMBER = 10  , forward sweep
 - Optimization centered on site: 10
 - Left boundaries taken from index: 10
 - Right boundaries taken from index: 12

 Jacobi-Davidson diagonalization converged after 1 iterations.
 Energy = 11009.8550234838
 Updating left boundary for site 11

 MICROITERATION NUMBER = 11  , backward sweep
 - Optimization centered on site: 11
 - Left boundaries taken from index: 10
 - Right boundaries taken from index: 12

 Jacobi-Davidson diagonalization converged after 1 iterations.
 Energy = 11009.8550234838
 Updating right boundary for site 11

 MICROITERATION NUMBER = 12  , backward sweep
 - Optimization centered on site: 10
 - Left boundaries taken from index: 9
 - Right boundaries taken from index: 11

 Jacobi-Davidson diagonalization converged after 1 iterations.
 Energy = 11009.8550234838
 Updating right boundary for site 10

 MICROITERATION NUMBER = 13  , backward sweep
 - Optimization centered on site: 9
 - Left boundaries taken from index: 8
 - Right boundaries taken from index: 10

 Jacobi-Davidson diagonalization converged after 1 iterations.
 Energy = 11009.85502348375
 Updating right boundary for site 9

 MICROITERATION NUMBER = 14  , backward sweep
 - Optimization centered on site: 8
 - Left boundaries taken from index: 7
 - Right boundaries taken from index: 9

 Jacobi-Davidson diagonalization converged after 1 iterations.
 Energy = 11009.85502348367
 Updating right boundary for site 8

 MICROITERATION NUMBER = 15  , backward sweep
 - Optimization centered on site: 7
 - Left boundaries taken from index: 6
 - Right boundaries taken from index: 8

 Jacobi-Davidson diagonalization converged after 10 iterations.
 Energy = 11009.85498746736
 Updating right boundary for site 7

 MICROITERATION NUMBER = 16  , backward sweep
 - Optimization centered on site: 6
 - Left boundaries taken from index: 5
 - Right boundaries taken from index: 7

 Jacobi-Davidson diagonalization converged after 10 iterations.
 Energy = 11009.85495002508
 Updating right boundary for site 6

 MICROITERATION NUMBER = 17  , backward sweep
 - Optimization centered on site: 5
 - Left boundaries taken from index: 4
 - Right boundaries taken from index: 6

 Jacobi-Davidson diagonalization converged after 9 iterations.
 Energy = 11009.85502188451
 Updating right boundary for site 5

 MICROITERATION NUMBER = 18  , backward sweep
 - Optimization centered on site: 4
 - Left boundaries taken from index: 3
 - Right boundaries taken from index: 5

 Jacobi-Davidson diagonalization converged after 5 iterations.
 Energy = 11009.85502231615
 Updating right boundary for site 4

 MICROITERATION NUMBER = 19  , backward sweep
 - Optimization centered on site: 3
 - Left boundaries taken from index: 2
 - Right boundaries taken from index: 4

 Jacobi-Davidson diagonalization converged after 1 iterations.
 Energy = 11009.85502231429
 Updating right boundary for site 3

 MICROITERATION NUMBER = 20  , backward sweep
 - Optimization centered on site: 2
 - Left boundaries taken from index: 1
 - Right boundaries taken from index: 3

 Jacobi-Davidson diagonalization converged after 1 iterations.
 Energy = 11009.8550223143
 Updating right boundary for site 2

 MICROITERATION NUMBER = 21  , backward sweep
 - Optimization centered on site: 1
 - Left boundaries taken from index: 0
 - Right boundaries taken from index: 2

 Jacobi-Davidson diagonalization converged after 1 iterations.
 Energy = 11009.8550223143
 Updating right boundary for site 1


 -------------------
   SWEEP NUMBER 10
 -------------------
 - Noise parameter: 1e-08
 - Maximum bond dimension: 100
 - Truncation parameter: 0

 MICROITERATION NUMBER = 0  , forward sweep
 - Optimization centered on site: 0
 - Left boundaries taken from index: 0
 - Right boundaries taken from index: 2

 Jacobi-Davidson diagonalization converged after 1 iterations.
 Energy = 11009.8550223143
 Updating left boundary for site 1

 MICROITERATION NUMBER = 1  , forward sweep
 - Optimization centered on site: 1
 - Left boundaries taken from index: 1
 - Right boundaries taken from index: 3

 Jacobi-Davidson diagonalization converged after 1 iterations.
 Energy = 11009.8550223143
 Updating left boundary for site 2

 MICROITERATION NUMBER = 2  , forward sweep
 - Optimization centered on site: 2
 - Left boundaries taken from index: 2
 - Right boundaries taken from index: 4

 Jacobi-Davidson diagonalization converged after 1 iterations.
 Energy = 11009.85502231428
 Updating left boundary for site 3

 MICROITERATION NUMBER = 3  , forward sweep
 - Optimization centered on site: 3
 - Left boundaries taken from index: 3
 - Right boundaries taken from index: 5

 Jacobi-Davidson diagonalization converged after 1 iterations.
 Energy = 11009.85502231426
 Updating left boundary for site 4

 MICROITERATION NUMBER = 4  , forward sweep
 - Optimization centered on site: 4
 - Left boundaries taken from index: 4
 - Right boundaries taken from index: 6

 Jacobi-Davidson diagonalization converged after 7 iterations.
 Energy = 11009.85502188212
 Updating left boundary for site 5

 MICROITERATION NUMBER = 5  , forward sweep
 - Optimization centered on site: 5
 - Left boundaries taken from index: 5
 - Right boundaries taken from index: 7

 Jacobi-Davidson diagonalization converged after 10 iterations.
 Energy = 11009.85495002054
 Updating left boundary for site 6

 MICROITERATION NUMBER = 6  , forward sweep
 - Optimization centered on site: 6
 - Left boundaries taken from index: 6
 - Right boundaries taken from index: 8

 Jacobi-Davidson diagonalization converged after 10 iterations.
 Energy = 11009.85498747169
 Updating left boundary for site 7

 MICROITERATION NUMBER = 7  , forward sweep
 - Optimization centered on site: 7
 - Left boundaries taken from index: 7
 - Right boundaries taken from index: 9

 Jacobi-Davidson diagonalization converged after 9 iterations.
 Energy = 11009.85502348272
 Updating left boundary for site 8

 MICROITERATION NUMBER = 8  , forward sweep
 - Optimization centered on site: 8
 - Left boundaries taken from index: 8
 - Right boundaries taken from index: 10

 Jacobi-Davidson diagonalization converged after 1 iterations.
 Energy = 11009.85502348407
 Updating left boundary for site 9

 MICROITERATION NUMBER = 9  , forward sweep
 - Optimization centered on site: 9
 - Left boundaries taken from index: 9
 - Right boundaries taken from index: 11

 Jacobi-Davidson diagonalization converged after 1 iterations.
 Energy = 11009.85502348413
 Updating left boundary for site 10

 MICROITERATION NUMBER = 10  , forward sweep
 - Optimization centered on site: 10
 - Left boundaries taken from index: 10
 - Right boundaries taken from index: 12

 Jacobi-Davidson diagonalization converged after 1 iterations.
 Energy = 11009.85502348411
 Updating left boundary for site 11

 MICROITERATION NUMBER = 11  , backward sweep
 - Optimization centered on site: 11
 - Left boundaries taken from index: 10
 - Right boundaries taken from index: 12

 Jacobi-Davidson diagonalization converged after 1 iterations.
 Energy = 11009.85502348411
 Updating right boundary for site 11

 MICROITERATION NUMBER = 12  , backward sweep
 - Optimization centered on site: 10
 - Left boundaries taken from index: 9
 - Right boundaries taken from index: 11

 Jacobi-Davidson diagonalization converged after 1 iterations.
 Energy = 11009.85502348411
 Updating right boundary for site 10

 MICROITERATION NUMBER = 13  , backward sweep
 - Optimization centered on site: 9
 - Left boundaries taken from index: 8
 - Right boundaries taken from index: 10

 Jacobi-Davidson diagonalization converged after 1 iterations.
 Energy = 11009.85502348409
 Updating right boundary for site 9

 MICROITERATION NUMBER = 14  , backward sweep
 - Optimization centered on site: 8
 - Left boundaries taken from index: 7
 - Right boundaries taken from index: 9

 Jacobi-Davidson diagonalization converged after 1 iterations.
 Energy = 11009.85502348406
 Updating right boundary for site 8

 MICROITERATION NUMBER = 15  , backward sweep
 - Optimization centered on site: 7
 - Left boundaries taken from index: 6
 - Right boundaries taken from index: 8

 Jacobi-Davidson diagonalization converged after 10 iterations.
 Energy = 11009.85498747259
 Updating right boundary for site 7

 MICROITERATION NUMBER = 16  , backward sweep
 - Optimization centered on site: 6
 - Left boundaries taken from index: 5
 - Right boundaries taken from index: 7

 Jacobi-Davidson diagonalization converged after 10 iterations.
 Energy = 11009.85495002563
 Updating right boundary for site 6

 MICROITERATION NUMBER = 17  , backward sweep
 - Optimization centered on site: 5
 - Left boundaries taken from index: 4
 - Right boundaries taken from index: 6

 Jacobi-Davidson diagonalization converged after 9 iterations.
 Energy = 11009.8550218799
 Updating right boundary for site 5

 MICROITERATION NUMBER = 18  , backward sweep
 - Optimization centered on site: 4
 - Left boundaries taken from index: 3
 - Right boundaries taken from index: 5

 Jacobi-Davidson diagonalization converged after 5 iterations.
 Energy = 11009.85502231619
 Updating right boundary for site 4

 MICROITERATION NUMBER = 19  , backward sweep
 - Optimization centered on site: 3
 - Left boundaries taken from index: 2
 - Right boundaries taken from index: 4

 Jacobi-Davidson diagonalization converged after 1 iterations.
 Energy = 11009.85502231464
 Updating right boundary for site 3

 MICROITERATION NUMBER = 20  , backward sweep
 - Optimization centered on site: 2
 - Left boundaries taken from index: 1
 - Right boundaries taken from index: 3

 Jacobi-Davidson diagonalization converged after 1 iterations.
 Energy = 11009.85502231464
 Updating right boundary for site 2

 MICROITERATION NUMBER = 21  , backward sweep
 - Optimization centered on site: 1
 - Left boundaries taken from index: 0
 - Right boundaries taken from index: 2

 Jacobi-Davidson diagonalization converged after 1 iterations.
 Energy = 11009.85502231464
 Updating right boundary for site 1


 -------------------
   SWEEP NUMBER 11
 -------------------
 - Noise parameter: 1e-08
 - Maximum bond dimension: 100
 - Truncation parameter: 0

 MICROITERATION NUMBER = 0  , forward sweep
 - Optimization centered on site: 0
 - Left boundaries taken from index: 0
 - Right boundaries taken from index: 2

 Jacobi-Davidson diagonalization converged after 1 iterations.
 Energy = 11009.85502231465
 Updating left boundary for site 1

 MICROITERATION NUMBER = 1  , forward sweep
 - Optimization centered on site: 1
 - Left boundaries taken from index: 1
 - Right boundaries taken from index: 3

 Jacobi-Davidson diagonalization converged after 1 iterations.
 Energy = 11009.85502231464
 Updating left boundary for site 2

 MICROITERATION NUMBER = 2  , forward sweep
 - Optimization centered on site: 2
 - Left boundaries taken from index: 2
 - Right boundaries taken from index: 4

 Jacobi-Davidson diagonalization converged after 1 iterations.
 Energy = 11009.85502231465
 Updating left boundary for site 3

 MICROITERATION NUMBER = 3  , forward sweep
 - Optimization centered on site: 3
 - Left boundaries taken from index: 3
 - Right boundaries taken from index: 5

 Jacobi-Davidson diagonalization converged after 1 iterations.
 Energy = 11009.85502231457
 Updating left boundary for site 4

 MICROITERATION NUMBER = 4  , forward sweep
 - Optimization centered on site: 4
 - Left boundaries taken from index: 4
 - Right boundaries taken from index: 6

 Jacobi-Davidson diagonalization converged after 7 iterations.
 Energy = 11009.85502188359
 Updating left boundary for site 5

 MICROITERATION NUMBER = 5  , forward sweep
 - Optimization centered on site: 5
 - Left boundaries taken from index: 5
 - Right boundaries taken from index: 7

 Jacobi-Davidson diagonalization converged after 10 iterations.
 Energy = 11009.85495002085
 Updating left boundary for site 6

 MICROITERATION NUMBER = 6  , forward sweep
 - Optimization centered on site: 6
 - Left boundaries taken from index: 6
 - Right boundaries taken from index: 8

 Jacobi-Davidson diagonalization converged after 10 iterations.
 Energy = 11009.85498747045
 Updating left boundary for site 7

 MICROITERATION NUMBER = 7  , forward sweep
 - Optimization centered on site: 7
 - Left boundaries taken from index: 7
 - Right boundaries taken from index: 9

 Jacobi-Davidson diagonalization converged after 9 iterations.
 Energy = 11009.85502348735
 Updating left boundary for site 8

 MICROITERATION NUMBER = 8  , forward sweep
 - Optimization centered on site: 8
 - Left boundaries taken from index: 8
 - Right boundaries taken from index: 10

 Jacobi-Davidson diagonalization converged after 1 iterations.
 Energy = 11009.85502348436
 Updating left boundary for site 9

 MICROITERATION NUMBER = 9  , forward sweep
 - Optimization centered on site: 9
 - Left boundaries taken from index: 9
 - Right boundaries taken from index: 11

 Jacobi-Davidson diagonalization converged after 1 iterations.
 Energy = 11009.85502348435
 Updating left boundary for site 10

 MICROITERATION NUMBER = 10  , forward sweep
 - Optimization centered on site: 10
 - Left boundaries taken from index: 10
 - Right boundaries taken from index: 12

 Jacobi-Davidson diagonalization converged after 1 iterations.
 Energy = 11009.85502348436
 Updating left boundary for site 11

 MICROITERATION NUMBER = 11  , backward sweep
 - Optimization centered on site: 11
 - Left boundaries taken from index: 10
 - Right boundaries taken from index: 12

 Jacobi-Davidson diagonalization converged after 1 iterations.
 Energy = 11009.85502348436
 Updating right boundary for site 11

 MICROITERATION NUMBER = 12  , backward sweep
 - Optimization centered on site: 10
 - Left boundaries taken from index: 9
 - Right boundaries taken from index: 11

 Jacobi-Davidson diagonalization converged after 1 iterations.
 Energy = 11009.85502348436
 Updating right boundary for site 10

 MICROITERATION NUMBER = 13  , backward sweep
 - Optimization centered on site: 9
 - Left boundaries taken from index: 8
 - Right boundaries taken from index: 10

 Jacobi-Davidson diagonalization converged after 1 iterations.
 Energy = 11009.85502348436
 Updating right boundary for site 9

 MICROITERATION NUMBER = 14  , backward sweep
 - Optimization centered on site: 8
 - Left boundaries taken from index: 7
 - Right boundaries taken from index: 9

 Jacobi-Davidson diagonalization converged after 1 iterations.
 Energy = 11009.85502348424
 Updating right boundary for site 8

 MICROITERATION NUMBER = 15  , backward sweep
 - Optimization centered on site: 7
 - Left boundaries taken from index: 6
 - Right boundaries taken from index: 8

 Jacobi-Davidson diagonalization converged after 10 iterations.
 Energy = 11009.85498747194
 Updating right boundary for site 7

 MICROITERATION NUMBER = 16  , backward sweep
 - Optimization centered on site: 6
 - Left boundaries taken from index: 5
 - Right boundaries taken from index: 7

 Jacobi-Davidson diagonalization converged after 10 iterations.
 Energy = 11009.85495002125
 Updating right boundary for site 6

 MICROITERATION NUMBER = 17  , backward sweep
 - Optimization centered on site: 5
 - Left boundaries taken from index: 4
 - Right boundaries taken from index: 6

 Jacobi-Davidson diagonalization converged after 9 iterations.
 Energy = 11009.85502188549
 Updating right boundary for site 5

 MICROITERATION NUMBER = 18  , backward sweep
 - Optimization centered on site: 4
 - Left boundaries taken from index: 3
 - Right boundaries taken from index: 5

 Jacobi-Davidson diagonalization converged after 5 iterations.
 Energy = 11009.8550223167
 Updating right boundary for site 4

 MICROITERATION NUMBER = 19  , backward sweep
 - Optimization centered on site: 3
 - Left boundaries taken from index: 2
 - Right boundaries taken from index: 4

 Jacobi-Davidson diagonalization converged after 1 iterations.
 Energy = 11009.8550223149
 Updating right boundary for site 3

 MICROITERATION NUMBER = 20  , backward sweep
 - Optimization centered on site: 2
 - Left boundaries taken from index: 1
 - Right boundaries taken from index: 3

 Jacobi-Davidson diagonalization converged after 1 iterations.
 Energy = 11009.85502231493
 Updating right boundary for site 2

 MICROITERATION NUMBER = 21  , backward sweep
 - Optimization centered on site: 1
 - Left boundaries taken from index: 0
 - Right boundaries taken from index: 2

 Jacobi-Davidson diagonalization converged after 1 iterations.
 Energy = 11009.85502231492
 Updating right boundary for site 1


 -------------------
   SWEEP NUMBER 12
 -------------------
 - Noise parameter: 1e-08
 - Maximum bond dimension: 100
 - Truncation parameter: 0

 MICROITERATION NUMBER = 0  , forward sweep
 - Optimization centered on site: 0
 - Left boundaries taken from index: 0
 - Right boundaries taken from index: 2

 Jacobi-Davidson diagonalization converged after 1 iterations.
 Energy = 11009.85502231492
 Updating left boundary for site 1

 MICROITERATION NUMBER = 1  , forward sweep
 - Optimization centered on site: 1
 - Left boundaries taken from index: 1
 - Right boundaries taken from index: 3

 Jacobi-Davidson diagonalization converged after 1 iterations.
 Energy = 11009.85502231492
 Updating left boundary for site 2

 MICROITERATION NUMBER = 2  , forward sweep
 - Optimization centered on site: 2
 - Left boundaries taken from index: 2
 - Right boundaries taken from index: 4

 Jacobi-Davidson diagonalization converged after 1 iterations.
 Energy = 11009.8550223149
 Updating left boundary for site 3

 MICROITERATION NUMBER = 3  , forward sweep
 - Optimization centered on site: 3
 - Left boundaries taken from index: 3
 - Right boundaries taken from index: 5

 Jacobi-Davidson diagonalization converged after 1 iterations.
 Energy = 11009.85502231488
 Updating left boundary for site 4

 MICROITERATION NUMBER = 4  , forward sweep
 - Optimization centered on site: 4
 - Left boundaries taken from index: 4
 - Right boundaries taken from index: 6

 Jacobi-Davidson diagonalization converged after 7 iterations.
 Energy = 11009.8550218863
 Updating left boundary for site 5

 MICROITERATION NUMBER = 5  , forward sweep
 - Optimization centered on site: 5
 - Left boundaries taken from index: 5
 - Right boundaries taken from index: 7

 Jacobi-Davidson diagonalization converged after 10 iterations.
 Energy = 11009.85495002599
 Updating left boundary for site 6

 MICROITERATION NUMBER = 6  , forward sweep
 - Optimization centered on site: 6
 - Left boundaries taken from index: 6
 - Right boundaries taken from index: 8

 Jacobi-Davidson diagonalization converged after 10 iterations.
 Energy = 11009.85498746985
 Updating left boundary for site 7

 MICROITERATION NUMBER = 7  , forward sweep
 - Optimization centered on site: 7
 - Left boundaries taken from index: 7
 - Right boundaries taken from index: 9

 Jacobi-Davidson diagonalization converged after 9 iterations.
 Energy = 11009.8550234853
 Updating left boundary for site 8

 MICROITERATION NUMBER = 8  , forward sweep
 - Optimization centered on site: 8
 - Left boundaries taken from index: 8
 - Right boundaries taken from index: 10

 Jacobi-Davidson diagonalization converged after 1 iterations.
 Energy = 11009.8550234845
 Updating left boundary for site 9

 MICROITERATION NUMBER = 9  , forward sweep
 - Optimization centered on site: 9
 - Left boundaries taken from index: 9
 - Right boundaries taken from index: 11

 Jacobi-Davidson diagonalization converged after 1 iterations.
 Energy = 11009.8550234845
 Updating left boundary for site 10

 MICROITERATION NUMBER = 10  , forward sweep
 - Optimization centered on site: 10
 - Left boundaries taken from index: 10
 - Right boundaries taken from index: 12

 Jacobi-Davidson diagonalization converged after 1 iterations.
 Energy = 11009.85502348451
 Updating left boundary for site 11

 MICROITERATION NUMBER = 11  , backward sweep
 - Optimization centered on site: 11
 - Left boundaries taken from index: 10
 - Right boundaries taken from index: 12

 Jacobi-Davidson diagonalization converged after 1 iterations.
 Energy = 11009.85502348451
 Updating right boundary for site 11

 MICROITERATION NUMBER = 12  , backward sweep
 - Optimization centered on site: 10
 - Left boundaries taken from index: 9
 - Right boundaries taken from index: 11

 Jacobi-Davidson diagonalization converged after 1 iterations.
 Energy = 11009.8550234845
 Updating right boundary for site 10

 MICROITERATION NUMBER = 13  , backward sweep
 - Optimization centered on site: 9
 - Left boundaries taken from index: 8
 - Right boundaries taken from index: 10

 Jacobi-Davidson diagonalization converged after 1 iterations.
 Energy = 11009.8550234845
 Updating right boundary for site 9

 MICROITERATION NUMBER = 14  , backward sweep
 - Optimization centered on site: 8
 - Left boundaries taken from index: 7
 - Right boundaries taken from index: 9

 Jacobi-Davidson diagonalization converged after 1 iterations.
 Energy = 11009.8550234845
 Updating right boundary for site 8

 MICROITERATION NUMBER = 15  , backward sweep
 - Optimization centered on site: 7
 - Left boundaries taken from index: 6
 - Right boundaries taken from index: 8

 Jacobi-Davidson diagonalization converged after 10 iterations.
 Energy = 11009.85498746688
 Updating right boundary for site 7

 MICROITERATION NUMBER = 16  , backward sweep
 - Optimization centered on site: 6
 - Left boundaries taken from index: 5
 - Right boundaries taken from index: 7

 Jacobi-Davidson diagonalization converged after 10 iterations.
 Energy = 11009.85495002109
 Updating right boundary for site 6

 MICROITERATION NUMBER = 17  , backward sweep
 - Optimization centered on site: 5
 - Left boundaries taken from index: 4
 - Right boundaries taken from index: 6

 Jacobi-Davidson diagonalization converged after 9 iterations.
 Energy = 11009.85502188582
 Updating right boundary for site 5

 MICROITERATION NUMBER = 18  , backward sweep
 - Optimization centered on site: 4
 - Left boundaries taken from index: 3
 - Right boundaries taken from index: 5

 Jacobi-Davidson diagonalization converged after 5 iterations.
 Energy = 11009.85502231671
 Updating right boundary for site 4

 MICROITERATION NUMBER = 19  , backward sweep
 - Optimization centered on site: 3
 - Left boundaries taken from index: 2
 - Right boundaries taken from index: 4

 Jacobi-Davidson diagonalization converged after 1 iterations.
 Energy = 11009.8550223151
 Updating right boundary for site 3

 MICROITERATION NUMBER = 20  , backward sweep
 - Optimization centered on site: 2
 - Left boundaries taken from index: 1
 - Right boundaries taken from index: 3

 Jacobi-Davidson diagonalization converged after 1 iterations.
 Energy = 11009.8550223151
 Updating right boundary for site 2

 MICROITERATION NUMBER = 21  , backward sweep
 - Optimization centered on site: 1
 - Left boundaries taken from index: 0
 - Right boundaries taken from index: 2

 Jacobi-Davidson diagonalization converged after 1 iterations.
 Energy = 11009.85502231508
 Updating right boundary for site 1


 -------------------
   SWEEP NUMBER 13
 -------------------
 - Noise parameter: 1e-08
 - Maximum bond dimension: 100
 - Truncation parameter: 0

 MICROITERATION NUMBER = 0  , forward sweep
 - Optimization centered on site: 0
 - Left boundaries taken from index: 0
 - Right boundaries taken from index: 2

 Jacobi-Davidson diagonalization converged after 1 iterations.
 Energy = 11009.85502231508
 Updating left boundary for site 1

 MICROITERATION NUMBER = 1  , forward sweep
 - Optimization centered on site: 1
 - Left boundaries taken from index: 1
 - Right boundaries taken from index: 3

 Jacobi-Davidson diagonalization converged after 1 iterations.
 Energy = 11009.8550223151
 Updating left boundary for site 2

 MICROITERATION NUMBER = 2  , forward sweep
 - Optimization centered on site: 2
 - Left boundaries taken from index: 2
 - Right boundaries taken from index: 4

 Jacobi-Davidson diagonalization converged after 1 iterations.
 Energy = 11009.85502231509
 Updating left boundary for site 3

 MICROITERATION NUMBER = 3  , forward sweep
 - Optimization centered on site: 3
 - Left boundaries taken from index: 3
 - Right boundaries taken from index: 5

 Jacobi-Davidson diagonalization converged after 1 iterations.
 Energy = 11009.855022315
 Updating left boundary for site 4

 MICROITERATION NUMBER = 4  , forward sweep
 - Optimization centered on site: 4
 - Left boundaries taken from index: 4
 - Right boundaries taken from index: 6

 Jacobi-Davidson diagonalization converged after 7 iterations.
 Energy = 11009.85502188507
 Updating left boundary for site 5

 MICROITERATION NUMBER = 5  , forward sweep
 - Optimization centered on site: 5
 - Left boundaries taken from index: 5
 - Right boundaries taken from index: 7

 Jacobi-Davidson diagonalization converged after 10 iterations.
 Energy = 11009.8549500252
 Updating left boundary for site 6

 MICROITERATION NUMBER = 6  , forward sweep
 - Optimization centered on site: 6
 - Left boundaries taken from index: 6
 - Right boundaries taken from index: 8

 Jacobi-Davidson diagonalization converged after 10 iterations.
 Energy = 11009.85498747244
 Updating left boundary for site 7

 MICROITERATION NUMBER = 7  , forward sweep
 - Optimization centered on site: 7
 - Left boundaries taken from index: 7
 - Right boundaries taken from index: 9

 Jacobi-Davidson diagonalization converged after 9 iterations.
 Energy = 11009.85502348765
 Updating left boundary for site 8

 MICROITERATION NUMBER = 8  , forward sweep
 - Optimization centered on site: 8
 - Left boundaries taken from index: 8
 - Right boundaries taken from index: 10

 Jacobi-Davidson diagonalization converged after 1 iterations.
 Energy = 11009.85502348466
 Updating left boundary for site 9

 MICROITERATION NUMBER = 9  , forward sweep
 - Optimization centered on site: 9
 - Left boundaries taken from index: 9
 - Right boundaries taken from index: 11

 Jacobi-Davidson diagonalization converged after 1 iterations.
 Energy = 11009.85502348464
 Updating left boundary for site 10

 MICROITERATION NUMBER = 10  , forward sweep
 - Optimization centered on site: 10
 - Left boundaries taken from index: 10
 - Right boundaries taken from index: 12

 Jacobi-Davidson diagonalization converged after 1 iterations.
 Energy = 11009.85502348465
 Updating left boundary for site 11

 MICROITERATION NUMBER = 11  , backward sweep
 - Optimization centered on site: 11
 - Left boundaries taken from index: 10
 - Right boundaries taken from index: 12

 Jacobi-Davidson diagonalization converged after 1 iterations.
 Energy = 11009.85502348465
 Updating right boundary for site 11

 MICROITERATION NUMBER = 12  , backward sweep
 - Optimization centered on site: 10
 - Left boundaries taken from index: 9
 - Right boundaries taken from index: 11

 Jacobi-Davidson diagonalization converged after 1 iterations.
 Energy = 11009.85502348464
 Updating right boundary for site 10

 MICROITERATION NUMBER = 13  , backward sweep
 - Optimization centered on site: 9
 - Left boundaries taken from index: 8
 - Right boundaries taken from index: 10

 Jacobi-Davidson diagonalization converged after 1 iterations.
 Energy = 11009.85502348467
 Updating right boundary for site 9

 MICROITERATION NUMBER = 14  , backward sweep
 - Optimization centered on site: 8
 - Left boundaries taken from index: 7
 - Right boundaries taken from index: 9

 Jacobi-Davidson diagonalization converged after 1 iterations.
 Energy = 11009.85502348458
 Updating right boundary for site 8

 MICROITERATION NUMBER = 15  , backward sweep
 - Optimization centered on site: 7
 - Left boundaries taken from index: 6
 - Right boundaries taken from index: 8

 Jacobi-Davidson diagonalization converged after 10 iterations.
 Energy = 11009.85498747218
 Updating right boundary for site 7

 MICROITERATION NUMBER = 16  , backward sweep
 - Optimization centered on site: 6
 - Left boundaries taken from index: 5
 - Right boundaries taken from index: 7

 Jacobi-Davidson diagonalization converged after 10 iterations.
 Energy = 11009.85495002677
 Updating right boundary for site 6

 MICROITERATION NUMBER = 17  , backward sweep
 - Optimization centered on site: 5
 - Left boundaries taken from index: 4
 - Right boundaries taken from index: 6

 Jacobi-Davidson diagonalization converged after 9 iterations.
 Energy = 11009.85502188515
 Updating right boundary for site 5

 MICROITERATION NUMBER = 18  , backward sweep
 - Optimization centered on site: 4
 - Left boundaries taken from index: 3
 - Right boundaries taken from index: 5

 Jacobi-Davidson diagonalization converged after 5 iterations.
 Energy = 11009.85502231792
 Updating right boundary for site 4

 MICROITERATION NUMBER = 19  , backward sweep
 - Optimization centered on site: 3
 - Left boundaries taken from index: 2
 - Right boundaries taken from index: 4

 Jacobi-Davidson diagonalization converged after 1 iterations.
 Energy = 11009.85502231524
 Updating right boundary for site 3

 MICROITERATION NUMBER = 20  , backward sweep
 - Optimization centered on site: 2
 - Left boundaries taken from index: 1
 - Right boundaries taken from index: 3

 Jacobi-Davidson diagonalization converged after 1 iterations.
 Energy = 11009.85502231525
 Updating right boundary for site 2

 MICROITERATION NUMBER = 21  , backward sweep
 - Optimization centered on site: 1
 - Left boundaries taken from index: 0
 - Right boundaries taken from index: 2

 Jacobi-Davidson diagonalization converged after 1 iterations.
 Energy = 11009.85502231523
 Updating right boundary for site 1


 -------------------
   SWEEP NUMBER 14
 -------------------
 - Noise parameter: 1e-08
 - Maximum bond dimension: 100
 - Truncation parameter: 0

 MICROITERATION NUMBER = 0  , forward sweep
 - Optimization centered on site: 0
 - Left boundaries taken from index: 0
 - Right boundaries taken from index: 2

 Jacobi-Davidson diagonalization converged after 1 iterations.
 Energy = 11009.85502231523
 Updating left boundary for site 1

 MICROITERATION NUMBER = 1  , forward sweep
 - Optimization centered on site: 1
 - Left boundaries taken from index: 1
 - Right boundaries taken from index: 3

 Jacobi-Davidson diagonalization converged after 1 iterations.
 Energy = 11009.85502231524
 Updating left boundary for site 2

 MICROITERATION NUMBER = 2  , forward sweep
 - Optimization centered on site: 2
 - Left boundaries taken from index: 2
 - Right boundaries taken from index: 4

 Jacobi-Davidson diagonalization converged after 1 iterations.
 Energy = 11009.85502231524
 Updating left boundary for site 3

 MICROITERATION NUMBER = 3  , forward sweep
 - Optimization centered on site: 3
 - Left boundaries taken from index: 3
 - Right boundaries taken from index: 5

 Jacobi-Davidson diagonalization converged after 1 iterations.
 Energy = 11009.85502231521
 Updating left boundary for site 4

 MICROITERATION NUMBER = 4  , forward sweep
 - Optimization centered on site: 4
 - Left boundaries taken from index: 4
 - Right boundaries taken from index: 6

 Jacobi-Davidson diagonalization converged after 7 iterations.
 Energy = 11009.85502188157
 Updating left boundary for site 5

 MICROITERATION NUMBER = 5  , forward sweep
 - Optimization centered on site: 5
 - Left boundaries taken from index: 5
 - Right boundaries taken from index: 7

 Jacobi-Davidson diagonalization converged after 10 iterations.
 Energy = 11009.85495002127
 Updating left boundary for site 6

 MICROITERATION NUMBER = 6  , forward sweep
 - Optimization centered on site: 6
 - Left boundaries taken from index: 6
 - Right boundaries taken from index: 8

 Jacobi-Davidson diagonalization converged after 10 iterations.
 Energy = 11009.85498747332
 Updating left boundary for site 7

 MICROITERATION NUMBER = 7  , forward sweep
 - Optimization centered on site: 7
 - Left boundaries taken from index: 7
 - Right boundaries taken from index: 9

 Jacobi-Davidson diagonalization converged after 9 iterations.
 Energy = 11009.85502348739
 Updating left boundary for site 8

 MICROITERATION NUMBER = 8  , forward sweep
 - Optimization centered on site: 8
 - Left boundaries taken from index: 8
 - Right boundaries taken from index: 10

 Jacobi-Davidson diagonalization converged after 1 iterations.
 Energy = 11009.85502348478
 Updating left boundary for site 9

 MICROITERATION NUMBER = 9  , forward sweep
 - Optimization centered on site: 9
 - Left boundaries taken from index: 9
 - Right boundaries taken from index: 11

 Jacobi-Davidson diagonalization converged after 1 iterations.
 Energy = 11009.85502348477
 Updating left boundary for site 10

 MICROITERATION NUMBER = 10  , forward sweep
 - Optimization centered on site: 10
 - Left boundaries taken from index: 10
 - Right boundaries taken from index: 12

 Jacobi-Davidson diagonalization converged after 1 iterations.
 Energy = 11009.85502348476
 Updating left boundary for site 11

 MICROITERATION NUMBER = 11  , backward sweep
 - Optimization centered on site: 11
 - Left boundaries taken from index: 10
 - Right boundaries taken from index: 12

 Jacobi-Davidson diagonalization converged after 1 iterations.
 Energy = 11009.85502348476
 Updating right boundary for site 11

 MICROITERATION NUMBER = 12  , backward sweep
 - Optimization centered on site: 10
 - Left boundaries taken from index: 9
 - Right boundaries taken from index: 11

 Jacobi-Davidson diagonalization converged after 1 iterations.
 Energy = 11009.85502348477
 Updating right boundary for site 10

 MICROITERATION NUMBER = 13  , backward sweep
 - Optimization centered on site: 9
 - Left boundaries taken from index: 8
 - Right boundaries taken from index: 10

 Jacobi-Davidson diagonalization converged after 1 iterations.
 Energy = 11009.85502348476
 Updating right boundary for site 9

 MICROITERATION NUMBER = 14  , backward sweep
 - Optimization centered on site: 8
 - Left boundaries taken from index: 7
 - Right boundaries taken from index: 9

 Jacobi-Davidson diagonalization converged after 1 iterations.
 Energy = 11009.85502348476
 Updating right boundary for site 8

 MICROITERATION NUMBER = 15  , backward sweep
 - Optimization centered on site: 7
 - Left boundaries taken from index: 6
 - Right boundaries taken from index: 8

 Jacobi-Davidson diagonalization converged after 10 iterations.
 Energy = 11009.85498747025
 Updating right boundary for site 7

 MICROITERATION NUMBER = 16  , backward sweep
 - Optimization centered on site: 6
 - Left boundaries taken from index: 5
 - Right boundaries taken from index: 7

 Jacobi-Davidson diagonalization converged after 10 iterations.
 Energy = 11009.85495002014
 Updating right boundary for site 6

 MICROITERATION NUMBER = 17  , backward sweep
 - Optimization centered on site: 5
 - Left boundaries taken from index: 4
 - Right boundaries taken from index: 6

 Jacobi-Davidson diagonalization converged after 9 iterations.
 Energy = 11009.85502188326
 Updating right boundary for site 5

 MICROITERATION NUMBER = 18  , backward sweep
 - Optimization centered on site: 4
 - Left boundaries taken from index: 3
 - Right boundaries taken from index: 5

 Jacobi-Davidson diagonalization converged after 5 iterations.
 Energy = 11009.85502231269
 Updating right boundary for site 4

 MICROITERATION NUMBER = 19  , backward sweep
 - Optimization centered on site: 3
 - Left boundaries taken from index: 2
 - Right boundaries taken from index: 4

 Jacobi-Davidson diagonalization converged after 1 iterations.
 Energy = 11009.85502231539
 Updating right boundary for site 3

 MICROITERATION NUMBER = 20  , backward sweep
 - Optimization centered on site: 2
 - Left boundaries taken from index: 1
 - Right boundaries taken from index: 3

 Jacobi-Davidson diagonalization converged after 1 iterations.
 Energy = 11009.8550223154
 Updating right boundary for site 2

 MICROITERATION NUMBER = 21  , backward sweep
 - Optimization centered on site: 1
 - Left boundaries taken from index: 0
 - Right boundaries taken from index: 2

 Jacobi-Davidson diagonalization converged after 1 iterations.
 Energy = 11009.85502231539
 Updating right boundary for site 1


 -------------------
   SWEEP NUMBER 15
 -------------------
 - Noise parameter: 1e-08
 - Maximum bond dimension: 100
 - Truncation parameter: 0

 MICROITERATION NUMBER = 0  , forward sweep
 - Optimization centered on site: 0
 - Left boundaries taken from index: 0
 - Right boundaries taken from index: 2

 Jacobi-Davidson diagonalization converged after 1 iterations.
 Energy = 11009.85502231539
 Updating left boundary for site 1

 MICROITERATION NUMBER = 1  , forward sweep
 - Optimization centered on site: 1
 - Left boundaries taken from index: 1
 - Right boundaries taken from index: 3

 Jacobi-Davidson diagonalization converged after 1 iterations.
 Energy = 11009.85502231539
 Updating left boundary for site 2

 MICROITERATION NUMBER = 2  , forward sweep
 - Optimization centered on site: 2
 - Left boundaries taken from index: 2
 - Right boundaries taken from index: 4

 Jacobi-Davidson diagonalization converged after 1 iterations.
 Energy = 11009.85502231538
 Updating left boundary for site 3

 MICROITERATION NUMBER = 3  , forward sweep
 - Optimization centered on site: 3
 - Left boundaries taken from index: 3
 - Right boundaries taken from index: 5

 Jacobi-Davidson diagonalization converged after 1 iterations.
 Energy = 11009.85502231534
 Updating left boundary for site 4

 MICROITERATION NUMBER = 4  , forward sweep
 - Optimization centered on site: 4
 - Left boundaries taken from index: 4
 - Right boundaries taken from index: 6

 Jacobi-Davidson diagonalization converged after 7 iterations.
 Energy = 11009.85502188134
 Updating left boundary for site 5

 MICROITERATION NUMBER = 5  , forward sweep
 - Optimization centered on site: 5
 - Left boundaries taken from index: 5
 - Right boundaries taken from index: 7

 Jacobi-Davidson diagonalization converged after 10 iterations.
 Energy = 11009.85495002022
 Updating left boundary for site 6

 MICROITERATION NUMBER = 6  , forward sweep
 - Optimization centered on site: 6
 - Left boundaries taken from index: 6
 - Right boundaries taken from index: 8

 Jacobi-Davidson diagonalization converged after 10 iterations.
 Energy = 11009.85498747338
 Updating left boundary for site 7

 MICROITERATION NUMBER = 7  , forward sweep
 - Optimization centered on site: 7
 - Left boundaries taken from index: 7
 - Right boundaries taken from index: 9

 Jacobi-Davidson diagonalization converged after 9 iterations.
 Energy = 11009.85502348601
 Updating left boundary for site 8

 MICROITERATION NUMBER = 8  , forward sweep
 - Optimization centered on site: 8
 - Left boundaries taken from index: 8
 - Right boundaries taken from index: 10

 Jacobi-Davidson diagonalization converged after 1 iterations.
 Energy = 11009.85502348483
 Updating left boundary for site 9

 MICROITERATION NUMBER = 9  , forward sweep
 - Optimization centered on site: 9
 - Left boundaries taken from index: 9
 - Right boundaries taken from index: 11

 Jacobi-Davidson diagonalization converged after 1 iterations.
 Energy = 11009.85502348487
 Updating left boundary for site 10

 MICROITERATION NUMBER = 10  , forward sweep
 - Optimization centered on site: 10
 - Left boundaries taken from index: 10
 - Right boundaries taken from index: 12

 Jacobi-Davidson diagonalization converged after 1 iterations.
 Energy = 11009.85502348486
 Updating left boundary for site 11

 MICROITERATION NUMBER = 11  , backward sweep
 - Optimization centered on site: 11
 - Left boundaries taken from index: 10
 - Right boundaries taken from index: 12

 Jacobi-Davidson diagonalization converged after 1 iterations.
 Energy = 11009.85502348486
 Updating right boundary for site 11

 MICROITERATION NUMBER = 12  , backward sweep
 - Optimization centered on site: 10
 - Left boundaries taken from index: 9
 - Right boundaries taken from index: 11

 Jacobi-Davidson diagonalization converged after 1 iterations.
 Energy = 11009.85502348486
 Updating right boundary for site 10

 MICROITERATION NUMBER = 13  , backward sweep
 - Optimization centered on site: 9
 - Left boundaries taken from index: 8
 - Right boundaries taken from index: 10

 Jacobi-Davidson diagonalization converged after 1 iterations.
 Energy = 11009.85502348482
 Updating right boundary for site 9

 MICROITERATION NUMBER = 14  , backward sweep
 - Optimization centered on site: 8
 - Left boundaries taken from index: 7
 - Right boundaries taken from index: 9

 Jacobi-Davidson diagonalization converged after 1 iterations.
 Energy = 11009.85502348474
 Updating right boundary for site 8

 MICROITERATION NUMBER = 15  , backward sweep
 - Optimization centered on site: 7
 - Left boundaries taken from index: 6
 - Right boundaries taken from index: 8

 Jacobi-Davidson diagonalization converged after 10 iterations.
 Energy = 11009.85498747277
 Updating right boundary for site 7

 MICROITERATION NUMBER = 16  , backward sweep
 - Optimization centered on site: 6
 - Left boundaries taken from index: 5
 - Right boundaries taken from index: 7

 Jacobi-Davidson diagonalization converged after 10 iterations.
 Energy = 11009.85495002674
 Updating right boundary for site 6

 MICROITERATION NUMBER = 17  , backward sweep
 - Optimization centered on site: 5
 - Left boundaries taken from index: 4
 - Right boundaries taken from index: 6

 Jacobi-Davidson diagonalization converged after 9 iterations.
 Energy = 11009.85502188403
 Updating right boundary for site 5

 MICROITERATION NUMBER = 18  , backward sweep
 - Optimization centered on site: 4
 - Left boundaries taken from index: 3
 - Right boundaries taken from index: 5

 Jacobi-Davidson diagonalization converged after 5 iterations.
 Energy = 11009.8550223128
 Updating right boundary for site 4

 MICROITERATION NUMBER = 19  , backward sweep
 - Optimization centered on site: 3
 - Left boundaries taken from index: 2
 - Right boundaries taken from index: 4

 Jacobi-Davidson diagonalization converged after 1 iterations.
 Energy = 11009.85502231548
 Updating right boundary for site 3

 MICROITERATION NUMBER = 20  , backward sweep
 - Optimization centered on site: 2
 - Left boundaries taken from index: 1
 - Right boundaries taken from index: 3

 Jacobi-Davidson diagonalization converged after 1 iterations.
 Energy = 11009.8550223155
 Updating right boundary for site 2

 MICROITERATION NUMBER = 21  , backward sweep
 - Optimization centered on site: 1
 - Left boundaries taken from index: 0
 - Right boundaries taken from index: 2

 Jacobi-Davidson diagonalization converged after 1 iterations.
 Energy = 11009.8550223155
 Updating right boundary for site 1


 -------------------
   SWEEP NUMBER 16
 -------------------
 - Noise parameter: 1e-08
 - Maximum bond dimension: 100
 - Truncation parameter: 0

 MICROITERATION NUMBER = 0  , forward sweep
 - Optimization centered on site: 0
 - Left boundaries taken from index: 0
 - Right boundaries taken from index: 2

 Jacobi-Davidson diagonalization converged after 1 iterations.
 Energy = 11009.8550223155
 Updating left boundary for site 1

 MICROITERATION NUMBER = 1  , forward sweep
 - Optimization centered on site: 1
 - Left boundaries taken from index: 1
 - Right boundaries taken from index: 3

 Jacobi-Davidson diagonalization converged after 1 iterations.
 Energy = 11009.8550223155
 Updating left boundary for site 2

 MICROITERATION NUMBER = 2  , forward sweep
 - Optimization centered on site: 2
 - Left boundaries taken from index: 2
 - Right boundaries taken from index: 4

 Jacobi-Davidson diagonalization converged after 1 iterations.
 Energy = 11009.85502231548
 Updating left boundary for site 3

 MICROITERATION NUMBER = 3  , forward sweep
 - Optimization centered on site: 3
 - Left boundaries taken from index: 3
 - Right boundaries taken from index: 5

 Jacobi-Davidson diagonalization converged after 1 iterations.
 Energy = 11009.85502231544
 Updating left boundary for site 4

 MICROITERATION NUMBER = 4  , forward sweep
 - Optimization centered on site: 4
 - Left boundaries taken from index: 4
 - Right boundaries taken from index: 6

 Jacobi-Davidson diagonalization converged after 7 iterations.
 Energy = 11009.85502188106
 Updating left boundary for site 5

 MICROITERATION NUMBER = 5  , forward sweep
 - Optimization centered on site: 5
 - Left boundaries taken from index: 5
 - Right boundaries taken from index: 7

 Jacobi-Davidson diagonalization converged after 10 iterations.
 Energy = 11009.85495002459
 Updating left boundary for site 6

 MICROITERATION NUMBER = 6  , forward sweep
 - Optimization centered on site: 6
 - Left boundaries taken from index: 6
 - Right boundaries taken from index: 8

 Jacobi-Davidson diagonalization converged after 10 iterations.
 Energy = 11009.8549874726
 Updating left boundary for site 7

 MICROITERATION NUMBER = 7  , forward sweep
 - Optimization centered on site: 7
 - Left boundaries taken from index: 7
 - Right boundaries taken from index: 9

 Jacobi-Davidson diagonalization converged after 9 iterations.
 Energy = 11009.85502348543
 Updating left boundary for site 8

 MICROITERATION NUMBER = 8  , forward sweep
 - Optimization centered on site: 8
 - Left boundaries taken from index: 8
 - Right boundaries taken from index: 10

 Jacobi-Davidson diagonalization converged after 1 iterations.
 Energy = 11009.85502348492
 Updating left boundary for site 9

 MICROITERATION NUMBER = 9  , forward sweep
 - Optimization centered on site: 9
 - Left boundaries taken from index: 9
 - Right boundaries taken from index: 11

 Jacobi-Davidson diagonalization converged after 1 iterations.
 Energy = 11009.85502348494
 Updating left boundary for site 10

 MICROITERATION NUMBER = 10  , forward sweep
 - Optimization centered on site: 10
 - Left boundaries taken from index: 10
 - Right boundaries taken from index: 12

 Jacobi-Davidson diagonalization converged after 1 iterations.
 Energy = 11009.85502348493
 Updating left boundary for site 11

 MICROITERATION NUMBER = 11  , backward sweep
 - Optimization centered on site: 11
 - Left boundaries taken from index: 10
 - Right boundaries taken from index: 12

 Jacobi-Davidson diagonalization converged after 1 iterations.
 Energy = 11009.85502348493
 Updating right boundary for site 11

 MICROITERATION NUMBER = 12  , backward sweep
 - Optimization centered on site: 10
 - Left boundaries taken from index: 9
 - Right boundaries taken from index: 11

 Jacobi-Davidson diagonalization converged after 1 iterations.
 Energy = 11009.85502348494
 Updating right boundary for site 10

 MICROITERATION NUMBER = 13  , backward sweep
 - Optimization centered on site: 9
 - Left boundaries taken from index: 8
 - Right boundaries taken from index: 10

 Jacobi-Davidson diagonalization converged after 1 iterations.
 Energy = 11009.85502348492
 Updating right boundary for site 9

 MICROITERATION NUMBER = 14  , backward sweep
 - Optimization centered on site: 8
 - Left boundaries taken from index: 7
 - Right boundaries taken from index: 9

 Jacobi-Davidson diagonalization converged after 1 iterations.
 Energy = 11009.85502348488
 Updating right boundary for site 8

 MICROITERATION NUMBER = 15  , backward sweep
 - Optimization centered on site: 7
 - Left boundaries taken from index: 6
 - Right boundaries taken from index: 8

 Jacobi-Davidson diagonalization converged after 10 iterations.
 Energy = 11009.85498747232
 Updating right boundary for site 7

 MICROITERATION NUMBER = 16  , backward sweep
 - Optimization centered on site: 6
 - Left boundaries taken from index: 5
 - Right boundaries taken from index: 7

 Jacobi-Davidson diagonalization converged after 10 iterations.
 Energy = 11009.85495002446
 Updating right boundary for site 6

 MICROITERATION NUMBER = 17  , backward sweep
 - Optimization centered on site: 5
 - Left boundaries taken from index: 4
 - Right boundaries taken from index: 6

 Jacobi-Davidson diagonalization converged after 9 iterations.
 Energy = 11009.85502188376
 Updating right boundary for site 5

 MICROITERATION NUMBER = 18  , backward sweep
 - Optimization centered on site: 4
 - Left boundaries taken from index: 3
 - Right boundaries taken from index: 5

 Jacobi-Davidson diagonalization converged after 5 iterations.
 Energy = 11009.85502231638
 Updating right boundary for site 4

 MICROITERATION NUMBER = 19  , backward sweep
 - Optimization centered on site: 3
 - Left boundaries taken from index: 2
 - Right boundaries taken from index: 4

 Jacobi-Davidson diagonalization converged after 1 iterations.
 Energy = 11009.8550223156
 Updating right boundary for site 3

 MICROITERATION NUMBER = 20  , backward sweep
 - Optimization centered on site: 2
 - Left boundaries taken from index: 1
 - Right boundaries taken from index: 3

 Jacobi-Davidson diagonalization converged after 1 iterations.
 Energy = 11009.85502231558
 Updating right boundary for site 2

 MICROITERATION NUMBER = 21  , backward sweep
 - Optimization centered on site: 1
 - Left boundaries taken from index: 0
 - Right boundaries taken from index: 2

 Jacobi-Davidson diagonalization converged after 1 iterations.
 Energy = 11009.85502231559
 Updating right boundary for site 1


 -------------------
   SWEEP NUMBER 17
 -------------------
 - Noise parameter: 1e-08
 - Maximum bond dimension: 100
 - Truncation parameter: 0

 MICROITERATION NUMBER = 0  , forward sweep
 - Optimization centered on site: 0
 - Left boundaries taken from index: 0
 - Right boundaries taken from index: 2

 Jacobi-Davidson diagonalization converged after 1 iterations.
 Energy = 11009.85502231559
 Updating left boundary for site 1

 MICROITERATION NUMBER = 1  , forward sweep
 - Optimization centered on site: 1
 - Left boundaries taken from index: 1
 - Right boundaries taken from index: 3

 Jacobi-Davidson diagonalization converged after 1 iterations.
 Energy = 11009.85502231558
 Updating left boundary for site 2

 MICROITERATION NUMBER = 2  , forward sweep
 - Optimization centered on site: 2
 - Left boundaries taken from index: 2
 - Right boundaries taken from index: 4

 Jacobi-Davidson diagonalization converged after 1 iterations.
 Energy = 11009.8550223156
 Updating left boundary for site 3

 MICROITERATION NUMBER = 3  , forward sweep
 - Optimization centered on site: 3
 - Left boundaries taken from index: 3
 - Right boundaries taken from index: 5

 Jacobi-Davidson diagonalization converged after 1 iterations.
 Energy = 11009.85502231552
 Updating left boundary for site 4

 MICROITERATION NUMBER = 4  , forward sweep
 - Optimization centered on site: 4
 - Left boundaries taken from index: 4
 - Right boundaries taken from index: 6

 Jacobi-Davidson diagonalization converged after 7 iterations.
 Energy = 11009.85502188306
 Updating left boundary for site 5

 MICROITERATION NUMBER = 5  , forward sweep
 - Optimization centered on site: 5
 - Left boundaries taken from index: 5
 - Right boundaries taken from index: 7

 Jacobi-Davidson diagonalization converged after 10 iterations.
 Energy = 11009.85495002233
 Updating left boundary for site 6

 MICROITERATION NUMBER = 6  , forward sweep
 - Optimization centered on site: 6
 - Left boundaries taken from index: 6
 - Right boundaries taken from index: 8

 Jacobi-Davidson diagonalization converged after 10 iterations.
 Energy = 11009.8549874659
 Updating left boundary for site 7

 MICROITERATION NUMBER = 7  , forward sweep
 - Optimization centered on site: 7
 - Left boundaries taken from index: 7
 - Right boundaries taken from index: 9

 Jacobi-Davidson diagonalization converged after 9 iterations.
 Energy = 11009.85502348842
 Updating left boundary for site 8

 MICROITERATION NUMBER = 8  , forward sweep
 - Optimization centered on site: 8
 - Left boundaries taken from index: 8
 - Right boundaries taken from index: 10

 Jacobi-Davidson diagonalization converged after 1 iterations.
 Energy = 11009.85502348498
 Updating left boundary for site 9

 MICROITERATION NUMBER = 9  , forward sweep
 - Optimization centered on site: 9
 - Left boundaries taken from index: 9
 - Right boundaries taken from index: 11

 Jacobi-Davidson diagonalization converged after 1 iterations.
 Energy = 11009.85502348499
 Updating left boundary for site 10

 MICROITERATION NUMBER = 10  , forward sweep
 - Optimization centered on site: 10
 - Left boundaries taken from index: 10
 - Right boundaries taken from index: 12

 Jacobi-Davidson diagonalization converged after 1 iterations.
 Energy = 11009.85502348498
 Updating left boundary for site 11

 MICROITERATION NUMBER = 11  , backward sweep
 - Optimization centered on site: 11
 - Left boundaries taken from index: 10
 - Right boundaries taken from index: 12

 Jacobi-Davidson diagonalization converged after 1 iterations.
 Energy = 11009.85502348498
 Updating right boundary for site 11

 MICROITERATION NUMBER = 12  , backward sweep
 - Optimization centered on site: 10
 - Left boundaries taken from index: 9
 - Right boundaries taken from index: 11

 Jacobi-Davidson diagonalization converged after 1 iterations.
 Energy = 11009.855023485
 Updating right boundary for site 10

 MICROITERATION NUMBER = 13  , backward sweep
 - Optimization centered on site: 9
 - Left boundaries taken from index: 8
 - Right boundaries taken from index: 10

 Jacobi-Davidson diagonalization converged after 1 iterations.
 Energy = 11009.855023485
 Updating right boundary for site 9

 MICROITERATION NUMBER = 14  , backward sweep
 - Optimization centered on site: 8
 - Left boundaries taken from index: 7
 - Right boundaries taken from index: 9

 Jacobi-Davidson diagonalization converged after 1 iterations.
 Energy = 11009.85502348502
 Updating right boundary for site 8

 MICROITERATION NUMBER = 15  , backward sweep
 - Optimization centered on site: 7
 - Left boundaries taken from index: 6
 - Right boundaries taken from index: 8

 Jacobi-Davidson diagonalization converged after 10 iterations.
 Energy = 11009.85498747188
 Updating right boundary for site 7

 MICROITERATION NUMBER = 16  , backward sweep
 - Optimization centered on site: 6
 - Left boundaries taken from index: 5
 - Right boundaries taken from index: 7

 Jacobi-Davidson diagonalization converged after 10 iterations.
 Energy = 11009.85495002271
 Updating right boundary for site 6

 MICROITERATION NUMBER = 17  , backward sweep
 - Optimization centered on site: 5
 - Left boundaries taken from index: 4
 - Right boundaries taken from index: 6

 Jacobi-Davidson diagonalization converged after 9 iterations.
 Energy = 11009.85502188093
 Updating right boundary for site 5

 MICROITERATION NUMBER = 18  , backward sweep
 - Optimization centered on site: 4
 - Left boundaries taken from index: 3
 - Right boundaries taken from index: 5

 Jacobi-Davidson diagonalization converged after 5 iterations.
 Energy = 11009.85502231411
 Updating right boundary for site 4

 MICROITERATION NUMBER = 19  , backward sweep
 - Optimization centered on site: 3
 - Left boundaries taken from index: 2
 - Right boundaries taken from index: 4

 Jacobi-Davidson diagonalization converged after 1 iterations.
 Energy = 11009.85502231564
 Updating right boundary for site 3

 MICROITERATION NUMBER = 20  , backward sweep
 - Optimization centered on site: 2
 - Left boundaries taken from index: 1
 - Right boundaries taken from index: 3

 Jacobi-Davidson diagonalization converged after 1 iterations.
 Energy = 11009.85502231563
 Updating right boundary for site 2

 MICROITERATION NUMBER = 21  , backward sweep
 - Optimization centered on site: 1
 - Left boundaries taken from index: 0
 - Right boundaries taken from index: 2

 Jacobi-Davidson diagonalization converged after 1 iterations.
 Energy = 11009.85502231564
 Updating right boundary for site 1


 -------------------
   SWEEP NUMBER 18
 -------------------
 - Noise parameter: 1e-08
 - Maximum bond dimension: 100
 - Truncation parameter: 0

 MICROITERATION NUMBER = 0  , forward sweep
 - Optimization centered on site: 0
 - Left boundaries taken from index: 0
 - Right boundaries taken from index: 2

 Jacobi-Davidson diagonalization converged after 1 iterations.
 Energy = 11009.85502231564
 Updating left boundary for site 1

 MICROITERATION NUMBER = 1  , forward sweep
 - Optimization centered on site: 1
 - Left boundaries taken from index: 1
 - Right boundaries taken from index: 3

 Jacobi-Davidson diagonalization converged after 1 iterations.
 Energy = 11009.85502231563
 Updating left boundary for site 2

 MICROITERATION NUMBER = 2  , forward sweep
 - Optimization centered on site: 2
 - Left boundaries taken from index: 2
 - Right boundaries taken from index: 4

 Jacobi-Davidson diagonalization converged after 1 iterations.
 Energy = 11009.85502231564
 Updating left boundary for site 3

 MICROITERATION NUMBER = 3  , forward sweep
 - Optimization centered on site: 3
 - Left boundaries taken from index: 3
 - Right boundaries taken from index: 5

 Jacobi-Davidson diagonalization converged after 1 iterations.
 Energy = 11009.85502231559
 Updating left boundary for site 4

 MICROITERATION NUMBER = 4  , forward sweep
 - Optimization centered on site: 4
 - Left boundaries taken from index: 4
 - Right boundaries taken from index: 6

 Jacobi-Davidson diagonalization converged after 7 iterations.
 Energy = 11009.85502188378
 Updating left boundary for site 5

 MICROITERATION NUMBER = 5  , forward sweep
 - Optimization centered on site: 5
 - Left boundaries taken from index: 5
 - Right boundaries taken from index: 7

 Jacobi-Davidson diagonalization converged after 10 iterations.
 Energy = 11009.85495002323
 Updating left boundary for site 6

 MICROITERATION NUMBER = 6  , forward sweep
 - Optimization centered on site: 6
 - Left boundaries taken from index: 6
 - Right boundaries taken from index: 8

 Jacobi-Davidson diagonalization converged after 10 iterations.
 Energy = 11009.85498747227
 Updating left boundary for site 7

 MICROITERATION NUMBER = 7  , forward sweep
 - Optimization centered on site: 7
 - Left boundaries taken from index: 7
 - Right boundaries taken from index: 9

 Jacobi-Davidson diagonalization converged after 9 iterations.
 Energy = 11009.85502348286
 Updating left boundary for site 8

 MICROITERATION NUMBER = 8  , forward sweep
 - Optimization centered on site: 8
 - Left boundaries taken from index: 8
 - Right boundaries taken from index: 10

 Jacobi-Davidson diagonalization converged after 1 iterations.
 Energy = 11009.85502348502
 Updating left boundary for site 9

 MICROITERATION NUMBER = 9  , forward sweep
 - Optimization centered on site: 9
 - Left boundaries taken from index: 9
 - Right boundaries taken from index: 11

 Jacobi-Davidson diagonalization converged after 1 iterations.
 Energy = 11009.85502348503
 Updating left boundary for site 10

 MICROITERATION NUMBER = 10  , forward sweep
 - Optimization centered on site: 10
 - Left boundaries taken from index: 10
 - Right boundaries taken from index: 12

 Jacobi-Davidson diagonalization converged after 1 iterations.
 Energy = 11009.85502348501
 Updating left boundary for site 11

 MICROITERATION NUMBER = 11  , backward sweep
 - Optimization centered on site: 11
 - Left boundaries taken from index: 10
 - Right boundaries taken from index: 12

 Jacobi-Davidson diagonalization converged after 1 iterations.
 Energy = 11009.85502348501
 Updating right boundary for site 11

 MICROITERATION NUMBER = 12  , backward sweep
 - Optimization centered on site: 10
 - Left boundaries taken from index: 9
 - Right boundaries taken from index: 11

 Jacobi-Davidson diagonalization converged after 1 iterations.
 Energy = 11009.85502348503
 Updating right boundary for site 10

 MICROITERATION NUMBER = 13  , backward sweep
 - Optimization centered on site: 9
 - Left boundaries taken from index: 8
 - Right boundaries taken from index: 10

 Jacobi-Davidson diagonalization converged after 1 iterations.
 Energy = 11009.855023485
 Updating right boundary for site 9

 MICROITERATION NUMBER = 14  , backward sweep
 - Optimization centered on site: 8
 - Left boundaries taken from index: 7
 - Right boundaries taken from index: 9

 Jacobi-Davidson diagonalization converged after 1 iterations.
 Energy = 11009.85502348498
 Updating right boundary for site 8

 MICROITERATION NUMBER = 15  , backward sweep
 - Optimization centered on site: 7
 - Left boundaries taken from index: 6
 - Right boundaries taken from index: 8

 Jacobi-Davidson diagonalization converged after 10 iterations.
 Energy = 11009.85498746858
 Updating right boundary for site 7

 MICROITERATION NUMBER = 16  , backward sweep
 - Optimization centered on site: 6
 - Left boundaries taken from index: 5
 - Right boundaries taken from index: 7

 Jacobi-Davidson diagonalization converged after 10 iterations.
 Energy = 11009.85495002603
 Updating right boundary for site 6

 MICROITERATION NUMBER = 17  , backward sweep
 - Optimization centered on site: 5
 - Left boundaries taken from index: 4
 - Right boundaries taken from index: 6

 Jacobi-Davidson diagonalization converged after 9 iterations.
 Energy = 11009.85502188679
 Updating right boundary for site 5

 MICROITERATION NUMBER = 18  , backward sweep
 - Optimization centered on site: 4
 - Left boundaries taken from index: 3
 - Right boundaries taken from index: 5

 Jacobi-Davidson diagonalization converged after 5 iterations.
 Energy = 11009.85502231742
 Updating right boundary for site 4

 MICROITERATION NUMBER = 19  , backward sweep
 - Optimization centered on site: 3
 - Left boundaries taken from index: 2
 - Right boundaries taken from index: 4

 Jacobi-Davidson diagonalization converged after 1 iterations.
 Energy = 11009.85502231566
 Updating right boundary for site 3

 MICROITERATION NUMBER = 20  , backward sweep
 - Optimization centered on site: 2
 - Left boundaries taken from index: 1
 - Right boundaries taken from index: 3

 Jacobi-Davidson diagonalization converged after 1 iterations.
 Energy = 11009.85502231568
 Updating right boundary for site 2

 MICROITERATION NUMBER = 21  , backward sweep
 - Optimization centered on site: 1
 - Left boundaries taken from index: 0
 - Right boundaries taken from index: 2

 Jacobi-Davidson diagonalization converged after 1 iterations.
 Energy = 11009.85502231569
 Updating right boundary for site 1


 -------------------
   SWEEP NUMBER 19
 -------------------
 - Noise parameter: 1e-08
 - Maximum bond dimension: 100
 - Truncation parameter: 0

 MICROITERATION NUMBER = 0  , forward sweep
 - Optimization centered on site: 0
 - Left boundaries taken from index: 0
 - Right boundaries taken from index: 2

 Jacobi-Davidson diagonalization converged after 1 iterations.
 Energy = 11009.85502231569
 Updating left boundary for site 1

 MICROITERATION NUMBER = 1  , forward sweep
 - Optimization centered on site: 1
 - Left boundaries taken from index: 1
 - Right boundaries taken from index: 3

 Jacobi-Davidson diagonalization converged after 1 iterations.
 Energy = 11009.85502231567
 Updating left boundary for site 2

 MICROITERATION NUMBER = 2  , forward sweep
 - Optimization centered on site: 2
 - Left boundaries taken from index: 2
 - Right boundaries taken from index: 4

 Jacobi-Davidson diagonalization converged after 1 iterations.
 Energy = 11009.85502231567
 Updating left boundary for site 3

 MICROITERATION NUMBER = 3  , forward sweep
 - Optimization centered on site: 3
 - Left boundaries taken from index: 3
 - Right boundaries taken from index: 5

 Jacobi-Davidson diagonalization converged after 1 iterations.
 Energy = 11009.85502231567
 Updating left boundary for site 4

 MICROITERATION NUMBER = 4  , forward sweep
 - Optimization centered on site: 4
 - Left boundaries taken from index: 4
 - Right boundaries taken from index: 6

 Jacobi-Davidson diagonalization converged after 7 iterations.
 Energy = 11009.85502188133
 Updating left boundary for site 5

 MICROITERATION NUMBER = 5  , forward sweep
 - Optimization centered on site: 5
 - Left boundaries taken from index: 5
 - Right boundaries taken from index: 7

 Jacobi-Davidson diagonalization converged after 10 iterations.
 Energy = 11009.85495002622
 Updating left boundary for site 6

 MICROITERATION NUMBER = 6  , forward sweep
 - Optimization centered on site: 6
 - Left boundaries taken from index: 6
 - Right boundaries taken from index: 8

 Jacobi-Davidson diagonalization converged after 10 iterations.
 Energy = 11009.85498747374
 Updating left boundary for site 7

 MICROITERATION NUMBER = 7  , forward sweep
 - Optimization centered on site: 7
 - Left boundaries taken from index: 7
 - Right boundaries taken from index: 9

 Jacobi-Davidson diagonalization converged after 9 iterations.
 Energy = 11009.85502348167
 Updating left boundary for site 8

 MICROITERATION NUMBER = 8  , forward sweep
 - Optimization centered on site: 8
 - Left boundaries taken from index: 8
 - Right boundaries taken from index: 10

 Jacobi-Davidson diagonalization converged after 1 iterations.
 Energy = 11009.85502348502
 Updating left boundary for site 9

 MICROITERATION NUMBER = 9  , forward sweep
 - Optimization centered on site: 9
 - Left boundaries taken from index: 9
 - Right boundaries taken from index: 11

 Jacobi-Davidson diagonalization converged after 1 iterations.
 Energy = 11009.85502348504
 Updating left boundary for site 10

 MICROITERATION NUMBER = 10  , forward sweep
 - Optimization centered on site: 10
 - Left boundaries taken from index: 10
 - Right boundaries taken from index: 12

 Jacobi-Davidson diagonalization converged after 1 iterations.
 Energy = 11009.85502348505
 Updating left boundary for site 11

 MICROITERATION NUMBER = 11  , backward sweep
 - Optimization centered on site: 11
 - Left boundaries taken from index: 10
 - Right boundaries taken from index: 12

 Jacobi-Davidson diagonalization converged after 1 iterations.
 Energy = 11009.85502348505
 Updating right boundary for site 11

 MICROITERATION NUMBER = 12  , backward sweep
 - Optimization centered on site: 10
 - Left boundaries taken from index: 9
 - Right boundaries taken from index: 11

 Jacobi-Davidson diagonalization converged after 1 iterations.
 Energy = 11009.85502348506
 Updating right boundary for site 10

 MICROITERATION NUMBER = 13  , backward sweep
 - Optimization centered on site: 9
 - Left boundaries taken from index: 8
 - Right boundaries taken from index: 10

 Jacobi-Davidson diagonalization converged after 1 iterations.
 Energy = 11009.85502348503
 Updating right boundary for site 9

 MICROITERATION NUMBER = 14  , backward sweep
 - Optimization centered on site: 8
 - Left boundaries taken from index: 7
 - Right boundaries taken from index: 9

 Jacobi-Davidson diagonalization converged after 1 iterations.
 Energy = 11009.85502348501
 Updating right boundary for site 8

 MICROITERATION NUMBER = 15  , backward sweep
 - Optimization centered on site: 7
 - Left boundaries taken from index: 6
 - Right boundaries taken from index: 8

 Jacobi-Davidson diagonalization converged after 10 iterations.
 Energy = 11009.85498746779
 Updating right boundary for site 7

 MICROITERATION NUMBER = 16  , backward sweep
 - Optimization centered on site: 6
 - Left boundaries taken from index: 5
 - Right boundaries taken from index: 7

 Jacobi-Davidson diagonalization converged after 10 iterations.
 Energy = 11009.85495002266
 Updating right boundary for site 6

 MICROITERATION NUMBER = 17  , backward sweep
 - Optimization centered on site: 5
 - Left boundaries taken from index: 4
 - Right boundaries taken from index: 6

 Jacobi-Davidson diagonalization converged after 9 iterations.
 Energy = 11009.85502188273
 Updating right boundary for site 5

 MICROITERATION NUMBER = 18  , backward sweep
 - Optimization centered on site: 4
 - Left boundaries taken from index: 3
 - Right boundaries taken from index: 5

 Jacobi-Davidson diagonalization converged after 5 iterations.
 Energy = 11009.85502231403
 Updating right boundary for site 4

 MICROITERATION NUMBER = 19  , backward sweep
 - Optimization centered on site: 3
 - Left boundaries taken from index: 2
 - Right boundaries taken from index: 4

 Jacobi-Davidson diagonalization converged after 1 iterations.
 Energy = 11009.8550223157
 Updating right boundary for site 3

 MICROITERATION NUMBER = 20  , backward sweep
 - Optimization centered on site: 2
 - Left boundaries taken from index: 1
 - Right boundaries taken from index: 3

 Jacobi-Davidson diagonalization converged after 1 iterations.
 Energy = 11009.85502231572
 Updating right boundary for site 2

 MICROITERATION NUMBER = 21  , backward sweep
 - Optimization centered on site: 1
 - Left boundaries taken from index: 0
 - Right boundaries taken from index: 2

 Jacobi-Davidson diagonalization converged after 1 iterations.
 Energy = 11009.85502231571
 Updating right boundary for site 1

Task took 49.832681 seconds.
