  SCINE QCMaquis 
  Quantum Chemical Density Matrix Renormalization group
  available from https://scine.ethz.ch/download/qcmaquis
  based on the ALPS MPS codes from http://alps.comp-phys.org/
  copyright (c) 2015-2018 Laboratory of Physical Chemistry, ETH Zurich
  copyright (c) 2012-2016 by Sebastian Keller
  copyright (c) 2016-2018 by Alberto Baiardi, Leon Freitag, 
  Stefan Knecht, Yingjin Ma 
  for details see the publication: 
  S. Keller et al., J. Chem. Phys. 143, 244118 (2015)

This binary contains symmetries: none 2u1pg su2u1pg 
DMRG version 2.2.0-71e7a872448d7ca55631324ad7a208ea2764832b (VibrationalExcitedStates) release-3.1.2-gitlab
Disk storage of boundaries disabled

 == CONSTRUCTING WATSON HAMILTONIAN == 

 Coordinate type: Cartesian Normal Modes
 - Maximum many-body coupling order supported: 12
 - Many-body coupling order expected as input: 12
 - Maximum many-body coupling order included in the Hamiltonian 12

coeff: 206.242167
operators: {0,3}

coeff: -206.242167
operators: {0,4}

coeff: 237.547247
operators: {1,3}

coeff: -237.547247
operators: {1,4}

coeff: 241.596974
operators: {2,3}

coeff: -241.596974
operators: {2,4}

coeff: 262.702319
operators: {3,3}

coeff: -262.702319
operators: {3,4}

coeff: 311.690974
operators: {4,3}

coeff: -311.690974
operators: {4,4}

coeff: 342.345676
operators: {5,3}

coeff: -342.345676
operators: {5,4}

coeff: 369.620153
operators: {6,3}

coeff: -369.620153
operators: {6,4}

coeff: 418.142252
operators: {7,3}

coeff: -418.142252
operators: {7,4}

coeff: 785.228686
operators: {8,3}

coeff: -785.228686
operators: {8,4}

coeff: 789.209319
operators: {9,3}

coeff: -789.209319
operators: {9,4}

coeff: 805.722986
operators: {10,3}

coeff: -805.722986
operators: {10,4}

coeff: 812.177325
operators: {11,3}

coeff: -812.177325
operators: {11,4}

coeff: -14.952686
operators: {0,3} {5,1}

coeff: -9.5269312
operators: {0,3} {7,1}

coeff: -88.6839569
operators: {0,3} {9,1}

coeff: -7.05859622
operators: {0,1} {1,1} {3,1}

coeff: 22.1485879
operators: {0,1} {4,1} {6,1}

coeff: 112.382752
operators: {0,1} {4,1} {8,1}

coeff: -75.6974731
operators: {0,1} {5,1} {11,1}

coeff: 116.21346
operators: {0,1} {6,1} {10,1}

coeff: -88.2384953
operators: {0,1} {7,1} {11,1}

coeff: -9.50569755
operators: {0,1} {8,1} {10,1}

coeff: 9.53442367
operators: {0,1} {9,1} {11,1}

coeff: 3.25530812
operators: {1,3} {5,1}

coeff: 10.5200398
operators: {1,3} {7,1}

coeff: -70.014269
operators: {1,3} {9,1}

coeff: -34.5546833
operators: {1,1} {2,1} {6,1}

coeff: 148.366671
operators: {1,1} {2,1} {8,1}

coeff: -137.788363
operators: {1,1} {3,1} {11,1}

coeff: 11.7797428
operators: {2,3} {5,1}

coeff: 12.9015194
operators: {2,3} {7,1}

coeff: -76.4722834
operators: {2,3} {9,1}

coeff: -10.137423
operators: {2,1} {3,1} {4,1}

coeff: -138.301785
operators: {2,1} {3,1} {10,1}

coeff: -7.9266107
operators: {3,3} {5,1}

coeff: 3.62233
operators: {3,3} {7,1}

coeff: -57.868549
operators: {3,3} {9,1}

coeff: -13.5347599
operators: {4,3} {5,1}

coeff: -8.68709772
operators: {4,3} {7,1}

coeff: -30.7378718
operators: {4,3} {9,1}

coeff: -41.6302351
operators: {4,1} {5,1} {10,1}

coeff: 73.9421558
operators: {4,1} {6,1} {11,1}

coeff: -61.6319928
operators: {4,1} {7,1} {10,1}

coeff: -9.9011479
operators: {4,1} {8,1} {11,1}

coeff: 13.9734949
operators: {4,1} {9,1} {10,1}

coeff: -5.80244663
operators: {5,5}

coeff: 26.5288965
operators: {5,3} {7,1}

coeff: -14.0629516
operators: {5,3} {9,1}

coeff: 8.10440271
operators: {5,1} {6,3}

coeff: -32.9077759
operators: {5,1} {6,1} {8,1}

coeff: -29.6137297
operators: {5,1} {7,3}

coeff: -12.5185045
operators: {5,1} {7,1} {9,1}

coeff: -3.10494254
operators: {5,1} {8,3}

coeff: -4.34591478
operators: {5,1} {9,3}

coeff: -13.6645069
operators: {5,1} {10,3}

coeff: -15.0193022
operators: {5,1} {11,3}

coeff: 12.8760028
operators: {6,3} {7,1}

coeff: -26.8182508
operators: {6,3} {9,1}

coeff: -44.4044233
operators: {6,1} {7,1} {8,1}

coeff: 4.78637341
operators: {6,1} {8,1} {9,1}

coeff: 30.7061738
operators: {6,1} {10,1} {11,1}

coeff: 17.8376159
operators: {7,5}

coeff: -25.9328676
operators: {7,3} {9,1}

coeff: 12.3432568
operators: {7,1} {8,3}

coeff: 15.0310056
operators: {7,1} {9,3}

coeff: -1.61349073
operators: {7,1} {10,3}

coeff: -0.676742998
operators: {7,1} {11,3}

coeff: 166.20415
operators: {8,3} {9,1}

coeff: -352.267129
operators: {8,1} {10,1} {11,1}

coeff: 54.5306574
operators: {9,5}

coeff: 177.284609
operators: {9,1} {10,3}

coeff: 175.025716
operators: {9,1} {11,3}

coeff: 3.60015642
operators: {0,7}

coeff: -0.483495617
operators: {0,5} {11,1}

coeff: 4.0031369
operators: {0,3} {1,3}

coeff: 4.82722292
operators: {0,3} {2,3}

coeff: 3.35232339
operators: {0,3} {3,3}

coeff: 6.25679108
operators: {0,3} {4,3}

coeff: -2.9821817
operators: {0,3} {4,1} {10,1}

coeff: 4.78984981
operators: {0,3} {5,3}

coeff: 7.55770767
operators: {0,3} {5,1} {7,1}

coeff: -1.32215118
operators: {0,3} {5,1} {9,1}

coeff: 6.97139119
operators: {0,3} {6,3}

coeff: -2.18467562
operators: {0,3} {6,1} {8,1}

coeff: 3.78037817
operators: {0,3} {7,3}

coeff: -3.2206705
operators: {0,3} {7,1} {9,1}

coeff: -13.8007222
operators: {0,3} {8,3}

coeff: -13.6705901
operators: {0,3} {9,3}

coeff: -14.3836517
operators: {0,3} {10,3}

coeff: -14.0157326
operators: {0,3} {11,3}

coeff: -0.317532528
operators: {0,1} {1,3} {11,1}

coeff: 11.2856366
operators: {0,1} {1,1} {2,1} {4,1}

coeff: -0.00110084075
operators: {0,1} {1,1} {2,1} {10,1}

coeff: 6.3607775
operators: {0,1} {1,1} {3,1} {5,1}

coeff: 7.9283894
operators: {0,1} {1,1} {3,1} {7,1}

coeff: -3.04118902
operators: {0,1} {1,1} {3,1} {9,1}

coeff: 0.848541861
operators: {0,1} {2,3} {11,1}

coeff: -11.1191465
operators: {0,1} {2,1} {3,1} {6,1}

coeff: 2.03648006
operators: {0,1} {2,1} {3,1} {8,1}

coeff: -1.05581724
operators: {0,1} {3,3} {11,1}

coeff: -3.25439667
operators: {0,1} {4,3} {11,1}

coeff: -10.3736122
operators: {0,1} {4,1} {5,1} {6,1}

coeff: 2.79474815
operators: {0,1} {4,1} {5,1} {8,1}

coeff: -12.8515234
operators: {0,1} {4,1} {6,1} {7,1}

coeff: 5.74894977
operators: {0,1} {4,1} {6,1} {9,1}

coeff: 5.55235672
operators: {0,1} {4,1} {7,1} {8,1}

coeff: 37.573071
operators: {0,1} {4,1} {8,1} {9,1}

coeff: -39.3724825
operators: {0,1} {4,1} {10,1} {11,1}

coeff: 1.5403137
operators: {0,1} {5,3} {11,1}

coeff: -3.43212212
operators: {0,1} {5,1} {6,1} {10,1}

coeff: 1.45807973
operators: {0,1} {5,1} {7,1} {11,1}

coeff: 27.6773202
operators: {0,1} {5,1} {8,1} {10,1}

coeff: -27.3801566
operators: {0,1} {5,1} {9,1} {11,1}

coeff: 2.42555544
operators: {0,1} {6,3} {11,1}

coeff: -1.63604124
operators: {0,1} {6,1} {7,1} {10,1}

coeff: -40.6828535
operators: {0,1} {6,1} {8,1} {11,1}

coeff: 41.2413622
operators: {0,1} {6,1} {9,1} {10,1}

coeff: -0.406003332
operators: {0,1} {7,3} {11,1}

coeff: 29.5974642
operators: {0,1} {7,1} {8,1} {10,1}

coeff: -29.2380722
operators: {0,1} {7,1} {9,1} {11,1}

coeff: 1.59921998
operators: {0,1} {8,3} {11,1}

coeff: -4.00198183
operators: {0,1} {8,1} {9,1} {10,1}

coeff: 2.22184229
operators: {0,1} {9,3} {11,1}

coeff: -2.70524603
operators: {0,1} {10,3} {11,1}

coeff: -0.949637866
operators: {0,1} {11,5}

coeff: 2.32254462
operators: {1,7}

coeff: 12.909308
operators: {1,3} {2,3}

coeff: 8.82371814
operators: {1,3} {3,3}

coeff: 1.79624887
operators: {1,3} {4,3}

coeff: -1.2880977
operators: {1,3} {4,1} {10,1}

coeff: 0.110709314
operators: {1,3} {5,3}

coeff: 1.87552625
operators: {1,3} {5,1} {7,1}

coeff: 0.863517574
operators: {1,3} {5,1} {9,1}

coeff: 1.40988993
operators: {1,3} {6,3}

coeff: 1.68830631
operators: {1,3} {6,1} {8,1}

coeff: 0.102980766
operators: {1,3} {7,3}

coeff: 0.556723332
operators: {1,3} {7,1} {9,1}

coeff: -11.9130411
operators: {1,3} {8,3}

coeff: -11.8920972
operators: {1,3} {9,3}

coeff: -13.5054633
operators: {1,3} {10,3}

coeff: -13.0644846
operators: {1,3} {11,3}

coeff: -1.61456207
operators: {1,1} {2,1} {4,1} {11,1}

coeff: -3.0041253
operators: {1,1} {2,1} {5,1} {6,1}

coeff: -3.3308654
operators: {1,1} {2,1} {5,1} {8,1}

coeff: -3.47686237
operators: {1,1} {2,1} {6,1} {7,1}

coeff: -4.37395042
operators: {1,1} {2,1} {6,1} {9,1}

coeff: -0.442689286
operators: {1,1} {2,1} {7,1} {8,1}

coeff: 48.8308988
operators: {1,1} {2,1} {8,1} {9,1}

coeff: -54.673344
operators: {1,1} {2,1} {10,1} {11,1}

coeff: -6.81405303
operators: {1,1} {3,1} {4,1} {6,1}

coeff: 2.9711241
operators: {1,1} {3,1} {4,1} {8,1}

coeff: 1.66414356
operators: {1,1} {3,1} {5,1} {11,1}

coeff: -2.95987477
operators: {1,1} {3,1} {6,1} {10,1}

coeff: 1.30846636
operators: {1,1} {3,1} {7,1} {11,1}

coeff: 45.804653
operators: {1,1} {3,1} {8,1} {10,1}

coeff: -45.0238845
operators: {1,1} {3,1} {9,1} {11,1}

coeff: 2.40157054
operators: {2,7}

coeff: 8.60677876
operators: {2,3} {3,3}

coeff: 1.63625114
operators: {2,3} {4,3}

coeff: -0.529258359
operators: {2,3} {4,1} {10,1}

coeff: 0.487241399
operators: {2,3} {5,3}

coeff: 1.02830083
operators: {2,3} {5,1} {7,1}

coeff: 2.31162556
operators: {2,3} {5,1} {9,1}

coeff: 1.03279563
operators: {2,3} {6,3}

coeff: 2.70799581
operators: {2,3} {6,1} {8,1}

coeff: 0.437068574
operators: {2,3} {7,3}

coeff: 0.673733776
operators: {2,3} {7,1} {9,1}

coeff: -12.6690983
operators: {2,3} {8,3}

coeff: -12.5487272
operators: {2,3} {9,3}

coeff: -13.9361165
operators: {2,3} {10,3}

coeff: -14.1618026
operators: {2,3} {11,3}

coeff: 3.80933377
operators: {2,1} {3,1} {4,1} {5,1}

coeff: 4.39096281
operators: {2,1} {3,1} {4,1} {7,1}

coeff: -2.98999638
operators: {2,1} {3,1} {4,1} {9,1}

coeff: 2.56880262
operators: {2,1} {3,1} {5,1} {10,1}

coeff: -3.34233264
operators: {2,1} {3,1} {6,1} {11,1}

coeff: 1.15946294
operators: {2,1} {3,1} {7,1} {10,1}

coeff: 47.3556971
operators: {2,1} {3,1} {8,1} {11,1}

coeff: -46.4900921
operators: {2,1} {3,1} {9,1} {10,1}

coeff: 1.06808739
operators: {3,7}

coeff: 1.33758405
operators: {3,3} {4,3}

coeff: -1.14681868
operators: {3,3} {4,1} {10,1}

coeff: -0.01713467
operators: {3,3} {5,3}

coeff: 0.586613494
operators: {3,3} {5,1} {7,1}

coeff: -0.620560041
operators: {3,3} {5,1} {9,1}

coeff: 0.629745437
operators: {3,3} {6,3}

coeff: -0.73229473
operators: {3,3} {6,1} {8,1}

coeff: 0.583380931
operators: {3,3} {7,3}

coeff: -0.464822704
operators: {3,3} {7,1} {9,1}

coeff: -10.6114822
operators: {3,3} {8,3}

coeff: -10.0608398
operators: {3,3} {9,3}

coeff: -10.6803207
operators: {3,3} {10,3}

coeff: -10.7307472
operators: {3,3} {11,3}

coeff: 0.522070603
operators: {4,7}

coeff: -1.05326173
operators: {4,5} {10,1}

coeff: 1.01640924
operators: {4,3} {5,3}

coeff: 2.8694418
operators: {4,3} {5,1} {7,1}

coeff: -2.26421629
operators: {4,3} {5,1} {9,1}

coeff: 2.82290435
operators: {4,3} {6,3}

coeff: -2.16890607
operators: {4,3} {6,1} {8,1}

coeff: 0.653938091
operators: {4,3} {7,3}

coeff: -1.42963897
operators: {4,3} {7,1} {9,1}

coeff: -6.73697303
operators: {4,3} {8,3}

coeff: -6.66001662
operators: {4,3} {9,3}

coeff: -7.07328418
operators: {4,3} {10,3}

coeff: -7.07560237
operators: {4,3} {11,3}

coeff: 0.138451241
operators: {4,1} {5,3} {10,1}

coeff: -1.05090099
operators: {4,1} {5,1} {6,1} {11,1}

coeff: 0.896401505
operators: {4,1} {5,1} {7,1} {10,1}

coeff: 19.44746
operators: {4,1} {5,1} {8,1} {11,1}

coeff: -19.5067212
operators: {4,1} {5,1} {9,1} {10,1}

coeff: 0.942401665
operators: {4,1} {6,3} {10,1}

coeff: -0.219874131
operators: {4,1} {6,1} {7,1} {11,1}

coeff: -28.6852274
operators: {4,1} {6,1} {8,1} {10,1}

coeff: 28.3727219
operators: {4,1} {6,1} {9,1} {11,1}

coeff: -0.909490902
operators: {4,1} {7,3} {10,1}

coeff: 20.7508271
operators: {4,1} {7,1} {8,1} {11,1}

coeff: -20.1798804
operators: {4,1} {7,1} {9,1} {10,1}

coeff: 1.43299831
operators: {4,1} {8,3} {10,1}

coeff: -3.44020404
operators: {4,1} {8,1} {9,1} {11,1}

coeff: 2.02160478
operators: {4,1} {9,3} {10,1}

coeff: -0.492376893
operators: {4,1} {10,5}

coeff: -1.43361326
operators: {4,1} {10,1} {11,3}

coeff: 0.278303187
operators: {5,7}

coeff: -0.556201486
operators: {5,5} {7,1}

coeff: 0.459449202
operators: {5,5} {9,1}

coeff: 0.270849193
operators: {5,3} {6,3}

coeff: 1.31958682
operators: {5,3} {6,1} {8,1}

coeff: 2.14662351
operators: {5,3} {7,3}

coeff: -0.0054511205
operators: {5,3} {7,1} {9,1}

coeff: -3.18596979
operators: {5,3} {8,3}

coeff: -3.02339367
operators: {5,3} {9,3}

coeff: -3.8947954
operators: {5,3} {10,3}

coeff: -3.83997057
operators: {5,3} {11,3}

coeff: 1.29547185
operators: {5,1} {6,3} {7,1}

coeff: 1.63060205
operators: {5,1} {6,3} {9,1}

coeff: 1.71785081
operators: {5,1} {6,1} {7,1} {8,1}

coeff: -18.0619433
operators: {5,1} {6,1} {8,1} {9,1}

coeff: 22.5679446
operators: {5,1} {6,1} {10,1} {11,1}

coeff: -1.6383404
operators: {5,1} {7,5}

coeff: 1.70921419
operators: {5,1} {7,3} {9,1}

coeff: -6.63746094
operators: {5,1} {7,1} {8,3}

coeff: -6.85696808
operators: {5,1} {7,1} {9,3}

coeff: -8.19502665
operators: {5,1} {7,1} {10,3}

coeff: -8.31737984
operators: {5,1} {7,1} {11,3}

coeff: -0.203495947
operators: {5,1} {8,3} {9,1}

coeff: 4.70290325
operators: {5,1} {8,1} {10,1} {11,1}

coeff: 0.0811578932
operators: {5,1} {9,5}

coeff: -2.17640676
operators: {5,1} {9,1} {10,3}

coeff: -2.1975688
operators: {5,1} {9,1} {11,3}

coeff: 0.286873328
operators: {6,7}

coeff: 0.862279664
operators: {6,5} {8,1}

coeff: 0.898205533
operators: {6,3} {7,3}

coeff: 1.41184527
operators: {6,3} {7,1} {9,1}

coeff: -6.76873678
operators: {6,3} {8,3}

coeff: -6.80222217
operators: {6,3} {9,3}

coeff: -8.61577629
operators: {6,3} {10,3}

coeff: -8.49417873
operators: {6,3} {11,3}

coeff: 0.237233809
operators: {6,1} {7,3} {8,1}

coeff: -19.5361841
operators: {6,1} {7,1} {8,1} {9,1}

coeff: 24.9589891
operators: {6,1} {7,1} {10,1} {11,1}

coeff: 0.24955443
operators: {6,1} {8,5}

coeff: 1.30854206
operators: {6,1} {8,1} {9,3}

coeff: -2.10993706
operators: {6,1} {8,1} {10,3}

coeff: -2.04101824
operators: {6,1} {8,1} {11,3}

coeff: 3.42881157
operators: {6,1} {9,1} {10,1} {11,1}

coeff: 0.70798856
operators: {7,7}

coeff: -0.53095706
operators: {7,5} {9,1}

coeff: -3.66987782
operators: {7,3} {8,3}

coeff: -3.41210661
operators: {7,3} {9,3}

coeff: -4.757448
operators: {7,3} {10,3}

coeff: -4.66876093
operators: {7,3} {11,3}

coeff: 2.82160752
operators: {7,1} {8,3} {9,1}

coeff: -1.4356564
operators: {7,1} {8,1} {10,1} {11,1}

coeff: 1.11416579
operators: {7,1} {9,5}

coeff: 1.16853839
operators: {7,1} {9,1} {10,3}

coeff: 0.996510417
operators: {7,1} {9,1} {11,3}

coeff: 2.63841745
operators: {8,7}

coeff: 15.6207957
operators: {8,3} {9,3}

coeff: 17.06756
operators: {8,3} {10,3}

coeff: 16.8757396
operators: {8,3} {11,3}

coeff: -67.725222
operators: {8,1} {9,1} {10,1} {11,1}

coeff: 2.49209421
operators: {9,7}

coeff: 16.8853843
operators: {9,3} {10,3}

coeff: 16.7322201
operators: {9,3} {11,3}

coeff: 3.00675328
operators: {10,7}

coeff: 17.8063163
operators: {10,3} {11,3}

coeff: 2.93599421
operators: {11,7}

MPO Bond 0: 20/0
MPO Bond 1: 23/0
MPO Bond 2: 30/0
MPO Bond 3: 27/0
MPO Bond 4: 29/0
MPO Bond 5: 33/0
MPO Bond 6: 37/0
MPO Bond 7: 31/0
MPO Bond 8: 33/0
MPO Bond 9: 20/0
MPO Bond 10: 5/0
MPO Bond 11: 1/0
MPS initialization has finished...

+----------------------------------+
 NEW SwEEP-BASED SIMULATION STARTED
+----------------------------------+

 Simulation settings:
 - Simulation type: Optimization
 - Sweep-based modality: Two site
 - Maximum number of sweeps: 20

 -------------------
   SWEEP NUMBER 0
 -------------------
 - Noise parameter: 0.01
 - Maximum bond dimension: 50
 - Truncation parameter: 0

 MICROITERATION NUMBER = 0  , forward sweep
 - Left boundaries taken from index: 0
 - Right boundaries taken from index: 2

 Jacobi-Davidson diagonalization converged after 10 iterations.
 Energy = 28984.96885671384

 MICROITERATION NUMBER = 1  , forward sweep
 - Left boundaries taken from index: 1
 - Right boundaries taken from index: 3

 Jacobi-Davidson diagonalization converged after 10 iterations.
 Energy = 28881.65318258476

 MICROITERATION NUMBER = 2  , forward sweep
 - Left boundaries taken from index: 2
 - Right boundaries taken from index: 4

 Jacobi-Davidson diagonalization converged after 10 iterations.
 Energy = 27865.23885583325

 MICROITERATION NUMBER = 3  , forward sweep
 - Left boundaries taken from index: 3
 - Right boundaries taken from index: 5

 Jacobi-Davidson diagonalization converged after 10 iterations.
 Energy = 27072.20857059985

 MICROITERATION NUMBER = 4  , forward sweep
 - Left boundaries taken from index: 4
 - Right boundaries taken from index: 6

 Jacobi-Davidson diagonalization converged after 10 iterations.
 Energy = 24194.57822122688

 MICROITERATION NUMBER = 5  , forward sweep
 - Left boundaries taken from index: 5
 - Right boundaries taken from index: 7

 Jacobi-Davidson diagonalization converged after 10 iterations.
 Energy = 23211.61989992704

 MICROITERATION NUMBER = 6  , forward sweep
 - Left boundaries taken from index: 6
 - Right boundaries taken from index: 8

 Jacobi-Davidson diagonalization converged after 10 iterations.
 Energy = 19233.34870178825

 MICROITERATION NUMBER = 7  , forward sweep
 - Left boundaries taken from index: 7
 - Right boundaries taken from index: 9

 Jacobi-Davidson diagonalization converged after 10 iterations.
 Energy = 16391.11226398236

 MICROITERATION NUMBER = 8  , forward sweep
 - Left boundaries taken from index: 8
 - Right boundaries taken from index: 10

 Jacobi-Davidson diagonalization converged after 10 iterations.
 Energy = 13351.42662864674

 MICROITERATION NUMBER = 9  , forward sweep
 - Left boundaries taken from index: 9
 - Right boundaries taken from index: 11

 Jacobi-Davidson diagonalization converged after 10 iterations.
 Energy = 11612.81767853036

 MICROITERATION NUMBER = 10  , forward sweep
 - Left boundaries taken from index: 10
 - Right boundaries taken from index: 12

 Jacobi-Davidson diagonalization converged after 10 iterations.
 Energy = 11612.76935535135

 MICROITERATION NUMBER = 11  , backward sweep
 - Left boundaries taken from index: 9
 - Right boundaries taken from index: 11

 Jacobi-Davidson diagonalization converged after 10 iterations.
 Energy = 11612.74721611983

 MICROITERATION NUMBER = 12  , backward sweep
 - Left boundaries taken from index: 8
 - Right boundaries taken from index: 10

 Jacobi-Davidson diagonalization converged after 10 iterations.
 Energy = 11612.40770495476

 MICROITERATION NUMBER = 13  , backward sweep
 - Left boundaries taken from index: 7
 - Right boundaries taken from index: 9

 Jacobi-Davidson diagonalization converged after 10 iterations.
 Energy = 11611.49562073307

 MICROITERATION NUMBER = 14  , backward sweep
 - Left boundaries taken from index: 6
 - Right boundaries taken from index: 8

 Jacobi-Davidson diagonalization converged after 10 iterations.
 Energy = 11598.57523259882

 MICROITERATION NUMBER = 15  , backward sweep
 - Left boundaries taken from index: 5
 - Right boundaries taken from index: 7

 Jacobi-Davidson diagonalization converged after 10 iterations.
 Energy = 11433.49878763843

 MICROITERATION NUMBER = 16  , backward sweep
 - Left boundaries taken from index: 4
 - Right boundaries taken from index: 6

 Jacobi-Davidson diagonalization converged after 10 iterations.
 Energy = 11356.07184895822

 MICROITERATION NUMBER = 17  , backward sweep
 - Left boundaries taken from index: 3
 - Right boundaries taken from index: 5

 Jacobi-Davidson diagonalization converged after 10 iterations.
 Energy = 11152.44629145261

 MICROITERATION NUMBER = 18  , backward sweep
 - Left boundaries taken from index: 2
 - Right boundaries taken from index: 4

 Jacobi-Davidson diagonalization converged after 10 iterations.
 Energy = 11010.69984934642

 MICROITERATION NUMBER = 19  , backward sweep
 - Left boundaries taken from index: 1
 - Right boundaries taken from index: 3

 Jacobi-Davidson diagonalization converged after 10 iterations.
 Energy = 11010.65168110727


 -------------------
   SWEEP NUMBER 1
 -------------------
 - Noise parameter: 0.01
 - Maximum bond dimension: 50
 - Truncation parameter: 0

 MICROITERATION NUMBER = 0  , forward sweep
 - Left boundaries taken from index: 0
 - Right boundaries taken from index: 2

 Jacobi-Davidson diagonalization converged after 10 iterations.
 Energy = 11010.65161825411

 MICROITERATION NUMBER = 1  , forward sweep
 - Left boundaries taken from index: 1
 - Right boundaries taken from index: 3

 Jacobi-Davidson diagonalization converged after 10 iterations.
 Energy = 11010.65158237155

 MICROITERATION NUMBER = 2  , forward sweep
 - Left boundaries taken from index: 2
 - Right boundaries taken from index: 4

 Jacobi-Davidson diagonalization converged after 10 iterations.
 Energy = 11010.64910508491

 MICROITERATION NUMBER = 3  , forward sweep
 - Left boundaries taken from index: 3
 - Right boundaries taken from index: 5

 Jacobi-Davidson diagonalization converged after 10 iterations.
 Energy = 11010.61940151181

 MICROITERATION NUMBER = 4  , forward sweep
 - Left boundaries taken from index: 4
 - Right boundaries taken from index: 6

 Jacobi-Davidson diagonalization converged after 10 iterations.
 Energy = 11010.53950325815

 MICROITERATION NUMBER = 5  , forward sweep
 - Left boundaries taken from index: 5
 - Right boundaries taken from index: 7

 Jacobi-Davidson diagonalization converged after 10 iterations.
 Energy = 11010.17385368799

 MICROITERATION NUMBER = 6  , forward sweep
 - Left boundaries taken from index: 6
 - Right boundaries taken from index: 8

 Jacobi-Davidson diagonalization converged after 10 iterations.
 Energy = 11009.86561451589

 MICROITERATION NUMBER = 7  , forward sweep
 - Left boundaries taken from index: 7
 - Right boundaries taken from index: 9

 Jacobi-Davidson diagonalization converged after 10 iterations.
 Energy = 11009.85834916902

 MICROITERATION NUMBER = 8  , forward sweep
 - Left boundaries taken from index: 8
 - Right boundaries taken from index: 10

 Jacobi-Davidson diagonalization converged after 10 iterations.
 Energy = 11009.85835787739

 MICROITERATION NUMBER = 9  , forward sweep
 - Left boundaries taken from index: 9
 - Right boundaries taken from index: 11

 Jacobi-Davidson diagonalization converged after 10 iterations.
 Energy = 11009.85835787099

 MICROITERATION NUMBER = 10  , forward sweep
 - Left boundaries taken from index: 10
 - Right boundaries taken from index: 12

 Jacobi-Davidson diagonalization converged after 1 iterations.
 Energy = 11009.85835787468

 MICROITERATION NUMBER = 11  , backward sweep
 - Left boundaries taken from index: 9
 - Right boundaries taken from index: 11

 Jacobi-Davidson diagonalization converged after 1 iterations.
 Energy = 11009.85835787469

 MICROITERATION NUMBER = 12  , backward sweep
 - Left boundaries taken from index: 8
 - Right boundaries taken from index: 10

 Jacobi-Davidson diagonalization converged after 10 iterations.
 Energy = 11009.85835787651

 MICROITERATION NUMBER = 13  , backward sweep
 - Left boundaries taken from index: 7
 - Right boundaries taken from index: 9

 Jacobi-Davidson diagonalization converged after 10 iterations.
 Energy = 11009.85834873743

 MICROITERATION NUMBER = 14  , backward sweep
 - Left boundaries taken from index: 6
 - Right boundaries taken from index: 8

 Jacobi-Davidson diagonalization converged after 10 iterations.
 Energy = 11009.85765576178

 MICROITERATION NUMBER = 15  , backward sweep
 - Left boundaries taken from index: 5
 - Right boundaries taken from index: 7

 Jacobi-Davidson diagonalization converged after 10 iterations.
 Energy = 11009.85740664205

 MICROITERATION NUMBER = 16  , backward sweep
 - Left boundaries taken from index: 4
 - Right boundaries taken from index: 6

 Jacobi-Davidson diagonalization converged after 10 iterations.
 Energy = 11009.85770283241

 MICROITERATION NUMBER = 17  , backward sweep
 - Left boundaries taken from index: 3
 - Right boundaries taken from index: 5

 Jacobi-Davidson diagonalization converged after 10 iterations.
 Energy = 11009.85780437127

 MICROITERATION NUMBER = 18  , backward sweep
 - Left boundaries taken from index: 2
 - Right boundaries taken from index: 4

 Jacobi-Davidson diagonalization converged after 5 iterations.
 Energy = 11009.85780436872

 MICROITERATION NUMBER = 19  , backward sweep
 - Left boundaries taken from index: 1
 - Right boundaries taken from index: 3

 Jacobi-Davidson diagonalization converged after 1 iterations.
 Energy = 11009.85780436901


 -------------------
   SWEEP NUMBER 2
 -------------------
 - Noise parameter: 0.0001
 - Maximum bond dimension: 50
 - Truncation parameter: 0

 MICROITERATION NUMBER = 0  , forward sweep
 - Left boundaries taken from index: 0
 - Right boundaries taken from index: 2

 Jacobi-Davidson diagonalization converged after 1 iterations.
 Energy = 11009.85780436901

 MICROITERATION NUMBER = 1  , forward sweep
 - Left boundaries taken from index: 1
 - Right boundaries taken from index: 3

 Jacobi-Davidson diagonalization converged after 1 iterations.
 Energy = 11009.857804369

 MICROITERATION NUMBER = 2  , forward sweep
 - Left boundaries taken from index: 2
 - Right boundaries taken from index: 4

 Jacobi-Davidson diagonalization converged after 1 iterations.
 Energy = 11009.85780436904

 MICROITERATION NUMBER = 3  , forward sweep
 - Left boundaries taken from index: 3
 - Right boundaries taken from index: 5

 Jacobi-Davidson diagonalization converged after 3 iterations.
 Energy = 11009.85780437148

 MICROITERATION NUMBER = 4  , forward sweep
 - Left boundaries taken from index: 4
 - Right boundaries taken from index: 6

 Jacobi-Davidson diagonalization converged after 10 iterations.
 Energy = 11009.85770281669

 MICROITERATION NUMBER = 5  , forward sweep
 - Left boundaries taken from index: 5
 - Right boundaries taken from index: 7

 Jacobi-Davidson diagonalization converged after 10 iterations.
 Energy = 11009.85712673625

 MICROITERATION NUMBER = 6  , forward sweep
 - Left boundaries taken from index: 6
 - Right boundaries taken from index: 8

 Jacobi-Davidson diagonalization converged after 10 iterations.
 Energy = 11009.85711972234

 MICROITERATION NUMBER = 7  , forward sweep
 - Left boundaries taken from index: 7
 - Right boundaries taken from index: 9

 Jacobi-Davidson diagonalization converged after 10 iterations.
 Energy = 11009.85779502907

 MICROITERATION NUMBER = 8  , forward sweep
 - Left boundaries taken from index: 8
 - Right boundaries taken from index: 10

 Jacobi-Davidson diagonalization converged after 9 iterations.
 Energy = 11009.85780418491

 MICROITERATION NUMBER = 9  , forward sweep
 - Left boundaries taken from index: 9
 - Right boundaries taken from index: 11

 Jacobi-Davidson diagonalization converged after 1 iterations.
 Energy = 11009.85780418434

 MICROITERATION NUMBER = 10  , forward sweep
 - Left boundaries taken from index: 10
 - Right boundaries taken from index: 12

 Jacobi-Davidson diagonalization converged after 1 iterations.
 Energy = 11009.85780418434

 MICROITERATION NUMBER = 11  , backward sweep
 - Left boundaries taken from index: 9
 - Right boundaries taken from index: 11

 Jacobi-Davidson diagonalization converged after 1 iterations.
 Energy = 11009.85780418437

 MICROITERATION NUMBER = 12  , backward sweep
 - Left boundaries taken from index: 8
 - Right boundaries taken from index: 10

 Jacobi-Davidson diagonalization converged after 1 iterations.
 Energy = 11009.85780418429

 MICROITERATION NUMBER = 13  , backward sweep
 - Left boundaries taken from index: 7
 - Right boundaries taken from index: 9

 Jacobi-Davidson diagonalization converged after 9 iterations.
 Energy = 11009.8577950368

 MICROITERATION NUMBER = 14  , backward sweep
 - Left boundaries taken from index: 6
 - Right boundaries taken from index: 8

 Jacobi-Davidson diagonalization converged after 10 iterations.
 Energy = 11009.85711901455

 MICROITERATION NUMBER = 15  , backward sweep
 - Left boundaries taken from index: 5
 - Right boundaries taken from index: 7

 Jacobi-Davidson diagonalization converged after 10 iterations.
 Energy = 11009.85710853121

 MICROITERATION NUMBER = 16  , backward sweep
 - Left boundaries taken from index: 4
 - Right boundaries taken from index: 6

 Jacobi-Davidson diagonalization converged after 10 iterations.
 Energy = 11009.85768386818

 MICROITERATION NUMBER = 17  , backward sweep
 - Left boundaries taken from index: 3
 - Right boundaries taken from index: 5

 Jacobi-Davidson diagonalization converged after 10 iterations.
 Energy = 11009.85778458809

 MICROITERATION NUMBER = 18  , backward sweep
 - Left boundaries taken from index: 2
 - Right boundaries taken from index: 4

 Jacobi-Davidson diagonalization converged after 1 iterations.
 Energy = 11009.85778458898

 MICROITERATION NUMBER = 19  , backward sweep
 - Left boundaries taken from index: 1
 - Right boundaries taken from index: 3

 Jacobi-Davidson diagonalization converged after 1 iterations.
 Energy = 11009.85778458901


 -------------------
   SWEEP NUMBER 3
 -------------------
 - Noise parameter: 0.0001
 - Maximum bond dimension: 50
 - Truncation parameter: 0

 MICROITERATION NUMBER = 0  , forward sweep
 - Left boundaries taken from index: 0
 - Right boundaries taken from index: 2

 Jacobi-Davidson diagonalization converged after 1 iterations.
 Energy = 11009.857784589

 MICROITERATION NUMBER = 1  , forward sweep
 - Left boundaries taken from index: 1
 - Right boundaries taken from index: 3

 Jacobi-Davidson diagonalization converged after 1 iterations.
 Energy = 11009.85778458898

 MICROITERATION NUMBER = 2  , forward sweep
 - Left boundaries taken from index: 2
 - Right boundaries taken from index: 4

 Jacobi-Davidson diagonalization converged after 1 iterations.
 Energy = 11009.857784589

 MICROITERATION NUMBER = 3  , forward sweep
 - Left boundaries taken from index: 3
 - Right boundaries taken from index: 5

 Jacobi-Davidson diagonalization converged after 1 iterations.
 Energy = 11009.85778458892

 MICROITERATION NUMBER = 4  , forward sweep
 - Left boundaries taken from index: 4
 - Right boundaries taken from index: 6

 Jacobi-Davidson diagonalization converged after 10 iterations.
 Energy = 11009.85768386469

 MICROITERATION NUMBER = 5  , forward sweep
 - Left boundaries taken from index: 5
 - Right boundaries taken from index: 7

 Jacobi-Davidson diagonalization converged after 10 iterations.
 Energy = 11009.85710704541

 MICROITERATION NUMBER = 6  , forward sweep
 - Left boundaries taken from index: 6
 - Right boundaries taken from index: 8

 Jacobi-Davidson diagonalization converged after 10 iterations.
 Energy = 11009.85711551546

 MICROITERATION NUMBER = 7  , forward sweep
 - Left boundaries taken from index: 7
 - Right boundaries taken from index: 9

 Jacobi-Davidson diagonalization converged after 10 iterations.
 Energy = 11009.85779066297

 MICROITERATION NUMBER = 8  , forward sweep
 - Left boundaries taken from index: 8
 - Right boundaries taken from index: 10

 Jacobi-Davidson diagonalization converged after 9 iterations.
 Energy = 11009.85779980514

 MICROITERATION NUMBER = 9  , forward sweep
 - Left boundaries taken from index: 9
 - Right boundaries taken from index: 11

 Jacobi-Davidson diagonalization converged after 1 iterations.
 Energy = 11009.85779980378

 MICROITERATION NUMBER = 10  , forward sweep
 - Left boundaries taken from index: 10
 - Right boundaries taken from index: 12

 Jacobi-Davidson diagonalization converged after 1 iterations.
 Energy = 11009.85779980378

 MICROITERATION NUMBER = 11  , backward sweep
 - Left boundaries taken from index: 9
 - Right boundaries taken from index: 11

 Jacobi-Davidson diagonalization converged after 1 iterations.
 Energy = 11009.85779980379

 MICROITERATION NUMBER = 12  , backward sweep
 - Left boundaries taken from index: 8
 - Right boundaries taken from index: 10

 Jacobi-Davidson diagonalization converged after 1 iterations.
 Energy = 11009.85779980376

 MICROITERATION NUMBER = 13  , backward sweep
 - Left boundaries taken from index: 7
 - Right boundaries taken from index: 9

 Jacobi-Davidson diagonalization converged after 9 iterations.
 Energy = 11009.85779066567

 MICROITERATION NUMBER = 14  , backward sweep
 - Left boundaries taken from index: 6
 - Right boundaries taken from index: 8

 Jacobi-Davidson diagonalization converged after 10 iterations.
 Energy = 11009.85711548931

 MICROITERATION NUMBER = 15  , backward sweep
 - Left boundaries taken from index: 5
 - Right boundaries taken from index: 7

 Jacobi-Davidson diagonalization converged after 10 iterations.
 Energy = 11009.85710691781

 MICROITERATION NUMBER = 16  , backward sweep
 - Left boundaries taken from index: 4
 - Right boundaries taken from index: 6

 Jacobi-Davidson diagonalization converged after 10 iterations.
 Energy = 11009.8576830183

 MICROITERATION NUMBER = 17  , backward sweep
 - Left boundaries taken from index: 3
 - Right boundaries taken from index: 5

 Jacobi-Davidson diagonalization converged after 10 iterations.
 Energy = 11009.85778355264

 MICROITERATION NUMBER = 18  , backward sweep
 - Left boundaries taken from index: 2
 - Right boundaries taken from index: 4

 Jacobi-Davidson diagonalization converged after 1 iterations.
 Energy = 11009.85778355034

 MICROITERATION NUMBER = 19  , backward sweep
 - Left boundaries taken from index: 1
 - Right boundaries taken from index: 3

 Jacobi-Davidson diagonalization converged after 1 iterations.
 Energy = 11009.85778355036


 -------------------
   SWEEP NUMBER 4
 -------------------
 - Noise parameter: 1e-08
 - Maximum bond dimension: 50
 - Truncation parameter: 0

 MICROITERATION NUMBER = 0  , forward sweep
 - Left boundaries taken from index: 0
 - Right boundaries taken from index: 2

 Jacobi-Davidson diagonalization converged after 1 iterations.
 Energy = 11009.85778355036

 MICROITERATION NUMBER = 1  , forward sweep
 - Left boundaries taken from index: 1
 - Right boundaries taken from index: 3

 Jacobi-Davidson diagonalization converged after 1 iterations.
 Energy = 11009.85778355035

 MICROITERATION NUMBER = 2  , forward sweep
 - Left boundaries taken from index: 2
 - Right boundaries taken from index: 4

 Jacobi-Davidson diagonalization converged after 1 iterations.
 Energy = 11009.85778355033

 MICROITERATION NUMBER = 3  , forward sweep
 - Left boundaries taken from index: 3
 - Right boundaries taken from index: 5

 Jacobi-Davidson diagonalization converged after 1 iterations.
 Energy = 11009.85778355025

 MICROITERATION NUMBER = 4  , forward sweep
 - Left boundaries taken from index: 4
 - Right boundaries taken from index: 6

 Jacobi-Davidson diagonalization converged after 10 iterations.
 Energy = 11009.85768301567

 MICROITERATION NUMBER = 5  , forward sweep
 - Left boundaries taken from index: 5
 - Right boundaries taken from index: 7

 Jacobi-Davidson diagonalization converged after 10 iterations.
 Energy = 11009.85710682221

 MICROITERATION NUMBER = 6  , forward sweep
 - Left boundaries taken from index: 6
 - Right boundaries taken from index: 8

 Jacobi-Davidson diagonalization converged after 10 iterations.
 Energy = 11009.85711530991

 MICROITERATION NUMBER = 7  , forward sweep
 - Left boundaries taken from index: 7
 - Right boundaries taken from index: 9

 Jacobi-Davidson diagonalization converged after 10 iterations.
 Energy = 11009.85779044904

 MICROITERATION NUMBER = 8  , forward sweep
 - Left boundaries taken from index: 8
 - Right boundaries taken from index: 10

 Jacobi-Davidson diagonalization converged after 9 iterations.
 Energy = 11009.85779955415

 MICROITERATION NUMBER = 9  , forward sweep
 - Left boundaries taken from index: 9
 - Right boundaries taken from index: 11

 Jacobi-Davidson diagonalization converged after 1 iterations.
 Energy = 11009.8577995531

 MICROITERATION NUMBER = 10  , forward sweep
 - Left boundaries taken from index: 10
 - Right boundaries taken from index: 12

 Jacobi-Davidson diagonalization converged after 1 iterations.
 Energy = 11009.8577995531

 MICROITERATION NUMBER = 11  , backward sweep
 - Left boundaries taken from index: 9
 - Right boundaries taken from index: 11

 Jacobi-Davidson diagonalization converged after 1 iterations.
 Energy = 11009.85779955311

 MICROITERATION NUMBER = 12  , backward sweep
 - Left boundaries taken from index: 8
 - Right boundaries taken from index: 10

 Jacobi-Davidson diagonalization converged after 1 iterations.
 Energy = 11009.85779955315

 MICROITERATION NUMBER = 13  , backward sweep
 - Left boundaries taken from index: 7
 - Right boundaries taken from index: 9

 Jacobi-Davidson diagonalization converged after 9 iterations.
 Energy = 11009.85779045303

 MICROITERATION NUMBER = 14  , backward sweep
 - Left boundaries taken from index: 6
 - Right boundaries taken from index: 8

 Jacobi-Davidson diagonalization converged after 10 iterations.
 Energy = 11009.85711525919

 MICROITERATION NUMBER = 15  , backward sweep
 - Left boundaries taken from index: 5
 - Right boundaries taken from index: 7

 Jacobi-Davidson diagonalization converged after 10 iterations.
 Energy = 11009.85710803763

 MICROITERATION NUMBER = 16  , backward sweep
 - Left boundaries taken from index: 4
 - Right boundaries taken from index: 6

 Jacobi-Davidson diagonalization converged after 10 iterations.
 Energy = 11009.85768321266

 MICROITERATION NUMBER = 17  , backward sweep
 - Left boundaries taken from index: 3
 - Right boundaries taken from index: 5

 Jacobi-Davidson diagonalization converged after 10 iterations.
 Energy = 11009.8577836885

 MICROITERATION NUMBER = 18  , backward sweep
 - Left boundaries taken from index: 2
 - Right boundaries taken from index: 4

 Jacobi-Davidson diagonalization converged after 1 iterations.
 Energy = 11009.85778368703

 MICROITERATION NUMBER = 19  , backward sweep
 - Left boundaries taken from index: 1
 - Right boundaries taken from index: 3

 Jacobi-Davidson diagonalization converged after 1 iterations.
 Energy = 11009.85778368703


 -------------------
   SWEEP NUMBER 5
 -------------------
 - Noise parameter: 1e-08
 - Maximum bond dimension: 50
 - Truncation parameter: 0

 MICROITERATION NUMBER = 0  , forward sweep
 - Left boundaries taken from index: 0
 - Right boundaries taken from index: 2

 Jacobi-Davidson diagonalization converged after 1 iterations.
 Energy = 11009.85778368705

 MICROITERATION NUMBER = 1  , forward sweep
 - Left boundaries taken from index: 1
 - Right boundaries taken from index: 3

 Jacobi-Davidson diagonalization converged after 1 iterations.
 Energy = 11009.85778368705

 MICROITERATION NUMBER = 2  , forward sweep
 - Left boundaries taken from index: 2
 - Right boundaries taken from index: 4

 Jacobi-Davidson diagonalization converged after 1 iterations.
 Energy = 11009.85778368704

 MICROITERATION NUMBER = 3  , forward sweep
 - Left boundaries taken from index: 3
 - Right boundaries taken from index: 5

 Jacobi-Davidson diagonalization converged after 1 iterations.
 Energy = 11009.85778368694

 MICROITERATION NUMBER = 4  , forward sweep
 - Left boundaries taken from index: 4
 - Right boundaries taken from index: 6

 Jacobi-Davidson diagonalization converged after 10 iterations.
 Energy = 11009.85768321571

 MICROITERATION NUMBER = 5  , forward sweep
 - Left boundaries taken from index: 5
 - Right boundaries taken from index: 7

 Jacobi-Davidson diagonalization converged after 10 iterations.
 Energy = 11009.85710800903

 MICROITERATION NUMBER = 6  , forward sweep
 - Left boundaries taken from index: 6
 - Right boundaries taken from index: 8

 Jacobi-Davidson diagonalization converged after 10 iterations.
 Energy = 11009.85711540271

 MICROITERATION NUMBER = 7  , forward sweep
 - Left boundaries taken from index: 7
 - Right boundaries taken from index: 9

 Jacobi-Davidson diagonalization converged after 10 iterations.
 Energy = 11009.85779067798

 MICROITERATION NUMBER = 8  , forward sweep
 - Left boundaries taken from index: 8
 - Right boundaries taken from index: 10

 Jacobi-Davidson diagonalization converged after 9 iterations.
 Energy = 11009.85779974895

 MICROITERATION NUMBER = 9  , forward sweep
 - Left boundaries taken from index: 9
 - Right boundaries taken from index: 11

 Jacobi-Davidson diagonalization converged after 1 iterations.
 Energy = 11009.85779974615

 MICROITERATION NUMBER = 10  , forward sweep
 - Left boundaries taken from index: 10
 - Right boundaries taken from index: 12

 Jacobi-Davidson diagonalization converged after 1 iterations.
 Energy = 11009.85779974617

 MICROITERATION NUMBER = 11  , backward sweep
 - Left boundaries taken from index: 9
 - Right boundaries taken from index: 11

 Jacobi-Davidson diagonalization converged after 1 iterations.
 Energy = 11009.85779974615

 MICROITERATION NUMBER = 12  , backward sweep
 - Left boundaries taken from index: 8
 - Right boundaries taken from index: 10

 Jacobi-Davidson diagonalization converged after 1 iterations.
 Energy = 11009.8577997461

 MICROITERATION NUMBER = 13  , backward sweep
 - Left boundaries taken from index: 7
 - Right boundaries taken from index: 9

 Jacobi-Davidson diagonalization converged after 9 iterations.
 Energy = 11009.85779068025

 MICROITERATION NUMBER = 14  , backward sweep
 - Left boundaries taken from index: 6
 - Right boundaries taken from index: 8

 Jacobi-Davidson diagonalization converged after 10 iterations.
 Energy = 11009.85711535132

 MICROITERATION NUMBER = 15  , backward sweep
 - Left boundaries taken from index: 5
 - Right boundaries taken from index: 7

 Jacobi-Davidson diagonalization converged after 10 iterations.
 Energy = 11009.85710918986

 MICROITERATION NUMBER = 16  , backward sweep
 - Left boundaries taken from index: 4
 - Right boundaries taken from index: 6

 Jacobi-Davidson diagonalization converged after 10 iterations.
 Energy = 11009.85768349533

 MICROITERATION NUMBER = 17  , backward sweep
 - Left boundaries taken from index: 3
 - Right boundaries taken from index: 5

 Jacobi-Davidson diagonalization converged after 10 iterations.
 Energy = 11009.85778393949

 MICROITERATION NUMBER = 18  , backward sweep
 - Left boundaries taken from index: 2
 - Right boundaries taken from index: 4

 Jacobi-Davidson diagonalization converged after 1 iterations.
 Energy = 11009.85778393976

 MICROITERATION NUMBER = 19  , backward sweep
 - Left boundaries taken from index: 1
 - Right boundaries taken from index: 3

 Jacobi-Davidson diagonalization converged after 1 iterations.
 Energy = 11009.85778393975


 -------------------
   SWEEP NUMBER 6
 -------------------
 - Noise parameter: 1e-08
 - Maximum bond dimension: 50
 - Truncation parameter: 0

 MICROITERATION NUMBER = 0  , forward sweep
 - Left boundaries taken from index: 0
 - Right boundaries taken from index: 2

 Jacobi-Davidson diagonalization converged after 1 iterations.
 Energy = 11009.85778393976

 MICROITERATION NUMBER = 1  , forward sweep
 - Left boundaries taken from index: 1
 - Right boundaries taken from index: 3

 Jacobi-Davidson diagonalization converged after 1 iterations.
 Energy = 11009.85778393976

 MICROITERATION NUMBER = 2  , forward sweep
 - Left boundaries taken from index: 2
 - Right boundaries taken from index: 4

 Jacobi-Davidson diagonalization converged after 1 iterations.
 Energy = 11009.85778393975

 MICROITERATION NUMBER = 3  , forward sweep
 - Left boundaries taken from index: 3
 - Right boundaries taken from index: 5

 Jacobi-Davidson diagonalization converged after 1 iterations.
 Energy = 11009.85778393965

 MICROITERATION NUMBER = 4  , forward sweep
 - Left boundaries taken from index: 4
 - Right boundaries taken from index: 6

 Jacobi-Davidson diagonalization converged after 10 iterations.
 Energy = 11009.85768349698

 MICROITERATION NUMBER = 5  , forward sweep
 - Left boundaries taken from index: 5
 - Right boundaries taken from index: 7

 Jacobi-Davidson diagonalization converged after 10 iterations.
 Energy = 11009.8571091587

 MICROITERATION NUMBER = 6  , forward sweep
 - Left boundaries taken from index: 6
 - Right boundaries taken from index: 8

 Jacobi-Davidson diagonalization converged after 10 iterations.
 Energy = 11009.8571155135

 MICROITERATION NUMBER = 7  , forward sweep
 - Left boundaries taken from index: 7
 - Right boundaries taken from index: 9

 Jacobi-Davidson diagonalization converged after 10 iterations.
 Energy = 11009.85779093317

 MICROITERATION NUMBER = 8  , forward sweep
 - Left boundaries taken from index: 8
 - Right boundaries taken from index: 10

 Jacobi-Davidson diagonalization converged after 9 iterations.
 Energy = 11009.85779996443

 MICROITERATION NUMBER = 9  , forward sweep
 - Left boundaries taken from index: 9
 - Right boundaries taken from index: 11

 Jacobi-Davidson diagonalization converged after 1 iterations.
 Energy = 11009.85779996659

 MICROITERATION NUMBER = 10  , forward sweep
 - Left boundaries taken from index: 10
 - Right boundaries taken from index: 12

 Jacobi-Davidson diagonalization converged after 1 iterations.
 Energy = 11009.85779996662

 MICROITERATION NUMBER = 11  , backward sweep
 - Left boundaries taken from index: 9
 - Right boundaries taken from index: 11

 Jacobi-Davidson diagonalization converged after 1 iterations.
 Energy = 11009.85779996658

 MICROITERATION NUMBER = 12  , backward sweep
 - Left boundaries taken from index: 8
 - Right boundaries taken from index: 10

 Jacobi-Davidson diagonalization converged after 1 iterations.
 Energy = 11009.85779996656

 MICROITERATION NUMBER = 13  , backward sweep
 - Left boundaries taken from index: 7
 - Right boundaries taken from index: 9

 Jacobi-Davidson diagonalization converged after 9 iterations.
 Energy = 11009.85779092788

 MICROITERATION NUMBER = 14  , backward sweep
 - Left boundaries taken from index: 6
 - Right boundaries taken from index: 8

 Jacobi-Davidson diagonalization converged after 10 iterations.
 Energy = 11009.85711548114

 MICROITERATION NUMBER = 15  , backward sweep
 - Left boundaries taken from index: 5
 - Right boundaries taken from index: 7

 Jacobi-Davidson diagonalization converged after 10 iterations.
 Energy = 11009.8571101391

 MICROITERATION NUMBER = 16  , backward sweep
 - Left boundaries taken from index: 4
 - Right boundaries taken from index: 6

 Jacobi-Davidson diagonalization converged after 10 iterations.
 Energy = 11009.85768374613

 MICROITERATION NUMBER = 17  , backward sweep
 - Left boundaries taken from index: 3
 - Right boundaries taken from index: 5

 Jacobi-Davidson diagonalization converged after 10 iterations.
 Energy = 11009.85778416744

 MICROITERATION NUMBER = 18  , backward sweep
 - Left boundaries taken from index: 2
 - Right boundaries taken from index: 4

 Jacobi-Davidson diagonalization converged after 1 iterations.
 Energy = 11009.85778416952

 MICROITERATION NUMBER = 19  , backward sweep
 - Left boundaries taken from index: 1
 - Right boundaries taken from index: 3

 Jacobi-Davidson diagonalization converged after 1 iterations.
 Energy = 11009.85778416954


 -------------------
   SWEEP NUMBER 7
 -------------------
 - Noise parameter: 1e-08
 - Maximum bond dimension: 50
 - Truncation parameter: 0

 MICROITERATION NUMBER = 0  , forward sweep
 - Left boundaries taken from index: 0
 - Right boundaries taken from index: 2

 Jacobi-Davidson diagonalization converged after 1 iterations.
 Energy = 11009.85778416954

 MICROITERATION NUMBER = 1  , forward sweep
 - Left boundaries taken from index: 1
 - Right boundaries taken from index: 3

 Jacobi-Davidson diagonalization converged after 1 iterations.
 Energy = 11009.85778416954

 MICROITERATION NUMBER = 2  , forward sweep
 - Left boundaries taken from index: 2
 - Right boundaries taken from index: 4

 Jacobi-Davidson diagonalization converged after 1 iterations.
 Energy = 11009.8577841695

 MICROITERATION NUMBER = 3  , forward sweep
 - Left boundaries taken from index: 3
 - Right boundaries taken from index: 5

 Jacobi-Davidson diagonalization converged after 1 iterations.
 Energy = 11009.85778416944

 MICROITERATION NUMBER = 4  , forward sweep
 - Left boundaries taken from index: 4
 - Right boundaries taken from index: 6

 Jacobi-Davidson diagonalization converged after 10 iterations.
 Energy = 11009.85768374912

 MICROITERATION NUMBER = 5  , forward sweep
 - Left boundaries taken from index: 5
 - Right boundaries taken from index: 7

 Jacobi-Davidson diagonalization converged after 10 iterations.
 Energy = 11009.85711011662

 MICROITERATION NUMBER = 6  , forward sweep
 - Left boundaries taken from index: 6
 - Right boundaries taken from index: 8

 Jacobi-Davidson diagonalization converged after 10 iterations.
 Energy = 11009.85711562534

 MICROITERATION NUMBER = 7  , forward sweep
 - Left boundaries taken from index: 7
 - Right boundaries taken from index: 9

 Jacobi-Davidson diagonalization converged after 10 iterations.
 Energy = 11009.8577911432

 MICROITERATION NUMBER = 8  , forward sweep
 - Left boundaries taken from index: 8
 - Right boundaries taken from index: 10

 Jacobi-Davidson diagonalization converged after 9 iterations.
 Energy = 11009.85780015573

 MICROITERATION NUMBER = 9  , forward sweep
 - Left boundaries taken from index: 9
 - Right boundaries taken from index: 11

 Jacobi-Davidson diagonalization converged after 1 iterations.
 Energy = 11009.85780015659

 MICROITERATION NUMBER = 10  , forward sweep
 - Left boundaries taken from index: 10
 - Right boundaries taken from index: 12

 Jacobi-Davidson diagonalization converged after 1 iterations.
 Energy = 11009.8578001566

 MICROITERATION NUMBER = 11  , backward sweep
 - Left boundaries taken from index: 9
 - Right boundaries taken from index: 11

 Jacobi-Davidson diagonalization converged after 1 iterations.
 Energy = 11009.85780015658

 MICROITERATION NUMBER = 12  , backward sweep
 - Left boundaries taken from index: 8
 - Right boundaries taken from index: 10

 Jacobi-Davidson diagonalization converged after 1 iterations.
 Energy = 11009.8578001566

 MICROITERATION NUMBER = 13  , backward sweep
 - Left boundaries taken from index: 7
 - Right boundaries taken from index: 9

 Jacobi-Davidson diagonalization converged after 9 iterations.
 Energy = 11009.85779114547

 MICROITERATION NUMBER = 14  , backward sweep
 - Left boundaries taken from index: 6
 - Right boundaries taken from index: 8

 Jacobi-Davidson diagonalization converged after 10 iterations.
 Energy = 11009.85711559991

 MICROITERATION NUMBER = 15  , backward sweep
 - Left boundaries taken from index: 5
 - Right boundaries taken from index: 7

 Jacobi-Davidson diagonalization converged after 10 iterations.
 Energy = 11009.8571109029

 MICROITERATION NUMBER = 16  , backward sweep
 - Left boundaries taken from index: 4
 - Right boundaries taken from index: 6

 Jacobi-Davidson diagonalization converged after 10 iterations.
 Energy = 11009.85768395855

 MICROITERATION NUMBER = 17  , backward sweep
 - Left boundaries taken from index: 3
 - Right boundaries taken from index: 5

 Jacobi-Davidson diagonalization converged after 10 iterations.
 Energy = 11009.85778436137

 MICROITERATION NUMBER = 18  , backward sweep
 - Left boundaries taken from index: 2
 - Right boundaries taken from index: 4

 Jacobi-Davidson diagonalization converged after 1 iterations.
 Energy = 11009.85778436038

 MICROITERATION NUMBER = 19  , backward sweep
 - Left boundaries taken from index: 1
 - Right boundaries taken from index: 3

 Jacobi-Davidson diagonalization converged after 1 iterations.
 Energy = 11009.85778436039


 -------------------
   SWEEP NUMBER 8
 -------------------
 - Noise parameter: 1e-08
 - Maximum bond dimension: 50
 - Truncation parameter: 0

 MICROITERATION NUMBER = 0  , forward sweep
 - Left boundaries taken from index: 0
 - Right boundaries taken from index: 2

 Jacobi-Davidson diagonalization converged after 1 iterations.
 Energy = 11009.85778436039

 MICROITERATION NUMBER = 1  , forward sweep
 - Left boundaries taken from index: 1
 - Right boundaries taken from index: 3

 Jacobi-Davidson diagonalization converged after 1 iterations.
 Energy = 11009.85778436038

 MICROITERATION NUMBER = 2  , forward sweep
 - Left boundaries taken from index: 2
 - Right boundaries taken from index: 4

 Jacobi-Davidson diagonalization converged after 1 iterations.
 Energy = 11009.85778436039

 MICROITERATION NUMBER = 3  , forward sweep
 - Left boundaries taken from index: 3
 - Right boundaries taken from index: 5

 Jacobi-Davidson diagonalization converged after 1 iterations.
 Energy = 11009.85778436039

 MICROITERATION NUMBER = 4  , forward sweep
 - Left boundaries taken from index: 4
 - Right boundaries taken from index: 6

 Jacobi-Davidson diagonalization converged after 10 iterations.
 Energy = 11009.85768395589

 MICROITERATION NUMBER = 5  , forward sweep
 - Left boundaries taken from index: 5
 - Right boundaries taken from index: 7

 Jacobi-Davidson diagonalization converged after 10 iterations.
 Energy = 11009.85711088115

 MICROITERATION NUMBER = 6  , forward sweep
 - Left boundaries taken from index: 6
 - Right boundaries taken from index: 8

 Jacobi-Davidson diagonalization converged after 10 iterations.
 Energy = 11009.85711571365

 MICROITERATION NUMBER = 7  , forward sweep
 - Left boundaries taken from index: 7
 - Right boundaries taken from index: 9

 Jacobi-Davidson diagonalization converged after 10 iterations.
 Energy = 11009.8577913218

 MICROITERATION NUMBER = 8  , forward sweep
 - Left boundaries taken from index: 8
 - Right boundaries taken from index: 10

 Jacobi-Davidson diagonalization converged after 9 iterations.
 Energy = 11009.85780031241

 MICROITERATION NUMBER = 9  , forward sweep
 - Left boundaries taken from index: 9
 - Right boundaries taken from index: 11

 Jacobi-Davidson diagonalization converged after 1 iterations.
 Energy = 11009.8578003136

 MICROITERATION NUMBER = 10  , forward sweep
 - Left boundaries taken from index: 10
 - Right boundaries taken from index: 12

 Jacobi-Davidson diagonalization converged after 1 iterations.
 Energy = 11009.85780031361

 MICROITERATION NUMBER = 11  , backward sweep
 - Left boundaries taken from index: 9
 - Right boundaries taken from index: 11

 Jacobi-Davidson diagonalization converged after 1 iterations.
 Energy = 11009.8578003136

 MICROITERATION NUMBER = 12  , backward sweep
 - Left boundaries taken from index: 8
 - Right boundaries taken from index: 10

 Jacobi-Davidson diagonalization converged after 1 iterations.
 Energy = 11009.8578003136

 MICROITERATION NUMBER = 13  , backward sweep
 - Left boundaries taken from index: 7
 - Right boundaries taken from index: 9

 Jacobi-Davidson diagonalization converged after 9 iterations.
 Energy = 11009.85779132476

 MICROITERATION NUMBER = 14  , backward sweep
 - Left boundaries taken from index: 6
 - Right boundaries taken from index: 8

 Jacobi-Davidson diagonalization converged after 10 iterations.
 Energy = 11009.85711569822

 MICROITERATION NUMBER = 15  , backward sweep
 - Left boundaries taken from index: 5
 - Right boundaries taken from index: 7

 Jacobi-Davidson diagonalization converged after 10 iterations.
 Energy = 11009.85711151368

 MICROITERATION NUMBER = 16  , backward sweep
 - Left boundaries taken from index: 4
 - Right boundaries taken from index: 6

 Jacobi-Davidson diagonalization converged after 10 iterations.
 Energy = 11009.85768413017

 MICROITERATION NUMBER = 17  , backward sweep
 - Left boundaries taken from index: 3
 - Right boundaries taken from index: 5

 Jacobi-Davidson diagonalization converged after 10 iterations.
 Energy = 11009.85778451473

 MICROITERATION NUMBER = 18  , backward sweep
 - Left boundaries taken from index: 2
 - Right boundaries taken from index: 4

 Jacobi-Davidson diagonalization converged after 1 iterations.
 Energy = 11009.85778451664

 MICROITERATION NUMBER = 19  , backward sweep
 - Left boundaries taken from index: 1
 - Right boundaries taken from index: 3

 Jacobi-Davidson diagonalization converged after 1 iterations.
 Energy = 11009.85778451666


 -------------------
   SWEEP NUMBER 9
 -------------------
 - Noise parameter: 1e-08
 - Maximum bond dimension: 50
 - Truncation parameter: 0

 MICROITERATION NUMBER = 0  , forward sweep
 - Left boundaries taken from index: 0
 - Right boundaries taken from index: 2

 Jacobi-Davidson diagonalization converged after 1 iterations.
 Energy = 11009.85778451664

 MICROITERATION NUMBER = 1  , forward sweep
 - Left boundaries taken from index: 1
 - Right boundaries taken from index: 3

 Jacobi-Davidson diagonalization converged after 1 iterations.
 Energy = 11009.85778451665

 MICROITERATION NUMBER = 2  , forward sweep
 - Left boundaries taken from index: 2
 - Right boundaries taken from index: 4

 Jacobi-Davidson diagonalization converged after 1 iterations.
 Energy = 11009.85778451663

 MICROITERATION NUMBER = 3  , forward sweep
 - Left boundaries taken from index: 3
 - Right boundaries taken from index: 5

 Jacobi-Davidson diagonalization converged after 1 iterations.
 Energy = 11009.85778451663

 MICROITERATION NUMBER = 4  , forward sweep
 - Left boundaries taken from index: 4
 - Right boundaries taken from index: 6

 Jacobi-Davidson diagonalization converged after 10 iterations.
 Energy = 11009.85768413023

 MICROITERATION NUMBER = 5  , forward sweep
 - Left boundaries taken from index: 5
 - Right boundaries taken from index: 7

 Jacobi-Davidson diagonalization converged after 10 iterations.
 Energy = 11009.85711149079

 MICROITERATION NUMBER = 6  , forward sweep
 - Left boundaries taken from index: 6
 - Right boundaries taken from index: 8

 Jacobi-Davidson diagonalization converged after 10 iterations.
 Energy = 11009.85711579814

 MICROITERATION NUMBER = 7  , forward sweep
 - Left boundaries taken from index: 7
 - Right boundaries taken from index: 9

 Jacobi-Davidson diagonalization converged after 10 iterations.
 Energy = 11009.85779146661

 MICROITERATION NUMBER = 8  , forward sweep
 - Left boundaries taken from index: 8
 - Right boundaries taken from index: 10

 Jacobi-Davidson diagonalization converged after 9 iterations.
 Energy = 11009.85780044362

 MICROITERATION NUMBER = 9  , forward sweep
 - Left boundaries taken from index: 9
 - Right boundaries taken from index: 11

 Jacobi-Davidson diagonalization converged after 1 iterations.
 Energy = 11009.85780044307

 MICROITERATION NUMBER = 10  , forward sweep
 - Left boundaries taken from index: 10
 - Right boundaries taken from index: 12

 Jacobi-Davidson diagonalization converged after 1 iterations.
 Energy = 11009.85780044307

 MICROITERATION NUMBER = 11  , backward sweep
 - Left boundaries taken from index: 9
 - Right boundaries taken from index: 11

 Jacobi-Davidson diagonalization converged after 1 iterations.
 Energy = 11009.85780044309

 MICROITERATION NUMBER = 12  , backward sweep
 - Left boundaries taken from index: 8
 - Right boundaries taken from index: 10

 Jacobi-Davidson diagonalization converged after 1 iterations.
 Energy = 11009.85780044301

 MICROITERATION NUMBER = 13  , backward sweep
 - Left boundaries taken from index: 7
 - Right boundaries taken from index: 9

 Jacobi-Davidson diagonalization converged after 9 iterations.
 Energy = 11009.85779146565

 MICROITERATION NUMBER = 14  , backward sweep
 - Left boundaries taken from index: 6
 - Right boundaries taken from index: 8

 Jacobi-Davidson diagonalization converged after 10 iterations.
 Energy = 11009.85711578564

 MICROITERATION NUMBER = 15  , backward sweep
 - Left boundaries taken from index: 5
 - Right boundaries taken from index: 7

 Jacobi-Davidson diagonalization converged after 10 iterations.
 Energy = 11009.85711200624

 MICROITERATION NUMBER = 16  , backward sweep
 - Left boundaries taken from index: 4
 - Right boundaries taken from index: 6

 Jacobi-Davidson diagonalization converged after 10 iterations.
 Energy = 11009.85768427302

 MICROITERATION NUMBER = 17  , backward sweep
 - Left boundaries taken from index: 3
 - Right boundaries taken from index: 5

 Jacobi-Davidson diagonalization converged after 10 iterations.
 Energy = 11009.85778464337

 MICROITERATION NUMBER = 18  , backward sweep
 - Left boundaries taken from index: 2
 - Right boundaries taken from index: 4

 Jacobi-Davidson diagonalization converged after 1 iterations.
 Energy = 11009.85778464496

 MICROITERATION NUMBER = 19  , backward sweep
 - Left boundaries taken from index: 1
 - Right boundaries taken from index: 3

 Jacobi-Davidson diagonalization converged after 1 iterations.
 Energy = 11009.85778464497


 -------------------
   SWEEP NUMBER 10
 -------------------
 - Noise parameter: 1e-08
 - Maximum bond dimension: 50
 - Truncation parameter: 0

 MICROITERATION NUMBER = 0  , forward sweep
 - Left boundaries taken from index: 0
 - Right boundaries taken from index: 2

 Jacobi-Davidson diagonalization converged after 1 iterations.
 Energy = 11009.85778464498

 MICROITERATION NUMBER = 1  , forward sweep
 - Left boundaries taken from index: 1
 - Right boundaries taken from index: 3

 Jacobi-Davidson diagonalization converged after 1 iterations.
 Energy = 11009.85778464498

 MICROITERATION NUMBER = 2  , forward sweep
 - Left boundaries taken from index: 2
 - Right boundaries taken from index: 4

 Jacobi-Davidson diagonalization converged after 1 iterations.
 Energy = 11009.85778464495

 MICROITERATION NUMBER = 3  , forward sweep
 - Left boundaries taken from index: 3
 - Right boundaries taken from index: 5

 Jacobi-Davidson diagonalization converged after 1 iterations.
 Energy = 11009.85778464493

 MICROITERATION NUMBER = 4  , forward sweep
 - Left boundaries taken from index: 4
 - Right boundaries taken from index: 6

 Jacobi-Davidson diagonalization converged after 10 iterations.
 Energy = 11009.85768427386

 MICROITERATION NUMBER = 5  , forward sweep
 - Left boundaries taken from index: 5
 - Right boundaries taken from index: 7

 Jacobi-Davidson diagonalization converged after 10 iterations.
 Energy = 11009.85711198898

 MICROITERATION NUMBER = 6  , forward sweep
 - Left boundaries taken from index: 6
 - Right boundaries taken from index: 8

 Jacobi-Davidson diagonalization converged after 10 iterations.
 Energy = 11009.8571158571

 MICROITERATION NUMBER = 7  , forward sweep
 - Left boundaries taken from index: 7
 - Right boundaries taken from index: 9

 Jacobi-Davidson diagonalization converged after 10 iterations.
 Energy = 11009.85779159109

 MICROITERATION NUMBER = 8  , forward sweep
 - Left boundaries taken from index: 8
 - Right boundaries taken from index: 10

 Jacobi-Davidson diagonalization converged after 9 iterations.
 Energy = 11009.85780054927

 MICROITERATION NUMBER = 9  , forward sweep
 - Left boundaries taken from index: 9
 - Right boundaries taken from index: 11

 Jacobi-Davidson diagonalization converged after 1 iterations.
 Energy = 11009.85780055064

 MICROITERATION NUMBER = 10  , forward sweep
 - Left boundaries taken from index: 10
 - Right boundaries taken from index: 12

 Jacobi-Davidson diagonalization converged after 1 iterations.
 Energy = 11009.85780055064

 MICROITERATION NUMBER = 11  , backward sweep
 - Left boundaries taken from index: 9
 - Right boundaries taken from index: 11

 Jacobi-Davidson diagonalization converged after 1 iterations.
 Energy = 11009.85780055062

 MICROITERATION NUMBER = 12  , backward sweep
 - Left boundaries taken from index: 8
 - Right boundaries taken from index: 10

 Jacobi-Davidson diagonalization converged after 1 iterations.
 Energy = 11009.85780055062

 MICROITERATION NUMBER = 13  , backward sweep
 - Left boundaries taken from index: 7
 - Right boundaries taken from index: 9

 Jacobi-Davidson diagonalization converged after 9 iterations.
 Energy = 11009.85779159109

 MICROITERATION NUMBER = 14  , backward sweep
 - Left boundaries taken from index: 6
 - Right boundaries taken from index: 8

 Jacobi-Davidson diagonalization converged after 10 iterations.
 Energy = 11009.85711585505

 MICROITERATION NUMBER = 15  , backward sweep
 - Left boundaries taken from index: 5
 - Right boundaries taken from index: 7

 Jacobi-Davidson diagonalization converged after 10 iterations.
 Energy = 11009.85711240276

 MICROITERATION NUMBER = 16  , backward sweep
 - Left boundaries taken from index: 4
 - Right boundaries taken from index: 6

 Jacobi-Davidson diagonalization converged after 10 iterations.
 Energy = 11009.85768439568

 MICROITERATION NUMBER = 17  , backward sweep
 - Left boundaries taken from index: 3
 - Right boundaries taken from index: 5

 Jacobi-Davidson diagonalization converged after 10 iterations.
 Energy = 11009.85778475323

 MICROITERATION NUMBER = 18  , backward sweep
 - Left boundaries taken from index: 2
 - Right boundaries taken from index: 4

 Jacobi-Davidson diagonalization converged after 1 iterations.
 Energy = 11009.85778475132

 MICROITERATION NUMBER = 19  , backward sweep
 - Left boundaries taken from index: 1
 - Right boundaries taken from index: 3

 Jacobi-Davidson diagonalization converged after 1 iterations.
 Energy = 11009.85778475131


 -------------------
   SWEEP NUMBER 11
 -------------------
 - Noise parameter: 1e-08
 - Maximum bond dimension: 50
 - Truncation parameter: 0

 MICROITERATION NUMBER = 0  , forward sweep
 - Left boundaries taken from index: 0
 - Right boundaries taken from index: 2

 Jacobi-Davidson diagonalization converged after 1 iterations.
 Energy = 11009.85778475132

 MICROITERATION NUMBER = 1  , forward sweep
 - Left boundaries taken from index: 1
 - Right boundaries taken from index: 3

 Jacobi-Davidson diagonalization converged after 1 iterations.
 Energy = 11009.85778475132

 MICROITERATION NUMBER = 2  , forward sweep
 - Left boundaries taken from index: 2
 - Right boundaries taken from index: 4

 Jacobi-Davidson diagonalization converged after 1 iterations.
 Energy = 11009.8577847513

 MICROITERATION NUMBER = 3  , forward sweep
 - Left boundaries taken from index: 3
 - Right boundaries taken from index: 5

 Jacobi-Davidson diagonalization converged after 1 iterations.
 Energy = 11009.85778475127

 MICROITERATION NUMBER = 4  , forward sweep
 - Left boundaries taken from index: 4
 - Right boundaries taken from index: 6

 Jacobi-Davidson diagonalization converged after 10 iterations.
 Energy = 11009.85768439354

 MICROITERATION NUMBER = 5  , forward sweep
 - Left boundaries taken from index: 5
 - Right boundaries taken from index: 7

 Jacobi-Davidson diagonalization converged after 10 iterations.
 Energy = 11009.85711239561

 MICROITERATION NUMBER = 6  , forward sweep
 - Left boundaries taken from index: 6
 - Right boundaries taken from index: 8

 Jacobi-Davidson diagonalization converged after 10 iterations.
 Energy = 11009.85711591415

 MICROITERATION NUMBER = 7  , forward sweep
 - Left boundaries taken from index: 7
 - Right boundaries taken from index: 9

 Jacobi-Davidson diagonalization converged after 10 iterations.
 Energy = 11009.85779168789

 MICROITERATION NUMBER = 8  , forward sweep
 - Left boundaries taken from index: 8
 - Right boundaries taken from index: 10

 Jacobi-Davidson diagonalization converged after 9 iterations.
 Energy = 11009.85780063787

 MICROITERATION NUMBER = 9  , forward sweep
 - Left boundaries taken from index: 9
 - Right boundaries taken from index: 11

 Jacobi-Davidson diagonalization converged after 1 iterations.
 Energy = 11009.85780064079

 MICROITERATION NUMBER = 10  , forward sweep
 - Left boundaries taken from index: 10
 - Right boundaries taken from index: 12

 Jacobi-Davidson diagonalization converged after 1 iterations.
 Energy = 11009.8578006408

 MICROITERATION NUMBER = 11  , backward sweep
 - Left boundaries taken from index: 9
 - Right boundaries taken from index: 11

 Jacobi-Davidson diagonalization converged after 1 iterations.
 Energy = 11009.85780064078

 MICROITERATION NUMBER = 12  , backward sweep
 - Left boundaries taken from index: 8
 - Right boundaries taken from index: 10

 Jacobi-Davidson diagonalization converged after 1 iterations.
 Energy = 11009.85780064079

 MICROITERATION NUMBER = 13  , backward sweep
 - Left boundaries taken from index: 7
 - Right boundaries taken from index: 9

 Jacobi-Davidson diagonalization converged after 9 iterations.
 Energy = 11009.85779169163

 MICROITERATION NUMBER = 14  , backward sweep
 - Left boundaries taken from index: 6
 - Right boundaries taken from index: 8

 Jacobi-Davidson diagonalization converged after 10 iterations.
 Energy = 11009.85711590717

 MICROITERATION NUMBER = 15  , backward sweep
 - Left boundaries taken from index: 5
 - Right boundaries taken from index: 7

 Jacobi-Davidson diagonalization converged after 10 iterations.
 Energy = 11009.85711273865

 MICROITERATION NUMBER = 16  , backward sweep
 - Left boundaries taken from index: 4
 - Right boundaries taken from index: 6

 Jacobi-Davidson diagonalization converged after 10 iterations.
 Energy = 11009.85768449593

 MICROITERATION NUMBER = 17  , backward sweep
 - Left boundaries taken from index: 3
 - Right boundaries taken from index: 5

 Jacobi-Davidson diagonalization converged after 10 iterations.
 Energy = 11009.85778484045

 MICROITERATION NUMBER = 18  , backward sweep
 - Left boundaries taken from index: 2
 - Right boundaries taken from index: 4

 Jacobi-Davidson diagonalization converged after 1 iterations.
 Energy = 11009.85778484022

 MICROITERATION NUMBER = 19  , backward sweep
 - Left boundaries taken from index: 1
 - Right boundaries taken from index: 3

 Jacobi-Davidson diagonalization converged after 1 iterations.
 Energy = 11009.85778484021


 -------------------
   SWEEP NUMBER 12
 -------------------
 - Noise parameter: 1e-08
 - Maximum bond dimension: 50
 - Truncation parameter: 0

 MICROITERATION NUMBER = 0  , forward sweep
 - Left boundaries taken from index: 0
 - Right boundaries taken from index: 2

 Jacobi-Davidson diagonalization converged after 1 iterations.
 Energy = 11009.85778484023

 MICROITERATION NUMBER = 1  , forward sweep
 - Left boundaries taken from index: 1
 - Right boundaries taken from index: 3

 Jacobi-Davidson diagonalization converged after 1 iterations.
 Energy = 11009.85778484023

 MICROITERATION NUMBER = 2  , forward sweep
 - Left boundaries taken from index: 2
 - Right boundaries taken from index: 4

 Jacobi-Davidson diagonalization converged after 1 iterations.
 Energy = 11009.85778484023

 MICROITERATION NUMBER = 3  , forward sweep
 - Left boundaries taken from index: 3
 - Right boundaries taken from index: 5

 Jacobi-Davidson diagonalization converged after 1 iterations.
 Energy = 11009.85778484022

 MICROITERATION NUMBER = 4  , forward sweep
 - Left boundaries taken from index: 4
 - Right boundaries taken from index: 6

 Jacobi-Davidson diagonalization converged after 10 iterations.
 Energy = 11009.85768449169

 MICROITERATION NUMBER = 5  , forward sweep
 - Left boundaries taken from index: 5
 - Right boundaries taken from index: 7

 Jacobi-Davidson diagonalization converged after 10 iterations.
 Energy = 11009.85711272798

 MICROITERATION NUMBER = 6  , forward sweep
 - Left boundaries taken from index: 6
 - Right boundaries taken from index: 8

 Jacobi-Davidson diagonalization converged after 10 iterations.
 Energy = 11009.85711596416

 MICROITERATION NUMBER = 7  , forward sweep
 - Left boundaries taken from index: 7
 - Right boundaries taken from index: 9

 Jacobi-Davidson diagonalization converged after 10 iterations.
 Energy = 11009.85779177645

 MICROITERATION NUMBER = 8  , forward sweep
 - Left boundaries taken from index: 8
 - Right boundaries taken from index: 10

 Jacobi-Davidson diagonalization converged after 9 iterations.
 Energy = 11009.85780071949

 MICROITERATION NUMBER = 9  , forward sweep
 - Left boundaries taken from index: 9
 - Right boundaries taken from index: 11

 Jacobi-Davidson diagonalization converged after 1 iterations.
 Energy = 11009.85780071711

 MICROITERATION NUMBER = 10  , forward sweep
 - Left boundaries taken from index: 10
 - Right boundaries taken from index: 12

 Jacobi-Davidson diagonalization converged after 1 iterations.
 Energy = 11009.85780071711

 MICROITERATION NUMBER = 11  , backward sweep
 - Left boundaries taken from index: 9
 - Right boundaries taken from index: 11

 Jacobi-Davidson diagonalization converged after 1 iterations.
 Energy = 11009.85780071712

 MICROITERATION NUMBER = 12  , backward sweep
 - Left boundaries taken from index: 8
 - Right boundaries taken from index: 10

 Jacobi-Davidson diagonalization converged after 1 iterations.
 Energy = 11009.85780071714

 MICROITERATION NUMBER = 13  , backward sweep
 - Left boundaries taken from index: 7
 - Right boundaries taken from index: 9

 Jacobi-Davidson diagonalization converged after 9 iterations.
 Energy = 11009.85779177334

 MICROITERATION NUMBER = 14  , backward sweep
 - Left boundaries taken from index: 6
 - Right boundaries taken from index: 8

 Jacobi-Davidson diagonalization converged after 10 iterations.
 Energy = 11009.85711595615

 MICROITERATION NUMBER = 15  , backward sweep
 - Left boundaries taken from index: 5
 - Right boundaries taken from index: 7

 Jacobi-Davidson diagonalization converged after 10 iterations.
 Energy = 11009.85711301541

 MICROITERATION NUMBER = 16  , backward sweep
 - Left boundaries taken from index: 4
 - Right boundaries taken from index: 6

 Jacobi-Davidson diagonalization converged after 10 iterations.
 Energy = 11009.85768457871

 MICROITERATION NUMBER = 17  , backward sweep
 - Left boundaries taken from index: 3
 - Right boundaries taken from index: 5

 Jacobi-Davidson diagonalization converged after 10 iterations.
 Energy = 11009.85778491412

 MICROITERATION NUMBER = 18  , backward sweep
 - Left boundaries taken from index: 2
 - Right boundaries taken from index: 4

 Jacobi-Davidson diagonalization converged after 1 iterations.
 Energy = 11009.85778491532

 MICROITERATION NUMBER = 19  , backward sweep
 - Left boundaries taken from index: 1
 - Right boundaries taken from index: 3

 Jacobi-Davidson diagonalization converged after 1 iterations.
 Energy = 11009.85778491536


 -------------------
   SWEEP NUMBER 13
 -------------------
 - Noise parameter: 1e-08
 - Maximum bond dimension: 50
 - Truncation parameter: 0

 MICROITERATION NUMBER = 0  , forward sweep
 - Left boundaries taken from index: 0
 - Right boundaries taken from index: 2

 Jacobi-Davidson diagonalization converged after 1 iterations.
 Energy = 11009.85778491535

 MICROITERATION NUMBER = 1  , forward sweep
 - Left boundaries taken from index: 1
 - Right boundaries taken from index: 3

 Jacobi-Davidson diagonalization converged after 1 iterations.
 Energy = 11009.85778491538

 MICROITERATION NUMBER = 2  , forward sweep
 - Left boundaries taken from index: 2
 - Right boundaries taken from index: 4

 Jacobi-Davidson diagonalization converged after 1 iterations.
 Energy = 11009.85778491533

 MICROITERATION NUMBER = 3  , forward sweep
 - Left boundaries taken from index: 3
 - Right boundaries taken from index: 5

 Jacobi-Davidson diagonalization converged after 1 iterations.
 Energy = 11009.8577849153

 MICROITERATION NUMBER = 4  , forward sweep
 - Left boundaries taken from index: 4
 - Right boundaries taken from index: 6

 Jacobi-Davidson diagonalization converged after 10 iterations.
 Energy = 11009.85768458184

 MICROITERATION NUMBER = 5  , forward sweep
 - Left boundaries taken from index: 5
 - Right boundaries taken from index: 7

 Jacobi-Davidson diagonalization converged after 10 iterations.
 Energy = 11009.85711300817

 MICROITERATION NUMBER = 6  , forward sweep
 - Left boundaries taken from index: 6
 - Right boundaries taken from index: 8

 Jacobi-Davidson diagonalization converged after 10 iterations.
 Energy = 11009.85711600133

 MICROITERATION NUMBER = 7  , forward sweep
 - Left boundaries taken from index: 7
 - Right boundaries taken from index: 9

 Jacobi-Davidson diagonalization converged after 10 iterations.
 Energy = 11009.85779184669

 MICROITERATION NUMBER = 8  , forward sweep
 - Left boundaries taken from index: 8
 - Right boundaries taken from index: 10

 Jacobi-Davidson diagonalization converged after 9 iterations.
 Energy = 11009.85780078132

 MICROITERATION NUMBER = 9  , forward sweep
 - Left boundaries taken from index: 9
 - Right boundaries taken from index: 11

 Jacobi-Davidson diagonalization converged after 1 iterations.
 Energy = 11009.85780078229

 MICROITERATION NUMBER = 10  , forward sweep
 - Left boundaries taken from index: 10
 - Right boundaries taken from index: 12

 Jacobi-Davidson diagonalization converged after 1 iterations.
 Energy = 11009.85780078229

 MICROITERATION NUMBER = 11  , backward sweep
 - Left boundaries taken from index: 9
 - Right boundaries taken from index: 11

 Jacobi-Davidson diagonalization converged after 1 iterations.
 Energy = 11009.85780078229

 MICROITERATION NUMBER = 12  , backward sweep
 - Left boundaries taken from index: 8
 - Right boundaries taken from index: 10

 Jacobi-Davidson diagonalization converged after 1 iterations.
 Energy = 11009.85780078226

 MICROITERATION NUMBER = 13  , backward sweep
 - Left boundaries taken from index: 7
 - Right boundaries taken from index: 9

 Jacobi-Davidson diagonalization converged after 9 iterations.
 Energy = 11009.85779184301

 MICROITERATION NUMBER = 14  , backward sweep
 - Left boundaries taken from index: 6
 - Right boundaries taken from index: 8

 Jacobi-Davidson diagonalization converged after 10 iterations.
 Energy = 11009.8571159958

 MICROITERATION NUMBER = 15  , backward sweep
 - Left boundaries taken from index: 5
 - Right boundaries taken from index: 7

 Jacobi-Davidson diagonalization converged after 10 iterations.
 Energy = 11009.8571132501

 MICROITERATION NUMBER = 16  , backward sweep
 - Left boundaries taken from index: 4
 - Right boundaries taken from index: 6

 Jacobi-Davidson diagonalization converged after 10 iterations.
 Energy = 11009.85768465517

 MICROITERATION NUMBER = 17  , backward sweep
 - Left boundaries taken from index: 3
 - Right boundaries taken from index: 5

 Jacobi-Davidson diagonalization converged after 10 iterations.
 Energy = 11009.85778497845

 MICROITERATION NUMBER = 18  , backward sweep
 - Left boundaries taken from index: 2
 - Right boundaries taken from index: 4

 Jacobi-Davidson diagonalization converged after 1 iterations.
 Energy = 11009.85778497939

 MICROITERATION NUMBER = 19  , backward sweep
 - Left boundaries taken from index: 1
 - Right boundaries taken from index: 3

 Jacobi-Davidson diagonalization converged after 1 iterations.
 Energy = 11009.85778497938


 -------------------
   SWEEP NUMBER 14
 -------------------
 - Noise parameter: 1e-08
 - Maximum bond dimension: 50
 - Truncation parameter: 0

 MICROITERATION NUMBER = 0  , forward sweep
 - Left boundaries taken from index: 0
 - Right boundaries taken from index: 2

 Jacobi-Davidson diagonalization converged after 1 iterations.
 Energy = 11009.85778497938

 MICROITERATION NUMBER = 1  , forward sweep
 - Left boundaries taken from index: 1
 - Right boundaries taken from index: 3

 Jacobi-Davidson diagonalization converged after 1 iterations.
 Energy = 11009.85778497938

 MICROITERATION NUMBER = 2  , forward sweep
 - Left boundaries taken from index: 2
 - Right boundaries taken from index: 4

 Jacobi-Davidson diagonalization converged after 1 iterations.
 Energy = 11009.85778497941

 MICROITERATION NUMBER = 3  , forward sweep
 - Left boundaries taken from index: 3
 - Right boundaries taken from index: 5

 Jacobi-Davidson diagonalization converged after 1 iterations.
 Energy = 11009.85778497944

 MICROITERATION NUMBER = 4  , forward sweep
 - Left boundaries taken from index: 4
 - Right boundaries taken from index: 6

 Jacobi-Davidson diagonalization converged after 10 iterations.
 Energy = 11009.85768465238

 MICROITERATION NUMBER = 5  , forward sweep
 - Left boundaries taken from index: 5
 - Right boundaries taken from index: 7

 Jacobi-Davidson diagonalization converged after 10 iterations.
 Energy = 11009.85711324216

 MICROITERATION NUMBER = 6  , forward sweep
 - Left boundaries taken from index: 6
 - Right boundaries taken from index: 8

 Jacobi-Davidson diagonalization converged after 10 iterations.
 Energy = 11009.85711603407

 MICROITERATION NUMBER = 7  , forward sweep
 - Left boundaries taken from index: 7
 - Right boundaries taken from index: 9

 Jacobi-Davidson diagonalization converged after 10 iterations.
 Energy = 11009.85779190585

 MICROITERATION NUMBER = 8  , forward sweep
 - Left boundaries taken from index: 8
 - Right boundaries taken from index: 10

 Jacobi-Davidson diagonalization converged after 9 iterations.
 Energy = 11009.85780083681

 MICROITERATION NUMBER = 9  , forward sweep
 - Left boundaries taken from index: 9
 - Right boundaries taken from index: 11

 Jacobi-Davidson diagonalization converged after 1 iterations.
 Energy = 11009.85780083838

 MICROITERATION NUMBER = 10  , forward sweep
 - Left boundaries taken from index: 10
 - Right boundaries taken from index: 12

 Jacobi-Davidson diagonalization converged after 1 iterations.
 Energy = 11009.85780083838

 MICROITERATION NUMBER = 11  , backward sweep
 - Left boundaries taken from index: 9
 - Right boundaries taken from index: 11

 Jacobi-Davidson diagonalization converged after 1 iterations.
 Energy = 11009.85780083837

 MICROITERATION NUMBER = 12  , backward sweep
 - Left boundaries taken from index: 8
 - Right boundaries taken from index: 10

 Jacobi-Davidson diagonalization converged after 1 iterations.
 Energy = 11009.85780083837

 MICROITERATION NUMBER = 13  , backward sweep
 - Left boundaries taken from index: 7
 - Right boundaries taken from index: 9

 Jacobi-Davidson diagonalization converged after 9 iterations.
 Energy = 11009.85779190434

 MICROITERATION NUMBER = 14  , backward sweep
 - Left boundaries taken from index: 6
 - Right boundaries taken from index: 8

 Jacobi-Davidson diagonalization converged after 10 iterations.
 Energy = 11009.85711603343

 MICROITERATION NUMBER = 15  , backward sweep
 - Left boundaries taken from index: 5
 - Right boundaries taken from index: 7

 Jacobi-Davidson diagonalization converged after 10 iterations.
 Energy = 11009.85711345065

 MICROITERATION NUMBER = 16  , backward sweep
 - Left boundaries taken from index: 4
 - Right boundaries taken from index: 6

 Jacobi-Davidson diagonalization converged after 10 iterations.
 Energy = 11009.85768471647

 MICROITERATION NUMBER = 17  , backward sweep
 - Left boundaries taken from index: 3
 - Right boundaries taken from index: 5

 Jacobi-Davidson diagonalization converged after 10 iterations.
 Energy = 11009.85778503652

 MICROITERATION NUMBER = 18  , backward sweep
 - Left boundaries taken from index: 2
 - Right boundaries taken from index: 4

 Jacobi-Davidson diagonalization converged after 1 iterations.
 Energy = 11009.85778503451

 MICROITERATION NUMBER = 19  , backward sweep
 - Left boundaries taken from index: 1
 - Right boundaries taken from index: 3

 Jacobi-Davidson diagonalization converged after 1 iterations.
 Energy = 11009.85778503449


 -------------------
   SWEEP NUMBER 15
 -------------------
 - Noise parameter: 1e-08
 - Maximum bond dimension: 50
 - Truncation parameter: 0

 MICROITERATION NUMBER = 0  , forward sweep
 - Left boundaries taken from index: 0
 - Right boundaries taken from index: 2

 Jacobi-Davidson diagonalization converged after 1 iterations.
 Energy = 11009.85778503447

 MICROITERATION NUMBER = 1  , forward sweep
 - Left boundaries taken from index: 1
 - Right boundaries taken from index: 3

 Jacobi-Davidson diagonalization converged after 1 iterations.
 Energy = 11009.85778503448

 MICROITERATION NUMBER = 2  , forward sweep
 - Left boundaries taken from index: 2
 - Right boundaries taken from index: 4

 Jacobi-Davidson diagonalization converged after 1 iterations.
 Energy = 11009.85778503451

 MICROITERATION NUMBER = 3  , forward sweep
 - Left boundaries taken from index: 3
 - Right boundaries taken from index: 5

 Jacobi-Davidson diagonalization converged after 1 iterations.
 Energy = 11009.85778503443

 MICROITERATION NUMBER = 4  , forward sweep
 - Left boundaries taken from index: 4
 - Right boundaries taken from index: 6

 Jacobi-Davidson diagonalization converged after 10 iterations.
 Energy = 11009.85768471661

 MICROITERATION NUMBER = 5  , forward sweep
 - Left boundaries taken from index: 5
 - Right boundaries taken from index: 7

 Jacobi-Davidson diagonalization converged after 10 iterations.
 Energy = 11009.85711344583

 MICROITERATION NUMBER = 6  , forward sweep
 - Left boundaries taken from index: 6
 - Right boundaries taken from index: 8

 Jacobi-Davidson diagonalization converged after 10 iterations.
 Energy = 11009.85711605926

 MICROITERATION NUMBER = 7  , forward sweep
 - Left boundaries taken from index: 7
 - Right boundaries taken from index: 9

 Jacobi-Davidson diagonalization converged after 10 iterations.
 Energy = 11009.85779196677

 MICROITERATION NUMBER = 8  , forward sweep
 - Left boundaries taken from index: 8
 - Right boundaries taken from index: 10

 Jacobi-Davidson diagonalization converged after 9 iterations.
 Energy = 11009.85780088865

 MICROITERATION NUMBER = 9  , forward sweep
 - Left boundaries taken from index: 9
 - Right boundaries taken from index: 11

 Jacobi-Davidson diagonalization converged after 1 iterations.
 Energy = 11009.85780088707

 MICROITERATION NUMBER = 10  , forward sweep
 - Left boundaries taken from index: 10
 - Right boundaries taken from index: 12

 Jacobi-Davidson diagonalization converged after 1 iterations.
 Energy = 11009.85780088707

 MICROITERATION NUMBER = 11  , backward sweep
 - Left boundaries taken from index: 9
 - Right boundaries taken from index: 11

 Jacobi-Davidson diagonalization converged after 1 iterations.
 Energy = 11009.85780088706

 MICROITERATION NUMBER = 12  , backward sweep
 - Left boundaries taken from index: 8
 - Right boundaries taken from index: 10

 Jacobi-Davidson diagonalization converged after 1 iterations.
 Energy = 11009.85780088706

 MICROITERATION NUMBER = 13  , backward sweep
 - Left boundaries taken from index: 7
 - Right boundaries taken from index: 9

 Jacobi-Davidson diagonalization converged after 9 iterations.
 Energy = 11009.85779195993

 MICROITERATION NUMBER = 14  , backward sweep
 - Left boundaries taken from index: 6
 - Right boundaries taken from index: 8

 Jacobi-Davidson diagonalization converged after 10 iterations.
 Energy = 11009.85711606095

 MICROITERATION NUMBER = 15  , backward sweep
 - Left boundaries taken from index: 5
 - Right boundaries taken from index: 7

 Jacobi-Davidson diagonalization converged after 10 iterations.
 Energy = 11009.85711361966

 MICROITERATION NUMBER = 16  , backward sweep
 - Left boundaries taken from index: 4
 - Right boundaries taken from index: 6

 Jacobi-Davidson diagonalization converged after 10 iterations.
 Energy = 11009.85768477021

 MICROITERATION NUMBER = 17  , backward sweep
 - Left boundaries taken from index: 3
 - Right boundaries taken from index: 5

 Jacobi-Davidson diagonalization converged after 10 iterations.
 Energy = 11009.85778508323

 MICROITERATION NUMBER = 18  , backward sweep
 - Left boundaries taken from index: 2
 - Right boundaries taken from index: 4

 Jacobi-Davidson diagonalization converged after 1 iterations.
 Energy = 11009.85778508227

 MICROITERATION NUMBER = 19  , backward sweep
 - Left boundaries taken from index: 1
 - Right boundaries taken from index: 3

 Jacobi-Davidson diagonalization converged after 1 iterations.
 Energy = 11009.85778508226


 -------------------
   SWEEP NUMBER 16
 -------------------
 - Noise parameter: 1e-08
 - Maximum bond dimension: 50
 - Truncation parameter: 0

 MICROITERATION NUMBER = 0  , forward sweep
 - Left boundaries taken from index: 0
 - Right boundaries taken from index: 2

 Jacobi-Davidson diagonalization converged after 1 iterations.
 Energy = 11009.85778508227

 MICROITERATION NUMBER = 1  , forward sweep
 - Left boundaries taken from index: 1
 - Right boundaries taken from index: 3

 Jacobi-Davidson diagonalization converged after 1 iterations.
 Energy = 11009.85778508227

 MICROITERATION NUMBER = 2  , forward sweep
 - Left boundaries taken from index: 2
 - Right boundaries taken from index: 4

 Jacobi-Davidson diagonalization converged after 1 iterations.
 Energy = 11009.85778508225

 MICROITERATION NUMBER = 3  , forward sweep
 - Left boundaries taken from index: 3
 - Right boundaries taken from index: 5

 Jacobi-Davidson diagonalization converged after 1 iterations.
 Energy = 11009.85778508225

 MICROITERATION NUMBER = 4  , forward sweep
 - Left boundaries taken from index: 4
 - Right boundaries taken from index: 6

 Jacobi-Davidson diagonalization converged after 10 iterations.
 Energy = 11009.85768477346

 MICROITERATION NUMBER = 5  , forward sweep
 - Left boundaries taken from index: 5
 - Right boundaries taken from index: 7

 Jacobi-Davidson diagonalization converged after 10 iterations.
 Energy = 11009.85711361897

 MICROITERATION NUMBER = 6  , forward sweep
 - Left boundaries taken from index: 6
 - Right boundaries taken from index: 8

 Jacobi-Davidson diagonalization converged after 10 iterations.
 Energy = 11009.85711608426

 MICROITERATION NUMBER = 7  , forward sweep
 - Left boundaries taken from index: 7
 - Right boundaries taken from index: 9

 Jacobi-Davidson diagonalization converged after 10 iterations.
 Energy = 11009.8577920085

 MICROITERATION NUMBER = 8  , forward sweep
 - Left boundaries taken from index: 8
 - Right boundaries taken from index: 10

 Jacobi-Davidson diagonalization converged after 9 iterations.
 Energy = 11009.85780093187

 MICROITERATION NUMBER = 9  , forward sweep
 - Left boundaries taken from index: 9
 - Right boundaries taken from index: 11

 Jacobi-Davidson diagonalization converged after 1 iterations.
 Energy = 11009.8578009296

 MICROITERATION NUMBER = 10  , forward sweep
 - Left boundaries taken from index: 10
 - Right boundaries taken from index: 12

 Jacobi-Davidson diagonalization converged after 1 iterations.
 Energy = 11009.85780092959

 MICROITERATION NUMBER = 11  , backward sweep
 - Left boundaries taken from index: 9
 - Right boundaries taken from index: 11

 Jacobi-Davidson diagonalization converged after 1 iterations.
 Energy = 11009.85780092961

 MICROITERATION NUMBER = 12  , backward sweep
 - Left boundaries taken from index: 8
 - Right boundaries taken from index: 10

 Jacobi-Davidson diagonalization converged after 1 iterations.
 Energy = 11009.85780092959

 MICROITERATION NUMBER = 13  , backward sweep
 - Left boundaries taken from index: 7
 - Right boundaries taken from index: 9

 Jacobi-Davidson diagonalization converged after 9 iterations.
 Energy = 11009.85779201055

 MICROITERATION NUMBER = 14  , backward sweep
 - Left boundaries taken from index: 6
 - Right boundaries taken from index: 8

 Jacobi-Davidson diagonalization converged after 10 iterations.
 Energy = 11009.85711608524

 MICROITERATION NUMBER = 15  , backward sweep
 - Left boundaries taken from index: 5
 - Right boundaries taken from index: 7

 Jacobi-Davidson diagonalization converged after 10 iterations.
 Energy = 11009.85711376981

 MICROITERATION NUMBER = 16  , backward sweep
 - Left boundaries taken from index: 4
 - Right boundaries taken from index: 6

 Jacobi-Davidson diagonalization converged after 10 iterations.
 Energy = 11009.85768482085

 MICROITERATION NUMBER = 17  , backward sweep
 - Left boundaries taken from index: 3
 - Right boundaries taken from index: 5

 Jacobi-Davidson diagonalization converged after 10 iterations.
 Energy = 11009.85778512331

 MICROITERATION NUMBER = 18  , backward sweep
 - Left boundaries taken from index: 2
 - Right boundaries taken from index: 4

 Jacobi-Davidson diagonalization converged after 1 iterations.
 Energy = 11009.85778512402

 MICROITERATION NUMBER = 19  , backward sweep
 - Left boundaries taken from index: 1
 - Right boundaries taken from index: 3

 Jacobi-Davidson diagonalization converged after 1 iterations.
 Energy = 11009.85778512403


 -------------------
   SWEEP NUMBER 17
 -------------------
 - Noise parameter: 1e-08
 - Maximum bond dimension: 50
 - Truncation parameter: 0

 MICROITERATION NUMBER = 0  , forward sweep
 - Left boundaries taken from index: 0
 - Right boundaries taken from index: 2

 Jacobi-Davidson diagonalization converged after 1 iterations.
 Energy = 11009.85778512402

 MICROITERATION NUMBER = 1  , forward sweep
 - Left boundaries taken from index: 1
 - Right boundaries taken from index: 3

 Jacobi-Davidson diagonalization converged after 1 iterations.
 Energy = 11009.85778512402

 MICROITERATION NUMBER = 2  , forward sweep
 - Left boundaries taken from index: 2
 - Right boundaries taken from index: 4

 Jacobi-Davidson diagonalization converged after 1 iterations.
 Energy = 11009.85778512401

 MICROITERATION NUMBER = 3  , forward sweep
 - Left boundaries taken from index: 3
 - Right boundaries taken from index: 5

 Jacobi-Davidson diagonalization converged after 1 iterations.
 Energy = 11009.85778512397

 MICROITERATION NUMBER = 4  , forward sweep
 - Left boundaries taken from index: 4
 - Right boundaries taken from index: 6

 Jacobi-Davidson diagonalization converged after 10 iterations.
 Energy = 11009.85768481972

 MICROITERATION NUMBER = 5  , forward sweep
 - Left boundaries taken from index: 5
 - Right boundaries taken from index: 7

 Jacobi-Davidson diagonalization converged after 10 iterations.
 Energy = 11009.85711376596

 MICROITERATION NUMBER = 6  , forward sweep
 - Left boundaries taken from index: 6
 - Right boundaries taken from index: 8

 Jacobi-Davidson diagonalization converged after 10 iterations.
 Energy = 11009.85711611104

 MICROITERATION NUMBER = 7  , forward sweep
 - Left boundaries taken from index: 7
 - Right boundaries taken from index: 9

 Jacobi-Davidson diagonalization converged after 10 iterations.
 Energy = 11009.85779205128

 MICROITERATION NUMBER = 8  , forward sweep
 - Left boundaries taken from index: 8
 - Right boundaries taken from index: 10

 Jacobi-Davidson diagonalization converged after 9 iterations.
 Energy = 11009.85780096566

 MICROITERATION NUMBER = 9  , forward sweep
 - Left boundaries taken from index: 9
 - Right boundaries taken from index: 11

 Jacobi-Davidson diagonalization converged after 1 iterations.
 Energy = 11009.85780096708

 MICROITERATION NUMBER = 10  , forward sweep
 - Left boundaries taken from index: 10
 - Right boundaries taken from index: 12

 Jacobi-Davidson diagonalization converged after 1 iterations.
 Energy = 11009.85780096706

 MICROITERATION NUMBER = 11  , backward sweep
 - Left boundaries taken from index: 9
 - Right boundaries taken from index: 11

 Jacobi-Davidson diagonalization converged after 1 iterations.
 Energy = 11009.85780096707

 MICROITERATION NUMBER = 12  , backward sweep
 - Left boundaries taken from index: 8
 - Right boundaries taken from index: 10

 Jacobi-Davidson diagonalization converged after 1 iterations.
 Energy = 11009.85780096702

 MICROITERATION NUMBER = 13  , backward sweep
 - Left boundaries taken from index: 7
 - Right boundaries taken from index: 9

 Jacobi-Davidson diagonalization converged after 9 iterations.
 Energy = 11009.85779204999

 MICROITERATION NUMBER = 14  , backward sweep
 - Left boundaries taken from index: 6
 - Right boundaries taken from index: 8

 Jacobi-Davidson diagonalization converged after 10 iterations.
 Energy = 11009.85711610645

 MICROITERATION NUMBER = 15  , backward sweep
 - Left boundaries taken from index: 5
 - Right boundaries taken from index: 7

 Jacobi-Davidson diagonalization converged after 10 iterations.
 Energy = 11009.85711390425

 MICROITERATION NUMBER = 16  , backward sweep
 - Left boundaries taken from index: 4
 - Right boundaries taken from index: 6

 Jacobi-Davidson diagonalization converged after 10 iterations.
 Energy = 11009.85768486417

 MICROITERATION NUMBER = 17  , backward sweep
 - Left boundaries taken from index: 3
 - Right boundaries taken from index: 5

 Jacobi-Davidson diagonalization converged after 10 iterations.
 Energy = 11009.8577851614

 MICROITERATION NUMBER = 18  , backward sweep
 - Left boundaries taken from index: 2
 - Right boundaries taken from index: 4

 Jacobi-Davidson diagonalization converged after 1 iterations.
 Energy = 11009.85778516072

 MICROITERATION NUMBER = 19  , backward sweep
 - Left boundaries taken from index: 1
 - Right boundaries taken from index: 3

 Jacobi-Davidson diagonalization converged after 1 iterations.
 Energy = 11009.85778516069


 -------------------
   SWEEP NUMBER 18
 -------------------
 - Noise parameter: 1e-08
 - Maximum bond dimension: 50
 - Truncation parameter: 0

 MICROITERATION NUMBER = 0  , forward sweep
 - Left boundaries taken from index: 0
 - Right boundaries taken from index: 2

 Jacobi-Davidson diagonalization converged after 1 iterations.
 Energy = 11009.85778516071

 MICROITERATION NUMBER = 1  , forward sweep
 - Left boundaries taken from index: 1
 - Right boundaries taken from index: 3

 Jacobi-Davidson diagonalization converged after 1 iterations.
 Energy = 11009.85778516069

 MICROITERATION NUMBER = 2  , forward sweep
 - Left boundaries taken from index: 2
 - Right boundaries taken from index: 4

 Jacobi-Davidson diagonalization converged after 1 iterations.
 Energy = 11009.85778516073

 MICROITERATION NUMBER = 3  , forward sweep
 - Left boundaries taken from index: 3
 - Right boundaries taken from index: 5

 Jacobi-Davidson diagonalization converged after 1 iterations.
 Energy = 11009.85778516076

 MICROITERATION NUMBER = 4  , forward sweep
 - Left boundaries taken from index: 4
 - Right boundaries taken from index: 6

 Jacobi-Davidson diagonalization converged after 10 iterations.
 Energy = 11009.8576848623

 MICROITERATION NUMBER = 5  , forward sweep
 - Left boundaries taken from index: 5
 - Right boundaries taken from index: 7

 Jacobi-Davidson diagonalization converged after 10 iterations.
 Energy = 11009.85711389632

 MICROITERATION NUMBER = 6  , forward sweep
 - Left boundaries taken from index: 6
 - Right boundaries taken from index: 8

 Jacobi-Davidson diagonalization converged after 10 iterations.
 Energy = 11009.8571161287

 MICROITERATION NUMBER = 7  , forward sweep
 - Left boundaries taken from index: 7
 - Right boundaries taken from index: 9

 Jacobi-Davidson diagonalization converged after 10 iterations.
 Energy = 11009.8577920897

 MICROITERATION NUMBER = 8  , forward sweep
 - Left boundaries taken from index: 8
 - Right boundaries taken from index: 10

 Jacobi-Davidson diagonalization converged after 9 iterations.
 Energy = 11009.85780100288

 MICROITERATION NUMBER = 9  , forward sweep
 - Left boundaries taken from index: 9
 - Right boundaries taken from index: 11

 Jacobi-Davidson diagonalization converged after 1 iterations.
 Energy = 11009.85780100021

 MICROITERATION NUMBER = 10  , forward sweep
 - Left boundaries taken from index: 10
 - Right boundaries taken from index: 12

 Jacobi-Davidson diagonalization converged after 1 iterations.
 Energy = 11009.8578010002

 MICROITERATION NUMBER = 11  , backward sweep
 - Left boundaries taken from index: 9
 - Right boundaries taken from index: 11

 Jacobi-Davidson diagonalization converged after 1 iterations.
 Energy = 11009.85780100021

 MICROITERATION NUMBER = 12  , backward sweep
 - Left boundaries taken from index: 8
 - Right boundaries taken from index: 10

 Jacobi-Davidson diagonalization converged after 1 iterations.
 Energy = 11009.85780100021

 MICROITERATION NUMBER = 13  , backward sweep
 - Left boundaries taken from index: 7
 - Right boundaries taken from index: 9

 Jacobi-Davidson diagonalization converged after 9 iterations.
 Energy = 11009.85779208398

 MICROITERATION NUMBER = 14  , backward sweep
 - Left boundaries taken from index: 6
 - Right boundaries taken from index: 8

 Jacobi-Davidson diagonalization converged after 10 iterations.
 Energy = 11009.85711612478

 MICROITERATION NUMBER = 15  , backward sweep
 - Left boundaries taken from index: 5
 - Right boundaries taken from index: 7

 Jacobi-Davidson diagonalization converged after 10 iterations.
 Energy = 11009.85711401468

 MICROITERATION NUMBER = 16  , backward sweep
 - Left boundaries taken from index: 4
 - Right boundaries taken from index: 6

 Jacobi-Davidson diagonalization converged after 10 iterations.
 Energy = 11009.85768489938

 MICROITERATION NUMBER = 17  , backward sweep
 - Left boundaries taken from index: 3
 - Right boundaries taken from index: 5

 Jacobi-Davidson diagonalization converged after 10 iterations.
 Energy = 11009.85778519271

 MICROITERATION NUMBER = 18  , backward sweep
 - Left boundaries taken from index: 2
 - Right boundaries taken from index: 4

 Jacobi-Davidson diagonalization converged after 1 iterations.
 Energy = 11009.85778519322

 MICROITERATION NUMBER = 19  , backward sweep
 - Left boundaries taken from index: 1
 - Right boundaries taken from index: 3

 Jacobi-Davidson diagonalization converged after 1 iterations.
 Energy = 11009.85778519323


 -------------------
   SWEEP NUMBER 19
 -------------------
 - Noise parameter: 1e-08
 - Maximum bond dimension: 50
 - Truncation parameter: 0

 MICROITERATION NUMBER = 0  , forward sweep
 - Left boundaries taken from index: 0
 - Right boundaries taken from index: 2

 Jacobi-Davidson diagonalization converged after 1 iterations.
 Energy = 11009.85778519324

 MICROITERATION NUMBER = 1  , forward sweep
 - Left boundaries taken from index: 1
 - Right boundaries taken from index: 3

 Jacobi-Davidson diagonalization converged after 1 iterations.
 Energy = 11009.85778519321

 MICROITERATION NUMBER = 2  , forward sweep
 - Left boundaries taken from index: 2
 - Right boundaries taken from index: 4

 Jacobi-Davidson diagonalization converged after 1 iterations.
 Energy = 11009.85778519322

 MICROITERATION NUMBER = 3  , forward sweep
 - Left boundaries taken from index: 3
 - Right boundaries taken from index: 5

 Jacobi-Davidson diagonalization converged after 1 iterations.
 Energy = 11009.85778519322

 MICROITERATION NUMBER = 4  , forward sweep
 - Left boundaries taken from index: 4
 - Right boundaries taken from index: 6

 Jacobi-Davidson diagonalization converged after 10 iterations.
 Energy = 11009.85768490249

 MICROITERATION NUMBER = 5  , forward sweep
 - Left boundaries taken from index: 5
 - Right boundaries taken from index: 7

 Jacobi-Davidson diagonalization converged after 10 iterations.
 Energy = 11009.85711401514

 MICROITERATION NUMBER = 6  , forward sweep
 - Left boundaries taken from index: 6
 - Right boundaries taken from index: 8

 Jacobi-Davidson diagonalization converged after 10 iterations.
 Energy = 11009.8571161473

 MICROITERATION NUMBER = 7  , forward sweep
 - Left boundaries taken from index: 7
 - Right boundaries taken from index: 9

 Jacobi-Davidson diagonalization converged after 10 iterations.
 Energy = 11009.85779212424

 MICROITERATION NUMBER = 8  , forward sweep
 - Left boundaries taken from index: 8
 - Right boundaries taken from index: 10

 Jacobi-Davidson diagonalization converged after 9 iterations.
 Energy = 11009.85780102972

 MICROITERATION NUMBER = 9  , forward sweep
 - Left boundaries taken from index: 9
 - Right boundaries taken from index: 11

 Jacobi-Davidson diagonalization converged after 1 iterations.
 Energy = 11009.85780102972

 MICROITERATION NUMBER = 10  , forward sweep
 - Left boundaries taken from index: 10
 - Right boundaries taken from index: 12

 Jacobi-Davidson diagonalization converged after 1 iterations.
 Energy = 11009.85780102973

 MICROITERATION NUMBER = 11  , backward sweep
 - Left boundaries taken from index: 9
 - Right boundaries taken from index: 11

 Jacobi-Davidson diagonalization converged after 1 iterations.
 Energy = 11009.85780102973

 MICROITERATION NUMBER = 12  , backward sweep
 - Left boundaries taken from index: 8
 - Right boundaries taken from index: 10

 Jacobi-Davidson diagonalization converged after 1 iterations.
 Energy = 11009.85780102977

 MICROITERATION NUMBER = 13  , backward sweep
 - Left boundaries taken from index: 7
 - Right boundaries taken from index: 9

 Jacobi-Davidson diagonalization converged after 9 iterations.
 Energy = 11009.85779211966

 MICROITERATION NUMBER = 14  , backward sweep
 - Left boundaries taken from index: 6
 - Right boundaries taken from index: 8

 Jacobi-Davidson diagonalization converged after 10 iterations.
 Energy = 11009.85711614649

 MICROITERATION NUMBER = 15  , backward sweep
 - Left boundaries taken from index: 5
 - Right boundaries taken from index: 7

 Jacobi-Davidson diagonalization converged after 10 iterations.
 Energy = 11009.85711412021

 MICROITERATION NUMBER = 16  , backward sweep
 - Left boundaries taken from index: 4
 - Right boundaries taken from index: 6

 Jacobi-Davidson diagonalization converged after 10 iterations.
 Energy = 11009.85768493348

 MICROITERATION NUMBER = 17  , backward sweep
 - Left boundaries taken from index: 3
 - Right boundaries taken from index: 5

 Jacobi-Davidson diagonalization converged after 10 iterations.
 Energy = 11009.85778522095

 MICROITERATION NUMBER = 18  , backward sweep
 - Left boundaries taken from index: 2
 - Right boundaries taken from index: 4

 Jacobi-Davidson diagonalization converged after 1 iterations.
 Energy = 11009.85778522216

 MICROITERATION NUMBER = 19  , backward sweep
 - Left boundaries taken from index: 1
 - Right boundaries taken from index: 3

 Jacobi-Davidson diagonalization converged after 1 iterations.
 Energy = 11009.85778522218

Task took 102.83005 seconds.
