  SCINE QCMaquis 
  Quantum Chemical Density Matrix Renormalization group
  available from https://scine.ethz.ch/download/qcmaquis
  based on the ALPS MPS codes from http://alps.comp-phys.org/
  copyright (c) 2015-2018 Laboratory of Physical Chemistry, ETH Zurich
  copyright (c) 2012-2016 by Sebastian Keller
  copyright (c) 2016-2018 by Alberto Baiardi, Leon Freitag, 
  Stefan Knecht, Yingjin Ma 
  for details see the publication: 
  S. Keller et al., J. Chem. Phys. 143, 244118 (2015)

This binary contains symmetries: nu1 none 2u1pg su2u1pg 
DMRG version 3.1.1-d73fa8556f9b5e106aa2a543f6571f6bc888ba07 (VibrationalExcitedStates) release-3.1.2-gitlab
Temporary storage is disabled
coeff: 206.242167
operators: {0,3}

coeff: -206.242167
operators: {0,4}

coeff: 237.547247
operators: {1,3}

coeff: -237.547247
operators: {1,4}

coeff: 241.596974
operators: {2,3}

coeff: -241.596974
operators: {2,4}

coeff: 262.702319
operators: {3,3}

coeff: -262.702319
operators: {3,4}

coeff: 311.690974
operators: {4,3}

coeff: -311.690974
operators: {4,4}

coeff: 342.345676
operators: {5,3}

coeff: -342.345676
operators: {5,4}

coeff: 369.620153
operators: {6,3}

coeff: -369.620153
operators: {6,4}

coeff: 418.142252
operators: {7,3}

coeff: -418.142252
operators: {7,4}

coeff: 785.228686
operators: {8,3}

coeff: -785.228686
operators: {8,4}

coeff: 789.209319
operators: {9,3}

coeff: -789.209319
operators: {9,4}

coeff: 805.722986
operators: {10,3}

coeff: -805.722986
operators: {10,4}

coeff: 812.177325
operators: {11,3}

coeff: -812.177325
operators: {11,4}

coeff: -14.952686
operators: {0,3} {5,1}

coeff: -9.5269312
operators: {0,3} {7,1}

coeff: -88.6839569
operators: {0,3} {9,1}

coeff: -7.05859622
operators: {0,1} {1,1} {3,1}

coeff: 22.1485879
operators: {0,1} {4,1} {6,1}

coeff: 112.382752
operators: {0,1} {4,1} {8,1}

coeff: -75.6974731
operators: {0,1} {5,1} {11,1}

coeff: 116.21346
operators: {0,1} {6,1} {10,1}

coeff: -88.2384953
operators: {0,1} {7,1} {11,1}

coeff: -9.50569755
operators: {0,1} {8,1} {10,1}

coeff: 9.53442367
operators: {0,1} {9,1} {11,1}

coeff: 3.25530812
operators: {1,3} {5,1}

coeff: 10.5200398
operators: {1,3} {7,1}

coeff: -70.014269
operators: {1,3} {9,1}

coeff: -34.5546833
operators: {1,1} {2,1} {6,1}

coeff: 148.366671
operators: {1,1} {2,1} {8,1}

coeff: -137.788363
operators: {1,1} {3,1} {11,1}

coeff: 11.7797428
operators: {2,3} {5,1}

coeff: 12.9015194
operators: {2,3} {7,1}

coeff: -76.4722834
operators: {2,3} {9,1}

coeff: -10.137423
operators: {2,1} {3,1} {4,1}

coeff: -138.301785
operators: {2,1} {3,1} {10,1}

coeff: -7.9266107
operators: {3,3} {5,1}

coeff: 3.62233
operators: {3,3} {7,1}

coeff: -57.868549
operators: {3,3} {9,1}

coeff: -13.5347599
operators: {4,3} {5,1}

coeff: -8.68709772
operators: {4,3} {7,1}

coeff: -30.7378718
operators: {4,3} {9,1}

coeff: -41.6302351
operators: {4,1} {5,1} {10,1}

coeff: 73.9421558
operators: {4,1} {6,1} {11,1}

coeff: -61.6319928
operators: {4,1} {7,1} {10,1}

coeff: -9.9011479
operators: {4,1} {8,1} {11,1}

coeff: 13.9734949
operators: {4,1} {9,1} {10,1}

coeff: -5.80244663
operators: {5,5}

coeff: 26.5288965
operators: {5,3} {7,1}

coeff: -14.0629516
operators: {5,3} {9,1}

coeff: 8.10440271
operators: {5,1} {6,3}

coeff: -32.9077759
operators: {5,1} {6,1} {8,1}

coeff: -29.6137297
operators: {5,1} {7,3}

coeff: -12.5185045
operators: {5,1} {7,1} {9,1}

coeff: -3.10494254
operators: {5,1} {8,3}

coeff: -4.34591478
operators: {5,1} {9,3}

coeff: -13.6645069
operators: {5,1} {10,3}

coeff: -15.0193022
operators: {5,1} {11,3}

coeff: 12.8760028
operators: {6,3} {7,1}

coeff: -26.8182508
operators: {6,3} {9,1}

coeff: -44.4044233
operators: {6,1} {7,1} {8,1}

coeff: 4.78637341
operators: {6,1} {8,1} {9,1}

coeff: 30.7061738
operators: {6,1} {10,1} {11,1}

coeff: 17.8376159
operators: {7,5}

coeff: -25.9328676
operators: {7,3} {9,1}

coeff: 12.3432568
operators: {7,1} {8,3}

coeff: 15.0310056
operators: {7,1} {9,3}

coeff: -1.61349073
operators: {7,1} {10,3}

coeff: -0.676742998
operators: {7,1} {11,3}

coeff: 166.20415
operators: {8,3} {9,1}

coeff: -352.267129
operators: {8,1} {10,1} {11,1}

coeff: 54.5306574
operators: {9,5}

coeff: 177.284609
operators: {9,1} {10,3}

coeff: 175.025716
operators: {9,1} {11,3}

coeff: 3.60015642
operators: {0,7}

coeff: -0.483495617
operators: {0,5} {11,1}

coeff: 4.0031369
operators: {0,3} {1,3}

coeff: 4.82722292
operators: {0,3} {2,3}

coeff: 3.35232339
operators: {0,3} {3,3}

coeff: 6.25679108
operators: {0,3} {4,3}

coeff: -2.9821817
operators: {0,3} {4,1} {10,1}

coeff: 4.78984981
operators: {0,3} {5,3}

coeff: 7.55770767
operators: {0,3} {5,1} {7,1}

coeff: -1.32215118
operators: {0,3} {5,1} {9,1}

coeff: 6.97139119
operators: {0,3} {6,3}

coeff: -2.18467562
operators: {0,3} {6,1} {8,1}

coeff: 3.78037817
operators: {0,3} {7,3}

coeff: -3.2206705
operators: {0,3} {7,1} {9,1}

coeff: -13.8007222
operators: {0,3} {8,3}

coeff: -13.6705901
operators: {0,3} {9,3}

coeff: -14.3836517
operators: {0,3} {10,3}

coeff: -14.0157326
operators: {0,3} {11,3}

coeff: -0.317532528
operators: {0,1} {1,3} {11,1}

coeff: 11.2856366
operators: {0,1} {1,1} {2,1} {4,1}

coeff: -0.00110084075
operators: {0,1} {1,1} {2,1} {10,1}

coeff: 6.3607775
operators: {0,1} {1,1} {3,1} {5,1}

coeff: 7.9283894
operators: {0,1} {1,1} {3,1} {7,1}

coeff: -3.04118902
operators: {0,1} {1,1} {3,1} {9,1}

coeff: 0.848541861
operators: {0,1} {2,3} {11,1}

coeff: -11.1191465
operators: {0,1} {2,1} {3,1} {6,1}

coeff: 2.03648006
operators: {0,1} {2,1} {3,1} {8,1}

coeff: -1.05581724
operators: {0,1} {3,3} {11,1}

coeff: -3.25439667
operators: {0,1} {4,3} {11,1}

coeff: -10.3736122
operators: {0,1} {4,1} {5,1} {6,1}

coeff: 2.79474815
operators: {0,1} {4,1} {5,1} {8,1}

coeff: -12.8515234
operators: {0,1} {4,1} {6,1} {7,1}

coeff: 5.74894977
operators: {0,1} {4,1} {6,1} {9,1}

coeff: 5.55235672
operators: {0,1} {4,1} {7,1} {8,1}

coeff: 37.573071
operators: {0,1} {4,1} {8,1} {9,1}

coeff: -39.3724825
operators: {0,1} {4,1} {10,1} {11,1}

coeff: 1.5403137
operators: {0,1} {5,3} {11,1}

coeff: -3.43212212
operators: {0,1} {5,1} {6,1} {10,1}

coeff: 1.45807973
operators: {0,1} {5,1} {7,1} {11,1}

coeff: 27.6773202
operators: {0,1} {5,1} {8,1} {10,1}

coeff: -27.3801566
operators: {0,1} {5,1} {9,1} {11,1}

coeff: 2.42555544
operators: {0,1} {6,3} {11,1}

coeff: -1.63604124
operators: {0,1} {6,1} {7,1} {10,1}

coeff: -40.6828535
operators: {0,1} {6,1} {8,1} {11,1}

coeff: 41.2413622
operators: {0,1} {6,1} {9,1} {10,1}

coeff: -0.406003332
operators: {0,1} {7,3} {11,1}

coeff: 29.5974642
operators: {0,1} {7,1} {8,1} {10,1}

coeff: -29.2380722
operators: {0,1} {7,1} {9,1} {11,1}

coeff: 1.59921998
operators: {0,1} {8,3} {11,1}

coeff: -4.00198183
operators: {0,1} {8,1} {9,1} {10,1}

coeff: 2.22184229
operators: {0,1} {9,3} {11,1}

coeff: -2.70524603
operators: {0,1} {10,3} {11,1}

coeff: -0.949637866
operators: {0,1} {11,5}

coeff: 2.32254462
operators: {1,7}

coeff: 12.909308
operators: {1,3} {2,3}

coeff: 8.82371814
operators: {1,3} {3,3}

coeff: 1.79624887
operators: {1,3} {4,3}

coeff: -1.2880977
operators: {1,3} {4,1} {10,1}

coeff: 0.110709314
operators: {1,3} {5,3}

coeff: 1.87552625
operators: {1,3} {5,1} {7,1}

coeff: 0.863517574
operators: {1,3} {5,1} {9,1}

coeff: 1.40988993
operators: {1,3} {6,3}

coeff: 1.68830631
operators: {1,3} {6,1} {8,1}

coeff: 0.102980766
operators: {1,3} {7,3}

coeff: 0.556723332
operators: {1,3} {7,1} {9,1}

coeff: -11.9130411
operators: {1,3} {8,3}

coeff: -11.8920972
operators: {1,3} {9,3}

coeff: -13.5054633
operators: {1,3} {10,3}

coeff: -13.0644846
operators: {1,3} {11,3}

coeff: -1.61456207
operators: {1,1} {2,1} {4,1} {11,1}

coeff: -3.0041253
operators: {1,1} {2,1} {5,1} {6,1}

coeff: -3.3308654
operators: {1,1} {2,1} {5,1} {8,1}

coeff: -3.47686237
operators: {1,1} {2,1} {6,1} {7,1}

coeff: -4.37395042
operators: {1,1} {2,1} {6,1} {9,1}

coeff: -0.442689286
operators: {1,1} {2,1} {7,1} {8,1}

coeff: 48.8308988
operators: {1,1} {2,1} {8,1} {9,1}

coeff: -54.673344
operators: {1,1} {2,1} {10,1} {11,1}

coeff: -6.81405303
operators: {1,1} {3,1} {4,1} {6,1}

coeff: 2.9711241
operators: {1,1} {3,1} {4,1} {8,1}

coeff: 1.66414356
operators: {1,1} {3,1} {5,1} {11,1}

coeff: -2.95987477
operators: {1,1} {3,1} {6,1} {10,1}

coeff: 1.30846636
operators: {1,1} {3,1} {7,1} {11,1}

coeff: 45.804653
operators: {1,1} {3,1} {8,1} {10,1}

coeff: -45.0238845
operators: {1,1} {3,1} {9,1} {11,1}

coeff: 2.40157054
operators: {2,7}

coeff: 8.60677876
operators: {2,3} {3,3}

coeff: 1.63625114
operators: {2,3} {4,3}

coeff: -0.529258359
operators: {2,3} {4,1} {10,1}

coeff: 0.487241399
operators: {2,3} {5,3}

coeff: 1.02830083
operators: {2,3} {5,1} {7,1}

coeff: 2.31162556
operators: {2,3} {5,1} {9,1}

coeff: 1.03279563
operators: {2,3} {6,3}

coeff: 2.70799581
operators: {2,3} {6,1} {8,1}

coeff: 0.437068574
operators: {2,3} {7,3}

coeff: 0.673733776
operators: {2,3} {7,1} {9,1}

coeff: -12.6690983
operators: {2,3} {8,3}

coeff: -12.5487272
operators: {2,3} {9,3}

coeff: -13.9361165
operators: {2,3} {10,3}

coeff: -14.1618026
operators: {2,3} {11,3}

coeff: 3.80933377
operators: {2,1} {3,1} {4,1} {5,1}

coeff: 4.39096281
operators: {2,1} {3,1} {4,1} {7,1}

coeff: -2.98999638
operators: {2,1} {3,1} {4,1} {9,1}

coeff: 2.56880262
operators: {2,1} {3,1} {5,1} {10,1}

coeff: -3.34233264
operators: {2,1} {3,1} {6,1} {11,1}

coeff: 1.15946294
operators: {2,1} {3,1} {7,1} {10,1}

coeff: 47.3556971
operators: {2,1} {3,1} {8,1} {11,1}

coeff: -46.4900921
operators: {2,1} {3,1} {9,1} {10,1}

coeff: 1.06808739
operators: {3,7}

coeff: 1.33758405
operators: {3,3} {4,3}

coeff: -1.14681868
operators: {3,3} {4,1} {10,1}

coeff: -0.01713467
operators: {3,3} {5,3}

coeff: 0.586613494
operators: {3,3} {5,1} {7,1}

coeff: -0.620560041
operators: {3,3} {5,1} {9,1}

coeff: 0.629745437
operators: {3,3} {6,3}

coeff: -0.73229473
operators: {3,3} {6,1} {8,1}

coeff: 0.583380931
operators: {3,3} {7,3}

coeff: -0.464822704
operators: {3,3} {7,1} {9,1}

coeff: -10.6114822
operators: {3,3} {8,3}

coeff: -10.0608398
operators: {3,3} {9,3}

coeff: -10.6803207
operators: {3,3} {10,3}

coeff: -10.7307472
operators: {3,3} {11,3}

coeff: 0.522070603
operators: {4,7}

coeff: -1.05326173
operators: {4,5} {10,1}

coeff: 1.01640924
operators: {4,3} {5,3}

coeff: 2.8694418
operators: {4,3} {5,1} {7,1}

coeff: -2.26421629
operators: {4,3} {5,1} {9,1}

coeff: 2.82290435
operators: {4,3} {6,3}

coeff: -2.16890607
operators: {4,3} {6,1} {8,1}

coeff: 0.653938091
operators: {4,3} {7,3}

coeff: -1.42963897
operators: {4,3} {7,1} {9,1}

coeff: -6.73697303
operators: {4,3} {8,3}

coeff: -6.66001662
operators: {4,3} {9,3}

coeff: -7.07328418
operators: {4,3} {10,3}

coeff: -7.07560237
operators: {4,3} {11,3}

coeff: 0.138451241
operators: {4,1} {5,3} {10,1}

coeff: -1.05090099
operators: {4,1} {5,1} {6,1} {11,1}

coeff: 0.896401505
operators: {4,1} {5,1} {7,1} {10,1}

coeff: 19.44746
operators: {4,1} {5,1} {8,1} {11,1}

coeff: -19.5067212
operators: {4,1} {5,1} {9,1} {10,1}

coeff: 0.942401665
operators: {4,1} {6,3} {10,1}

coeff: -0.219874131
operators: {4,1} {6,1} {7,1} {11,1}

coeff: -28.6852274
operators: {4,1} {6,1} {8,1} {10,1}

coeff: 28.3727219
operators: {4,1} {6,1} {9,1} {11,1}

coeff: -0.909490902
operators: {4,1} {7,3} {10,1}

coeff: 20.7508271
operators: {4,1} {7,1} {8,1} {11,1}

coeff: -20.1798804
operators: {4,1} {7,1} {9,1} {10,1}

coeff: 1.43299831
operators: {4,1} {8,3} {10,1}

coeff: -3.44020404
operators: {4,1} {8,1} {9,1} {11,1}

coeff: 2.02160478
operators: {4,1} {9,3} {10,1}

coeff: -0.492376893
operators: {4,1} {10,5}

coeff: -1.43361326
operators: {4,1} {10,1} {11,3}

coeff: 0.278303187
operators: {5,7}

coeff: -0.556201486
operators: {5,5} {7,1}

coeff: 0.459449202
operators: {5,5} {9,1}

coeff: 0.270849193
operators: {5,3} {6,3}

coeff: 1.31958682
operators: {5,3} {6,1} {8,1}

coeff: 2.14662351
operators: {5,3} {7,3}

coeff: -0.0054511205
operators: {5,3} {7,1} {9,1}

coeff: -3.18596979
operators: {5,3} {8,3}

coeff: -3.02339367
operators: {5,3} {9,3}

coeff: -3.8947954
operators: {5,3} {10,3}

coeff: -3.83997057
operators: {5,3} {11,3}

coeff: 1.29547185
operators: {5,1} {6,3} {7,1}

coeff: 1.63060205
operators: {5,1} {6,3} {9,1}

coeff: 1.71785081
operators: {5,1} {6,1} {7,1} {8,1}

coeff: -18.0619433
operators: {5,1} {6,1} {8,1} {9,1}

coeff: 22.5679446
operators: {5,1} {6,1} {10,1} {11,1}

coeff: -1.6383404
operators: {5,1} {7,5}

coeff: 1.70921419
operators: {5,1} {7,3} {9,1}

coeff: -6.63746094
operators: {5,1} {7,1} {8,3}

coeff: -6.85696808
operators: {5,1} {7,1} {9,3}

coeff: -8.19502665
operators: {5,1} {7,1} {10,3}

coeff: -8.31737984
operators: {5,1} {7,1} {11,3}

coeff: -0.203495947
operators: {5,1} {8,3} {9,1}

coeff: 4.70290325
operators: {5,1} {8,1} {10,1} {11,1}

coeff: 0.0811578932
operators: {5,1} {9,5}

coeff: -2.17640676
operators: {5,1} {9,1} {10,3}

coeff: -2.1975688
operators: {5,1} {9,1} {11,3}

coeff: 0.286873328
operators: {6,7}

coeff: 0.862279664
operators: {6,5} {8,1}

coeff: 0.898205533
operators: {6,3} {7,3}

coeff: 1.41184527
operators: {6,3} {7,1} {9,1}

coeff: -6.76873678
operators: {6,3} {8,3}

coeff: -6.80222217
operators: {6,3} {9,3}

coeff: -8.61577629
operators: {6,3} {10,3}

coeff: -8.49417873
operators: {6,3} {11,3}

coeff: 0.237233809
operators: {6,1} {7,3} {8,1}

coeff: -19.5361841
operators: {6,1} {7,1} {8,1} {9,1}

coeff: 24.9589891
operators: {6,1} {7,1} {10,1} {11,1}

coeff: 0.24955443
operators: {6,1} {8,5}

coeff: 1.30854206
operators: {6,1} {8,1} {9,3}

coeff: -2.10993706
operators: {6,1} {8,1} {10,3}

coeff: -2.04101824
operators: {6,1} {8,1} {11,3}

coeff: 3.42881157
operators: {6,1} {9,1} {10,1} {11,1}

coeff: 0.70798856
operators: {7,7}

coeff: -0.53095706
operators: {7,5} {9,1}

coeff: -3.66987782
operators: {7,3} {8,3}

coeff: -3.41210661
operators: {7,3} {9,3}

coeff: -4.757448
operators: {7,3} {10,3}

coeff: -4.66876093
operators: {7,3} {11,3}

coeff: 2.82160752
operators: {7,1} {8,3} {9,1}

coeff: -1.4356564
operators: {7,1} {8,1} {10,1} {11,1}

coeff: 1.11416579
operators: {7,1} {9,5}

coeff: 1.16853839
operators: {7,1} {9,1} {10,3}

coeff: 0.996510417
operators: {7,1} {9,1} {11,3}

coeff: 2.63841745
operators: {8,7}

coeff: 15.6207957
operators: {8,3} {9,3}

coeff: 17.06756
operators: {8,3} {10,3}

coeff: 16.8757396
operators: {8,3} {11,3}

coeff: -67.725222
operators: {8,1} {9,1} {10,1} {11,1}

coeff: 2.49209421
operators: {9,7}

coeff: 16.8853843
operators: {9,3} {10,3}

coeff: 16.7322201
operators: {9,3} {11,3}

coeff: 3.00675328
operators: {10,7}

coeff: 17.8063163
operators: {10,3} {11,3}

coeff: 2.93599421
operators: {11,7}

MPO Bond 0: 20/0
MPO Bond 1: 23/0
MPO Bond 2: 30/0
MPO Bond 3: 27/0
MPO Bond 4: 29/0
MPO Bond 5: 33/0
MPO Bond 6: 37/0
MPO Bond 7: 31/0
MPO Bond 8: 33/0
MPO Bond 9: 20/0
MPO Bond 10: 5/0
MPO Bond 11: 1/0
MPS initialization has finished...
TSMPOTensor: 1x23,  23 operators, 23 tags
TSMPOTensor: 20x30,  46 operators, 46 tags
TSMPOTensor: 23x27,  51 operators, 51 tags
TSMPOTensor: 30x29,  65 operators, 65 tags
TSMPOTensor: 27x33,  72 operators, 72 tags
TSMPOTensor: 29x37,  81 operators, 81 tags
TSMPOTensor: 33x31,  81 operators, 81 tags
TSMPOTensor: 37x33,  84 operators, 84 tags
TSMPOTensor: 31x20,  62 operators, 62 tags
TSMPOTensor: 33x5,  38 operators, 38 tags
TSMPOTensor: 20x1,  20 operators, 20 tags
Total number of tags: 623

+----------------------------------+
 NEW SwEEP-BASED SIMULATION STARTED
+----------------------------------+

 Simulation settings:
 - Simulation type: Optimization
 - Sweep-based modality: Two site
 Updating right boundary for site 11
 Updating right boundary for site 10
 Updating right boundary for site 9
 Updating right boundary for site 8
 Updating right boundary for site 7
 Updating right boundary for site 6
 Updating right boundary for site 5
 Updating right boundary for site 4
 Updating right boundary for site 3
 Updating right boundary for site 2
 Updating right boundary for site 1

 -------------------
   SWEEP NUMBER 0
 -------------------
 - Noise parameter: 0.01
 - Maximum bond dimension: 20
 - Truncation parameter: 0

 MICROITERATION NUMBER = 0  , forward sweep
 - Optimization centered on site: 0
 - Left boundaries taken from index: 0
 - Right boundaries taken from index: 2

 Jacobi-Davidson diagonalization converged after 10 iterations.
 Energy = 28984.96885671381
 Updating left boundary for site 1

 MICROITERATION NUMBER = 1  , forward sweep
 - Optimization centered on site: 1
 - Left boundaries taken from index: 1
 - Right boundaries taken from index: 3

 Jacobi-Davidson diagonalization converged after 10 iterations.
 Energy = 28881.65318258476
 Updating left boundary for site 2

 MICROITERATION NUMBER = 2  , forward sweep
 - Optimization centered on site: 2
 - Left boundaries taken from index: 2
 - Right boundaries taken from index: 4

 Jacobi-Davidson diagonalization converged after 10 iterations.
 Energy = 27865.23885583302
 Updating left boundary for site 3

 MICROITERATION NUMBER = 3  , forward sweep
 - Optimization centered on site: 3
 - Left boundaries taken from index: 3
 - Right boundaries taken from index: 5

 Jacobi-Davidson diagonalization converged after 10 iterations.
 Energy = 27072.20857059555
 Updating left boundary for site 4

 MICROITERATION NUMBER = 4  , forward sweep
 - Optimization centered on site: 4
 - Left boundaries taken from index: 4
 - Right boundaries taken from index: 6

 Jacobi-Davidson diagonalization converged after 10 iterations.
 Energy = 24194.57822122581
 Updating left boundary for site 5

 MICROITERATION NUMBER = 5  , forward sweep
 - Optimization centered on site: 5
 - Left boundaries taken from index: 5
 - Right boundaries taken from index: 7

 Jacobi-Davidson diagonalization converged after 10 iterations.
 Energy = 23211.61989992034
 Updating left boundary for site 6

 MICROITERATION NUMBER = 6  , forward sweep
 - Optimization centered on site: 6
 - Left boundaries taken from index: 6
 - Right boundaries taken from index: 8

 Jacobi-Davidson diagonalization converged after 10 iterations.
 Energy = 19233.34870178473
 Updating left boundary for site 7

 MICROITERATION NUMBER = 7  , forward sweep
 - Optimization centered on site: 7
 - Left boundaries taken from index: 7
 - Right boundaries taken from index: 9

 Jacobi-Davidson diagonalization converged after 10 iterations.
 Energy = 16391.11226398066
 Updating left boundary for site 8

 MICROITERATION NUMBER = 8  , forward sweep
 - Optimization centered on site: 8
 - Left boundaries taken from index: 8
 - Right boundaries taken from index: 10

 Jacobi-Davidson diagonalization converged after 10 iterations.
 Energy = 13351.42662864684
 Updating left boundary for site 9

 MICROITERATION NUMBER = 9  , forward sweep
 - Optimization centered on site: 9
 - Left boundaries taken from index: 9
 - Right boundaries taken from index: 11

 Jacobi-Davidson diagonalization converged after 10 iterations.
 Energy = 11612.81767853351
 Updating left boundary for site 10

 MICROITERATION NUMBER = 10  , forward sweep
 - Optimization centered on site: 10
 - Left boundaries taken from index: 10
 - Right boundaries taken from index: 12

 Jacobi-Davidson diagonalization converged after 10 iterations.
 Energy = 11612.76935534945
 Updating left boundary for site 11

 MICROITERATION NUMBER = 11  , backward sweep
 - Optimization centered on site: 11
 - Left boundaries taken from index: 10
 - Right boundaries taken from index: 12

 Jacobi-Davidson diagonalization converged after 10 iterations.
 Energy = 11612.76935504232
 Updating right boundary for site 11

 MICROITERATION NUMBER = 12  , backward sweep
 - Optimization centered on site: 10
 - Left boundaries taken from index: 9
 - Right boundaries taken from index: 11

 Jacobi-Davidson diagonalization converged after 10 iterations.
 Energy = 11612.74721611602
 Updating right boundary for site 10

 MICROITERATION NUMBER = 13  , backward sweep
 - Optimization centered on site: 9
 - Left boundaries taken from index: 8
 - Right boundaries taken from index: 10

 Jacobi-Davidson diagonalization converged after 10 iterations.
 Energy = 11612.40770494936
 Updating right boundary for site 9

 MICROITERATION NUMBER = 14  , backward sweep
 - Optimization centered on site: 8
 - Left boundaries taken from index: 7
 - Right boundaries taken from index: 9

 Jacobi-Davidson diagonalization converged after 10 iterations.
 Energy = 11611.49618219456
 Updating right boundary for site 8

 MICROITERATION NUMBER = 15  , backward sweep
 - Optimization centered on site: 7
 - Left boundaries taken from index: 6
 - Right boundaries taken from index: 8

 Jacobi-Davidson diagonalization converged after 10 iterations.
 Energy = 11598.55331994311
 Updating right boundary for site 7

 MICROITERATION NUMBER = 16  , backward sweep
 - Optimization centered on site: 6
 - Left boundaries taken from index: 5
 - Right boundaries taken from index: 7

 Jacobi-Davidson diagonalization converged after 10 iterations.
 Energy = 11433.53152351456
 Updating right boundary for site 6

 MICROITERATION NUMBER = 17  , backward sweep
 - Optimization centered on site: 5
 - Left boundaries taken from index: 4
 - Right boundaries taken from index: 6

 Jacobi-Davidson diagonalization converged after 10 iterations.
 Energy = 11356.17434932377
 Updating right boundary for site 5

 MICROITERATION NUMBER = 18  , backward sweep
 - Optimization centered on site: 4
 - Left boundaries taken from index: 3
 - Right boundaries taken from index: 5

 Jacobi-Davidson diagonalization converged after 10 iterations.
 Energy = 11152.36238806934
 Updating right boundary for site 4

 MICROITERATION NUMBER = 19  , backward sweep
 - Optimization centered on site: 3
 - Left boundaries taken from index: 2
 - Right boundaries taken from index: 4

 Jacobi-Davidson diagonalization converged after 10 iterations.
 Energy = 11011.34249097
 Updating right boundary for site 3

 MICROITERATION NUMBER = 20  , backward sweep
 - Optimization centered on site: 2
 - Left boundaries taken from index: 1
 - Right boundaries taken from index: 3

 Jacobi-Davidson diagonalization converged after 10 iterations.
 Energy = 11011.3285950409
 Updating right boundary for site 2

 MICROITERATION NUMBER = 21  , backward sweep
 - Optimization centered on site: 1
 - Left boundaries taken from index: 0
 - Right boundaries taken from index: 2

 Jacobi-Davidson diagonalization converged after 10 iterations.
 Energy = 11011.3285942185
 Updating right boundary for site 1


 -------------------
   SWEEP NUMBER 1
 -------------------
 - Noise parameter: 0.01
 - Maximum bond dimension: 20
 - Truncation parameter: 0

 MICROITERATION NUMBER = 0  , forward sweep
 - Optimization centered on site: 0
 - Left boundaries taken from index: 0
 - Right boundaries taken from index: 2

 Jacobi-Davidson diagonalization converged after 4 iterations.
 Energy = 11011.32859422103
 Updating left boundary for site 1

 MICROITERATION NUMBER = 1  , forward sweep
 - Optimization centered on site: 1
 - Left boundaries taken from index: 1
 - Right boundaries taken from index: 3

 Jacobi-Davidson diagonalization converged after 10 iterations.
 Energy = 11011.32859299484
 Updating left boundary for site 2

 MICROITERATION NUMBER = 2  , forward sweep
 - Optimization centered on site: 2
 - Left boundaries taken from index: 2
 - Right boundaries taken from index: 4

 Jacobi-Davidson diagonalization converged after 10 iterations.
 Energy = 11011.32766740549
 Updating left boundary for site 3

 MICROITERATION NUMBER = 3  , forward sweep
 - Optimization centered on site: 3
 - Left boundaries taken from index: 3
 - Right boundaries taken from index: 5

 Jacobi-Davidson diagonalization converged after 10 iterations.
 Energy = 11011.31390100316
 Updating left boundary for site 4

 MICROITERATION NUMBER = 4  , forward sweep
 - Optimization centered on site: 4
 - Left boundaries taken from index: 4
 - Right boundaries taken from index: 6

 Jacobi-Davidson diagonalization converged after 10 iterations.
 Energy = 11011.24057289279
 Updating left boundary for site 5

 MICROITERATION NUMBER = 5  , forward sweep
 - Optimization centered on site: 5
 - Left boundaries taken from index: 5
 - Right boundaries taken from index: 7

 Jacobi-Davidson diagonalization converged after 10 iterations.
 Energy = 11010.87178361203
 Updating left boundary for site 6

 MICROITERATION NUMBER = 6  , forward sweep
 - Optimization centered on site: 6
 - Left boundaries taken from index: 6
 - Right boundaries taken from index: 8

 Jacobi-Davidson diagonalization converged after 10 iterations.
 Energy = 11010.09721263087
 Updating left boundary for site 7

 MICROITERATION NUMBER = 7  , forward sweep
 - Optimization centered on site: 7
 - Left boundaries taken from index: 7
 - Right boundaries taken from index: 9

 Jacobi-Davidson diagonalization converged after 10 iterations.
 Energy = 11010.03376934359
 Updating left boundary for site 8

 MICROITERATION NUMBER = 8  , forward sweep
 - Optimization centered on site: 8
 - Left boundaries taken from index: 8
 - Right boundaries taken from index: 10

 Jacobi-Davidson diagonalization converged after 10 iterations.
 Energy = 11010.0316883116
 Updating left boundary for site 9

 MICROITERATION NUMBER = 9  , forward sweep
 - Optimization centered on site: 9
 - Left boundaries taken from index: 9
 - Right boundaries taken from index: 11

 Jacobi-Davidson diagonalization converged after 10 iterations.
 Energy = 11010.03197686486
 Updating left boundary for site 10

 MICROITERATION NUMBER = 10  , forward sweep
 - Optimization centered on site: 10
 - Left boundaries taken from index: 10
 - Right boundaries taken from index: 12

 Jacobi-Davidson diagonalization converged after 4 iterations.
 Energy = 11010.03197686697
 Updating left boundary for site 11

 MICROITERATION NUMBER = 11  , backward sweep
 - Optimization centered on site: 11
 - Left boundaries taken from index: 10
 - Right boundaries taken from index: 12

 Jacobi-Davidson diagonalization converged after 1 iterations.
 Energy = 11010.03197686306
 Updating right boundary for site 11

 MICROITERATION NUMBER = 12  , backward sweep
 - Optimization centered on site: 10
 - Left boundaries taken from index: 9
 - Right boundaries taken from index: 11

 Jacobi-Davidson diagonalization converged after 7 iterations.
 Energy = 11010.03197686451
 Updating right boundary for site 10

 MICROITERATION NUMBER = 13  , backward sweep
 - Optimization centered on site: 9
 - Left boundaries taken from index: 8
 - Right boundaries taken from index: 10

 Jacobi-Davidson diagonalization converged after 10 iterations.
 Energy = 11010.0316882253
 Updating right boundary for site 9

 MICROITERATION NUMBER = 14  , backward sweep
 - Optimization centered on site: 8
 - Left boundaries taken from index: 7
 - Right boundaries taken from index: 9

 Jacobi-Davidson diagonalization converged after 10 iterations.
 Energy = 11010.02970229038
 Updating right boundary for site 8

 MICROITERATION NUMBER = 15  , backward sweep
 - Optimization centered on site: 7
 - Left boundaries taken from index: 6
 - Right boundaries taken from index: 8

 Jacobi-Davidson diagonalization converged after 10 iterations.
 Energy = 11010.00445224154
 Updating right boundary for site 7

 MICROITERATION NUMBER = 16  , backward sweep
 - Optimization centered on site: 6
 - Left boundaries taken from index: 5
 - Right boundaries taken from index: 7

 Jacobi-Davidson diagonalization converged after 10 iterations.
 Energy = 11010.01568358847
 Updating right boundary for site 6

 MICROITERATION NUMBER = 17  , backward sweep
 - Optimization centered on site: 5
 - Left boundaries taken from index: 4
 - Right boundaries taken from index: 6

 Jacobi-Davidson diagonalization converged after 10 iterations.
 Energy = 11010.01188718264
 Updating right boundary for site 5

 MICROITERATION NUMBER = 18  , backward sweep
 - Optimization centered on site: 4
 - Left boundaries taken from index: 3
 - Right boundaries taken from index: 5

 Jacobi-Davidson diagonalization converged after 10 iterations.
 Energy = 11010.01060195103
 Updating right boundary for site 4

 MICROITERATION NUMBER = 19  , backward sweep
 - Optimization centered on site: 3
 - Left boundaries taken from index: 2
 - Right boundaries taken from index: 4

 Jacobi-Davidson diagonalization converged after 10 iterations.
 Energy = 11010.01111829153
 Updating right boundary for site 3

 MICROITERATION NUMBER = 20  , backward sweep
 - Optimization centered on site: 2
 - Left boundaries taken from index: 1
 - Right boundaries taken from index: 3

 Jacobi-Davidson diagonalization converged after 10 iterations.
 Energy = 11010.01122466326
 Updating right boundary for site 2

 MICROITERATION NUMBER = 21  , backward sweep
 - Optimization centered on site: 1
 - Left boundaries taken from index: 0
 - Right boundaries taken from index: 2

 Jacobi-Davidson diagonalization converged after 1 iterations.
 Energy = 11010.01122466553
 Updating right boundary for site 1


 -------------------
   SWEEP NUMBER 2
 -------------------
 - Noise parameter: 0.0001
 - Maximum bond dimension: 20
 - Truncation parameter: 0

 MICROITERATION NUMBER = 0  , forward sweep
 - Optimization centered on site: 0
 - Left boundaries taken from index: 0
 - Right boundaries taken from index: 2

 Jacobi-Davidson diagonalization converged after 1 iterations.
 Energy = 11010.01122466553
 Updating left boundary for site 1

 MICROITERATION NUMBER = 1  , forward sweep
 - Optimization centered on site: 1
 - Left boundaries taken from index: 1
 - Right boundaries taken from index: 3

 Jacobi-Davidson diagonalization converged after 1 iterations.
 Energy = 11010.01122466551
 Updating left boundary for site 2

 MICROITERATION NUMBER = 2  , forward sweep
 - Optimization centered on site: 2
 - Left boundaries taken from index: 2
 - Right boundaries taken from index: 4

 Jacobi-Davidson diagonalization converged after 10 iterations.
 Energy = 11010.01111829223
 Updating left boundary for site 3

 MICROITERATION NUMBER = 3  , forward sweep
 - Optimization centered on site: 3
 - Left boundaries taken from index: 3
 - Right boundaries taken from index: 5

 Jacobi-Davidson diagonalization converged after 10 iterations.
 Energy = 11010.01039616642
 Updating left boundary for site 4

 MICROITERATION NUMBER = 4  , forward sweep
 - Optimization centered on site: 4
 - Left boundaries taken from index: 4
 - Right boundaries taken from index: 6

 Jacobi-Davidson diagonalization converged after 10 iterations.
 Energy = 11010.00677622236
 Updating left boundary for site 5

 MICROITERATION NUMBER = 5  , forward sweep
 - Optimization centered on site: 5
 - Left boundaries taken from index: 5
 - Right boundaries taken from index: 7

 Jacobi-Davidson diagonalization converged after 10 iterations.
 Energy = 11010.00021593753
 Updating left boundary for site 6

 MICROITERATION NUMBER = 6  , forward sweep
 - Optimization centered on site: 6
 - Left boundaries taken from index: 6
 - Right boundaries taken from index: 8

 Jacobi-Davidson diagonalization converged after 10 iterations.
 Energy = 11009.98272103583
 Updating left boundary for site 7

 MICROITERATION NUMBER = 7  , forward sweep
 - Optimization centered on site: 7
 - Left boundaries taken from index: 7
 - Right boundaries taken from index: 9

 Jacobi-Davidson diagonalization converged after 10 iterations.
 Energy = 11010.00739401421
 Updating left boundary for site 8

 MICROITERATION NUMBER = 8  , forward sweep
 - Optimization centered on site: 8
 - Left boundaries taken from index: 8
 - Right boundaries taken from index: 10

 Jacobi-Davidson diagonalization converged after 10 iterations.
 Energy = 11010.00921306153
 Updating left boundary for site 9

 MICROITERATION NUMBER = 9  , forward sweep
 - Optimization centered on site: 9
 - Left boundaries taken from index: 9
 - Right boundaries taken from index: 11

 Jacobi-Davidson diagonalization converged after 10 iterations.
 Energy = 11010.00950665531
 Updating left boundary for site 10

 MICROITERATION NUMBER = 10  , forward sweep
 - Optimization centered on site: 10
 - Left boundaries taken from index: 10
 - Right boundaries taken from index: 12

 Jacobi-Davidson diagonalization converged after 1 iterations.
 Energy = 11010.00950665883
 Updating left boundary for site 11

 MICROITERATION NUMBER = 11  , backward sweep
 - Optimization centered on site: 11
 - Left boundaries taken from index: 10
 - Right boundaries taken from index: 12

 Jacobi-Davidson diagonalization converged after 1 iterations.
 Energy = 11010.00950665883
 Updating right boundary for site 11

 MICROITERATION NUMBER = 12  , backward sweep
 - Optimization centered on site: 10
 - Left boundaries taken from index: 9
 - Right boundaries taken from index: 11

 Jacobi-Davidson diagonalization converged after 3 iterations.
 Energy = 11010.00950666134
 Updating right boundary for site 10

 MICROITERATION NUMBER = 13  , backward sweep
 - Optimization centered on site: 9
 - Left boundaries taken from index: 8
 - Right boundaries taken from index: 10

 Jacobi-Davidson diagonalization converged after 10 iterations.
 Energy = 11010.00921306088
 Updating right boundary for site 9

 MICROITERATION NUMBER = 14  , backward sweep
 - Optimization centered on site: 8
 - Left boundaries taken from index: 7
 - Right boundaries taken from index: 9

 Jacobi-Davidson diagonalization converged after 10 iterations.
 Energy = 11010.00739186429
 Updating right boundary for site 8

 MICROITERATION NUMBER = 15  , backward sweep
 - Optimization centered on site: 7
 - Left boundaries taken from index: 6
 - Right boundaries taken from index: 8

 Jacobi-Davidson diagonalization converged after 10 iterations.
 Energy = 11009.9826750077
 Updating right boundary for site 7

 MICROITERATION NUMBER = 16  , backward sweep
 - Optimization centered on site: 6
 - Left boundaries taken from index: 5
 - Right boundaries taken from index: 7

 Jacobi-Davidson diagonalization converged after 10 iterations.
 Energy = 11009.99820343097
 Updating right boundary for site 6

 MICROITERATION NUMBER = 17  , backward sweep
 - Optimization centered on site: 5
 - Left boundaries taken from index: 4
 - Right boundaries taken from index: 6

 Jacobi-Davidson diagonalization converged after 10 iterations.
 Energy = 11010.00395604952
 Updating right boundary for site 5

 MICROITERATION NUMBER = 18  , backward sweep
 - Optimization centered on site: 4
 - Left boundaries taken from index: 3
 - Right boundaries taken from index: 5

 Jacobi-Davidson diagonalization converged after 10 iterations.
 Energy = 11010.00741103837
 Updating right boundary for site 4

 MICROITERATION NUMBER = 19  , backward sweep
 - Optimization centered on site: 3
 - Left boundaries taken from index: 2
 - Right boundaries taken from index: 4

 Jacobi-Davidson diagonalization converged after 10 iterations.
 Energy = 11010.00813029969
 Updating right boundary for site 3

 MICROITERATION NUMBER = 20  , backward sweep
 - Optimization centered on site: 2
 - Left boundaries taken from index: 1
 - Right boundaries taken from index: 3

 Jacobi-Davidson diagonalization converged after 8 iterations.
 Energy = 11010.00823788085
 Updating right boundary for site 2

 MICROITERATION NUMBER = 21  , backward sweep
 - Optimization centered on site: 1
 - Left boundaries taken from index: 0
 - Right boundaries taken from index: 2

 Jacobi-Davidson diagonalization converged after 1 iterations.
 Energy = 11010.00823788309
 Updating right boundary for site 1


 -------------------
   SWEEP NUMBER 3
 -------------------
 - Noise parameter: 0.0001
 - Maximum bond dimension: 20
 - Truncation parameter: 0

 MICROITERATION NUMBER = 0  , forward sweep
 - Optimization centered on site: 0
 - Left boundaries taken from index: 0
 - Right boundaries taken from index: 2

 Jacobi-Davidson diagonalization converged after 1 iterations.
 Energy = 11010.00823788309
 Updating left boundary for site 1

 MICROITERATION NUMBER = 1  , forward sweep
 - Optimization centered on site: 1
 - Left boundaries taken from index: 1
 - Right boundaries taken from index: 3

 Jacobi-Davidson diagonalization converged after 1 iterations.
 Energy = 11010.00823788309
 Updating left boundary for site 2

 MICROITERATION NUMBER = 2  , forward sweep
 - Optimization centered on site: 2
 - Left boundaries taken from index: 2
 - Right boundaries taken from index: 4

 Jacobi-Davidson diagonalization converged after 10 iterations.
 Energy = 11010.00813029898
 Updating left boundary for site 3

 MICROITERATION NUMBER = 3  , forward sweep
 - Optimization centered on site: 3
 - Left boundaries taken from index: 3
 - Right boundaries taken from index: 5

 Jacobi-Davidson diagonalization converged after 10 iterations.
 Energy = 11010.0074102171
 Updating left boundary for site 4

 MICROITERATION NUMBER = 4  , forward sweep
 - Optimization centered on site: 4
 - Left boundaries taken from index: 4
 - Right boundaries taken from index: 6

 Jacobi-Davidson diagonalization converged after 10 iterations.
 Energy = 11010.00391629397
 Updating left boundary for site 5

 MICROITERATION NUMBER = 5  , forward sweep
 - Optimization centered on site: 5
 - Left boundaries taken from index: 5
 - Right boundaries taken from index: 7

 Jacobi-Davidson diagonalization converged after 10 iterations.
 Energy = 11009.99774108709
 Updating left boundary for site 6

 MICROITERATION NUMBER = 6  , forward sweep
 - Optimization centered on site: 6
 - Left boundaries taken from index: 6
 - Right boundaries taken from index: 8

 Jacobi-Davidson diagonalization converged after 10 iterations.
 Energy = 11009.98191648114
 Updating left boundary for site 7

 MICROITERATION NUMBER = 7  , forward sweep
 - Optimization centered on site: 7
 - Left boundaries taken from index: 7
 - Right boundaries taken from index: 9

 Jacobi-Davidson diagonalization converged after 10 iterations.
 Energy = 11010.00669080356
 Updating left boundary for site 8

 MICROITERATION NUMBER = 8  , forward sweep
 - Optimization centered on site: 8
 - Left boundaries taken from index: 8
 - Right boundaries taken from index: 10

 Jacobi-Davidson diagonalization converged after 10 iterations.
 Energy = 11010.00850916854
 Updating left boundary for site 9

 MICROITERATION NUMBER = 9  , forward sweep
 - Optimization centered on site: 9
 - Left boundaries taken from index: 9
 - Right boundaries taken from index: 11

 Jacobi-Davidson diagonalization converged after 10 iterations.
 Energy = 11010.00880311072
 Updating left boundary for site 10

 MICROITERATION NUMBER = 10  , forward sweep
 - Optimization centered on site: 10
 - Left boundaries taken from index: 10
 - Right boundaries taken from index: 12

 Jacobi-Davidson diagonalization converged after 1 iterations.
 Energy = 11010.00880311438
 Updating left boundary for site 11

 MICROITERATION NUMBER = 11  , backward sweep
 - Optimization centered on site: 11
 - Left boundaries taken from index: 10
 - Right boundaries taken from index: 12

 Jacobi-Davidson diagonalization converged after 1 iterations.
 Energy = 11010.00880311438
 Updating right boundary for site 11

 MICROITERATION NUMBER = 12  , backward sweep
 - Optimization centered on site: 10
 - Left boundaries taken from index: 9
 - Right boundaries taken from index: 11

 Jacobi-Davidson diagonalization converged after 4 iterations.
 Energy = 11010.00880311676
 Updating right boundary for site 10

 MICROITERATION NUMBER = 13  , backward sweep
 - Optimization centered on site: 9
 - Left boundaries taken from index: 8
 - Right boundaries taken from index: 10

 Jacobi-Davidson diagonalization converged after 10 iterations.
 Energy = 11010.00850916788
 Updating right boundary for site 9

 MICROITERATION NUMBER = 14  , backward sweep
 - Optimization centered on site: 8
 - Left boundaries taken from index: 7
 - Right boundaries taken from index: 9

 Jacobi-Davidson diagonalization converged after 10 iterations.
 Energy = 11010.0066910725
 Updating right boundary for site 8

 MICROITERATION NUMBER = 15  , backward sweep
 - Optimization centered on site: 7
 - Left boundaries taken from index: 6
 - Right boundaries taken from index: 8

 Jacobi-Davidson diagonalization converged after 10 iterations.
 Energy = 11009.98192717932
 Updating right boundary for site 7

 MICROITERATION NUMBER = 16  , backward sweep
 - Optimization centered on site: 6
 - Left boundaries taken from index: 5
 - Right boundaries taken from index: 7

 Jacobi-Davidson diagonalization converged after 10 iterations.
 Energy = 11009.9975980033
 Updating right boundary for site 6

 MICROITERATION NUMBER = 17  , backward sweep
 - Optimization centered on site: 5
 - Left boundaries taken from index: 4
 - Right boundaries taken from index: 6

 Jacobi-Davidson diagonalization converged after 10 iterations.
 Energy = 11010.00368859417
 Updating right boundary for site 5

 MICROITERATION NUMBER = 18  , backward sweep
 - Optimization centered on site: 4
 - Left boundaries taken from index: 3
 - Right boundaries taken from index: 5

 Jacobi-Davidson diagonalization converged after 10 iterations.
 Energy = 11010.0071902436
 Updating right boundary for site 4

 MICROITERATION NUMBER = 19  , backward sweep
 - Optimization centered on site: 3
 - Left boundaries taken from index: 2
 - Right boundaries taken from index: 4

 Jacobi-Davidson diagonalization converged after 10 iterations.
 Energy = 11010.00787141713
 Updating right boundary for site 3

 MICROITERATION NUMBER = 20  , backward sweep
 - Optimization centered on site: 2
 - Left boundaries taken from index: 1
 - Right boundaries taken from index: 3

 Jacobi-Davidson diagonalization converged after 8 iterations.
 Energy = 11010.00798109562
 Updating right boundary for site 2

 MICROITERATION NUMBER = 21  , backward sweep
 - Optimization centered on site: 1
 - Left boundaries taken from index: 0
 - Right boundaries taken from index: 2

 Jacobi-Davidson diagonalization converged after 1 iterations.
 Energy = 11010.00798109597
 Updating right boundary for site 1


 -------------------
   SWEEP NUMBER 4
 -------------------
 - Noise parameter: 1e-08
 - Maximum bond dimension: 20
 - Truncation parameter: 0

 MICROITERATION NUMBER = 0  , forward sweep
 - Optimization centered on site: 0
 - Left boundaries taken from index: 0
 - Right boundaries taken from index: 2

 Jacobi-Davidson diagonalization converged after 1 iterations.
 Energy = 11010.00798109596
 Updating left boundary for site 1

 MICROITERATION NUMBER = 1  , forward sweep
 - Optimization centered on site: 1
 - Left boundaries taken from index: 1
 - Right boundaries taken from index: 3

 Jacobi-Davidson diagonalization converged after 1 iterations.
 Energy = 11010.00798109596
 Updating left boundary for site 2

 MICROITERATION NUMBER = 2  , forward sweep
 - Optimization centered on site: 2
 - Left boundaries taken from index: 2
 - Right boundaries taken from index: 4

 Jacobi-Davidson diagonalization converged after 10 iterations.
 Energy = 11010.00787142151
 Updating left boundary for site 3

 MICROITERATION NUMBER = 3  , forward sweep
 - Optimization centered on site: 3
 - Left boundaries taken from index: 3
 - Right boundaries taken from index: 5

 Jacobi-Davidson diagonalization converged after 10 iterations.
 Energy = 11010.00719017351
 Updating left boundary for site 4

 MICROITERATION NUMBER = 4  , forward sweep
 - Optimization centered on site: 4
 - Left boundaries taken from index: 4
 - Right boundaries taken from index: 6

 Jacobi-Davidson diagonalization converged after 10 iterations.
 Energy = 11010.00368717455
 Updating left boundary for site 5

 MICROITERATION NUMBER = 5  , forward sweep
 - Optimization centered on site: 5
 - Left boundaries taken from index: 5
 - Right boundaries taken from index: 7

 Jacobi-Davidson diagonalization converged after 10 iterations.
 Energy = 11009.99753649396
 Updating left boundary for site 6

 MICROITERATION NUMBER = 6  , forward sweep
 - Optimization centered on site: 6
 - Left boundaries taken from index: 6
 - Right boundaries taken from index: 8

 Jacobi-Davidson diagonalization converged after 10 iterations.
 Energy = 11009.98181063784
 Updating left boundary for site 7

 MICROITERATION NUMBER = 7  , forward sweep
 - Optimization centered on site: 7
 - Left boundaries taken from index: 7
 - Right boundaries taken from index: 9

 Jacobi-Davidson diagonalization converged after 10 iterations.
 Energy = 11010.00657856964
 Updating left boundary for site 8

 MICROITERATION NUMBER = 8  , forward sweep
 - Optimization centered on site: 8
 - Left boundaries taken from index: 8
 - Right boundaries taken from index: 10

 Jacobi-Davidson diagonalization converged after 10 iterations.
 Energy = 11010.00840501379
 Updating left boundary for site 9

 MICROITERATION NUMBER = 9  , forward sweep
 - Optimization centered on site: 9
 - Left boundaries taken from index: 9
 - Right boundaries taken from index: 11

 Jacobi-Davidson diagonalization converged after 10 iterations.
 Energy = 11010.00869880802
 Updating left boundary for site 10

 MICROITERATION NUMBER = 10  , forward sweep
 - Optimization centered on site: 10
 - Left boundaries taken from index: 10
 - Right boundaries taken from index: 12

 Jacobi-Davidson diagonalization converged after 1 iterations.
 Energy = 11010.00869881023
 Updating left boundary for site 11

 MICROITERATION NUMBER = 11  , backward sweep
 - Optimization centered on site: 11
 - Left boundaries taken from index: 10
 - Right boundaries taken from index: 12

 Jacobi-Davidson diagonalization converged after 1 iterations.
 Energy = 11010.00869881023
 Updating right boundary for site 11

 MICROITERATION NUMBER = 12  , backward sweep
 - Optimization centered on site: 10
 - Left boundaries taken from index: 9
 - Right boundaries taken from index: 11

 Jacobi-Davidson diagonalization converged after 3 iterations.
 Energy = 11010.0086988095
 Updating right boundary for site 10

 MICROITERATION NUMBER = 13  , backward sweep
 - Optimization centered on site: 9
 - Left boundaries taken from index: 8
 - Right boundaries taken from index: 10

 Jacobi-Davidson diagonalization converged after 10 iterations.
 Energy = 11010.00840500936
 Updating right boundary for site 9

 MICROITERATION NUMBER = 14  , backward sweep
 - Optimization centered on site: 8
 - Left boundaries taken from index: 7
 - Right boundaries taken from index: 9

 Jacobi-Davidson diagonalization converged after 10 iterations.
 Energy = 11010.00657880484
 Updating right boundary for site 8

 MICROITERATION NUMBER = 15  , backward sweep
 - Optimization centered on site: 7
 - Left boundaries taken from index: 6
 - Right boundaries taken from index: 8

 Jacobi-Davidson diagonalization converged after 10 iterations.
 Energy = 11009.98182215813
 Updating right boundary for site 7

 MICROITERATION NUMBER = 16  , backward sweep
 - Optimization centered on site: 6
 - Left boundaries taken from index: 5
 - Right boundaries taken from index: 7

 Jacobi-Davidson diagonalization converged after 10 iterations.
 Energy = 11009.99753399014
 Updating right boundary for site 6

 MICROITERATION NUMBER = 17  , backward sweep
 - Optimization centered on site: 5
 - Left boundaries taken from index: 4
 - Right boundaries taken from index: 6

 Jacobi-Davidson diagonalization converged after 10 iterations.
 Energy = 11010.00364867111
 Updating right boundary for site 5

 MICROITERATION NUMBER = 18  , backward sweep
 - Optimization centered on site: 4
 - Left boundaries taken from index: 3
 - Right boundaries taken from index: 5

 Jacobi-Davidson diagonalization converged after 10 iterations.
 Energy = 11010.00715899435
 Updating right boundary for site 4

 MICROITERATION NUMBER = 19  , backward sweep
 - Optimization centered on site: 3
 - Left boundaries taken from index: 2
 - Right boundaries taken from index: 4

 Jacobi-Davidson diagonalization converged after 10 iterations.
 Energy = 11010.00781518627
 Updating right boundary for site 3

 MICROITERATION NUMBER = 20  , backward sweep
 - Optimization centered on site: 2
 - Left boundaries taken from index: 1
 - Right boundaries taken from index: 3

 Jacobi-Davidson diagonalization converged after 8 iterations.
 Energy = 11010.00792554498
 Updating right boundary for site 2

 MICROITERATION NUMBER = 21  , backward sweep
 - Optimization centered on site: 1
 - Left boundaries taken from index: 0
 - Right boundaries taken from index: 2

 Jacobi-Davidson diagonalization converged after 1 iterations.
 Energy = 11010.00792554165
 Updating right boundary for site 1


 -------------------
   SWEEP NUMBER 5
 -------------------
 - Noise parameter: 1e-08
 - Maximum bond dimension: 20
 - Truncation parameter: 0

 MICROITERATION NUMBER = 0  , forward sweep
 - Optimization centered on site: 0
 - Left boundaries taken from index: 0
 - Right boundaries taken from index: 2

 Jacobi-Davidson diagonalization converged after 1 iterations.
 Energy = 11010.00792554165
 Updating left boundary for site 1

 MICROITERATION NUMBER = 1  , forward sweep
 - Optimization centered on site: 1
 - Left boundaries taken from index: 1
 - Right boundaries taken from index: 3

 Jacobi-Davidson diagonalization converged after 1 iterations.
 Energy = 11010.00792554164
 Updating left boundary for site 2

 MICROITERATION NUMBER = 2  , forward sweep
 - Optimization centered on site: 2
 - Left boundaries taken from index: 2
 - Right boundaries taken from index: 4

 Jacobi-Davidson diagonalization converged after 10 iterations.
 Energy = 11010.00781518334
 Updating left boundary for site 3

 MICROITERATION NUMBER = 3  , forward sweep
 - Optimization centered on site: 3
 - Left boundaries taken from index: 3
 - Right boundaries taken from index: 5

 Jacobi-Davidson diagonalization converged after 10 iterations.
 Energy = 11010.00715898635
 Updating left boundary for site 4

 MICROITERATION NUMBER = 4  , forward sweep
 - Optimization centered on site: 4
 - Left boundaries taken from index: 4
 - Right boundaries taken from index: 6

 Jacobi-Davidson diagonalization converged after 10 iterations.
 Energy = 11010.00364605061
 Updating left boundary for site 5

 MICROITERATION NUMBER = 5  , forward sweep
 - Optimization centered on site: 5
 - Left boundaries taken from index: 5
 - Right boundaries taken from index: 7

 Jacobi-Davidson diagonalization converged after 10 iterations.
 Energy = 11009.99751821514
 Updating left boundary for site 6

 MICROITERATION NUMBER = 6  , forward sweep
 - Optimization centered on site: 6
 - Left boundaries taken from index: 6
 - Right boundaries taken from index: 8

 Jacobi-Davidson diagonalization converged after 10 iterations.
 Energy = 11009.98179381296
 Updating left boundary for site 7

 MICROITERATION NUMBER = 7  , forward sweep
 - Optimization centered on site: 7
 - Left boundaries taken from index: 7
 - Right boundaries taken from index: 9

 Jacobi-Davidson diagonalization converged after 10 iterations.
 Energy = 11010.00654347379
 Updating left boundary for site 8

 MICROITERATION NUMBER = 8  , forward sweep
 - Optimization centered on site: 8
 - Left boundaries taken from index: 8
 - Right boundaries taken from index: 10

 Jacobi-Davidson diagonalization converged after 10 iterations.
 Energy = 11010.00837572531
 Updating left boundary for site 9

 MICROITERATION NUMBER = 9  , forward sweep
 - Optimization centered on site: 9
 - Left boundaries taken from index: 9
 - Right boundaries taken from index: 11

 Jacobi-Davidson diagonalization converged after 10 iterations.
 Energy = 11010.00866934563
 Updating left boundary for site 10

 MICROITERATION NUMBER = 10  , forward sweep
 - Optimization centered on site: 10
 - Left boundaries taken from index: 10
 - Right boundaries taken from index: 12

 Jacobi-Davidson diagonalization converged after 1 iterations.
 Energy = 11010.00866934615
 Updating left boundary for site 11

 MICROITERATION NUMBER = 11  , backward sweep
 - Optimization centered on site: 11
 - Left boundaries taken from index: 10
 - Right boundaries taken from index: 12

 Jacobi-Davidson diagonalization converged after 1 iterations.
 Energy = 11010.00866934615
 Updating right boundary for site 11

 MICROITERATION NUMBER = 12  , backward sweep
 - Optimization centered on site: 10
 - Left boundaries taken from index: 9
 - Right boundaries taken from index: 11

 Jacobi-Davidson diagonalization converged after 3 iterations.
 Energy = 11010.00866934696
 Updating right boundary for site 10

 MICROITERATION NUMBER = 13  , backward sweep
 - Optimization centered on site: 9
 - Left boundaries taken from index: 8
 - Right boundaries taken from index: 10

 Jacobi-Davidson diagonalization converged after 10 iterations.
 Energy = 11010.00837572444
 Updating right boundary for site 9

 MICROITERATION NUMBER = 14  , backward sweep
 - Optimization centered on site: 8
 - Left boundaries taken from index: 7
 - Right boundaries taken from index: 9

 Jacobi-Davidson diagonalization converged after 10 iterations.
 Energy = 11010.00654365335
 Updating right boundary for site 8

 MICROITERATION NUMBER = 15  , backward sweep
 - Optimization centered on site: 7
 - Left boundaries taken from index: 6
 - Right boundaries taken from index: 8

 Jacobi-Davidson diagonalization converged after 10 iterations.
 Energy = 11009.98180436667
 Updating right boundary for site 7

 MICROITERATION NUMBER = 16  , backward sweep
 - Optimization centered on site: 6
 - Left boundaries taken from index: 5
 - Right boundaries taken from index: 7

 Jacobi-Davidson diagonalization converged after 10 iterations.
 Energy = 11009.99753404004
 Updating right boundary for site 6

 MICROITERATION NUMBER = 17  , backward sweep
 - Optimization centered on site: 5
 - Left boundaries taken from index: 4
 - Right boundaries taken from index: 6

 Jacobi-Davidson diagonalization converged after 10 iterations.
 Energy = 11010.00363819314
 Updating right boundary for site 5

 MICROITERATION NUMBER = 18  , backward sweep
 - Optimization centered on site: 4
 - Left boundaries taken from index: 3
 - Right boundaries taken from index: 5

 Jacobi-Davidson diagonalization converged after 10 iterations.
 Energy = 11010.00715504066
 Updating right boundary for site 4

 MICROITERATION NUMBER = 19  , backward sweep
 - Optimization centered on site: 3
 - Left boundaries taken from index: 2
 - Right boundaries taken from index: 4

 Jacobi-Davidson diagonalization converged after 10 iterations.
 Energy = 11010.00779562617
 Updating right boundary for site 3

 MICROITERATION NUMBER = 20  , backward sweep
 - Optimization centered on site: 2
 - Left boundaries taken from index: 1
 - Right boundaries taken from index: 3

 Jacobi-Davidson diagonalization converged after 8 iterations.
 Energy = 11010.00790628797
 Updating right boundary for site 2

 MICROITERATION NUMBER = 21  , backward sweep
 - Optimization centered on site: 1
 - Left boundaries taken from index: 0
 - Right boundaries taken from index: 2

 Jacobi-Davidson diagonalization converged after 1 iterations.
 Energy = 11010.00790629109
 Updating right boundary for site 1


 -------------------
   SWEEP NUMBER 6
 -------------------
 - Noise parameter: 1e-08
 - Maximum bond dimension: 20
 - Truncation parameter: 0

 MICROITERATION NUMBER = 0  , forward sweep
 - Optimization centered on site: 0
 - Left boundaries taken from index: 0
 - Right boundaries taken from index: 2

 Jacobi-Davidson diagonalization converged after 1 iterations.
 Energy = 11010.00790629108
 Updating left boundary for site 1

 MICROITERATION NUMBER = 1  , forward sweep
 - Optimization centered on site: 1
 - Left boundaries taken from index: 1
 - Right boundaries taken from index: 3

 Jacobi-Davidson diagonalization converged after 1 iterations.
 Energy = 11010.00790629111
 Updating left boundary for site 2

 MICROITERATION NUMBER = 2  , forward sweep
 - Optimization centered on site: 2
 - Left boundaries taken from index: 2
 - Right boundaries taken from index: 4

 Jacobi-Davidson diagonalization converged after 10 iterations.
 Energy = 11010.00779562554
 Updating left boundary for site 3

 MICROITERATION NUMBER = 3  , forward sweep
 - Optimization centered on site: 3
 - Left boundaries taken from index: 3
 - Right boundaries taken from index: 5

 Jacobi-Davidson diagonalization converged after 10 iterations.
 Energy = 11010.0071550367
 Updating left boundary for site 4

 MICROITERATION NUMBER = 4  , forward sweep
 - Optimization centered on site: 4
 - Left boundaries taken from index: 4
 - Right boundaries taken from index: 6

 Jacobi-Davidson diagonalization converged after 10 iterations.
 Energy = 11010.00363581721
 Updating left boundary for site 5

 MICROITERATION NUMBER = 5  , forward sweep
 - Optimization centered on site: 5
 - Left boundaries taken from index: 5
 - Right boundaries taken from index: 7

 Jacobi-Davidson diagonalization converged after 10 iterations.
 Energy = 11009.99752791972
 Updating left boundary for site 6

 MICROITERATION NUMBER = 6  , forward sweep
 - Optimization centered on site: 6
 - Left boundaries taken from index: 6
 - Right boundaries taken from index: 8

 Jacobi-Davidson diagonalization converged after 10 iterations.
 Energy = 11009.98179372262
 Updating left boundary for site 7

 MICROITERATION NUMBER = 7  , forward sweep
 - Optimization centered on site: 7
 - Left boundaries taken from index: 7
 - Right boundaries taken from index: 9

 Jacobi-Davidson diagonalization converged after 10 iterations.
 Energy = 11010.00652600608
 Updating left boundary for site 8

 MICROITERATION NUMBER = 8  , forward sweep
 - Optimization centered on site: 8
 - Left boundaries taken from index: 8
 - Right boundaries taken from index: 10

 Jacobi-Davidson diagonalization converged after 10 iterations.
 Energy = 11010.0083625074
 Updating left boundary for site 9

 MICROITERATION NUMBER = 9  , forward sweep
 - Optimization centered on site: 9
 - Left boundaries taken from index: 9
 - Right boundaries taken from index: 11

 Jacobi-Davidson diagonalization converged after 10 iterations.
 Energy = 11010.00865597589
 Updating left boundary for site 10

 MICROITERATION NUMBER = 10  , forward sweep
 - Optimization centered on site: 10
 - Left boundaries taken from index: 10
 - Right boundaries taken from index: 12

 Jacobi-Davidson diagonalization converged after 1 iterations.
 Energy = 11010.00865597844
 Updating left boundary for site 11

 MICROITERATION NUMBER = 11  , backward sweep
 - Optimization centered on site: 11
 - Left boundaries taken from index: 10
 - Right boundaries taken from index: 12

 Jacobi-Davidson diagonalization converged after 1 iterations.
 Energy = 11010.00865597844
 Updating right boundary for site 11

 MICROITERATION NUMBER = 12  , backward sweep
 - Optimization centered on site: 10
 - Left boundaries taken from index: 9
 - Right boundaries taken from index: 11

 Jacobi-Davidson diagonalization converged after 3 iterations.
 Energy = 11010.00865597721
 Updating right boundary for site 10

 MICROITERATION NUMBER = 13  , backward sweep
 - Optimization centered on site: 9
 - Left boundaries taken from index: 8
 - Right boundaries taken from index: 10

 Jacobi-Davidson diagonalization converged after 10 iterations.
 Energy = 11010.00836251113
 Updating right boundary for site 9

 MICROITERATION NUMBER = 14  , backward sweep
 - Optimization centered on site: 8
 - Left boundaries taken from index: 7
 - Right boundaries taken from index: 9

 Jacobi-Davidson diagonalization converged after 10 iterations.
 Energy = 11010.00652614648
 Updating right boundary for site 8

 MICROITERATION NUMBER = 15  , backward sweep
 - Optimization centered on site: 7
 - Left boundaries taken from index: 6
 - Right boundaries taken from index: 8

 Jacobi-Davidson diagonalization converged after 10 iterations.
 Energy = 11009.98180234046
 Updating right boundary for site 7

 MICROITERATION NUMBER = 16  , backward sweep
 - Optimization centered on site: 6
 - Left boundaries taken from index: 5
 - Right boundaries taken from index: 7

 Jacobi-Davidson diagonalization converged after 10 iterations.
 Energy = 11009.99754391706
 Updating right boundary for site 6

 MICROITERATION NUMBER = 17  , backward sweep
 - Optimization centered on site: 5
 - Left boundaries taken from index: 4
 - Right boundaries taken from index: 6

 Jacobi-Davidson diagonalization converged after 10 iterations.
 Energy = 11010.00363378667
 Updating right boundary for site 5

 MICROITERATION NUMBER = 18  , backward sweep
 - Optimization centered on site: 4
 - Left boundaries taken from index: 3
 - Right boundaries taken from index: 5

 Jacobi-Davidson diagonalization converged after 10 iterations.
 Energy = 11010.00715572331
 Updating right boundary for site 4

 MICROITERATION NUMBER = 19  , backward sweep
 - Optimization centered on site: 3
 - Left boundaries taken from index: 2
 - Right boundaries taken from index: 4

 Jacobi-Davidson diagonalization converged after 10 iterations.
 Energy = 11010.00778525598
 Updating right boundary for site 3

 MICROITERATION NUMBER = 20  , backward sweep
 - Optimization centered on site: 2
 - Left boundaries taken from index: 1
 - Right boundaries taken from index: 3

 Jacobi-Davidson diagonalization converged after 8 iterations.
 Energy = 11010.00789610053
 Updating right boundary for site 2

 MICROITERATION NUMBER = 21  , backward sweep
 - Optimization centered on site: 1
 - Left boundaries taken from index: 0
 - Right boundaries taken from index: 2

 Jacobi-Davidson diagonalization converged after 1 iterations.
 Energy = 11010.00789609941
 Updating right boundary for site 1


 -------------------
   SWEEP NUMBER 7
 -------------------
 - Noise parameter: 1e-08
 - Maximum bond dimension: 20
 - Truncation parameter: 0

 MICROITERATION NUMBER = 0  , forward sweep
 - Optimization centered on site: 0
 - Left boundaries taken from index: 0
 - Right boundaries taken from index: 2

 Jacobi-Davidson diagonalization converged after 1 iterations.
 Energy = 11010.00789609941
 Updating left boundary for site 1

 MICROITERATION NUMBER = 1  , forward sweep
 - Optimization centered on site: 1
 - Left boundaries taken from index: 1
 - Right boundaries taken from index: 3

 Jacobi-Davidson diagonalization converged after 1 iterations.
 Energy = 11010.00789609939
 Updating left boundary for site 2

 MICROITERATION NUMBER = 2  , forward sweep
 - Optimization centered on site: 2
 - Left boundaries taken from index: 2
 - Right boundaries taken from index: 4

 Jacobi-Davidson diagonalization converged after 10 iterations.
 Energy = 11010.0077852553
 Updating left boundary for site 3

 MICROITERATION NUMBER = 3  , forward sweep
 - Optimization centered on site: 3
 - Left boundaries taken from index: 3
 - Right boundaries taken from index: 5

 Jacobi-Davidson diagonalization converged after 10 iterations.
 Energy = 11010.00715572071
 Updating left boundary for site 4

 MICROITERATION NUMBER = 4  , forward sweep
 - Optimization centered on site: 4
 - Left boundaries taken from index: 4
 - Right boundaries taken from index: 6

 Jacobi-Davidson diagonalization converged after 10 iterations.
 Energy = 11010.00363195309
 Updating left boundary for site 5

 MICROITERATION NUMBER = 5  , forward sweep
 - Optimization centered on site: 5
 - Left boundaries taken from index: 5
 - Right boundaries taken from index: 7

 Jacobi-Davidson diagonalization converged after 10 iterations.
 Energy = 11009.99754095012
 Updating left boundary for site 6

 MICROITERATION NUMBER = 6  , forward sweep
 - Optimization centered on site: 6
 - Left boundaries taken from index: 6
 - Right boundaries taken from index: 8

 Jacobi-Davidson diagonalization converged after 10 iterations.
 Energy = 11009.98179601136
 Updating left boundary for site 7

 MICROITERATION NUMBER = 7  , forward sweep
 - Optimization centered on site: 7
 - Left boundaries taken from index: 7
 - Right boundaries taken from index: 9

 Jacobi-Davidson diagonalization converged after 10 iterations.
 Energy = 11010.00651432964
 Updating left boundary for site 8

 MICROITERATION NUMBER = 8  , forward sweep
 - Optimization centered on site: 8
 - Left boundaries taken from index: 8
 - Right boundaries taken from index: 10

 Jacobi-Davidson diagonalization converged after 10 iterations.
 Energy = 11010.00835421793
 Updating left boundary for site 9

 MICROITERATION NUMBER = 9  , forward sweep
 - Optimization centered on site: 9
 - Left boundaries taken from index: 9
 - Right boundaries taken from index: 11

 Jacobi-Davidson diagonalization converged after 10 iterations.
 Energy = 11010.00864755962
 Updating left boundary for site 10

 MICROITERATION NUMBER = 10  , forward sweep
 - Optimization centered on site: 10
 - Left boundaries taken from index: 10
 - Right boundaries taken from index: 12

 Jacobi-Davidson diagonalization converged after 1 iterations.
 Energy = 11010.00864755953
 Updating left boundary for site 11

 MICROITERATION NUMBER = 11  , backward sweep
 - Optimization centered on site: 11
 - Left boundaries taken from index: 10
 - Right boundaries taken from index: 12

 Jacobi-Davidson diagonalization converged after 1 iterations.
 Energy = 11010.00864755953
 Updating right boundary for site 11

 MICROITERATION NUMBER = 12  , backward sweep
 - Optimization centered on site: 10
 - Left boundaries taken from index: 9
 - Right boundaries taken from index: 11

 Jacobi-Davidson diagonalization converged after 3 iterations.
 Energy = 11010.00864755985
 Updating right boundary for site 10

 MICROITERATION NUMBER = 13  , backward sweep
 - Optimization centered on site: 9
 - Left boundaries taken from index: 8
 - Right boundaries taken from index: 10

 Jacobi-Davidson diagonalization converged after 10 iterations.
 Energy = 11010.00835422028
 Updating right boundary for site 9

 MICROITERATION NUMBER = 14  , backward sweep
 - Optimization centered on site: 8
 - Left boundaries taken from index: 7
 - Right boundaries taken from index: 9

 Jacobi-Davidson diagonalization converged after 10 iterations.
 Energy = 11010.00651445101
 Updating right boundary for site 8

 MICROITERATION NUMBER = 15  , backward sweep
 - Optimization centered on site: 7
 - Left boundaries taken from index: 6
 - Right boundaries taken from index: 8

 Jacobi-Davidson diagonalization converged after 10 iterations.
 Energy = 11009.98180293353
 Updating right boundary for site 7

 MICROITERATION NUMBER = 16  , backward sweep
 - Optimization centered on site: 6
 - Left boundaries taken from index: 5
 - Right boundaries taken from index: 7

 Jacobi-Davidson diagonalization converged after 10 iterations.
 Energy = 11009.99755437795
 Updating right boundary for site 6

 MICROITERATION NUMBER = 17  , backward sweep
 - Optimization centered on site: 5
 - Left boundaries taken from index: 4
 - Right boundaries taken from index: 6

 Jacobi-Davidson diagonalization converged after 10 iterations.
 Energy = 11010.00363099361
 Updating right boundary for site 5

 MICROITERATION NUMBER = 18  , backward sweep
 - Optimization centered on site: 4
 - Left boundaries taken from index: 3
 - Right boundaries taken from index: 5

 Jacobi-Davidson diagonalization converged after 10 iterations.
 Energy = 11010.00715690457
 Updating right boundary for site 4

 MICROITERATION NUMBER = 19  , backward sweep
 - Optimization centered on site: 3
 - Left boundaries taken from index: 2
 - Right boundaries taken from index: 4

 Jacobi-Davidson diagonalization converged after 10 iterations.
 Energy = 11010.00777817014
 Updating right boundary for site 3

 MICROITERATION NUMBER = 20  , backward sweep
 - Optimization centered on site: 2
 - Left boundaries taken from index: 1
 - Right boundaries taken from index: 3

 Jacobi-Davidson diagonalization converged after 8 iterations.
 Energy = 11010.00788913752
 Updating right boundary for site 2

 MICROITERATION NUMBER = 21  , backward sweep
 - Optimization centered on site: 1
 - Left boundaries taken from index: 0
 - Right boundaries taken from index: 2

 Jacobi-Davidson diagonalization converged after 1 iterations.
 Energy = 11010.00788913784
 Updating right boundary for site 1


 -------------------
   SWEEP NUMBER 8
 -------------------
 - Noise parameter: 1e-08
 - Maximum bond dimension: 20
 - Truncation parameter: 0

 MICROITERATION NUMBER = 0  , forward sweep
 - Optimization centered on site: 0
 - Left boundaries taken from index: 0
 - Right boundaries taken from index: 2

 Jacobi-Davidson diagonalization converged after 1 iterations.
 Energy = 11010.00788913784
 Updating left boundary for site 1

 MICROITERATION NUMBER = 1  , forward sweep
 - Optimization centered on site: 1
 - Left boundaries taken from index: 1
 - Right boundaries taken from index: 3

 Jacobi-Davidson diagonalization converged after 1 iterations.
 Energy = 11010.00788913787
 Updating left boundary for site 2

 MICROITERATION NUMBER = 2  , forward sweep
 - Optimization centered on site: 2
 - Left boundaries taken from index: 2
 - Right boundaries taken from index: 4

 Jacobi-Davidson diagonalization converged after 10 iterations.
 Energy = 11010.00777816837
 Updating left boundary for site 3

 MICROITERATION NUMBER = 3  , forward sweep
 - Optimization centered on site: 3
 - Left boundaries taken from index: 3
 - Right boundaries taken from index: 5

 Jacobi-Davidson diagonalization converged after 10 iterations.
 Energy = 11010.00715690544
 Updating left boundary for site 4

 MICROITERATION NUMBER = 4  , forward sweep
 - Optimization centered on site: 4
 - Left boundaries taken from index: 4
 - Right boundaries taken from index: 6

 Jacobi-Davidson diagonalization converged after 10 iterations.
 Energy = 11010.00362966999
 Updating left boundary for site 5

 MICROITERATION NUMBER = 5  , forward sweep
 - Optimization centered on site: 5
 - Left boundaries taken from index: 5
 - Right boundaries taken from index: 7

 Jacobi-Davidson diagonalization converged after 10 iterations.
 Energy = 11009.99755276251
 Updating left boundary for site 6

 MICROITERATION NUMBER = 6  , forward sweep
 - Optimization centered on site: 6
 - Left boundaries taken from index: 6
 - Right boundaries taken from index: 8

 Jacobi-Davidson diagonalization converged after 10 iterations.
 Energy = 11009.98179804246
 Updating left boundary for site 7

 MICROITERATION NUMBER = 7  , forward sweep
 - Optimization centered on site: 7
 - Left boundaries taken from index: 7
 - Right boundaries taken from index: 9

 Jacobi-Davidson diagonalization converged after 10 iterations.
 Energy = 11010.00650545033
 Updating left boundary for site 8

 MICROITERATION NUMBER = 8  , forward sweep
 - Optimization centered on site: 8
 - Left boundaries taken from index: 8
 - Right boundaries taken from index: 10

 Jacobi-Davidson diagonalization converged after 10 iterations.
 Energy = 11010.00834809987
 Updating left boundary for site 9

 MICROITERATION NUMBER = 9  , forward sweep
 - Optimization centered on site: 9
 - Left boundaries taken from index: 9
 - Right boundaries taken from index: 11

 Jacobi-Davidson diagonalization converged after 10 iterations.
 Energy = 11010.00864134065
 Updating left boundary for site 10

 MICROITERATION NUMBER = 10  , forward sweep
 - Optimization centered on site: 10
 - Left boundaries taken from index: 10
 - Right boundaries taken from index: 12

 Jacobi-Davidson diagonalization converged after 1 iterations.
 Energy = 11010.00864134148
 Updating left boundary for site 11

 MICROITERATION NUMBER = 11  , backward sweep
 - Optimization centered on site: 11
 - Left boundaries taken from index: 10
 - Right boundaries taken from index: 12

 Jacobi-Davidson diagonalization converged after 1 iterations.
 Energy = 11010.00864134148
 Updating right boundary for site 11

 MICROITERATION NUMBER = 12  , backward sweep
 - Optimization centered on site: 10
 - Left boundaries taken from index: 9
 - Right boundaries taken from index: 11

 Jacobi-Davidson diagonalization converged after 3 iterations.
 Energy = 11010.00864133932
 Updating right boundary for site 10

 MICROITERATION NUMBER = 13  , backward sweep
 - Optimization centered on site: 9
 - Left boundaries taken from index: 8
 - Right boundaries taken from index: 10

 Jacobi-Davidson diagonalization converged after 10 iterations.
 Energy = 11010.00834810327
 Updating right boundary for site 9

 MICROITERATION NUMBER = 14  , backward sweep
 - Optimization centered on site: 8
 - Left boundaries taken from index: 7
 - Right boundaries taken from index: 9

 Jacobi-Davidson diagonalization converged after 10 iterations.
 Energy = 11010.00650555146
 Updating right boundary for site 8

 MICROITERATION NUMBER = 15  , backward sweep
 - Optimization centered on site: 7
 - Left boundaries taken from index: 6
 - Right boundaries taken from index: 8

 Jacobi-Davidson diagonalization converged after 10 iterations.
 Energy = 11009.98180360991
 Updating right boundary for site 7

 MICROITERATION NUMBER = 16  , backward sweep
 - Optimization centered on site: 6
 - Left boundaries taken from index: 5
 - Right boundaries taken from index: 7

 Jacobi-Davidson diagonalization converged after 10 iterations.
 Energy = 11009.99756363137
 Updating right boundary for site 6

 MICROITERATION NUMBER = 17  , backward sweep
 - Optimization centered on site: 5
 - Left boundaries taken from index: 4
 - Right boundaries taken from index: 6

 Jacobi-Davidson diagonalization converged after 10 iterations.
 Energy = 11010.00362881925
 Updating right boundary for site 5

 MICROITERATION NUMBER = 18  , backward sweep
 - Optimization centered on site: 4
 - Left boundaries taken from index: 3
 - Right boundaries taken from index: 5

 Jacobi-Davidson diagonalization converged after 10 iterations.
 Energy = 11010.00715780364
 Updating right boundary for site 4

 MICROITERATION NUMBER = 19  , backward sweep
 - Optimization centered on site: 3
 - Left boundaries taken from index: 2
 - Right boundaries taken from index: 4

 Jacobi-Davidson diagonalization converged after 10 iterations.
 Energy = 11010.00777275321
 Updating right boundary for site 3

 MICROITERATION NUMBER = 20  , backward sweep
 - Optimization centered on site: 2
 - Left boundaries taken from index: 1
 - Right boundaries taken from index: 3

 Jacobi-Davidson diagonalization converged after 8 iterations.
 Energy = 11010.0078838085
 Updating right boundary for site 2

 MICROITERATION NUMBER = 21  , backward sweep
 - Optimization centered on site: 1
 - Left boundaries taken from index: 0
 - Right boundaries taken from index: 2

 Jacobi-Davidson diagonalization converged after 1 iterations.
 Energy = 11010.00788380793
 Updating right boundary for site 1


 -------------------
   SWEEP NUMBER 9
 -------------------
 - Noise parameter: 1e-08
 - Maximum bond dimension: 20
 - Truncation parameter: 0

 MICROITERATION NUMBER = 0  , forward sweep
 - Optimization centered on site: 0
 - Left boundaries taken from index: 0
 - Right boundaries taken from index: 2

 Jacobi-Davidson diagonalization converged after 1 iterations.
 Energy = 11010.00788380793
 Updating left boundary for site 1

 MICROITERATION NUMBER = 1  , forward sweep
 - Optimization centered on site: 1
 - Left boundaries taken from index: 1
 - Right boundaries taken from index: 3

 Jacobi-Davidson diagonalization converged after 1 iterations.
 Energy = 11010.00788380794
 Updating left boundary for site 2

 MICROITERATION NUMBER = 2  , forward sweep
 - Optimization centered on site: 2
 - Left boundaries taken from index: 2
 - Right boundaries taken from index: 4

 Jacobi-Davidson diagonalization converged after 10 iterations.
 Energy = 11010.00777275428
 Updating left boundary for site 3

 MICROITERATION NUMBER = 3  , forward sweep
 - Optimization centered on site: 3
 - Left boundaries taken from index: 3
 - Right boundaries taken from index: 5

 Jacobi-Davidson diagonalization converged after 10 iterations.
 Energy = 11010.0071578052
 Updating left boundary for site 4

 MICROITERATION NUMBER = 4  , forward sweep
 - Optimization centered on site: 4
 - Left boundaries taken from index: 4
 - Right boundaries taken from index: 6

 Jacobi-Davidson diagonalization converged after 10 iterations.
 Energy = 11010.00362792562
 Updating left boundary for site 5

 MICROITERATION NUMBER = 5  , forward sweep
 - Optimization centered on site: 5
 - Left boundaries taken from index: 5
 - Right boundaries taken from index: 7

 Jacobi-Davidson diagonalization converged after 10 iterations.
 Energy = 11009.99756270034
 Updating left boundary for site 6

 MICROITERATION NUMBER = 6  , forward sweep
 - Optimization centered on site: 6
 - Left boundaries taken from index: 6
 - Right boundaries taken from index: 8

 Jacobi-Davidson diagonalization converged after 10 iterations.
 Energy = 11009.98179945165
 Updating left boundary for site 7

 MICROITERATION NUMBER = 7  , forward sweep
 - Optimization centered on site: 7
 - Left boundaries taken from index: 7
 - Right boundaries taken from index: 9

 Jacobi-Davidson diagonalization converged after 10 iterations.
 Energy = 11010.00649833626
 Updating left boundary for site 8

 MICROITERATION NUMBER = 8  , forward sweep
 - Optimization centered on site: 8
 - Left boundaries taken from index: 8
 - Right boundaries taken from index: 10

 Jacobi-Davidson diagonalization converged after 10 iterations.
 Energy = 11010.00834325789
 Updating left boundary for site 9

 MICROITERATION NUMBER = 9  , forward sweep
 - Optimization centered on site: 9
 - Left boundaries taken from index: 9
 - Right boundaries taken from index: 11

 Jacobi-Davidson diagonalization converged after 10 iterations.
 Energy = 11010.00863642161
 Updating left boundary for site 10

 MICROITERATION NUMBER = 10  , forward sweep
 - Optimization centered on site: 10
 - Left boundaries taken from index: 10
 - Right boundaries taken from index: 12

 Jacobi-Davidson diagonalization converged after 1 iterations.
 Energy = 11010.00863642332
 Updating left boundary for site 11

 MICROITERATION NUMBER = 11  , backward sweep
 - Optimization centered on site: 11
 - Left boundaries taken from index: 10
 - Right boundaries taken from index: 12

 Jacobi-Davidson diagonalization converged after 1 iterations.
 Energy = 11010.00863642332
 Updating right boundary for site 11

 MICROITERATION NUMBER = 12  , backward sweep
 - Optimization centered on site: 10
 - Left boundaries taken from index: 9
 - Right boundaries taken from index: 11

 Jacobi-Davidson diagonalization converged after 3 iterations.
 Energy = 11010.00863642346
 Updating right boundary for site 10

 MICROITERATION NUMBER = 13  , backward sweep
 - Optimization centered on site: 9
 - Left boundaries taken from index: 8
 - Right boundaries taken from index: 10

 Jacobi-Davidson diagonalization converged after 10 iterations.
 Energy = 11010.00834326285
 Updating right boundary for site 9

 MICROITERATION NUMBER = 14  , backward sweep
 - Optimization centered on site: 8
 - Left boundaries taken from index: 7
 - Right boundaries taken from index: 9

 Jacobi-Davidson diagonalization converged after 10 iterations.
 Energy = 11010.00649841513
 Updating right boundary for site 8

 MICROITERATION NUMBER = 15  , backward sweep
 - Optimization centered on site: 7
 - Left boundaries taken from index: 6
 - Right boundaries taken from index: 8

 Jacobi-Davidson diagonalization converged after 10 iterations.
 Energy = 11009.98180395908
 Updating right boundary for site 7

 MICROITERATION NUMBER = 16  , backward sweep
 - Optimization centered on site: 6
 - Left boundaries taken from index: 5
 - Right boundaries taken from index: 7

 Jacobi-Davidson diagonalization converged after 10 iterations.
 Energy = 11009.99757143763
 Updating right boundary for site 6

 MICROITERATION NUMBER = 17  , backward sweep
 - Optimization centered on site: 5
 - Left boundaries taken from index: 4
 - Right boundaries taken from index: 6

 Jacobi-Davidson diagonalization converged after 10 iterations.
 Energy = 11010.00362701271
 Updating right boundary for site 5

 MICROITERATION NUMBER = 18  , backward sweep
 - Optimization centered on site: 4
 - Left boundaries taken from index: 3
 - Right boundaries taken from index: 5

 Jacobi-Davidson diagonalization converged after 10 iterations.
 Energy = 11010.0071583255
 Updating right boundary for site 4

 MICROITERATION NUMBER = 19  , backward sweep
 - Optimization centered on site: 3
 - Left boundaries taken from index: 2
 - Right boundaries taken from index: 4

 Jacobi-Davidson diagonalization converged after 10 iterations.
 Energy = 11010.00776839867
 Updating right boundary for site 3

 MICROITERATION NUMBER = 20  , backward sweep
 - Optimization centered on site: 2
 - Left boundaries taken from index: 1
 - Right boundaries taken from index: 3

 Jacobi-Davidson diagonalization converged after 8 iterations.
 Energy = 11010.00787951905
 Updating right boundary for site 2

 MICROITERATION NUMBER = 21  , backward sweep
 - Optimization centered on site: 1
 - Left boundaries taken from index: 0
 - Right boundaries taken from index: 2

 Jacobi-Davidson diagonalization converged after 1 iterations.
 Energy = 11010.00787952001
 Updating right boundary for site 1


 -------------------
   SWEEP NUMBER 10
 -------------------
 - Noise parameter: 1e-08
 - Maximum bond dimension: 20
 - Truncation parameter: 0

 MICROITERATION NUMBER = 0  , forward sweep
 - Optimization centered on site: 0
 - Left boundaries taken from index: 0
 - Right boundaries taken from index: 2

 Jacobi-Davidson diagonalization converged after 1 iterations.
 Energy = 11010.00787952001
 Updating left boundary for site 1

 MICROITERATION NUMBER = 1  , forward sweep
 - Optimization centered on site: 1
 - Left boundaries taken from index: 1
 - Right boundaries taken from index: 3

 Jacobi-Davidson diagonalization converged after 1 iterations.
 Energy = 11010.00787952001
 Updating left boundary for site 2

 MICROITERATION NUMBER = 2  , forward sweep
 - Optimization centered on site: 2
 - Left boundaries taken from index: 2
 - Right boundaries taken from index: 4

 Jacobi-Davidson diagonalization converged after 10 iterations.
 Energy = 11010.00776840402
 Updating left boundary for site 3

 MICROITERATION NUMBER = 3  , forward sweep
 - Optimization centered on site: 3
 - Left boundaries taken from index: 3
 - Right boundaries taken from index: 5

 Jacobi-Davidson diagonalization converged after 10 iterations.
 Energy = 11010.00715832435
 Updating left boundary for site 4

 MICROITERATION NUMBER = 4  , forward sweep
 - Optimization centered on site: 4
 - Left boundaries taken from index: 4
 - Right boundaries taken from index: 6

 Jacobi-Davidson diagonalization converged after 10 iterations.
 Energy = 11010.00362645474
 Updating left boundary for site 5

 MICROITERATION NUMBER = 5  , forward sweep
 - Optimization centered on site: 5
 - Left boundaries taken from index: 5
 - Right boundaries taken from index: 7

 Jacobi-Davidson diagonalization converged after 10 iterations.
 Energy = 11009.99757088509
 Updating left boundary for site 6

 MICROITERATION NUMBER = 6  , forward sweep
 - Optimization centered on site: 6
 - Left boundaries taken from index: 6
 - Right boundaries taken from index: 8

 Jacobi-Davidson diagonalization converged after 10 iterations.
 Energy = 11009.98180031015
 Updating left boundary for site 7

 MICROITERATION NUMBER = 7  , forward sweep
 - Optimization centered on site: 7
 - Left boundaries taken from index: 7
 - Right boundaries taken from index: 9

 Jacobi-Davidson diagonalization converged after 10 iterations.
 Energy = 11010.00649249669
 Updating left boundary for site 8

 MICROITERATION NUMBER = 8  , forward sweep
 - Optimization centered on site: 8
 - Left boundaries taken from index: 8
 - Right boundaries taken from index: 10

 Jacobi-Davidson diagonalization converged after 10 iterations.
 Energy = 11010.00833930243
 Updating left boundary for site 9

 MICROITERATION NUMBER = 9  , forward sweep
 - Optimization centered on site: 9
 - Left boundaries taken from index: 9
 - Right boundaries taken from index: 11

 Jacobi-Davidson diagonalization converged after 10 iterations.
 Energy = 11010.00863240478
 Updating left boundary for site 10

 MICROITERATION NUMBER = 10  , forward sweep
 - Optimization centered on site: 10
 - Left boundaries taken from index: 10
 - Right boundaries taken from index: 12

 Jacobi-Davidson diagonalization converged after 1 iterations.
 Energy = 11010.00863240613
 Updating left boundary for site 11

 MICROITERATION NUMBER = 11  , backward sweep
 - Optimization centered on site: 11
 - Left boundaries taken from index: 10
 - Right boundaries taken from index: 12

 Jacobi-Davidson diagonalization converged after 1 iterations.
 Energy = 11010.00863240613
 Updating right boundary for site 11

 MICROITERATION NUMBER = 12  , backward sweep
 - Optimization centered on site: 10
 - Left boundaries taken from index: 9
 - Right boundaries taken from index: 11

 Jacobi-Davidson diagonalization converged after 3 iterations.
 Energy = 11010.00863240741
 Updating right boundary for site 10

 MICROITERATION NUMBER = 13  , backward sweep
 - Optimization centered on site: 9
 - Left boundaries taken from index: 8
 - Right boundaries taken from index: 10

 Jacobi-Davidson diagonalization converged after 10 iterations.
 Energy = 11010.0083392955
 Updating right boundary for site 9

 MICROITERATION NUMBER = 14  , backward sweep
 - Optimization centered on site: 8
 - Left boundaries taken from index: 7
 - Right boundaries taken from index: 9

 Jacobi-Davidson diagonalization converged after 10 iterations.
 Energy = 11010.00649255369
 Updating right boundary for site 8

 MICROITERATION NUMBER = 15  , backward sweep
 - Optimization centered on site: 7
 - Left boundaries taken from index: 6
 - Right boundaries taken from index: 8

 Jacobi-Davidson diagonalization converged after 10 iterations.
 Energy = 11009.98180400544
 Updating right boundary for site 7

 MICROITERATION NUMBER = 16  , backward sweep
 - Optimization centered on site: 6
 - Left boundaries taken from index: 5
 - Right boundaries taken from index: 7

 Jacobi-Davidson diagonalization converged after 10 iterations.
 Energy = 11009.9975779407
 Updating right boundary for site 6

 MICROITERATION NUMBER = 17  , backward sweep
 - Optimization centered on site: 5
 - Left boundaries taken from index: 4
 - Right boundaries taken from index: 6

 Jacobi-Davidson diagonalization converged after 10 iterations.
 Energy = 11010.00362550083
 Updating right boundary for site 5

 MICROITERATION NUMBER = 18  , backward sweep
 - Optimization centered on site: 4
 - Left boundaries taken from index: 3
 - Right boundaries taken from index: 5

 Jacobi-Davidson diagonalization converged after 10 iterations.
 Energy = 11010.00715854002
 Updating right boundary for site 4

 MICROITERATION NUMBER = 19  , backward sweep
 - Optimization centered on site: 3
 - Left boundaries taken from index: 2
 - Right boundaries taken from index: 4

 Jacobi-Davidson diagonalization converged after 10 iterations.
 Energy = 11010.00776481584
 Updating right boundary for site 3

 MICROITERATION NUMBER = 20  , backward sweep
 - Optimization centered on site: 2
 - Left boundaries taken from index: 1
 - Right boundaries taken from index: 3

 Jacobi-Davidson diagonalization converged after 8 iterations.
 Energy = 11010.00787598373
 Updating right boundary for site 2

 MICROITERATION NUMBER = 21  , backward sweep
 - Optimization centered on site: 1
 - Left boundaries taken from index: 0
 - Right boundaries taken from index: 2

 Jacobi-Davidson diagonalization converged after 1 iterations.
 Energy = 11010.00787598535
 Updating right boundary for site 1


 -------------------
   SWEEP NUMBER 11
 -------------------
 - Noise parameter: 1e-08
 - Maximum bond dimension: 20
 - Truncation parameter: 0

 MICROITERATION NUMBER = 0  , forward sweep
 - Optimization centered on site: 0
 - Left boundaries taken from index: 0
 - Right boundaries taken from index: 2

 Jacobi-Davidson diagonalization converged after 1 iterations.
 Energy = 11010.00787598535
 Updating left boundary for site 1

 MICROITERATION NUMBER = 1  , forward sweep
 - Optimization centered on site: 1
 - Left boundaries taken from index: 1
 - Right boundaries taken from index: 3

 Jacobi-Davidson diagonalization converged after 1 iterations.
 Energy = 11010.00787598535
 Updating left boundary for site 2

 MICROITERATION NUMBER = 2  , forward sweep
 - Optimization centered on site: 2
 - Left boundaries taken from index: 2
 - Right boundaries taken from index: 4

 Jacobi-Davidson diagonalization converged after 10 iterations.
 Energy = 11010.00776481722
 Updating left boundary for site 3

 MICROITERATION NUMBER = 3  , forward sweep
 - Optimization centered on site: 3
 - Left boundaries taken from index: 3
 - Right boundaries taken from index: 5

 Jacobi-Davidson diagonalization converged after 10 iterations.
 Energy = 11010.0071585382
 Updating left boundary for site 4

 MICROITERATION NUMBER = 4  , forward sweep
 - Optimization centered on site: 4
 - Left boundaries taken from index: 4
 - Right boundaries taken from index: 6

 Jacobi-Davidson diagonalization converged after 10 iterations.
 Energy = 11010.00362519105
 Updating left boundary for site 5

 MICROITERATION NUMBER = 5  , forward sweep
 - Optimization centered on site: 5
 - Left boundaries taken from index: 5
 - Right boundaries taken from index: 7

 Jacobi-Davidson diagonalization converged after 10 iterations.
 Energy = 11009.99757760416
 Updating left boundary for site 6

 MICROITERATION NUMBER = 6  , forward sweep
 - Optimization centered on site: 6
 - Left boundaries taken from index: 6
 - Right boundaries taken from index: 8

 Jacobi-Davidson diagonalization converged after 10 iterations.
 Energy = 11009.98180079041
 Updating left boundary for site 7

 MICROITERATION NUMBER = 7  , forward sweep
 - Optimization centered on site: 7
 - Left boundaries taken from index: 7
 - Right boundaries taken from index: 9

 Jacobi-Davidson diagonalization converged after 10 iterations.
 Energy = 11010.00648763742
 Updating left boundary for site 8

 MICROITERATION NUMBER = 8  , forward sweep
 - Optimization centered on site: 8
 - Left boundaries taken from index: 8
 - Right boundaries taken from index: 10

 Jacobi-Davidson diagonalization converged after 10 iterations.
 Energy = 11010.00833599768
 Updating left boundary for site 9

 MICROITERATION NUMBER = 9  , forward sweep
 - Optimization centered on site: 9
 - Left boundaries taken from index: 9
 - Right boundaries taken from index: 11

 Jacobi-Davidson diagonalization converged after 10 iterations.
 Energy = 11010.00862906417
 Updating left boundary for site 10

 MICROITERATION NUMBER = 10  , forward sweep
 - Optimization centered on site: 10
 - Left boundaries taken from index: 10
 - Right boundaries taken from index: 12

 Jacobi-Davidson diagonalization converged after 1 iterations.
 Energy = 11010.00862906652
 Updating left boundary for site 11

 MICROITERATION NUMBER = 11  , backward sweep
 - Optimization centered on site: 11
 - Left boundaries taken from index: 10
 - Right boundaries taken from index: 12

 Jacobi-Davidson diagonalization converged after 1 iterations.
 Energy = 11010.00862906652
 Updating right boundary for site 11

 MICROITERATION NUMBER = 12  , backward sweep
 - Optimization centered on site: 10
 - Left boundaries taken from index: 9
 - Right boundaries taken from index: 11

 Jacobi-Davidson diagonalization converged after 3 iterations.
 Energy = 11010.00862906426
 Updating right boundary for site 10

 MICROITERATION NUMBER = 13  , backward sweep
 - Optimization centered on site: 9
 - Left boundaries taken from index: 8
 - Right boundaries taken from index: 10

 Jacobi-Davidson diagonalization converged after 10 iterations.
 Energy = 11010.00833599854
 Updating right boundary for site 9

 MICROITERATION NUMBER = 14  , backward sweep
 - Optimization centered on site: 8
 - Left boundaries taken from index: 7
 - Right boundaries taken from index: 9

 Jacobi-Davidson diagonalization converged after 10 iterations.
 Energy = 11010.00648768089
 Updating right boundary for site 8

 MICROITERATION NUMBER = 15  , backward sweep
 - Optimization centered on site: 7
 - Left boundaries taken from index: 6
 - Right boundaries taken from index: 8

 Jacobi-Davidson diagonalization converged after 10 iterations.
 Energy = 11009.98180385959
 Updating right boundary for site 7

 MICROITERATION NUMBER = 16  , backward sweep
 - Optimization centered on site: 6
 - Left boundaries taken from index: 5
 - Right boundaries taken from index: 7

 Jacobi-Davidson diagonalization converged after 10 iterations.
 Energy = 11009.99758331955
 Updating right boundary for site 6

 MICROITERATION NUMBER = 17  , backward sweep
 - Optimization centered on site: 5
 - Left boundaries taken from index: 4
 - Right boundaries taken from index: 6

 Jacobi-Davidson diagonalization converged after 10 iterations.
 Energy = 11010.00362421644
 Updating right boundary for site 5

 MICROITERATION NUMBER = 18  , backward sweep
 - Optimization centered on site: 4
 - Left boundaries taken from index: 3
 - Right boundaries taken from index: 5

 Jacobi-Davidson diagonalization converged after 10 iterations.
 Energy = 11010.00715852005
 Updating right boundary for site 4

 MICROITERATION NUMBER = 19  , backward sweep
 - Optimization centered on site: 3
 - Left boundaries taken from index: 2
 - Right boundaries taken from index: 4

 Jacobi-Davidson diagonalization converged after 10 iterations.
 Energy = 11010.00776182045
 Updating right boundary for site 3

 MICROITERATION NUMBER = 20  , backward sweep
 - Optimization centered on site: 2
 - Left boundaries taken from index: 1
 - Right boundaries taken from index: 3

 Jacobi-Davidson diagonalization converged after 8 iterations.
 Energy = 11010.00787303403
 Updating right boundary for site 2

 MICROITERATION NUMBER = 21  , backward sweep
 - Optimization centered on site: 1
 - Left boundaries taken from index: 0
 - Right boundaries taken from index: 2

 Jacobi-Davidson diagonalization converged after 1 iterations.
 Energy = 11010.00787303147
 Updating right boundary for site 1


 -------------------
   SWEEP NUMBER 12
 -------------------
 - Noise parameter: 1e-08
 - Maximum bond dimension: 20
 - Truncation parameter: 0

 MICROITERATION NUMBER = 0  , forward sweep
 - Optimization centered on site: 0
 - Left boundaries taken from index: 0
 - Right boundaries taken from index: 2

 Jacobi-Davidson diagonalization converged after 1 iterations.
 Energy = 11010.00787303146
 Updating left boundary for site 1

 MICROITERATION NUMBER = 1  , forward sweep
 - Optimization centered on site: 1
 - Left boundaries taken from index: 1
 - Right boundaries taken from index: 3

 Jacobi-Davidson diagonalization converged after 1 iterations.
 Energy = 11010.00787303147
 Updating left boundary for site 2

 MICROITERATION NUMBER = 2  , forward sweep
 - Optimization centered on site: 2
 - Left boundaries taken from index: 2
 - Right boundaries taken from index: 4

 Jacobi-Davidson diagonalization converged after 10 iterations.
 Energy = 11010.0077618182
 Updating left boundary for site 3

 MICROITERATION NUMBER = 3  , forward sweep
 - Optimization centered on site: 3
 - Left boundaries taken from index: 3
 - Right boundaries taken from index: 5

 Jacobi-Davidson diagonalization converged after 10 iterations.
 Energy = 11010.00715851916
 Updating left boundary for site 4

 MICROITERATION NUMBER = 4  , forward sweep
 - Optimization centered on site: 4
 - Left boundaries taken from index: 4
 - Right boundaries taken from index: 6

 Jacobi-Davidson diagonalization converged after 10 iterations.
 Energy = 11010.0036240953
 Updating left boundary for site 5

 MICROITERATION NUMBER = 5  , forward sweep
 - Optimization centered on site: 5
 - Left boundaries taken from index: 5
 - Right boundaries taken from index: 7

 Jacobi-Davidson diagonalization converged after 10 iterations.
 Energy = 11009.99758310364
 Updating left boundary for site 6

 MICROITERATION NUMBER = 6  , forward sweep
 - Optimization centered on site: 6
 - Left boundaries taken from index: 6
 - Right boundaries taken from index: 8

 Jacobi-Davidson diagonalization converged after 10 iterations.
 Energy = 11009.98180101385
 Updating left boundary for site 7

 MICROITERATION NUMBER = 7  , forward sweep
 - Optimization centered on site: 7
 - Left boundaries taken from index: 7
 - Right boundaries taken from index: 9

 Jacobi-Davidson diagonalization converged after 10 iterations.
 Energy = 11010.00648356098
 Updating left boundary for site 8

 MICROITERATION NUMBER = 8  , forward sweep
 - Optimization centered on site: 8
 - Left boundaries taken from index: 8
 - Right boundaries taken from index: 10

 Jacobi-Davidson diagonalization converged after 10 iterations.
 Energy = 11010.00833322162
 Updating left boundary for site 9

 MICROITERATION NUMBER = 9  , forward sweep
 - Optimization centered on site: 9
 - Left boundaries taken from index: 9
 - Right boundaries taken from index: 11

 Jacobi-Davidson diagonalization converged after 10 iterations.
 Energy = 11010.00862625937
 Updating left boundary for site 10

 MICROITERATION NUMBER = 10  , forward sweep
 - Optimization centered on site: 10
 - Left boundaries taken from index: 10
 - Right boundaries taken from index: 12

 Jacobi-Davidson diagonalization converged after 1 iterations.
 Energy = 11010.00862626055
 Updating left boundary for site 11

 MICROITERATION NUMBER = 11  , backward sweep
 - Optimization centered on site: 11
 - Left boundaries taken from index: 10
 - Right boundaries taken from index: 12

 Jacobi-Davidson diagonalization converged after 1 iterations.
 Energy = 11010.00862626055
 Updating right boundary for site 11

 MICROITERATION NUMBER = 12  , backward sweep
 - Optimization centered on site: 10
 - Left boundaries taken from index: 9
 - Right boundaries taken from index: 11

 Jacobi-Davidson diagonalization converged after 3 iterations.
 Energy = 11010.0086262615
 Updating right boundary for site 10

 MICROITERATION NUMBER = 13  , backward sweep
 - Optimization centered on site: 9
 - Left boundaries taken from index: 8
 - Right boundaries taken from index: 10

 Jacobi-Davidson diagonalization converged after 10 iterations.
 Energy = 11010.00833321706
 Updating right boundary for site 9

 MICROITERATION NUMBER = 14  , backward sweep
 - Optimization centered on site: 8
 - Left boundaries taken from index: 7
 - Right boundaries taken from index: 9

 Jacobi-Davidson diagonalization converged after 10 iterations.
 Energy = 11010.00648359839
 Updating right boundary for site 8

 MICROITERATION NUMBER = 15  , backward sweep
 - Optimization centered on site: 7
 - Left boundaries taken from index: 6
 - Right boundaries taken from index: 8

 Jacobi-Davidson diagonalization converged after 10 iterations.
 Energy = 11009.98180359511
 Updating right boundary for site 7

 MICROITERATION NUMBER = 16  , backward sweep
 - Optimization centered on site: 6
 - Left boundaries taken from index: 5
 - Right boundaries taken from index: 7

 Jacobi-Davidson diagonalization converged after 10 iterations.
 Energy = 11009.99758776872
 Updating right boundary for site 6

 MICROITERATION NUMBER = 17  , backward sweep
 - Optimization centered on site: 5
 - Left boundaries taken from index: 4
 - Right boundaries taken from index: 6

 Jacobi-Davidson diagonalization converged after 10 iterations.
 Energy = 11010.00362313337
 Updating right boundary for site 5

 MICROITERATION NUMBER = 18  , backward sweep
 - Optimization centered on site: 4
 - Left boundaries taken from index: 3
 - Right boundaries taken from index: 5

 Jacobi-Davidson diagonalization converged after 10 iterations.
 Energy = 11010.00715835162
 Updating right boundary for site 4

 MICROITERATION NUMBER = 19  , backward sweep
 - Optimization centered on site: 3
 - Left boundaries taken from index: 2
 - Right boundaries taken from index: 4

 Jacobi-Davidson diagonalization converged after 10 iterations.
 Energy = 11010.00775929855
 Updating right boundary for site 3

 MICROITERATION NUMBER = 20  , backward sweep
 - Optimization centered on site: 2
 - Left boundaries taken from index: 1
 - Right boundaries taken from index: 3

 Jacobi-Davidson diagonalization converged after 8 iterations.
 Energy = 11010.00787054336
 Updating right boundary for site 2

 MICROITERATION NUMBER = 21  , backward sweep
 - Optimization centered on site: 1
 - Left boundaries taken from index: 0
 - Right boundaries taken from index: 2

 Jacobi-Davidson diagonalization converged after 1 iterations.
 Energy = 11010.00787054262
 Updating right boundary for site 1


 -------------------
   SWEEP NUMBER 13
 -------------------
 - Noise parameter: 1e-08
 - Maximum bond dimension: 20
 - Truncation parameter: 0

 MICROITERATION NUMBER = 0  , forward sweep
 - Optimization centered on site: 0
 - Left boundaries taken from index: 0
 - Right boundaries taken from index: 2

 Jacobi-Davidson diagonalization converged after 1 iterations.
 Energy = 11010.00787054262
 Updating left boundary for site 1

 MICROITERATION NUMBER = 1  , forward sweep
 - Optimization centered on site: 1
 - Left boundaries taken from index: 1
 - Right boundaries taken from index: 3

 Jacobi-Davidson diagonalization converged after 1 iterations.
 Energy = 11010.00787054265
 Updating left boundary for site 2

 MICROITERATION NUMBER = 2  , forward sweep
 - Optimization centered on site: 2
 - Left boundaries taken from index: 2
 - Right boundaries taken from index: 4

 Jacobi-Davidson diagonalization converged after 10 iterations.
 Energy = 11010.00775929704
 Updating left boundary for site 3

 MICROITERATION NUMBER = 3  , forward sweep
 - Optimization centered on site: 3
 - Left boundaries taken from index: 3
 - Right boundaries taken from index: 5

 Jacobi-Davidson diagonalization converged after 10 iterations.
 Energy = 11010.00715835494
 Updating left boundary for site 4

 MICROITERATION NUMBER = 4  , forward sweep
 - Optimization centered on site: 4
 - Left boundaries taken from index: 4
 - Right boundaries taken from index: 6

 Jacobi-Davidson diagonalization converged after 10 iterations.
 Energy = 11010.00362313891
 Updating left boundary for site 5

 MICROITERATION NUMBER = 5  , forward sweep
 - Optimization centered on site: 5
 - Left boundaries taken from index: 5
 - Right boundaries taken from index: 7

 Jacobi-Davidson diagonalization converged after 10 iterations.
 Energy = 11009.99758762443
 Updating left boundary for site 6

 MICROITERATION NUMBER = 6  , forward sweep
 - Optimization centered on site: 6
 - Left boundaries taken from index: 6
 - Right boundaries taken from index: 8

 Jacobi-Davidson diagonalization converged after 10 iterations.
 Energy = 11009.98180110372
 Updating left boundary for site 7

 MICROITERATION NUMBER = 7  , forward sweep
 - Optimization centered on site: 7
 - Left boundaries taken from index: 7
 - Right boundaries taken from index: 9

 Jacobi-Davidson diagonalization converged after 10 iterations.
 Energy = 11010.00648012146
 Updating left boundary for site 8

 MICROITERATION NUMBER = 8  , forward sweep
 - Optimization centered on site: 8
 - Left boundaries taken from index: 8
 - Right boundaries taken from index: 10

 Jacobi-Davidson diagonalization converged after 10 iterations.
 Energy = 11010.00833086784
 Updating left boundary for site 9

 MICROITERATION NUMBER = 9  , forward sweep
 - Optimization centered on site: 9
 - Left boundaries taken from index: 9
 - Right boundaries taken from index: 11

 Jacobi-Davidson diagonalization converged after 10 iterations.
 Energy = 11010.00862388542
 Updating left boundary for site 10

 MICROITERATION NUMBER = 10  , forward sweep
 - Optimization centered on site: 10
 - Left boundaries taken from index: 10
 - Right boundaries taken from index: 12

 Jacobi-Davidson diagonalization converged after 1 iterations.
 Energy = 11010.0086238873
 Updating left boundary for site 11

 MICROITERATION NUMBER = 11  , backward sweep
 - Optimization centered on site: 11
 - Left boundaries taken from index: 10
 - Right boundaries taken from index: 12

 Jacobi-Davidson diagonalization converged after 1 iterations.
 Energy = 11010.00862388731
 Updating right boundary for site 11

 MICROITERATION NUMBER = 12  , backward sweep
 - Optimization centered on site: 10
 - Left boundaries taken from index: 9
 - Right boundaries taken from index: 11

 Jacobi-Davidson diagonalization converged after 3 iterations.
 Energy = 11010.00862388846
 Updating right boundary for site 10

 MICROITERATION NUMBER = 13  , backward sweep
 - Optimization centered on site: 9
 - Left boundaries taken from index: 8
 - Right boundaries taken from index: 10

 Jacobi-Davidson diagonalization converged after 10 iterations.
 Energy = 11010.00833086242
 Updating right boundary for site 9

 MICROITERATION NUMBER = 14  , backward sweep
 - Optimization centered on site: 8
 - Left boundaries taken from index: 7
 - Right boundaries taken from index: 9

 Jacobi-Davidson diagonalization converged after 10 iterations.
 Energy = 11010.00648015352
 Updating right boundary for site 8

 MICROITERATION NUMBER = 15  , backward sweep
 - Optimization centered on site: 7
 - Left boundaries taken from index: 6
 - Right boundaries taken from index: 8

 Jacobi-Davidson diagonalization converged after 10 iterations.
 Energy = 11009.9818032997
 Updating right boundary for site 7

 MICROITERATION NUMBER = 16  , backward sweep
 - Optimization centered on site: 6
 - Left boundaries taken from index: 5
 - Right boundaries taken from index: 7

 Jacobi-Davidson diagonalization converged after 10 iterations.
 Energy = 11009.99759143891
 Updating right boundary for site 6

 MICROITERATION NUMBER = 17  , backward sweep
 - Optimization centered on site: 5
 - Left boundaries taken from index: 4
 - Right boundaries taken from index: 6

 Jacobi-Davidson diagonalization converged after 10 iterations.
 Energy = 11010.00362220851
 Updating right boundary for site 5

 MICROITERATION NUMBER = 18  , backward sweep
 - Optimization centered on site: 4
 - Left boundaries taken from index: 3
 - Right boundaries taken from index: 5

 Jacobi-Davidson diagonalization converged after 10 iterations.
 Energy = 11010.00715809189
 Updating right boundary for site 4

 MICROITERATION NUMBER = 19  , backward sweep
 - Optimization centered on site: 3
 - Left boundaries taken from index: 2
 - Right boundaries taken from index: 4

 Jacobi-Davidson diagonalization converged after 10 iterations.
 Energy = 11010.00775716192
 Updating right boundary for site 3

 MICROITERATION NUMBER = 20  , backward sweep
 - Optimization centered on site: 2
 - Left boundaries taken from index: 1
 - Right boundaries taken from index: 3

 Jacobi-Davidson diagonalization converged after 8 iterations.
 Energy = 11010.0078684382
 Updating right boundary for site 2

 MICROITERATION NUMBER = 21  , backward sweep
 - Optimization centered on site: 1
 - Left boundaries taken from index: 0
 - Right boundaries taken from index: 2

 Jacobi-Davidson diagonalization converged after 1 iterations.
 Energy = 11010.00786843513
 Updating right boundary for site 1


 -------------------
   SWEEP NUMBER 14
 -------------------
 - Noise parameter: 1e-08
 - Maximum bond dimension: 20
 - Truncation parameter: 0

 MICROITERATION NUMBER = 0  , forward sweep
 - Optimization centered on site: 0
 - Left boundaries taken from index: 0
 - Right boundaries taken from index: 2

 Jacobi-Davidson diagonalization converged after 1 iterations.
 Energy = 11010.00786843513
 Updating left boundary for site 1

 MICROITERATION NUMBER = 1  , forward sweep
 - Optimization centered on site: 1
 - Left boundaries taken from index: 1
 - Right boundaries taken from index: 3

 Jacobi-Davidson diagonalization converged after 1 iterations.
 Energy = 11010.00786843515
 Updating left boundary for site 2

 MICROITERATION NUMBER = 2  , forward sweep
 - Optimization centered on site: 2
 - Left boundaries taken from index: 2
 - Right boundaries taken from index: 4

 Jacobi-Davidson diagonalization converged after 10 iterations.
 Energy = 11010.00775716495
 Updating left boundary for site 3

 MICROITERATION NUMBER = 3  , forward sweep
 - Optimization centered on site: 3
 - Left boundaries taken from index: 3
 - Right boundaries taken from index: 5

 Jacobi-Davidson diagonalization converged after 10 iterations.
 Energy = 11010.00715808851
 Updating left boundary for site 4

 MICROITERATION NUMBER = 4  , forward sweep
 - Optimization centered on site: 4
 - Left boundaries taken from index: 4
 - Right boundaries taken from index: 6

 Jacobi-Davidson diagonalization converged after 10 iterations.
 Energy = 11010.00362230561
 Updating left boundary for site 5

 MICROITERATION NUMBER = 5  , forward sweep
 - Optimization centered on site: 5
 - Left boundaries taken from index: 5
 - Right boundaries taken from index: 7

 Jacobi-Davidson diagonalization converged after 10 iterations.
 Energy = 11009.99759135146
 Updating left boundary for site 6

 MICROITERATION NUMBER = 6  , forward sweep
 - Optimization centered on site: 6
 - Left boundaries taken from index: 6
 - Right boundaries taken from index: 8

 Jacobi-Davidson diagonalization converged after 10 iterations.
 Energy = 11009.98180111696
 Updating left boundary for site 7

 MICROITERATION NUMBER = 7  , forward sweep
 - Optimization centered on site: 7
 - Left boundaries taken from index: 7
 - Right boundaries taken from index: 9

 Jacobi-Davidson diagonalization converged after 10 iterations.
 Energy = 11010.00647721293
 Updating left boundary for site 8

 MICROITERATION NUMBER = 8  , forward sweep
 - Optimization centered on site: 8
 - Left boundaries taken from index: 8
 - Right boundaries taken from index: 10

 Jacobi-Davidson diagonalization converged after 10 iterations.
 Energy = 11010.00832886241
 Updating left boundary for site 9

 MICROITERATION NUMBER = 9  , forward sweep
 - Optimization centered on site: 9
 - Left boundaries taken from index: 9
 - Right boundaries taken from index: 11

 Jacobi-Davidson diagonalization converged after 10 iterations.
 Energy = 11010.00862186816
 Updating left boundary for site 10

 MICROITERATION NUMBER = 10  , forward sweep
 - Optimization centered on site: 10
 - Left boundaries taken from index: 10
 - Right boundaries taken from index: 12

 Jacobi-Davidson diagonalization converged after 1 iterations.
 Energy = 11010.00862187177
 Updating left boundary for site 11

 MICROITERATION NUMBER = 11  , backward sweep
 - Optimization centered on site: 11
 - Left boundaries taken from index: 10
 - Right boundaries taken from index: 12

 Jacobi-Davidson diagonalization converged after 1 iterations.
 Energy = 11010.00862187178
 Updating right boundary for site 11

 MICROITERATION NUMBER = 12  , backward sweep
 - Optimization centered on site: 10
 - Left boundaries taken from index: 9
 - Right boundaries taken from index: 11

 Jacobi-Davidson diagonalization converged after 3 iterations.
 Energy = 11010.0086218743
 Updating right boundary for site 10

 MICROITERATION NUMBER = 13  , backward sweep
 - Optimization centered on site: 9
 - Left boundaries taken from index: 8
 - Right boundaries taken from index: 10

 Jacobi-Davidson diagonalization converged after 10 iterations.
 Energy = 11010.00832885872
 Updating right boundary for site 9

 MICROITERATION NUMBER = 14  , backward sweep
 - Optimization centered on site: 8
 - Left boundaries taken from index: 7
 - Right boundaries taken from index: 9

 Jacobi-Davidson diagonalization converged after 10 iterations.
 Energy = 11010.00647724066
 Updating right boundary for site 8

 MICROITERATION NUMBER = 15  , backward sweep
 - Optimization centered on site: 7
 - Left boundaries taken from index: 6
 - Right boundaries taken from index: 8

 Jacobi-Davidson diagonalization converged after 10 iterations.
 Energy = 11009.98180299227
 Updating right boundary for site 7

 MICROITERATION NUMBER = 16  , backward sweep
 - Optimization centered on site: 6
 - Left boundaries taken from index: 5
 - Right boundaries taken from index: 7

 Jacobi-Davidson diagonalization converged after 10 iterations.
 Energy = 11009.99759448938
 Updating right boundary for site 6

 MICROITERATION NUMBER = 17  , backward sweep
 - Optimization centered on site: 5
 - Left boundaries taken from index: 4
 - Right boundaries taken from index: 6

 Jacobi-Davidson diagonalization converged after 10 iterations.
 Energy = 11010.00362143074
 Updating right boundary for site 5

 MICROITERATION NUMBER = 18  , backward sweep
 - Optimization centered on site: 4
 - Left boundaries taken from index: 3
 - Right boundaries taken from index: 5

 Jacobi-Davidson diagonalization converged after 10 iterations.
 Energy = 11010.00715777081
 Updating right boundary for site 4

 MICROITERATION NUMBER = 19  , backward sweep
 - Optimization centered on site: 3
 - Left boundaries taken from index: 2
 - Right boundaries taken from index: 4

 Jacobi-Davidson diagonalization converged after 10 iterations.
 Energy = 11010.00775535405
 Updating right boundary for site 3

 MICROITERATION NUMBER = 20  , backward sweep
 - Optimization centered on site: 2
 - Left boundaries taken from index: 1
 - Right boundaries taken from index: 3

 Jacobi-Davidson diagonalization converged after 8 iterations.
 Energy = 11010.0078666484
 Updating right boundary for site 2

 MICROITERATION NUMBER = 21  , backward sweep
 - Optimization centered on site: 1
 - Left boundaries taken from index: 0
 - Right boundaries taken from index: 2

 Jacobi-Davidson diagonalization converged after 1 iterations.
 Energy = 11010.00786664537
 Updating right boundary for site 1


 -------------------
   SWEEP NUMBER 15
 -------------------
 - Noise parameter: 1e-08
 - Maximum bond dimension: 20
 - Truncation parameter: 0

 MICROITERATION NUMBER = 0  , forward sweep
 - Optimization centered on site: 0
 - Left boundaries taken from index: 0
 - Right boundaries taken from index: 2

 Jacobi-Davidson diagonalization converged after 1 iterations.
 Energy = 11010.00786664537
 Updating left boundary for site 1

 MICROITERATION NUMBER = 1  , forward sweep
 - Optimization centered on site: 1
 - Left boundaries taken from index: 1
 - Right boundaries taken from index: 3

 Jacobi-Davidson diagonalization converged after 1 iterations.
 Energy = 11010.00786664537
 Updating left boundary for site 2

 MICROITERATION NUMBER = 2  , forward sweep
 - Optimization centered on site: 2
 - Left boundaries taken from index: 2
 - Right boundaries taken from index: 4

 Jacobi-Davidson diagonalization converged after 10 iterations.
 Energy = 11010.00775534977
 Updating left boundary for site 3

 MICROITERATION NUMBER = 3  , forward sweep
 - Optimization centered on site: 3
 - Left boundaries taken from index: 3
 - Right boundaries taken from index: 5

 Jacobi-Davidson diagonalization converged after 10 iterations.
 Energy = 11010.00715776751
 Updating left boundary for site 4

 MICROITERATION NUMBER = 4  , forward sweep
 - Optimization centered on site: 4
 - Left boundaries taken from index: 4
 - Right boundaries taken from index: 6

 Jacobi-Davidson diagonalization converged after 10 iterations.
 Energy = 11010.00362157387
 Updating left boundary for site 5

 MICROITERATION NUMBER = 5  , forward sweep
 - Optimization centered on site: 5
 - Left boundaries taken from index: 5
 - Right boundaries taken from index: 7

 Jacobi-Davidson diagonalization converged after 10 iterations.
 Energy = 11009.99759443132
 Updating left boundary for site 6

 MICROITERATION NUMBER = 6  , forward sweep
 - Optimization centered on site: 6
 - Left boundaries taken from index: 6
 - Right boundaries taken from index: 8

 Jacobi-Davidson diagonalization converged after 10 iterations.
 Energy = 11009.98180109102
 Updating left boundary for site 7

 MICROITERATION NUMBER = 7  , forward sweep
 - Optimization centered on site: 7
 - Left boundaries taken from index: 7
 - Right boundaries taken from index: 9

 Jacobi-Davidson diagonalization converged after 10 iterations.
 Energy = 11010.00647475025
 Updating left boundary for site 8

 MICROITERATION NUMBER = 8  , forward sweep
 - Optimization centered on site: 8
 - Left boundaries taken from index: 8
 - Right boundaries taken from index: 10

 Jacobi-Davidson diagonalization converged after 10 iterations.
 Energy = 11010.00832714914
 Updating left boundary for site 9

 MICROITERATION NUMBER = 9  , forward sweep
 - Optimization centered on site: 9
 - Left boundaries taken from index: 9
 - Right boundaries taken from index: 11

 Jacobi-Davidson diagonalization converged after 10 iterations.
 Energy = 11010.00862015895
 Updating left boundary for site 10

 MICROITERATION NUMBER = 10  , forward sweep
 - Optimization centered on site: 10
 - Left boundaries taken from index: 10
 - Right boundaries taken from index: 12

 Jacobi-Davidson diagonalization converged after 1 iterations.
 Energy = 11010.00862015609
 Updating left boundary for site 11

 MICROITERATION NUMBER = 11  , backward sweep
 - Optimization centered on site: 11
 - Left boundaries taken from index: 10
 - Right boundaries taken from index: 12

 Jacobi-Davidson diagonalization converged after 1 iterations.
 Energy = 11010.00862015609
 Updating right boundary for site 11

 MICROITERATION NUMBER = 12  , backward sweep
 - Optimization centered on site: 10
 - Left boundaries taken from index: 9
 - Right boundaries taken from index: 11

 Jacobi-Davidson diagonalization converged after 3 iterations.
 Energy = 11010.00862015376
 Updating right boundary for site 10

 MICROITERATION NUMBER = 13  , backward sweep
 - Optimization centered on site: 9
 - Left boundaries taken from index: 8
 - Right boundaries taken from index: 10

 Jacobi-Davidson diagonalization converged after 10 iterations.
 Energy = 11010.00832714797
 Updating right boundary for site 9

 MICROITERATION NUMBER = 14  , backward sweep
 - Optimization centered on site: 8
 - Left boundaries taken from index: 7
 - Right boundaries taken from index: 9

 Jacobi-Davidson diagonalization converged after 10 iterations.
 Energy = 11010.00647476701
 Updating right boundary for site 8

 MICROITERATION NUMBER = 15  , backward sweep
 - Optimization centered on site: 7
 - Left boundaries taken from index: 6
 - Right boundaries taken from index: 8

 Jacobi-Davidson diagonalization converged after 10 iterations.
 Energy = 11009.98180270978
 Updating right boundary for site 7

 MICROITERATION NUMBER = 16  , backward sweep
 - Optimization centered on site: 6
 - Left boundaries taken from index: 5
 - Right boundaries taken from index: 7

 Jacobi-Davidson diagonalization converged after 10 iterations.
 Energy = 11009.99759701337
 Updating right boundary for site 6

 MICROITERATION NUMBER = 17  , backward sweep
 - Optimization centered on site: 5
 - Left boundaries taken from index: 4
 - Right boundaries taken from index: 6

 Jacobi-Davidson diagonalization converged after 10 iterations.
 Energy = 11010.00362077113
 Updating right boundary for site 5

 MICROITERATION NUMBER = 18  , backward sweep
 - Optimization centered on site: 4
 - Left boundaries taken from index: 3
 - Right boundaries taken from index: 5

 Jacobi-Davidson diagonalization converged after 10 iterations.
 Energy = 11010.00715741972
 Updating right boundary for site 4

 MICROITERATION NUMBER = 19  , backward sweep
 - Optimization centered on site: 3
 - Left boundaries taken from index: 2
 - Right boundaries taken from index: 4

 Jacobi-Davidson diagonalization converged after 10 iterations.
 Energy = 11010.00775381217
 Updating right boundary for site 3

 MICROITERATION NUMBER = 20  , backward sweep
 - Optimization centered on site: 2
 - Left boundaries taken from index: 1
 - Right boundaries taken from index: 3

 Jacobi-Davidson diagonalization converged after 8 iterations.
 Energy = 11010.00786512196
 Updating right boundary for site 2

 MICROITERATION NUMBER = 21  , backward sweep
 - Optimization centered on site: 1
 - Left boundaries taken from index: 0
 - Right boundaries taken from index: 2

 Jacobi-Davidson diagonalization converged after 1 iterations.
 Energy = 11010.00786512297
 Updating right boundary for site 1


 -------------------
   SWEEP NUMBER 16
 -------------------
 - Noise parameter: 1e-08
 - Maximum bond dimension: 20
 - Truncation parameter: 0

 MICROITERATION NUMBER = 0  , forward sweep
 - Optimization centered on site: 0
 - Left boundaries taken from index: 0
 - Right boundaries taken from index: 2

 Jacobi-Davidson diagonalization converged after 1 iterations.
 Energy = 11010.00786512297
 Updating left boundary for site 1

 MICROITERATION NUMBER = 1  , forward sweep
 - Optimization centered on site: 1
 - Left boundaries taken from index: 1
 - Right boundaries taken from index: 3

 Jacobi-Davidson diagonalization converged after 1 iterations.
 Energy = 11010.00786512297
 Updating left boundary for site 2

 MICROITERATION NUMBER = 2  , forward sweep
 - Optimization centered on site: 2
 - Left boundaries taken from index: 2
 - Right boundaries taken from index: 4

 Jacobi-Davidson diagonalization converged after 10 iterations.
 Energy = 11010.0077538129
 Updating left boundary for site 3

 MICROITERATION NUMBER = 3  , forward sweep
 - Optimization centered on site: 3
 - Left boundaries taken from index: 3
 - Right boundaries taken from index: 5

 Jacobi-Davidson diagonalization converged after 10 iterations.
 Energy = 11010.007157418
 Updating left boundary for site 4

 MICROITERATION NUMBER = 4  , forward sweep
 - Optimization centered on site: 4
 - Left boundaries taken from index: 4
 - Right boundaries taken from index: 6

 Jacobi-Davidson diagonalization converged after 10 iterations.
 Energy = 11010.00362094787
 Updating left boundary for site 5

 MICROITERATION NUMBER = 5  , forward sweep
 - Optimization centered on site: 5
 - Left boundaries taken from index: 5
 - Right boundaries taken from index: 7

 Jacobi-Davidson diagonalization converged after 10 iterations.
 Energy = 11009.99759696889
 Updating left boundary for site 6

 MICROITERATION NUMBER = 6  , forward sweep
 - Optimization centered on site: 6
 - Left boundaries taken from index: 6
 - Right boundaries taken from index: 8

 Jacobi-Davidson diagonalization converged after 10 iterations.
 Energy = 11009.98180105287
 Updating left boundary for site 7

 MICROITERATION NUMBER = 7  , forward sweep
 - Optimization centered on site: 7
 - Left boundaries taken from index: 7
 - Right boundaries taken from index: 9

 Jacobi-Davidson diagonalization converged after 10 iterations.
 Energy = 11010.00647265922
 Updating left boundary for site 8

 MICROITERATION NUMBER = 8  , forward sweep
 - Optimization centered on site: 8
 - Left boundaries taken from index: 8
 - Right boundaries taken from index: 10

 Jacobi-Davidson diagonalization converged after 10 iterations.
 Energy = 11010.00832568808
 Updating left boundary for site 9

 MICROITERATION NUMBER = 9  , forward sweep
 - Optimization centered on site: 9
 - Left boundaries taken from index: 9
 - Right boundaries taken from index: 11

 Jacobi-Davidson diagonalization converged after 10 iterations.
 Energy = 11010.00861869405
 Updating left boundary for site 10

 MICROITERATION NUMBER = 10  , forward sweep
 - Optimization centered on site: 10
 - Left boundaries taken from index: 10
 - Right boundaries taken from index: 12

 Jacobi-Davidson diagonalization converged after 1 iterations.
 Energy = 11010.00861869392
 Updating left boundary for site 11

 MICROITERATION NUMBER = 11  , backward sweep
 - Optimization centered on site: 11
 - Left boundaries taken from index: 10
 - Right boundaries taken from index: 12

 Jacobi-Davidson diagonalization converged after 1 iterations.
 Energy = 11010.00861869392
 Updating right boundary for site 11

 MICROITERATION NUMBER = 12  , backward sweep
 - Optimization centered on site: 10
 - Left boundaries taken from index: 9
 - Right boundaries taken from index: 11

 Jacobi-Davidson diagonalization converged after 3 iterations.
 Energy = 11010.00861869556
 Updating right boundary for site 10

 MICROITERATION NUMBER = 13  , backward sweep
 - Optimization centered on site: 9
 - Left boundaries taken from index: 8
 - Right boundaries taken from index: 10

 Jacobi-Davidson diagonalization converged after 10 iterations.
 Energy = 11010.00832568702
 Updating right boundary for site 9

 MICROITERATION NUMBER = 14  , backward sweep
 - Optimization centered on site: 8
 - Left boundaries taken from index: 7
 - Right boundaries taken from index: 9

 Jacobi-Davidson diagonalization converged after 10 iterations.
 Energy = 11010.00647266498
 Updating right boundary for site 8

 MICROITERATION NUMBER = 15  , backward sweep
 - Optimization centered on site: 7
 - Left boundaries taken from index: 6
 - Right boundaries taken from index: 8

 Jacobi-Davidson diagonalization converged after 10 iterations.
 Energy = 11009.98180245104
 Updating right boundary for site 7

 MICROITERATION NUMBER = 16  , backward sweep
 - Optimization centered on site: 6
 - Left boundaries taken from index: 5
 - Right boundaries taken from index: 7

 Jacobi-Davidson diagonalization converged after 10 iterations.
 Energy = 11009.99759911416
 Updating right boundary for site 6

 MICROITERATION NUMBER = 17  , backward sweep
 - Optimization centered on site: 5
 - Left boundaries taken from index: 4
 - Right boundaries taken from index: 6

 Jacobi-Davidson diagonalization converged after 10 iterations.
 Energy = 11010.00362020565
 Updating right boundary for site 5

 MICROITERATION NUMBER = 18  , backward sweep
 - Optimization centered on site: 4
 - Left boundaries taken from index: 3
 - Right boundaries taken from index: 5

 Jacobi-Davidson diagonalization converged after 10 iterations.
 Energy = 11010.00715707066
 Updating right boundary for site 4

 MICROITERATION NUMBER = 19  , backward sweep
 - Optimization centered on site: 3
 - Left boundaries taken from index: 2
 - Right boundaries taken from index: 4

 Jacobi-Davidson diagonalization converged after 10 iterations.
 Energy = 11010.0077524988
 Updating right boundary for site 3

 MICROITERATION NUMBER = 20  , backward sweep
 - Optimization centered on site: 2
 - Left boundaries taken from index: 1
 - Right boundaries taken from index: 3

 Jacobi-Davidson diagonalization converged after 8 iterations.
 Energy = 11010.00786382854
 Updating right boundary for site 2

 MICROITERATION NUMBER = 21  , backward sweep
 - Optimization centered on site: 1
 - Left boundaries taken from index: 0
 - Right boundaries taken from index: 2

 Jacobi-Davidson diagonalization converged after 1 iterations.
 Energy = 11010.00786382707
 Updating right boundary for site 1


 -------------------
   SWEEP NUMBER 17
 -------------------
 - Noise parameter: 1e-08
 - Maximum bond dimension: 20
 - Truncation parameter: 0

 MICROITERATION NUMBER = 0  , forward sweep
 - Optimization centered on site: 0
 - Left boundaries taken from index: 0
 - Right boundaries taken from index: 2

 Jacobi-Davidson diagonalization converged after 1 iterations.
 Energy = 11010.00786382707
 Updating left boundary for site 1

 MICROITERATION NUMBER = 1  , forward sweep
 - Optimization centered on site: 1
 - Left boundaries taken from index: 1
 - Right boundaries taken from index: 3

 Jacobi-Davidson diagonalization converged after 1 iterations.
 Energy = 11010.00786382707
 Updating left boundary for site 2

 MICROITERATION NUMBER = 2  , forward sweep
 - Optimization centered on site: 2
 - Left boundaries taken from index: 2
 - Right boundaries taken from index: 4

 Jacobi-Davidson diagonalization converged after 10 iterations.
 Energy = 11010.0077524987
 Updating left boundary for site 3

 MICROITERATION NUMBER = 3  , forward sweep
 - Optimization centered on site: 3
 - Left boundaries taken from index: 3
 - Right boundaries taken from index: 5

 Jacobi-Davidson diagonalization converged after 10 iterations.
 Energy = 11010.00715707378
 Updating left boundary for site 4

 MICROITERATION NUMBER = 4  , forward sweep
 - Optimization centered on site: 4
 - Left boundaries taken from index: 4
 - Right boundaries taken from index: 6

 Jacobi-Davidson diagonalization converged after 10 iterations.
 Energy = 11010.00362040842
 Updating left boundary for site 5

 MICROITERATION NUMBER = 5  , forward sweep
 - Optimization centered on site: 5
 - Left boundaries taken from index: 5
 - Right boundaries taken from index: 7

 Jacobi-Davidson diagonalization converged after 10 iterations.
 Energy = 11009.99759908035
 Updating left boundary for site 6

 MICROITERATION NUMBER = 6  , forward sweep
 - Optimization centered on site: 6
 - Left boundaries taken from index: 6
 - Right boundaries taken from index: 8

 Jacobi-Davidson diagonalization converged after 10 iterations.
 Energy = 11009.98180101245
 Updating left boundary for site 7

 MICROITERATION NUMBER = 7  , forward sweep
 - Optimization centered on site: 7
 - Left boundaries taken from index: 7
 - Right boundaries taken from index: 9

 Jacobi-Davidson diagonalization converged after 10 iterations.
 Energy = 11010.00647088124
 Updating left boundary for site 8

 MICROITERATION NUMBER = 8  , forward sweep
 - Optimization centered on site: 8
 - Left boundaries taken from index: 8
 - Right boundaries taken from index: 10

 Jacobi-Davidson diagonalization converged after 10 iterations.
 Energy = 11010.00832443934
 Updating left boundary for site 9

 MICROITERATION NUMBER = 9  , forward sweep
 - Optimization centered on site: 9
 - Left boundaries taken from index: 9
 - Right boundaries taken from index: 11

 Jacobi-Davidson diagonalization converged after 10 iterations.
 Energy = 11010.00861744377
 Updating left boundary for site 10

 MICROITERATION NUMBER = 10  , forward sweep
 - Optimization centered on site: 10
 - Left boundaries taken from index: 10
 - Right boundaries taken from index: 12

 Jacobi-Davidson diagonalization converged after 1 iterations.
 Energy = 11010.00861744726
 Updating left boundary for site 11

 MICROITERATION NUMBER = 11  , backward sweep
 - Optimization centered on site: 11
 - Left boundaries taken from index: 10
 - Right boundaries taken from index: 12

 Jacobi-Davidson diagonalization converged after 1 iterations.
 Energy = 11010.00861744726
 Updating right boundary for site 11

 MICROITERATION NUMBER = 12  , backward sweep
 - Optimization centered on site: 10
 - Left boundaries taken from index: 9
 - Right boundaries taken from index: 11

 Jacobi-Davidson diagonalization converged after 3 iterations.
 Energy = 11010.00861744558
 Updating right boundary for site 10

 MICROITERATION NUMBER = 13  , backward sweep
 - Optimization centered on site: 9
 - Left boundaries taken from index: 8
 - Right boundaries taken from index: 10

 Jacobi-Davidson diagonalization converged after 10 iterations.
 Energy = 11010.00832443695
 Updating right boundary for site 9

 MICROITERATION NUMBER = 14  , backward sweep
 - Optimization centered on site: 8
 - Left boundaries taken from index: 7
 - Right boundaries taken from index: 9

 Jacobi-Davidson diagonalization converged after 10 iterations.
 Energy = 11010.00647088842
 Updating right boundary for site 8

 MICROITERATION NUMBER = 15  , backward sweep
 - Optimization centered on site: 7
 - Left boundaries taken from index: 6
 - Right boundaries taken from index: 8

 Jacobi-Davidson diagonalization converged after 10 iterations.
 Energy = 11009.98180222756
 Updating right boundary for site 7

 MICROITERATION NUMBER = 16  , backward sweep
 - Optimization centered on site: 6
 - Left boundaries taken from index: 5
 - Right boundaries taken from index: 7

 Jacobi-Davidson diagonalization converged after 10 iterations.
 Energy = 11009.99760085834
 Updating right boundary for site 6

 MICROITERATION NUMBER = 17  , backward sweep
 - Optimization centered on site: 5
 - Left boundaries taken from index: 4
 - Right boundaries taken from index: 6

 Jacobi-Davidson diagonalization converged after 10 iterations.
 Energy = 11010.00361973352
 Updating right boundary for site 5

 MICROITERATION NUMBER = 18  , backward sweep
 - Optimization centered on site: 4
 - Left boundaries taken from index: 3
 - Right boundaries taken from index: 5

 Jacobi-Davidson diagonalization converged after 10 iterations.
 Energy = 11010.00715673219
 Updating right boundary for site 4

 MICROITERATION NUMBER = 19  , backward sweep
 - Optimization centered on site: 3
 - Left boundaries taken from index: 2
 - Right boundaries taken from index: 4

 Jacobi-Davidson diagonalization converged after 10 iterations.
 Energy = 11010.00775138235
 Updating right boundary for site 3

 MICROITERATION NUMBER = 20  , backward sweep
 - Optimization centered on site: 2
 - Left boundaries taken from index: 1
 - Right boundaries taken from index: 3

 Jacobi-Davidson diagonalization converged after 8 iterations.
 Energy = 11010.00786272192
 Updating right boundary for site 2

 MICROITERATION NUMBER = 21  , backward sweep
 - Optimization centered on site: 1
 - Left boundaries taken from index: 0
 - Right boundaries taken from index: 2

 Jacobi-Davidson diagonalization converged after 1 iterations.
 Energy = 11010.00786272383
 Updating right boundary for site 1


 -------------------
   SWEEP NUMBER 18
 -------------------
 - Noise parameter: 1e-08
 - Maximum bond dimension: 20
 - Truncation parameter: 0

 MICROITERATION NUMBER = 0  , forward sweep
 - Optimization centered on site: 0
 - Left boundaries taken from index: 0
 - Right boundaries taken from index: 2

 Jacobi-Davidson diagonalization converged after 1 iterations.
 Energy = 11010.00786272383
 Updating left boundary for site 1

 MICROITERATION NUMBER = 1  , forward sweep
 - Optimization centered on site: 1
 - Left boundaries taken from index: 1
 - Right boundaries taken from index: 3

 Jacobi-Davidson diagonalization converged after 1 iterations.
 Energy = 11010.00786272383
 Updating left boundary for site 2

 MICROITERATION NUMBER = 2  , forward sweep
 - Optimization centered on site: 2
 - Left boundaries taken from index: 2
 - Right boundaries taken from index: 4

 Jacobi-Davidson diagonalization converged after 10 iterations.
 Energy = 11010.00775137896
 Updating left boundary for site 3

 MICROITERATION NUMBER = 3  , forward sweep
 - Optimization centered on site: 3
 - Left boundaries taken from index: 3
 - Right boundaries taken from index: 5

 Jacobi-Davidson diagonalization converged after 10 iterations.
 Energy = 11010.00715672755
 Updating left boundary for site 4

 MICROITERATION NUMBER = 4  , forward sweep
 - Optimization centered on site: 4
 - Left boundaries taken from index: 4
 - Right boundaries taken from index: 6

 Jacobi-Davidson diagonalization converged after 10 iterations.
 Energy = 11010.00361993372
 Updating left boundary for site 5

 MICROITERATION NUMBER = 5  , forward sweep
 - Optimization centered on site: 5
 - Left boundaries taken from index: 5
 - Right boundaries taken from index: 7

 Jacobi-Davidson diagonalization converged after 10 iterations.
 Energy = 11009.99760083906
 Updating left boundary for site 6

 MICROITERATION NUMBER = 6  , forward sweep
 - Optimization centered on site: 6
 - Left boundaries taken from index: 6
 - Right boundaries taken from index: 8

 Jacobi-Davidson diagonalization converged after 10 iterations.
 Energy = 11009.98180098102
 Updating left boundary for site 7

 MICROITERATION NUMBER = 7  , forward sweep
 - Optimization centered on site: 7
 - Left boundaries taken from index: 7
 - Right boundaries taken from index: 9

 Jacobi-Davidson diagonalization converged after 10 iterations.
 Energy = 11010.00646936862
 Updating left boundary for site 8

 MICROITERATION NUMBER = 8  , forward sweep
 - Optimization centered on site: 8
 - Left boundaries taken from index: 8
 - Right boundaries taken from index: 10

 Jacobi-Davidson diagonalization converged after 10 iterations.
 Energy = 11010.0083233684
 Updating left boundary for site 9

 MICROITERATION NUMBER = 9  , forward sweep
 - Optimization centered on site: 9
 - Left boundaries taken from index: 9
 - Right boundaries taken from index: 11

 Jacobi-Davidson diagonalization converged after 10 iterations.
 Energy = 11010.00861638612
 Updating left boundary for site 10

 MICROITERATION NUMBER = 10  , forward sweep
 - Optimization centered on site: 10
 - Left boundaries taken from index: 10
 - Right boundaries taken from index: 12

 Jacobi-Davidson diagonalization converged after 1 iterations.
 Energy = 11010.00861638442
 Updating left boundary for site 11

 MICROITERATION NUMBER = 11  , backward sweep
 - Optimization centered on site: 11
 - Left boundaries taken from index: 10
 - Right boundaries taken from index: 12

 Jacobi-Davidson diagonalization converged after 1 iterations.
 Energy = 11010.00861638442
 Updating right boundary for site 11

 MICROITERATION NUMBER = 12  , backward sweep
 - Optimization centered on site: 10
 - Left boundaries taken from index: 9
 - Right boundaries taken from index: 11

 Jacobi-Davidson diagonalization converged after 3 iterations.
 Energy = 11010.008616386
 Updating right boundary for site 10

 MICROITERATION NUMBER = 13  , backward sweep
 - Optimization centered on site: 9
 - Left boundaries taken from index: 8
 - Right boundaries taken from index: 10

 Jacobi-Davidson diagonalization converged after 10 iterations.
 Energy = 11010.00832336945
 Updating right boundary for site 9

 MICROITERATION NUMBER = 14  , backward sweep
 - Optimization centered on site: 8
 - Left boundaries taken from index: 7
 - Right boundaries taken from index: 9

 Jacobi-Davidson diagonalization converged after 10 iterations.
 Energy = 11010.00646937412
 Updating right boundary for site 8

 MICROITERATION NUMBER = 15  , backward sweep
 - Optimization centered on site: 7
 - Left boundaries taken from index: 6
 - Right boundaries taken from index: 8

 Jacobi-Davidson diagonalization converged after 10 iterations.
 Energy = 11009.98180202663
 Updating right boundary for site 7

 MICROITERATION NUMBER = 16  , backward sweep
 - Optimization centered on site: 6
 - Left boundaries taken from index: 5
 - Right boundaries taken from index: 7

 Jacobi-Davidson diagonalization converged after 10 iterations.
 Energy = 11009.99760231334
 Updating right boundary for site 6

 MICROITERATION NUMBER = 17  , backward sweep
 - Optimization centered on site: 5
 - Left boundaries taken from index: 4
 - Right boundaries taken from index: 6

 Jacobi-Davidson diagonalization converged after 10 iterations.
 Energy = 11010.0036193299
 Updating right boundary for site 5

 MICROITERATION NUMBER = 18  , backward sweep
 - Optimization centered on site: 4
 - Left boundaries taken from index: 3
 - Right boundaries taken from index: 5

 Jacobi-Davidson diagonalization converged after 10 iterations.
 Energy = 11010.00715640565
 Updating right boundary for site 4

 MICROITERATION NUMBER = 19  , backward sweep
 - Optimization centered on site: 3
 - Left boundaries taken from index: 2
 - Right boundaries taken from index: 4

 Jacobi-Davidson diagonalization converged after 10 iterations.
 Energy = 11010.00775042689
 Updating right boundary for site 3

 MICROITERATION NUMBER = 20  , backward sweep
 - Optimization centered on site: 2
 - Left boundaries taken from index: 1
 - Right boundaries taken from index: 3

 Jacobi-Davidson diagonalization converged after 8 iterations.
 Energy = 11010.0078617873
 Updating right boundary for site 2

 MICROITERATION NUMBER = 21  , backward sweep
 - Optimization centered on site: 1
 - Left boundaries taken from index: 0
 - Right boundaries taken from index: 2

 Jacobi-Davidson diagonalization converged after 1 iterations.
 Energy = 11010.00786178479
 Updating right boundary for site 1


 -------------------
   SWEEP NUMBER 19
 -------------------
 - Noise parameter: 1e-08
 - Maximum bond dimension: 20
 - Truncation parameter: 0

 MICROITERATION NUMBER = 0  , forward sweep
 - Optimization centered on site: 0
 - Left boundaries taken from index: 0
 - Right boundaries taken from index: 2

 Jacobi-Davidson diagonalization converged after 1 iterations.
 Energy = 11010.00786178478
 Updating left boundary for site 1

 MICROITERATION NUMBER = 1  , forward sweep
 - Optimization centered on site: 1
 - Left boundaries taken from index: 1
 - Right boundaries taken from index: 3

 Jacobi-Davidson diagonalization converged after 1 iterations.
 Energy = 11010.00786178479
 Updating left boundary for site 2

 MICROITERATION NUMBER = 2  , forward sweep
 - Optimization centered on site: 2
 - Left boundaries taken from index: 2
 - Right boundaries taken from index: 4

 Jacobi-Davidson diagonalization converged after 10 iterations.
 Energy = 11010.007750427
 Updating left boundary for site 3

 MICROITERATION NUMBER = 3  , forward sweep
 - Optimization centered on site: 3
 - Left boundaries taken from index: 3
 - Right boundaries taken from index: 5

 Jacobi-Davidson diagonalization converged after 10 iterations.
 Energy = 11010.00715640605
 Updating left boundary for site 4

 MICROITERATION NUMBER = 4  , forward sweep
 - Optimization centered on site: 4
 - Left boundaries taken from index: 4
 - Right boundaries taken from index: 6

 Jacobi-Davidson diagonalization converged after 10 iterations.
 Energy = 11010.00361953022
 Updating left boundary for site 5

 MICROITERATION NUMBER = 5  , forward sweep
 - Optimization centered on site: 5
 - Left boundaries taken from index: 5
 - Right boundaries taken from index: 7

 Jacobi-Davidson diagonalization converged after 10 iterations.
 Energy = 11009.9976022984
 Updating left boundary for site 6

 MICROITERATION NUMBER = 6  , forward sweep
 - Optimization centered on site: 6
 - Left boundaries taken from index: 6
 - Right boundaries taken from index: 8

 Jacobi-Davidson diagonalization converged after 10 iterations.
 Energy = 11009.98180096866
 Updating left boundary for site 7

 MICROITERATION NUMBER = 7  , forward sweep
 - Optimization centered on site: 7
 - Left boundaries taken from index: 7
 - Right boundaries taken from index: 9

 Jacobi-Davidson diagonalization converged after 10 iterations.
 Energy = 11010.00646808527
 Updating left boundary for site 8

 MICROITERATION NUMBER = 8  , forward sweep
 - Optimization centered on site: 8
 - Left boundaries taken from index: 8
 - Right boundaries taken from index: 10

 Jacobi-Davidson diagonalization converged after 10 iterations.
 Energy = 11010.00832246408
 Updating left boundary for site 9

 MICROITERATION NUMBER = 9  , forward sweep
 - Optimization centered on site: 9
 - Left boundaries taken from index: 9
 - Right boundaries taken from index: 11

 Jacobi-Davidson diagonalization converged after 10 iterations.
 Energy = 11010.00861547668
 Updating left boundary for site 10

 MICROITERATION NUMBER = 10  , forward sweep
 - Optimization centered on site: 10
 - Left boundaries taken from index: 10
 - Right boundaries taken from index: 12

 Jacobi-Davidson diagonalization converged after 1 iterations.
 Energy = 11010.00861547858
 Updating left boundary for site 11

 MICROITERATION NUMBER = 11  , backward sweep
 - Optimization centered on site: 11
 - Left boundaries taken from index: 10
 - Right boundaries taken from index: 12

 Jacobi-Davidson diagonalization converged after 1 iterations.
 Energy = 11010.00861547857
 Updating right boundary for site 11

 MICROITERATION NUMBER = 12  , backward sweep
 - Optimization centered on site: 10
 - Left boundaries taken from index: 9
 - Right boundaries taken from index: 11

 Jacobi-Davidson diagonalization converged after 3 iterations.
 Energy = 11010.00861547957
 Updating right boundary for site 10

 MICROITERATION NUMBER = 13  , backward sweep
 - Optimization centered on site: 9
 - Left boundaries taken from index: 8
 - Right boundaries taken from index: 10

 Jacobi-Davidson diagonalization converged after 10 iterations.
 Energy = 11010.00832245891
 Updating right boundary for site 9

 MICROITERATION NUMBER = 14  , backward sweep
 - Optimization centered on site: 8
 - Left boundaries taken from index: 7
 - Right boundaries taken from index: 9

 Jacobi-Davidson diagonalization converged after 10 iterations.
 Energy = 11010.00646808604
 Updating right boundary for site 8

 MICROITERATION NUMBER = 15  , backward sweep
 - Optimization centered on site: 7
 - Left boundaries taken from index: 6
 - Right boundaries taken from index: 8

 Jacobi-Davidson diagonalization converged after 10 iterations.
 Energy = 11009.98180186753
 Updating right boundary for site 7

 MICROITERATION NUMBER = 16  , backward sweep
 - Optimization centered on site: 6
 - Left boundaries taken from index: 5
 - Right boundaries taken from index: 7

 Jacobi-Davidson diagonalization converged after 10 iterations.
 Energy = 11009.99760352493
 Updating right boundary for site 6

 MICROITERATION NUMBER = 17  , backward sweep
 - Optimization centered on site: 5
 - Left boundaries taken from index: 4
 - Right boundaries taken from index: 6

 Jacobi-Davidson diagonalization converged after 10 iterations.
 Energy = 11010.0036189886
 Updating right boundary for site 5

 MICROITERATION NUMBER = 18  , backward sweep
 - Optimization centered on site: 4
 - Left boundaries taken from index: 3
 - Right boundaries taken from index: 5

 Jacobi-Davidson diagonalization converged after 10 iterations.
 Energy = 11010.00715610281
 Updating right boundary for site 4

 MICROITERATION NUMBER = 19  , backward sweep
 - Optimization centered on site: 3
 - Left boundaries taken from index: 2
 - Right boundaries taken from index: 4

 Jacobi-Davidson diagonalization converged after 10 iterations.
 Energy = 11010.00774961681
 Updating right boundary for site 3

 MICROITERATION NUMBER = 20  , backward sweep
 - Optimization centered on site: 2
 - Left boundaries taken from index: 1
 - Right boundaries taken from index: 3

 Jacobi-Davidson diagonalization converged after 8 iterations.
 Energy = 11010.00786098729
 Updating right boundary for site 2

 MICROITERATION NUMBER = 21  , backward sweep
 - Optimization centered on site: 1
 - Left boundaries taken from index: 0
 - Right boundaries taken from index: 2

 Jacobi-Davidson diagonalization converged after 1 iterations.
 Energy = 11010.00786098579
 Updating right boundary for site 1

Task took 7.951277 seconds.
