  SCINE QCMaquis 
  Quantum Chemical Density Matrix Renormalization group
  available from https://scine.ethz.ch/download/qcmaquis
  based on the ALPS MPS codes from http://alps.comp-phys.org/
  copyright (c) 2015-2018 Laboratory of Physical Chemistry, ETH Zurich
  copyright (c) 2012-2016 by Sebastian Keller
  copyright (c) 2016-2018 by Alberto Baiardi, Leon Freitag, 
  Stefan Knecht, Yingjin Ma 
  for details see the publication: 
  A. Baiardi, A. K. Kelemen, M. Reiher J. Chem. Theory Comput. 18, 415 (2021)

This binary contains symmetries: nu1 none 2u1pg su2u1pg 
DMRG version 3.1.1-7ddfcdb44baf38d567e5d1eee0c903996e755cb5 (VibrationalExcitedStates) release-3.1.2-gitlab
Temporary storage is disabled
coeff: 206.242167
operators: {0,3}

coeff: -206.242167
operators: {0,4}

coeff: 237.547247
operators: {1,3}

coeff: -237.547247
operators: {1,4}

coeff: 241.596974
operators: {2,3}

coeff: -241.596974
operators: {2,4}

coeff: 262.702319
operators: {3,3}

coeff: -262.702319
operators: {3,4}

coeff: 311.690974
operators: {4,3}

coeff: -311.690974
operators: {4,4}

coeff: 342.345676
operators: {5,3}

coeff: -342.345676
operators: {5,4}

coeff: 369.620153
operators: {6,3}

coeff: -369.620153
operators: {6,4}

coeff: 418.142252
operators: {7,3}

coeff: -418.142252
operators: {7,4}

coeff: 785.228686
operators: {8,3}

coeff: -785.228686
operators: {8,4}

coeff: 789.209319
operators: {9,3}

coeff: -789.209319
operators: {9,4}

coeff: 805.722986
operators: {10,3}

coeff: -805.722986
operators: {10,4}

coeff: 812.177325
operators: {11,3}

coeff: -812.177325
operators: {11,4}

coeff: -14.952686
operators: {0,3} {5,1}

coeff: -9.5269312
operators: {0,3} {7,1}

coeff: -88.6839569
operators: {0,3} {9,1}

coeff: -7.05859622
operators: {0,1} {1,1} {3,1}

coeff: 22.1485879
operators: {0,1} {4,1} {6,1}

coeff: 112.382752
operators: {0,1} {4,1} {8,1}

coeff: -75.6974731
operators: {0,1} {5,1} {11,1}

coeff: 116.21346
operators: {0,1} {6,1} {10,1}

coeff: -88.2384953
operators: {0,1} {7,1} {11,1}

coeff: -9.50569755
operators: {0,1} {8,1} {10,1}

coeff: 9.53442367
operators: {0,1} {9,1} {11,1}

coeff: 3.25530812
operators: {1,3} {5,1}

coeff: 10.5200398
operators: {1,3} {7,1}

coeff: -70.014269
operators: {1,3} {9,1}

coeff: -34.5546833
operators: {1,1} {2,1} {6,1}

coeff: 148.366671
operators: {1,1} {2,1} {8,1}

coeff: -137.788363
operators: {1,1} {3,1} {11,1}

coeff: 11.7797428
operators: {2,3} {5,1}

coeff: 12.9015194
operators: {2,3} {7,1}

coeff: -76.4722834
operators: {2,3} {9,1}

coeff: -10.137423
operators: {2,1} {3,1} {4,1}

coeff: -138.301785
operators: {2,1} {3,1} {10,1}

coeff: -7.9266107
operators: {3,3} {5,1}

coeff: 3.62233
operators: {3,3} {7,1}

coeff: -57.868549
operators: {3,3} {9,1}

coeff: -13.5347599
operators: {4,3} {5,1}

coeff: -8.68709772
operators: {4,3} {7,1}

coeff: -30.7378718
operators: {4,3} {9,1}

coeff: -41.6302351
operators: {4,1} {5,1} {10,1}

coeff: 73.9421558
operators: {4,1} {6,1} {11,1}

coeff: -61.6319928
operators: {4,1} {7,1} {10,1}

coeff: -9.9011479
operators: {4,1} {8,1} {11,1}

coeff: 13.9734949
operators: {4,1} {9,1} {10,1}

coeff: -5.80244663
operators: {5,5}

coeff: 26.5288965
operators: {5,3} {7,1}

coeff: -14.0629516
operators: {5,3} {9,1}

coeff: 8.10440271
operators: {5,1} {6,3}

coeff: -32.9077759
operators: {5,1} {6,1} {8,1}

coeff: -29.6137297
operators: {5,1} {7,3}

coeff: -12.5185045
operators: {5,1} {7,1} {9,1}

coeff: -3.10494254
operators: {5,1} {8,3}

coeff: -4.34591478
operators: {5,1} {9,3}

coeff: -13.6645069
operators: {5,1} {10,3}

coeff: -15.0193022
operators: {5,1} {11,3}

coeff: 12.8760028
operators: {6,3} {7,1}

coeff: -26.8182508
operators: {6,3} {9,1}

coeff: -44.4044233
operators: {6,1} {7,1} {8,1}

coeff: 4.78637341
operators: {6,1} {8,1} {9,1}

coeff: 30.7061738
operators: {6,1} {10,1} {11,1}

coeff: 17.8376159
operators: {7,5}

coeff: -25.9328676
operators: {7,3} {9,1}

coeff: 12.3432568
operators: {7,1} {8,3}

coeff: 15.0310056
operators: {7,1} {9,3}

coeff: -1.61349073
operators: {7,1} {10,3}

coeff: -0.676742998
operators: {7,1} {11,3}

coeff: 166.20415
operators: {8,3} {9,1}

coeff: -352.267129
operators: {8,1} {10,1} {11,1}

coeff: 54.5306574
operators: {9,5}

coeff: 177.284609
operators: {9,1} {10,3}

coeff: 175.025716
operators: {9,1} {11,3}

coeff: 3.60015642
operators: {0,7}

coeff: -0.483495617
operators: {0,5} {11,1}

coeff: 4.0031369
operators: {0,3} {1,3}

coeff: 4.82722292
operators: {0,3} {2,3}

coeff: 3.35232339
operators: {0,3} {3,3}

coeff: 6.25679108
operators: {0,3} {4,3}

coeff: -2.9821817
operators: {0,3} {4,1} {10,1}

coeff: 4.78984981
operators: {0,3} {5,3}

coeff: 7.55770767
operators: {0,3} {5,1} {7,1}

coeff: -1.32215118
operators: {0,3} {5,1} {9,1}

coeff: 6.97139119
operators: {0,3} {6,3}

coeff: -2.18467562
operators: {0,3} {6,1} {8,1}

coeff: 3.78037817
operators: {0,3} {7,3}

coeff: -3.2206705
operators: {0,3} {7,1} {9,1}

coeff: -13.8007222
operators: {0,3} {8,3}

coeff: -13.6705901
operators: {0,3} {9,3}

coeff: -14.3836517
operators: {0,3} {10,3}

coeff: -14.0157326
operators: {0,3} {11,3}

coeff: -0.317532528
operators: {0,1} {1,3} {11,1}

coeff: 11.2856366
operators: {0,1} {1,1} {2,1} {4,1}

coeff: -0.00110084075
operators: {0,1} {1,1} {2,1} {10,1}

coeff: 6.3607775
operators: {0,1} {1,1} {3,1} {5,1}

coeff: 7.9283894
operators: {0,1} {1,1} {3,1} {7,1}

coeff: -3.04118902
operators: {0,1} {1,1} {3,1} {9,1}

coeff: 0.848541861
operators: {0,1} {2,3} {11,1}

coeff: -11.1191465
operators: {0,1} {2,1} {3,1} {6,1}

coeff: 2.03648006
operators: {0,1} {2,1} {3,1} {8,1}

coeff: -1.05581724
operators: {0,1} {3,3} {11,1}

coeff: -3.25439667
operators: {0,1} {4,3} {11,1}

coeff: -10.3736122
operators: {0,1} {4,1} {5,1} {6,1}

coeff: 2.79474815
operators: {0,1} {4,1} {5,1} {8,1}

coeff: -12.8515234
operators: {0,1} {4,1} {6,1} {7,1}

coeff: 5.74894977
operators: {0,1} {4,1} {6,1} {9,1}

coeff: 5.55235672
operators: {0,1} {4,1} {7,1} {8,1}

coeff: 37.573071
operators: {0,1} {4,1} {8,1} {9,1}

coeff: -39.3724825
operators: {0,1} {4,1} {10,1} {11,1}

coeff: 1.5403137
operators: {0,1} {5,3} {11,1}

coeff: -3.43212212
operators: {0,1} {5,1} {6,1} {10,1}

coeff: 1.45807973
operators: {0,1} {5,1} {7,1} {11,1}

coeff: 27.6773202
operators: {0,1} {5,1} {8,1} {10,1}

coeff: -27.3801566
operators: {0,1} {5,1} {9,1} {11,1}

coeff: 2.42555544
operators: {0,1} {6,3} {11,1}

coeff: -1.63604124
operators: {0,1} {6,1} {7,1} {10,1}

coeff: -40.6828535
operators: {0,1} {6,1} {8,1} {11,1}

coeff: 41.2413622
operators: {0,1} {6,1} {9,1} {10,1}

coeff: -0.406003332
operators: {0,1} {7,3} {11,1}

coeff: 29.5974642
operators: {0,1} {7,1} {8,1} {10,1}

coeff: -29.2380722
operators: {0,1} {7,1} {9,1} {11,1}

coeff: 1.59921998
operators: {0,1} {8,3} {11,1}

coeff: -4.00198183
operators: {0,1} {8,1} {9,1} {10,1}

coeff: 2.22184229
operators: {0,1} {9,3} {11,1}

coeff: -2.70524603
operators: {0,1} {10,3} {11,1}

coeff: -0.949637866
operators: {0,1} {11,5}

coeff: 2.32254462
operators: {1,7}

coeff: 12.909308
operators: {1,3} {2,3}

coeff: 8.82371814
operators: {1,3} {3,3}

coeff: 1.79624887
operators: {1,3} {4,3}

coeff: -1.2880977
operators: {1,3} {4,1} {10,1}

coeff: 0.110709314
operators: {1,3} {5,3}

coeff: 1.87552625
operators: {1,3} {5,1} {7,1}

coeff: 0.863517574
operators: {1,3} {5,1} {9,1}

coeff: 1.40988993
operators: {1,3} {6,3}

coeff: 1.68830631
operators: {1,3} {6,1} {8,1}

coeff: 0.102980766
operators: {1,3} {7,3}

coeff: 0.556723332
operators: {1,3} {7,1} {9,1}

coeff: -11.9130411
operators: {1,3} {8,3}

coeff: -11.8920972
operators: {1,3} {9,3}

coeff: -13.5054633
operators: {1,3} {10,3}

coeff: -13.0644846
operators: {1,3} {11,3}

coeff: -1.61456207
operators: {1,1} {2,1} {4,1} {11,1}

coeff: -3.0041253
operators: {1,1} {2,1} {5,1} {6,1}

coeff: -3.3308654
operators: {1,1} {2,1} {5,1} {8,1}

coeff: -3.47686237
operators: {1,1} {2,1} {6,1} {7,1}

coeff: -4.37395042
operators: {1,1} {2,1} {6,1} {9,1}

coeff: -0.442689286
operators: {1,1} {2,1} {7,1} {8,1}

coeff: 48.8308988
operators: {1,1} {2,1} {8,1} {9,1}

coeff: -54.673344
operators: {1,1} {2,1} {10,1} {11,1}

coeff: -6.81405303
operators: {1,1} {3,1} {4,1} {6,1}

coeff: 2.9711241
operators: {1,1} {3,1} {4,1} {8,1}

coeff: 1.66414356
operators: {1,1} {3,1} {5,1} {11,1}

coeff: -2.95987477
operators: {1,1} {3,1} {6,1} {10,1}

coeff: 1.30846636
operators: {1,1} {3,1} {7,1} {11,1}

coeff: 45.804653
operators: {1,1} {3,1} {8,1} {10,1}

coeff: -45.0238845
operators: {1,1} {3,1} {9,1} {11,1}

coeff: 2.40157054
operators: {2,7}

coeff: 8.60677876
operators: {2,3} {3,3}

coeff: 1.63625114
operators: {2,3} {4,3}

coeff: -0.529258359
operators: {2,3} {4,1} {10,1}

coeff: 0.487241399
operators: {2,3} {5,3}

coeff: 1.02830083
operators: {2,3} {5,1} {7,1}

coeff: 2.31162556
operators: {2,3} {5,1} {9,1}

coeff: 1.03279563
operators: {2,3} {6,3}

coeff: 2.70799581
operators: {2,3} {6,1} {8,1}

coeff: 0.437068574
operators: {2,3} {7,3}

coeff: 0.673733776
operators: {2,3} {7,1} {9,1}

coeff: -12.6690983
operators: {2,3} {8,3}

coeff: -12.5487272
operators: {2,3} {9,3}

coeff: -13.9361165
operators: {2,3} {10,3}

coeff: -14.1618026
operators: {2,3} {11,3}

coeff: 3.80933377
operators: {2,1} {3,1} {4,1} {5,1}

coeff: 4.39096281
operators: {2,1} {3,1} {4,1} {7,1}

coeff: -2.98999638
operators: {2,1} {3,1} {4,1} {9,1}

coeff: 2.56880262
operators: {2,1} {3,1} {5,1} {10,1}

coeff: -3.34233264
operators: {2,1} {3,1} {6,1} {11,1}

coeff: 1.15946294
operators: {2,1} {3,1} {7,1} {10,1}

coeff: 47.3556971
operators: {2,1} {3,1} {8,1} {11,1}

coeff: -46.4900921
operators: {2,1} {3,1} {9,1} {10,1}

coeff: 1.06808739
operators: {3,7}

coeff: 1.33758405
operators: {3,3} {4,3}

coeff: -1.14681868
operators: {3,3} {4,1} {10,1}

coeff: -0.01713467
operators: {3,3} {5,3}

coeff: 0.586613494
operators: {3,3} {5,1} {7,1}

coeff: -0.620560041
operators: {3,3} {5,1} {9,1}

coeff: 0.629745437
operators: {3,3} {6,3}

coeff: -0.73229473
operators: {3,3} {6,1} {8,1}

coeff: 0.583380931
operators: {3,3} {7,3}

coeff: -0.464822704
operators: {3,3} {7,1} {9,1}

coeff: -10.6114822
operators: {3,3} {8,3}

coeff: -10.0608398
operators: {3,3} {9,3}

coeff: -10.6803207
operators: {3,3} {10,3}

coeff: -10.7307472
operators: {3,3} {11,3}

coeff: 0.522070603
operators: {4,7}

coeff: -1.05326173
operators: {4,5} {10,1}

coeff: 1.01640924
operators: {4,3} {5,3}

coeff: 2.8694418
operators: {4,3} {5,1} {7,1}

coeff: -2.26421629
operators: {4,3} {5,1} {9,1}

coeff: 2.82290435
operators: {4,3} {6,3}

coeff: -2.16890607
operators: {4,3} {6,1} {8,1}

coeff: 0.653938091
operators: {4,3} {7,3}

coeff: -1.42963897
operators: {4,3} {7,1} {9,1}

coeff: -6.73697303
operators: {4,3} {8,3}

coeff: -6.66001662
operators: {4,3} {9,3}

coeff: -7.07328418
operators: {4,3} {10,3}

coeff: -7.07560237
operators: {4,3} {11,3}

coeff: 0.138451241
operators: {4,1} {5,3} {10,1}

coeff: -1.05090099
operators: {4,1} {5,1} {6,1} {11,1}

coeff: 0.896401505
operators: {4,1} {5,1} {7,1} {10,1}

coeff: 19.44746
operators: {4,1} {5,1} {8,1} {11,1}

coeff: -19.5067212
operators: {4,1} {5,1} {9,1} {10,1}

coeff: 0.942401665
operators: {4,1} {6,3} {10,1}

coeff: -0.219874131
operators: {4,1} {6,1} {7,1} {11,1}

coeff: -28.6852274
operators: {4,1} {6,1} {8,1} {10,1}

coeff: 28.3727219
operators: {4,1} {6,1} {9,1} {11,1}

coeff: -0.909490902
operators: {4,1} {7,3} {10,1}

coeff: 20.7508271
operators: {4,1} {7,1} {8,1} {11,1}

coeff: -20.1798804
operators: {4,1} {7,1} {9,1} {10,1}

coeff: 1.43299831
operators: {4,1} {8,3} {10,1}

coeff: -3.44020404
operators: {4,1} {8,1} {9,1} {11,1}

coeff: 2.02160478
operators: {4,1} {9,3} {10,1}

coeff: -0.492376893
operators: {4,1} {10,5}

coeff: -1.43361326
operators: {4,1} {10,1} {11,3}

coeff: 0.278303187
operators: {5,7}

coeff: -0.556201486
operators: {5,5} {7,1}

coeff: 0.459449202
operators: {5,5} {9,1}

coeff: 0.270849193
operators: {5,3} {6,3}

coeff: 1.31958682
operators: {5,3} {6,1} {8,1}

coeff: 2.14662351
operators: {5,3} {7,3}

coeff: -0.0054511205
operators: {5,3} {7,1} {9,1}

coeff: -3.18596979
operators: {5,3} {8,3}

coeff: -3.02339367
operators: {5,3} {9,3}

coeff: -3.8947954
operators: {5,3} {10,3}

coeff: -3.83997057
operators: {5,3} {11,3}

coeff: 1.29547185
operators: {5,1} {6,3} {7,1}

coeff: 1.63060205
operators: {5,1} {6,3} {9,1}

coeff: 1.71785081
operators: {5,1} {6,1} {7,1} {8,1}

coeff: -18.0619433
operators: {5,1} {6,1} {8,1} {9,1}

coeff: 22.5679446
operators: {5,1} {6,1} {10,1} {11,1}

coeff: -1.6383404
operators: {5,1} {7,5}

coeff: 1.70921419
operators: {5,1} {7,3} {9,1}

coeff: -6.63746094
operators: {5,1} {7,1} {8,3}

coeff: -6.85696808
operators: {5,1} {7,1} {9,3}

coeff: -8.19502665
operators: {5,1} {7,1} {10,3}

coeff: -8.31737984
operators: {5,1} {7,1} {11,3}

coeff: -0.203495947
operators: {5,1} {8,3} {9,1}

coeff: 4.70290325
operators: {5,1} {8,1} {10,1} {11,1}

coeff: 0.0811578932
operators: {5,1} {9,5}

coeff: -2.17640676
operators: {5,1} {9,1} {10,3}

coeff: -2.1975688
operators: {5,1} {9,1} {11,3}

coeff: 0.286873328
operators: {6,7}

coeff: 0.862279664
operators: {6,5} {8,1}

coeff: 0.898205533
operators: {6,3} {7,3}

coeff: 1.41184527
operators: {6,3} {7,1} {9,1}

coeff: -6.76873678
operators: {6,3} {8,3}

coeff: -6.80222217
operators: {6,3} {9,3}

coeff: -8.61577629
operators: {6,3} {10,3}

coeff: -8.49417873
operators: {6,3} {11,3}

coeff: 0.237233809
operators: {6,1} {7,3} {8,1}

coeff: -19.5361841
operators: {6,1} {7,1} {8,1} {9,1}

coeff: 24.9589891
operators: {6,1} {7,1} {10,1} {11,1}

coeff: 0.24955443
operators: {6,1} {8,5}

coeff: 1.30854206
operators: {6,1} {8,1} {9,3}

coeff: -2.10993706
operators: {6,1} {8,1} {10,3}

coeff: -2.04101824
operators: {6,1} {8,1} {11,3}

coeff: 3.42881157
operators: {6,1} {9,1} {10,1} {11,1}

coeff: 0.70798856
operators: {7,7}

coeff: -0.53095706
operators: {7,5} {9,1}

coeff: -3.66987782
operators: {7,3} {8,3}

coeff: -3.41210661
operators: {7,3} {9,3}

coeff: -4.757448
operators: {7,3} {10,3}

coeff: -4.66876093
operators: {7,3} {11,3}

coeff: 2.82160752
operators: {7,1} {8,3} {9,1}

coeff: -1.4356564
operators: {7,1} {8,1} {10,1} {11,1}

coeff: 1.11416579
operators: {7,1} {9,5}

coeff: 1.16853839
operators: {7,1} {9,1} {10,3}

coeff: 0.996510417
operators: {7,1} {9,1} {11,3}

coeff: 2.63841745
operators: {8,7}

coeff: 15.6207957
operators: {8,3} {9,3}

coeff: 17.06756
operators: {8,3} {10,3}

coeff: 16.8757396
operators: {8,3} {11,3}

coeff: -67.725222
operators: {8,1} {9,1} {10,1} {11,1}

coeff: 2.49209421
operators: {9,7}

coeff: 16.8853843
operators: {9,3} {10,3}

coeff: 16.7322201
operators: {9,3} {11,3}

coeff: 3.00675328
operators: {10,7}

coeff: 17.8063163
operators: {10,3} {11,3}

coeff: 2.93599421
operators: {11,7}

coeff: -0.136157708
operators: {0,7} {5,1}

coeff: 0.0850251553
operators: {0,7} {7,1}

coeff: 1.06149739
operators: {0,7} {9,1}

coeff: 0.23646064
operators: {0,5} {1,1} {3,1}

coeff: -0.525297479
operators: {0,5} {4,1} {6,1}

coeff: -2.67041128
operators: {0,5} {4,1} {8,1}

coeff: 2.04860414
operators: {0,5} {5,1} {11,1}

coeff: -2.98314244
operators: {0,5} {6,1} {10,1}

coeff: 2.12207975
operators: {0,5} {7,1} {11,1}

coeff: 0.181817287
operators: {0,5} {8,1} {10,1}

coeff: -0.237163537
operators: {0,5} {9,1} {11,1}

coeff: 0.0498939025
operators: {0,3} {1,3} {5,1}

coeff: 0.0857790239
operators: {0,3} {1,3} {7,1}

coeff: 1.67452886
operators: {0,3} {1,3} {9,1}

coeff: 0.16459075
operators: {0,3} {1,1} {2,1} {6,1}

coeff: -3.45074545
operators: {0,3} {1,1} {2,1} {8,1}

coeff: 3.09180225
operators: {0,3} {1,1} {3,1} {11,1}

coeff: -0.209191602
operators: {0,3} {2,3} {5,1}

coeff: -0.0474481216
operators: {0,3} {2,3} {7,1}

coeff: 1.79425341
operators: {0,3} {2,3} {9,1}

coeff: 0.451417667
operators: {0,3} {2,1} {3,1} {4,1}

coeff: 3.2687313
operators: {0,3} {2,1} {3,1} {10,1}

coeff: 0.216232487
operators: {0,3} {3,3} {5,1}

coeff: 0.12965305
operators: {0,3} {3,3} {7,1}

coeff: 1.42083631
operators: {0,3} {3,3} {9,1}

coeff: 0.535722869
operators: {0,3} {4,3} {5,1}

coeff: 0.548277748
operators: {0,3} {4,3} {7,1}

coeff: 2.7854531
operators: {0,3} {4,3} {9,1}

coeff: 4.08461087
operators: {0,3} {4,1} {5,1} {10,1}

coeff: -5.97690912
operators: {0,3} {4,1} {6,1} {11,1}

coeff: 4.33497959
operators: {0,3} {4,1} {7,1} {10,1}

coeff: 0.679201312
operators: {0,3} {4,1} {8,1} {11,1}

coeff: -0.820601329
operators: {0,3} {4,1} {9,1} {10,1}

coeff: -0.21985055
operators: {0,3} {5,5}

coeff: -0.217694112
operators: {0,3} {5,3} {7,1}

coeff: 1.56213099
operators: {0,3} {5,3} {9,1}

coeff: -0.182946205
operators: {0,3} {5,1} {6,3}

coeff: 4.14089491
operators: {0,3} {5,1} {6,1} {8,1}

coeff: -0.0422650167
operators: {0,3} {5,1} {7,3}

coeff: 3.105086
operators: {0,3} {5,1} {7,1} {9,1}

coeff: -0.0970407426
operators: {0,3} {5,1} {8,3}

coeff: -0.222090163
operators: {0,3} {5,1} {9,3}

coeff: 0.341594613
operators: {0,3} {5,1} {10,3}

coeff: 0.340516799
operators: {0,3} {5,1} {11,3}

coeff: -0.0939396281
operators: {0,3} {6,3} {7,1}

coeff: 3.1642282
operators: {0,3} {6,3} {9,1}

coeff: 4.44705798
operators: {0,3} {6,1} {7,1} {8,1}

coeff: -0.872224496
operators: {0,3} {6,1} {8,1} {9,1}

coeff: -0.610156176
operators: {0,3} {6,1} {10,1} {11,1}

coeff: 0.0327890754
operators: {0,3} {7,5}

coeff: 1.61277858
operators: {0,3} {7,3} {9,1}

coeff: -0.476497275
operators: {0,3} {7,1} {8,3}

coeff: -0.535667549
operators: {0,3} {7,1} {9,3}

coeff: 0.0142055056
operators: {0,3} {7,1} {10,3}

coeff: 0.0279839603
operators: {0,3} {7,1} {11,3}

coeff: -3.39619359
operators: {0,3} {8,3} {9,1}

coeff: 7.21507009
operators: {0,3} {8,1} {10,1} {11,1}

coeff: -1.10484783
operators: {0,3} {9,5}

coeff: -3.63843421
operators: {0,3} {9,1} {10,3}

coeff: -3.58616297
operators: {0,3} {9,1} {11,3}

coeff: 0.179252725
operators: {0,1} {1,5} {3,1}

coeff: -0.140832884
operators: {0,1} {1,3} {4,1} {6,1}

coeff: -2.32913352
operators: {0,1} {1,3} {4,1} {8,1}

coeff: 1.71694552
operators: {0,1} {1,3} {5,1} {11,1}

coeff: -2.81537523
operators: {0,1} {1,3} {6,1} {10,1}

coeff: 1.85677009
operators: {0,1} {1,3} {7,1} {11,1}

coeff: 0.167362339
operators: {0,1} {1,3} {8,1} {10,1}

coeff: -0.221823894
operators: {0,1} {1,3} {9,1} {11,1}

coeff: 0.203165206
operators: {0,1} {1,1} {2,3} {3,1}

coeff: 0.0691038676
operators: {0,1} {1,1} {2,1} {4,1} {5,1}

coeff: 0.148184476
operators: {0,1} {1,1} {2,1} {4,1} {7,1}

coeff: 4.7564842
operators: {0,1} {1,1} {2,1} {4,1} {9,1}

coeff: 3.70131615
operators: {0,1} {1,1} {2,1} {5,1} {10,1}

coeff: -5.45403515
operators: {0,1} {1,1} {2,1} {6,1} {11,1}

coeff: 3.95020951
operators: {0,1} {1,1} {2,1} {7,1} {10,1}

coeff: 0.177158489
operators: {0,1} {1,1} {2,1} {8,1} {11,1}

coeff: -0.281881924
operators: {0,1} {1,1} {2,1} {9,1} {10,1}

coeff: 0.116648672
operators: {0,1} {1,1} {3,5}

coeff: 0.423770714
operators: {0,1} {1,1} {3,1} {4,3}

coeff: 4.49971351
operators: {0,1} {1,1} {3,1} {4,1} {10,1}

coeff: 0.143745122
operators: {0,1} {1,1} {3,1} {5,3}

coeff: 0.0871812358
operators: {0,1} {1,1} {3,1} {5,1} {7,1}

coeff: 3.09354209
operators: {0,1} {1,1} {3,1} {5,1} {9,1}

coeff: -0.0369853241
operators: {0,1} {1,1} {3,1} {6,3}

coeff: 4.77869815
operators: {0,1} {1,1} {3,1} {6,1} {8,1}

coeff: 0.0613140458
operators: {0,1} {1,1} {3,1} {7,3}

coeff: 3.23574017
operators: {0,1} {1,1} {3,1} {7,1} {9,1}

coeff: -0.385534044
operators: {0,1} {1,1} {3,1} {8,3}

coeff: -0.485101571
operators: {0,1} {1,1} {3,1} {9,3}

coeff: 0.0836258104
operators: {0,1} {1,1} {3,1} {10,3}

coeff: 0.0660751599
operators: {0,1} {1,1} {3,1} {11,3}

coeff: 0.014707085
operators: {0,1} {2,3} {4,1} {6,1}

coeff: -2.40286184
operators: {0,1} {2,3} {4,1} {8,1}

coeff: 1.90860318
operators: {0,1} {2,3} {5,1} {11,1}

coeff: -2.74171005
operators: {0,1} {2,3} {6,1} {10,1}

coeff: 2.04815472
operators: {0,1} {2,3} {7,1} {11,1}

coeff: 0.0464562922
operators: {0,1} {2,3} {8,1} {10,1}

coeff: -0.0061118848
operators: {0,1} {2,3} {9,1} {11,1}

coeff: 4.55341223
operators: {0,1} {2,1} {3,1} {4,1} {11,1}

coeff: 0.0139049211
operators: {0,1} {2,1} {3,1} {5,1} {6,1}

coeff: -3.29876053
operators: {0,1} {2,1} {3,1} {5,1} {8,1}

coeff: 0.0541660945
operators: {0,1} {2,1} {3,1} {6,1} {7,1}

coeff: -4.7834652
operators: {0,1} {2,1} {3,1} {6,1} {9,1}

coeff: -3.48285759
operators: {0,1} {2,1} {3,1} {7,1} {8,1}

coeff: 0.808230066
operators: {0,1} {2,1} {3,1} {8,1} {9,1}

coeff: 0.252358136
operators: {0,1} {2,1} {3,1} {10,1} {11,1}

coeff: -0.37768442
operators: {0,1} {3,3} {4,1} {6,1}

coeff: -2.0863941
operators: {0,1} {3,3} {4,1} {8,1}

coeff: 1.38856419
operators: {0,1} {3,3} {5,1} {11,1}

coeff: -2.11497506
operators: {0,1} {3,3} {6,1} {10,1}

coeff: 1.47552086
operators: {0,1} {3,3} {7,1} {11,1}

coeff: 0.202596513
operators: {0,1} {3,3} {8,1} {10,1}

coeff: -0.272675276
operators: {0,1} {3,3} {9,1} {11,1}

coeff: -0.399036014
operators: {0,1} {4,5} {6,1}

coeff: -1.31728543
operators: {0,1} {4,5} {8,1}

coeff: 2.85534004
operators: {0,1} {4,3} {5,1} {11,1}

coeff: -4.24811186
operators: {0,1} {4,3} {6,1} {10,1}

coeff: 2.95666602
operators: {0,1} {4,3} {7,1} {11,1}

coeff: 0.605166323
operators: {0,1} {4,3} {8,1} {10,1}

coeff: -0.705128514
operators: {0,1} {4,3} {9,1} {11,1}

coeff: -0.0156903425
operators: {0,1} {4,1} {5,3} {6,1}

coeff: -1.97114574
operators: {0,1} {4,1} {5,3} {8,1}

coeff: 0.0323442332
operators: {0,1} {4,1} {5,1} {6,1} {7,1}

coeff: -5.80249347
operators: {0,1} {4,1} {5,1} {6,1} {9,1}

coeff: -4.18518456
operators: {0,1} {4,1} {5,1} {7,1} {8,1}

coeff: 0.807534946
operators: {0,1} {4,1} {5,1} {8,1} {9,1}

coeff: 0.586783325
operators: {0,1} {4,1} {5,1} {10,1} {11,1}

coeff: 0.0689967193
operators: {0,1} {4,1} {6,5}

coeff: -4.26112717
operators: {0,1} {4,1} {6,3} {8,1}

coeff: -0.119743262
operators: {0,1} {4,1} {6,1} {7,3}

coeff: -6.01949788
operators: {0,1} {4,1} {6,1} {7,1} {9,1}

coeff: 0.626451622
operators: {0,1} {4,1} {6,1} {8,3}

coeff: 0.808609055
operators: {0,1} {4,1} {6,1} {9,3}

coeff: -0.35404469
operators: {0,1} {4,1} {6,1} {10,3}

coeff: -0.327171476
operators: {0,1} {4,1} {6,1} {11,3}

coeff: -2.12558985
operators: {0,1} {4,1} {7,3} {8,1}

coeff: 1.55281913
operators: {0,1} {4,1} {7,1} {8,1} {9,1}

coeff: -0.0874292522
operators: {0,1} {4,1} {7,1} {10,1} {11,1}

coeff: 1.63347068
operators: {0,1} {4,1} {8,5}

coeff: 4.83782836
operators: {0,1} {4,1} {8,1} {9,3}

coeff: 5.17972849
operators: {0,1} {4,1} {8,1} {10,3}

coeff: 5.16228219
operators: {0,1} {4,1} {8,1} {11,3}

coeff: -10.3403926
operators: {0,1} {4,1} {9,1} {10,1} {11,1}

coeff: 0.562533525
operators: {0,1} {5,5} {11,1}

coeff: -2.28134051
operators: {0,1} {5,3} {6,1} {10,1}

coeff: 1.72728516
operators: {0,1} {5,3} {7,1} {11,1}

coeff: -0.398259688
operators: {0,1} {5,3} {8,1} {10,1}

coeff: 0.32541526
operators: {0,1} {5,3} {9,1} {11,1}

coeff: 3.35914778
operators: {0,1} {5,1} {6,3} {11,1}

coeff: -4.93298833
operators: {0,1} {5,1} {6,1} {7,1} {10,1}

coeff: 0.688377529
operators: {0,1} {5,1} {6,1} {8,1} {11,1}

coeff: -0.533899872
operators: {0,1} {5,1} {6,1} {9,1} {10,1}

coeff: 1.79837038
operators: {0,1} {5,1} {7,3} {11,1}

coeff: -0.111755384
operators: {0,1} {5,1} {7,1} {8,1} {10,1}

coeff: 0.0781111327
operators: {0,1} {5,1} {7,1} {9,1} {11,1}

coeff: -3.61444158
operators: {0,1} {5,1} {8,3} {11,1}

coeff: 7.23611596
operators: {0,1} {5,1} {8,1} {9,1} {10,1}

coeff: -3.61984103
operators: {0,1} {5,1} {9,3} {11,1}

coeff: -3.89572163
operators: {0,1} {5,1} {10,3} {11,1}

coeff: -1.30450489
operators: {0,1} {5,1} {11,5}

coeff: -1.72712809
operators: {0,1} {6,5} {10,1}

coeff: 3.67316449
operators: {0,1} {6,3} {7,1} {11,1}

coeff: -0.337546461
operators: {0,1} {6,3} {8,1} {10,1}

coeff: 0.245324682
operators: {0,1} {6,3} {9,1} {11,1}

coeff: -2.67204852
operators: {0,1} {6,1} {7,3} {10,1}

coeff: -0.159760661
operators: {0,1} {6,1} {7,1} {8,1} {11,1}

coeff: 0.280969301
operators: {0,1} {6,1} {7,1} {9,1} {10,1}

coeff: 5.35722221
operators: {0,1} {6,1} {8,3} {10,1}

coeff: -10.6791025
operators: {0,1} {6,1} {8,1} {9,1} {11,1}

coeff: 5.38370514
operators: {0,1} {6,1} {9,3} {10,1}

coeff: 1.960044
operators: {0,1} {6,1} {10,5}

coeff: 5.81433514
operators: {0,1} {6,1} {10,1} {11,3}

coeff: 0.628787327
operators: {0,1} {7,5} {11,1}

coeff: 0.287725662
operators: {0,1} {7,3} {8,1} {10,1}

coeff: -0.281747931
operators: {0,1} {7,3} {9,1} {11,1}

coeff: -3.82358571
operators: {0,1} {7,1} {8,3} {11,1}

coeff: 7.61831545
operators: {0,1} {7,1} {8,1} {9,1} {10,1}

coeff: -3.7994585
operators: {0,1} {7,1} {9,3} {11,1}

coeff: -4.20413191
operators: {0,1} {7,1} {10,3} {11,1}

coeff: -1.40781519
operators: {0,1} {7,1} {11,5}

coeff: -0.165418348
operators: {0,1} {8,5} {10,1}

coeff: 0.620401062
operators: {0,1} {8,3} {9,1} {11,1}

coeff: -0.701661857
operators: {0,1} {8,1} {9,3} {10,1}

coeff: 0.146675844
operators: {0,1} {8,1} {10,5}

coeff: 0.389812121
operators: {0,1} {8,1} {10,1} {11,3}

coeff: 0.259725687
operators: {0,1} {9,5} {11,1}

coeff: -0.304712782
operators: {0,1} {9,1} {10,3} {11,1}

coeff: -0.101839961
operators: {0,1} {9,1} {11,5}

coeff: -0.0227962669
operators: {1,7} {5,1}

coeff: -0.0488527454
operators: {1,7} {7,1}

coeff: 0.839282271
operators: {1,7} {9,1}

coeff: 0.406146793
operators: {1,5} {2,1} {6,1}

coeff: -3.22560175
operators: {1,5} {2,1} {8,1}

coeff: 2.9596688
operators: {1,5} {3,1} {11,1}

coeff: -0.438812746
operators: {1,3} {2,3} {5,1}

coeff: -0.368885049
operators: {1,3} {2,3} {7,1}

coeff: 4.95749503
operators: {1,3} {2,3} {9,1}

coeff: 0.574722454
operators: {1,3} {2,1} {3,1} {4,1}

coeff: 9.25317823
operators: {1,3} {2,1} {3,1} {10,1}

coeff: -0.0416300211
operators: {1,3} {3,3} {5,1}

coeff: -0.104933461
operators: {1,3} {3,3} {7,1}

coeff: 3.69621546
operators: {1,3} {3,3} {9,1}

coeff: 0.0610175105
operators: {1,3} {4,3} {5,1}

coeff: 0.117786361
operators: {1,3} {4,3} {7,1}

coeff: 0.845059781
operators: {1,3} {4,3} {9,1}

coeff: 1.33121472
operators: {1,3} {4,1} {5,1} {10,1}

coeff: -1.84939304
operators: {1,3} {4,1} {6,1} {11,1}

coeff: 1.3752133
operators: {1,3} {4,1} {7,1} {10,1}

coeff: 0.221878322
operators: {1,3} {4,1} {8,1} {11,1}

coeff: -0.259981921
operators: {1,3} {4,1} {9,1} {10,1}

coeff: 0.010508624
operators: {1,3} {5,5}

coeff: -0.0865807689
operators: {1,3} {5,3} {7,1}

coeff: 0.402975839
operators: {1,3} {5,3} {9,1}

coeff: -0.15666223
operators: {1,3} {5,1} {6,3}

coeff: 1.10420231
operators: {1,3} {5,1} {6,1} {8,1}

coeff: 0.0551115648
operators: {1,3} {5,1} {7,3}

coeff: 0.723861544
operators: {1,3} {5,1} {7,1} {9,1}

coeff: 0.148320911
operators: {1,3} {5,1} {8,3}

coeff: 0.11857782
operators: {1,3} {5,1} {9,3}

coeff: 0.181874607
operators: {1,3} {5,1} {10,3}

coeff: 0.175319398
operators: {1,3} {5,1} {11,3}

coeff: -0.134488089
operators: {1,3} {6,3} {7,1}

coeff: 0.868615812
operators: {1,3} {6,3} {9,1}

coeff: 1.21396363
operators: {1,3} {6,1} {7,1} {8,1}

coeff: 0.21660091
operators: {1,3} {6,1} {8,1} {9,1}

coeff: -0.411431854
operators: {1,3} {6,1} {10,1} {11,1}

coeff: -0.0524978699
operators: {1,3} {7,5}

coeff: 0.507428638
operators: {1,3} {7,3} {9,1}

coeff: -0.0667326937
operators: {1,3} {7,1} {8,3}

coeff: -0.101293711
operators: {1,3} {7,1} {9,3}

coeff: -0.00448960432
operators: {1,3} {7,1} {10,3}

coeff: 0.0101530384
operators: {1,3} {7,1} {11,3}

coeff: -3.04226417
operators: {1,3} {8,3} {9,1}

coeff: 6.73893979
operators: {1,3} {8,1} {10,1} {11,1}

coeff: -0.956093945
operators: {1,3} {9,5}

coeff: -3.38920291
operators: {1,3} {9,1} {10,3}

coeff: -3.28539684
operators: {1,3} {9,1} {11,3}

coeff: 0.537167163
operators: {1,1} {2,5} {6,1}

coeff: -3.41594319
operators: {1,1} {2,5} {8,1}

coeff: 9.49213928
operators: {1,1} {2,3} {3,1} {11,1}

coeff: 0.293771208
operators: {1,1} {2,1} {3,3} {6,1}

coeff: -7.89856954
operators: {1,1} {2,1} {3,3} {8,1}

coeff: -0.107371974
operators: {1,1} {2,1} {4,3} {6,1}

coeff: -1.71062088
operators: {1,1} {2,1} {4,3} {8,1}

coeff: 2.60608272
operators: {1,1} {2,1} {4,1} {5,1} {11,1}

coeff: -3.84690846
operators: {1,1} {2,1} {4,1} {6,1} {10,1}

coeff: 2.68018178
operators: {1,1} {2,1} {4,1} {7,1} {11,1}

coeff: 0.411171499
operators: {1,1} {2,1} {4,1} {8,1} {10,1}

coeff: -0.471988613
operators: {1,1} {2,1} {4,1} {9,1} {11,1}

coeff: 0.268104026
operators: {1,1} {2,1} {5,3} {6,1}

coeff: -0.762997828
operators: {1,1} {2,1} {5,3} {8,1}

coeff: 0.493534948
operators: {1,1} {2,1} {5,1} {6,1} {7,1}

coeff: -2.19034371
operators: {1,1} {2,1} {5,1} {6,1} {9,1}

coeff: -1.60604538
operators: {1,1} {2,1} {5,1} {7,1} {8,1}

coeff: -0.655287269
operators: {1,1} {2,1} {5,1} {8,1} {9,1}

coeff: 0.864432318
operators: {1,1} {2,1} {5,1} {10,1} {11,1}

coeff: 0.194736494
operators: {1,1} {2,1} {6,5}

coeff: -1.65687357
operators: {1,1} {2,1} {6,3} {8,1}

coeff: 0.197009353
operators: {1,1} {2,1} {6,1} {7,3}

coeff: -2.40397439
operators: {1,1} {2,1} {6,1} {7,1} {9,1}

coeff: -0.294120026
operators: {1,1} {2,1} {6,1} {8,3}

coeff: -0.241320294
operators: {1,1} {2,1} {6,1} {9,3}

coeff: -0.460882369
operators: {1,1} {2,1} {6,1} {10,3}

coeff: -0.423414111
operators: {1,1} {2,1} {6,1} {11,3}

coeff: -0.858759775
operators: {1,1} {2,1} {7,3} {8,1}

coeff: 0.381833577
operators: {1,1} {2,1} {7,1} {8,1} {9,1}

coeff: -0.0741642463
operators: {1,1} {2,1} {7,1} {10,1} {11,1}

coeff: 2.11907674
operators: {1,1} {2,1} {8,5}

coeff: 6.28048441
operators: {1,1} {2,1} {8,1} {9,3}

coeff: 6.94294538
operators: {1,1} {2,1} {8,1} {10,3}

coeff: 6.88614385
operators: {1,1} {2,1} {8,1} {11,3}

coeff: -13.8047032
operators: {1,1} {2,1} {9,1} {10,1} {11,1}

coeff: 2.30793017
operators: {1,1} {3,5} {11,1}

coeff: 1.53958558
operators: {1,1} {3,1} {4,3} {11,1}

coeff: -0.139608666
operators: {1,1} {3,1} {4,1} {5,1} {6,1}

coeff: -2.25331102
operators: {1,1} {3,1} {4,1} {5,1} {8,1}

coeff: -0.072221702
operators: {1,1} {3,1} {4,1} {6,1} {7,1}

coeff: -3.16651316
operators: {1,1} {3,1} {4,1} {6,1} {9,1}

coeff: -2.32782412
operators: {1,1} {3,1} {4,1} {7,1} {8,1}

coeff: 0.770980344
operators: {1,1} {3,1} {4,1} {8,1} {9,1}

coeff: -0.0850625236
operators: {1,1} {3,1} {4,1} {10,1} {11,1}

coeff: 0.805131851
operators: {1,1} {3,1} {5,3} {11,1}

coeff: -2.44707246
operators: {1,1} {3,1} {5,1} {6,1} {10,1}

coeff: 1.71457633
operators: {1,1} {3,1} {5,1} {7,1} {11,1}

coeff: -0.490173326
operators: {1,1} {3,1} {5,1} {8,1} {10,1}

coeff: 0.456005829
operators: {1,1} {3,1} {5,1} {9,1} {11,1}

coeff: 1.82905561
operators: {1,1} {3,1} {6,3} {11,1}

coeff: -2.70448384
operators: {1,1} {3,1} {6,1} {7,1} {10,1}

coeff: 0.435547904
operators: {1,1} {3,1} {6,1} {8,1} {11,1}

coeff: -0.354565602
operators: {1,1} {3,1} {6,1} {9,1} {10,1}

coeff: 1.02988771
operators: {1,1} {3,1} {7,3} {11,1}

coeff: 0.333436969
operators: {1,1} {3,1} {7,1} {8,1} {10,1}

coeff: -0.318372782
operators: {1,1} {3,1} {7,1} {9,1} {11,1}

coeff: -5.91798049
operators: {1,1} {3,1} {8,3} {11,1}

coeff: 11.8061844
operators: {1,1} {3,1} {8,1} {9,1} {10,1}

coeff: -5.79971964
operators: {1,1} {3,1} {9,3} {11,1}

coeff: -6.27744928
operators: {1,1} {3,1} {10,3} {11,1}

coeff: -2.07598508
operators: {1,1} {3,1} {11,5}

coeff: -0.120231289
operators: {2,7} {5,1}

coeff: -0.0779210398
operators: {2,7} {7,1}

coeff: 0.894805169
operators: {2,7} {9,1}

coeff: 0.202160668
operators: {2,5} {3,1} {4,1}

coeff: 3.13267722
operators: {2,5} {3,1} {10,1}

coeff: -0.118121177
operators: {2,3} {3,3} {5,1}

coeff: -0.139155378
operators: {2,3} {3,3} {7,1}

coeff: 3.81944289
operators: {2,3} {3,3} {9,1}

coeff: 0.0879814551
operators: {2,3} {4,3} {5,1}

coeff: 0.073978917
operators: {2,3} {4,3} {7,1}

coeff: 0.852874684
operators: {2,3} {4,3} {9,1}

coeff: 1.26202388
operators: {2,3} {4,1} {5,1} {10,1}

coeff: -1.94545701
operators: {2,3} {4,1} {6,1} {11,1}

coeff: 1.31149588
operators: {2,3} {4,1} {7,1} {10,1}

coeff: 0.141107896
operators: {2,3} {4,1} {8,1} {11,1}

coeff: -0.210890005
operators: {2,3} {4,1} {9,1} {10,1}

coeff: -0.0442736471
operators: {2,3} {5,5}

coeff: -0.0833815417
operators: {2,3} {5,3} {7,1}

coeff: 0.3755809
operators: {2,3} {5,3} {9,1}

coeff: -0.192180842
operators: {2,3} {5,1} {6,3}

coeff: 1.06456722
operators: {2,3} {5,1} {6,1} {8,1}

coeff: -0.0661603078
operators: {2,3} {5,1} {7,3}

coeff: 0.795874395
operators: {2,3} {5,1} {7,1} {9,1}

coeff: 0.202553348
operators: {2,3} {5,1} {8,3}

coeff: 0.193962385
operators: {2,3} {5,1} {9,3}

coeff: 0.237821444
operators: {2,3} {5,1} {10,3}

coeff: 0.261516562
operators: {2,3} {5,1} {11,3}

coeff: -0.147010033
operators: {2,3} {6,3} {7,1}

coeff: 0.822784596
operators: {2,3} {6,3} {9,1}

coeff: 1.20052161
operators: {2,3} {6,1} {7,1} {8,1}

coeff: 0.349565157
operators: {2,3} {6,1} {8,1} {9,1}

coeff: -0.484889677
operators: {2,3} {6,1} {10,1} {11,1}

coeff: -0.0144038022
operators: {2,3} {7,5}

coeff: 0.455739209
operators: {2,3} {7,3} {9,1}

coeff: -0.0835712345
operators: {2,3} {7,1} {8,3}

coeff: -0.0876719232
operators: {2,3} {7,1} {9,3}

coeff: -0.0336954214
operators: {2,3} {7,1} {10,3}

coeff: -0.0367708493
operators: {2,3} {7,1} {11,3}

coeff: -3.21725469
operators: {2,3} {8,3} {9,1}

coeff: 7.06195176
operators: {2,3} {8,1} {10,1} {11,1}

coeff: -1.03263815
operators: {2,3} {9,5}

coeff: -3.49171302
operators: {2,3} {9,1} {10,3}

coeff: -3.51477843
operators: {2,3} {9,1} {11,3}

coeff: 0.203598909
operators: {2,1} {3,5} {4,1}

coeff: 2.33025187
operators: {2,1} {3,5} {10,1}

coeff: 0.192225615
operators: {2,1} {3,1} {4,5}

coeff: 1.55979395
operators: {2,1} {3,1} {4,3} {10,1}

coeff: 0.110353863
operators: {2,1} {3,1} {4,1} {5,3}

coeff: 0.109582617
operators: {2,1} {3,1} {4,1} {5,1} {7,1}

coeff: 2.15425244
operators: {2,1} {3,1} {4,1} {5,1} {9,1}

coeff: 0.114548535
operators: {2,1} {3,1} {4,1} {6,3}

coeff: 3.35078482
operators: {2,1} {3,1} {4,1} {6,1} {8,1}

coeff: 0.0409055231
operators: {2,1} {3,1} {4,1} {7,3}

coeff: 2.15941441
operators: {2,1} {3,1} {4,1} {7,1} {9,1}

coeff: -0.313602865
operators: {2,1} {3,1} {4,1} {8,3}

coeff: -0.422452528
operators: {2,1} {3,1} {4,1} {9,3}

coeff: -0.0128494032
operators: {2,1} {3,1} {4,1} {10,3}

coeff: -0.00425015564
operators: {2,1} {3,1} {4,1} {11,3}

coeff: 0.821387362
operators: {2,1} {3,1} {5,3} {10,1}

coeff: -2.47010098
operators: {2,1} {3,1} {5,1} {6,1} {11,1}

coeff: 1.76436968
operators: {2,1} {3,1} {5,1} {7,1} {10,1}

coeff: -0.589265701
operators: {2,1} {3,1} {5,1} {8,1} {11,1}

coeff: 0.54301217
operators: {2,1} {3,1} {5,1} {9,1} {10,1}

coeff: 1.86919213
operators: {2,1} {3,1} {6,3} {10,1}

coeff: -2.73348758
operators: {2,1} {3,1} {6,1} {7,1} {11,1}

coeff: 0.530918283
operators: {2,1} {3,1} {6,1} {8,1} {10,1}

coeff: -0.392104449
operators: {2,1} {3,1} {6,1} {9,1} {11,1}

coeff: 1.00981845
operators: {2,1} {3,1} {7,3} {10,1}

coeff: 0.336395487
operators: {2,1} {3,1} {7,1} {8,1} {11,1}

coeff: -0.315451915
operators: {2,1} {3,1} {7,1} {9,1} {10,1}

coeff: -6.0680829
operators: {2,1} {3,1} {8,3} {10,1}

coeff: 12.0403027
operators: {2,1} {3,1} {8,1} {9,1} {11,1}

coeff: -5.96892744
operators: {2,1} {3,1} {9,3} {10,1}

coeff: -2.14888492
operators: {2,1} {3,1} {10,5}

coeff: -6.40975222
operators: {2,1} {3,1} {10,1} {11,3}

coeff: 0.0216262078
operators: {3,7} {5,1}

coeff: 0.00173231021
operators: {3,7} {7,1}

coeff: 0.501694301
operators: {3,7} {9,1}

coeff: 0.139576702
operators: {3,3} {4,3} {5,1}

coeff: 0.0949977325
operators: {3,3} {4,3} {7,1}

coeff: 0.681393956
operators: {3,3} {4,3} {9,1}

coeff: 0.976658875
operators: {3,3} {4,1} {5,1} {10,1}

coeff: -1.4663475
operators: {3,3} {4,1} {6,1} {11,1}

coeff: 1.00155151
operators: {3,3} {4,1} {7,1} {10,1}

coeff: 0.214765145
operators: {3,3} {4,1} {8,1} {11,1}

coeff: -0.261362669
operators: {3,3} {4,1} {9,1} {10,1}

coeff: 0.00621841648
operators: {3,3} {5,5}

coeff: -0.0137359787
operators: {3,3} {5,3} {7,1}

coeff: 0.265203672
operators: {3,3} {5,3} {9,1}

coeff: -0.0639194136
operators: {3,3} {5,1} {6,3}

coeff: 0.831946648
operators: {3,3} {5,1} {6,1} {8,1}

coeff: -0.0162827407
operators: {3,3} {5,1} {7,3}

coeff: 0.575798598
operators: {3,3} {5,1} {7,1} {9,1}

coeff: -0.010456044
operators: {3,3} {5,1} {8,3}

coeff: -0.021343587
operators: {3,3} {5,1} {9,3}

coeff: 0.176968025
operators: {3,3} {5,1} {10,3}

coeff: 0.168815236
operators: {3,3} {5,1} {11,3}

coeff: -0.0974418204
operators: {3,3} {6,3} {7,1}

coeff: 0.632629093
operators: {3,3} {6,3} {9,1}

coeff: 0.980947828
operators: {3,3} {6,1} {7,1} {8,1}

coeff: -0.180968838
operators: {3,3} {6,1} {8,1} {9,1}

coeff: -0.344844355
operators: {3,3} {6,1} {10,1} {11,1}

coeff: -0.0129449644
operators: {3,3} {7,5}

coeff: 0.390701069
operators: {3,3} {7,3} {9,1}

coeff: -0.220860189
operators: {3,3} {7,1} {8,3}

coeff: -0.173399125
operators: {3,3} {7,1} {9,3}

coeff: -0.0236250316
operators: {3,3} {7,1} {10,3}

coeff: -0.0203434526
operators: {3,3} {7,1} {11,3}

coeff: -2.59362361
operators: {3,3} {8,3} {9,1}

coeff: 5.41503688
operators: {3,3} {8,1} {10,1} {11,1}

coeff: -0.825435292
operators: {3,3} {9,5}

coeff: -2.70149238
operators: {3,3} {9,1} {10,3}

coeff: -2.67993519
operators: {3,3} {9,1} {11,3}

coeff: 0.0551844752
operators: {4,7} {5,1}

coeff: 0.0792713163
operators: {4,7} {7,1}

coeff: 0.232086209
operators: {4,7} {9,1}

coeff: 0.688400039
operators: {4,5} {5,1} {10,1}

coeff: -1.00007009
operators: {4,5} {6,1} {11,1}

coeff: 0.668397977
operators: {4,5} {7,1} {10,1}

coeff: 0.15588017
operators: {4,5} {8,1} {11,1}

coeff: -0.178112731
operators: {4,5} {9,1} {10,1}

coeff: 0.0283288862
operators: {4,3} {5,5}

coeff: 0.00964651772
operators: {4,3} {5,3} {7,1}

coeff: 0.736350842
operators: {4,3} {5,3} {9,1}

coeff: 0.0280914858
operators: {4,3} {5,1} {6,3}

coeff: 2.04083531
operators: {4,3} {5,1} {6,1} {8,1}

coeff: 0.143615868
operators: {4,3} {5,1} {7,3}

coeff: 1.28750657
operators: {4,3} {5,1} {7,1} {9,1}

coeff: -0.128625804
operators: {4,3} {5,1} {8,3}

coeff: -0.165567458
operators: {4,3} {5,1} {9,3}

coeff: 0.0851739229
operators: {4,3} {5,1} {10,3}

coeff: 0.0819410132
operators: {4,3} {5,1} {11,3}

coeff: 0.0360992423
operators: {4,3} {6,3} {7,1}

coeff: 1.50830082
operators: {4,3} {6,3} {9,1}

coeff: 2.13977342
operators: {4,3} {6,1} {7,1} {8,1}

coeff: -0.583837242
operators: {4,3} {6,1} {8,1} {9,1}

coeff: -0.0918785754
operators: {4,3} {6,1} {10,1} {11,1}

coeff: 0.0061313856
operators: {4,3} {7,5}

coeff: 0.736804752
operators: {4,3} {7,3} {9,1}

coeff: -0.271675751
operators: {4,3} {7,1} {8,3}

coeff: -0.293594013
operators: {4,3} {7,1} {9,3}

coeff: -0.0499256452
operators: {4,3} {7,1} {10,3}

coeff: -0.0523781988
operators: {4,3} {7,1} {11,3}

coeff: -1.69628861
operators: {4,3} {8,3} {9,1}

coeff: 3.64485815
operators: {4,3} {8,1} {10,1} {11,1}

coeff: -0.538242481
operators: {4,3} {9,5}

coeff: -1.81694952
operators: {4,3} {9,1} {10,3}

coeff: -1.79457883
operators: {4,3} {9,1} {11,3}

coeff: 0.374852982
operators: {4,1} {5,5} {10,1}

coeff: -1.57825072
operators: {4,1} {5,3} {6,1} {11,1}

coeff: 1.09068172
operators: {4,1} {5,3} {7,1} {10,1}

coeff: -0.193852161
operators: {4,1} {5,3} {8,1} {11,1}

coeff: 0.151351306
operators: {4,1} {5,3} {9,1} {10,1}

coeff: 2.33852901
operators: {4,1} {5,1} {6,3} {10,1}

coeff: -3.37144036
operators: {4,1} {5,1} {6,1} {7,1} {11,1}

coeff: 0.358838211
operators: {4,1} {5,1} {6,1} {8,1} {10,1}

coeff: -0.208644047
operators: {4,1} {5,1} {6,1} {9,1} {11,1}

coeff: 1.23931858
operators: {4,1} {5,1} {7,3} {10,1}

coeff: 0.0290108436
operators: {4,1} {5,1} {7,1} {8,1} {11,1}

coeff: -0.115765149
operators: {4,1} {5,1} {7,1} {9,1} {10,1}

coeff: -2.56513651
operators: {4,1} {5,1} {8,3} {10,1}

coeff: 5.12521401
operators: {4,1} {5,1} {8,1} {9,1} {11,1}

coeff: -2.57438172
operators: {4,1} {5,1} {9,3} {10,1}

coeff: -0.932416639
operators: {4,1} {5,1} {10,5}

coeff: -2.78099816
operators: {4,1} {5,1} {10,1} {11,3}

coeff: -1.16504905
operators: {4,1} {6,5} {11,1}

coeff: 2.53498372
operators: {4,1} {6,3} {7,1} {10,1}

coeff: -0.148041046
operators: {4,1} {6,3} {8,1} {11,1}

coeff: 0.0633815553
operators: {4,1} {6,3} {9,1} {10,1}

coeff: -1.80950751
operators: {4,1} {6,1} {7,3} {11,1}

coeff: -0.202180754
operators: {4,1} {6,1} {7,1} {8,1} {10,1}

coeff: 0.295778066
operators: {4,1} {6,1} {7,1} {9,1} {11,1}

coeff: 3.78121443
operators: {4,1} {6,1} {8,3} {11,1}

coeff: -7.5759144
operators: {4,1} {6,1} {8,1} {9,1} {10,1}

coeff: 3.75638257
operators: {4,1} {6,1} {9,3} {11,1}

coeff: 4.11262689
operators: {4,1} {6,1} {10,3} {11,1}

coeff: 1.36383713
operators: {4,1} {6,1} {11,5}

coeff: 0.393896294
operators: {4,1} {7,5} {10,1}

coeff: 0.239643927
operators: {4,1} {7,3} {8,1} {11,1}

coeff: -0.229829147
operators: {4,1} {7,3} {9,1} {10,1}

coeff: -2.69356892
operators: {4,1} {7,1} {8,3} {10,1}

coeff: 5.32700941
operators: {4,1} {7,1} {8,1} {9,1} {11,1}

coeff: -2.66831373
operators: {4,1} {7,1} {9,3} {10,1}

coeff: -0.992693014
operators: {4,1} {7,1} {10,5}

coeff: -2.93881201
operators: {4,1} {7,1} {10,1} {11,3}

coeff: -0.12617429
operators: {4,1} {8,5} {11,1}

coeff: 0.469587759
operators: {4,1} {8,3} {9,1} {10,1}

coeff: -0.511267324
operators: {4,1} {8,1} {9,3} {11,1}

coeff: 0.245408923
operators: {4,1} {8,1} {10,3} {11,1}

coeff: 0.0913866958
operators: {4,1} {8,1} {11,5}

coeff: 0.203009208
operators: {4,1} {9,5} {10,1}

coeff: -0.0505901532
operators: {4,1} {9,1} {10,5}

coeff: -0.179364737
operators: {4,1} {9,1} {10,1} {11,3}

coeff: -0.0127127405
operators: {5,9}

coeff: 0.0043349412
operators: {5,7} {7,1}

coeff: 0.0523060951
operators: {5,7} {9,1}

coeff: -0.0414009836
operators: {5,5} {6,3}

coeff: 0.269355601
operators: {5,5} {6,1} {8,1}

coeff: -0.096432568
operators: {5,5} {7,3}

coeff: 0.23652853
operators: {5,5} {7,1} {9,1}

coeff: 0.054876342
operators: {5,5} {8,3}

coeff: 0.0368695832
operators: {5,5} {9,3}

coeff: 0.0649633395
operators: {5,5} {10,3}

coeff: 0.0636301414
operators: {5,5} {11,3}

coeff: -0.138168834
operators: {5,3} {6,3} {7,1}

coeff: 0.611328377
operators: {5,3} {6,3} {9,1}

coeff: 0.895511999
operators: {5,3} {6,1} {7,1} {8,1}

coeff: 0.271609555
operators: {5,3} {6,1} {8,1} {9,1}

coeff: -0.427550206
operators: {5,3} {6,1} {10,1} {11,1}

coeff: 0.0949694977
operators: {5,3} {7,5}

coeff: 0.262065025
operators: {5,3} {7,3} {9,1}

coeff: 0.0790272246
operators: {5,3} {7,1} {8,3}

coeff: 0.0953233642
operators: {5,3} {7,1} {9,3}

coeff: 0.108171565
operators: {5,3} {7,1} {10,3}

coeff: 0.124482509
operators: {5,3} {7,1} {11,3}

coeff: -0.847059494
operators: {5,3} {8,3} {9,1}

coeff: 1.92473334
operators: {5,3} {8,1} {10,1} {11,1}

coeff: -0.26674695
operators: {5,3} {9,5}

coeff: -0.954205391
operators: {5,3} {9,1} {10,3}

coeff: -0.949141613
operators: {5,3} {9,1} {11,3}

coeff: -0.0534606852
operators: {5,1} {6,7}

coeff: 0.604897779
operators: {5,1} {6,5} {8,1}

coeff: -0.115208144
operators: {5,1} {6,3} {7,3}

coeff: 1.30741484
operators: {5,1} {6,3} {7,1} {9,1}

coeff: 0.166847463
operators: {5,1} {6,3} {8,3}

coeff: 0.140952183
operators: {5,1} {6,3} {9,3}

coeff: 0.270730657
operators: {5,1} {6,3} {10,3}

coeff: 0.270276196
operators: {5,1} {6,3} {11,3}

coeff: 0.940323317
operators: {5,1} {6,1} {7,3} {8,1}

coeff: 0.205443831
operators: {5,1} {6,1} {7,1} {8,1} {9,1}

coeff: -0.469286536
operators: {5,1} {6,1} {7,1} {10,1} {11,1}

coeff: -0.846340674
operators: {5,1} {6,1} {8,5}

coeff: -2.5493456
operators: {5,1} {6,1} {8,1} {9,3}

coeff: -2.87408621
operators: {5,1} {6,1} {8,1} {10,3}

coeff: -2.87534892
operators: {5,1} {6,1} {8,1} {11,3}

coeff: 5.76483682
operators: {5,1} {6,1} {9,1} {10,1} {11,1}

coeff: -0.0816535518
operators: {5,1} {7,7}

coeff: 0.293244692
operators: {5,1} {7,5} {9,1}

coeff: -0.00911781734
operators: {5,1} {7,3} {8,3}

coeff: -0.0284763373
operators: {5,1} {7,3} {9,3}

coeff: 0.0228972035
operators: {5,1} {7,3} {10,3}

coeff: 0.022663014
operators: {5,1} {7,3} {11,3}

coeff: -1.81328293
operators: {5,1} {7,1} {8,3} {9,1}

coeff: 4.14300203
operators: {5,1} {7,1} {8,1} {10,1} {11,1}

coeff: -0.599004274
operators: {5,1} {7,1} {9,5}

coeff: -2.08375874
operators: {5,1} {7,1} {9,1} {10,3}

coeff: -2.06525822
operators: {5,1} {7,1} {9,1} {11,3}

coeff: -0.00592148591
operators: {5,1} {8,7}

coeff: 0.0472558803
operators: {5,1} {8,3} {9,3}

coeff: -0.211670124
operators: {5,1} {8,3} {10,3}

coeff: -0.200549727
operators: {5,1} {8,3} {11,3}

coeff: 0.67800138
operators: {5,1} {8,1} {9,1} {10,1} {11,1}

coeff: 0.00876525004
operators: {5,1} {9,7}

coeff: -0.15053149
operators: {5,1} {9,3} {10,3}

coeff: -0.156710447
operators: {5,1} {9,3} {11,3}

coeff: -0.0707520313
operators: {5,1} {10,7}

coeff: -0.39510686
operators: {5,1} {10,3} {11,3}

coeff: -0.070907434
operators: {5,1} {11,7}

coeff: -0.0393039429
operators: {6,7} {7,1}

coeff: 0.242118493
operators: {6,7} {9,1}

coeff: 0.673975706
operators: {6,5} {7,1} {8,1}

coeff: 0.11906231
operators: {6,5} {8,1} {9,1}

coeff: -0.213261851
operators: {6,5} {10,1} {11,1}

coeff: -0.0125681797
operators: {6,3} {7,5}

coeff: 0.736259045
operators: {6,3} {7,3} {9,1}

coeff: 0.0322934989
operators: {6,3} {7,1} {8,3}

coeff: 0.0218761526
operators: {6,3} {7,1} {9,3}

coeff: 0.110081516
operators: {6,3} {7,1} {10,3}

coeff: 0.105434389
operators: {6,3} {7,1} {11,3}

coeff: -1.85579595
operators: {6,3} {8,3} {9,1}

coeff: 4.27090723
operators: {6,3} {8,1} {10,1} {11,1}

coeff: -0.590926679
operators: {6,3} {9,5}

coeff: -2.134568
operators: {6,3} {9,1} {10,3}

coeff: -2.09826277
operators: {6,3} {9,1} {11,3}

coeff: 0.324233707
operators: {6,1} {7,5} {8,1}

coeff: -0.102803403
operators: {6,1} {7,3} {8,1} {9,1}

coeff: 0.0265650588
operators: {6,1} {7,3} {10,1} {11,1}

coeff: -0.901945359
operators: {6,1} {7,1} {8,5}

coeff: -2.67132398
operators: {6,1} {7,1} {8,1} {9,3}

coeff: -3.10116379
operators: {6,1} {7,1} {8,1} {10,3}

coeff: -3.08170594
operators: {6,1} {7,1} {8,1} {11,3}

coeff: 6.15198198
operators: {6,1} {7,1} {9,1} {10,1} {11,1}

coeff: 0.125975012
operators: {6,1} {8,5} {9,1}

coeff: 0.24582263
operators: {6,1} {8,3} {10,1} {11,1}

coeff: 0.164968885
operators: {6,1} {8,1} {9,5}

coeff: -0.184679173
operators: {6,1} {8,1} {9,1} {10,3}

coeff: -0.19446428
operators: {6,1} {8,1} {9,1} {11,3}

coeff: 0.122129855
operators: {6,1} {9,3} {10,1} {11,1}

coeff: 0.278212488
operators: {6,1} {10,5} {11,1}

coeff: 0.27438617
operators: {6,1} {10,1} {11,5}

coeff: 0.0273686019
operators: {7,9}

coeff: 0.0450241257
operators: {7,7} {9,1}

coeff: -0.0215371787
operators: {7,5} {8,3}

coeff: -0.00337236364
operators: {7,5} {9,3}

coeff: -0.0260251621
operators: {7,5} {10,3}

coeff: -0.0171469117
operators: {7,5} {11,3}

coeff: -0.932193306
operators: {7,3} {8,3} {9,1}

coeff: 2.20572128
operators: {7,3} {8,1} {10,1} {11,1}

coeff: -0.277873398
operators: {7,3} {9,5}

coeff: -1.07496892
operators: {7,3} {9,1} {10,3}

coeff: -1.07388077
operators: {7,3} {9,1} {11,3}

coeff: 0.0660902491
operators: {7,1} {8,7}

coeff: 0.413260539
operators: {7,1} {8,3} {9,3}

coeff: 0.170907391
operators: {7,1} {8,3} {10,3}

coeff: 0.164465702
operators: {7,1} {8,3} {11,3}

coeff: -0.688937671
operators: {7,1} {8,1} {9,1} {10,1} {11,1}

coeff: 0.0927256826
operators: {7,1} {9,7}

coeff: 0.240539032
operators: {7,1} {9,3} {10,3}

coeff: 0.21549615
operators: {7,1} {9,3} {11,3}

coeff: 0.00990245953
operators: {7,1} {10,7}

coeff: -0.0163953775
operators: {7,1} {10,3} {11,3}

coeff: 0.00258612296
operators: {7,1} {11,7}

coeff: 0.550385414
operators: {8,7} {9,1}

coeff: -2.32321112
operators: {8,5} {10,1} {11,1}

coeff: 1.10311315
operators: {8,3} {9,5}

coeff: 3.52482146
operators: {8,3} {9,1} {10,3}

coeff: 3.50171632
operators: {8,3} {9,1} {11,3}

coeff: -6.97548396
operators: {8,1} {9,3} {10,1} {11,1}

coeff: -2.44655708
operators: {8,1} {10,5} {11,1}

coeff: -2.42730862
operators: {8,1} {10,1} {11,5}

coeff: 0.145039287
operators: {9,9}

coeff: 1.20747865
operators: {9,5} {10,3}

coeff: 1.19570773
operators: {9,5} {11,3}

coeff: 0.632558797
operators: {9,1} {10,7}

coeff: 3.68744011
operators: {9,1} {10,3} {11,3}

coeff: 0.621582773
operators: {9,1} {11,7}

coeff: -0.0222810473
operators: {0,11}

coeff: -0.00157553417
operators: {0,9} {11,1}

coeff: -0.0572354919
operators: {0,7} {1,3}

coeff: -0.0578995244
operators: {0,7} {2,3}

coeff: -0.0544529755
operators: {0,7} {3,3}

coeff: -0.151590665
operators: {0,7} {4,3}

coeff: 0.0312418014
operators: {0,7} {4,1} {10,1}

coeff: -0.0714520698
operators: {0,7} {5,3}

coeff: -0.170426297
operators: {0,7} {5,1} {7,1}

coeff: -0.00187953077
operators: {0,7} {5,1} {9,1}

coeff: -0.182909026
operators: {0,7} {6,3}

coeff: 0.0369027551
operators: {0,7} {6,1} {8,1}

coeff: -0.0899703675
operators: {0,7} {7,3}

coeff: 0.0390521244
operators: {0,7} {7,1} {9,1}

coeff: 0.140691833
operators: {0,7} {8,3}

coeff: 0.146600844
operators: {0,7} {9,3}

coeff: 0.15054882
operators: {0,7} {10,3}

coeff: 0.150848059
operators: {0,7} {11,3}

coeff: 0.00944879814
operators: {0,5} {1,3} {11,1}

coeff: -0.304125858
operators: {0,5} {1,1} {2,1} {4,1}

coeff: 0.00476276948
operators: {0,5} {1,1} {2,1} {10,1}

coeff: -0.223443108
operators: {0,5} {1,1} {3,1} {5,1}

coeff: -0.216005999
operators: {0,5} {1,1} {3,1} {7,1}

coeff: 0.0620365664
operators: {0,5} {1,1} {3,1} {9,1}

coeff: -0.0116322662
operators: {0,5} {2,3} {11,1}

coeff: 0.320660771
operators: {0,5} {2,1} {3,1} {6,1}

coeff: -0.0389565827
operators: {0,5} {2,1} {3,1} {8,1}

coeff: 0.0141506437
operators: {0,5} {3,3} {11,1}

coeff: 0.0626850422
operators: {0,5} {4,3} {11,1}

coeff: 0.645966916
operators: {0,5} {4,1} {5,1} {6,1}

coeff: -0.0736133649
operators: {0,5} {4,1} {5,1} {8,1}

coeff: 0.675029229
operators: {0,5} {4,1} {6,1} {7,1}

coeff: -0.161823483
operators: {0,5} {4,1} {6,1} {9,1}

coeff: -0.139327889
operators: {0,5} {4,1} {7,1} {8,1}

coeff: -0.814449063
operators: {0,5} {4,1} {8,1} {9,1}

coeff: 0.85894844
operators: {0,5} {4,1} {10,1} {11,1}

coeff: -0.0629512854
operators: {0,5} {5,3} {11,1}

coeff: 0.0670705835
operators: {0,5} {5,1} {6,1} {10,1}

coeff: -0.0436941916
operators: {0,5} {5,1} {7,1} {11,1}

coeff: -0.588705092
operators: {0,5} {5,1} {8,1} {10,1}

coeff: 0.617761288
operators: {0,5} {5,1} {9,1} {11,1}

coeff: -0.029628211
operators: {0,5} {6,3} {11,1}

coeff: -0.00784436875
operators: {0,5} {6,1} {7,1} {10,1}

coeff: 0.893343259
operators: {0,5} {6,1} {8,1} {11,1}

coeff: -0.91554607
operators: {0,5} {6,1} {9,1} {10,1}

coeff: 0.0127847948
operators: {0,5} {7,3} {11,1}

coeff: -0.636596753
operators: {0,5} {7,1} {8,1} {10,1}

coeff: 0.642188832
operators: {0,5} {7,1} {9,1} {11,1}

coeff: -0.041737102
operators: {0,5} {8,3} {11,1}

coeff: 0.0973217266
operators: {0,5} {8,1} {9,1} {10,1}

coeff: -0.0524068411
operators: {0,5} {9,3} {11,1}

coeff: 0.0384713964
operators: {0,5} {10,3} {11,1}

coeff: 0.0135703905
operators: {0,5} {11,5}

coeff: -0.0545688971
operators: {0,3} {1,7}

coeff: -0.304447316
operators: {0,3} {1,3} {2,3}

coeff: -0.235112141
operators: {0,3} {1,3} {3,3}

coeff: -0.161589218
operators: {0,3} {1,3} {4,3}

coeff: 0.0341129092
operators: {0,3} {1,3} {4,1} {10,1}

coeff: -0.0903987908
operators: {0,3} {1,3} {5,3}

coeff: -0.172911025
operators: {0,3} {1,3} {5,1} {7,1}

coeff: 0.0124845373
operators: {0,3} {1,3} {5,1} {9,1}

coeff: -0.20445494
operators: {0,3} {1,3} {6,3}

coeff: 0.012734151
operators: {0,3} {1,3} {6,1} {8,1}

coeff: -0.0951869054
operators: {0,3} {1,3} {7,3}

coeff: 0.0441540161
operators: {0,3} {1,3} {7,1} {9,1}

coeff: 0.254212158
operators: {0,3} {1,3} {8,3}

coeff: 0.245475079
operators: {0,3} {1,3} {9,3}

coeff: 0.288430123
operators: {0,3} {1,3} {10,3}

coeff: 0.266642712
operators: {0,3} {1,3} {11,3}

coeff: 0.0515021942
operators: {0,3} {1,1} {2,1} {4,1} {11,1}

coeff: 0.497521945
operators: {0,3} {1,1} {2,1} {5,1} {6,1}

coeff: 0.0281263558
operators: {0,3} {1,1} {2,1} {5,1} {8,1}

coeff: 0.538614517
operators: {0,3} {1,1} {2,1} {6,1} {7,1}

coeff: -0.0183188339
operators: {0,3} {1,1} {2,1} {6,1} {9,1}

coeff: -0.0616666487
operators: {0,3} {1,1} {2,1} {7,1} {8,1}

coeff: -1.04806543
operators: {0,3} {1,1} {2,1} {8,1} {9,1}

coeff: 1.14444222
operators: {0,3} {1,1} {2,1} {10,1} {11,1}

coeff: 0.643479912
operators: {0,3} {1,1} {3,1} {4,1} {6,1}

coeff: -0.126487196
operators: {0,3} {1,1} {3,1} {4,1} {8,1}

coeff: -0.0121086944
operators: {0,3} {1,1} {3,1} {5,1} {11,1}

coeff: 0.0130560902
operators: {0,3} {1,1} {3,1} {6,1} {10,1}

coeff: 0.0436972581
operators: {0,3} {1,1} {3,1} {7,1} {11,1}

coeff: -0.994321906
operators: {0,3} {1,1} {3,1} {8,1} {10,1}

coeff: 0.964104136
operators: {0,3} {1,1} {3,1} {9,1} {11,1}

coeff: -0.0591732683
operators: {0,3} {2,7}

coeff: -0.249784962
operators: {0,3} {2,3} {3,3}

coeff: -0.166632002
operators: {0,3} {2,3} {4,3}

coeff: 0.0230083289
operators: {0,3} {2,3} {4,1} {10,1}

coeff: -0.0856731045
operators: {0,3} {2,3} {5,3}

coeff: -0.188728036
operators: {0,3} {2,3} {5,1} {7,1}

coeff: -0.0298549843
operators: {0,3} {2,3} {5,1} {9,1}

coeff: -0.189090893
operators: {0,3} {2,3} {6,3}

coeff: -0.00417260581
operators: {0,3} {2,3} {6,1} {8,1}

coeff: -0.10170096
operators: {0,3} {2,3} {7,3}

coeff: 0.0195458434
operators: {0,3} {2,3} {7,1} {9,1}

coeff: 0.266885587
operators: {0,3} {2,3} {8,3}

coeff: 0.262117914
operators: {0,3} {2,3} {9,3}

coeff: 0.284850765
operators: {0,3} {2,3} {10,3}

coeff: 0.291272697
operators: {0,3} {2,3} {11,3}

coeff: -0.448196548
operators: {0,3} {2,1} {3,1} {4,1} {5,1}

coeff: -0.457081271
operators: {0,3} {2,1} {3,1} {4,1} {7,1}

coeff: 0.13950178
operators: {0,3} {2,1} {3,1} {4,1} {9,1}

coeff: -0.0334424653
operators: {0,3} {2,1} {3,1} {5,1} {10,1}

coeff: 0.0222357165
operators: {0,3} {2,1} {3,1} {6,1} {11,1}

coeff: 0.0274934216
operators: {0,3} {2,1} {3,1} {7,1} {10,1}

coeff: -1.00218028
operators: {0,3} {2,1} {3,1} {8,1} {11,1}

coeff: 1.00100816
operators: {0,3} {2,1} {3,1} {9,1} {10,1}

coeff: -0.0325176148
operators: {0,3} {3,7}

coeff: -0.152987114
operators: {0,3} {3,3} {4,3}

coeff: 0.0358868546
operators: {0,3} {3,3} {4,1} {10,1}

coeff: -0.0823322312
operators: {0,3} {3,3} {5,3}

coeff: -0.143542898
operators: {0,3} {3,3} {5,1} {7,1}

coeff: 0.0353862934
operators: {0,3} {3,3} {5,1} {9,1}

coeff: -0.150315093
operators: {0,3} {3,3} {6,3}

coeff: 0.0397938934
operators: {0,3} {3,3} {6,1} {8,1}

coeff: -0.0780090975
operators: {0,3} {3,3} {7,3}

coeff: 0.0509125548
operators: {0,3} {3,3} {7,1} {9,1}

coeff: 0.219912505
operators: {0,3} {3,3} {8,3}

coeff: 0.209283471
operators: {0,3} {3,3} {9,3}

coeff: 0.222725059
operators: {0,3} {3,3} {10,3}

coeff: 0.217500494
operators: {0,3} {3,3} {11,3}

coeff: -0.0821705085
operators: {0,3} {4,7}

coeff: 0.0454491198
operators: {0,3} {4,5} {10,1}

coeff: -0.231815261
operators: {0,3} {4,3} {5,3}

coeff: -0.462809568
operators: {0,3} {4,3} {5,1} {7,1}

coeff: 0.125562431
operators: {0,3} {4,3} {5,1} {9,1}

coeff: -0.501579551
operators: {0,3} {4,3} {6,3}

coeff: 0.179152433
operators: {0,3} {4,3} {6,1} {8,1}

coeff: -0.237161431
operators: {0,3} {4,3} {7,3}

coeff: 0.173821291
operators: {0,3} {4,3} {7,1} {9,1}

coeff: 0.431601472
operators: {0,3} {4,3} {8,3}

coeff: 0.426272037
operators: {0,3} {4,3} {9,3}

coeff: 0.455074179
operators: {0,3} {4,3} {10,3}

coeff: 0.451951062
operators: {0,3} {4,3} {11,3}

coeff: -0.0436791881
operators: {0,3} {4,1} {5,3} {10,1}

coeff: 0.0690385217
operators: {0,3} {4,1} {5,1} {6,1} {11,1}

coeff: -0.00361926631
operators: {0,3} {4,1} {5,1} {7,1} {10,1}

coeff: -1.28289959
operators: {0,3} {4,1} {5,1} {8,1} {11,1}

coeff: 1.29742513
operators: {0,3} {4,1} {5,1} {9,1} {10,1}

coeff: -0.0357188824
operators: {0,3} {4,1} {6,3} {10,1}

coeff: -0.0457239741
operators: {0,3} {4,1} {6,1} {7,1} {11,1}

coeff: 1.90045167
operators: {0,3} {4,1} {6,1} {8,1} {10,1}

coeff: -1.89835871
operators: {0,3} {4,1} {6,1} {9,1} {11,1}

coeff: 0.0555258132
operators: {0,3} {4,1} {7,3} {10,1}

coeff: -1.3405004
operators: {0,3} {4,1} {7,1} {8,1} {11,1}

coeff: 1.34264821
operators: {0,3} {4,1} {7,1} {9,1} {10,1}

coeff: -0.103725629
operators: {0,3} {4,1} {8,3} {10,1}

coeff: 0.240509503
operators: {0,3} {4,1} {8,1} {9,1} {11,1}

coeff: -0.136125141
operators: {0,3} {4,1} {9,3} {10,1}

coeff: 0.0248957519
operators: {0,3} {4,1} {10,5}

coeff: 0.0694579711
operators: {0,3} {4,1} {10,1} {11,3}

coeff: -0.0153227315
operators: {0,3} {5,7}

coeff: -0.0865318434
operators: {0,3} {5,5} {7,1}

coeff: -0.0331951658
operators: {0,3} {5,5} {9,1}

coeff: -0.270677396
operators: {0,3} {5,3} {6,3}

coeff: -0.0526954868
operators: {0,3} {5,3} {6,1} {8,1}

coeff: -0.139971043
operators: {0,3} {5,3} {7,3}

coeff: -0.0380033285
operators: {0,3} {5,3} {7,1} {9,1}

coeff: 0.214741066
operators: {0,3} {5,3} {8,3}

coeff: 0.230214961
operators: {0,3} {5,3} {9,3}

coeff: 0.235837847
operators: {0,3} {5,3} {10,3}

coeff: 0.247227101
operators: {0,3} {5,3} {11,3}

coeff: -0.568213179
operators: {0,3} {5,1} {6,3} {7,1}

coeff: -0.0247550614
operators: {0,3} {5,1} {6,3} {9,1}

coeff: -0.00187415188
operators: {0,3} {5,1} {6,1} {7,1} {8,1}

coeff: 1.33258391
operators: {0,3} {5,1} {6,1} {8,1} {9,1}

coeff: -1.45545459
operators: {0,3} {5,1} {6,1} {10,1} {11,1}

coeff: -0.0950153769
operators: {0,3} {5,1} {7,5}

coeff: 0.0149711815
operators: {0,3} {5,1} {7,3} {9,1}

coeff: 0.471349748
operators: {0,3} {5,1} {7,1} {8,3}

coeff: 0.479402318
operators: {0,3} {5,1} {7,1} {9,3}

coeff: 0.52312703
operators: {0,3} {5,1} {7,1} {10,3}

coeff: 0.53008892
operators: {0,3} {5,1} {7,1} {11,3}

coeff: -0.0686444567
operators: {0,3} {5,1} {8,3} {9,1}

coeff: -0.120388407
operators: {0,3} {5,1} {8,1} {10,1} {11,1}

coeff: -0.0265505803
operators: {0,3} {5,1} {9,5}

coeff: 0.0502098684
operators: {0,3} {5,1} {9,1} {10,3}

coeff: 0.0588389431
operators: {0,3} {5,1} {9,1} {11,3}

coeff: -0.10311632
operators: {0,3} {6,7}

coeff: -0.00869834378
operators: {0,3} {6,5} {8,1}

coeff: -0.303870152
operators: {0,3} {6,3} {7,3}

coeff: 0.0434949174
operators: {0,3} {6,3} {7,1} {9,1}

coeff: 0.486900452
operators: {0,3} {6,3} {8,3}

coeff: 0.491537124
operators: {0,3} {6,3} {9,3}

coeff: 0.546283171
operators: {0,3} {6,3} {10,3}

coeff: 0.533239289
operators: {0,3} {6,3} {11,3}

coeff: 0.0628193079
operators: {0,3} {6,1} {7,3} {8,1}

coeff: 1.38710475
operators: {0,3} {6,1} {7,1} {8,1} {9,1}

coeff: -1.5498102
operators: {0,3} {6,1} {7,1} {10,1} {11,1}

coeff: -0.0414873754
operators: {0,3} {6,1} {8,5}

coeff: -0.158949894
operators: {0,3} {6,1} {8,1} {9,3}

coeff: 0.0505777765
operators: {0,3} {6,1} {8,1} {10,3}

coeff: 0.0494638718
operators: {0,3} {6,1} {8,1} {11,3}

coeff: -0.0618141295
operators: {0,3} {6,1} {9,1} {10,1} {11,1}

coeff: -0.0242806731
operators: {0,3} {7,7}

coeff: 0.0184067862
operators: {0,3} {7,5} {9,1}

coeff: 0.242282273
operators: {0,3} {7,3} {8,3}

coeff: 0.240999798
operators: {0,3} {7,3} {9,3}

coeff: 0.277875324
operators: {0,3} {7,3} {10,3}

coeff: 0.276970706
operators: {0,3} {7,3} {11,3}

coeff: -0.162655789
operators: {0,3} {7,1} {8,3} {9,1}

coeff: 0.046633825
operators: {0,3} {7,1} {8,1} {10,1} {11,1}

coeff: -0.0657194381
operators: {0,3} {7,1} {9,5}

coeff: -0.0437468472
operators: {0,3} {7,1} {9,1} {10,3}

coeff: -0.032007814
operators: {0,3} {7,1} {9,1} {11,3}

coeff: -0.073676762
operators: {0,3} {8,7}

coeff: -0.443684436
operators: {0,3} {8,3} {9,3}

coeff: -0.472176928
operators: {0,3} {8,3} {10,3}

coeff: -0.472228863
operators: {0,3} {8,3} {11,3}

coeff: 1.89513622
operators: {0,3} {8,1} {9,1} {10,1} {11,1}

coeff: -0.0811811044
operators: {0,3} {9,7}

coeff: -0.482758343
operators: {0,3} {9,3} {10,3}

coeff: -0.478119437
operators: {0,3} {9,3} {11,3}

coeff: -0.084039146
operators: {0,3} {10,7}

coeff: -0.5024737
operators: {0,3} {10,3} {11,3}

coeff: -0.0851219137
operators: {0,3} {11,7}

coeff: 0.011025138
operators: {0,1} {1,7} {11,1}

coeff: -0.264149864
operators: {0,1} {1,5} {2,1} {4,1}

coeff: 0.00596750598
operators: {0,1} {1,5} {2,1} {10,1}

coeff: -0.188109538
operators: {0,1} {1,5} {3,1} {5,1}

coeff: -0.185552105
operators: {0,1} {1,5} {3,1} {7,1}

coeff: 0.056265059
operators: {0,1} {1,5} {3,1} {9,1}

coeff: -0.00454811422
operators: {0,1} {1,3} {2,3} {11,1}

coeff: 0.888346091
operators: {0,1} {1,3} {2,1} {3,1} {6,1}

coeff: -0.115171419
operators: {0,1} {1,3} {2,1} {3,1} {8,1}

coeff: 0.0337324624
operators: {0,1} {1,3} {3,3} {11,1}

coeff: 0.0370222683
operators: {0,1} {1,3} {4,3} {11,1}

coeff: 0.372179868
operators: {0,1} {1,3} {4,1} {5,1} {6,1}

coeff: -0.0209140147
operators: {0,1} {1,3} {4,1} {5,1} {8,1}

coeff: 0.385323565
operators: {0,1} {1,3} {4,1} {6,1} {7,1}

coeff: -0.048198514
operators: {0,1} {1,3} {4,1} {6,1} {9,1}

coeff: -0.0614138165
operators: {0,1} {1,3} {4,1} {7,1} {8,1}

coeff: -0.726465928
operators: {0,1} {1,3} {4,1} {8,1} {9,1}

coeff: 0.810017937
operators: {0,1} {1,3} {4,1} {10,1} {11,1}

coeff: -0.0145516706
operators: {0,1} {1,3} {5,3} {11,1}

coeff: 0.0673391446
operators: {0,1} {1,3} {5,1} {6,1} {10,1}

coeff: -0.0110026609
operators: {0,1} {1,3} {5,1} {7,1} {11,1}

coeff: -0.564355935
operators: {0,1} {1,3} {5,1} {8,1} {10,1}

coeff: 0.548577303
operators: {0,1} {1,3} {5,1} {9,1} {11,1}

coeff: -0.0300559036
operators: {0,1} {1,3} {6,3} {11,1}

coeff: 0.0166669939
operators: {0,1} {1,3} {6,1} {7,1} {10,1}

coeff: 0.830787169
operators: {0,1} {1,3} {6,1} {8,1} {11,1}

coeff: -0.856066032
operators: {0,1} {1,3} {6,1} {9,1} {10,1}

coeff: 0.0100736171
operators: {0,1} {1,3} {7,3} {11,1}

coeff: -0.593791378
operators: {0,1} {1,3} {7,1} {8,1} {10,1}

coeff: 0.576544832
operators: {0,1} {1,3} {7,1} {9,1} {11,1}

coeff: -0.0281429828
operators: {0,1} {1,3} {8,3} {11,1}

coeff: 0.0770034504
operators: {0,1} {1,3} {8,1} {9,1} {10,1}

coeff: -0.0471586385
operators: {0,1} {1,3} {9,3} {11,1}

coeff: 0.0400172351
operators: {0,1} {1,3} {10,3} {11,1}

coeff: 0.0100884744
operators: {0,1} {1,3} {11,5}

coeff: -0.3064997
operators: {0,1} {1,1} {2,5} {4,1}

coeff: 0.00427777975
operators: {0,1} {1,1} {2,5} {10,1}

coeff: -0.594804769
operators: {0,1} {1,1} {2,3} {3,1} {5,1}

coeff: -0.627552033
operators: {0,1} {1,1} {2,3} {3,1} {7,1}

coeff: 0.108835857
operators: {0,1} {1,1} {2,3} {3,1} {9,1}

coeff: -0.737659797
operators: {0,1} {1,1} {2,1} {3,3} {4,1}

coeff: 0.0346322101
operators: {0,1} {1,1} {2,1} {3,3} {10,1}

coeff: -0.148157915
operators: {0,1} {1,1} {2,1} {4,5}

coeff: 0.0581308671
operators: {0,1} {1,1} {2,1} {4,3} {10,1}

coeff: -0.24586871
operators: {0,1} {1,1} {2,1} {4,1} {5,3}

coeff: -0.51226548
operators: {0,1} {1,1} {2,1} {4,1} {5,1} {7,1}

coeff: 0.0268583565
operators: {0,1} {1,1} {2,1} {4,1} {5,1} {9,1}

coeff: -0.534941917
operators: {0,1} {1,1} {2,1} {4,1} {6,3}

coeff: 0.0551128885
operators: {0,1} {1,1} {2,1} {4,1} {6,1} {8,1}

coeff: -0.266011561
operators: {0,1} {1,1} {2,1} {4,1} {7,3}

coeff: 0.113488397
operators: {0,1} {1,1} {2,1} {4,1} {7,1} {9,1}

coeff: 0.749300752
operators: {0,1} {1,1} {2,1} {4,1} {8,3}

coeff: 0.742000664
operators: {0,1} {1,1} {2,1} {4,1} {9,3}

coeff: 0.828906478
operators: {0,1} {1,1} {2,1} {4,1} {10,3}

coeff: 0.819408862
operators: {0,1} {1,1} {2,1} {4,1} {11,3}

coeff: -0.0604387244
operators: {0,1} {1,1} {2,1} {5,3} {10,1}

coeff: 0.133445954
operators: {0,1} {1,1} {2,1} {5,1} {6,1} {11,1}

coeff: -0.0537446486
operators: {0,1} {1,1} {2,1} {5,1} {7,1} {10,1}

coeff: -1.13617237
operators: {0,1} {1,1} {2,1} {5,1} {8,1} {11,1}

coeff: 1.14514176
operators: {0,1} {1,1} {2,1} {5,1} {9,1} {10,1}

coeff: -0.0902311819
operators: {0,1} {1,1} {2,1} {6,3} {10,1}

coeff: 0.0327378601
operators: {0,1} {1,1} {2,1} {6,1} {7,1} {11,1}

coeff: 1.69986127
operators: {0,1} {1,1} {2,1} {6,1} {8,1} {10,1}

coeff: -1.69215001
operators: {0,1} {1,1} {2,1} {6,1} {9,1} {11,1}

coeff: 0.0226607411
operators: {0,1} {1,1} {2,1} {7,3} {10,1}

coeff: -1.20294472
operators: {0,1} {1,1} {2,1} {7,1} {8,1} {11,1}

coeff: 1.20117744
operators: {0,1} {1,1} {2,1} {7,1} {9,1} {10,1}

coeff: -0.0535444206
operators: {0,1} {1,1} {2,1} {8,3} {10,1}

coeff: 0.135185376
operators: {0,1} {1,1} {2,1} {8,1} {9,1} {11,1}

coeff: -0.0764299611
operators: {0,1} {1,1} {2,1} {9,3} {10,1}

coeff: 0.0283503497
operators: {0,1} {1,1} {2,1} {10,5}

coeff: 0.0795218411
operators: {0,1} {1,1} {2,1} {10,1} {11,3}

coeff: -0.145099412
operators: {0,1} {1,1} {3,5} {5,1}

coeff: -0.147608791
operators: {0,1} {1,1} {3,5} {7,1}

coeff: 0.0408044777
operators: {0,1} {1,1} {3,5} {9,1}

coeff: -0.315749655
operators: {0,1} {1,1} {3,1} {4,3} {5,1}

coeff: -0.305340598
operators: {0,1} {1,1} {3,1} {4,3} {7,1}

coeff: 0.110754655
operators: {0,1} {1,1} {3,1} {4,3} {9,1}

coeff: -0.0125366628
operators: {0,1} {1,1} {3,1} {4,1} {5,1} {10,1}

coeff: -0.02133947
operators: {0,1} {1,1} {3,1} {4,1} {6,1} {11,1}

coeff: 0.0701380665
operators: {0,1} {1,1} {3,1} {4,1} {7,1} {10,1}

coeff: -1.40031691
operators: {0,1} {1,1} {3,1} {4,1} {8,1} {11,1}

coeff: 1.39763299
operators: {0,1} {1,1} {3,1} {4,1} {9,1} {10,1}

coeff: -0.0688702271
operators: {0,1} {1,1} {3,1} {5,5}

coeff: -0.182706277
operators: {0,1} {1,1} {3,1} {5,3} {7,1}

coeff: 0.00373730506
operators: {0,1} {1,1} {3,1} {5,3} {9,1}

coeff: -0.366258229
operators: {0,1} {1,1} {3,1} {5,1} {6,3}

coeff: -0.0199684444
operators: {0,1} {1,1} {3,1} {5,1} {6,1} {8,1}

coeff: -0.187605942
operators: {0,1} {1,1} {3,1} {5,1} {7,3}

coeff: 0.0410390019
operators: {0,1} {1,1} {3,1} {5,1} {7,1} {9,1}

coeff: 0.512288437
operators: {0,1} {1,1} {3,1} {5,1} {8,3}

coeff: 0.494570652
operators: {0,1} {1,1} {3,1} {5,1} {9,3}

coeff: 0.531718455
operators: {0,1} {1,1} {3,1} {5,1} {10,3}

coeff: 0.519478818
operators: {0,1} {1,1} {3,1} {5,1} {11,3}

coeff: -0.390339701
operators: {0,1} {1,1} {3,1} {6,3} {7,1}

coeff: 0.0196730004
operators: {0,1} {1,1} {3,1} {6,3} {9,1}

coeff: 0.0718839449
operators: {0,1} {1,1} {3,1} {6,1} {7,1} {8,1}

coeff: 1.4759852
operators: {0,1} {1,1} {3,1} {6,1} {8,1} {9,1}

coeff: -1.57067939
operators: {0,1} {1,1} {3,1} {6,1} {10,1} {11,1}

coeff: -0.0663439473
operators: {0,1} {1,1} {3,1} {7,5}

coeff: 0.0539078631
operators: {0,1} {1,1} {3,1} {7,3} {9,1}

coeff: 0.532002407
operators: {0,1} {1,1} {3,1} {7,1} {8,3}

coeff: 0.510152677
operators: {0,1} {1,1} {3,1} {7,1} {9,3}

coeff: 0.569320626
operators: {0,1} {1,1} {3,1} {7,1} {10,3}

coeff: 0.559390283
operators: {0,1} {1,1} {3,1} {7,1} {11,3}

coeff: -0.133007496
operators: {0,1} {1,1} {3,1} {8,3} {9,1}

coeff: -0.00124278525
operators: {0,1} {1,1} {3,1} {8,1} {10,1} {11,1}

coeff: -0.0490473856
operators: {0,1} {1,1} {3,1} {9,5}

coeff: -0.0100429014
operators: {0,1} {1,1} {3,1} {9,1} {10,3}

coeff: -0.0172158669
operators: {0,1} {1,1} {3,1} {9,1} {11,3}

coeff: -0.00399575173
operators: {0,1} {2,7} {11,1}

coeff: 0.286911419
operators: {0,1} {2,5} {3,1} {6,1}

coeff: -0.0306640371
operators: {0,1} {2,5} {3,1} {8,1}

coeff: 0.00523687969
operators: {0,1} {2,3} {3,3} {11,1}

coeff: 0.0260307093
operators: {0,1} {2,3} {4,3} {11,1}

coeff: 0.379244058
operators: {0,1} {2,3} {4,1} {5,1} {6,1}

coeff: -0.00357285656
operators: {0,1} {2,3} {4,1} {5,1} {8,1}

coeff: 0.385890413
operators: {0,1} {2,3} {4,1} {6,1} {7,1}

coeff: -0.0228308117
operators: {0,1} {2,3} {4,1} {6,1} {9,1}

coeff: -0.0464108999
operators: {0,1} {2,3} {4,1} {7,1} {8,1}

coeff: -0.758416648
operators: {0,1} {2,3} {4,1} {8,1} {9,1}

coeff: 0.83752547
operators: {0,1} {2,3} {4,1} {10,1} {11,1}

coeff: -0.0442766817
operators: {0,1} {2,3} {5,3} {11,1}

coeff: 0.0649980754
operators: {0,1} {2,3} {5,1} {6,1} {10,1}

coeff: -0.0376538633
operators: {0,1} {2,3} {5,1} {7,1} {11,1}

coeff: -0.575045008
operators: {0,1} {2,3} {5,1} {8,1} {10,1}

coeff: 0.58541476
operators: {0,1} {2,3} {5,1} {9,1} {11,1}

coeff: -0.0493954335
operators: {0,1} {2,3} {6,3} {11,1}

coeff: 0.0109588778
operators: {0,1} {2,3} {6,1} {7,1} {10,1}

coeff: 0.857628451
operators: {0,1} {2,3} {6,1} {8,1} {11,1}

coeff: -0.852106617
operators: {0,1} {2,3} {6,1} {9,1} {10,1}

coeff: 0.00714174316
operators: {0,1} {2,3} {7,3} {11,1}

coeff: -0.614875844
operators: {0,1} {2,3} {7,1} {8,1} {10,1}

coeff: 0.620328676
operators: {0,1} {2,3} {7,1} {9,1} {11,1}

coeff: -0.0248152219
operators: {0,1} {2,3} {8,3} {11,1}

coeff: 0.060827692
operators: {0,1} {2,3} {8,1} {9,1} {10,1}

coeff: -0.0290315745
operators: {0,1} {2,3} {9,3} {11,1}

coeff: 0.0336056558
operators: {0,1} {2,3} {10,3} {11,1}

coeff: 0.0142456637
operators: {0,1} {2,3} {11,5}

coeff: 0.22121102
operators: {0,1} {2,1} {3,5} {6,1}

coeff: -0.0336280361
operators: {0,1} {2,1} {3,5} {8,1}

coeff: 0.46893421
operators: {0,1} {2,1} {3,1} {4,3} {6,1}

coeff: -0.109107111
operators: {0,1} {2,1} {3,1} {4,3} {8,1}

coeff: -0.00992579338
operators: {0,1} {2,1} {3,1} {4,1} {5,1} {11,1}

coeff: -0.00396671475
operators: {0,1} {2,1} {3,1} {4,1} {6,1} {10,1}

coeff: 0.06535784
operators: {0,1} {2,1} {3,1} {4,1} {7,1} {11,1}

coeff: -1.42925449
operators: {0,1} {2,1} {3,1} {4,1} {8,1} {10,1}

coeff: 1.42002291
operators: {0,1} {2,1} {3,1} {4,1} {9,1} {11,1}

coeff: 0.258611724
operators: {0,1} {2,1} {3,1} {5,3} {6,1}

coeff: 0.0209157631
operators: {0,1} {2,1} {3,1} {5,3} {8,1}

coeff: 0.540387344
operators: {0,1} {2,1} {3,1} {5,1} {6,1} {7,1}

coeff: -0.0069162785
operators: {0,1} {2,1} {3,1} {5,1} {6,1} {9,1}

coeff: -0.0293915619
operators: {0,1} {2,1} {3,1} {5,1} {7,1} {8,1}

coeff: -1.01831181
operators: {0,1} {2,1} {3,1} {5,1} {8,1} {9,1}

coeff: 1.07149298
operators: {0,1} {2,1} {3,1} {5,1} {10,1} {11,1}

coeff: 0.190648433
operators: {0,1} {2,1} {3,1} {6,5}

coeff: 0.00515465663
operators: {0,1} {2,1} {3,1} {6,3} {8,1}

coeff: 0.289532387
operators: {0,1} {2,1} {3,1} {6,1} {7,3}

coeff: -0.0770860181
operators: {0,1} {2,1} {3,1} {6,1} {7,1} {9,1}

coeff: -0.756130098
operators: {0,1} {2,1} {3,1} {6,1} {8,3}

coeff: -0.748839508
operators: {0,1} {2,1} {3,1} {6,1} {9,3}

coeff: -0.800368956
operators: {0,1} {2,1} {3,1} {6,1} {10,3}

coeff: -0.794149256
operators: {0,1} {2,1} {3,1} {6,1} {11,3}

coeff: -0.0534589094
operators: {0,1} {2,1} {3,1} {7,3} {8,1}

coeff: -1.05630496
operators: {0,1} {2,1} {3,1} {7,1} {8,1} {9,1}

coeff: 1.14491413
operators: {0,1} {2,1} {3,1} {7,1} {10,1} {11,1}

coeff: 0.0387795196
operators: {0,1} {2,1} {3,1} {8,5}

coeff: 0.147062698
operators: {0,1} {2,1} {3,1} {8,1} {9,3}

coeff: -0.0115023663
operators: {0,1} {2,1} {3,1} {8,1} {10,3}

coeff: -0.00490432456
operators: {0,1} {2,1} {3,1} {8,1} {11,3}

coeff: -0.0129428304
operators: {0,1} {2,1} {3,1} {9,1} {10,1} {11,1}

coeff: 0.00554849317
operators: {0,1} {3,7} {11,1}

coeff: 0.0323745282
operators: {0,1} {3,3} {4,3} {11,1}

coeff: 0.285204722
operators: {0,1} {3,3} {4,1} {5,1} {6,1}

coeff: -0.0445658332
operators: {0,1} {3,3} {4,1} {5,1} {8,1}

coeff: 0.275532594
operators: {0,1} {3,3} {4,1} {6,1} {7,1}

coeff: -0.0860256713
operators: {0,1} {3,3} {4,1} {6,1} {9,1}

coeff: -0.0834438134
operators: {0,1} {3,3} {4,1} {7,1} {8,1}

coeff: -0.625430521
operators: {0,1} {3,3} {4,1} {8,1} {9,1}

coeff: 0.637878996
operators: {0,1} {3,3} {4,1} {10,1} {11,1}

coeff: -0.0124245738
operators: {0,1} {3,3} {5,3} {11,1}

coeff: 0.0344415987
operators: {0,1} {3,3} {5,1} {6,1} {10,1}

coeff: -0.00431027125
operators: {0,1} {3,3} {5,1} {7,1} {11,1}

coeff: -0.452159161
operators: {0,1} {3,3} {5,1} {8,1} {10,1}

coeff: 0.442611115
operators: {0,1} {3,3} {5,1} {9,1} {11,1}

coeff: -0.0207420783
operators: {0,1} {3,3} {6,3} {11,1}

coeff: -0.0003533605
operators: {0,1} {3,3} {6,1} {7,1} {10,1}

coeff: 0.662441066
operators: {0,1} {3,3} {6,1} {8,1} {11,1}

coeff: -0.663908867
operators: {0,1} {3,3} {6,1} {9,1} {10,1}

coeff: 0.00951035825
operators: {0,1} {3,3} {7,3} {11,1}

coeff: -0.477093948
operators: {0,1} {3,3} {7,1} {8,1} {10,1}

coeff: 0.464368434
operators: {0,1} {3,3} {7,1} {9,1} {11,1}

coeff: -0.0370525487
operators: {0,1} {3,3} {8,3} {11,1}

coeff: 0.0786988704
operators: {0,1} {3,3} {8,1} {9,1} {10,1}

coeff: -0.0472803568
operators: {0,1} {3,3} {9,3} {11,1}

coeff: 0.0272011785
operators: {0,1} {3,3} {10,3} {11,1}

coeff: 0.00794586329
operators: {0,1} {3,3} {11,5}

coeff: 0.0176271012
operators: {0,1} {4,7} {11,1}

coeff: 0.326294089
operators: {0,1} {4,5} {5,1} {6,1}

coeff: -0.0603801103
operators: {0,1} {4,5} {5,1} {8,1}

coeff: 0.319039435
operators: {0,1} {4,5} {6,1} {7,1}

coeff: -0.0969308828
operators: {0,1} {4,5} {6,1} {9,1}

coeff: -0.083203967
operators: {0,1} {4,5} {7,1} {8,1}

coeff: -0.409131973
operators: {0,1} {4,5} {8,1} {9,1}

coeff: 0.432804542
operators: {0,1} {4,5} {10,1} {11,1}

coeff: -0.00894236147
operators: {0,1} {4,3} {5,3} {11,1}

coeff: 0.0279441077
operators: {0,1} {4,3} {5,1} {6,1} {10,1}

coeff: 0.0287826395
operators: {0,1} {4,3} {5,1} {7,1} {11,1}

coeff: -0.913652864
operators: {0,1} {4,3} {5,1} {8,1} {10,1}

coeff: 0.91321483
operators: {0,1} {4,3} {5,1} {9,1} {11,1}

coeff: -0.00331060634
operators: {0,1} {4,3} {6,3} {11,1}

coeff: -0.0529104096
operators: {0,1} {4,3} {6,1} {7,1} {10,1}

coeff: 1.34288362
operators: {0,1} {4,3} {6,1} {8,1} {11,1}

coeff: -1.34831428
operators: {0,1} {4,3} {6,1} {9,1} {10,1}

coeff: 0.0510218931
operators: {0,1} {4,3} {7,3} {11,1}

coeff: -0.946136558
operators: {0,1} {4,3} {7,1} {8,1} {10,1}

coeff: 0.931091209
operators: {0,1} {4,3} {7,1} {9,1} {11,1}

coeff: -0.0799171995
operators: {0,1} {4,3} {8,3} {11,1}

coeff: 0.187278307
operators: {0,1} {4,3} {8,1} {9,1} {10,1}

coeff: -0.101166912
operators: {0,1} {4,3} {9,3} {11,1}

coeff: 0.0421708795
operators: {0,1} {4,3} {10,3} {11,1}

coeff: 0.0152199984
operators: {0,1} {4,3} {11,5}

coeff: 0.177716321
operators: {0,1} {4,1} {5,5} {6,1}

coeff: 0.0145303105
operators: {0,1} {4,1} {5,5} {8,1}

coeff: 0.546533776
operators: {0,1} {4,1} {5,3} {6,1} {7,1}

coeff: 0.0111987495
operators: {0,1} {4,1} {5,3} {6,1} {9,1}

coeff: 0.00289221469
operators: {0,1} {4,1} {5,3} {7,1} {8,1}

coeff: -0.641589248
operators: {0,1} {4,1} {5,3} {8,1} {9,1}

coeff: 0.695359634
operators: {0,1} {4,1} {5,3} {10,1} {11,1}

coeff: 0.378527213
operators: {0,1} {4,1} {5,1} {6,5}

coeff: 0.0187591156
operators: {0,1} {4,1} {5,1} {6,3} {8,1}

coeff: 0.572912018
operators: {0,1} {4,1} {5,1} {6,1} {7,3}

coeff: -0.0808470434
operators: {0,1} {4,1} {5,1} {6,1} {7,1} {9,1}

coeff: -0.93575166
operators: {0,1} {4,1} {5,1} {6,1} {8,3}

coeff: -0.942966781
operators: {0,1} {4,1} {5,1} {6,1} {9,3}

coeff: -1.03233063
operators: {0,1} {4,1} {5,1} {6,1} {10,3}

coeff: -1.03014254
operators: {0,1} {4,1} {5,1} {6,1} {11,3}

coeff: -0.0627094061
operators: {0,1} {4,1} {5,1} {7,3} {8,1}

coeff: -1.31404036
operators: {0,1} {4,1} {5,1} {7,1} {8,1} {9,1}

coeff: 1.46875244
operators: {0,1} {4,1} {5,1} {7,1} {10,1} {11,1}

coeff: 0.0274748624
operators: {0,1} {4,1} {5,1} {8,5}

coeff: 0.130178791
operators: {0,1} {4,1} {5,1} {8,1} {9,3}

coeff: -0.0742838322
operators: {0,1} {4,1} {5,1} {8,1} {10,3}

coeff: -0.0748808811
operators: {0,1} {4,1} {5,1} {8,1} {11,3}

coeff: 0.104400921
operators: {0,1} {4,1} {5,1} {9,1} {10,1} {11,1}

coeff: 0.404256123
operators: {0,1} {4,1} {6,5} {7,1}

coeff: -0.00846999875
operators: {0,1} {4,1} {6,5} {9,1}

coeff: -0.0632198511
operators: {0,1} {4,1} {6,3} {7,1} {8,1}

coeff: -1.37987153
operators: {0,1} {4,1} {6,3} {8,1} {9,1}

coeff: 1.53527509
operators: {0,1} {4,1} {6,3} {10,1} {11,1}

coeff: 0.199506051
operators: {0,1} {4,1} {6,1} {7,5}

coeff: -0.103992105
operators: {0,1} {4,1} {6,1} {7,3} {9,1}

coeff: -0.978097558
operators: {0,1} {4,1} {6,1} {7,1} {8,3}

coeff: -0.964535884
operators: {0,1} {4,1} {6,1} {7,1} {9,3}

coeff: -1.10508873
operators: {0,1} {4,1} {6,1} {7,1} {10,3}

coeff: -1.09678261
operators: {0,1} {4,1} {6,1} {7,1} {11,3}

coeff: 0.224277472
operators: {0,1} {4,1} {6,1} {8,3} {9,1}

coeff: 0.0929888181
operators: {0,1} {4,1} {6,1} {8,1} {10,1} {11,1}

coeff: 0.0871717029
operators: {0,1} {4,1} {6,1} {9,5}

coeff: -0.0232897154
operators: {0,1} {4,1} {6,1} {9,1} {10,3}

coeff: -0.0253018839
operators: {0,1} {4,1} {6,1} {9,1} {11,3}

coeff: -0.0372411516
operators: {0,1} {4,1} {7,5} {8,1}

coeff: -0.671501534
operators: {0,1} {4,1} {7,3} {8,1} {9,1}

coeff: 0.781371714
operators: {0,1} {4,1} {7,3} {10,1} {11,1}

coeff: 0.0768909479
operators: {0,1} {4,1} {7,1} {8,5}

coeff: 0.255259344
operators: {0,1} {4,1} {7,1} {8,1} {9,3}

coeff: 0.0508756182
operators: {0,1} {4,1} {7,1} {8,1} {10,3}

coeff: 0.0506417986
operators: {0,1} {4,1} {7,1} {8,1} {11,3}

coeff: -0.13075416
operators: {0,1} {4,1} {7,1} {9,1} {10,1} {11,1}

coeff: 0.420955198
operators: {0,1} {4,1} {8,5} {9,1}

coeff: -1.35117359
operators: {0,1} {4,1} {8,3} {10,1} {11,1}

coeff: 0.419728342
operators: {0,1} {4,1} {8,1} {9,5}

coeff: 1.36093033
operators: {0,1} {4,1} {8,1} {9,1} {10,3}

coeff: 1.35224141
operators: {0,1} {4,1} {8,1} {9,1} {11,3}

coeff: -1.35837204
operators: {0,1} {4,1} {9,3} {10,1} {11,1}

coeff: -0.477705363
operators: {0,1} {4,1} {10,5} {11,1}

coeff: -0.475214236
operators: {0,1} {4,1} {10,1} {11,5}

coeff: -0.0154311589
operators: {0,1} {5,7} {11,1}

coeff: 0.0427072412
operators: {0,1} {5,5} {6,1} {10,1}

coeff: -0.0370625937
operators: {0,1} {5,5} {7,1} {11,1}

coeff: -0.150195053
operators: {0,1} {5,5} {8,1} {10,1}

coeff: 0.162765519
operators: {0,1} {5,5} {9,1} {11,1}

coeff: -0.0730321066
operators: {0,1} {5,3} {6,3} {11,1}

coeff: 0.0827291342
operators: {0,1} {5,3} {6,1} {7,1} {10,1}

coeff: 0.706853616
operators: {0,1} {5,3} {6,1} {8,1} {11,1}

coeff: -0.714271369
operators: {0,1} {5,3} {6,1} {9,1} {10,1}

coeff: -0.0228169882
operators: {0,1} {5,3} {7,3} {11,1}

coeff: -0.502690297
operators: {0,1} {5,3} {7,1} {8,1} {10,1}

coeff: 0.511412295
operators: {0,1} {5,3} {7,1} {9,1} {11,1}

coeff: 0.0366814013
operators: {0,1} {5,3} {8,3} {11,1}

coeff: -0.0562923516
operators: {0,1} {5,3} {8,1} {9,1} {10,1}

coeff: 0.0280943723
operators: {0,1} {5,3} {9,3} {11,1}

coeff: 0.0833325868
operators: {0,1} {5,3} {10,3} {11,1}

coeff: 0.0302689549
operators: {0,1} {5,3} {11,5}

coeff: 0.0613713736
operators: {0,1} {5,1} {6,5} {10,1}

coeff: -0.0810615864
operators: {0,1} {5,1} {6,3} {7,1} {11,1}

coeff: -1.04881746
operators: {0,1} {5,1} {6,3} {8,1} {10,1}

coeff: 1.05080813
operators: {0,1} {5,1} {6,3} {9,1} {11,1}

coeff: 0.0146026861
operators: {0,1} {5,1} {6,1} {7,3} {10,1}

coeff: 1.50521334
operators: {0,1} {5,1} {6,1} {7,1} {8,1} {11,1}

coeff: -1.508368
operators: {0,1} {5,1} {6,1} {7,1} {9,1} {10,1}

coeff: -0.0559629137
operators: {0,1} {5,1} {6,1} {8,3} {10,1}

coeff: 0.0761932888
operators: {0,1} {5,1} {6,1} {8,1} {9,1} {11,1}

coeff: -0.0222707787
operators: {0,1} {5,1} {6,1} {9,3} {10,1}

coeff: -0.0722286013
operators: {0,1} {5,1} {6,1} {10,5}

coeff: -0.200429263
operators: {0,1} {5,1} {6,1} {10,1} {11,3}

coeff: 0.00436082171
operators: {0,1} {5,1} {7,5} {11,1}

coeff: -0.534655983
operators: {0,1} {5,1} {7,3} {8,1} {10,1}

coeff: 0.534703433
operators: {0,1} {5,1} {7,3} {9,1} {11,1}

coeff: -0.0171908533
operators: {0,1} {5,1} {7,1} {8,3} {11,1}

coeff: 0.0579410354
operators: {0,1} {5,1} {7,1} {8,1} {9,1} {10,1}

coeff: -0.0338487055
operators: {0,1} {5,1} {7,1} {9,3} {11,1}

coeff: 0.0820085614
operators: {0,1} {5,1} {7,1} {10,3} {11,1}

coeff: 0.0278461813
operators: {0,1} {5,1} {7,1} {11,5}

coeff: 0.315167592
operators: {0,1} {5,1} {8,5} {10,1}

coeff: -0.954647998
operators: {0,1} {5,1} {8,3} {9,1} {11,1}

coeff: 0.957339441
operators: {0,1} {5,1} {8,1} {9,3} {10,1}

coeff: 0.336638426
operators: {0,1} {5,1} {8,1} {10,5}

coeff: 1.00979513
operators: {0,1} {5,1} {8,1} {10,1} {11,3}

coeff: -0.321606917
operators: {0,1} {5,1} {9,5} {11,1}

coeff: -1.01900889
operators: {0,1} {5,1} {9,1} {10,3} {11,1}

coeff: -0.339680447
operators: {0,1} {5,1} {9,1} {11,5}

coeff: -0.0188089181
operators: {0,1} {6,7} {11,1}

coeff: 0.0255202889
operators: {0,1} {6,5} {7,1} {10,1}

coeff: 0.518681338
operators: {0,1} {6,5} {8,1} {11,1}

coeff: -0.529521197
operators: {0,1} {6,5} {9,1} {10,1}

coeff: 0.00398796756
operators: {0,1} {6,3} {7,3} {11,1}

coeff: -1.12360236
operators: {0,1} {6,3} {7,1} {8,1} {10,1}

coeff: 1.11265655
operators: {0,1} {6,3} {7,1} {9,1} {11,1}

coeff: 0.00933128359
operators: {0,1} {6,3} {8,3} {11,1}

coeff: 0.00362202575
operators: {0,1} {6,3} {8,1} {9,1} {10,1}

coeff: -0.010658458
operators: {0,1} {6,3} {9,3} {11,1}

coeff: 0.118028961
operators: {0,1} {6,3} {10,3} {11,1}

coeff: 0.0380814699
operators: {0,1} {6,3} {11,5}

coeff: -0.0183587674
operators: {0,1} {6,1} {7,5} {10,1}

coeff: 0.792016601
operators: {0,1} {6,1} {7,3} {8,1} {11,1}

coeff: -0.793638729
operators: {0,1} {6,1} {7,3} {9,1} {10,1}

coeff: 0.0757901249
operators: {0,1} {6,1} {7,1} {8,3} {10,1}

coeff: -0.174766719
operators: {0,1} {6,1} {7,1} {8,1} {9,1} {11,1}

coeff: 0.112769979
operators: {0,1} {6,1} {7,1} {9,3} {10,1}

coeff: -0.0194095113
operators: {0,1} {6,1} {7,1} {10,5}

coeff: -0.0699694992
operators: {0,1} {6,1} {7,1} {10,1} {11,3}

coeff: -0.467590473
operators: {0,1} {6,1} {8,5} {11,1}

coeff: 1.41294315
operators: {0,1} {6,1} {8,3} {9,1} {10,1}

coeff: -1.40818655
operators: {0,1} {6,1} {8,1} {9,3} {11,1}

coeff: -1.50758314
operators: {0,1} {6,1} {8,1} {10,3} {11,1}

coeff: -0.498010208
operators: {0,1} {6,1} {8,1} {11,5}

coeff: 0.475934377
operators: {0,1} {6,1} {9,5} {10,1}

coeff: 0.510561165
operators: {0,1} {6,1} {9,1} {10,5}

coeff: 1.51204635
operators: {0,1} {6,1} {9,1} {10,1} {11,3}

coeff: 0.00406435792
operators: {0,1} {7,7} {11,1}

coeff: -0.185444749
operators: {0,1} {7,5} {8,1} {10,1}

coeff: 0.185976346
operators: {0,1} {7,5} {9,1} {11,1}

coeff: -0.0599398917
operators: {0,1} {7,3} {8,3} {11,1}

coeff: 0.125365024
operators: {0,1} {7,3} {8,1} {9,1} {10,1}

coeff: -0.0674273215
operators: {0,1} {7,3} {9,3} {11,1}

coeff: -0.010026783
operators: {0,1} {7,3} {10,3} {11,1}

coeff: -0.00487276852
operators: {0,1} {7,3} {11,5}

coeff: 0.334135571
operators: {0,1} {7,1} {8,5} {10,1}

coeff: -0.997481733
operators: {0,1} {7,1} {8,3} {9,1} {11,1}

coeff: 0.996264224
operators: {0,1} {7,1} {8,1} {9,3} {10,1}

coeff: 0.363190121
operators: {0,1} {7,1} {8,1} {10,5}

coeff: 1.07853234
operators: {0,1} {7,1} {8,1} {10,1} {11,3}

coeff: -0.334961906
operators: {0,1} {7,1} {9,5} {11,1}

coeff: -1.08633929
operators: {0,1} {7,1} {9,1} {10,3} {11,1}

coeff: -0.362710737
operators: {0,1} {7,1} {9,1} {11,5}

coeff: 0.0147254969
operators: {0,1} {8,7} {11,1}

coeff: -0.0669587229
operators: {0,1} {8,5} {9,1} {10,1}

coeff: 0.110310868
operators: {0,1} {8,3} {9,3} {11,1}

coeff: -0.0238087991
operators: {0,1} {8,3} {10,3} {11,1}

coeff: -0.00712757787
operators: {0,1} {8,3} {11,5}

coeff: -0.0828843713
operators: {0,1} {8,1} {9,5} {10,1}

coeff: 0.00766201767
operators: {0,1} {8,1} {9,1} {10,5}

coeff: 0.0226759453
operators: {0,1} {8,1} {9,1} {10,1} {11,3}

coeff: 0.0220132309
operators: {0,1} {9,7} {11,1}

coeff: 0.00112914491
operators: {0,1} {9,3} {10,3} {11,1}

coeff: -6.46552708e-05
operators: {0,1} {9,3} {11,5}

coeff: -0.020924733
operators: {0,1} {10,7} {11,1}

coeff: -0.041158742
operators: {0,1} {10,3} {11,5}

coeff: -0.00393292833
operators: {0,1} {11,9}

coeff: -0.0221660178
operators: {1,11}

coeff: -0.287393486
operators: {1,7} {2,3}

coeff: -0.203615187
operators: {1,7} {3,3}

coeff: -0.0410233373
operators: {1,7} {4,3}

coeff: 0.00281510092
operators: {1,7} {4,1} {10,1}

coeff: -0.0129914975
operators: {1,7} {5,3}

coeff: -0.023818146
operators: {1,7} {5,1} {7,1}

coeff: -0.0143276458
operators: {1,7} {5,1} {9,1}

coeff: -0.0316075818
operators: {1,7} {6,3}

coeff: -0.0188200609
operators: {1,7} {6,1} {8,1}

coeff: -0.00821510642
operators: {1,7} {7,3}

coeff: -0.00696755453
operators: {1,7} {7,1} {9,1}

coeff: 0.116833653
operators: {1,7} {8,3}

coeff: 0.118557964
operators: {1,7} {9,3}

coeff: 0.128104345
operators: {1,7} {10,3}

coeff: 0.131418477
operators: {1,7} {11,3}

coeff: 0.0199052278
operators: {1,5} {2,1} {4,1} {11,1}

coeff: 0.120652526
operators: {1,5} {2,1} {5,1} {6,1}

coeff: 0.0711282952
operators: {1,5} {2,1} {5,1} {8,1}

coeff: 0.110827827
operators: {1,5} {2,1} {6,1} {7,1}

coeff: 0.0850091029
operators: {1,5} {2,1} {6,1} {9,1}

coeff: 0.0187158761
operators: {1,5} {2,1} {7,1} {8,1}

coeff: -0.982806903
operators: {1,5} {2,1} {8,1} {9,1}

coeff: 1.08405157
operators: {1,5} {2,1} {10,1} {11,1}

coeff: 0.202148316
operators: {1,5} {3,1} {4,1} {6,1}

coeff: -0.0469438265
operators: {1,5} {3,1} {4,1} {8,1}

coeff: -0.0217710621
operators: {1,5} {3,1} {5,1} {11,1}

coeff: 0.046554808
operators: {1,5} {3,1} {6,1} {10,1}

coeff: -0.000564198792
operators: {1,5} {3,1} {7,1} {11,1}

coeff: -0.912767852
operators: {1,5} {3,1} {8,1} {10,1}

coeff: 0.896308516
operators: {1,5} {3,1} {9,1} {11,1}

coeff: -0.268209235
operators: {1,3} {2,7}

coeff: -1.23177119
operators: {1,3} {2,3} {3,3}

coeff: -0.161387921
operators: {1,3} {2,3} {4,3}

coeff: 0.0281562712
operators: {1,3} {2,3} {4,1} {10,1}

coeff: -0.0635776693
operators: {1,3} {2,3} {5,3}

coeff: -0.11991884
operators: {1,3} {2,3} {5,1} {7,1}

coeff: -0.115692443
operators: {1,3} {2,3} {5,1} {9,1}

coeff: -0.12589657
operators: {1,3} {2,3} {6,3}

coeff: -0.133353142
operators: {1,3} {2,3} {6,1} {8,1}

coeff: -0.053668729
operators: {1,3} {2,3} {7,3}

coeff: -0.019184303
operators: {1,3} {2,3} {7,1} {9,1}

coeff: 0.758273537
operators: {1,3} {2,3} {8,3}

coeff: 0.746024575
operators: {1,3} {2,3} {9,3}

coeff: 0.828224293
operators: {1,3} {2,3} {10,3}

coeff: 0.816470998
operators: {1,3} {2,3} {11,3}

coeff: -0.431638935
operators: {1,3} {2,1} {3,1} {4,1} {5,1}

coeff: -0.407759957
operators: {1,3} {2,1} {3,1} {4,1} {7,1}

coeff: 0.141138802
operators: {1,3} {2,1} {3,1} {4,1} {9,1}

coeff: -0.13668962
operators: {1,3} {2,1} {3,1} {5,1} {10,1}

coeff: 0.129088388
operators: {1,3} {2,1} {3,1} {6,1} {11,1}

coeff: 0.00378746188
operators: {1,3} {2,1} {3,1} {7,1} {10,1}

coeff: -2.79815662
operators: {1,3} {2,1} {3,1} {8,1} {11,1}

coeff: 2.80015022
operators: {1,3} {2,1} {3,1} {9,1} {10,1}

coeff: -0.148592438
operators: {1,3} {3,7}

coeff: -0.134444973
operators: {1,3} {3,3} {4,3}

coeff: 0.0378567332
operators: {1,3} {3,3} {4,1} {10,1}

coeff: -0.0641147105
operators: {1,3} {3,3} {5,3}

coeff: -0.127392384
operators: {1,3} {3,3} {5,1} {7,1}

coeff: -0.0285092302
operators: {1,3} {3,3} {5,1} {9,1}

coeff: -0.145474706
operators: {1,3} {3,3} {6,3}

coeff: -0.0286470637
operators: {1,3} {3,3} {6,1} {8,1}

coeff: -0.0760028111
operators: {1,3} {3,3} {7,3}

coeff: 0.0256348924
operators: {1,3} {3,3} {7,1} {9,1}

coeff: 0.592049719
operators: {1,3} {3,3} {8,3}

coeff: 0.569220508
operators: {1,3} {3,3} {9,3}

coeff: 0.637623143
operators: {1,3} {3,3} {10,3}

coeff: 0.630421235
operators: {1,3} {3,3} {11,3}

coeff: -0.0223244667
operators: {1,3} {4,7}

coeff: 0.00524684133
operators: {1,3} {4,5} {10,1}

coeff: -0.0506902187
operators: {1,3} {4,3} {5,3}

coeff: -0.0975649399
operators: {1,3} {4,3} {5,1} {7,1}

coeff: 0.00890809744
operators: {1,3} {4,3} {5,1} {9,1}

coeff: -0.121855765
operators: {1,3} {4,3} {6,3}

coeff: 0.0232978263
operators: {1,3} {4,3} {6,1} {8,1}

coeff: -0.0485071031
operators: {1,3} {4,3} {7,3}

coeff: 0.0256353615
operators: {1,3} {4,3} {7,1} {9,1}

coeff: 0.124367727
operators: {1,3} {4,3} {8,3}

coeff: 0.121373486
operators: {1,3} {4,3} {9,3}

coeff: 0.136401109
operators: {1,3} {4,3} {10,3}

coeff: 0.134763687
operators: {1,3} {4,3} {11,3}

coeff: -0.0161776402
operators: {1,3} {4,1} {5,3} {10,1}

coeff: 0.0288116368
operators: {1,3} {4,1} {5,1} {6,1} {11,1}

coeff: -0.00406486456
operators: {1,3} {4,1} {5,1} {7,1} {10,1}

coeff: -0.399758263
operators: {1,3} {4,1} {5,1} {8,1} {11,1}

coeff: 0.406783351
operators: {1,3} {4,1} {5,1} {9,1} {10,1}

coeff: -0.0304543881
operators: {1,3} {4,1} {6,3} {10,1}

coeff: 0.002058608
operators: {1,3} {4,1} {6,1} {7,1} {11,1}

coeff: 0.589046259
operators: {1,3} {4,1} {6,1} {8,1} {10,1}

coeff: -0.578944143
operators: {1,3} {4,1} {6,1} {9,1} {11,1}

coeff: 0.0147721407
operators: {1,3} {4,1} {7,3} {10,1}

coeff: -0.414309141
operators: {1,3} {4,1} {7,1} {8,1} {11,1}

coeff: 0.41655791
operators: {1,3} {4,1} {7,1} {9,1} {10,1}

coeff: -0.0355951774
operators: {1,3} {4,1} {8,3} {10,1}

coeff: 0.0739221468
operators: {1,3} {4,1} {8,1} {9,1} {11,1}

coeff: -0.0402111862
operators: {1,3} {4,1} {9,3} {10,1}

coeff: 0.00177865379
operators: {1,3} {4,1} {10,5}

coeff: 0.0172269751
operators: {1,3} {4,1} {10,1} {11,3}

coeff: -0.00401066187
operators: {1,3} {5,7}

coeff: -0.00777411326
operators: {1,3} {5,5} {7,1}

coeff: -0.00498095715
operators: {1,3} {5,5} {9,1}

coeff: -0.035595087
operators: {1,3} {5,3} {6,3}

coeff: -0.0283073152
operators: {1,3} {5,3} {6,1} {8,1}

coeff: -0.0209708231
operators: {1,3} {5,3} {7,3}

coeff: -0.0113760463
operators: {1,3} {5,3} {7,1} {9,1}

coeff: 0.06247608
operators: {1,3} {5,3} {8,3}

coeff: 0.0597498009
operators: {1,3} {5,3} {9,3}

coeff: 0.0747402067
operators: {1,3} {5,3} {10,3}

coeff: 0.0687677974
operators: {1,3} {5,3} {11,3}

coeff: -0.0729040525
operators: {1,3} {5,1} {6,3} {7,1}

coeff: -0.0401257465
operators: {1,3} {5,1} {6,3} {9,1}

coeff: -0.0434370981
operators: {1,3} {5,1} {6,1} {7,1} {8,1}

coeff: 0.38340124
operators: {1,3} {5,1} {6,1} {8,1} {9,1}

coeff: -0.44313492
operators: {1,3} {5,1} {6,1} {10,1} {11,1}

coeff: -0.00774699176
operators: {1,3} {5,1} {7,5}

coeff: -0.00968603072
operators: {1,3} {5,1} {7,3} {9,1}

coeff: 0.133913314
operators: {1,3} {5,1} {7,1} {8,3}

coeff: 0.132078868
operators: {1,3} {5,1} {7,1} {9,3}

coeff: 0.154990456
operators: {1,3} {5,1} {7,1} {10,3}

coeff: 0.14756813
operators: {1,3} {5,1} {7,1} {11,3}

coeff: 0.0285157301
operators: {1,3} {5,1} {8,3} {9,1}

coeff: -0.0971163936
operators: {1,3} {5,1} {8,1} {10,1} {11,1}

coeff: 0.00707820982
operators: {1,3} {5,1} {9,5}

coeff: 0.0490509922
operators: {1,3} {5,1} {9,1} {10,3}

coeff: 0.0437889356
operators: {1,3} {5,1} {9,1} {11,3}

coeff: -0.0174337112
operators: {1,3} {6,7}

coeff: -0.0189789174
operators: {1,3} {6,5} {8,1}

coeff: -0.0391374061
operators: {1,3} {6,3} {7,3}

coeff: -0.0300907362
operators: {1,3} {6,3} {7,1} {9,1}

coeff: 0.135971741
operators: {1,3} {6,3} {8,3}

coeff: 0.136154056
operators: {1,3} {6,3} {9,3}

coeff: 0.159088065
operators: {1,3} {6,3} {10,3}

coeff: 0.157789905
operators: {1,3} {6,3} {11,3}

coeff: -0.0136720515
operators: {1,3} {6,1} {7,3} {8,1}

coeff: 0.406613148
operators: {1,3} {6,1} {7,1} {8,1} {9,1}

coeff: -0.471285378
operators: {1,3} {6,1} {7,1} {10,1} {11,1}

coeff: 0.00306885773
operators: {1,3} {6,1} {8,5}

coeff: 0.00583142087
operators: {1,3} {6,1} {8,1} {9,3}

coeff: 0.0459181165
operators: {1,3} {6,1} {8,1} {10,3}

coeff: 0.0403725809
operators: {1,3} {6,1} {8,1} {11,3}

coeff: -0.0825082606
operators: {1,3} {6,1} {9,1} {10,1} {11,1}

coeff: -0.00605945262
operators: {1,3} {7,7}

coeff: -0.00177261242
operators: {1,3} {7,5} {9,1}

coeff: 0.0708848606
operators: {1,3} {7,3} {8,3}

coeff: 0.067485698
operators: {1,3} {7,3} {9,3}

coeff: 0.0869172422
operators: {1,3} {7,3} {10,3}

coeff: 0.083657131
operators: {1,3} {7,3} {11,3}

coeff: -0.0478137233
operators: {1,3} {7,1} {8,3} {9,1}

coeff: 0.0353529557
operators: {1,3} {7,1} {8,1} {10,1} {11,1}

coeff: -0.0258681488
operators: {1,3} {7,1} {9,5}

coeff: -0.0344901553
operators: {1,3} {7,1} {9,1} {10,3}

coeff: -0.0247013863
operators: {1,3} {7,1} {9,1} {11,3}

coeff: -0.0695685291
operators: {1,3} {8,7}

coeff: -0.402946994
operators: {1,3} {8,3} {9,3}

coeff: -0.439266318
operators: {1,3} {8,3} {10,3}

coeff: -0.433763105
operators: {1,3} {8,3} {11,3}

coeff: 1.7606524
operators: {1,3} {8,1} {9,1} {10,1} {11,1}

coeff: -0.0664015291
operators: {1,3} {9,7}

coeff: -0.442610724
operators: {1,3} {9,3} {10,3}

coeff: -0.431408438
operators: {1,3} {9,3} {11,3}

coeff: -0.0781159041
operators: {1,3} {10,7}

coeff: -0.456126243
operators: {1,3} {10,3} {11,3}

coeff: -0.0752201376
operators: {1,3} {11,7}

coeff: 0.0191064574
operators: {1,1} {2,5} {4,1} {11,1}

coeff: 0.11466404
operators: {1,1} {2,5} {5,1} {6,1}

coeff: 0.0911352582
operators: {1,1} {2,5} {5,1} {8,1}

coeff: 0.112491953
operators: {1,1} {2,5} {6,1} {7,1}

coeff: 0.104614313
operators: {1,1} {2,5} {6,1} {9,1}

coeff: 0.0197480356
operators: {1,1} {2,5} {7,1} {8,1}

coeff: -1.03548633
operators: {1,1} {2,5} {8,1} {9,1}

coeff: 1.11533943
operators: {1,1} {2,5} {10,1} {11,1}

coeff: 0.623762434
operators: {1,1} {2,3} {3,1} {4,1} {6,1}

coeff: -0.122048267
operators: {1,1} {2,3} {3,1} {4,1} {8,1}

coeff: -0.152088712
operators: {1,1} {2,3} {3,1} {5,1} {11,1}

coeff: 0.154800577
operators: {1,1} {2,3} {3,1} {6,1} {10,1}

coeff: 0.020759449
operators: {1,1} {2,3} {3,1} {7,1} {11,1}

coeff: -2.86935045
operators: {1,1} {2,3} {3,1} {8,1} {10,1}

coeff: 2.84291335
operators: {1,1} {2,3} {3,1} {9,1} {11,1}

coeff: 0.0747721167
operators: {1,1} {2,1} {3,3} {4,1} {11,1}

coeff: 0.375565139
operators: {1,1} {2,1} {3,3} {5,1} {6,1}

coeff: 0.0725808582
operators: {1,1} {2,1} {3,3} {5,1} {8,1}

coeff: 0.401135473
operators: {1,1} {2,1} {3,3} {6,1} {7,1}

coeff: 0.0357073065
operators: {1,1} {2,1} {3,3} {6,1} {9,1}

coeff: -0.0852684657
operators: {1,1} {2,1} {3,3} {7,1} {8,1}

coeff: -2.40408111
operators: {1,1} {2,1} {3,3} {8,1} {9,1}

coeff: 2.58155337
operators: {1,1} {2,1} {3,3} {10,1} {11,1}

coeff: 0.0208804714
operators: {1,1} {2,1} {4,5} {11,1}

coeff: 0.266305459
operators: {1,1} {2,1} {4,3} {5,1} {6,1}

coeff: -0.0179999883
operators: {1,1} {2,1} {4,3} {5,1} {8,1}

coeff: 0.267117002
operators: {1,1} {2,1} {4,3} {6,1} {7,1}

coeff: -0.0331862894
operators: {1,1} {2,1} {4,3} {6,1} {9,1}

coeff: -0.048330253
operators: {1,1} {2,1} {4,3} {7,1} {8,1}

coeff: -0.529687093
operators: {1,1} {2,1} {4,3} {8,1} {9,1}

coeff: 0.580403756
operators: {1,1} {2,1} {4,3} {10,1} {11,1}

coeff: -0.0323700957
operators: {1,1} {2,1} {4,1} {5,3} {11,1}

coeff: 0.0862142266
operators: {1,1} {2,1} {4,1} {5,1} {6,1} {10,1}

coeff: -0.0167829197
operators: {1,1} {2,1} {4,1} {5,1} {7,1} {11,1}

coeff: -0.816974635
operators: {1,1} {2,1} {4,1} {5,1} {8,1} {10,1}

coeff: 0.812028794
operators: {1,1} {2,1} {4,1} {5,1} {9,1} {11,1}

coeff: -0.0450369028
operators: {1,1} {2,1} {4,1} {6,3} {11,1}

coeff: 0.0158338538
operators: {1,1} {2,1} {4,1} {6,1} {7,1} {10,1}

coeff: 1.19722441
operators: {1,1} {2,1} {4,1} {6,1} {8,1} {11,1}

coeff: -1.19959146
operators: {1,1} {2,1} {4,1} {6,1} {9,1} {10,1}

coeff: 0.0234444321
operators: {1,1} {2,1} {4,1} {7,3} {11,1}

coeff: -0.846891131
operators: {1,1} {2,1} {4,1} {7,1} {8,1} {10,1}

coeff: 0.83216076
operators: {1,1} {2,1} {4,1} {7,1} {9,1} {11,1}

coeff: -0.0537318878
operators: {1,1} {2,1} {4,1} {8,3} {11,1}

coeff: 0.137670331
operators: {1,1} {2,1} {4,1} {8,1} {9,1} {10,1}

coeff: -0.0779364234
operators: {1,1} {2,1} {4,1} {9,3} {11,1}

coeff: 0.0394674989
operators: {1,1} {2,1} {4,1} {10,3} {11,1}

coeff: 0.00999897677
operators: {1,1} {2,1} {4,1} {11,5}

coeff: 0.0277821571
operators: {1,1} {2,1} {5,5} {6,1}

coeff: 0.0191551908
operators: {1,1} {2,1} {5,5} {8,1}

coeff: 0.0957953197
operators: {1,1} {2,1} {5,3} {6,1} {7,1}

coeff: 0.0686149156
operators: {1,1} {2,1} {5,3} {6,1} {9,1}

coeff: 0.0397816082
operators: {1,1} {2,1} {5,3} {7,1} {8,1}

coeff: -0.256536791
operators: {1,1} {2,1} {5,3} {8,1} {9,1}

coeff: 0.298849616
operators: {1,1} {2,1} {5,3} {10,1} {11,1}

coeff: 0.064037694
operators: {1,1} {2,1} {5,1} {6,5}

coeff: 0.0910289309
operators: {1,1} {2,1} {5,1} {6,3} {8,1}

coeff: 0.101786742
operators: {1,1} {2,1} {5,1} {6,1} {7,3}

coeff: 0.103737206
operators: {1,1} {2,1} {5,1} {6,1} {7,1} {9,1}

coeff: -0.382505409
operators: {1,1} {2,1} {5,1} {6,1} {8,3}

coeff: -0.387257431
operators: {1,1} {2,1} {5,1} {6,1} {9,3}

coeff: -0.446402908
operators: {1,1} {2,1} {5,1} {6,1} {10,3}

coeff: -0.445855843
operators: {1,1} {2,1} {5,1} {6,1} {11,3}

coeff: 0.0221344913
operators: {1,1} {2,1} {5,1} {7,3} {8,1}

coeff: -0.552120322
operators: {1,1} {2,1} {5,1} {7,1} {8,1} {9,1}

coeff: 0.639880336
operators: {1,1} {2,1} {5,1} {7,1} {10,1} {11,1}

coeff: -0.0258246951
operators: {1,1} {2,1} {5,1} {8,5}

coeff: -0.0582567325
operators: {1,1} {2,1} {5,1} {8,1} {9,3}

coeff: -0.113157846
operators: {1,1} {2,1} {5,1} {8,1} {10,3}

coeff: -0.10981915
operators: {1,1} {2,1} {5,1} {8,1} {11,3}

coeff: 0.207936999
operators: {1,1} {2,1} {5,1} {9,1} {10,1} {11,1}

coeff: 0.069445392
operators: {1,1} {2,1} {6,5} {7,1}

coeff: 0.0431119889
operators: {1,1} {2,1} {6,5} {9,1}

coeff: 0.0586355169
operators: {1,1} {2,1} {6,3} {7,1} {8,1}

coeff: -0.568841373
operators: {1,1} {2,1} {6,3} {8,1} {9,1}

coeff: 0.665188916
operators: {1,1} {2,1} {6,3} {10,1} {11,1}

coeff: 0.0343175989
operators: {1,1} {2,1} {6,1} {7,5}

coeff: 0.0260386724
operators: {1,1} {2,1} {6,1} {7,3} {9,1}

coeff: -0.412255114
operators: {1,1} {2,1} {6,1} {7,1} {8,3}

coeff: -0.413601537
operators: {1,1} {2,1} {6,1} {7,1} {9,3}

coeff: -0.482533987
operators: {1,1} {2,1} {6,1} {7,1} {10,3}

coeff: -0.477618025
operators: {1,1} {2,1} {6,1} {7,1} {11,3}

coeff: -0.0280851387
operators: {1,1} {2,1} {6,1} {8,3} {9,1}

coeff: 0.190868585
operators: {1,1} {2,1} {6,1} {8,1} {10,1} {11,1}

coeff: -0.00286633473
operators: {1,1} {2,1} {6,1} {9,5}

coeff: -0.0890779873
operators: {1,1} {2,1} {6,1} {9,1} {10,3}

coeff: -0.0836180043
operators: {1,1} {2,1} {6,1} {9,1} {11,3}

coeff: 0.00451933165
operators: {1,1} {2,1} {7,5} {8,1}

coeff: -0.291807998
operators: {1,1} {2,1} {7,3} {8,1} {9,1}

coeff: 0.352354314
operators: {1,1} {2,1} {7,3} {10,1} {11,1}

coeff: 0.0319876286
operators: {1,1} {2,1} {7,1} {8,5}

coeff: 0.102384866
operators: {1,1} {2,1} {7,1} {8,1} {9,3}

coeff: 0.0447670609
operators: {1,1} {2,1} {7,1} {8,1} {10,3}

coeff: 0.0469270063
operators: {1,1} {2,1} {7,1} {8,1} {11,3}

coeff: -0.0963934577
operators: {1,1} {2,1} {7,1} {9,1} {10,1} {11,1}

coeff: 0.559458065
operators: {1,1} {2,1} {8,5} {9,1}

coeff: -1.78844795
operators: {1,1} {2,1} {8,3} {10,1} {11,1}

coeff: 0.554243727
operators: {1,1} {2,1} {8,1} {9,5}

coeff: 1.80191261
operators: {1,1} {2,1} {8,1} {9,1} {10,3}

coeff: 1.78658452
operators: {1,1} {2,1} {8,1} {9,1} {11,3}

coeff: -1.78562668
operators: {1,1} {2,1} {9,3} {10,1} {11,1}

coeff: -0.623903292
operators: {1,1} {2,1} {10,5} {11,1}

coeff: -0.619868674
operators: {1,1} {2,1} {10,1} {11,5}

coeff: 0.154031352
operators: {1,1} {3,5} {4,1} {6,1}

coeff: -0.0399739263
operators: {1,1} {3,5} {4,1} {8,1}

coeff: -0.0277311495
operators: {1,1} {3,5} {5,1} {11,1}

coeff: 0.0268576177
operators: {1,1} {3,5} {6,1} {10,1}

coeff: 0.00763491196
operators: {1,1} {3,5} {7,1} {11,1}

coeff: -0.732848373
operators: {1,1} {3,5} {8,1} {10,1}

coeff: 0.710768739
operators: {1,1} {3,5} {9,1} {11,1}

coeff: 0.111146302
operators: {1,1} {3,1} {4,5} {6,1}

coeff: -0.0295499085
operators: {1,1} {3,1} {4,5} {8,1}

coeff: 0.00273167531
operators: {1,1} {3,1} {4,3} {5,1} {11,1}

coeff: -0.0155441326
operators: {1,1} {3,1} {4,3} {6,1} {10,1}

coeff: 0.0310247938
operators: {1,1} {3,1} {4,3} {7,1} {11,1}

coeff: -0.495526718
operators: {1,1} {3,1} {4,3} {8,1} {10,1}

coeff: 0.481654603
operators: {1,1} {3,1} {4,3} {9,1} {11,1}

coeff: 0.183697002
operators: {1,1} {3,1} {4,1} {5,3} {6,1}

coeff: 0.00124989169
operators: {1,1} {3,1} {4,1} {5,3} {8,1}

coeff: 0.367685431
operators: {1,1} {3,1} {4,1} {5,1} {6,1} {7,1}

coeff: -0.0241577579
operators: {1,1} {3,1} {4,1} {5,1} {6,1} {9,1}

coeff: -0.0376101106
operators: {1,1} {3,1} {4,1} {5,1} {7,1} {8,1}

coeff: -0.707808985
operators: {1,1} {3,1} {4,1} {5,1} {8,1} {9,1}

coeff: 0.754131423
operators: {1,1} {3,1} {4,1} {5,1} {10,1} {11,1}

coeff: 0.132811481
operators: {1,1} {3,1} {4,1} {6,5}

coeff: -0.0109341768
operators: {1,1} {3,1} {4,1} {6,3} {8,1}

coeff: 0.19866711
operators: {1,1} {3,1} {4,1} {6,1} {7,3}

coeff: -0.0686941945
operators: {1,1} {3,1} {4,1} {6,1} {7,1} {9,1}

coeff: -0.517179185
operators: {1,1} {3,1} {4,1} {6,1} {8,3}

coeff: -0.504085607
operators: {1,1} {3,1} {4,1} {6,1} {9,3}

coeff: -0.556480545
operators: {1,1} {3,1} {4,1} {6,1} {10,3}

coeff: -0.549819993
operators: {1,1} {3,1} {4,1} {6,1} {11,3}

coeff: -0.0468294938
operators: {1,1} {3,1} {4,1} {7,3} {8,1}

coeff: -0.713110996
operators: {1,1} {3,1} {4,1} {7,1} {8,1} {9,1}

coeff: 0.782179989
operators: {1,1} {3,1} {4,1} {7,1} {10,1} {11,1}

coeff: 0.0313862049
operators: {1,1} {3,1} {4,1} {8,5}

coeff: 0.116056205
operators: {1,1} {3,1} {4,1} {8,1} {9,3}

coeff: 0.0180860973
operators: {1,1} {3,1} {4,1} {8,1} {10,3}

coeff: 0.0142552768
operators: {1,1} {3,1} {4,1} {8,1} {11,3}

coeff: -0.0525844742
operators: {1,1} {3,1} {4,1} {9,1} {10,1} {11,1}

coeff: -0.00953380019
operators: {1,1} {3,1} {5,5} {11,1}

coeff: 0.0408106884
operators: {1,1} {3,1} {5,3} {6,1} {10,1}

coeff: -0.022267912
operators: {1,1} {3,1} {5,3} {7,1} {11,1}

coeff: -0.259086215
operators: {1,1} {3,1} {5,3} {8,1} {10,1}

coeff: 0.253222169
operators: {1,1} {3,1} {5,3} {9,1} {11,1}

coeff: -0.054383522
operators: {1,1} {3,1} {5,1} {6,3} {11,1}

coeff: 0.0445337819
operators: {1,1} {3,1} {5,1} {6,1} {7,1} {10,1}

coeff: 0.764932184
operators: {1,1} {3,1} {5,1} {6,1} {8,1} {11,1}

coeff: -0.767500656
operators: {1,1} {3,1} {5,1} {6,1} {9,1} {10,1}

coeff: -0.002647969
operators: {1,1} {3,1} {5,1} {7,3} {11,1}

coeff: -0.551079076
operators: {1,1} {3,1} {5,1} {7,1} {8,1} {10,1}

coeff: 0.54313581
operators: {1,1} {3,1} {5,1} {7,1} {9,1} {11,1}

coeff: 0.0549628133
operators: {1,1} {3,1} {5,1} {8,3} {11,1}

coeff: -0.102578555
operators: {1,1} {3,1} {5,1} {8,1} {9,1} {10,1}

coeff: 0.0485135932
operators: {1,1} {3,1} {5,1} {9,3} {11,1}

coeff: 0.108614771
operators: {1,1} {3,1} {5,1} {10,3} {11,1}

coeff: 0.0398422052
operators: {1,1} {3,1} {5,1} {11,5}

coeff: 0.0228486578
operators: {1,1} {3,1} {6,5} {10,1}

coeff: -0.0219054512
operators: {1,1} {3,1} {6,3} {7,1} {11,1}

coeff: -0.57196753
operators: {1,1} {3,1} {6,3} {8,1} {10,1}

coeff: 0.561760023
operators: {1,1} {3,1} {6,3} {9,1} {11,1}

coeff: -0.0100817444
operators: {1,1} {3,1} {6,1} {7,3} {10,1}

coeff: 0.826409164
operators: {1,1} {3,1} {6,1} {7,1} {8,1} {11,1}

coeff: -0.813004549
operators: {1,1} {3,1} {6,1} {7,1} {9,1} {10,1}

coeff: -0.0327093993
operators: {1,1} {3,1} {6,1} {8,3} {10,1}

coeff: 0.045280166
operators: {1,1} {3,1} {6,1} {8,1} {9,1} {11,1}

coeff: -0.0101375509
operators: {1,1} {3,1} {6,1} {9,3} {10,1}

coeff: -0.0369775401
operators: {1,1} {3,1} {6,1} {10,5}

coeff: -0.107264841
operators: {1,1} {3,1} {6,1} {10,1} {11,3}

coeff: 0.003472749
operators: {1,1} {3,1} {7,5} {11,1}

coeff: -0.293241545
operators: {1,1} {3,1} {7,3} {8,1} {10,1}

coeff: 0.291565585
operators: {1,1} {3,1} {7,3} {9,1} {11,1}

coeff: -0.081390606
operators: {1,1} {3,1} {7,1} {8,3} {11,1}

coeff: 0.157288553
operators: {1,1} {3,1} {7,1} {8,1} {9,1} {10,1}

coeff: -0.0856278531
operators: {1,1} {3,1} {7,1} {9,3} {11,1}

coeff: -0.0237923241
operators: {1,1} {3,1} {7,1} {10,3} {11,1}

coeff: -0.0119192698
operators: {1,1} {3,1} {7,1} {11,5}

coeff: 0.518769027
operators: {1,1} {3,1} {8,5} {10,1}

coeff: -1.54604035
operators: {1,1} {3,1} {8,3} {9,1} {11,1}

coeff: 1.54197566
operators: {1,1} {3,1} {8,1} {9,3} {10,1}

coeff: 0.549758969
operators: {1,1} {3,1} {8,1} {10,5}

coeff: 1.62400061
operators: {1,1} {3,1} {8,1} {10,1} {11,3}

coeff: -0.512622535
operators: {1,1} {3,1} {9,5} {11,1}

coeff: -1.63871466
operators: {1,1} {3,1} {9,1} {10,3} {11,1}

coeff: -0.541617094
operators: {1,1} {3,1} {9,1} {11,5}

coeff: -0.0193766398
operators: {2,11}

coeff: -0.200585961
operators: {2,7} {3,3}

coeff: -0.0297476063
operators: {2,7} {4,3}

coeff: 0.00168689
operators: {2,7} {4,1} {10,1}

coeff: -0.0106956925
operators: {2,7} {5,3}

coeff: -0.0187544516
operators: {2,7} {5,1} {7,1}

coeff: -0.0290450763
operators: {2,7} {5,1} {9,1}

coeff: -0.0196657239
operators: {2,7} {6,3}

coeff: -0.0317261045
operators: {2,7} {6,1} {8,1}

coeff: -0.0108507065
operators: {2,7} {7,3}

coeff: -0.00752721458
operators: {2,7} {7,1} {9,1}

coeff: 0.132990481
operators: {2,7} {8,3}

coeff: 0.128482354
operators: {2,7} {9,3}

coeff: 0.142507922
operators: {2,7} {10,3}

coeff: 0.141403614
operators: {2,7} {11,3}

coeff: -0.134287268
operators: {2,5} {3,1} {4,1} {5,1}

coeff: -0.126202246
operators: {2,5} {3,1} {4,1} {7,1}

coeff: 0.0579460195
operators: {2,5} {3,1} {4,1} {9,1}

coeff: -0.0539689522
operators: {2,5} {3,1} {5,1} {10,1}

coeff: 0.0575745528
operators: {2,5} {3,1} {6,1} {11,1}

coeff: 0.00299137242
operators: {2,5} {3,1} {7,1} {10,1}

coeff: -0.97145994
operators: {2,5} {3,1} {8,1} {11,1}

coeff: 0.950192403
operators: {2,5} {3,1} {9,1} {10,1}

coeff: -0.149564751
operators: {2,3} {3,7}

coeff: -0.125887054
operators: {2,3} {3,3} {4,3}

coeff: 0.0491554497
operators: {2,3} {3,3} {4,1} {10,1}

coeff: -0.0625589694
operators: {2,3} {3,3} {5,3}

coeff: -0.122757713
operators: {2,3} {3,3} {5,1} {7,1}

coeff: -0.0375388256
operators: {2,3} {3,3} {5,1} {9,1}

coeff: -0.141760999
operators: {2,3} {3,3} {6,3}

coeff: -0.0422929251
operators: {2,3} {3,3} {6,1} {8,1}

coeff: -0.0756812854
operators: {2,3} {3,3} {7,3}

coeff: 0.0256140743
operators: {2,3} {3,3} {7,1} {9,1}

coeff: 0.61905515
operators: {2,3} {3,3} {8,3}

coeff: 0.593394957
operators: {2,3} {3,3} {9,3}

coeff: 0.650297696
operators: {2,3} {3,3} {10,3}

coeff: 0.662965297
operators: {2,3} {3,3} {11,3}

coeff: -0.0177000249
operators: {2,3} {4,7}

coeff: 0.0101656848
operators: {2,3} {4,5} {10,1}

coeff: -0.0509834028
operators: {2,3} {4,3} {5,3}

coeff: -0.0876074291
operators: {2,3} {4,3} {5,1} {7,1}

coeff: 0.0135012499
operators: {2,3} {4,3} {5,1} {9,1}

coeff: -0.111860205
operators: {2,3} {4,3} {6,3}

coeff: 0.014792479
operators: {2,3} {4,3} {6,1} {8,1}

coeff: -0.043961835
operators: {2,3} {4,3} {7,3}

coeff: 0.0257566453
operators: {2,3} {4,3} {7,1} {9,1}

coeff: 0.133813417
operators: {2,3} {4,3} {8,3}

coeff: 0.127674372
operators: {2,3} {4,3} {9,3}

coeff: 0.14185785
operators: {2,3} {4,3} {10,3}

coeff: 0.1420148
operators: {2,3} {4,3} {11,3}

coeff: -0.0129432642
operators: {2,3} {4,1} {5,3} {10,1}

coeff: 0.0441078052
operators: {2,3} {4,1} {5,1} {6,1} {11,1}

coeff: -0.00218817581
operators: {2,3} {4,1} {5,1} {7,1} {10,1}

coeff: -0.415434628
operators: {2,3} {4,1} {5,1} {8,1} {11,1}

coeff: 0.404121935
operators: {2,3} {4,1} {5,1} {9,1} {10,1}

coeff: -0.0214218002
operators: {2,3} {4,1} {6,3} {10,1}

coeff: 0.0048081785
operators: {2,3} {4,1} {6,1} {7,1} {11,1}

coeff: 0.608089209
operators: {2,3} {4,1} {6,1} {8,1} {10,1}

coeff: -0.611037458
operators: {2,3} {4,1} {6,1} {9,1} {11,1}

coeff: 0.0128981759
operators: {2,3} {4,1} {7,3} {10,1}

coeff: -0.433031244
operators: {2,3} {4,1} {7,1} {8,1} {11,1}

coeff: 0.417840465
operators: {2,3} {4,1} {7,1} {9,1} {10,1}

coeff: -0.0282421189
operators: {2,3} {4,1} {8,3} {10,1}

coeff: 0.0588944272
operators: {2,3} {4,1} {8,1} {9,1} {11,1}

coeff: -0.0389092836
operators: {2,3} {4,1} {9,3} {10,1}

coeff: 0.00519343986
operators: {2,3} {4,1} {10,5}

coeff: 0.0231805751
operators: {2,3} {4,1} {10,1} {11,3}

coeff: -0.00194654257
operators: {2,3} {5,7}

coeff: -0.00886636892
operators: {2,3} {5,5} {7,1}

coeff: -0.010782355
operators: {2,3} {5,5} {9,1}

coeff: -0.0306274003
operators: {2,3} {5,3} {6,3}

coeff: -0.0358827688
operators: {2,3} {5,3} {6,1} {8,1}

coeff: -0.0156967551
operators: {2,3} {5,3} {7,3}

coeff: -0.0236356655
operators: {2,3} {5,3} {7,1} {9,1}

coeff: 0.0628638102
operators: {2,3} {5,3} {8,3}

coeff: 0.0604677339
operators: {2,3} {5,3} {9,3}

coeff: 0.0707664575
operators: {2,3} {5,3} {10,3}

coeff: 0.0737426937
operators: {2,3} {5,3} {11,3}

coeff: -0.0662162335
operators: {2,3} {5,1} {6,3} {7,1}

coeff: -0.0470044818
operators: {2,3} {5,1} {6,3} {9,1}

coeff: -0.0512514238
operators: {2,3} {5,1} {6,1} {7,1} {8,1}

coeff: 0.381832017
operators: {2,3} {5,1} {6,1} {8,1} {9,1}

coeff: -0.454185474
operators: {2,3} {5,1} {6,1} {10,1} {11,1}

coeff: -0.0117606019
operators: {2,3} {5,1} {7,5}

coeff: -0.0145627857
operators: {2,3} {5,1} {7,3} {9,1}

coeff: 0.142173632
operators: {2,3} {5,1} {7,1} {8,3}

coeff: 0.139429341
operators: {2,3} {5,1} {7,1} {9,3}

coeff: 0.159945981
operators: {2,3} {5,1} {7,1} {10,3}

coeff: 0.165402685
operators: {2,3} {5,1} {7,1} {11,3}

coeff: 0.0368171907
operators: {2,3} {5,1} {8,3} {9,1}

coeff: -0.117264315
operators: {2,3} {5,1} {8,1} {10,1} {11,1}

coeff: 0.0106677448
operators: {2,3} {5,1} {9,5}

coeff: 0.0549640107
operators: {2,3} {5,1} {9,1} {10,3}

coeff: 0.0617408085
operators: {2,3} {5,1} {9,1} {11,3}

coeff: -0.0123250978
operators: {2,3} {6,7}

coeff: -0.0210715472
operators: {2,3} {6,5} {8,1}

coeff: -0.0390365876
operators: {2,3} {6,3} {7,3}

coeff: -0.0296210717
operators: {2,3} {6,3} {7,1} {9,1}

coeff: 0.141357749
operators: {2,3} {6,3} {8,3}

coeff: 0.135351548
operators: {2,3} {6,3} {9,3}

coeff: 0.165489051
operators: {2,3} {6,3} {10,3}

coeff: 0.163110529
operators: {2,3} {6,3} {11,3}

coeff: -0.0121284903
operators: {2,3} {6,1} {7,3} {8,1}

coeff: 0.41729907
operators: {2,3} {6,1} {7,1} {8,1} {9,1}

coeff: -0.489987043
operators: {2,3} {6,1} {7,1} {10,1} {11,1}

coeff: 0.00547972786
operators: {2,3} {6,1} {8,5}

coeff: 0.0151763062
operators: {2,3} {6,1} {8,1} {9,3}

coeff: 0.0503604092
operators: {2,3} {6,1} {8,1} {10,3}

coeff: 0.0530233007
operators: {2,3} {6,1} {8,1} {11,3}

coeff: -0.0916857981
operators: {2,3} {6,1} {9,1} {10,1} {11,1}

coeff: -0.00403507553
operators: {2,3} {7,7}

coeff: -0.00210427838
operators: {2,3} {7,5} {9,1}

coeff: 0.0723193543
operators: {2,3} {7,3} {8,3}

coeff: 0.067828274
operators: {2,3} {7,3} {9,3}

coeff: 0.0815380099
operators: {2,3} {7,3} {10,3}

coeff: 0.0832131967
operators: {2,3} {7,3} {11,3}

coeff: -0.0478872842
operators: {2,3} {7,1} {8,3} {9,1}

coeff: 0.0471779312
operators: {2,3} {7,1} {8,1} {10,1} {11,1}

coeff: -0.0231963226
operators: {2,3} {7,1} {9,5}

coeff: -0.032345201
operators: {2,3} {7,1} {9,1} {10,3}

coeff: -0.0262584872
operators: {2,3} {7,1} {9,1} {11,3}

coeff: -0.0716064296
operators: {2,3} {8,7}

coeff: -0.42786681
operators: {2,3} {8,3} {9,3}

coeff: -0.464504451
operators: {2,3} {8,3} {10,3}

coeff: -0.461390505
operators: {2,3} {8,3} {11,3}

coeff: 1.82531619
operators: {2,3} {8,1} {9,1} {10,1} {11,1}

coeff: -0.0785227197
operators: {2,3} {9,7}

coeff: -0.463590115
operators: {2,3} {9,3} {10,3}

coeff: -0.465327399
operators: {2,3} {9,3} {11,3}

coeff: -0.0812139501
operators: {2,3} {10,7}

coeff: -0.485875327
operators: {2,3} {10,3} {11,3}

coeff: -0.0838926834
operators: {2,3} {11,7}

coeff: -0.106860872
operators: {2,1} {3,5} {4,1} {5,1}

coeff: -0.095403227
operators: {2,1} {3,5} {4,1} {7,1}

coeff: 0.0495322236
operators: {2,1} {3,5} {4,1} {9,1}

coeff: -0.0307465243
operators: {2,1} {3,5} {5,1} {10,1}

coeff: 0.0253339777
operators: {2,1} {3,5} {6,1} {11,1}

coeff: 0.00583005246
operators: {2,1} {3,5} {7,1} {10,1}

coeff: -0.7471498
operators: {2,1} {3,5} {8,1} {11,1}

coeff: 0.725236307
operators: {2,1} {3,5} {9,1} {10,1}

coeff: -0.078591487
operators: {2,1} {3,1} {4,5} {5,1}

coeff: -0.0634880645
operators: {2,1} {3,1} {4,5} {7,1}

coeff: 0.0404855797
operators: {2,1} {3,1} {4,5} {9,1}

coeff: 0.0189421523
operators: {2,1} {3,1} {4,3} {5,1} {10,1}

coeff: -0.0233328007
operators: {2,1} {3,1} {4,3} {6,1} {11,1}

coeff: 0.0381546028
operators: {2,1} {3,1} {4,3} {7,1} {10,1}

coeff: -0.506214058
operators: {2,1} {3,1} {4,3} {8,1} {11,1}

coeff: 0.494194334
operators: {2,1} {3,1} {4,3} {9,1} {10,1}

coeff: -0.0425264875
operators: {2,1} {3,1} {4,1} {5,5}

coeff: -0.121212949
operators: {2,1} {3,1} {4,1} {5,3} {7,1}

coeff: 0.0137768987
operators: {2,1} {3,1} {4,1} {5,3} {9,1}

coeff: -0.275233192
operators: {2,1} {3,1} {4,1} {5,1} {6,3}

coeff: 0.00991768613
operators: {2,1} {3,1} {4,1} {5,1} {6,1} {8,1}

coeff: -0.124196645
operators: {2,1} {3,1} {4,1} {5,1} {7,3}

coeff: 0.0449772722
operators: {2,1} {3,1} {4,1} {5,1} {7,1} {9,1}

coeff: 0.359178716
operators: {2,1} {3,1} {4,1} {5,1} {8,3}

coeff: 0.351674711
operators: {2,1} {3,1} {4,1} {5,1} {9,3}

coeff: 0.38415993
operators: {2,1} {3,1} {4,1} {5,1} {10,3}

coeff: 0.388311252
operators: {2,1} {3,1} {4,1} {5,1} {11,3}

coeff: -0.280087044
operators: {2,1} {3,1} {4,1} {6,3} {7,1}

coeff: 0.0369276206
operators: {2,1} {3,1} {4,1} {6,3} {9,1}

coeff: 0.058708142
operators: {2,1} {3,1} {4,1} {6,1} {7,1} {8,1}

coeff: 1.05497517
operators: {2,1} {3,1} {4,1} {6,1} {8,1} {9,1}

coeff: -1.12979822
operators: {2,1} {3,1} {4,1} {6,1} {10,1} {11,1}

coeff: -0.0421783712
operators: {2,1} {3,1} {4,1} {7,5}

coeff: 0.0335349989
operators: {2,1} {3,1} {4,1} {7,3} {9,1}

coeff: 0.377913336
operators: {2,1} {3,1} {4,1} {7,1} {8,3}

coeff: 0.354546832
operators: {2,1} {3,1} {4,1} {7,1} {9,3}

coeff: 0.401723249
operators: {2,1} {3,1} {4,1} {7,1} {10,3}

coeff: 0.40183242
operators: {2,1} {3,1} {4,1} {7,1} {11,3}

coeff: -0.106971001
operators: {2,1} {3,1} {4,1} {8,3} {9,1}

coeff: 0.037023243
operators: {2,1} {3,1} {4,1} {8,1} {10,1} {11,1}

coeff: -0.0420871786
operators: {2,1} {3,1} {4,1} {9,5}

coeff: -0.0250032957
operators: {2,1} {3,1} {4,1} {9,1} {10,3}

coeff: -0.0198590403
operators: {2,1} {3,1} {4,1} {9,1} {11,3}

coeff: -0.0108001205
operators: {2,1} {3,1} {5,5} {10,1}

coeff: 0.0430140619
operators: {2,1} {3,1} {5,3} {6,1} {11,1}

coeff: -0.0195888257
operators: {2,1} {3,1} {5,3} {7,1} {10,1}

coeff: -0.261200987
operators: {2,1} {3,1} {5,3} {8,1} {11,1}

coeff: 0.256564974
operators: {2,1} {3,1} {5,3} {9,1} {10,1}

coeff: -0.0459864803
operators: {2,1} {3,1} {5,1} {6,3} {10,1}

coeff: 0.0454711649
operators: {2,1} {3,1} {5,1} {6,1} {7,1} {11,1}

coeff: 0.773425325
operators: {2,1} {3,1} {5,1} {6,1} {8,1} {10,1}

coeff: -0.773312595
operators: {2,1} {3,1} {5,1} {6,1} {9,1} {11,1}

coeff: 0.00250715
operators: {2,1} {3,1} {5,1} {7,3} {10,1}

coeff: -0.562212701
operators: {2,1} {3,1} {5,1} {7,1} {8,1} {11,1}

coeff: 0.551920783
operators: {2,1} {3,1} {5,1} {7,1} {9,1} {10,1}

coeff: 0.0706218391
operators: {2,1} {3,1} {5,1} {8,3} {10,1}

coeff: -0.114495064
operators: {2,1} {3,1} {5,1} {8,1} {9,1} {11,1}

coeff: 0.0511915279
operators: {2,1} {3,1} {5,1} {9,3} {10,1}

coeff: 0.043725499
operators: {2,1} {3,1} {5,1} {10,5}

coeff: 0.115229568
operators: {2,1} {3,1} {5,1} {10,1} {11,3}

coeff: 0.0211820584
operators: {2,1} {3,1} {6,5} {11,1}

coeff: -0.0131336528
operators: {2,1} {3,1} {6,3} {7,1} {10,1}

coeff: -0.57922065
operators: {2,1} {3,1} {6,3} {8,1} {11,1}

coeff: 0.577402262
operators: {2,1} {3,1} {6,3} {9,1} {10,1}

coeff: -0.0072938415
operators: {2,1} {3,1} {6,1} {7,3} {11,1}

coeff: 0.845796106
operators: {2,1} {3,1} {6,1} {7,1} {8,1} {10,1}

coeff: -0.82558269
operators: {2,1} {3,1} {6,1} {7,1} {9,1} {11,1}

coeff: -0.0347268119
operators: {2,1} {3,1} {6,1} {8,3} {11,1}

coeff: 0.0481320286
operators: {2,1} {3,1} {6,1} {8,1} {9,1} {10,1}

coeff: -0.0118927446
operators: {2,1} {3,1} {6,1} {9,3} {11,1}

coeff: -0.121009939
operators: {2,1} {3,1} {6,1} {10,3} {11,1}

coeff: -0.0362788532
operators: {2,1} {3,1} {6,1} {11,5}

coeff: 0.00473585238
operators: {2,1} {3,1} {7,5} {10,1}

coeff: -0.300489187
operators: {2,1} {3,1} {7,3} {8,1} {11,1}

coeff: 0.294832062
operators: {2,1} {3,1} {7,3} {9,1} {10,1}

coeff: -0.0797219033
operators: {2,1} {3,1} {7,1} {8,3} {10,1}

coeff: 0.157971337
operators: {2,1} {3,1} {7,1} {8,1} {9,1} {11,1}

coeff: -0.0948934986
operators: {2,1} {3,1} {7,1} {9,3} {10,1}

coeff: -0.0155863414
operators: {2,1} {3,1} {7,1} {10,5}

coeff: -0.0245765016
operators: {2,1} {3,1} {7,1} {10,1} {11,3}

coeff: 0.525177002
operators: {2,1} {3,1} {8,5} {11,1}

coeff: -1.58115662
operators: {2,1} {3,1} {8,3} {9,1} {10,1}

coeff: 1.56975861
operators: {2,1} {3,1} {8,1} {9,3} {11,1}

coeff: 1.68471774
operators: {2,1} {3,1} {8,1} {10,3} {11,1}

coeff: 0.552331792
operators: {2,1} {3,1} {8,1} {11,5}

coeff: -0.523696582
operators: {2,1} {3,1} {9,5} {10,1}

coeff: -0.564474874
operators: {2,1} {3,1} {9,1} {10,5}

coeff: -1.67148391
operators: {2,1} {3,1} {9,1} {10,1} {11,3}

coeff: -0.00815873316
operators: {3,11}

coeff: -0.0184880356
operators: {3,7} {4,3}

coeff: 0.00780181965
operators: {3,7} {4,1} {10,1}

coeff: -0.00633449127
operators: {3,7} {5,3}

coeff: -0.0119937621
operators: {3,7} {5,1} {7,1}

coeff: 0.000300487943
operators: {3,7} {5,1} {9,1}

coeff: -0.0140882938
operators: {3,7} {6,3}

coeff: 0.00519410521
operators: {3,7} {6,1} {8,1}

coeff: -0.00902140884
operators: {3,7} {7,3}

coeff: 0.00664288589
operators: {3,7} {7,1} {9,1}

coeff: 0.0828903333
operators: {3,7} {8,3}

coeff: 0.0753241365
operators: {3,7} {9,3}

coeff: 0.0807556871
operators: {3,7} {10,3}

coeff: 0.0816753175
operators: {3,7} {11,3}

coeff: -0.0145161807
operators: {3,3} {4,7}

coeff: 0.0115437168
operators: {3,3} {4,5} {10,1}

coeff: -0.0371811683
operators: {3,3} {4,3} {5,3}

coeff: -0.0619008333
operators: {3,3} {4,3} {5,1} {7,1}

coeff: 0.0230196872
operators: {3,3} {4,3} {5,1} {9,1}

coeff: -0.0797101664
operators: {3,3} {4,3} {6,3}

coeff: 0.0298901819
operators: {3,3} {4,3} {6,1} {8,1}

coeff: -0.0338690188
operators: {3,3} {4,3} {7,3}

coeff: 0.0292731628
operators: {3,3} {4,3} {7,1} {9,1}

coeff: 0.108154016
operators: {3,3} {4,3} {8,3}

coeff: 0.101466798
operators: {3,3} {4,3} {9,3}

coeff: 0.110876931
operators: {3,3} {4,3} {10,3}

coeff: 0.108358235
operators: {3,3} {4,3} {11,3}

coeff: -0.00361672334
operators: {3,3} {4,1} {5,3} {10,1}

coeff: 0.0122265404
operators: {3,3} {4,1} {5,1} {6,1} {11,1}

coeff: 0.00789781394
operators: {3,3} {4,1} {5,1} {7,1} {10,1}

coeff: -0.318796033
operators: {3,3} {4,1} {5,1} {8,1} {11,1}

coeff: 0.313696792
operators: {3,3} {4,1} {5,1} {9,1} {10,1}

coeff: -0.00633471925
operators: {3,3} {4,1} {6,3} {10,1}

coeff: -0.010275294
operators: {3,3} {4,1} {6,1} {7,1} {11,1}

coeff: 0.468563487
operators: {3,3} {4,1} {6,1} {8,1} {10,1}

coeff: -0.46266126
operators: {3,3} {4,1} {6,1} {9,1} {11,1}

coeff: 0.0106410355
operators: {3,3} {4,1} {7,3} {10,1}

coeff: -0.334242925
operators: {3,3} {4,1} {7,1} {8,1} {11,1}

coeff: 0.322535073
operators: {3,3} {4,1} {7,1} {9,1} {10,1}

coeff: -0.0300537178
operators: {3,3} {4,1} {8,3} {10,1}

coeff: 0.0679164132
operators: {3,3} {4,1} {8,1} {9,1} {11,1}

coeff: -0.03915438
operators: {3,3} {4,1} {9,3} {10,1}

coeff: 0.00472803605
operators: {3,3} {4,1} {10,5}

coeff: 0.0131810346
operators: {3,3} {4,1} {10,1} {11,3}

coeff: -0.00369736301
operators: {3,3} {5,7}

coeff: -0.011137996
operators: {3,3} {5,5} {7,1}

coeff: -0.0027110792
operators: {3,3} {5,5} {9,1}

coeff: -0.0315288295
operators: {3,3} {5,3} {6,3}

coeff: -0.0166715025
operators: {3,3} {5,3} {6,1} {8,1}

coeff: -0.0165786826
operators: {3,3} {5,3} {7,3}

coeff: -0.00683946622
operators: {3,3} {5,3} {7,1} {9,1}

coeff: 0.0480991956
operators: {3,3} {5,3} {8,3}

coeff: 0.0442699399
operators: {3,3} {5,3} {9,3}

coeff: 0.057770308
operators: {3,3} {5,3} {10,3}

coeff: 0.0571057232
operators: {3,3} {5,3} {11,3}

coeff: -0.0640978658
operators: {3,3} {5,1} {6,3} {7,1}

coeff: -0.0201617077
operators: {3,3} {5,1} {6,3} {9,1}

coeff: -0.0149006652
operators: {3,3} {5,1} {6,1} {7,1} {8,1}

coeff: 0.292254641
operators: {3,3} {5,1} {6,1} {8,1} {9,1}

coeff: -0.357509943
operators: {3,3} {5,1} {6,1} {10,1} {11,1}

coeff: -0.0134960387
operators: {3,3} {5,1} {7,5}

coeff: 0.000988844125
operators: {3,3} {5,1} {7,3} {9,1}

coeff: 0.104088363
operators: {3,3} {5,1} {7,1} {8,3}

coeff: 0.101229768
operators: {3,3} {5,1} {7,1} {9,3}

coeff: 0.126824593
operators: {3,3} {5,1} {7,1} {10,3}

coeff: 0.124858246
operators: {3,3} {5,1} {7,1} {11,3}

coeff: -0.000880050781
operators: {3,3} {5,1} {8,3} {9,1}

coeff: -0.0799798195
operators: {3,3} {5,1} {8,1} {10,1} {11,1}

coeff: 0.000296033646
operators: {3,3} {5,1} {9,5}

coeff: 0.0377895158
operators: {3,3} {5,1} {9,1} {10,3}

coeff: 0.0360082506
operators: {3,3} {5,1} {9,1} {11,3}

coeff: -0.0138052221
operators: {3,3} {6,7}

coeff: -0.010252131
operators: {3,3} {6,5} {8,1}

coeff: -0.0403164366
operators: {3,3} {6,3} {7,3}

coeff: -0.0103830665
operators: {3,3} {6,3} {7,1} {9,1}

coeff: 0.10634212
operators: {3,3} {6,3} {8,3}

coeff: 0.103123813
operators: {3,3} {6,3} {9,3}

coeff: 0.131029649
operators: {3,3} {6,3} {10,3}

coeff: 0.129852019
operators: {3,3} {6,3} {11,3}

coeff: 0.00825542384
operators: {3,3} {6,1} {7,3} {8,1}

coeff: 0.314941533
operators: {3,3} {6,1} {7,1} {8,1} {9,1}

coeff: -0.382770802
operators: {3,3} {6,1} {7,1} {10,1} {11,1}

coeff: -0.00837229894
operators: {3,3} {6,1} {8,5}

coeff: -0.0280333381
operators: {3,3} {6,1} {8,1} {9,3}

coeff: 0.0353965148
operators: {3,3} {6,1} {8,1} {10,3}

coeff: 0.0338312203
operators: {3,3} {6,1} {8,1} {11,3}

coeff: -0.0576333132
operators: {3,3} {6,1} {9,1} {10,1} {11,1}

coeff: -0.00492595766
operators: {3,3} {7,7}

coeff: 0.00097923151
operators: {3,3} {7,5} {9,1}

coeff: 0.0534454075
operators: {3,3} {7,3} {8,3}

coeff: 0.0525334877
operators: {3,3} {7,3} {9,3}

coeff: 0.0663328346
operators: {3,3} {7,3} {10,3}

coeff: 0.0661167935
operators: {3,3} {7,3} {11,3}

coeff: -0.0619866889
operators: {3,3} {7,1} {8,3} {9,1}

coeff: 0.0320462718
operators: {3,3} {7,1} {8,1} {10,1} {11,1}

coeff: -0.0246532229
operators: {3,3} {7,1} {9,5}

coeff: -0.0250532146
operators: {3,3} {7,1} {9,1} {10,3}

coeff: -0.0220597999
operators: {3,3} {7,1} {9,1} {11,3}

coeff: -0.0589297703
operators: {3,3} {8,7}

coeff: -0.34041917
operators: {3,3} {8,3} {9,3}

coeff: -0.36535456
operators: {3,3} {8,3} {10,3}

coeff: -0.361092243
operators: {3,3} {8,3} {11,3}

coeff: 1.43033441
operators: {3,3} {8,1} {9,1} {10,1} {11,1}

coeff: -0.0615445209
operators: {3,3} {9,7}

coeff: -0.361547037
operators: {3,3} {9,3} {10,3}

coeff: -0.357934823
operators: {3,3} {9,3} {11,3}

coeff: -0.0646570554
operators: {3,3} {10,7}

coeff: -0.380926634
operators: {3,3} {10,3} {11,3}

coeff: -0.0646236053
operators: {3,3} {11,7}

coeff: -0.00470500959
operators: {4,11}

coeff: 0.00238029309
operators: {4,9} {10,1}

coeff: -0.0218834666
operators: {4,7} {5,3}

coeff: -0.0413978195
operators: {4,7} {5,1} {7,1}

coeff: 0.0128962791
operators: {4,7} {5,1} {9,1}

coeff: -0.0526806207
operators: {4,7} {6,3}

coeff: 0.0192420919
operators: {4,7} {6,1} {8,1}

coeff: -0.0177112639
operators: {4,7} {7,3}

coeff: 0.0174306915
operators: {4,7} {7,1} {9,1}

coeff: 0.0349163472
operators: {4,7} {8,3}

coeff: 0.0331217805
operators: {4,7} {9,3}

coeff: 0.0354931929
operators: {4,7} {10,3}

coeff: 0.0358253953
operators: {4,7} {11,3}

coeff: -0.0013681691
operators: {4,5} {5,3} {10,1}

coeff: 5.31636458e-05
operators: {4,5} {5,1} {6,1} {11,1}

coeff: 0.0150796553
operators: {4,5} {5,1} {7,1} {10,1}

coeff: -0.216210953
operators: {4,5} {5,1} {8,1} {11,1}

coeff: 0.213341301
operators: {4,5} {5,1} {9,1} {10,1}

coeff: -0.00124563475
operators: {4,5} {6,3} {10,1}

coeff: -0.02139452
operators: {4,5} {6,1} {7,1} {11,1}

coeff: 0.31827357
operators: {4,5} {6,1} {8,1} {10,1}

coeff: -0.314529837
operators: {4,5} {6,1} {9,1} {11,1}

coeff: 0.0170911637
operators: {4,5} {7,3} {10,1}

coeff: -0.221881879
operators: {4,5} {7,1} {8,1} {11,1}

coeff: 0.214803902
operators: {4,5} {7,1} {9,1} {10,1}

coeff: -0.0223183037
operators: {4,5} {8,3} {10,1}

coeff: 0.0479468017
operators: {4,5} {8,1} {9,1} {11,1}

coeff: -0.0250448662
operators: {4,5} {9,3} {10,1}

coeff: 0.00306660214
operators: {4,5} {10,5}

coeff: 0.00646432601
operators: {4,5} {10,1} {11,3}

coeff: -0.0125281965
operators: {4,3} {5,7}

coeff: -0.0426206684
operators: {4,3} {5,5} {7,1}

coeff: -0.000718699417
operators: {4,3} {5,5} {9,1}

coeff: -0.141794815
operators: {4,3} {5,3} {6,3}

coeff: -0.00207326528
operators: {4,3} {5,3} {6,1} {8,1}

coeff: -0.0716844475
operators: {4,3} {5,3} {7,3}

coeff: 0.0191632171
operators: {4,3} {5,3} {7,1} {9,1}

coeff: 0.1103655
operators: {4,3} {5,3} {8,3}

coeff: 0.108301758
operators: {4,3} {5,3} {9,3}

coeff: 0.121350089
operators: {4,3} {5,3} {10,3}

coeff: 0.120989327
operators: {4,3} {5,3} {11,3}

coeff: -0.284590591
operators: {4,3} {5,1} {6,3} {7,1}

coeff: 0.00860724616
operators: {4,3} {5,1} {6,3} {9,1}

coeff: 0.0315294431
operators: {4,3} {5,1} {6,1} {7,1} {8,1}

coeff: 0.664154318
operators: {4,3} {5,1} {6,1} {8,1} {9,1}

coeff: -0.733936971
operators: {4,3} {5,1} {6,1} {10,1} {11,1}

coeff: -0.0392774732
operators: {4,3} {5,1} {7,5}

coeff: 0.024902047
operators: {4,3} {5,1} {7,3} {9,1}

coeff: 0.23445716
operators: {4,3} {5,1} {7,1} {8,3}

coeff: 0.223265878
operators: {4,3} {5,1} {7,1} {9,3}

coeff: 0.257460163
operators: {4,3} {5,1} {7,1} {10,3}

coeff: 0.259128057
operators: {4,3} {5,1} {7,1} {11,3}

coeff: -0.0463728905
operators: {4,3} {5,1} {8,3} {9,1}

coeff: -0.0356157412
operators: {4,3} {5,1} {8,1} {10,1} {11,1}

coeff: -0.0158373247
operators: {4,3} {5,1} {9,5}

coeff: 0.0149510133
operators: {4,3} {5,1} {9,1} {10,3}

coeff: 0.0129171806
operators: {4,3} {5,1} {9,1} {11,3}

coeff: -0.0577387174
operators: {4,3} {6,7}

coeff: 0.00434163638
operators: {4,3} {6,5} {8,1}

coeff: -0.148888277
operators: {4,3} {6,3} {7,3}

coeff: 0.0369688426
operators: {4,3} {6,3} {7,1} {9,1}

coeff: 0.241201632
operators: {4,3} {6,3} {8,3}

coeff: 0.237118304
operators: {4,3} {6,3} {9,3}

coeff: 0.26626434
operators: {4,3} {6,3} {10,3}

coeff: 0.264685881
operators: {4,3} {6,3} {11,3}

coeff: 0.0464778702
operators: {4,3} {6,1} {7,3} {8,1}

coeff: 0.674878008
operators: {4,3} {6,1} {7,1} {8,1} {9,1}

coeff: -0.762473005
operators: {4,3} {6,1} {7,1} {10,1} {11,1}

coeff: -0.0232713978
operators: {4,3} {6,1} {8,5}

coeff: -0.0901230327
operators: {4,3} {6,1} {8,1} {9,3}

coeff: 0.0117691634
operators: {4,3} {6,1} {8,1} {10,3}

coeff: 0.0131142266
operators: {4,3} {6,1} {8,1} {11,3}

coeff: -0.00165798387
operators: {4,3} {6,1} {9,1} {10,1} {11,1}

coeff: -0.0128342574
operators: {4,3} {7,7}

coeff: 0.0146528427
operators: {4,3} {7,5} {9,1}

coeff: 0.1179733
operators: {4,3} {7,3} {8,3}

coeff: 0.110732769
operators: {4,3} {7,3} {9,3}

coeff: 0.134848109
operators: {4,3} {7,3} {10,3}

coeff: 0.133036789
operators: {4,3} {7,3} {11,3}

coeff: -0.0901131085
operators: {4,3} {7,1} {8,3} {9,1}

coeff: 0.044081261
operators: {4,3} {7,1} {8,1} {10,1} {11,1}

coeff: -0.0363888029
operators: {4,3} {7,1} {9,5}

coeff: -0.0335647316
operators: {4,3} {7,1} {9,1} {10,3}

coeff: -0.0297435667
operators: {4,3} {7,1} {9,1} {11,3}

coeff: -0.0390310711
operators: {4,3} {8,7}

coeff: -0.223933377
operators: {4,3} {8,3} {9,3}

coeff: -0.243531998
operators: {4,3} {8,3} {10,3}

coeff: -0.241098781
operators: {4,3} {8,3} {11,3}

coeff: 0.957675519
operators: {4,3} {8,1} {9,1} {10,1} {11,1}

coeff: -0.038566271
operators: {4,3} {9,7}

coeff: -0.241843351
operators: {4,3} {9,3} {10,3}

coeff: -0.239861578
operators: {4,3} {9,3} {11,3}

coeff: -0.0434934978
operators: {4,3} {10,7}

coeff: -0.254372816
operators: {4,3} {10,3} {11,3}

coeff: -0.0447432059
operators: {4,3} {11,7}

coeff: -0.00532413808
operators: {4,1} {5,7} {10,1}

coeff: 0.0229008167
operators: {4,1} {5,5} {6,1} {11,1}

coeff: -0.010508907
operators: {4,1} {5,5} {7,1} {10,1}

coeff: -0.111994542
operators: {4,1} {5,5} {8,1} {11,1}

coeff: 0.113123821
operators: {4,1} {5,5} {9,1} {10,1}

coeff: -0.0462807396
operators: {4,1} {5,3} {6,3} {10,1}

coeff: 0.0484854419
operators: {4,1} {5,3} {6,1} {7,1} {11,1}

coeff: 0.499456721
operators: {4,1} {5,3} {6,1} {8,1} {10,1}

coeff: -0.504153524
operators: {4,1} {5,3} {6,1} {9,1} {11,1}

coeff: -0.00713789322
operators: {4,1} {5,3} {7,3} {10,1}

coeff: -0.359626398
operators: {4,1} {5,3} {7,1} {8,1} {11,1}

coeff: 0.35375532
operators: {4,1} {5,3} {7,1} {9,1} {10,1}

coeff: 0.0204630823
operators: {4,1} {5,3} {8,3} {10,1}

coeff: -0.0299535728
operators: {4,1} {5,3} {8,1} {9,1} {11,1}

coeff: 0.0115850574
operators: {4,1} {5,3} {9,3} {10,1}

coeff: 0.0205122459
operators: {4,1} {5,3} {10,5}

coeff: 0.055946874
operators: {4,1} {5,3} {10,1} {11,3}

coeff: 0.0413870153
operators: {4,1} {5,1} {6,5} {11,1}

coeff: -0.0551432077
operators: {4,1} {5,1} {6,3} {7,1} {10,1}

coeff: -0.743840951
operators: {4,1} {5,1} {6,3} {8,1} {11,1}

coeff: 0.747561929
operators: {4,1} {5,1} {6,3} {9,1} {10,1}

coeff: 0.00727565931
operators: {4,1} {5,1} {6,1} {7,3} {11,1}

coeff: 1.06505636
operators: {4,1} {5,1} {6,1} {7,1} {8,1} {10,1}

coeff: -1.05119339
operators: {4,1} {5,1} {6,1} {7,1} {9,1} {11,1}

coeff: -0.0314475977
operators: {4,1} {5,1} {6,1} {8,3} {11,1}

coeff: 0.0310066814
operators: {4,1} {5,1} {6,1} {8,1} {9,1} {10,1}

coeff: -0.00527165106
operators: {4,1} {5,1} {6,1} {9,3} {11,1}

coeff: -0.137579282
operators: {4,1} {5,1} {6,1} {10,3} {11,1}

coeff: -0.0469344351
operators: {4,1} {5,1} {6,1} {11,5}

coeff: 0.0122323424
operators: {4,1} {5,1} {7,5} {10,1}

coeff: -0.377902219
operators: {4,1} {5,1} {7,3} {8,1} {11,1}

coeff: 0.366536896
operators: {4,1} {5,1} {7,3} {9,1} {10,1}

coeff: -0.0215472007
operators: {4,1} {5,1} {7,1} {8,3} {10,1}

coeff: 0.0601847244
operators: {4,1} {5,1} {7,1} {8,1} {9,1} {11,1}

coeff: -0.0376713551
operators: {4,1} {5,1} {7,1} {9,3} {10,1}

coeff: 0.01691335
operators: {4,1} {5,1} {7,1} {10,5}

coeff: 0.0498729804
operators: {4,1} {5,1} {7,1} {10,1} {11,3}

coeff: 0.223417088
operators: {4,1} {5,1} {8,5} {11,1}

coeff: -0.677099389
operators: {4,1} {5,1} {8,3} {9,1} {10,1}

coeff: 0.675173884
operators: {4,1} {5,1} {8,1} {9,3} {11,1}

coeff: 0.722042943
operators: {4,1} {5,1} {8,1} {10,3} {11,1}

coeff: 0.239231898
operators: {4,1} {5,1} {8,1} {11,5}

coeff: -0.224772424
operators: {4,1} {5,1} {9,5} {10,1}

coeff: -0.241983087
operators: {4,1} {5,1} {9,1} {10,5}

coeff: -0.723579677
operators: {4,1} {5,1} {9,1} {10,1} {11,3}

coeff: -0.0145059308
operators: {4,1} {6,7} {10,1}

coeff: 0.0190843658
operators: {4,1} {6,5} {7,1} {11,1}

coeff: 0.36894097
operators: {4,1} {6,5} {8,1} {10,1}

coeff: -0.365153798
operators: {4,1} {6,5} {9,1} {11,1}

coeff: 0.00345176459
operators: {4,1} {6,3} {7,3} {10,1}

coeff: -0.787267954
operators: {4,1} {6,3} {7,1} {8,1} {11,1}

coeff: 0.783282226
operators: {4,1} {6,3} {7,1} {9,1} {10,1}

coeff: 0.00129918431
operators: {4,1} {6,3} {8,3} {10,1}

coeff: 0.0123938282
operators: {4,1} {6,3} {8,1} {9,1} {11,1}

coeff: -0.0163222519
operators: {4,1} {6,3} {9,3} {10,1}

coeff: 0.0255537567
operators: {4,1} {6,3} {10,5}

coeff: 0.078437712
operators: {4,1} {6,3} {10,1} {11,3}

coeff: -0.0131513156
operators: {4,1} {6,1} {7,5} {11,1}

coeff: 0.558401158
operators: {4,1} {6,1} {7,3} {8,1} {10,1}

coeff: -0.549576855
operators: {4,1} {6,1} {7,3} {9,1} {11,1}

coeff: 0.0613155537
operators: {4,1} {6,1} {7,1} {8,3} {11,1}

coeff: -0.141662067
operators: {4,1} {6,1} {7,1} {8,1} {9,1} {10,1}

coeff: 0.0837654974
operators: {4,1} {6,1} {7,1} {9,3} {11,1}

coeff: -0.0455488716
operators: {4,1} {6,1} {7,1} {10,3} {11,1}

coeff: -0.0115489531
operators: {4,1} {6,1} {7,1} {11,5}

coeff: -0.335851971
operators: {4,1} {6,1} {8,5} {10,1}

coeff: 1.00067561
operators: {4,1} {6,1} {8,3} {9,1} {11,1}

coeff: -1.00338182
operators: {4,1} {6,1} {8,1} {9,3} {10,1}

coeff: -0.360899524
operators: {4,1} {6,1} {8,1} {10,5}

coeff: -1.07282649
operators: {4,1} {6,1} {8,1} {10,1} {11,3}

coeff: 0.330007641
operators: {4,1} {6,1} {9,5} {11,1}

coeff: 1.07801451
operators: {4,1} {6,1} {9,1} {10,3} {11,1}

coeff: 0.355507125
operators: {4,1} {6,1} {9,1} {11,5}

coeff: 0.00310857451
operators: {4,1} {7,7} {10,1}

coeff: -0.130302808
operators: {4,1} {7,5} {8,1} {11,1}

coeff: 0.129643224
operators: {4,1} {7,5} {9,1} {10,1}

coeff: -0.0457920069
operators: {4,1} {7,3} {8,3} {10,1}

coeff: 0.0969811721
operators: {4,1} {7,3} {8,1} {9,1} {11,1}

coeff: -0.0545832249
operators: {4,1} {7,3} {9,3} {10,1}

coeff: -0.00568279778
operators: {4,1} {7,3} {10,5}

coeff: -0.0104292604
operators: {4,1} {7,3} {10,1} {11,3}

coeff: 0.236537562
operators: {4,1} {7,1} {8,5} {11,1}

coeff: -0.708089632
operators: {4,1} {7,1} {8,3} {9,1} {10,1}

coeff: 0.701774512
operators: {4,1} {7,1} {8,1} {9,3} {11,1}

coeff: 0.769857053
operators: {4,1} {7,1} {8,1} {10,3} {11,1}

coeff: 0.254239628
operators: {4,1} {7,1} {8,1} {11,5}

coeff: -0.23301056
operators: {4,1} {7,1} {9,5} {10,1}

coeff: -0.258810547
operators: {4,1} {7,1} {9,1} {10,5}

coeff: -0.765276681
operators: {4,1} {7,1} {9,1} {10,1} {11,3}

coeff: 0.0118068103
operators: {4,1} {8,7} {10,1}

coeff: -0.0527155409
operators: {4,1} {8,5} {9,1} {11,1}

coeff: 0.0828190042
operators: {4,1} {8,3} {9,3} {10,1}

coeff: -0.00233248791
operators: {4,1} {8,3} {10,5}

coeff: -0.0122661493
operators: {4,1} {8,3} {10,1} {11,3}

coeff: -0.0606300556
operators: {4,1} {8,1} {9,5} {11,1}

coeff: 0.00735416619
operators: {4,1} {8,1} {9,1} {10,3} {11,1}

coeff: 0.00357020402
operators: {4,1} {8,1} {9,1} {11,5}

coeff: 0.0167062975
operators: {4,1} {9,7} {10,1}

coeff: 0.00295519012
operators: {4,1} {9,3} {10,5}

coeff: 0.00492416412
operators: {4,1} {9,3} {10,1} {11,3}

coeff: -0.00280612019
operators: {4,1} {10,9}

coeff: -0.0269338109
operators: {4,1} {10,5} {11,3}

coeff: -0.0150449992
operators: {4,1} {10,1} {11,7}

coeff: 0.000333593397
operators: {5,11}

coeff: -0.00106640211
operators: {5,9} {7,1}

coeff: -0.00142164732
operators: {5,9} {9,1}

coeff: -0.00554537326
operators: {5,7} {6,3}

coeff: -0.00726726113
operators: {5,7} {6,1} {8,1}

coeff: 0.00167929131
operators: {5,7} {7,3}

coeff: -0.0072385924
operators: {5,7} {7,1} {9,1}

coeff: 0.00779238956
operators: {5,7} {8,3}

coeff: 0.00907119157
operators: {5,7} {9,3}

coeff: 0.00991213307
operators: {5,7} {10,3}

coeff: 0.0105052345
operators: {5,7} {11,3}

coeff: -0.0241160945
operators: {5,5} {6,3} {7,1}

coeff: -0.0155426368
operators: {5,5} {6,3} {9,1}

coeff: -0.0242093825
operators: {5,5} {6,1} {7,1} {8,1}

coeff: 0.100143143
operators: {5,5} {6,1} {8,1} {9,1}

coeff: -0.122769989
operators: {5,5} {6,1} {10,1} {11,1}

coeff: -0.00823568719
operators: {5,5} {7,5}

coeff: -0.00461032822
operators: {5,5} {7,3} {9,1}

coeff: 0.0353767372
operators: {5,5} {7,1} {8,3}

coeff: 0.0338360892
operators: {5,5} {7,1} {9,3}

coeff: 0.0429626568
operators: {5,5} {7,1} {10,3}

coeff: 0.0440635931
operators: {5,5} {7,1} {11,3}

coeff: 0.00984046095
operators: {5,5} {8,3} {9,1}

coeff: -0.0312443874
operators: {5,5} {8,1} {10,1} {11,1}

coeff: 0.00350962815
operators: {5,5} {9,5}

coeff: 0.0151356528
operators: {5,5} {9,1} {10,3}

coeff: 0.0155105469
operators: {5,5} {9,1} {11,3}

coeff: -0.0132041392
operators: {5,3} {6,7}

coeff: -0.0211009409
operators: {5,3} {6,5} {8,1}

coeff: -0.0398859354
operators: {5,3} {6,3} {7,3}

coeff: -0.0396385353
operators: {5,3} {6,3} {7,1} {9,1}

coeff: 0.110703128
operators: {5,3} {6,3} {8,3}

coeff: 0.11000281
operators: {5,3} {6,3} {9,3}

coeff: 0.135673937
operators: {5,3} {6,3} {10,3}

coeff: 0.135866732
operators: {5,3} {6,3} {11,3}

coeff: -0.0223331664
operators: {5,3} {6,1} {7,3} {8,1}

coeff: 0.319610599
operators: {5,3} {6,1} {7,1} {8,1} {9,1}

coeff: -0.395737887
operators: {5,3} {6,1} {7,1} {10,1} {11,1}

coeff: 0.0120487283
operators: {5,3} {6,1} {8,5}

coeff: 0.024281524
operators: {5,3} {6,1} {8,1} {9,3}

coeff: 0.0580810675
operators: {5,3} {6,1} {8,1} {10,3}

coeff: 0.0578469723
operators: {5,3} {6,1} {8,1} {11,3}

coeff: -0.102547431
operators: {5,3} {6,1} {9,1} {10,1} {11,1}

coeff: 0.00400512454
operators: {5,3} {7,7}

coeff: -0.00912569461
operators: {5,3} {7,5} {9,1}

coeff: 0.0595771333
operators: {5,3} {7,3} {8,3}

coeff: 0.0603817395
operators: {5,3} {7,3} {9,3}

coeff: 0.0724278204
operators: {5,3} {7,3} {10,3}

coeff: 0.0743999187
operators: {5,3} {7,3} {11,3}

coeff: 0.00486995662
operators: {5,3} {7,1} {8,3} {9,1}

coeff: -0.0522495796
operators: {5,3} {7,1} {8,1} {10,1} {11,1}

coeff: -0.000563748677
operators: {5,3} {7,1} {9,5}

coeff: 0.0191196837
operators: {5,3} {7,1} {9,1} {10,3}

coeff: 0.0234897676
operators: {5,3} {7,1} {9,1} {11,3}

coeff: -0.0180428809
operators: {5,3} {8,7}

coeff: -0.11337216
operators: {5,3} {8,3} {9,3}

coeff: -0.122622927
operators: {5,3} {8,3} {10,3}

coeff: -0.12417471
operators: {5,3} {8,3} {11,3}

coeff: 0.504967814
operators: {5,3} {8,1} {9,1} {10,1} {11,1}

coeff: -0.0167555998
operators: {5,3} {9,7}

coeff: -0.125921585
operators: {5,3} {9,3} {10,3}

coeff: -0.124465945
operators: {5,3} {9,3} {11,3}

coeff: -0.0207852423
operators: {5,3} {10,7}

coeff: -0.128220813
operators: {5,3} {10,3} {11,3}

coeff: -0.0208682374
operators: {5,3} {11,7}

coeff: -0.0276063304
operators: {5,1} {6,7} {7,1}

coeff: -0.0156640763
operators: {5,1} {6,7} {9,1}

coeff: -0.0322673764
operators: {5,1} {6,5} {7,1} {8,1}

coeff: 0.223758329
operators: {5,1} {6,5} {8,1} {9,1}

coeff: -0.274525751
operators: {5,1} {6,5} {10,1} {11,1}

coeff: -0.0294221852
operators: {5,1} {6,3} {7,5}

coeff: -0.0233723029
operators: {5,1} {6,3} {7,3} {9,1}

coeff: 0.239528124
operators: {5,1} {6,3} {7,1} {8,3}

coeff: 0.237140919
operators: {5,1} {6,3} {7,1} {9,3}

coeff: 0.295814598
operators: {5,1} {6,3} {7,1} {10,3}

coeff: 0.295464307
operators: {5,1} {6,3} {7,1} {11,3}

coeff: 0.0243680795
operators: {5,1} {6,3} {8,3} {9,1}

coeff: -0.135008467
operators: {5,1} {6,3} {8,1} {10,1} {11,1}

coeff: 0.00575220596
operators: {5,1} {6,3} {9,5}

coeff: 0.0614492133
operators: {5,1} {6,3} {9,1} {10,3}

coeff: 0.0613883677
operators: {5,1} {6,3} {9,1} {11,3}

coeff: -0.00664378073
operators: {5,1} {6,1} {7,5} {8,1}

coeff: 0.340497454
operators: {5,1} {6,1} {7,3} {8,1} {9,1}

coeff: -0.429272128
operators: {5,1} {6,1} {7,3} {10,1} {11,1}

coeff: 0.000447483687
operators: {5,1} {6,1} {7,1} {8,5}

coeff: -0.0112515519
operators: {5,1} {6,1} {7,1} {8,1} {9,3}

coeff: 0.0521210888
operators: {5,1} {6,1} {7,1} {8,1} {10,3}

coeff: 0.0511941301
operators: {5,1} {6,1} {7,1} {8,1} {11,3}

coeff: -0.0845570637
operators: {5,1} {6,1} {7,1} {9,1} {10,1} {11,1}

coeff: -0.22777197
operators: {5,1} {6,1} {8,5} {9,1}

coeff: 0.748309779
operators: {5,1} {6,1} {8,3} {10,1} {11,1}

coeff: -0.228710509
operators: {5,1} {6,1} {8,1} {9,5}

coeff: -0.754169999
operators: {5,1} {6,1} {8,1} {9,1} {10,3}

coeff: -0.752305471
operators: {5,1} {6,1} {8,1} {9,1} {11,3}

coeff: 0.756591552
operators: {5,1} {6,1} {9,3} {10,1} {11,1}

coeff: 0.257470759
operators: {5,1} {6,1} {10,5} {11,1}

coeff: 0.258431054
operators: {5,1} {6,1} {10,1} {11,5}

coeff: -0.00508928994
operators: {5,1} {7,9}

coeff: 0.00344607505
operators: {5,1} {7,7} {9,1}

coeff: 0.0379698337
operators: {5,1} {7,5} {8,3}

coeff: 0.0339884706
operators: {5,1} {7,5} {9,3}

coeff: 0.0481806466
operators: {5,1} {7,5} {10,3}

coeff: 0.0482589334
operators: {5,1} {7,5} {11,3}

coeff: -0.0175941219
operators: {5,1} {7,3} {8,3} {9,1}

coeff: -0.00304964356
operators: {5,1} {7,3} {8,1} {10,1} {11,1}

coeff: -0.00829844616
operators: {5,1} {7,3} {9,5}

coeff: -0.00475499797
operators: {5,1} {7,3} {9,1} {10,3}

coeff: -0.00158890372
operators: {5,1} {7,3} {9,1} {11,3}

coeff: -0.0406752243
operators: {5,1} {7,1} {8,7}

coeff: -0.246008356
operators: {5,1} {7,1} {8,3} {9,3}

coeff: -0.270668825
operators: {5,1} {7,1} {8,3} {10,3}

coeff: -0.270873318
operators: {5,1} {7,1} {8,3} {11,3}

coeff: 1.0792409
operators: {5,1} {7,1} {8,1} {9,1} {10,1} {11,1}

coeff: -0.0450957785
operators: {5,1} {7,1} {9,7}

coeff: -0.275014167
operators: {5,1} {7,1} {9,3} {10,3}

coeff: -0.27232682
operators: {5,1} {7,1} {9,3} {11,3}

coeff: -0.0479151702
operators: {5,1} {7,1} {10,7}

coeff: -0.283466281
operators: {5,1} {7,1} {10,3} {11,3}

coeff: -0.0484081032
operators: {5,1} {7,1} {11,7}

coeff: 0.00425247926
operators: {5,1} {8,7} {9,1}

coeff: 0.0243082201
operators: {5,1} {8,5} {10,1} {11,1}

coeff: 0.0119639002
operators: {5,1} {8,3} {9,5}

coeff: -0.0242808029
operators: {5,1} {8,3} {9,1} {10,3}

coeff: -0.0262745136
operators: {5,1} {8,3} {9,1} {11,3}

coeff: 0.0360760352
operators: {5,1} {8,1} {9,3} {10,1} {11,1}

coeff: 0.062843177
operators: {5,1} {8,1} {10,5} {11,1}

coeff: 0.0606790916
operators: {5,1} {8,1} {10,1} {11,5}

coeff: -0.00121580761
operators: {5,1} {9,9}

coeff: -0.00549761106
operators: {5,1} {9,5} {10,3}

coeff: -0.0078047444
operators: {5,1} {9,5} {11,3}

coeff: -0.0137152508
operators: {5,1} {9,1} {10,7}

coeff: -0.0822609442
operators: {5,1} {9,1} {10,3} {11,3}

coeff: -0.0155131499
operators: {5,1} {9,1} {11,7}

coeff: -0.00258243144
operators: {6,11}

coeff: -0.00381006764
operators: {6,9} {8,1}

coeff: -0.0145169
operators: {6,7} {7,3}

coeff: -0.0109970432
operators: {6,7} {7,1} {9,1}

coeff: 0.0405647732
operators: {6,7} {8,3}

coeff: 0.0397979775
operators: {6,7} {9,3}

coeff: 0.0498389463
operators: {6,7} {10,3}

coeff: 0.0486972754
operators: {6,7} {11,3}

coeff: -0.00801978006
operators: {6,5} {7,3} {8,1}

coeff: 0.2389031
operators: {6,5} {7,1} {8,1} {9,1}

coeff: -0.292943973
operators: {6,5} {7,1} {10,1} {11,1}

coeff: 0.00232033467
operators: {6,5} {8,5}

coeff: 0.00332523983
operators: {6,5} {8,1} {9,3}

coeff: 0.0257431044
operators: {6,5} {8,1} {10,3}

coeff: 0.0255078896
operators: {6,5} {8,1} {11,3}

coeff: -0.045437595
operators: {6,5} {9,1} {10,1} {11,1}

coeff: -0.00702074613
operators: {6,3} {7,7}

coeff: -0.00344179834
operators: {6,3} {7,5} {9,1}

coeff: 0.125734647
operators: {6,3} {7,3} {8,3}

coeff: 0.124560723
operators: {6,3} {7,3} {9,3}

coeff: 0.157827876
operators: {6,3} {7,3} {10,3}

coeff: 0.156903913
operators: {6,3} {7,3} {11,3}

coeff: -0.0212364559
operators: {6,3} {7,1} {8,3} {9,1}

coeff: -0.0423555505
operators: {6,3} {7,1} {8,1} {10,1} {11,1}

coeff: -0.0154660167
operators: {6,3} {7,1} {9,5}

coeff: 0.0086264225
operators: {6,3} {7,1} {9,1} {10,3}

coeff: 0.0121300314
operators: {6,3} {7,1} {9,1} {11,3}

coeff: -0.0430104635
operators: {6,3} {8,7}

coeff: -0.253096141
operators: {6,3} {8,3} {9,3}

coeff: -0.280605945
operators: {6,3} {8,3} {10,3}

coeff: -0.277714286
operators: {6,3} {8,3} {11,3}

coeff: 1.11676409
operators: {6,3} {8,1} {9,1} {10,1} {11,1}

coeff: -0.0440056772
operators: {6,3} {9,7}

coeff: -0.283467667
operators: {6,3} {9,3} {10,3}

coeff: -0.277731325
operators: {6,3} {9,3} {11,3}

coeff: -0.0502432245
operators: {6,3} {10,7}

coeff: -0.290023607
operators: {6,3} {10,3} {11,3}

coeff: -0.0487607089
operators: {6,3} {11,7}

coeff: -0.00131816836
operators: {6,1} {7,7} {8,1}

coeff: 0.12078996
operators: {6,1} {7,5} {8,1} {9,1}

coeff: -0.152044226
operators: {6,1} {7,5} {10,1} {11,1}

coeff: -0.0134443075
operators: {6,1} {7,3} {8,5}

coeff: -0.0400217228
operators: {6,1} {7,3} {8,1} {9,3}

coeff: -0.0131480725
operators: {6,1} {7,3} {8,1} {10,3}

coeff: -0.0127684498
operators: {6,1} {7,3} {8,1} {11,3}

coeff: 0.0294748208
operators: {6,1} {7,3} {9,1} {10,1} {11,1}

coeff: -0.239376812
operators: {6,1} {7,1} {8,5} {9,1}

coeff: 0.80068917
operators: {6,1} {7,1} {8,3} {10,1} {11,1}

coeff: -0.234892234
operators: {6,1} {7,1} {8,1} {9,5}

coeff: -0.801866355
operators: {6,1} {7,1} {8,1} {9,1} {10,3}

coeff: -0.793433333
operators: {6,1} {7,1} {8,1} {9,1} {11,3}

coeff: 0.796782486
operators: {6,1} {7,1} {9,3} {10,1} {11,1}

coeff: 0.280508299
operators: {6,1} {7,1} {10,5} {11,1}

coeff: 0.278587701
operators: {6,1} {7,1} {10,1} {11,5}

coeff: 0.00253465361
operators: {6,1} {8,9}

coeff: 0.0265319645
operators: {6,1} {8,5} {9,3}

coeff: -0.00474264353
operators: {6,1} {8,5} {10,3}

coeff: -0.00493846112
operators: {6,1} {8,5} {11,3}

coeff: 0.00071878575
operators: {6,1} {8,3} {9,1} {10,1} {11,1}

coeff: 0.0163596906
operators: {6,1} {8,1} {9,7}

coeff: 0.00655868006
operators: {6,1} {8,1} {9,3} {10,3}

coeff: 0.0039387525
operators: {6,1} {8,1} {9,3} {11,3}

coeff: -0.0154677816
operators: {6,1} {8,1} {10,7}

coeff: -0.0956887158
operators: {6,1} {8,1} {10,3} {11,3}

coeff: -0.0156243661
operators: {6,1} {8,1} {11,7}

coeff: -0.00904198469
operators: {6,1} {9,5} {10,1} {11,1}

coeff: 0.0560167855
operators: {6,1} {9,1} {10,5} {11,1}

coeff: 0.0565734558
operators: {6,1} {9,1} {10,1} {11,5}

coeff: 0.000960134643
operators: {7,11}

coeff: -0.00179371819
operators: {7,9} {9,1}

coeff: 0.0111085913
operators: {7,7} {8,3}

coeff: 0.0122831709
operators: {7,7} {9,3}

coeff: 0.0137595064
operators: {7,7} {10,3}

coeff: 0.0139101484
operators: {7,7} {11,3}

coeff: -0.0177861619
operators: {7,5} {8,3} {9,1}

coeff: 0.0171787004
operators: {7,5} {8,1} {10,1} {11,1}

coeff: -0.0101703463
operators: {7,5} {9,5}

coeff: -0.0145318715
operators: {7,5} {9,1} {10,3}

coeff: -0.00958797446
operators: {7,5} {9,1} {11,3}

coeff: -0.0194397922
operators: {7,3} {8,7}

coeff: -0.12091851
operators: {7,3} {8,3} {9,3}

coeff: -0.136988587
operators: {7,3} {8,3} {10,3}

coeff: -0.139630983
operators: {7,3} {8,3} {11,3}

coeff: 0.566444142
operators: {7,3} {8,1} {9,1} {10,1} {11,1}

coeff: -0.0146676082
operators: {7,3} {9,7}

coeff: -0.137400207
operators: {7,3} {9,3} {10,3}

coeff: -0.137092176
operators: {7,3} {9,3} {11,3}

coeff: -0.0239809043
operators: {7,3} {10,7}

coeff: -0.149114477
operators: {7,3} {10,3} {11,3}

coeff: -0.0239643338
operators: {7,3} {11,7}

coeff: 0.0168868432
operators: {7,1} {8,7} {9,1}

coeff: -0.0338409583
operators: {7,1} {8,5} {10,1} {11,1}

coeff: 0.0363986021
operators: {7,1} {8,3} {9,5}

coeff: 0.0509963541
operators: {7,1} {8,3} {9,1} {10,3}

coeff: 0.0535515732
operators: {7,1} {8,3} {9,1} {11,3}

coeff: -0.123984092
operators: {7,1} {8,1} {9,3} {10,1} {11,1}

coeff: 0.00506856823
operators: {7,1} {8,1} {10,5} {11,1}

coeff: 0.00610296279
operators: {7,1} {8,1} {10,1} {11,5}

coeff: 0.00140269893
operators: {7,1} {9,9}

coeff: 0.0196802714
operators: {7,1} {9,5} {10,3}

coeff: 0.0214230104
operators: {7,1} {9,5} {11,3}

coeff: -0.0014873047
operators: {7,1} {9,1} {10,7}

coeff: -0.00364090697
operators: {7,1} {9,1} {10,3} {11,3}

coeff: 0.00137438911
operators: {7,1} {9,1} {11,7}

coeff: 0.0042224989
operators: {8,11}

coeff: 0.0625213855
operators: {8,7} {9,3}

coeff: 0.0661222646
operators: {8,7} {10,3}

coeff: 0.0650247016
operators: {8,7} {11,3}

coeff: -0.500162231
operators: {8,5} {9,1} {10,1} {11,1}

coeff: 0.0682669085
operators: {8,3} {9,7}

coeff: 0.397648485
operators: {8,3} {9,3} {10,3}

coeff: 0.391597043
operators: {8,3} {9,3} {11,3}

coeff: 0.069948138
operators: {8,3} {10,7}

coeff: 0.40844772
operators: {8,3} {10,3} {11,3}

coeff: 0.0677025124
operators: {8,3} {11,7}

coeff: -0.511081828
operators: {8,1} {9,5} {10,1} {11,1}

coeff: -0.530229441
operators: {8,1} {9,1} {10,5} {11,1}

coeff: -0.525330022
operators: {8,1} {9,1} {10,1} {11,5}

coeff: 0.0164386502
operators: {9,11}

coeff: 0.0751006355
operators: {9,7} {10,3}

coeff: 0.074958691
operators: {9,7} {11,3}

coeff: 0.0731278741
operators: {9,3} {10,7}

coeff: 0.415120111
operators: {9,3} {10,3} {11,3}

coeff: 0.0720152639
operators: {9,3} {11,7}

coeff: 0.00496108854
operators: {10,11}

coeff: 0.0688724877
operators: {10,7} {11,3}

coeff: 0.0678568236
operators: {10,3} {11,7}

coeff: 0.00476300768
operators: {11,11}

MPO Bond 0: 37/0
MPO Bond 1: 47/0
MPO Bond 2: 107/0
MPO Bond 3: 143/0
MPO Bond 4: 145/0
MPO Bond 5: 151/0
MPO Bond 6: 167/0
MPO Bond 7: 155/0
MPO Bond 8: 153/0
MPO Bond 9: 112/0
MPO Bond 10: 7/0
MPO Bond 11: 1/0
MPS initialization has finished...
 ===================================================== 
   STARTING DMRG[INVERSE POWER ITERATION] SIMULATION = 
 ===================================================== 

 IPI energy convergence threshold:   1e-05
 IPI overlap convergence threshold:  1e-10
 Number of sweeps per linear system: 5


+----------------------------------+
 NEW SwEEP-BASED SIMULATION STARTED
+----------------------------------+

 Simulation settings:
 - Simulation type: Linear system solver
 - Sweep-based modality: Single site
 Updating right boundary for site 11
 Updating right boundary for site 10
 Updating right boundary for site 9
 Updating right boundary for site 8
 Updating right boundary for site 7
 Updating right boundary for site 6
 Updating right boundary for site 5
 Updating right boundary for site 4
 Updating right boundary for site 3
 Updating right boundary for site 2
 Updating right boundary for site 1

 SWEEP NUMBER 0
 ----------------
 - Noise parameter: 1e-08
 - Maximum bond dimension: 50
 - Truncation parameter: 0

 MICROITERATION NUMBER = 0  , forward sweep
 - Optimization centered on site: 0
 - Left boundaries taken from index: 0
 - Right boundaries taken from index: 1


 Initial ||Ax - b|| norm =  1

 ------------------------------------- 
 Iteration  | Rel. error estimate      
 ------------------------------------- 
    0          1.000000000000000e+00
    1          1.282370216703058e-01
    2          1.377892767567841e-02
 --------------------------------- 


 Final ||Ax - b|| norm =  0.000000000000014
 Final energy = 11122.532218039372310

 Bond dimension before truncation: 6
 Bond dimension after truncation: 6
 Updating left boundary for site 1

 MICROITERATION NUMBER = 1  , forward sweep
 - Optimization centered on site: 1
 - Left boundaries taken from index: 1
 - Right boundaries taken from index: 2


 Initial ||Ax - b|| norm =  1.000000000000000

 ------------------------------------- 
 Iteration  | Rel. error estimate      
 ------------------------------------- 
    0          9.999999999999999e-01
    1          1.881154249815763e-01
    2          4.903297466886859e-02
    3          5.932202572089255e-03
    4          1.795506710896731e-03
    5          5.260971140350113e-04
    6          2.258338332742250e-04
    7          1.634100582899584e-05
    8          1.821152029625191e-06
 --------------------------------- 


 Final ||Ax - b|| norm =  0.000000000000002
 Final energy = 11122.406194980210785

 Bond dimension before truncation: 36
 Bond dimension after truncation: 25
 Updating left boundary for site 2

 MICROITERATION NUMBER = 2  , forward sweep
 - Optimization centered on site: 2
 - Left boundaries taken from index: 2
 - Right boundaries taken from index: 3


 Initial ||Ax - b|| norm =  1.000000000000000

 ------------------------------------- 
 Iteration  | Rel. error estimate      
 ------------------------------------- 
    0          1.000000000000000e+00
    1          2.929576614183676e-01
    2          7.914494448357165e-02
    3          1.407863674255109e-02
    4          4.780677884261272e-03
    5          1.292928301354448e-03
    6          4.881289824528392e-04
    7          2.965102315364680e-04
    8          5.708058268361532e-05
    9          2.089111866132500e-05
   10          1.023821051817032e-05
   11          3.699356240192377e-06
   12          1.771652219094127e-06
   13          8.859366078742816e-07
   14          1.308451099915389e-07
   15          3.725561199438470e-08
   16          1.212321014124613e-08
   17          2.434145586968424e-09
   18          6.084841814752601e-10
 --------------------------------- 


 Final ||Ax - b|| norm =  0.000000000079210
 Final energy = 11122.126812493959733

 Bond dimension before truncation: 150
 Bond dimension after truncation: 51
 Updating left boundary for site 3

 MICROITERATION NUMBER = 3  , forward sweep
 - Optimization centered on site: 3
 - Left boundaries taken from index: 3
 - Right boundaries taken from index: 4


 Initial ||Ax - b|| norm =  1.000000000000001

 ------------------------------------- 
 Iteration  | Rel. error estimate      
 ------------------------------------- 
    0          1.000000000000001e+00
    1          3.636860246212660e-01
    2          1.066727944990476e-01
    3          2.862382955586289e-02
    4          7.166659922257097e-03
    5          3.514079304620593e-03
    6          1.320219200970548e-03
    7          7.722956858383402e-04
    8          4.101271925194062e-04
    9          1.571231101213483e-04
   10          7.790404912321802e-05
   11          4.097219873143057e-05
   12          1.769304358162824e-05
   13          1.061637609110386e-05
   14          5.475161246838321e-06
   15          2.880890033406405e-06
   16          1.339840993369853e-06
   17          5.798468772545611e-07
   18          1.643978673995208e-07
   19          5.638115947066357e-08
   20          2.997974357235654e-08
   21          1.589661021285982e-08
   22          8.523563726191664e-09
   23          4.585588662918006e-09
   24          1.541578047155094e-09
   25          5.302109155388302e-10
   26          1.591460271391454e-10
 --------------------------------- 


 Final ||Ax - b|| norm =  0.000000000063186
 Final energy = 11121.822733616989353

 Bond dimension before truncation: 306
 Bond dimension after truncation: 51
 Updating left boundary for site 4

 MICROITERATION NUMBER = 4  , forward sweep
 - Optimization centered on site: 4
 - Left boundaries taken from index: 4
 - Right boundaries taken from index: 5


 Initial ||Ax - b|| norm =  1.000000000000001

 ------------------------------------- 
 Iteration  | Rel. error estimate      
 ------------------------------------- 
    0          1.000000000000001e+00
    1          3.952786283021136e-01
    2          1.153514736313132e-01
    3          3.114745848524036e-02
    4          8.677431029282451e-03
    5          4.764975660115307e-03
    6          1.918688239878125e-03
    7          1.044629580221311e-03
    8          5.170496534979352e-04
    9          2.799517909121238e-04
   10          1.420487781615897e-04
   11          8.515180168160124e-05
   12          4.799605735364147e-05
   13          2.378858664394950e-05
   14          1.160847115967893e-05
   15          6.402652741783581e-06
   16          3.441217236136662e-06
   17          2.221187411041755e-06
   18          1.194187462405953e-06
   19          6.333522646618497e-07
   20          3.612482832354577e-07
   21          1.498940829745723e-07
   22          6.896666429314011e-08
   23          3.354054919918192e-08
   24          1.429106378511423e-08
   25          6.838984633740125e-09
   26          3.410229183455011e-09
   27          1.805156925799161e-09
   28          9.725932375887925e-10
   29          5.317083548639865e-10
   30          2.807117943794813e-10
   31          1.298301536471237e-10
 --------------------------------- 


 Final ||Ax - b|| norm =  0.000000000052080
 Final energy = 11121.666462503695584

 Bond dimension before truncation: 306
 Bond dimension after truncation: 51
 Updating left boundary for site 5

 MICROITERATION NUMBER = 5  , forward sweep
 - Optimization centered on site: 5
 - Left boundaries taken from index: 5
 - Right boundaries taken from index: 6


 Initial ||Ax - b|| norm =  0.999997934708519

 ------------------------------------- 
 Iteration  | Rel. error estimate      
 ------------------------------------- 
    0          9.999979347085191e-01
    1          6.895942531400833e-01
    2          4.126568496192086e-01
    3          1.345604280287782e-01
    4          5.647094427410933e-02
    5          2.643438478247227e-02
    6          1.190089600123059e-02
    7          5.148347117913502e-03
    8          2.005662627621441e-03
    9          6.311262484109709e-04
   10          2.648583492335344e-04
   11          1.223248104754760e-04
   12          4.863899773303271e-05
   13          2.003804974966208e-05
   14          8.452647344921999e-06
   15          3.929804368099192e-06
   16          1.846579939420489e-06
   17          8.145689237587566e-07
   18          3.695094748859298e-07
   19          1.585673863809055e-07
   20          7.749673827122725e-08
   21          3.543348663493414e-08
   22          1.430158529534163e-08
   23          6.132793081872054e-09
   24          2.516630050949835e-09
   25          1.172993856387896e-09
   26          4.798656497713852e-10
   27          1.785979593224541e-10
 --------------------------------- 


 Final ||Ax - b|| norm =  0.000000000055128
 Final energy = 11114.291746969567612

 Bond dimension before truncation: 306
 Bond dimension after truncation: 51
 Updating left boundary for site 6

 MICROITERATION NUMBER = 6  , forward sweep
 - Optimization centered on site: 6
 - Left boundaries taken from index: 6
 - Right boundaries taken from index: 7


 Initial ||Ax - b|| norm =  0.999974581458485

 ------------------------------------- 
 Iteration  | Rel. error estimate      
 ------------------------------------- 
    0          9.999745814584852e-01
    1          7.120916655561014e-01
    2          4.326615560154417e-01
    3          1.531742270033198e-01
    4          5.802976045095660e-02
    5          2.189322885196300e-02
    6          1.061359342792286e-02
    7          4.704055357660964e-03
    8          1.995853742180751e-03
    9          8.034233037732348e-04
   10          3.350241965467471e-04
   11          1.307832306052170e-04
   12          5.772987118939514e-05
   13          2.563944592876561e-05
   14          1.146305960160578e-05
   15          4.951868731008407e-06
   16          2.234092502084656e-06
   17          9.777176589671463e-07
   18          3.900070839851645e-07
   19          1.380141717024387e-07
   20          4.887146756859887e-08
   21          1.792380910602570e-08
   22          7.125067339022336e-09
   23          2.625652935462421e-09
   24          8.252387068249009e-10
   25          2.978234845346214e-10
 --------------------------------- 


 Final ||Ax - b|| norm =  0.000000000091371
 Final energy = 11113.624614763895806

 Bond dimension before truncation: 306
 Bond dimension after truncation: 51
 Updating left boundary for site 7

 MICROITERATION NUMBER = 7  , forward sweep
 - Optimization centered on site: 7
 - Left boundaries taken from index: 7
 - Right boundaries taken from index: 8


 Initial ||Ax - b|| norm =  0.999927640596954

 ------------------------------------- 
 Iteration  | Rel. error estimate      
 ------------------------------------- 
    0          9.999276405969543e-01
    1          8.471995785175641e-01
    2          6.699846071312258e-01
    3          4.455846007958439e-01
    4          2.329883227835636e-01
    5          1.129303676776975e-01
    6          6.076393125965673e-02
    7          3.700059868190813e-02
    8          2.051362777928718e-02
    9          1.091912078518977e-02
   10          5.277110814434515e-03
   11          2.366169033414704e-03
   12          1.149299265054751e-03
   13          5.052188408951135e-04
   14          2.447117863642270e-04
   15          1.139302275953405e-04
   16          5.119833398656574e-05
   17          2.227566011055619e-05
   18          1.130416373911296e-05
   19          5.453060877674920e-06
   20          2.599401885035533e-06
   21          1.106683217175914e-06
   22          4.999617547582545e-07
   23          2.599067970170322e-07
   24          1.200600173706430e-07
   25          5.316407323340829e-08
   26          2.225722984158704e-08
   27          8.827547944023546e-09
   28          3.895392477499169e-09
   29          1.594014030509502e-09
   30          5.572146568556564e-10
   31          2.131956586881300e-10
 --------------------------------- 


 Final ||Ax - b|| norm =  0.000000000082534
 Final energy = 11102.446045516066079

 Bond dimension before truncation: 306
 Bond dimension after truncation: 51
 Updating left boundary for site 8

 MICROITERATION NUMBER = 8  , forward sweep
 - Optimization centered on site: 8
 - Left boundaries taken from index: 8
 - Right boundaries taken from index: 9


 Initial ||Ax - b|| norm =  0.999919302247240

 ------------------------------------- 
 Iteration  | Rel. error estimate      
 ------------------------------------- 
    0          9.999193022472401e-01
    1          9.067355536151568e-01
    2          7.541893791243741e-01
    3          6.184388413771877e-01
    4          3.680233462172262e-01
    5          1.676808229737093e-01
    6          8.192516229536297e-02
    7          5.368117835510077e-02
    8          3.287761571723824e-02
    9          2.028750160363280e-02
   10          1.286548053842441e-02
   11          8.114494191707336e-03
   12          3.855457288917858e-03
   13          1.986065969541140e-03
   14          1.225430179654258e-03
   15          6.236758200371848e-04
   16          3.119584705696532e-04
   17          1.784720064723207e-04
   18          1.091413727178203e-04
   19          5.759494023395128e-05
   20          3.101879282993995e-05
   21          1.523549886647860e-05
   22          7.588261357075057e-06
   23          3.648308718023319e-06
   24          1.993823994118333e-06
   25          1.047874460380075e-06
   26          5.437166512807425e-07
   27          2.381772359025330e-07
   28          9.509800146027413e-08
   29          4.320785104155741e-08
   30          2.188902171828900e-08
   31          1.204012941699655e-08
   32          5.421901430572933e-09
   33          3.071900612736121e-09
   34          1.490223332409439e-09
   35          6.610449016725601e-10
   36          3.030512307555109e-10
   37          1.523310856706473e-10
 --------------------------------- 


 Final ||Ax - b|| norm =  0.000000000057799
 Final energy = 11095.309048869990875

 Bond dimension before truncation: 306
 Bond dimension after truncation: 51
 Updating left boundary for site 9

 MICROITERATION NUMBER = 9  , forward sweep
 - Optimization centered on site: 9
 - Left boundaries taken from index: 9
 - Right boundaries taken from index: 10


 Initial ||Ax - b|| norm =  0.999892603750304

 ------------------------------------- 
 Iteration  | Rel. error estimate      
 ------------------------------------- 
    0          9.998926037503042e-01
    1          9.741104134110714e-01
    2          9.502633447328419e-01
    3          9.174096985765939e-01
    4          8.543009581875179e-01
    5          7.561426284264136e-01
    6          6.020155018077655e-01
    7          4.018283243118522e-01
    8          2.710844406569513e-01
    9          1.185723121036475e-01
   10          4.562021837981455e-02
   11          2.944982215013273e-02
   12          1.994178870462067e-02
   13          1.159209383056697e-02
   14          6.021272679972328e-03
   15          3.282265067871569e-03
   16          2.009229885639903e-03
   17          1.270285903807826e-03
   18          7.264137741109615e-04
   19          4.355951793475004e-04
   20          2.426638053243823e-04
   21          1.217903003103514e-04
   22          4.697877370304928e-05
   23          2.002880852081840e-05
   24          9.649115734302091e-06
   25          4.667552405764319e-06
   26          2.398549003859791e-06
   27          1.036488156253011e-06
   28          5.222394183057286e-07
   29          2.667633488607084e-07
   30          1.376464034741731e-07
   31          6.097352910984109e-08
   32          2.146423214857161e-08
   33          1.320829198411861e-08
   34          6.885484263987853e-09
   35          3.030546435668089e-09
   36          1.448399098768358e-09
   37          8.708740260213981e-10
   38          4.061670967709023e-10
   39          1.276664872386700e-10
 --------------------------------- 


 Final ||Ax - b|| norm =  0.000000000061546
 Final energy = 11052.660249342365205

 Bond dimension before truncation: 306
 Bond dimension after truncation: 51
 Updating left boundary for site 10

 MICROITERATION NUMBER = 10  , forward sweep
 - Optimization centered on site: 10
 - Left boundaries taken from index: 10
 - Right boundaries taken from index: 11


 Initial ||Ax - b|| norm =  0.999889151631423

 ------------------------------------- 
 Iteration  | Rel. error estimate      
 ------------------------------------- 
    0          9.998891516314227e-01
    1          9.771939403129125e-01
    2          9.638564469863484e-01
    3          9.351745942614057e-01
    4          8.674089177276418e-01
    5          7.166913077248049e-01
    6          5.534758934805438e-01
    7          4.146958648128439e-01
    8          3.145813743822903e-01
    9          1.588374007765341e-01
   10          7.571225667683644e-02
   11          4.329097856357732e-02
   12          2.751342196968472e-02
   13          1.455755493281905e-02
   14          5.890202651289318e-03
   15          3.230411591122215e-03
   16          1.903866519942658e-03
   17          1.259934231299257e-03
   18          7.050808711968853e-04
   19          2.837204096553928e-04
   20          1.284867896637476e-04
   21          7.071825679352196e-05
   22          3.881035913653829e-05
   23          1.965290510354602e-05
   24          7.467080919680898e-06
   25          4.298606946491838e-06
   26          2.004274913756011e-06
   27          7.079972920035942e-07
   28          3.731988915646089e-07
   29          2.311482685496350e-07
   30          9.513616843389950e-08
   31          4.403493279997785e-08
   32          1.702522599922086e-08
   33          7.825971245625376e-09
   34          4.120779800800643e-09
   35          1.281591190331061e-09
   36          4.544295497050969e-10
   37          2.400281706169286e-10
   38          1.599054551010327e-10
   39          1.183784013189630e-10
 --------------------------------- 


 Final ||Ax - b|| norm =  0.000000000087115
 Final energy = 11039.910350158936126

 Bond dimension before truncation: 306
 Bond dimension after truncation: 51
 Updating left boundary for site 11

 MICROITERATION NUMBER = 11  , forward sweep
 - Optimization centered on site: 11
 - Left boundaries taken from index: 11
 - Right boundaries taken from index: 12


 Initial ||Ax - b|| norm =  0.999889151631423

 ------------------------------------- 
 Iteration  | Rel. error estimate      
 ------------------------------------- 
    0          9.998891516314230e-01
    1          9.849121325216079e-01
    2          9.788081592697814e-01
    3          9.747049098211893e-01
    4          9.658572213242167e-01
    5          9.422654653019094e-01
    6          9.102971426740879e-01
    7          8.660763908035366e-01
    8          7.949785704407651e-01
    9          6.836164469460514e-01
   10          5.720730006558541e-01
   11          4.170039557044878e-01
   12          2.490372308924411e-01
   13          1.411214857417745e-01
   14          8.582111013324559e-02
   15          5.664399123748828e-02
   16          3.446151211258607e-02
   17          2.060760109680052e-02
   18          9.717685448484266e-03
   19          5.070504192146288e-03
   20          2.360725427858585e-03
   21          1.180852679255058e-03
   22          6.263236736809173e-04
   23          3.653219400943854e-04
   24          2.471993009041414e-04
   25          1.787598262723632e-04
   26          1.279582365339340e-04
   27          8.684102256590024e-05
   28          6.423685527560672e-05
   29          4.885509355395287e-05
   30          3.758438601737377e-05
   31          2.733169255550827e-05
   32          1.797765826225389e-05
   33          1.179308204719793e-05
   34          7.105804937491807e-06
   35          4.085935586274235e-06
   36          2.072164283563094e-06
   37          1.034786038143814e-06
   38          4.839717851499391e-07
   39          2.697045106613338e-07
   40          1.689331190778057e-07
   41          1.106751468412993e-07
   42          6.664123552856928e-08
   43          3.676293876335003e-08
   44          1.798022691700235e-08
   45          8.247588000888900e-09
   46          3.550994348620855e-09
   47          1.534872142656823e-09
   48          6.238377472962373e-10
 --------------------------------- 


 Final ||Ax - b|| norm =  0.000000000289336
 Final energy = 11018.605906262144345

 Updating left boundary for site 12

 MICROITERATION NUMBER = 12  , backward sweep
 - Optimization centered on site: 11
 - Left boundaries taken from index: 11
 - Right boundaries taken from index: 12


 Initial ||Ax - b|| norm =  0.999889151631423

 ------------------------------------- 
 Iteration  | Rel. error estimate      
 ------------------------------------- 
    0          9.998891516314230e-01
    1          9.849121325216079e-01
    2          9.788081592697814e-01
    3          9.747049098211893e-01
    4          9.658572213242167e-01
    5          9.422654653019094e-01
    6          9.102971426740879e-01
    7          8.660763908035366e-01
    8          7.949785704407651e-01
    9          6.836164469460514e-01
   10          5.720730006558541e-01
   11          4.170039557044878e-01
   12          2.490372308924411e-01
   13          1.411214857417745e-01
   14          8.582111013324559e-02
   15          5.664399123748828e-02
   16          3.446151211258607e-02
   17          2.060760109680052e-02
   18          9.717685448484266e-03
   19          5.070504192146288e-03
   20          2.360725427858585e-03
   21          1.180852679255058e-03
   22          6.263236736809173e-04
   23          3.653219400943854e-04
   24          2.471993009041414e-04
   25          1.787598262723632e-04
   26          1.279582365339340e-04
   27          8.684102256590024e-05
   28          6.423685527560672e-05
   29          4.885509355395287e-05
   30          3.758438601737377e-05
   31          2.733169255550827e-05
   32          1.797765826225389e-05
   33          1.179308204719793e-05
   34          7.105804937491807e-06
   35          4.085935586274235e-06
   36          2.072164283563094e-06
   37          1.034786038143814e-06
   38          4.839717851499391e-07
   39          2.697045106613338e-07
   40          1.689331190778057e-07
   41          1.106751468412993e-07
   42          6.664123552856928e-08
   43          3.676293876335003e-08
   44          1.798022691700235e-08
   45          8.247588000888900e-09
   46          3.550994348620855e-09
   47          1.534872142656823e-09
   48          6.238377472962373e-10
 --------------------------------- 


 Final ||Ax - b|| norm =  0.000000000289336
 Final energy = 11018.605906262144345

 Bond dimension before truncation: 6
 Bond dimension after truncation: 6
 Updating right boundary for site 11

 MICROITERATION NUMBER = 13  , backward sweep
 - Optimization centered on site: 10
 - Left boundaries taken from index: 10
 - Right boundaries taken from index: 11


 Initial ||Ax - b|| norm =  0.999889151631423

 ------------------------------------- 
 Iteration  | Rel. error estimate      
 ------------------------------------- 
    0          9.998891516314227e-01
    1          9.859682052222799e-01
    2          9.795977912299031e-01
    3          9.759489828616860e-01
    4          9.713156385631938e-01
    5          9.629879206769530e-01
    6          9.491018876822293e-01
    7          9.281794133786327e-01
    8          8.922077638403699e-01
    9          8.275768760242266e-01
   10          7.620814790072058e-01
   11          6.699068413966361e-01
   12          5.856925250430783e-01
   13          4.558433021714075e-01
   14          2.701049288712665e-01
   15          1.566183611206724e-01
   16          1.184211068332041e-01
   17          9.490779267903367e-02
   18          6.809915977412020e-02
   19          4.867262844451133e-02
   20          3.461521737272141e-02
   21          2.074926859152743e-02
   22          1.137750811861345e-02
   23          6.786943496187486e-03
   24          4.454899440919441e-03
   25          3.098008895826869e-03
   26          2.038296193590305e-03
   27          1.237949832391346e-03
   28          7.308567174548481e-04
   29          4.223669157857240e-04
   30          2.504551388360962e-04
   31          1.453309586869239e-04
   32          8.033861395227146e-05
   33          4.926858074687497e-05
   34          3.246803615625795e-05
   35          1.924524561282756e-05
   36          1.150324896240500e-05
   37          6.903121252063256e-06
   38          3.983652341735526e-06
   39          2.360467844436327e-06
   40          1.153804052701289e-06
   41          7.006174310261612e-07
   42          4.042456586599493e-07
   43          2.516492115078087e-07
   44          1.609748977420727e-07
   45          9.058875972766553e-08
   46          5.188777032946939e-08
   47          3.283063614675543e-08
   48          1.822083954609099e-08
 --------------------------------- 


 Final ||Ax - b|| norm =  0.000000011010973
 Final energy = 11017.846171361818051

 Bond dimension before truncation: 36
 Bond dimension after truncation: 36
 Updating right boundary for site 10

 MICROITERATION NUMBER = 14  , backward sweep
 - Optimization centered on site: 9
 - Left boundaries taken from index: 9
 - Right boundaries taken from index: 10


 Initial ||Ax - b|| norm =  0.999892603750303

 ------------------------------------- 
 Iteration  | Rel. error estimate      
 ------------------------------------- 
    0          9.998926037503034e-01
    1          9.874524252197875e-01
    2          9.810102212437205e-01
    3          9.772499753211484e-01
    4          9.741456218720056e-01
    5          9.704325218021603e-01
    6          9.655546064280199e-01
    7          9.592222332424143e-01
    8          9.507149915221942e-01
    9          9.384198361730609e-01
   10          9.187841092100348e-01
   11          8.871030063316206e-01
   12          8.466258091538683e-01
   13          7.844722446852622e-01
   14          7.290110351350969e-01
   15          6.550504161465873e-01
   16          5.718310838684557e-01
   17          4.579030193412914e-01
   18          3.310124093524501e-01
   19          2.084224812282345e-01
   20          1.280324347664397e-01
   21          9.627240984819219e-02
   22          7.985440120664507e-02
   23          6.724418831898163e-02
   24          5.413382181891289e-02
   25          4.325827724069171e-02
   26          3.550518893103281e-02
   27          2.915163786703343e-02
   28          2.170184500622057e-02
   29          1.416733363297847e-02
   30          9.204523563897123e-03
   31          6.970857620917744e-03
   32          4.977953749931163e-03
   33          3.678780428588801e-03
   34          3.052855498634340e-03
   35          2.483343948904362e-03
   36          1.872569522780242e-03
   37          1.371909919383953e-03
   38          1.015237448689557e-03
   39          7.576474761906460e-04
   40          5.512361273312489e-04
   41          3.846314198370424e-04
   42          2.631781436226955e-04
   43          1.758600807966460e-04
   44          1.106478800373760e-04
   45          7.048131398936488e-05
   46          4.752142574046284e-05
   47          3.334488165632547e-05
   48          2.436470439427543e-05
 --------------------------------- 


 Final ||Ax - b|| norm =  0.000017010077114
 Final energy = 11017.408473616011179

 Bond dimension before truncation: 216
 Bond dimension after truncation: 51
 Updating right boundary for site 9

 MICROITERATION NUMBER = 15  , backward sweep
 - Optimization centered on site: 8
 - Left boundaries taken from index: 8
 - Right boundaries taken from index: 9


 Initial ||Ax - b|| norm =  0.999918268812611

 ------------------------------------- 
 Iteration  | Rel. error estimate      
 ------------------------------------- 
    0          9.999182688126113e-01
    1          9.879898988456380e-01
    2          9.820493368714993e-01
    3          9.786254512782566e-01
    4          9.753229330349527e-01
    5          9.705750017612335e-01
    6          9.636966814770807e-01
    7          9.541511269380323e-01
    8          9.375046624045615e-01
    9          9.117501888901389e-01
   10          8.662132349729590e-01
   11          8.036180673143120e-01
   12          7.239340883074062e-01
   13          6.109308106915416e-01
   14          4.381051550178187e-01
   15          2.608812316087367e-01
   16          1.631224208626253e-01
   17          1.227083028224717e-01
   18          9.593869441728749e-02
   19          7.339191365126514e-02
   20          5.975506539819608e-02
   21          4.651803934674295e-02
   22          2.945862753682512e-02
   23          1.681915950016625e-02
   24          9.821414215670244e-03
   25          5.939535899057787e-03
   26          3.737890984259984e-03
   27          2.506706710028215e-03
   28          1.652580179298307e-03
   29          1.067081482653100e-03
   30          6.700841017801975e-04
   31          4.185713536715328e-04
   32          2.810014651692073e-04
   33          1.942053975699702e-04
   34          1.344631873835414e-04
   35          9.417316258729264e-05
   36          6.572851070091671e-05
   37          4.570367813791499e-05
   38          3.124402964701976e-05
   39          2.019996100777156e-05
   40          1.246037598954288e-05
   41          8.703104759898513e-06
   42          6.124754859305692e-06
   43          4.273959734086695e-06
   44          2.991853539727612e-06
   45          2.048868479860281e-06
   46          1.420219708540871e-06
   47          9.537373560078766e-07
   48          6.368659272010655e-07
 --------------------------------- 


 Final ||Ax - b|| norm =  0.000000438466877
 Final energy = 11014.393372357979388

 Bond dimension before truncation: 306
 Bond dimension after truncation: 51
 Updating right boundary for site 8

 MICROITERATION NUMBER = 16  , backward sweep
 - Optimization centered on site: 7
 - Left boundaries taken from index: 7
 - Right boundaries taken from index: 8


 Initial ||Ax - b|| norm =  0.999914293028372

 ------------------------------------- 
 Iteration  | Rel. error estimate      
 ------------------------------------- 
    0          9.999142930283723e-01
    1          9.879810726933622e-01
    2          9.817265070674628e-01
    3          9.768993734977734e-01
    4          9.694610609691499e-01
    5          9.583477940528976e-01
    6          9.413009587279710e-01
    7          9.029746209136137e-01
    8          8.530648600547991e-01
    9          7.805676665788984e-01
   10          5.976468177932421e-01
   11          3.920031839444323e-01
   12          2.402363321957921e-01
   13          1.593043556836092e-01
   14          1.144076349413378e-01
   15          8.852041828150378e-02
   16          6.160134123963212e-02
   17          3.661700978151621e-02
   18          2.027279203097608e-02
   19          1.056648400603442e-02
   20          5.817867131051719e-03
   21          3.278453075689688e-03
   22          1.748022065254339e-03
   23          9.396721079181431e-04
   24          5.807233534174195e-04
   25          3.547146080041011e-04
   26          1.997820649742809e-04
   27          1.209151937500953e-04
   28          7.508870088913019e-05
   29          4.786864957042142e-05
   30          2.934768143668059e-05
   31          1.965775777655379e-05
   32          1.251338450087789e-05
   33          7.935780969512991e-06
   34          5.535208688639305e-06
   35          3.540744336920451e-06
   36          2.189921976069762e-06
   37          1.389425530567870e-06
   38          8.534340482262277e-07
   39          4.840485570609263e-07
   40          2.710191919657287e-07
   41          1.637079881352709e-07
   42          9.850165248918482e-08
   43          5.643892941386300e-08
   44          3.017736957969798e-08
   45          1.650343938398278e-08
   46          9.495810685321184e-09
   47          5.749474598537028e-09
   48          3.415931714180616e-09
 --------------------------------- 


 Final ||Ax - b|| norm =  0.000000001904241
 Final energy = 11014.084403254297285

 Bond dimension before truncation: 306
 Bond dimension after truncation: 51
 Updating right boundary for site 7

 MICROITERATION NUMBER = 17  , backward sweep
 - Optimization centered on site: 6
 - Left boundaries taken from index: 6
 - Right boundaries taken from index: 7


 Initial ||Ax - b|| norm =  0.999903781048433

 ------------------------------------- 
 Iteration  | Rel. error estimate      
 ------------------------------------- 
    0          9.999037810484329e-01
    1          9.880339681635610e-01
    2          9.818968107861075e-01
    3          9.766606024448642e-01
    4          9.668722966476280e-01
    5          9.572871348906541e-01
    6          9.289306658835490e-01
    7          8.895568199520656e-01
    8          8.266422941640881e-01
    9          6.720229143426334e-01
   10          4.293614249989348e-01
   11          2.670444834988918e-01
   12          1.604412009011110e-01
   13          1.215258095151505e-01
   14          8.893483133752481e-02
   15          5.575953018810301e-02
   16          3.001360085420282e-02
   17          1.498954049886890e-02
   18          7.938356227963139e-03
   19          4.482736017960690e-03
   20          2.080666568648372e-03
   21          1.185454150711931e-03
   22          6.716135340944186e-04
   23          4.009270963051824e-04
   24          2.473825213097239e-04
   25          1.470528734889999e-04
   26          8.709190388836465e-05
   27          5.371038891193962e-05
   28          3.310124288604669e-05
   29          1.957733966101535e-05
   30          1.231594484985204e-05
   31          7.655064473412478e-06
   32          4.399836428515666e-06
   33          2.657197814705456e-06
   34          1.633535939934047e-06
   35          9.641449998891431e-07
   36          5.658884076564595e-07
   37          3.424626642977430e-07
   38          2.120643974726421e-07
   39          1.260019927569730e-07
   40          7.620637961128551e-08
   41          4.552641707468664e-08
   42          2.748752729904347e-08
   43          1.699078651428640e-08
   44          1.009986997700620e-08
   45          5.805464808277941e-09
   46          3.153833430013705e-09
   47          1.711226692885605e-09
   48          9.303132447108419e-10
 --------------------------------- 


 Final ||Ax - b|| norm =  0.000000000477051
 Final energy = 11013.821475601787824

 Bond dimension before truncation: 306
 Bond dimension after truncation: 51
 Updating right boundary for site 6

 MICROITERATION NUMBER = 18  , backward sweep
 - Optimization centered on site: 5
 - Left boundaries taken from index: 5
 - Right boundaries taken from index: 6


 Initial ||Ax - b|| norm =  0.999868753633052

 ------------------------------------- 
 Iteration  | Rel. error estimate      
 ------------------------------------- 
    0          9.998687536330519e-01
    1          9.881787150623622e-01
    2          9.818462868472244e-01
    3          9.765567312260754e-01
    4          9.668684957974876e-01
    5          9.564090207236384e-01
    6          9.258918462575443e-01
    7          8.808205558014567e-01
    8          8.004034947094150e-01
    9          6.077232927929788e-01
   10          3.793480725025391e-01
   11          2.423889899754038e-01
   12          1.671072961865270e-01
   13          1.266441864038300e-01
   14          8.856516511208437e-02
   15          5.098370452424358e-02
   16          2.653746962746782e-02
   17          1.428492824112412e-02
   18          7.311173589275810e-03
   19          4.162695505476395e-03
   20          2.101148095869797e-03
   21          1.132003913516521e-03
   22          6.938442733666244e-04
   23          4.281580944691753e-04
   24          2.622071681712721e-04
   25          1.716936092443536e-04
   26          1.001602553236619e-04
   27          6.059764255216601e-05
   28          3.573667808600631e-05
   29          2.133976677745673e-05
   30          1.355478578615287e-05
   31          8.566655818922716e-06
   32          5.201252703518761e-06
   33          3.152247503244194e-06
   34          1.846752002123146e-06
   35          1.028611338406273e-06
   36          6.189716755132882e-07
   37          3.635979421425110e-07
   38          2.156514912203401e-07
   39          1.258547872312295e-07
   40          6.946630061879076e-08
   41          3.782820436126328e-08
   42          2.209744375656022e-08
   43          1.308570500276534e-08
   44          7.480312918778296e-09
   45          4.360810747416272e-09
   46          2.449400786082140e-09
   47          1.400110236774228e-09
   48          7.498323304543999e-10
 --------------------------------- 


 Final ||Ax - b|| norm =  0.000000000388986
 Final energy = 11013.379181657535810

 Bond dimension before truncation: 306
 Bond dimension after truncation: 51
 Updating right boundary for site 5

 MICROITERATION NUMBER = 19  , backward sweep
 - Optimization centered on site: 4
 - Left boundaries taken from index: 4
 - Right boundaries taken from index: 5


 Initial ||Ax - b|| norm =  0.999677970912907

 ------------------------------------- 
 Iteration  | Rel. error estimate      
 ------------------------------------- 
    0          9.996779709129066e-01
    1          9.883419946873157e-01
    2          9.823672731407217e-01
    3          9.779043206793008e-01
    4          9.697444137596757e-01
    5          9.614438750782347e-01
    6          9.342205411876626e-01
    7          8.907613695513640e-01
    8          8.105200066062257e-01
    9          6.214229550999651e-01
   10          3.735489682931566e-01
   11          2.383938860203995e-01
   12          1.688011609973136e-01
   13          1.275740609814277e-01
   14          9.027863412152431e-02
   15          5.887293625278250e-02
   16          3.045985722083809e-02
   17          1.761861188100815e-02
   18          9.955469313550193e-03
   19          5.503610425695516e-03
   20          3.117292856903102e-03
   21          1.643615787536437e-03
   22          9.344813468474953e-04
   23          6.148407502884722e-04
   24          4.100984569580969e-04
   25          2.793365193231337e-04
   26          1.975292233970898e-04
   27          1.269231526582409e-04
   28          7.643534406914910e-05
   29          4.797528792522620e-05
   30          2.891817613208624e-05
   31          1.773754089306827e-05
   32          1.158074541759811e-05
   33          7.735728866674724e-06
   34          5.076410658042400e-06
   35          3.306471289705882e-06
   36          1.985655138222699e-06
   37          1.105409944083463e-06
   38          6.308099141967529e-07
   39          4.136690918768845e-07
   40          2.555338917798386e-07
   41          1.545422921471059e-07
   42          9.588378871699446e-08
   43          5.646019770171194e-08
   44          3.223081603595337e-08
   45          1.956232447579182e-08
   46          1.254795767524885e-08
   47          8.034572891485678e-09
   48          5.003598980239015e-09
 --------------------------------- 


 Final ||Ax - b|| norm =  0.000000003198354
 Final energy = 11011.665127978891178

 Bond dimension before truncation: 306
 Bond dimension after truncation: 51
 Updating right boundary for site 4

 MICROITERATION NUMBER = 20  , backward sweep
 - Optimization centered on site: 3
 - Left boundaries taken from index: 3
 - Right boundaries taken from index: 4


 Initial ||Ax - b|| norm =  0.999663096073348

 ------------------------------------- 
 Iteration  | Rel. error estimate      
 ------------------------------------- 
    0          9.996630960733480e-01
    1          9.883206375988612e-01
    2          9.823296934976321e-01
    3          9.778276088006563e-01
    4          9.694679978859105e-01
    5          9.610729163562958e-01
    6          9.324579827402747e-01
    7          8.898980511149558e-01
    8          8.151340880865811e-01
    9          6.317553234842909e-01
   10          3.840798430238741e-01
   11          2.502753025884709e-01
   12          1.763070738109981e-01
   13          1.335493047611538e-01
   14          8.717305771994616e-02
   15          4.847588022416291e-02
   16          2.713440731255912e-02
   17          1.411225899765893e-02
   18          7.849572725767223e-03
   19          4.275498053609109e-03
   20          2.198201542572407e-03
   21          1.196364970324975e-03
   22          7.090560693371418e-04
   23          4.523889381679339e-04
   24          3.043231645459163e-04
   25          2.086306459904431e-04
   26          1.228441707085273e-04
   27          6.915476243213519e-05
   28          3.970510486859453e-05
   29          2.208065519079232e-05
   30          1.369922686912342e-05
   31          8.235166777713503e-06
   32          5.308186843170538e-06
   33          3.529766133983066e-06
   34          2.038853617362111e-06
   35          1.130768681745379e-06
   36          6.414704663666709e-07
   37          3.773178903727032e-07
   38          2.146219925673162e-07
   39          1.147012861028660e-07
   40          6.940798582250308e-08
   41          4.438953822276523e-08
   42          2.888986472199894e-08
   43          2.043173331401876e-08
   44          1.458113897057136e-08
   45          9.857517244456636e-09
   46          7.273932815333672e-09
   47          5.900868175170544e-09
   48          4.701470521671160e-09
 --------------------------------- 


 Final ||Ax - b|| norm =  0.000000003404874
 Final energy = 11011.664303155708694

 Bond dimension before truncation: 306
 Bond dimension after truncation: 51
 Updating right boundary for site 3

 MICROITERATION NUMBER = 21  , backward sweep
 - Optimization centered on site: 2
 - Left boundaries taken from index: 2
 - Right boundaries taken from index: 3


 Initial ||Ax - b|| norm =  0.999436961687083

 ------------------------------------- 
 Iteration  | Rel. error estimate      
 ------------------------------------- 
    0          9.994369616870826e-01
    1          9.874663500565788e-01
    2          9.815202592565947e-01
    3          9.765676831773850e-01
    4          9.684773426611584e-01
    5          9.539672286494931e-01
    6          9.204401751976403e-01
    7          8.526417832400450e-01
    8          7.393520617112468e-01
    9          5.261292860156589e-01
   10          2.732858277042640e-01
   11          1.866591318333594e-01
   12          1.339712432649253e-01
   13          8.986780320357254e-02
   14          5.481052772730091e-02
   15          2.717873201360824e-02
   16          1.400867739002652e-02
   17          7.572050312863497e-03
   18          4.064293425767815e-03
   19          2.081115105170739e-03
   20          1.246990122837112e-03
   21          7.387425048372929e-04
   22          4.101777456039243e-04
   23          2.500170903254829e-04
   24          1.526290542656725e-04
   25          9.168557939997848e-05
   26          5.689324505213142e-05
   27          3.606285434485901e-05
   28          1.898176386364069e-05
   29          9.895702799536250e-06
   30          5.517769156156585e-06
   31          2.937098914355434e-06
   32          1.700806950001172e-06
   33          1.094639569259247e-06
   34          6.787553491469431e-07
   35          4.100688919043825e-07
   36          2.047817633166526e-07
   37          1.102735842286193e-07
   38          5.494092549165419e-08
   39          2.583631694922343e-08
   40          1.560432531362471e-08
   41          1.012143622845207e-08
   42          7.044756961593346e-09
   43          5.432792553801518e-09
   44          4.040041986300338e-09
   45          2.378770010269733e-09
   46          1.348688599458865e-09
   47          7.889169850939759e-10
   48          4.721990901522791e-10
 --------------------------------- 


 Final ||Ax - b|| norm =  0.000000000332726
 Final energy = 11011.666110147010841

 Bond dimension before truncation: 306
 Bond dimension after truncation: 51
 Updating right boundary for site 2

 MICROITERATION NUMBER = 22  , backward sweep
 - Optimization centered on site: 1
 - Left boundaries taken from index: 1
 - Right boundaries taken from index: 2


 Initial ||Ax - b|| norm =  0.999413466096273

 ------------------------------------- 
 Iteration  | Rel. error estimate      
 ------------------------------------- 
    0          9.994134660962731e-01
    1          9.874352628692912e-01
    2          9.814379667126207e-01
    3          9.764284291278802e-01
    4          9.666943804367347e-01
    5          9.506430330854958e-01
    6          8.936593586502216e-01
    7          8.209128031966059e-01
    8          5.977039980664806e-01
    9          3.397456273117675e-01
   10          2.115341300472680e-01
   11          1.445869285463962e-01
   12          9.648644534805774e-02
   13          5.740628043127003e-02
   14          2.782422500107869e-02
   15          1.250017151178721e-02
   16          5.986839179451991e-03
   17          3.196917152116413e-03
   18          1.719888009157273e-03
   19          9.219857681450873e-04
   20          5.192755420666032e-04
   21          3.048210198286949e-04
   22          1.760181696009577e-04
   23          9.661599234221478e-05
   24          5.786051615109725e-05
   25          3.241030514502557e-05
   26          1.623735071255695e-05
   27          9.058332406050222e-06
   28          4.953089022217375e-06
   29          2.848390833897896e-06
   30          1.777204394797045e-06
   31          1.063670149626607e-06
   32          5.466324265795017e-07
   33          2.487413982995422e-07
   34          1.285328852062431e-07
   35          6.146317518890912e-08
   36          3.745768284364771e-08
   37          2.750149078110288e-08
   38          1.909422381674372e-08
   39          1.324955917234895e-08
   40          8.232757310884648e-09
   41          4.999448893161895e-09
   42          3.048716376740055e-09
   43          1.888518856388998e-09
   44          1.133641533045191e-09
   45          7.216008160339843e-10
   46          4.174928852762404e-10
   47          2.167615322969388e-10
   48          1.554144924864606e-10
 --------------------------------- 


 Final ||Ax - b|| norm =  0.000000000124188
 Final energy = 11011.666004476903254

 Bond dimension before truncation: 306
 Bond dimension after truncation: 51
 Updating right boundary for site 1

 MICROITERATION NUMBER = 23  , backward sweep
 - Optimization centered on site: 0
 - Left boundaries taken from index: 0
 - Right boundaries taken from index: 1


 Initial ||Ax - b|| norm =  0.999412020597573

 ------------------------------------- 
 Iteration  | Rel. error estimate      
 ------------------------------------- 
    0          9.994120205975731e-01
    1          9.874084270225132e-01
    2          9.813943175846311e-01
    3          9.761222030113216e-01
    4          9.649672725594701e-01
    5          9.404846456955952e-01
    6          8.722311365446065e-01
    7          7.597407794154905e-01
    8          4.183980403823569e-01
    9          2.414660216015762e-01
   10          1.513324373197839e-01
   11          1.025174815547657e-01
   12          4.554304229636771e-02
   13          1.854289103774759e-02
   14          7.976622739641132e-03
   15          3.972760537874062e-03
   16          1.766161696177963e-03
   17          8.820997457517542e-04
   18          4.868994897923551e-04
   19          2.711191191574338e-04
   20          1.377621704237922e-04
   21          7.548587991261124e-05
   22          3.944166639663801e-05
   23          1.787021668903376e-05
   24          8.020386356883267e-06
   25          4.369226877250796e-06
   26          2.405052527892536e-06
   27          1.287901481910492e-06
   28          5.976286014785244e-07
   29          2.735859805997852e-07
   30          1.257805711659943e-07
   31          4.852685728666021e-08
   32          2.432609671383197e-08
   33          1.203531866890405e-08
   34          6.119689864531648e-09
   35          3.358277035980325e-09
   36          1.535990289575651e-09
   37          6.693423508486658e-10
   38          2.747100939306458e-10
   39          1.705815199184766e-10
   40          1.345375246713039e-10
 --------------------------------- 


 Final ||Ax - b|| norm =  0.000000000099830
 Final energy = 11011.666004483922734

 Updating right boundary for site 0


 SWEEP NUMBER 1
 ----------------
 - Noise parameter: 0.0000000100
 - Maximum bond dimension: 50
 - Truncation parameter: 0.0000000000

 MICROITERATION NUMBER = 0  , forward sweep
 - Optimization centered on site: 0
 - Left boundaries taken from index: 0
 - Right boundaries taken from index: 1


 Initial ||Ax - b|| norm =  0.999412020597573

 ------------------------------------- 
 Iteration  | Rel. error estimate      
 ------------------------------------- 
    0          9.994120205975731e-01
    1          9.874084270225132e-01
    2          9.813943175846311e-01
    3          9.761222030113216e-01
    4          9.649672725594701e-01
    5          9.404846456955952e-01
    6          8.722311365446065e-01
    7          7.597407794154905e-01
    8          4.183980403823569e-01
    9          2.414660216015762e-01
   10          1.513324373197839e-01
   11          1.025174815547657e-01
   12          4.554304229636771e-02
   13          1.854289103774759e-02
   14          7.976622739641132e-03
   15          3.972760537874062e-03
   16          1.766161696177963e-03
   17          8.820997457517542e-04
   18          4.868994897923551e-04
   19          2.711191191574338e-04
   20          1.377621704237922e-04
   21          7.548587991261124e-05
   22          3.944166639663801e-05
   23          1.787021668903376e-05
   24          8.020386356883267e-06
   25          4.369226877250796e-06
   26          2.405052527892536e-06
   27          1.287901481910492e-06
   28          5.976286014785244e-07
   29          2.735859805997852e-07
   30          1.257805711659943e-07
   31          4.852685728666021e-08
   32          2.432609671383197e-08
   33          1.203531866890405e-08
   34          6.119689864531648e-09
   35          3.358277035980325e-09
   36          1.535990289575651e-09
   37          6.693423508486658e-10
   38          2.747100939306458e-10
   39          1.705815199184766e-10
   40          1.345375246713039e-10
 --------------------------------- 


 Final ||Ax - b|| norm =  0.000000000099830
 Final energy = 11011.666004483922734

 Bond dimension before truncation: 6
 Bond dimension after truncation: 6
 Updating left boundary for site 1

 MICROITERATION NUMBER = 1  , forward sweep
 - Optimization centered on site: 1
 - Left boundaries taken from index: 1
 - Right boundaries taken from index: 2


 Initial ||Ax - b|| norm =  0.999413466096273

 ------------------------------------- 
 Iteration  | Rel. error estimate      
 ------------------------------------- 
    0          9.994134660962730e-01
    1          9.874352628692922e-01
    2          9.814379667126231e-01
    3          9.764284291278850e-01
    4          9.666943804367456e-01
    5          9.506430330855173e-01
    6          8.936593586502787e-01
    7          8.209128031966990e-01
    8          5.977039980666241e-01
    9          3.397456273118816e-01
   10          2.115341300473453e-01
   11          1.445869285464507e-01
   12          9.648644534809446e-02
   13          5.740628043129216e-02
   14          2.782422500108956e-02
   15          1.250017151179205e-02
   16          5.986839179454354e-03
   17          3.196917152117690e-03
   18          1.719888009157978e-03
   19          9.219857681454667e-04
   20          5.192755420668208e-04
   21          3.048210198288264e-04
   22          1.760181696010364e-04
   23          9.661599234225986e-05
   24          5.786051615112488e-05
   25          3.241030514504410e-05
   26          1.623735071256961e-05
   27          9.058332406058462e-06
   28          4.953089022221306e-06
   29          2.848390833899848e-06
   30          1.777204394798071e-06
   31          1.063670149627140e-06
   32          5.466324265797812e-07
   33          2.487413982997019e-07
   34          1.285328852063759e-07
   35          6.146317518905583e-08
   36          3.745768284380986e-08
   37          2.750149078125998e-08
   38          1.909422381687527e-08
   39          1.324955917244753e-08
   40          8.232757310946292e-09
   41          4.999448893194602e-09
   42          3.048716376742632e-09
   43          1.888518856352727e-09
   44          1.133641532945617e-09
   45          7.216008158454254e-10
   46          4.174928849086183e-10
   47          2.167615315473609e-10
   48          1.554144914196161e-10
 --------------------------------- 


 Final ||Ax - b|| norm =  0.000000000124183
 Final energy = 11011.666004476939634

 Bond dimension before truncation: 36
 Bond dimension after truncation: 36
 Updating left boundary for site 2

 MICROITERATION NUMBER = 2  , forward sweep
 - Optimization centered on site: 2
 - Left boundaries taken from index: 2
 - Right boundaries taken from index: 3


 Initial ||Ax - b|| norm =  0.999436961687082

 ------------------------------------- 
 Iteration  | Rel. error estimate      
 ------------------------------------- 
    0          9.994369616870820e-01
    1          9.874664084093340e-01
    2          9.815206937737971e-01
    3          9.765710522771214e-01
    4          9.685009430378457e-01
    5          9.540541682225574e-01
    6          9.208113894090284e-01
    7          8.531204036275094e-01
    8          7.401374606841893e-01
    9          5.294926014633505e-01
   10          2.803551827715513e-01
   11          1.905073393497453e-01
   12          1.374456434544728e-01
   13          9.192350067050731e-02
   14          5.734742847228864e-02
   15          2.819887286644476e-02
   16          1.442093816918285e-02
   17          7.821332274829867e-03
   18          4.274168185483534e-03
   19          2.310970931973858e-03
   20          1.356381517623584e-03
   21          7.783516264998854e-04
   22          4.295891419715851e-04
   23          2.678824057309782e-04
   24          1.683697005743354e-04
   25          9.971441304692650e-05
   26          6.215877149803898e-05
   27          4.124886154449983e-05
   28          2.407768722392233e-05
   29          1.266408471814689e-05
   30          7.060277254445069e-06
   31          3.784495849782859e-06
   32          2.105813535229565e-06
   33          1.323826732656920e-06
   34          8.178959191008018e-07
   35          5.108508848871003e-07
   36          2.713522884691116e-07
   37          1.409829006522920e-07
   38          7.760154091108933e-08
   39          3.575104379819882e-08
   40          1.997782702502929e-08
   41          1.292864248299864e-08
   42          8.330139543843366e-09
   43          6.121118534819436e-09
   44          4.796418448667176e-09
   45          3.519338312374544e-09
   46          2.009971440896132e-09
   47          1.164108216580687e-09
   48          6.632357989395297e-10
 --------------------------------- 


 Final ||Ax - b|| norm =  0.000000000357472
 Final energy = 11011.665990688648890

 Bond dimension before truncation: 216
 Bond dimension after truncation: 51
 Updating left boundary for site 3

 MICROITERATION NUMBER = 3  , forward sweep
 - Optimization centered on site: 3
 - Left boundaries taken from index: 3
 - Right boundaries taken from index: 4


 Initial ||Ax - b|| norm =  0.999663091059769

 ------------------------------------- 
 Iteration  | Rel. error estimate      
 ------------------------------------- 
    0          9.996630910597694e-01
    1          9.883208133183163e-01
    2          9.823314079166583e-01
    3          9.778369022954466e-01
    4          9.696487392500853e-01
    5          9.612514206694365e-01
    6          9.324635285363954e-01
    7          8.896978393170393e-01
    8          8.128261641243932e-01
    9          6.194543556388262e-01
   10          3.673291368047842e-01
   11          2.352094455895527e-01
   12          1.649584180472504e-01
   13          1.210817922055785e-01
   14          7.144465594939399e-02
   15          3.876209478110099e-02
   16          1.863232473599165e-02
   17          9.449425252945254e-03
   18          4.921038768307725e-03
   19          2.339413965086630e-03
   20          1.183932915083583e-03
   21          6.865339074513750e-04
   22          4.050966407744436e-04
   23          2.766786942597832e-04
   24          1.662482694305562e-04
   25          8.966986362267554e-05
   26          4.971503425085896e-05
   27          2.616143746488621e-05
   28          1.596685787153618e-05
   29          8.977147655481118e-06
   30          5.672145741423705e-06
   31          3.511249883720356e-06
   32          1.929257838719100e-06
   33          1.017999101988609e-06
   34          5.803661424583414e-07
   35          3.374108183400115e-07
   36          1.685028276666573e-07
   37          9.289235290346033e-08
   38          5.707428670425862e-08
   39          3.306819481417958e-08
   40          2.072997949966794e-08
   41          1.315917460525915e-08
   42          7.221433315410534e-09
   43          3.514931313390123e-09
   44          1.837744408304623e-09
   45          9.696845954983188e-10
   46          5.066939942485163e-10
   47          2.645861537705803e-10
   48          1.356151616997232e-10
 --------------------------------- 


 Final ||Ax - b|| norm =  0.000000000070176
 Final energy = 11011.662829986325960

 Bond dimension before truncation: 306
 Bond dimension after truncation: 51
 Updating left boundary for site 4

 MICROITERATION NUMBER = 4  , forward sweep
 - Optimization centered on site: 4
 - Left boundaries taken from index: 4
 - Right boundaries taken from index: 5


 Initial ||Ax - b|| norm =  0.999677955760502

 ------------------------------------- 
 Iteration  | Rel. error estimate      
 ------------------------------------- 
    0          9.996779557605023e-01
    1          9.883423540169544e-01
    2          9.823709464642557e-01
    3          9.779210314357110e-01
    4          9.699649751723296e-01
    5          9.614986819091600e-01
    6          9.329000352761088e-01
    7          8.913539045532035e-01
    8          8.129930966122920e-01
    9          6.212805000430922e-01
   10          3.750213234954157e-01
   11          2.399367889097129e-01
   12          1.679970748387601e-01
   13          1.246235602648375e-01
   14          8.306961575671064e-02
   15          4.687392816404631e-02
   16          2.357881024947574e-02
   17          1.262814673159395e-02
   18          6.807390270296115e-03
   19          3.557462839663898e-03
   20          1.821315436903190e-03
   21          9.557063018501159e-04
   22          5.921021034105756e-04
   23          3.690482795792077e-04
   24          2.480920196856043e-04
   25          1.563843746538189e-04
   26          8.978927784372786e-05
   27          5.122355388663118e-05
   28          2.862578617261688e-05
   29          1.664917258529183e-05
   30          1.045374088630104e-05
   31          6.608552614309436e-06
   32          4.162672684834780e-06
   33          2.476452623836828e-06
   34          1.292250274018136e-06
   35          7.083330163081958e-07
   36          4.274026224122403e-07
   37          2.517758396605558e-07
   38          1.474325907915426e-07
   39          8.362462358745141e-08
   40          4.488940426947309e-08
   41          2.468145169101556e-08
   42          1.469717342584092e-08
   43          9.174868762990952e-09
   44          5.349582400991238e-09
   45          3.210092757795873e-09
   46          2.019659688338308e-09
   47          1.101647898642459e-09
   48          6.127310696188676e-10
 --------------------------------- 


 Final ||Ax - b|| norm =  0.000000000332401
 Final energy = 11011.661942987244402

 Bond dimension before truncation: 306
 Bond dimension after truncation: 51
 Updating left boundary for site 5

 MICROITERATION NUMBER = 5  , forward sweep
 - Optimization centered on site: 5
 - Left boundaries taken from index: 5
 - Right boundaries taken from index: 6


 Initial ||Ax - b|| norm =  0.999870722555391

 ------------------------------------- 
 Iteration  | Rel. error estimate      
 ------------------------------------- 
    0          9.998707225553910e-01
    1          9.883878215077879e-01
    2          9.825177783117403e-01
    3          9.779109484817348e-01
    4          9.703248703322569e-01
    5          9.621724613231876e-01
    6          9.394181408938100e-01
    7          9.046281360971299e-01
    8          8.419844214498859e-01
    9          6.760117496111924e-01
   10          4.378217115511065e-01
   11          2.844258515404459e-01
   12          1.992311291389375e-01
   13          1.509956816886240e-01
   14          1.089293732762412e-01
   15          6.520696442563607e-02
   16          3.394198845513458e-02
   17          1.782272825459217e-02
   18          9.240579770842904e-03
   19          5.144241244815679e-03
   20          2.610732685014636e-03
   21          1.408702902758494e-03
   22          8.480326704475843e-04
   23          5.216704426374006e-04
   24          3.303955732051135e-04
   25          2.137498740414762e-04
   26          1.275800103215027e-04
   27          7.810761523590526e-05
   28          4.736140854311704e-05
   29          2.760289811077125e-05
   30          1.743329985732370e-05
   31          1.118604674624380e-05
   32          7.017374357859466e-06
   33          4.283064585561802e-06
   34          2.435923092869490e-06
   35          1.313474909469666e-06
   36          7.485365354060731e-07
   37          4.383303242749219e-07
   38          2.519504240559222e-07
   39          1.461939831050186e-07
   40          8.568188445693643e-08
   41          4.814846705570023e-08
   42          2.633383304331374e-08
   43          1.603794349644761e-08
   44          9.895490337639204e-09
   45          5.859983475236315e-09
   46          3.420128918813823e-09
   47          1.985594004206806e-09
   48          1.182185323658123e-09
 --------------------------------- 


 Final ||Ax - b|| norm =  0.000000000631760
 Final energy = 11011.659145701016314

 Bond dimension before truncation: 306
 Bond dimension after truncation: 51
 Updating left boundary for site 6

 MICROITERATION NUMBER = 6  , forward sweep
 - Optimization centered on site: 6
 - Left boundaries taken from index: 6
 - Right boundaries taken from index: 7


 Initial ||Ax - b|| norm =  0.999889660859038

 ------------------------------------- 
 Iteration  | Rel. error estimate      
 ------------------------------------- 
    0          9.998896608590375e-01
    1          9.882989302490983e-01
    2          9.827034722380323e-01
    3          9.782470525324289e-01
    4          9.706729978432310e-01
    5          9.634198311353449e-01
    6          9.429938981008558e-01
    7          9.127853012786372e-01
    8          8.657957746703905e-01
    9          7.422709930244131e-01
   10          4.992325623127381e-01
   11          3.236214035507540e-01
   12          2.044438572218494e-01
   13          1.567491378379572e-01
   14          1.162016378659292e-01
   15          7.449091702447720e-02
   16          4.253238098513010e-02
   17          2.135542705851610e-02
   18          1.060047366072557e-02
   19          6.126483965787302e-03
   20          2.912544328757728e-03
   21          1.622548981669865e-03
   22          9.332250203737047e-04
   23          5.378764133037577e-04
   24          3.371339773255825e-04
   25          2.037793810492784e-04
   26          1.222880924452684e-04
   27          7.610899445830654e-05
   28          4.727381637429848e-05
   29          2.896023748926060e-05
   30          1.831841943469218e-05
   31          1.200874215210644e-05
   32          7.137423548288288e-06
   33          4.307029541324785e-06
   34          2.559314270948739e-06
   35          1.447121823002428e-06
   36          8.039552874969005e-07
   37          4.741427276273994e-07
   38          2.825854209457426e-07
   39          1.666217358805626e-07
   40          9.975627287539061e-08
   41          6.192434185307544e-08
   42          3.703124532323602e-08
   43          2.308895436467983e-08
   44          1.417266085084667e-08
   45          8.079292375009049e-09
   46          4.199982786161535e-09
   47          2.199764557208427e-09
   48          1.218016188320290e-09
 --------------------------------- 


 Final ||Ax - b|| norm =  0.000000000719257
 Final energy = 11011.649732816984397

 Bond dimension before truncation: 306
 Bond dimension after truncation: 51
 Updating left boundary for site 7

 MICROITERATION NUMBER = 7  , forward sweep
 - Optimization centered on site: 7
 - Left boundaries taken from index: 7
 - Right boundaries taken from index: 8


 Initial ||Ax - b|| norm =  0.999906078994620

 ------------------------------------- 
 Iteration  | Rel. error estimate      
 ------------------------------------- 
    0          9.999060789946198e-01
    1          9.882726674656539e-01
    2          9.826350669521285e-01
    3          9.786369968340120e-01
    4          9.731497348931825e-01
    5          9.649725123386408e-01
    6          9.536274907898480e-01
    7          9.265107094493243e-01
    8          8.875238940804510e-01
    9          8.300762774330617e-01
   10          6.594802187555695e-01
   11          4.424450492492960e-01
   12          2.774780770720746e-01
   13          1.910227149992724e-01
   14          1.423800183427052e-01
   15          1.077884050162208e-01
   16          7.325944909086611e-02
   17          4.304805473086751e-02
   18          2.358734248098973e-02
   19          1.218287009419266e-02
   20          6.816716326504348e-03
   21          3.865014405442967e-03
   22          2.045057587257481e-03
   23          1.144643681844220e-03
   24          7.225274667844894e-04
   25          4.269307256496057e-04
   26          2.583190435687196e-04
   27          1.618536180449565e-04
   28          1.021301473559262e-04
   29          6.253825128802742e-05
   30          3.874652908010035e-05
   31          2.585531822283329e-05
   32          1.606582854504932e-05
   33          1.047582195636798e-05
   34          6.941754405274511e-06
   35          4.284009430475798e-06
   36          2.625930176439042e-06
   37          1.595767565785974e-06
   38          9.396753137895176e-07
   39          5.589754889642892e-07
   40          3.475100000242069e-07
   41          2.167897683576348e-07
   42          1.403568057650887e-07
   43          8.928276329452935e-08
   44          5.715538013023725e-08
   45          3.651472441135461e-08
   46          2.277113688540129e-08
   47          1.402024306443160e-08
   48          8.384305024102095e-09
 --------------------------------- 


 Final ||Ax - b|| norm =  0.000000004961363
 Final energy = 11011.639937414211090

 Bond dimension before truncation: 306
 Bond dimension after truncation: 51
 Updating left boundary for site 8

 MICROITERATION NUMBER = 8  , forward sweep
 - Optimization centered on site: 8
 - Left boundaries taken from index: 8
 - Right boundaries taken from index: 9


 Initial ||Ax - b|| norm =  0.999794174847034

 ------------------------------------- 
 Iteration  | Rel. error estimate      
 ------------------------------------- 
    0          9.997941748470341e-01
    1          9.884071152246999e-01
    2          9.831138635343611e-01
    3          9.802118304223364e-01
    4          9.775941332864282e-01
    5          9.740170214196424e-01
    6          9.690647830647982e-01
    7          9.626400260756304e-01
    8          9.522752180320403e-01
    9          9.365193659875601e-01
   10          9.089086862981829e-01
   11          8.689983226745411e-01
   12          8.145136778061298e-01
   13          7.260338604747852e-01
   14          5.622202804299102e-01
   15          3.658054725825170e-01
   16          2.446926605586549e-01
   17          1.920824427209366e-01
   18          1.525880611337395e-01
   19          1.175406116979766e-01
   20          9.421001055727585e-02
   21          7.275165625335925e-02
   22          4.524698845858289e-02
   23          2.700134203798947e-02
   24          1.655208460095165e-02
   25          1.030536259056212e-02
   26          6.386267021149530e-03
   27          3.992574311722806e-03
   28          2.483714034134873e-03
   29          1.601073853682574e-03
   30          1.026251086322322e-03
   31          6.654909559524362e-04
   32          4.532180308363667e-04
   33          3.144743920435141e-04
   34          2.166867290353159e-04
   35          1.464730231459772e-04
   36          9.980350114207954e-05
   37          7.100348137725990e-05
   38          5.217211242761678e-05
   39          3.751886833473204e-05
   40          2.648212845866393e-05
   41          1.963619040394341e-05
   42          1.422645696308708e-05
   43          9.455503439862960e-06
   44          6.082506244340815e-06
   45          3.826390446850680e-06
   46          2.414538237748872e-06
   47          1.442846612194214e-06
   48          8.271942826742551e-07
 --------------------------------- 


 Final ||Ax - b|| norm =  0.000000495072989
 Final energy = 11011.639597646117181

 Bond dimension before truncation: 306
 Bond dimension after truncation: 51
 Updating left boundary for site 9

 MICROITERATION NUMBER = 9  , forward sweep
 - Optimization centered on site: 9
 - Left boundaries taken from index: 9
 - Right boundaries taken from index: 10


 Initial ||Ax - b|| norm =  0.999701765606590

 ------------------------------------- 
 Iteration  | Rel. error estimate      
 ------------------------------------- 
    0          9.997017656065902e-01
    1          9.883965546513778e-01
    2          9.832359400764439e-01
    3          9.806252899048403e-01
    4          9.787783438272497e-01
    5          9.768445071495118e-01
    6          9.745091965104533e-01
    7          9.716367681099608e-01
    8          9.680348655715547e-01
    9          9.632512850282584e-01
   10          9.567995214201173e-01
   11          9.477960303877923e-01
   12          9.338270970507745e-01
   13          9.102482535678268e-01
   14          8.791562991489917e-01
   15          8.388577622775115e-01
   16          7.904945218411562e-01
   17          7.227543063146025e-01
   18          6.149016353867115e-01
   19          4.772715105417585e-01
   20          3.352092402738509e-01
   21          2.307959059807006e-01
   22          1.773591682440037e-01
   23          1.508043603810676e-01
   24          1.307792793167504e-01
   25          1.100033972404100e-01
   26          9.304891806368697e-02
   27          7.642229575324259e-02
   28          6.367397782732510e-02
   29          5.079035809167562e-02
   30          3.592530505165033e-02
   31          2.247657887536764e-02
   32          1.535960056058304e-02
   33          1.184441949566758e-02
   34          8.981469596418056e-03
   35          6.245904768292119e-03
   36          4.408880804948244e-03
   37          3.223036285693013e-03
   38          2.359330910313563e-03
   39          1.740433986241501e-03
   40          1.265721794129054e-03
   41          9.454772818752172e-04
   42          7.322381787888314e-04
   43          5.990698549517284e-04
   44          4.703884780645498e-04
   45          3.679488664408164e-04
   46          2.952260811362682e-04
   47          2.294593343491996e-04
   48          1.732604215301944e-04
 --------------------------------- 


 Final ||Ax - b|| norm =  0.000133983580894
 Final energy = 11011.641377652298615

 Bond dimension before truncation: 306
 Bond dimension after truncation: 51
 Updating left boundary for site 10

 MICROITERATION NUMBER = 10  , forward sweep
 - Optimization centered on site: 10
 - Left boundaries taken from index: 10
 - Right boundaries taken from index: 11


 Initial ||Ax - b|| norm =  0.998123399318493

 ------------------------------------- 
 Iteration  | Rel. error estimate      
 ------------------------------------- 
    0          9.981233993184933e-01
    1          9.894922756211186e-01
    2          9.840331441657750e-01
    3          9.810797075916363e-01
    4          9.788038928992491e-01
    5          9.758885870128893e-01
    6          9.716131026992999e-01
    7          9.647564228076243e-01
    8          9.544877139516537e-01
    9          9.362618740324476e-01
   10          9.107086077438896e-01
   11          8.666727052113729e-01
   12          7.877842050021182e-01
   13          6.863262664597722e-01
   14          5.377184980541797e-01
   15          3.491093851760526e-01
   16          2.033762360700693e-01
   17          1.151783555347828e-01
   18          7.320078504436520e-02
   19          3.711269119947942e-02
   20          2.245756028583193e-02
   21          1.479253817300648e-02
   22          9.501881735635284e-03
   23          5.752574047235342e-03
   24          4.033754272123999e-03
   25          3.018144327161131e-03
   26          2.073374600439525e-03
   27          1.240141981263395e-03
   28          7.606249598489611e-04
   29          4.323791874313309e-04
   30          2.562945309510578e-04
   31          1.492496234255305e-04
   32          8.489846482555931e-05
   33          4.262635319139954e-05
   34          2.468936485841100e-05
   35          1.585262414823701e-05
   36          1.103651192882216e-05
   37          7.293370303193773e-06
   38          4.079490360853854e-06
   39          1.895346565606932e-06
   40          8.953189743875498e-07
   41          4.534992122885347e-07
   42          2.277634110838186e-07
   43          1.334882298072577e-07
   44          8.198412834184146e-08
   45          5.287340932262456e-08
   46          3.152363425604846e-08
   47          1.773944628305735e-08
   48          9.767593741025599e-09
 --------------------------------- 


 Final ||Ax - b|| norm =  0.000000006470037
 Final energy = 11011.641621198945359

 Bond dimension before truncation: 306
 Bond dimension after truncation: 51
 Updating left boundary for site 11

 MICROITERATION NUMBER = 11  , forward sweep
 - Optimization centered on site: 11
 - Left boundaries taken from index: 11
 - Right boundaries taken from index: 12


 Initial ||Ax - b|| norm =  0.998123399318410

 ------------------------------------- 
 Iteration  | Rel. error estimate      
 ------------------------------------- 
    0          9.981233993184097e-01
    1          9.893332328778225e-01
    2          9.836489087732941e-01
    3          9.807424904543712e-01
    4          9.782832730685570e-01
    5          9.744881498583202e-01
    6          9.674989385725502e-01
    7          9.561881881692990e-01
    8          9.352648722533206e-01
    9          9.029560156812977e-01
   10          8.342372679635950e-01
   11          7.376619075798320e-01
   12          6.210778542187111e-01
   13          4.608757764721465e-01
   14          2.672139369144164e-01
   15          1.357166069665059e-01
   16          8.319412144670529e-02
   17          4.411511808375752e-02
   18          2.335112310900274e-02
   19          1.399737703699758e-02
   20          8.648786856128870e-03
   21          5.919526567736126e-03
   22          3.966966225228844e-03
   23          2.289959832957885e-03
   24          1.295143307395506e-03
   25          6.719488024364629e-04
   26          3.919866295792307e-04
   27          2.599724326060771e-04
   28          1.957081272285572e-04
   29          1.564669865110324e-04
   30          1.305590677278099e-04
   31          1.063859219518386e-04
   32          7.350979781159015e-05
   33          4.573488404813136e-05
   34          2.769996086348894e-05
   35          1.459866307136293e-05
   36          8.158655644493550e-06
   37          4.274535692951445e-06
   38          2.560390611232031e-06
   39          1.668449136660830e-06
   40          1.247026310730949e-06
   41          9.058974848125247e-07
   42          5.842183950379322e-07
   43          3.337943477626329e-07
   44          1.846994840789440e-07
   45          9.312846475481770e-08
   46          4.421483690847760e-08
   47          2.158471655324254e-08
   48          1.138995334295675e-08
 --------------------------------- 


 Final ||Ax - b|| norm =  0.000000006977619
 Final energy = 11011.641621198947178

 Updating left boundary for site 12

 MICROITERATION NUMBER = 12  , backward sweep
 - Optimization centered on site: 11
 - Left boundaries taken from index: 11
 - Right boundaries taken from index: 12


 Initial ||Ax - b|| norm =  0.998123399318410

 ------------------------------------- 
 Iteration  | Rel. error estimate      
 ------------------------------------- 
    0          9.981233993184097e-01
    1          9.893332328778225e-01
    2          9.836489087732941e-01
    3          9.807424904543712e-01
    4          9.782832730685570e-01
    5          9.744881498583202e-01
    6          9.674989385725502e-01
    7          9.561881881692990e-01
    8          9.352648722533206e-01
    9          9.029560156812977e-01
   10          8.342372679635950e-01
   11          7.376619075798320e-01
   12          6.210778542187111e-01
   13          4.608757764721465e-01
   14          2.672139369144164e-01
   15          1.357166069665059e-01
   16          8.319412144670529e-02
   17          4.411511808375752e-02
   18          2.335112310900274e-02
   19          1.399737703699758e-02
   20          8.648786856128870e-03
   21          5.919526567736126e-03
   22          3.966966225228844e-03
   23          2.289959832957885e-03
   24          1.295143307395506e-03
   25          6.719488024364629e-04
   26          3.919866295792307e-04
   27          2.599724326060771e-04
   28          1.957081272285572e-04
   29          1.564669865110324e-04
   30          1.305590677278099e-04
   31          1.063859219518386e-04
   32          7.350979781159015e-05
   33          4.573488404813136e-05
   34          2.769996086348894e-05
   35          1.459866307136293e-05
   36          8.158655644493550e-06
   37          4.274535692951445e-06
   38          2.560390611232031e-06
   39          1.668449136660830e-06
   40          1.247026310730949e-06
   41          9.058974848125247e-07
   42          5.842183950379322e-07
   43          3.337943477626329e-07
   44          1.846994840789440e-07
   45          9.312846475481770e-08
   46          4.421483690847760e-08
   47          2.158471655324254e-08
   48          1.138995334295675e-08
 --------------------------------- 


 Final ||Ax - b|| norm =  0.000000006977619
 Final energy = 11011.641621198947178

 Bond dimension before truncation: 6
 Bond dimension after truncation: 6
 Updating right boundary for site 11

 MICROITERATION NUMBER = 13  , backward sweep
 - Optimization centered on site: 10
 - Left boundaries taken from index: 10
 - Right boundaries taken from index: 11


 Initial ||Ax - b|| norm =  0.998123399318494

 ------------------------------------- 
 Iteration  | Rel. error estimate      
 ------------------------------------- 
    0          9.981233993184936e-01
    1          9.894922756211177e-01
    2          9.840331441657727e-01
    3          9.810797075916328e-01
    4          9.788038928992443e-01
    5          9.758885870128825e-01
    6          9.716131026992898e-01
    7          9.647564228076084e-01
    8          9.544877139516285e-01
    9          9.362618740324063e-01
   10          9.107086077438273e-01
   11          8.666727052112777e-01
   12          7.877842050019764e-01
   13          6.863262664595937e-01
   14          5.377184980539872e-01
   15          3.491093851758976e-01
   16          2.033762360699701e-01
   17          1.151783555347246e-01
   18          7.320078504432781e-02
   19          3.711269119946049e-02
   20          2.245756028582039e-02
   21          1.479253817299887e-02
   22          9.501881735630375e-03
   23          5.752574047232340e-03
   24          4.033754272121903e-03
   25          3.018144327159755e-03
   26          2.073374600439900e-03
   27          1.240141981267836e-03
   28          7.606249598756148e-04
   29          4.323791875371389e-04
   30          2.562945311893480e-04
   31          1.492496235173730e-04
   32          8.489846484062662e-05
   33          4.262635319153016e-05
   34          2.468936485901014e-05
   35          1.585262415074763e-05
   36          1.103651193257319e-05
   37          7.293370304358632e-06
   38          4.079490361050528e-06
   39          1.895346565631890e-06
   40          8.953189743911930e-07
   41          4.534992122906455e-07
   42          2.277634110872471e-07
   43          1.334882298222961e-07
   44          8.198412840624386e-08
   45          5.287340936366067e-08
   46          3.152363425637909e-08
   47          1.773944627916101e-08
   48          9.767593734158215e-09
 --------------------------------- 


 Final ||Ax - b|| norm =  0.000000006470034
 Final energy = 11011.641621198992652

 Bond dimension before truncation: 36
 Bond dimension after truncation: 36
 Updating right boundary for site 10

 MICROITERATION NUMBER = 14  , backward sweep
 - Optimization centered on site: 9
 - Left boundaries taken from index: 9
 - Right boundaries taken from index: 10


 Initial ||Ax - b|| norm =  0.999701765606591

 ------------------------------------- 
 Iteration  | Rel. error estimate      
 ------------------------------------- 
    0          9.997017656065910e-01
    1          9.883965546513743e-01
    2          9.832359400764363e-01
    3          9.806252899048297e-01
    4          9.787783438272358e-01
    5          9.768445071494938e-01
    6          9.745091965104300e-01
    7          9.716367681099302e-01
    8          9.680348655715142e-01
    9          9.632512850282039e-01
   10          9.567995214200434e-01
   11          9.477960303876912e-01
   12          9.338270970506324e-01
   13          9.102482535676178e-01
   14          8.791562991487006e-01
   15          8.388577622771276e-01
   16          7.904945218406809e-01
   17          7.227543063140335e-01
   18          6.149016353860636e-01
   19          4.772715105411236e-01
   20          3.352092402733293e-01
   21          2.307959059802916e-01
   22          1.773591682435813e-01
   23          1.508043603803547e-01
   24          1.307792793142444e-01
   25          1.100033972243563e-01
   26          9.304891804469688e-02
   27          7.642229574936275e-02
   28          6.367397782779403e-02
   29          5.079035809432013e-02
   30          3.592530508036446e-02
   31          2.247657909291087e-02
   32          1.535960119422589e-02
   33          1.184441974460270e-02
   34          8.981469626916068e-03
   35          6.245904771612020e-03
   36          4.408880805226060e-03
   37          3.223036285901192e-03
   38          2.359330912435534e-03
   39          1.740433990706875e-03
   40          1.265721802028265e-03
   41          9.454773126119597e-04
   42          7.322383506826888e-04
   43          5.990699545072218e-04
   44          4.703884872980289e-04
   45          3.679488675417283e-04
   46          2.952260813068491e-04
   47          2.294593343567247e-04
   48          1.732604214448717e-04
 --------------------------------- 


 Final ||Ax - b|| norm =  0.000133983579992
 Final energy = 11011.641377652334995

 Bond dimension before truncation: 216
 Bond dimension after truncation: 51
 Updating right boundary for site 9

 MICROITERATION NUMBER = 15  , backward sweep
 - Optimization centered on site: 8
 - Left boundaries taken from index: 8
 - Right boundaries taken from index: 9


 Initial ||Ax - b|| norm =  0.999793768901685

 ------------------------------------- 
 Iteration  | Rel. error estimate      
 ------------------------------------- 
    0          9.997937689016850e-01
    1          9.884094570566337e-01
    2          9.831455352168884e-01
    3          9.803177615202130e-01
    4          9.778259389334222e-01
    5          9.745106092181380e-01
    6          9.697671146923798e-01
    7          9.637051954253157e-01
    8          9.546439815241118e-01
    9          9.427134048227412e-01
   10          9.182973404655915e-01
   11          8.817935248251729e-01
   12          8.345055337975034e-01
   13          7.649289186642649e-01
   14          6.488430364533541e-01
   15          4.463517825728263e-01
   16          2.868462935523281e-01
   17          2.142795767053856e-01
   18          1.749855272259297e-01
   19          1.365984140885797e-01
   20          1.069160422631333e-01
   21          8.636747529334773e-02
   22          6.417942244243310e-02
   23          4.008132833979617e-02
   24          2.448461188256198e-02
   25          1.518290186529159e-02
   26          9.513619378934001e-03
   27          5.879226360140474e-03
   28          3.779242604640859e-03
   29          2.431915099955427e-03
   30          1.562044242273406e-03
   31          1.020914074163022e-03
   32          6.669888223663735e-04
   33          4.655481797549576e-04
   34          3.262933698009209e-04
   35          2.250548434697914e-04
   36          1.571007951025171e-04
   37          1.067061248812743e-04
   38          7.663585873808332e-05
   39          5.620717158744367e-05
   40          4.108297240608705e-05
   41          2.978912880035768e-05
   42          2.173471216333403e-05
   43          1.632011221084624e-05
   44          1.132860756626192e-05
   45          7.397372212457808e-06
   46          4.889828166718447e-06
   47          3.054194571977770e-06
   48          1.910143912015812e-06
 --------------------------------- 


 Final ||Ax - b|| norm =  0.000001139952926
 Final energy = 11011.639442242960286

 Bond dimension before truncation: 306
 Bond dimension after truncation: 51
 Updating right boundary for site 8

 MICROITERATION NUMBER = 16  , backward sweep
 - Optimization centered on site: 7
 - Left boundaries taken from index: 7
 - Right boundaries taken from index: 8


 Initial ||Ax - b|| norm =  0.999904727187102

 ------------------------------------- 
 Iteration  | Rel. error estimate      
 ------------------------------------- 
    0          9.999047271871023e-01
    1          9.882842251190953e-01
    2          9.826560980936608e-01
    3          9.790506308923382e-01
    4          9.735535786729208e-01
    5          9.659817080352147e-01
    6          9.560081495817838e-01
    7          9.336752848912182e-01
    8          8.957162201057605e-01
    9          8.461750384534887e-01
   10          7.304228152935036e-01
   11          5.004790274384516e-01
   12          3.279765842162640e-01
   13          2.175595356438598e-01
   14          1.603416326679200e-01
   15          1.219023696538128e-01
   16          8.972822215892472e-02
   17          5.704383176221624e-02
   18          3.318471495000065e-02
   19          1.722327052088705e-02
   20          9.651934972063710e-03
   21          5.396682464019105e-03
   22          3.073136254518689e-03
   23          1.683078070395388e-03
   24          9.724353010684477e-04
   25          6.338353510326860e-04
   26          3.722898178213718e-04
   27          2.303871531883941e-04
   28          1.445731913512027e-04
   29          9.228749549454201e-05
   30          5.728615441833416e-05
   31          3.653712065339984e-05
   32          2.429277028680721e-05
   33          1.573348583909690e-05
   34          1.004108349195903e-05
   35          6.758614707795217e-06
   36          4.356335278758152e-06
   37          2.637935893263450e-06
   38          1.594902540723335e-06
   39          9.885421661007090e-07
   40          5.768391118981645e-07
   41          3.596085429109119e-07
   42          2.298969787704706e-07
   43          1.445421923876569e-07
   44          9.347505105136221e-08
   45          6.036805352896134e-08
   46          3.710829065690784e-08
   47          2.358540995574158e-08
   48          1.475043570457822e-08
 --------------------------------- 


 Final ||Ax - b|| norm =  0.000000008783896
 Final energy = 11011.639533316121742

 Bond dimension before truncation: 306
 Bond dimension after truncation: 51
 Updating right boundary for site 7

 MICROITERATION NUMBER = 17  , backward sweep
 - Optimization centered on site: 6
 - Left boundaries taken from index: 6
 - Right boundaries taken from index: 7


 Initial ||Ax - b|| norm =  0.999880207041504

 ------------------------------------- 
 Iteration  | Rel. error estimate      
 ------------------------------------- 
    0          9.998802070415044e-01
    1          9.883174930573878e-01
    2          9.828535981717728e-01
    3          9.785419914411039e-01
    4          9.715924939364522e-01
    5          9.644443159312529e-01
    6          9.486392061009646e-01
    7          9.188652488704020e-01
    8          8.807458273613179e-01
    9          7.821287885445949e-01
   10          5.701729935299147e-01
   11          3.619542035531427e-01
   12          2.329818634230691e-01
   13          1.670365531640303e-01
   14          1.311534044446314e-01
   15          8.607622363763706e-02
   16          5.297778301711184e-02
   17          2.787931772118553e-02
   18          1.356099297648884e-02
   19          7.776123963953858e-03
   20          4.069120292082768e-03
   21          2.070385880849096e-03
   22          1.225815462415988e-03
   23          7.027042009016765e-04
   24          4.316334139959958e-04
   25          2.644705928727657e-04
   26          1.615922289920335e-04
   27          9.762261493993210e-05
   28          6.181729566914654e-05
   29          3.840209282271756e-05
   30          2.367555465133867e-05
   31          1.568117283060432e-05
   32          1.004896313463171e-05
   33          6.043425710491182e-06
   34          3.707697919813084e-06
   35          2.146226658772233e-06
   36          1.224428113972682e-06
   37          6.961758199790829e-07
   38          4.162665352142127e-07
   39          2.478568133478593e-07
   40          1.462169801590107e-07
   41          9.008578964332604e-08
   42          5.569889519174721e-08
   43          3.404123083241315e-08
   44          2.126598628782835e-08
   45          1.302297134501100e-08
   46          7.369502072675318e-09
   47          3.805272287020024e-09
   48          2.038098429699807e-09
 --------------------------------- 


 Final ||Ax - b|| norm =  0.000000001154579
 Final energy = 11011.645677470867668

 Bond dimension before truncation: 306
 Bond dimension after truncation: 51
 Updating right boundary for site 6

 MICROITERATION NUMBER = 18  , backward sweep
 - Optimization centered on site: 5
 - Left boundaries taken from index: 5
 - Right boundaries taken from index: 6


 Initial ||Ax - b|| norm =  0.999867792225826

 ------------------------------------- 
 Iteration  | Rel. error estimate      
 ------------------------------------- 
    0          9.998677922258256e-01
    1          9.883721224644608e-01
    2          9.827235796313113e-01
    3          9.782095745369157e-01
    4          9.707262071112729e-01
    5          9.632969911060920e-01
    6          9.411306152635092e-01
    7          9.097449048674345e-01
    8          8.529071783461061e-01
    9          7.101610696205635e-01
   10          4.749499711338361e-01
   11          3.124180801472798e-01
   12          2.098331130150164e-01
   13          1.624432894392560e-01
   14          1.169636966654694e-01
   15          7.405196693821131e-02
   16          4.156032680849648e-02
   17          2.050210027579663e-02
   18          1.097122985989239e-02
   19          6.227634080600761e-03
   20          3.008398325801684e-03
   21          1.642755239693877e-03
   22          9.655250499365511e-04
   23          5.924405758113210e-04
   24          3.876447316532992e-04
   25          2.541016951298005e-04
   26          1.499610071916960e-04
   27          9.418389374642229e-05
   28          5.734476456119238e-05
   29          3.369567793967246e-05
   30          2.114893188603242e-05
   31          1.389578613492131e-05
   32          8.693757723803532e-06
   33          5.416488833269472e-06
   34          3.088021902519359e-06
   35          1.727918138367923e-06
   36          9.830644482252677e-07
   37          5.785110196148704e-07
   38          3.465918893710977e-07
   39          1.963136266184086e-07
   40          1.139704274816644e-07
   41          6.353469923950821e-08
   42          3.531447651688300e-08
   43          2.066993337554668e-08
   44          1.289062035661927e-08
   45          7.901913890992224e-09
   46          4.615999553733443e-09
   47          2.653126424598380e-09
   48          1.484775728889215e-09
 --------------------------------- 


 Final ||Ax - b|| norm =  0.000000000811067
 Final energy = 11011.649497143804183

 Bond dimension before truncation: 306
 Bond dimension after truncation: 51
 Updating right boundary for site 5

 MICROITERATION NUMBER = 19  , backward sweep
 - Optimization centered on site: 4
 - Left boundaries taken from index: 4
 - Right boundaries taken from index: 5


 Initial ||Ax - b|| norm =  0.999674206328966

 ------------------------------------- 
 Iteration  | Rel. error estimate      
 ------------------------------------- 
    0          9.996742063289664e-01
    1          9.884089882511177e-01
    2          9.825154163529181e-01
    3          9.780867815581253e-01
    4          9.705399926611005e-01
    5          9.624746498083724e-01
    6          9.358915812252760e-01
    7          8.967422583052044e-01
    8          8.215425657601542e-01
    9          6.587921543425036e-01
   10          4.058909654401691e-01
   11          2.535018405640140e-01
   12          1.763917495375078e-01
   13          1.301087475696448e-01
   14          8.833876340923461e-02
   15          5.362687936044232e-02
   16          2.756992769090496e-02
   17          1.446643736767380e-02
   18          7.769131435863299e-03
   19          4.042354699363673e-03
   20          2.026879446982844e-03
   21          1.014658583539009e-03
   22          6.323600141163467e-04
   23          4.107251551560788e-04
   24          2.710517903390369e-04
   25          1.684751482438813e-04
   26          9.818360138483788e-05
   27          5.654483594365315e-05
   28          3.212273654934617e-05
   29          1.914380691316752e-05
   30          1.233738777399541e-05
   31          7.544299617459791e-06
   32          4.741280142565471e-06
   33          2.857147207096099e-06
   34          1.558862047462542e-06
   35          8.550546311519545e-07
   36          4.852400044284445e-07
   37          2.934520931133124e-07
   38          1.749059307729454e-07
   39          9.611459721620695e-08
   40          5.544058924030294e-08
   41          3.114782473612744e-08
   42          1.780641604063158e-08
   43          1.082723055168658e-08
   44          6.568372503866982e-09
   45          4.003246417579199e-09
   46          2.399736155930252e-09
   47          1.353701007692045e-09
   48          7.482629869033809e-10
 --------------------------------- 


 Final ||Ax - b|| norm =  0.000000000380420
 Final energy = 11011.651439427363584

 Bond dimension before truncation: 306
 Bond dimension after truncation: 51
 Updating right boundary for site 4

 MICROITERATION NUMBER = 20  , backward sweep
 - Optimization centered on site: 3
 - Left boundaries taken from index: 3
 - Right boundaries taken from index: 4


 Initial ||Ax - b|| norm =  0.999626970452204

 ------------------------------------- 
 Iteration  | Rel. error estimate      
 ------------------------------------- 
    0          9.996269704522035e-01
    1          9.883663286986500e-01
    2          9.824928698368901e-01
    3          9.780490181111570e-01
    4          9.703063837267627e-01
    5          9.623367782680919e-01
    6          9.350988638378723e-01
    7          8.962542060108595e-01
    8          8.182119491534032e-01
    9          6.606019315635194e-01
   10          4.036511829515448e-01
   11          2.445475481296540e-01
   12          1.746671029081249e-01
   13          1.258714851692133e-01
   14          7.958933651395429e-02
   15          4.601936256433972e-02
   16          1.982921269783134e-02
   17          1.051677799064014e-02
   18          5.361410739927678e-03
   19          2.527829838227674e-03
   20          1.273627972053265e-03
   21          7.143728019534896e-04
   22          4.640827767142654e-04
   23          2.965151019197594e-04
   24          1.837756452389948e-04
   25          1.034836199400957e-04
   26          5.777231203484928e-05
   27          3.150380742367524e-05
   28          1.826801254416674e-05
   29          1.054770378542663e-05
   30          6.356880869839854e-06
   31          3.980664616966607e-06
   32          2.460871824042006e-06
   33          1.325547116045929e-06
   34          7.096065110916726e-07
   35          4.014421319891879e-07
   36          2.251947623364807e-07
   37          1.223973864198172e-07
   38          6.846923352403000e-08
   39          4.013320403648377e-08
   40          2.450306400651641e-08
   41          1.489272430502531e-08
   42          8.445950147596243e-09
   43          4.299814525703792e-09
   44          2.217314399047617e-09
   45          1.079380721622811e-09
   46          5.469347769579318e-10
   47          3.069651214381147e-10
   48          1.702719299890029e-10
 --------------------------------- 


 Final ||Ax - b|| norm =  0.000000000092551
 Final energy = 11011.652463222431834

 Bond dimension before truncation: 306
 Bond dimension after truncation: 51
 Updating right boundary for site 3

 MICROITERATION NUMBER = 21  , backward sweep
 - Optimization centered on site: 2
 - Left boundaries taken from index: 2
 - Right boundaries taken from index: 3


 Initial ||Ax - b|| norm =  0.999431605459227

 ------------------------------------- 
 Iteration  | Rel. error estimate      
 ------------------------------------- 
    0          9.994316054592273e-01
    1          9.875825423795964e-01
    2          9.817488652747375e-01
    3          9.769974069078032e-01
    4          9.687496283735867e-01
    5          9.561500072036462e-01
    6          9.241426573068757e-01
    7          8.644421532068166e-01
    8          7.563560788220621e-01
    9          5.557333294353705e-01
   10          2.932192600980816e-01
   11          2.034078012135914e-01
   12          1.427755507812292e-01
   13          9.849691593067900e-02
   14          6.007007813437015e-02
   15          3.083924760391441e-02
   16          1.510807995004270e-02
   17          8.320288943213383e-03
   18          4.423642445493668e-03
   19          2.414075020183319e-03
   20          1.424274508378454e-03
   21          8.217511199801332e-04
   22          4.655208117044007e-04
   23          2.775127234226312e-04
   24          1.739451580711545e-04
   25          1.045141692126647e-04
   26          6.587720618504238e-05
   27          4.183500866456231e-05
   28          2.217610538201915e-05
   29          1.104434401685774e-05
   30          6.039887946188358e-06
   31          3.142851886199646e-06
   32          1.812705939591521e-06
   33          1.149848953819714e-06
   34          7.163714942972040e-07
   35          4.400945564837909e-07
   36          2.466678323233875e-07
   37          1.278376620999736e-07
   38          6.619442300230675e-08
   39          3.296132794487973e-08
   40          1.667056074794153e-08
   41          8.980396454354631e-09
   42          4.113015064172989e-09
   43          2.074381126418278e-09
   44          1.140347545608690e-09
   45          6.808574404223332e-10
   46          4.160653460648212e-10
   47          2.604828796408622e-10
   48          1.666083149320031e-10
 --------------------------------- 


 Final ||Ax - b|| norm =  0.000000000101338
 Final energy = 11011.655707707774127

 Bond dimension before truncation: 306
 Bond dimension after truncation: 51
 Updating right boundary for site 2

 MICROITERATION NUMBER = 22  , backward sweep
 - Optimization centered on site: 1
 - Left boundaries taken from index: 1
 - Right boundaries taken from index: 2


 Initial ||Ax - b|| norm =  0.999404133870497

 ------------------------------------- 
 Iteration  | Rel. error estimate      
 ------------------------------------- 
    0          9.994041338704966e-01
    1          9.875598244740428e-01
    2          9.816694922480795e-01
    3          9.769153437612544e-01
    4          9.670138033818532e-01
    5          9.528725273683052e-01
    6          9.004003352922116e-01
    7          8.329185970364532e-01
    8          6.287310190567925e-01
    9          3.701258279663261e-01
   10          2.278093919427090e-01
   11          1.546531642170103e-01
   12          1.046721472827870e-01
   13          6.180679197301722e-02
   14          3.092453111870283e-02
   15          1.356876163850701e-02
   16          6.594030629346709e-03
   17          3.442715020376914e-03
   18          1.816085321682100e-03
   19          1.008412014617837e-03
   20          5.659689518141868e-04
   21          3.186415567852773e-04
   22          1.847810641031518e-04
   23          1.022559949111698e-04
   24          6.340360220675269e-05
   25          3.305627001109729e-05
   26          1.624673649047635e-05
   27          8.072040787132650e-06
   28          4.519796933295582e-06
   29          2.703113840350052e-06
   30          1.586919045035383e-06
   31          8.787984564594626e-07
   32          4.289911897908721e-07
   33          2.098760677211108e-07
   34          9.578993064776326e-08
   35          3.949937934121695e-08
   36          2.052255269377667e-08
   37          1.128699589874073e-08
   38          6.810748001176362e-09
   39          4.218738791670303e-09
   40          2.400945098361599e-09
   41          1.245461364376627e-09
   42          6.311314970237308e-10
   43          3.059364522008908e-10
   44          1.155500640344849e-10
 --------------------------------- 


 Final ||Ax - b|| norm =  0.000000000060441
 Final energy = 11011.655721049099157

 Bond dimension before truncation: 306
 Bond dimension after truncation: 51
 Updating right boundary for site 1

 MICROITERATION NUMBER = 23  , backward sweep
 - Optimization centered on site: 0
 - Left boundaries taken from index: 0
 - Right boundaries taken from index: 1


 Initial ||Ax - b|| norm =  0.999402566050247

 ------------------------------------- 
 Iteration  | Rel. error estimate      
 ------------------------------------- 
    0          9.994025660502469e-01
    1          9.875315920624527e-01
    2          9.816266048932526e-01
    3          9.767185311797881e-01
    4          9.659460444288205e-01
    5          9.447866988063768e-01
    6          8.886187872725463e-01
    7          7.906606073948719e-01
    8          4.941721668860671e-01
    9          2.787999090433127e-01
   10          1.686376995259067e-01
   11          1.129647121509703e-01
   12          5.104941590284771e-02
   13          2.048647303782032e-02
   14          9.196180837723207e-03
   15          4.533827185525931e-03
   16          2.035081329205213e-03
   17          1.076853027420735e-03
   18          5.725541747484505e-04
   19          2.970832680209315e-04
   20          1.517928312032075e-04
   21          8.498289240512288e-05
   22          4.234292299622533e-05
   23          1.800966372711927e-05
   24          8.384584990436525e-06
   25          4.427884076197946e-06
   26          2.422246587151910e-06
   27          1.241634209192883e-06
   28          6.515879533209875e-07
   29          2.931546918337280e-07
   30          1.108218709507551e-07
   31          4.465066947513974e-08
   32          2.366789315956138e-08
   33          1.295332085723321e-08
   34          6.447302514850265e-09
   35          3.606990073585653e-09
   36          1.662839130434389e-09
   37          8.010277493376264e-10
   38          2.743980391021000e-10
   39          1.043539991602970e-10
 --------------------------------- 


 Final ||Ax - b|| norm =  0.000000000057292
 Final energy = 11011.655721054712558

 Updating right boundary for site 0


 SWEEP NUMBER 2
 ----------------
 - Noise parameter: 0.0000000100
 - Maximum bond dimension: 50
 - Truncation parameter: 0.0000000000

 MICROITERATION NUMBER = 0  , forward sweep
 - Optimization centered on site: 0
 - Left boundaries taken from index: 0
 - Right boundaries taken from index: 1


 Initial ||Ax - b|| norm =  0.999402566050247

 ------------------------------------- 
 Iteration  | Rel. error estimate      
 ------------------------------------- 
    0          9.994025660502469e-01
    1          9.875315920624527e-01
    2          9.816266048932526e-01
    3          9.767185311797881e-01
    4          9.659460444288205e-01
    5          9.447866988063768e-01
    6          8.886187872725463e-01
    7          7.906606073948719e-01
    8          4.941721668860671e-01
    9          2.787999090433127e-01
   10          1.686376995259067e-01
   11          1.129647121509703e-01
   12          5.104941590284771e-02
   13          2.048647303782032e-02
   14          9.196180837723207e-03
   15          4.533827185525931e-03
   16          2.035081329205213e-03
   17          1.076853027420735e-03
   18          5.725541747484505e-04
   19          2.970832680209315e-04
   20          1.517928312032075e-04
   21          8.498289240512288e-05
   22          4.234292299622533e-05
   23          1.800966372711927e-05
   24          8.384584990436525e-06
   25          4.427884076197946e-06
   26          2.422246587151910e-06
   27          1.241634209192883e-06
   28          6.515879533209875e-07
   29          2.931546918337280e-07
   30          1.108218709507551e-07
   31          4.465066947513974e-08
   32          2.366789315956138e-08
   33          1.295332085723321e-08
   34          6.447302514850265e-09
   35          3.606990073585653e-09
   36          1.662839130434389e-09
   37          8.010277493376264e-10
   38          2.743980391021000e-10
   39          1.043539991602970e-10
 --------------------------------- 


 Final ||Ax - b|| norm =  0.000000000057292
 Final energy = 11011.655721054712558

 Bond dimension before truncation: 6
 Bond dimension after truncation: 6
 Updating left boundary for site 1

 MICROITERATION NUMBER = 1  , forward sweep
 - Optimization centered on site: 1
 - Left boundaries taken from index: 1
 - Right boundaries taken from index: 2


 Initial ||Ax - b|| norm =  0.999404133870497

 ------------------------------------- 
 Iteration  | Rel. error estimate      
 ------------------------------------- 
    0          9.994041338704971e-01
    1          9.875598244740411e-01
    2          9.816694922480761e-01
    3          9.769153437612478e-01
    4          9.670138033818372e-01
    5          9.528725273682745e-01
    6          9.004003352921293e-01
    7          8.329185970363160e-01
    8          6.287310190565684e-01
    9          3.701258279661336e-01
   10          2.278093919425776e-01
   11          1.546531642169181e-01
   12          1.046721472827239e-01
   13          6.180679197297925e-02
   14          3.092453111868372e-02
   15          1.356876163849864e-02
   16          6.594030629342636e-03
   17          3.442715020374824e-03
   18          1.816085321681003e-03
   19          1.008412014617239e-03
   20          5.659689518138577e-04
   21          3.186415567850972e-04
   22          1.847810641030493e-04
   23          1.022559949111133e-04
   24          6.340360220671783e-05
   25          3.305627001107835e-05
   26          1.624673649046677e-05
   27          8.072040787127925e-06
   28          4.519796933292991e-06
   29          2.703113840348517e-06
   30          1.586919045034474e-06
   31          8.787984564589524e-07
   32          4.289911897906171e-07
   33          2.098760677209750e-07
   34          9.578993064763050e-08
   35          3.949937934107260e-08
   36          2.052255269356661e-08
   37          1.128699589843241e-08
   38          6.810748001015631e-09
   39          4.218738791554969e-09
   40          2.400945098518046e-09
   41          1.245461364720643e-09
   42          6.311314975604298e-10
   43          3.059364530179982e-10
   44          1.155500657400391e-10
 --------------------------------- 


 Final ||Ax - b|| norm =  0.000000000060430
 Final energy = 11011.655721049120984

 Bond dimension before truncation: 36
 Bond dimension after truncation: 36
 Updating left boundary for site 2

 MICROITERATION NUMBER = 2  , forward sweep
 - Optimization centered on site: 2
 - Left boundaries taken from index: 2
 - Right boundaries taken from index: 3


 Initial ||Ax - b|| norm =  0.999431605459228

 ------------------------------------- 
 Iteration  | Rel. error estimate      
 ------------------------------------- 
    0          9.994316054592279e-01
    1          9.875825423795940e-01
    2          9.817488652747320e-01
    3          9.769974069077931e-01
    4          9.687496283735653e-01
    5          9.561500072036055e-01
    6          9.241426573067868e-01
    7          8.644421532066467e-01
    8          7.563560788217860e-01
    9          5.557333294350213e-01
   10          2.932192600978333e-01
   11          2.034078012134109e-01
   12          1.427755507810993e-01
   13          9.849691593058865e-02
   14          6.007007813431448e-02
   15          3.083924760388566e-02
   16          1.510807995002858e-02
   17          8.320288943205675e-03
   18          4.423642445489630e-03
   19          2.414075020181134e-03
   20          1.424274508377184e-03
   21          8.217511199794036e-04
   22          4.655208117039889e-04
   23          2.775127234223896e-04
   24          1.739451580710061e-04
   25          1.045141692125771e-04
   26          6.587720618498665e-05
   27          4.183500866452569e-05
   28          2.217610538199854e-05
   29          1.104434401684690e-05
   30          6.039887946181264e-06
   31          3.142851886193946e-06
   32          1.812705939584166e-06
   33          1.149848953803998e-06
   34          7.163714942678858e-07
   35          4.400945564147146e-07
   36          2.466678322159672e-07
   37          1.278376619021013e-07
   38          6.619442253148482e-08
   39          3.296132779565606e-08
   40          1.667056072856227e-08
   41          8.980396449568938e-09
   42          4.113015063792435e-09
   43          2.074381127239395e-09
   44          1.140347546497821e-09
   45          6.808574403351208e-10
   46          4.160653440037993e-10
   47          2.604828738217342e-10
   48          1.666083019604200e-10
 --------------------------------- 


 Final ||Ax - b|| norm =  0.000000000101366
 Final energy = 11011.655707707763213

 Bond dimension before truncation: 216
 Bond dimension after truncation: 51
 Updating left boundary for site 3

 MICROITERATION NUMBER = 3  , forward sweep
 - Optimization centered on site: 3
 - Left boundaries taken from index: 3
 - Right boundaries taken from index: 4


 Initial ||Ax - b|| norm =  0.999626970586139

 ------------------------------------- 
 Iteration  | Rel. error estimate      
 ------------------------------------- 
    0          9.996269705861394e-01
    1          9.883663291428648e-01
    2          9.824928725620780e-01
    3          9.780490122240528e-01
    4          9.703058044638637e-01
    5          9.623350177753742e-01
    6          9.350745866677757e-01
    7          8.962180408237984e-01
    8          8.180608975499087e-01
    9          6.602121295925972e-01
   10          4.031797003118547e-01
   11          2.442787316059614e-01
   12          1.745341105213268e-01
   13          1.257832662917093e-01
   14          7.957093510811050e-02
   15          4.597044847219466e-02
   16          1.979184829397295e-02
   17          1.049058510433031e-02
   18          5.340277622776067e-03
   19          2.521792897233459e-03
   20          1.270331945452029e-03
   21          7.131376137306625e-04
   22          4.634561325173836e-04
   23          2.963431512997145e-04
   24          1.840376667103308e-04
   25          1.041884345456180e-04
   26          5.818639146459286e-05
   27          3.167286946106702e-05
   28          1.828436202106233e-05
   29          1.053286435082204e-05
   30          6.340901428317534e-06
   31          3.955746649699644e-06
   32          2.403811251453512e-06
   33          1.254535882843306e-06
   34          6.521474049405118e-07
   35          3.649635378173683e-07
   36          1.947102500722747e-07
   37          1.025599783713216e-07
   38          5.829622069768964e-08
   39          3.507014814987434e-08
   40          2.165903628080651e-08
   41          1.288547932774351e-08
   42          6.881941889980671e-09
   43          3.535694206075560e-09
   44          1.767894040015293e-09
   45          8.718701204711027e-10
   46          4.678290728932565e-10
   47          2.583321230124652e-10
   48          1.410509026024045e-10
 --------------------------------- 


 Final ||Ax - b|| norm =  0.000000000079008
 Final energy = 11011.652461293877423

 Bond dimension before truncation: 306
 Bond dimension after truncation: 51
 Updating left boundary for site 4

 MICROITERATION NUMBER = 4  , forward sweep
 - Optimization centered on site: 4
 - Left boundaries taken from index: 4
 - Right boundaries taken from index: 5


 Initial ||Ax - b|| norm =  0.999674206514430

 ------------------------------------- 
 Iteration  | Rel. error estimate      
 ------------------------------------- 
    0          9.996742065144303e-01
    1          9.884089899406108e-01
    2          9.825154220985219e-01
    3          9.780868140782496e-01
    4          9.705403846956182e-01
    5          9.624747422629026e-01
    6          9.358834274717807e-01
    7          8.967293849223742e-01
    8          8.215276147107431e-01
    9          6.587269964120124e-01
   10          4.057970317233983e-01
   11          2.534791975069908e-01
   12          1.763540890488615e-01
   13          1.300883700745136e-01
   14          8.832424536868673e-02
   15          5.361859565760278e-02
   16          2.760177495736799e-02
   17          1.448019900924180e-02
   18          7.776956431970627e-03
   19          4.044939651059527e-03
   20          2.027484894720074e-03
   21          1.013716135229052e-03
   22          6.321229113091453e-04
   23          4.104196682562185e-04
   24          2.708864835301577e-04
   25          1.683742479250730e-04
   26          9.803298854719671e-05
   27          5.638778065894776e-05
   28          3.196967998617364e-05
   29          1.904987164958589e-05
   30          1.228125673584412e-05
   31          7.513133620629282e-06
   32          4.728689473986704e-06
   33          2.851505762713285e-06
   34          1.554039091039005e-06
   35          8.534190127200458e-07
   36          4.842460362140811e-07
   37          2.926050402643575e-07
   38          1.742182355203074e-07
   39          9.536608255851416e-08
   40          5.467052512290691e-08
   41          3.067613513583597e-08
   42          1.757167930602049e-08
   43          1.073974528851561e-08
   44          6.536592853426738e-09
   45          3.992913782810688e-09
   46          2.399757054467404e-09
   47          1.356889616937338e-09
   48          7.508889497564210e-10
 --------------------------------- 


 Final ||Ax - b|| norm =  0.000000000382014
 Final energy = 11011.651431003907419

 Bond dimension before truncation: 306
 Bond dimension after truncation: 51
 Updating left boundary for site 5

 MICROITERATION NUMBER = 5  , forward sweep
 - Optimization centered on site: 5
 - Left boundaries taken from index: 5
 - Right boundaries taken from index: 6


 Initial ||Ax - b|| norm =  0.999867788301541

 ------------------------------------- 
 Iteration  | Rel. error estimate      
 ------------------------------------- 
    0          9.998677883015409e-01
    1          9.883721226329661e-01
    2          9.827236869410926e-01
    3          9.782102323162389e-01
    4          9.707347892428715e-01
    5          9.633065030464230e-01
    6          9.412149776215867e-01
    7          9.098697706193113e-01
    8          8.531072144530741e-01
    9          7.109923175604892e-01
   10          4.757416998127823e-01
   11          3.131760685449129e-01
   12          2.100993196514440e-01
   13          1.627166701777126e-01
   14          1.172913739773746e-01
   15          7.434024472048695e-02
   16          4.178092230708152e-02
   17          2.059720500329730e-02
   18          1.102835041643338e-02
   19          6.272563045788206e-03
   20          3.043298631929625e-03
   21          1.663001736074795e-03
   22          9.779870812457428e-04
   23          6.021741285086277e-04
   24          3.921232843061000e-04
   25          2.571053825487521e-04
   26          1.519776492881845e-04
   27          9.491426348126683e-05
   28          5.781700359208056e-05
   29          3.410494999636441e-05
   30          2.132869140754464e-05
   31          1.398139667940839e-05
   32          8.744298273242129e-06
   33          5.443254805786805e-06
   34          3.102538169135385e-06
   35          1.739331595057723e-06
   36          9.917933865722791e-07
   37          5.818710557095820e-07
   38          3.492133979694758e-07
   39          1.986780407909175e-07
   40          1.154412651515044e-07
   41          6.470793517718640e-08
   42          3.608922039982645e-08
   43          2.118266875404949e-08
   44          1.317601663438122e-08
   45          8.004412354360751e-09
   46          4.626705206279147e-09
   47          2.636488341856778e-09
   48          1.469476767841023e-09
 --------------------------------- 


 Final ||Ax - b|| norm =  0.000000000781095
 Final energy = 11011.648949806116434

 Bond dimension before truncation: 306
 Bond dimension after truncation: 51
 Updating left boundary for site 6

 MICROITERATION NUMBER = 6  , forward sweep
 - Optimization centered on site: 6
 - Left boundaries taken from index: 6
 - Right boundaries taken from index: 7


 Initial ||Ax - b|| norm =  0.999879638956670

 ------------------------------------- 
 Iteration  | Rel. error estimate      
 ------------------------------------- 
    0          9.998796389566703e-01
    1          9.883171253045124e-01
    2          9.828531406722830e-01
    3          9.785426149118505e-01
    4          9.715895046190610e-01
    5          9.644429197566246e-01
    6          9.486274764508051e-01
    7          9.188687663009680e-01
    8          8.807142965022700e-01
    9          7.821577159865840e-01
   10          5.711123802690262e-01
   11          3.635841998967342e-01
   12          2.350003824700490e-01
   13          1.686922789718405e-01
   14          1.322397797027227e-01
   15          8.688166188249152e-02
   16          5.391383120940303e-02
   17          2.827856339676846e-02
   18          1.367899148946402e-02
   19          7.824795265849539e-03
   20          4.094194607139525e-03
   21          2.081321744630407e-03
   22          1.227940785550520e-03
   23          7.015066064457479e-04
   24          4.290775829921118e-04
   25          2.625789716476082e-04
   26          1.606170710114187e-04
   27          9.743923561305747e-05
   28          6.180655686055635e-05
   29          3.838055142411972e-05
   30          2.360383899961577e-05
   31          1.559232727523712e-05
   32          9.943582107065901e-06
   33          5.970780203524277e-06
   34          3.660575917865184e-06
   35          2.117105186899568e-06
   36          1.204062420231560e-06
   37          6.846999010432989e-07
   38          4.128665754840432e-07
   39          2.463723277826764e-07
   40          1.448782012670488e-07
   41          8.944199862316986e-08
   42          5.507290655597517e-08
   43          3.358181382893349e-08
   44          2.106161688237704e-08
   45          1.290157862872114e-08
   46          7.289928244942971e-09
   47          3.731369487800706e-09
   48          1.967819261378334e-09
 --------------------------------- 


 Final ||Ax - b|| norm =  0.000000001080916
 Final energy = 11011.644277465189589

 Bond dimension before truncation: 306
 Bond dimension after truncation: 51
 Updating left boundary for site 7

 MICROITERATION NUMBER = 7  , forward sweep
 - Optimization centered on site: 7
 - Left boundaries taken from index: 7
 - Right boundaries taken from index: 8


 Initial ||Ax - b|| norm =  0.999905107068425

 ------------------------------------- 
 Iteration  | Rel. error estimate      
 ------------------------------------- 
    0          9.999051070684245e-01
    1          9.882831523718213e-01
    2          9.826560892504432e-01
    3          9.790517699526469e-01
    4          9.735518870921719e-01
    5          9.659764208261872e-01
    6          9.560116368518725e-01
    7          9.336496375769276e-01
    8          8.956470629255914e-01
    9          8.458530046232268e-01
   10          7.285147319697358e-01
   11          4.970337194034992e-01
   12          3.262693889263023e-01
   13          2.162208037152938e-01
   14          1.602551394818467e-01
   15          1.216558048768797e-01
   16          8.913904149514799e-02
   17          5.670198979521569e-02
   18          3.281700373555037e-02
   19          1.716389980887921e-02
   20          9.550376954167814e-03
   21          5.339656357808894e-03
   22          3.000542163268905e-03
   23          1.604554849053465e-03
   24          9.348677539805626e-04
   25          6.101763510100707e-04
   26          3.581838661852359e-04
   27          2.242516459791283e-04
   28          1.417097844570337e-04
   29          9.146209074490662e-05
   30          5.685015701623720e-05
   31          3.671474801291212e-05
   32          2.455717412873480e-05
   33          1.596733238707339e-05
   34          1.022105293119393e-05
   35          6.833134547760411e-06
   36          4.399354770956679e-06
   37          2.662202415392879e-06
   38          1.621957447647990e-06
   39          1.012171925101736e-06
   40          5.890543614204119e-07
   41          3.670720142968091e-07
   42          2.346901268515050e-07
   43          1.482651530397709e-07
   44          9.644098191271700e-08
   45          6.320231743651395e-08
   46          3.906355731078808e-08
   47          2.478003743203265e-08
   48          1.578647267092942e-08
 --------------------------------- 


 Final ||Ax - b|| norm =  0.000000009471534
 Final energy = 11011.637767249510944

 Bond dimension before truncation: 306
 Bond dimension after truncation: 51
 Updating left boundary for site 8

 MICROITERATION NUMBER = 8  , forward sweep
 - Optimization centered on site: 8
 - Left boundaries taken from index: 8
 - Right boundaries taken from index: 9


 Initial ||Ax - b|| norm =  0.999790660450930

 ------------------------------------- 
 Iteration  | Rel. error estimate      
 ------------------------------------- 
    0          9.997906604509303e-01
    1          9.884110174384476e-01
    2          9.831483664789646e-01
    3          9.803218844421426e-01
    4          9.778301436600649e-01
    5          9.745125355245723e-01
    6          9.697636277547866e-01
    7          9.636947345131367e-01
    8          9.546154012992525e-01
    9          9.426918857458481e-01
   10          9.182945382035684e-01
   11          8.817949028068042e-01
   12          8.345761305235390e-01
   13          7.652750290073166e-01
   14          6.496422289219070e-01
   15          4.469986476672895e-01
   16          2.869816300911132e-01
   17          2.144608254353471e-01
   18          1.752142104830308e-01
   19          1.368505722834369e-01
   20          1.071107114263865e-01
   21          8.646411510197816e-02
   22          6.417646057425479e-02
   23          4.007998364477181e-02
   24          2.446733152521363e-02
   25          1.515118356973866e-02
   26          9.468203897270561e-03
   27          5.825872197851101e-03
   28          3.731551528133105e-03
   29          2.395916964615110e-03
   30          1.537070743235848e-03
   31          1.000502848534484e-03
   32          6.486505917072400e-04
   33          4.510587605784086e-04
   34          3.164162467892593e-04
   35          2.186538650497406e-04
   36          1.521300778749025e-04
   37          1.022419321478565e-04
   38          7.286072119970807e-05
   39          5.340563645486213e-05
   40          3.903338104775453e-05
   41          2.830361555926279e-05
   42          2.068230793812737e-05
   43          1.564589054761145e-05
   44          1.099285651617523e-05
   45          7.212731311536042e-06
   46          4.794396931937925e-06
   47          3.023446110426077e-06
   48          1.902560663952326e-06
 --------------------------------- 


 Final ||Ax - b|| norm =  0.000001138531605
 Final energy = 11011.637787021598342

 Bond dimension before truncation: 306
 Bond dimension after truncation: 51
 Updating left boundary for site 9

 MICROITERATION NUMBER = 9  , forward sweep
 - Optimization centered on site: 9
 - Left boundaries taken from index: 9
 - Right boundaries taken from index: 10


 Initial ||Ax - b|| norm =  0.999700246212212

 ------------------------------------- 
 Iteration  | Rel. error estimate      
 ------------------------------------- 
    0          9.997002462122120e-01
    1          9.883946650111397e-01
    2          9.832345144991966e-01
    3          9.806248351666240e-01
    4          9.787786535034338e-01
    5          9.768451946700325e-01
    6          9.745097788352698e-01
    7          9.716366877913732e-01
    8          9.680332093022256e-01
    9          9.632455002888524e-01
   10          9.567843233313988e-01
   11          9.477665606116329e-01
   12          9.337544996971950e-01
   13          9.100729142459488e-01
   14          8.788271463398781e-01
   15          8.383485057763769e-01
   16          7.898241401666179e-01
   17          7.219019709718115e-01
   18          6.138048137811760e-01
   19          4.759073847801990e-01
   20          3.339923902490137e-01
   21          2.299968226183478e-01
   22          1.767889553156863e-01
   23          1.502854104383317e-01
   24          1.301043789545282e-01
   25          1.076688585032237e-01
   26          8.749626170288620e-02
   27          7.090290640508423e-02
   28          5.987515864625874e-02
   29          5.006125535476957e-02
   30          3.579269804107335e-02
   31          2.221686254318512e-02
   32          1.447619191004223e-02
   33          1.088143098036405e-02
   34          8.664087471128058e-03
   35          6.162842537331383e-03
   36          4.375025730579160e-03
   37          3.184133860239603e-03
   38          2.226906069562437e-03
   39          1.551927156936259e-03
   40          1.153163983825420e-03
   41          9.089045212549789e-04
   42          6.877427454841259e-04
   43          5.291242006462569e-04
   44          4.359761054840722e-04
   45          3.540385648342161e-04
   46          2.872580067512891e-04
   47          2.247738464249229e-04
   48          1.700276584899612e-04
 --------------------------------- 


 Final ||Ax - b|| norm =  0.000131298573493
 Final energy = 11011.639743049903700

 Bond dimension before truncation: 306
 Bond dimension after truncation: 51
 Updating left boundary for site 10

 MICROITERATION NUMBER = 10  , forward sweep
 - Optimization centered on site: 10
 - Left boundaries taken from index: 10
 - Right boundaries taken from index: 11


 Initial ||Ax - b|| norm =  0.998121488513990

 ------------------------------------- 
 Iteration  | Rel. error estimate      
 ------------------------------------- 
    0          9.981214885139897e-01
    1          9.894931053109935e-01
    2          9.840336670883804e-01
    3          9.810810767044940e-01
    4          9.788061552270267e-01
    5          9.758912288965950e-01
    6          9.716116850095077e-01
    7          9.647476544301944e-01
    8          9.544819959187779e-01
    9          9.362413157700600e-01
   10          9.108618435591940e-01
   11          8.665171334052668e-01
   12          7.875287703542081e-01
   13          6.860118169411723e-01
   14          5.366617332996431e-01
   15          3.465471638325315e-01
   16          2.019365528638406e-01
   17          1.143697591338665e-01
   18          7.281221583967507e-02
   19          3.667847152446745e-02
   20          2.206525521801910e-02
   21          1.410362073537493e-02
   22          8.931465645264329e-03
   23          5.577289553602072e-03
   24          3.937160067739791e-03
   25          2.953746501875447e-03
   26          2.042533684314327e-03
   27          1.221346693688308e-03
   28          7.519685930736583e-04
   29          4.235710634218963e-04
   30          2.380154976943602e-04
   31          1.359304088697552e-04
   32          8.050959087134356e-05
   33          4.238643221957200e-05
   34          2.457249767856188e-05
   35          1.543816351005067e-05
   36          9.982182579016523e-06
   37          6.419307232739205e-06
   38          3.752001958636881e-06
   39          1.812750786171441e-06
   40          8.711674323780017e-07
   41          4.425178458701793e-07
   42          2.243304742982845e-07
   43          1.315734472916988e-07
   44          7.730438573147945e-08
   45          4.559367279605060e-08
   46          3.189856796251828e-08
   47          2.152105847103580e-08
   48          1.503990555633485e-08
 --------------------------------- 


 Final ||Ax - b|| norm =  0.000000012242723
 Final energy = 11011.639990162479080

 Bond dimension before truncation: 306
 Bond dimension after truncation: 51
 Updating left boundary for site 11

 MICROITERATION NUMBER = 11  , forward sweep
 - Optimization centered on site: 11
 - Left boundaries taken from index: 11
 - Right boundaries taken from index: 12


 Initial ||Ax - b|| norm =  0.998121488513945

 ------------------------------------- 
 Iteration  | Rel. error estimate      
 ------------------------------------- 
    0          9.981214885139454e-01
    1          9.893114629810629e-01
    2          9.836501858953424e-01
    3          9.807545576811688e-01
    4          9.783250497111327e-01
    5          9.744821966527641e-01
    6          9.672777357270440e-01
    7          9.557302498832977e-01
    8          9.331879273352949e-01
    9          9.001536588147362e-01
   10          8.330264555391094e-01
   11          7.405322050150499e-01
   12          6.221965872665494e-01
   13          4.544191361858292e-01
   14          2.569806867891060e-01
   15          1.329299708112805e-01
   16          8.073249712225458e-02
   17          4.472890302571692e-02
   18          2.587236000942375e-02
   19          1.496466045926572e-02
   20          9.129189728938791e-03
   21          6.141650665156068e-03
   22          4.100123043751294e-03
   23          2.509114496570083e-03
   24          1.402906359362821e-03
   25          6.754888787008278e-04
   26          3.355937677556432e-04
   27          1.814580566323044e-04
   28          1.133251776247242e-04
   29          7.184228206470003e-05
   30          4.693704496382207e-05
   31          3.742666580856922e-05
   32          3.179008932113783e-05
   33          2.467501736667161e-05
   34          1.847605938827155e-05
   35          1.240214272596250e-05
   36          8.154882207180972e-06
   37          5.027265734541293e-06
   38          3.177764826784978e-06
   39          2.154232489758817e-06
   40          1.603886848452233e-06
   41          1.167326213926669e-06
   42          6.950351098495360e-07
   43          3.424189891995386e-07
   44          1.839577246487303e-07
   45          1.002150561919932e-07
   46          4.798190401246605e-08
   47          2.015320836926213e-08
   48          8.855620066445304e-09
 --------------------------------- 


 Final ||Ax - b|| norm =  0.000000004654476
 Final energy = 11011.639990162466347

 Updating left boundary for site 12

 MICROITERATION NUMBER = 12  , backward sweep
 - Optimization centered on site: 11
 - Left boundaries taken from index: 11
 - Right boundaries taken from index: 12


 Initial ||Ax - b|| norm =  0.998121488513945

 ------------------------------------- 
 Iteration  | Rel. error estimate      
 ------------------------------------- 
    0          9.981214885139454e-01
    1          9.893114629810629e-01
    2          9.836501858953424e-01
    3          9.807545576811688e-01
    4          9.783250497111327e-01
    5          9.744821966527641e-01
    6          9.672777357270440e-01
    7          9.557302498832977e-01
    8          9.331879273352949e-01
    9          9.001536588147362e-01
   10          8.330264555391094e-01
   11          7.405322050150499e-01
   12          6.221965872665494e-01
   13          4.544191361858292e-01
   14          2.569806867891060e-01
   15          1.329299708112805e-01
   16          8.073249712225458e-02
   17          4.472890302571692e-02
   18          2.587236000942375e-02
   19          1.496466045926572e-02
   20          9.129189728938791e-03
   21          6.141650665156068e-03
   22          4.100123043751294e-03
   23          2.509114496570083e-03
   24          1.402906359362821e-03
   25          6.754888787008278e-04
   26          3.355937677556432e-04
   27          1.814580566323044e-04
   28          1.133251776247242e-04
   29          7.184228206470003e-05
   30          4.693704496382207e-05
   31          3.742666580856922e-05
   32          3.179008932113783e-05
   33          2.467501736667161e-05
   34          1.847605938827155e-05
   35          1.240214272596250e-05
   36          8.154882207180972e-06
   37          5.027265734541293e-06
   38          3.177764826784978e-06
   39          2.154232489758817e-06
   40          1.603886848452233e-06
   41          1.167326213926669e-06
   42          6.950351098495360e-07
   43          3.424189891995386e-07
   44          1.839577246487303e-07
   45          1.002150561919932e-07
   46          4.798190401246605e-08
   47          2.015320836926213e-08
   48          8.855620066445304e-09
 --------------------------------- 


 Final ||Ax - b|| norm =  0.000000004654476
 Final energy = 11011.639990162466347

 Bond dimension before truncation: 6
 Bond dimension after truncation: 6
 Updating right boundary for site 11

 MICROITERATION NUMBER = 13  , backward sweep
 - Optimization centered on site: 10
 - Left boundaries taken from index: 10
 - Right boundaries taken from index: 11


 Initial ||Ax - b|| norm =  0.998121488513989

 ------------------------------------- 
 Iteration  | Rel. error estimate      
 ------------------------------------- 
    0          9.981214885139890e-01
    1          9.894931053109954e-01
    2          9.840336670883847e-01
    3          9.810810767045004e-01
    4          9.788061552270354e-01
    5          9.758912288966072e-01
    6          9.716116850095259e-01
    7          9.647476544302230e-01
    8          9.544819959188227e-01
    9          9.362413157701330e-01
   10          9.108618435593043e-01
   11          8.665171334054357e-01
   12          7.875287703544592e-01
   13          6.860118169414883e-01
   14          5.366617332999827e-01
   15          3.465471638328055e-01
   16          2.019365528640160e-01
   17          1.143697591339694e-01
   18          7.281221583974122e-02
   19          3.667847152450102e-02
   20          2.206525521803946e-02
   21          1.410362073538795e-02
   22          8.931465645272601e-03
   23          5.577289553607238e-03
   24          3.937160067743463e-03
   25          2.953746501878237e-03
   26          2.042533684316485e-03
   27          1.221346693690426e-03
   28          7.519685930797588e-04
   29          4.235710634459089e-04
   30          2.380154977810305e-04
   31          1.359304089819748e-04
   32          8.050959093173235e-05
   33          4.238643222337941e-05
   34          2.457249767880164e-05
   35          1.543816351006633e-05
   36          9.982182579154425e-06
   37          6.419307233136852e-06
   38          3.752001958870541e-06
   39          1.812750786212183e-06
   40          8.711674323826331e-07
   41          4.425178458710405e-07
   42          2.243304742985558e-07
   43          1.315734472918655e-07
   44          7.730438573161073e-08
   45          4.559367279605155e-08
   46          3.189856796225506e-08
   47          2.152105847088452e-08
   48          1.503990555621823e-08
 --------------------------------- 


 Final ||Ax - b|| norm =  0.000000012242721
 Final energy = 11011.639990162446338

 Bond dimension before truncation: 36
 Bond dimension after truncation: 36
 Updating right boundary for site 10

 MICROITERATION NUMBER = 14  , backward sweep
 - Optimization centered on site: 9
 - Left boundaries taken from index: 9
 - Right boundaries taken from index: 10


 Initial ||Ax - b|| norm =  0.999700246212212

 ------------------------------------- 
 Iteration  | Rel. error estimate      
 ------------------------------------- 
    0          9.997002462122118e-01
    1          9.883946650111406e-01
    2          9.832345144991986e-01
    3          9.806248351666269e-01
    4          9.787786535034375e-01
    5          9.768451946700373e-01
    6          9.745097788352762e-01
    7          9.716366877913815e-01
    8          9.680332093022362e-01
    9          9.632455002888667e-01
   10          9.567843233314181e-01
   11          9.477665606116591e-01
   12          9.337544996972319e-01
   13          9.100729142460032e-01
   14          8.788271463399532e-01
   15          8.383485057764750e-01
   16          7.898241401667386e-01
   17          7.219019709719563e-01
   18          6.138048137813401e-01
   19          4.759073847803568e-01
   20          3.339923902491372e-01
   21          2.299968226184188e-01
   22          1.767889553156576e-01
   23          1.502854104380010e-01
   24          1.301043789524341e-01
   25          1.076688584817327e-01
   26          8.749626158110164e-02
   27          7.090290593728123e-02
   28          5.987515707482752e-02
   29          5.006125485191725e-02
   30          3.579269802635534e-02
   31          2.221686242744164e-02
   32          1.447619112697155e-02
   33          1.088142840671510e-02
   34          8.664085399651023e-03
   35          6.162842187514666e-03
   36          4.375025697797217e-03
   37          3.184133857803534e-03
   38          2.226906068463586e-03
   39          1.551927153769224e-03
   40          1.153163971228612e-03
   41          9.089045032143964e-04
   42          6.877426984468011e-04
   43          5.291239811646575e-04
   44          4.359757252647933e-04
   45          3.540384306442986e-04
   46          2.872579776126177e-04
   47          2.247738440952345e-04
   48          1.700276583052096e-04
 --------------------------------- 


 Final ||Ax - b|| norm =  0.000131298573151
 Final energy = 11011.639743049896424

 Bond dimension before truncation: 216
 Bond dimension after truncation: 51
 Updating right boundary for site 9

 MICROITERATION NUMBER = 15  , backward sweep
 - Optimization centered on site: 8
 - Left boundaries taken from index: 8
 - Right boundaries taken from index: 9


 Initial ||Ax - b|| norm =  0.999790660110651

 ------------------------------------- 
 Iteration  | Rel. error estimate      
 ------------------------------------- 
    0          9.997906601106509e-01
    1          9.884110238133897e-01
    2          9.831485935430468e-01
    3          9.803228716798367e-01
    4          9.778321555471733e-01
    5          9.745174381574658e-01
    6          9.697709141641367e-01
    7          9.637070626946949e-01
    8          9.546340629166191e-01
    9          9.427356416427496e-01
   10          9.183719172060356e-01
   11          8.819003704158416e-01
   12          8.347725094432848e-01
   13          7.656338544418886e-01
   14          6.502857483963151e-01
   15          4.477579878344840e-01
   16          2.875053680486262e-01
   17          2.147166429080894e-01
   18          1.754224813110473e-01
   19          1.370372517191692e-01
   20          1.072433508981560e-01
   21          8.658804203107512e-02
   22          6.434920178055281e-02
   23          4.022268937150771e-02
   24          2.454937626626024e-02
   25          1.520684269334799e-02
   26          9.501723473552404e-03
   27          5.847679525704668e-03
   28          3.746304533490592e-03
   29          2.405310507604500e-03
   30          1.543122794255831e-03
   31          1.004507482954287e-03
   32          6.510383719523361e-04
   33          4.526441229166739e-04
   34          3.175873886490438e-04
   35          2.195521071608097e-04
   36          1.527752817012210e-04
   37          1.026509417561604e-04
   38          7.313607082202031e-05
   39          5.359518930806263e-05
   40          3.919138483691582e-05
   41          2.842865519816097e-05
   42          2.076027013692624e-05
   43          1.570690818428176e-05
   44          1.105743192725443e-05
   45          7.255074331027136e-06
   46          4.826089177274263e-06
   47          3.043829953283391e-06
   48          1.916026275907941e-06
 --------------------------------- 


 Final ||Ax - b|| norm =  0.000001148654939
 Final energy = 11011.637786478871931

 Bond dimension before truncation: 306
 Bond dimension after truncation: 51
 Updating right boundary for site 8

 MICROITERATION NUMBER = 16  , backward sweep
 - Optimization centered on site: 7
 - Left boundaries taken from index: 7
 - Right boundaries taken from index: 8


 Initial ||Ax - b|| norm =  0.999905019847906

 ------------------------------------- 
 Iteration  | Rel. error estimate      
 ------------------------------------- 
    0          9.999050198479064e-01
    1          9.882829443358658e-01
    2          9.826559871260904e-01
    3          9.790533912663172e-01
    4          9.735627681519339e-01
    5          9.659841054118558e-01
    6          9.560420791082191e-01
    7          9.336926490529188e-01
    8          8.957417509061090e-01
    9          8.460146933517779e-01
   10          7.290586216395883e-01
   11          4.975047177399659e-01
   12          3.267099141231106e-01
   13          2.164409522577840e-01
   14          1.603874285268633e-01
   15          1.218035254877991e-01
   16          8.923519103606907e-02
   17          5.682083928074431e-02
   18          3.288758176979555e-02
   19          1.720133827855630e-02
   20          9.570700541764024e-03
   21          5.354806622198950e-03
   22          3.009149030784980e-03
   23          1.610191843773950e-03
   24          9.373495488993113e-04
   25          6.117491511088267e-04
   26          3.591207836638535e-04
   27          2.250240833458852e-04
   28          1.420848530923648e-04
   29          9.172551580038414e-05
   30          5.699742840895489e-05
   31          3.678743166486996e-05
   32          2.461597801992247e-05
   33          1.600946909577708e-05
   34          1.025266834815988e-05
   35          6.860394575521145e-06
   36          4.421595521943406e-06
   37          2.675284460459060e-06
   38          1.630993653292040e-06
   39          1.017419603238267e-06
   40          5.921006216315205e-07
   41          3.689026147072214e-07
   42          2.356610545148034e-07
   43          1.488048855650243e-07
   44          9.679248383238434e-08
   45          6.338580558240961e-08
   46          3.922293853053529e-08
   47          2.486674008336206e-08
   48          1.586770704168488e-08
 --------------------------------- 


 Final ||Ax - b|| norm =  0.000000009528430
 Final energy = 11011.637770791392541

 Bond dimension before truncation: 306
 Bond dimension after truncation: 51
 Updating right boundary for site 7

 MICROITERATION NUMBER = 17  , backward sweep
 - Optimization centered on site: 6
 - Left boundaries taken from index: 6
 - Right boundaries taken from index: 7


 Initial ||Ax - b|| norm =  0.999879350811305

 ------------------------------------- 
 Iteration  | Rel. error estimate      
 ------------------------------------- 
    0          9.998793508113052e-01
    1          9.883187643229506e-01
    2          9.828603101050787e-01
    3          9.785561037682949e-01
    4          9.716306822713792e-01
    5          9.644790619619431e-01
    6          9.489356703020040e-01
    7          9.190160495540193e-01
    8          8.814167436069668e-01
    9          7.830617513495124e-01
   10          5.742102379922364e-01
   11          3.651339319027769e-01
   12          2.363192355692109e-01
   13          1.692873131196119e-01
   14          1.328620525924258e-01
   15          8.747147282441591e-02
   16          5.439860319228870e-02
   17          2.871362943645053e-02
   18          1.377095422529302e-02
   19          7.913756578513804e-03
   20          4.135790363294047e-03
   21          2.103680007566066e-03
   22          1.243009164507653e-03
   23          7.084064579046915e-04
   24          4.332580243963041e-04
   25          2.662591548452532e-04
   26          1.618650762791948e-04
   27          9.894181992080752e-05
   28          6.243672878831660e-05
   29          3.890742469934311e-05
   30          2.400545730517579e-05
   31          1.575177476554183e-05
   32          1.013759316109999e-05
   33          6.077462150323795e-06
   34          3.720677052173037e-06
   35          2.166822838243952e-06
   36          1.224877124149744e-06
   37          6.995773530403290e-07
   38          4.205841266745043e-07
   39          2.513305048837709e-07
   40          1.479008683275720e-07
   41          9.101846444663234e-08
   42          5.627775161888884e-08
   43          3.424396771723068e-08
   44          2.149969980775933e-08
   45          1.321596462023852e-08
   46          7.511330455086768e-09
   47          3.850504238280776e-09
   48          2.033550926610052e-09
 --------------------------------- 


 Final ||Ax - b|| norm =  0.000000001112890
 Final energy = 11011.643959735183671

 Bond dimension before truncation: 306
 Bond dimension after truncation: 51
 Updating right boundary for site 6

 MICROITERATION NUMBER = 18  , backward sweep
 - Optimization centered on site: 5
 - Left boundaries taken from index: 5
 - Right boundaries taken from index: 6


 Initial ||Ax - b|| norm =  0.999868283341427

 ------------------------------------- 
 Iteration  | Rel. error estimate      
 ------------------------------------- 
    0          9.998682833414269e-01
    1          9.883725611303745e-01
    2          9.827178441634350e-01
    3          9.781994727879110e-01
    4          9.707073492817039e-01
    5          9.632732140033536e-01
    6          9.410399538300357e-01
    7          9.097780206725276e-01
    8          8.522474956984983e-01
    9          7.105068177360454e-01
   10          4.743065313713558e-01
   11          3.115610901707802e-01
   12          2.097696475736220e-01
   13          1.622024044510614e-01
   14          1.167384914239541e-01
   15          7.437339470236178e-02
   16          4.146223205918143e-02
   17          2.053017077321045e-02
   18          1.101731968982881e-02
   19          6.221255718054686e-03
   20          3.026706495688957e-03
   21          1.641960608622838e-03
   22          9.647298569827421e-04
   23          5.989576865293273e-04
   24          3.891179416644407e-04
   25          2.555947883361895e-04
   26          1.508228244942446e-04
   27          9.327957055104453e-05
   28          5.705732762333722e-05
   29          3.369872545082965e-05
   30          2.115109528500990e-05
   31          1.391546197155922e-05
   32          8.626028058243397e-06
   33          5.357141334085511e-06
   34          3.056493443329832e-06
   35          1.704632689386701e-06
   36          9.790670720964979e-07
   37          5.769051031835752e-07
   38          3.453648582266635e-07
   39          1.962300476025088e-07
   40          1.127359190624487e-07
   41          6.312246154199808e-08
   42          3.554572509992268e-08
   43          2.084250685704312e-08
   44          1.304891847962603e-08
   45          7.875011027248942e-09
   46          4.528970370671649e-09
   47          2.568274900601742e-09
   48          1.424537061826456e-09
 --------------------------------- 


 Final ||Ax - b|| norm =  0.000000000762659
 Final energy = 11011.648387809218548

 Bond dimension before truncation: 306
 Bond dimension after truncation: 51
 Updating right boundary for site 5

 MICROITERATION NUMBER = 19  , backward sweep
 - Optimization centered on site: 4
 - Left boundaries taken from index: 4
 - Right boundaries taken from index: 5


 Initial ||Ax - b|| norm =  0.999676345324878

 ------------------------------------- 
 Iteration  | Rel. error estimate      
 ------------------------------------- 
    0          9.996763453248783e-01
    1          9.883873503185409e-01
    2          9.825473700149773e-01
    3          9.781413051133145e-01
    4          9.705647799617061e-01
    5          9.626553102705584e-01
    6          9.362323814807634e-01
    7          8.976207238461748e-01
    8          8.235380645083863e-01
    9          6.647236634238672e-01
   10          4.106722221131951e-01
   11          2.582536247705372e-01
   12          1.777905751993689e-01
   13          1.323791660126354e-01
   14          8.957414397250123e-02
   15          5.515178712643811e-02
   16          2.856293346206790e-02
   17          1.494204419269848e-02
   18          8.067390643756842e-03
   19          4.178152231296890e-03
   20          2.094156938743547e-03
   21          1.049287041709523e-03
   22          6.431325747130492e-04
   23          4.231830058837899e-04
   24          2.775005607865761e-04
   25          1.727736764992272e-04
   26          1.004290010069024e-04
   27          5.794252336691362e-05
   28          3.292065543414816e-05
   29          1.955829475256671e-05
   30          1.260330062386340e-05
   31          7.798247506835381e-06
   32          4.839908789644191e-06
   33          2.945652152134024e-06
   34          1.626034158382195e-06
   35          8.893472830852844e-07
   36          5.067632260551769e-07
   37          3.075427220081811e-07
   38          1.870348918934467e-07
   39          1.032312506863181e-07
   40          6.012003728861062e-08
   41          3.379401172606491e-08
   42          1.885234732083097e-08
   43          1.149081766451745e-08
   44          6.921419248547961e-09
   45          4.232074336541292e-09
   46          2.546887898154322e-09
   47          1.438511232906046e-09
   48          8.088097574983811e-10
 --------------------------------- 


 Final ||Ax - b|| norm =  0.000000000410548
 Final energy = 11011.650636779566412

 Bond dimension before truncation: 306
 Bond dimension after truncation: 51
 Updating right boundary for site 4

 MICROITERATION NUMBER = 20  , backward sweep
 - Optimization centered on site: 3
 - Left boundaries taken from index: 3
 - Right boundaries taken from index: 4


 Initial ||Ax - b|| norm =  0.999635256095963

 ------------------------------------- 
 Iteration  | Rel. error estimate      
 ------------------------------------- 
    0          9.996352560959628e-01
    1          9.883484906267432e-01
    2          9.825185463882351e-01
    3          9.781013012343636e-01
    4          9.703301779734314e-01
    5          9.624911274184735e-01
    6          9.351361873450669e-01
    7          8.965407575123375e-01
    8          8.196869380422059e-01
    9          6.619506447566500e-01
   10          4.062055989592299e-01
   11          2.483591933095802e-01
   12          1.753361833816112e-01
   13          1.279772680575787e-01
   14          8.045650851177034e-02
   15          4.708541434761471e-02
   16          2.048881872827663e-02
   17          1.077283266201880e-02
   18          5.500022285760950e-03
   19          2.578592105818484e-03
   20          1.321172387631598e-03
   21          7.283357567854272e-04
   22          4.796506479677473e-04
   23          3.062267441036578e-04
   24          1.912304198906524e-04
   25          1.099794416122404e-04
   26          6.092460950744799e-05
   27          3.375352508302210e-05
   28          1.900559100383932e-05
   29          1.089889694074891e-05
   30          6.563287595227729e-06
   31          4.044457149196093e-06
   32          2.475111380640868e-06
   33          1.282699927433430e-06
   34          6.654726667914331e-07
   35          3.646190588274047e-07
   36          1.977330052219015e-07
   37          1.064706967797920e-07
   38          5.929802545924116e-08
   39          3.578997089670948e-08
   40          2.225742948962224e-08
   41          1.344294029334658e-08
   42          7.309467727927099e-09
   43          3.736174491825815e-09
   44          1.946680414967685e-09
   45          9.864568341627106e-10
   46          5.184571300679103e-10
   47          2.915086130577556e-10
   48          1.573316024703176e-10
 --------------------------------- 


 Final ||Ax - b|| norm =  0.000000000079792
 Final energy = 11011.651664606393751

 Bond dimension before truncation: 306
 Bond dimension after truncation: 51
 Updating right boundary for site 3

 MICROITERATION NUMBER = 21  , backward sweep
 - Optimization centered on site: 2
 - Left boundaries taken from index: 2
 - Right boundaries taken from index: 3


 Initial ||Ax - b|| norm =  0.999439458270665

 ------------------------------------- 
 Iteration  | Rel. error estimate      
 ------------------------------------- 
    0          9.994394582706654e-01
    1          9.875723645217351e-01
    2          9.817601875423416e-01
    3          9.770694548327202e-01
    4          9.687524716380947e-01
    5          9.563200913988534e-01
    6          9.241724641399057e-01
    7          8.647129217508630e-01
    8          7.567975966113460e-01
    9          5.551290268247939e-01
   10          2.942149262865123e-01
   11          2.042751277165599e-01
   12          1.430723143570863e-01
   13          9.909686221540594e-02
   14          6.022387103058015e-02
   15          3.108971008621081e-02
   16          1.511335564503370e-02
   17          8.311933056140976e-03
   18          4.369626038267378e-03
   19          2.418581290532960e-03
   20          1.426655530803901e-03
   21          8.249172134595789e-04
   22          4.621408611611629e-04
   23          2.763382354226789e-04
   24          1.731162318669159e-04
   25          1.054467880902792e-04
   26          6.583986930419915e-05
   27          4.198736786203151e-05
   28          2.210240065746527e-05
   29          1.095076611618610e-05
   30          5.937031233725377e-06
   31          3.155664963771054e-06
   32          1.829565039329430e-06
   33          1.159999482210101e-06
   34          7.226136895407843e-07
   35          4.411648509929833e-07
   36          2.460349058950269e-07
   37          1.271083073890268e-07
   38          5.870337466787317e-08
   39          2.751797332666163e-08
   40          1.462424451323978e-08
   41          7.524483326996509e-09
   42          3.321834762109209e-09
   43          1.679933832249027e-09
   44          1.024385485006106e-09
   45          6.284666754402584e-10
   46          3.998739445923815e-10
   47          2.503592660899586e-10
   48          1.543554712792205e-10
 --------------------------------- 


 Final ||Ax - b|| norm =  0.000000000084637
 Final energy = 11011.654887797776610

 Bond dimension before truncation: 306
 Bond dimension after truncation: 51
 Updating right boundary for site 2

 MICROITERATION NUMBER = 22  , backward sweep
 - Optimization centered on site: 1
 - Left boundaries taken from index: 1
 - Right boundaries taken from index: 2


 Initial ||Ax - b|| norm =  0.999412206160903

 ------------------------------------- 
 Iteration  | Rel. error estimate      
 ------------------------------------- 
    0          9.994122061609026e-01
    1          9.875484938383539e-01
    2          9.816768584801009e-01
    3          9.769908308710958e-01
    4          9.670400025657759e-01
    5          9.529744917290903e-01
    6          9.009319252326061e-01
    7          8.326668008390058e-01
    8          6.332005883404531e-01
    9          3.719103566843674e-01
   10          2.295758776680291e-01
   11          1.549387152051832e-01
   12          1.053374633691937e-01
   13          6.211263533439780e-02
   14          3.117810217997078e-02
   15          1.364481716378054e-02
   16          6.646023184562223e-03
   17          3.431968376567735e-03
   18          1.821478894833727e-03
   19          1.017769158848272e-03
   20          5.677211541498947e-04
   21          3.182452343623840e-04
   22          1.858441616730652e-04
   23          1.025315905231808e-04
   24          6.413001757093623e-05
   25          3.290872490687377e-05
   26          1.614388478737558e-05
   27          7.980651693866513e-06
   28          4.524058083653189e-06
   29          2.717288998833909e-06
   30          1.580942790463770e-06
   31          8.720132505681660e-07
   32          4.243657301681833e-07
   33          2.079051278253840e-07
   34          9.534277620468717e-08
   35          3.901908382576193e-08
   36          1.986582411478833e-08
   37          1.080614227270049e-08
   38          6.492485028538464e-09
   39          3.711468289033546e-09
   40          1.993002242458879e-09
   41          9.881200968872980e-10
   42          5.616725625597587e-10
   43          2.608958462574255e-10
 --------------------------------- 


 Final ||Ax - b|| norm =  0.000000000097638
 Final energy = 11011.654901171685196

 Bond dimension before truncation: 306
 Bond dimension after truncation: 51
 Updating right boundary for site 1

 MICROITERATION NUMBER = 23  , backward sweep
 - Optimization centered on site: 0
 - Left boundaries taken from index: 0
 - Right boundaries taken from index: 1


 Initial ||Ax - b|| norm =  0.999410695367919

 ------------------------------------- 
 Iteration  | Rel. error estimate      
 ------------------------------------- 
    0          9.994106953679189e-01
    1          9.875207166751553e-01
    2          9.816343298554824e-01
    3          9.768115578071557e-01
    4          9.660791643144633e-01
    5          9.452674341688497e-01
    6          8.903873721700094e-01
    7          7.938307991255804e-01
    8          5.055747368108102e-01
    9          2.851390635358482e-01
   10          1.704872171443795e-01
   11          1.142513495437122e-01
   12          5.229262766451000e-02
   13          2.074580867170677e-02
   14          9.244896697100238e-03
   15          4.540963612359707e-03
   16          2.043930347214396e-03
   17          1.097171349163129e-03
   18          5.761339840495048e-04
   19          2.980184268795283e-04
   20          1.538468462032937e-04
   21          8.708360481175463e-05
   22          4.280914475555114e-05
   23          1.839441668998550e-05
   24          8.534298891509763e-06
   25          4.648653880820757e-06
   26          2.526666303751888e-06
   27          1.282940239679170e-06
   28          6.802752066040099e-07
   29          2.971941260330248e-07
   30          1.205474527274715e-07
   31          4.903731594968680e-08
   32          2.591286213550959e-08
   33          1.349180258036735e-08
   34          6.589630238732533e-09
   35          3.642330782847838e-09
   36          1.675245271443284e-09
   37          8.115072977401175e-10
   38          2.664521984558686e-10
 --------------------------------- 


 Final ||Ax - b|| norm =  0.000000000090560
 Final energy = 11011.654901176112617

 Updating right boundary for site 0


 SWEEP NUMBER 3
 ----------------
 - Noise parameter: 0.0000000100
 - Maximum bond dimension: 50
 - Truncation parameter: 0.0000000000

 MICROITERATION NUMBER = 0  , forward sweep
 - Optimization centered on site: 0
 - Left boundaries taken from index: 0
 - Right boundaries taken from index: 1


 Initial ||Ax - b|| norm =  0.999410695367919

 ------------------------------------- 
 Iteration  | Rel. error estimate      
 ------------------------------------- 
    0          9.994106953679189e-01
    1          9.875207166751553e-01
    2          9.816343298554824e-01
    3          9.768115578071557e-01
    4          9.660791643144633e-01
    5          9.452674341688497e-01
    6          8.903873721700094e-01
    7          7.938307991255804e-01
    8          5.055747368108102e-01
    9          2.851390635358482e-01
   10          1.704872171443795e-01
   11          1.142513495437122e-01
   12          5.229262766451000e-02
   13          2.074580867170677e-02
   14          9.244896697100238e-03
   15          4.540963612359707e-03
   16          2.043930347214396e-03
   17          1.097171349163129e-03
   18          5.761339840495048e-04
   19          2.980184268795283e-04
   20          1.538468462032937e-04
   21          8.708360481175463e-05
   22          4.280914475555114e-05
   23          1.839441668998550e-05
   24          8.534298891509763e-06
   25          4.648653880820757e-06
   26          2.526666303751888e-06
   27          1.282940239679170e-06
   28          6.802752066040099e-07
   29          2.971941260330248e-07
   30          1.205474527274715e-07
   31          4.903731594968680e-08
   32          2.591286213550959e-08
   33          1.349180258036735e-08
   34          6.589630238732533e-09
   35          3.642330782847838e-09
   36          1.675245271443284e-09
   37          8.115072977401175e-10
   38          2.664521984558686e-10
 --------------------------------- 


 Final ||Ax - b|| norm =  0.000000000090560
 Final energy = 11011.654901176112617

 Bond dimension before truncation: 6
 Bond dimension after truncation: 6
 Updating left boundary for site 1

 MICROITERATION NUMBER = 1  , forward sweep
 - Optimization centered on site: 1
 - Left boundaries taken from index: 1
 - Right boundaries taken from index: 2


 Initial ||Ax - b|| norm =  0.999412206160902

 ------------------------------------- 
 Iteration  | Rel. error estimate      
 ------------------------------------- 
    0          9.994122061609023e-01
    1          9.875484938383535e-01
    2          9.816768584801000e-01
    3          9.769908308710942e-01
    4          9.670400025657725e-01
    5          9.529744917290839e-01
    6          9.009319252325888e-01
    7          8.326668008389768e-01
    8          6.332005883404065e-01
    9          3.719103566843281e-01
   10          2.295758776680028e-01
   11          1.549387152051652e-01
   12          1.053374633691813e-01
   13          6.211263533439064e-02
   14          3.117810217996724e-02
   15          1.364481716377908e-02
   16          6.646023184561571e-03
   17          3.431968376567428e-03
   18          1.821478894833596e-03
   19          1.017769158848216e-03
   20          5.677211541498710e-04
   21          3.182452343623767e-04
   22          1.858441616730626e-04
   23          1.025315905231800e-04
   24          6.413001757093510e-05
   25          3.290872490687237e-05
   26          1.614388478737468e-05
   27          7.980651693865982e-06
   28          4.524058083652865e-06
   29          2.717288998833702e-06
   30          1.580942790463639e-06
   31          8.720132505680845e-07
   32          4.243657301681392e-07
   33          2.079051278253557e-07
   34          9.534277620465664e-08
   35          3.901908382571804e-08
   36          1.986582411471541e-08
   37          1.080614227255325e-08
   38          6.492485028345302e-09
   39          3.711468288529573e-09
   40          1.993002241371103e-09
   41          9.881200949047820e-10
   42          5.616725613310120e-10
   43          2.608958452089740e-10
 --------------------------------- 


 Final ||Ax - b|| norm =  0.000000000097646
 Final energy = 11011.654901171648817

 Bond dimension before truncation: 36
 Bond dimension after truncation: 36
 Updating left boundary for site 2

 MICROITERATION NUMBER = 2  , forward sweep
 - Optimization centered on site: 2
 - Left boundaries taken from index: 2
 - Right boundaries taken from index: 3


 Initial ||Ax - b|| norm =  0.999439458270664

 ------------------------------------- 
 Iteration  | Rel. error estimate      
 ------------------------------------- 
    0          9.994394582706645e-01
    1          9.875723645217392e-01
    2          9.817601875423512e-01
    3          9.770694548327392e-01
    4          9.687524716381367e-01
    5          9.563200913989338e-01
    6          9.241724641400846e-01
    7          8.647129217512025e-01
    8          7.567975966118947e-01
    9          5.551290268254799e-01
   10          2.942149262869986e-01
   11          2.042751277169160e-01
   12          1.430723143573430e-01
   13          9.909686221558653e-02
   14          6.022387103069173e-02
   15          3.108971008626908e-02
   16          1.511335564506236e-02
   17          8.311933056157090e-03
   18          4.369626038276021e-03
   19          2.418581290537675e-03
   20          1.426655530806629e-03
   21          8.249172134611541e-04
   22          4.621408611620491e-04
   23          2.763382354232081e-04
   24          1.731162318672485e-04
   25          1.054467880904817e-04
   26          6.583986930432555e-05
   27          4.198736786211194e-05
   28          2.210240065750765e-05
   29          1.095076611620693e-05
   30          5.937031233736569e-06
   31          3.155664963776893e-06
   32          1.829565039332702e-06
   33          1.159999482212029e-06
   34          7.226136895417945e-07
   35          4.411648509930594e-07
   36          2.460349058943654e-07
   37          1.271083073871180e-07
   38          5.870337465888992e-08
   39          2.751797331163673e-08
   40          1.462424449757406e-08
   41          7.524483301915304e-09
   42          3.321834725016172e-09
   43          1.679933762978284e-09
   44          1.024385412801826e-09
   45          6.284666149731005e-10
   46          3.998739205689298e-10
   47          2.503592657742509e-10
   48          1.543554764233972e-10
 --------------------------------- 


 Final ||Ax - b|| norm =  0.000000000084650
 Final energy = 11011.654887797782067

 Bond dimension before truncation: 216
 Bond dimension after truncation: 51
 Updating left boundary for site 3

 MICROITERATION NUMBER = 3  , forward sweep
 - Optimization centered on site: 3
 - Left boundaries taken from index: 3
 - Right boundaries taken from index: 4


 Initial ||Ax - b|| norm =  0.999635256103842

 ------------------------------------- 
 Iteration  | Rel. error estimate      
 ------------------------------------- 
    0          9.996352561038424e-01
    1          9.883484905690878e-01
    2          9.825185462517423e-01
    3          9.781012994198041e-01
    4          9.703300981033196e-01
    5          9.624908711267454e-01
    6          9.351306603358370e-01
    7          8.965317599647840e-01
    8          8.196518341427290e-01
    9          6.618496513897737e-01
   10          4.060863362509041e-01
   11          2.482834192487592e-01
   12          1.753009967024358e-01
   13          1.279533035903718e-01
   14          8.045076567016990e-02
   15          4.707418093451887e-02
   16          2.048541104467052e-02
   17          1.077016125327102e-02
   18          5.497210013717185e-03
   19          2.578303018927533e-03
   20          1.320936926450595e-03
   21          7.283480583381014e-04
   22          4.797628674649420e-04
   23          3.063278585065368e-04
   24          1.914246500021990e-04
   25          1.101974060946458e-04
   26          6.098025155496032e-05
   27          3.376744216275319e-05
   28          1.900238254424944e-05
   29          1.089163628401955e-05
   30          6.559817689621000e-06
   31          4.041628485699047e-06
   32          2.470810408085042e-06
   33          1.280189326785931e-06
   34          6.637691924813374e-07
   35          3.636231275761652e-07
   36          1.972108368071235e-07
   37          1.060875094033846e-07
   38          5.901059070506276e-08
   39          3.560233782126683e-08
   40          2.212709587113203e-08
   41          1.337418333961647e-08
   42          7.263375568533600e-09
   43          3.708175529408623e-09
   44          1.920054679650007e-09
   45          9.604075511562211e-10
   46          5.016799547840918e-10
   47          2.822221908668479e-10
   48          1.533924478727111e-10
 --------------------------------- 


 Final ||Ax - b|| norm =  0.000000000078065
 Final energy = 11011.651664439610613

 Bond dimension before truncation: 306
 Bond dimension after truncation: 51
 Updating left boundary for site 4

 MICROITERATION NUMBER = 4  , forward sweep
 - Optimization centered on site: 4
 - Left boundaries taken from index: 4
 - Right boundaries taken from index: 5


 Initial ||Ax - b|| norm =  0.999676345265517

 ------------------------------------- 
 Iteration  | Rel. error estimate      
 ------------------------------------- 
    0          9.996763452655174e-01
    1          9.883873502009392e-01
    2          9.825473693162874e-01
    3          9.781412996356951e-01
    4          9.705646384876301e-01
    5          9.626551439032437e-01
    6          9.362324446901495e-01
    7          8.976211126348813e-01
    8          8.235358073513180e-01
    9          6.647384070146890e-01
   10          4.106680433555462e-01
   11          2.582497465469107e-01
   12          1.777936595035658e-01
   13          1.323746085871145e-01
   14          8.957620040820670e-02
   15          5.516046883103776e-02
   16          2.857148919935688e-02
   17          1.494418737690540e-02
   18          8.068280901269737e-03
   19          4.178552018452881e-03
   20          2.094267161792054e-03
   21          1.049324759975545e-03
   22          6.431196343038174e-04
   23          4.231738928270224e-04
   24          2.774959765104024e-04
   25          1.727493387987633e-04
   26          1.004204231408028e-04
   27          5.792874366809609e-05
   28          3.290056715689779e-05
   29          1.954563090044160e-05
   30          1.259357060499154e-05
   31          7.792682498938379e-06
   32          4.836900062574078e-06
   33          2.943765957192524e-06
   34          1.624859710067756e-06
   35          8.889137970512896e-07
   36          5.066114051160137e-07
   37          3.075146332064037e-07
   38          1.870320242003057e-07
   39          1.032335753351164e-07
   40          6.012840026297160e-08
   41          3.379224629117406e-08
   42          1.885053303089118e-08
   43          1.149065383509339e-08
   44          6.921310346742091e-09
   45          4.232609332651978e-09
   46          2.547161873021454e-09
   47          1.438967353838123e-09
   48          8.090700700415787e-10
 --------------------------------- 


 Final ||Ax - b|| norm =  0.000000000410638
 Final energy = 11011.650636719134127

 Bond dimension before truncation: 306
 Bond dimension after truncation: 51
 Updating left boundary for site 5

 MICROITERATION NUMBER = 5  , forward sweep
 - Optimization centered on site: 5
 - Left boundaries taken from index: 5
 - Right boundaries taken from index: 6


 Initial ||Ax - b|| norm =  0.999868283538623

 ------------------------------------- 
 Iteration  | Rel. error estimate      
 ------------------------------------- 
    0          9.998682835386229e-01
    1          9.883725578267021e-01
    2          9.827177829273843e-01
    3          9.781993058132666e-01
    4          9.707018596104973e-01
    5          9.632694650883841e-01
    6          9.410348928792814e-01
    7          9.097491663561000e-01
    8          8.522555636535011e-01
    9          7.104151982094317e-01
   10          4.741450053478086e-01
   11          3.117143823780595e-01
   12          2.096880121437752e-01
   13          1.622411915840550e-01
   14          1.166912752043274e-01
   15          7.442481995437168e-02
   16          4.145371189002384e-02
   17          2.054945149671836e-02
   18          1.101096979143419e-02
   19          6.221607035048966e-03
   20          3.027090380832037e-03
   21          1.636972738521585e-03
   22          9.638436098182578e-04
   23          5.967998729672828e-04
   24          3.881447913030793e-04
   25          2.548970188291515e-04
   26          1.498537266557840e-04
   27          9.269826201892632e-05
   28          5.677362984908406e-05
   29          3.361821618173986e-05
   30          2.112478944768141e-05
   31          1.391976485567737e-05
   32          8.628827232713344e-06
   33          5.356425594129469e-06
   34          3.048690428699182e-06
   35          1.693173011568417e-06
   36          9.705149348505175e-07
   37          5.723540803693762e-07
   38          3.402721117373572e-07
   39          1.938058784573496e-07
   40          1.106237548190072e-07
   41          6.177353914988452e-08
   42          3.492181416858452e-08
   43          2.050024424619452e-08
   44          1.286462550478744e-08
   45          7.775645118639392e-09
   46          4.479315917037553e-09
   47          2.539724566161682e-09
   48          1.413584151369075e-09
 --------------------------------- 


 Final ||Ax - b|| norm =  0.000000000756854
 Final energy = 11011.648381376535326

 Bond dimension before truncation: 306
 Bond dimension after truncation: 51
 Updating left boundary for site 6

 MICROITERATION NUMBER = 6  , forward sweep
 - Optimization centered on site: 6
 - Left boundaries taken from index: 6
 - Right boundaries taken from index: 7


 Initial ||Ax - b|| norm =  0.999879261718942

 ------------------------------------- 
 Iteration  | Rel. error estimate      
 ------------------------------------- 
    0          9.998792617189417e-01
    1          9.883186664221837e-01
    2          9.828601906170651e-01
    3          9.785563308227549e-01
    4          9.716322757330906e-01
    5          9.644802712171424e-01
    6          9.489414027871831e-01
    7          9.190312974536052e-01
    8          8.814372385601563e-01
    9          7.832115245209506e-01
   10          5.746758474483479e-01
   11          3.657717455142713e-01
   12          2.368456713321098e-01
   13          1.695552177344596e-01
   14          1.329288616128186e-01
   15          8.737126298373321e-02
   16          5.424542713663614e-02
   17          2.859539581435010e-02
   18          1.370956385773124e-02
   19          7.880230229602060e-03
   20          4.120553907280127e-03
   21          2.095315649133261e-03
   22          1.239123457612701e-03
   23          7.047571108560318e-04
   24          4.314319336947195e-04
   25          2.650673229187556e-04
   26          1.611080491471221e-04
   27          9.827490522019191e-05
   28          6.203187447610113e-05
   29          3.867258865433368e-05
   30          2.384634076850798e-05
   31          1.565317531029763e-05
   32          1.007434670460013e-05
   33          6.047586501979531e-06
   34          3.702548005561784e-06
   35          2.156107193643537e-06
   36          1.216749648104624e-06
   37          6.937537339397524e-07
   38          4.173457159490023e-07
   39          2.494308118874943e-07
   40          1.463855579884276e-07
   41          9.001166424697297e-08
   42          5.562672553256407e-08
   43          3.381706107247864e-08
   44          2.124561538472372e-08
   45          1.310360653972144e-08
   46          7.449253400118417e-09
   47          3.806380042082735e-09
   48          1.988760886114108e-09
 --------------------------------- 


 Final ||Ax - b|| norm =  0.000000001052574
 Final energy = 11011.643754559529043

 Bond dimension before truncation: 306
 Bond dimension after truncation: 51
 Updating left boundary for site 7

 MICROITERATION NUMBER = 7  , forward sweep
 - Optimization centered on site: 7
 - Left boundaries taken from index: 7
 - Right boundaries taken from index: 8


 Initial ||Ax - b|| norm =  0.999910728235003

 ------------------------------------- 
 Iteration  | Rel. error estimate      
 ------------------------------------- 
    0          9.999107282350032e-01
    1          9.882779372402428e-01
    2          9.826505351628918e-01
    3          9.790495184417249e-01
    4          9.735610004447446e-01
    5          9.659841341166282e-01
    6          9.560530619445876e-01
    7          9.337635172150315e-01
    8          8.957703022043918e-01
    9          8.459426627520695e-01
   10          7.286759012286178e-01
   11          4.970943622920044e-01
   12          3.267020200825961e-01
   13          2.164568691981761e-01
   14          1.605219455532722e-01
   15          1.218260550308371e-01
   16          8.931072575483266e-02
   17          5.695077968093833e-02
   18          3.308660573190267e-02
   19          1.742266445984969e-02
   20          9.726614090917494e-03
   21          5.451952235784494e-03
   22          3.062943426167655e-03
   23          1.637828938469554e-03
   24          9.484459274012861e-04
   25          6.178264453533966e-04
   26          3.628516982501353e-04
   27          2.277157680606626e-04
   28          1.438230387972244e-04
   29          9.226298681842945e-05
   30          5.700525730011158e-05
   31          3.657830692383851e-05
   32          2.449123936689438e-05
   33          1.600537354005530e-05
   34          1.025404516025984e-05
   35          6.839863148511500e-06
   36          4.402274607179309e-06
   37          2.662324699513424e-06
   38          1.633690027594105e-06
   39          1.029295279554246e-06
   40          6.022521536297264e-07
   41          3.734987246377230e-07
   42          2.365344220479207e-07
   43          1.484960289170149e-07
   44          9.650981328727423e-08
   45          6.333918189662313e-08
   46          3.909655872323978e-08
   47          2.452194261560084e-08
   48          1.543248861327215e-08
 --------------------------------- 


 Final ||Ax - b|| norm =  0.000000009212697
 Final energy = 11011.637302864699450

 Bond dimension before truncation: 306
 Bond dimension after truncation: 51
 Updating left boundary for site 8

 MICROITERATION NUMBER = 8  , forward sweep
 - Optimization centered on site: 8
 - Left boundaries taken from index: 8
 - Right boundaries taken from index: 9


 Initial ||Ax - b|| norm =  0.999793551115307

 ------------------------------------- 
 Iteration  | Rel. error estimate      
 ------------------------------------- 
    0          9.997935511153065e-01
    1          9.884092735414974e-01
    2          9.831471976515256e-01
    3          9.803217937904039e-01
    4          9.778308491735784e-01
    5          9.745150389396022e-01
    6          9.697670361120092e-01
    7          9.637051076783271e-01
    8          9.546573574489666e-01
    9          9.427898552290256e-01
   10          9.184867048987180e-01
   11          8.821247372288167e-01
   12          8.351032788352972e-01
   13          7.660551104075153e-01
   14          6.508806120291568e-01
   15          4.484230729272996e-01
   16          2.881188725022702e-01
   17          2.152407076110439e-01
   18          1.758746626924962e-01
   19          1.373554690839105e-01
   20          1.074475123307284e-01
   21          8.670547667976544e-02
   22          6.440420617471415e-02
   23          4.028428306379484e-02
   24          2.457213451605640e-02
   25          1.521534664408634e-02
   26          9.525456654103042e-03
   27          5.871954047363656e-03
   28          3.761460180542034e-03
   29          2.413290200608862e-03
   30          1.546995766972600e-03
   31          1.005589125693081e-03
   32          6.512355053375275e-04
   33          4.528364993744461e-04
   34          3.176549853130277e-04
   35          2.195333582635172e-04
   36          1.526928872283854e-04
   37          1.025188251673019e-04
   38          7.300195817555243e-05
   39          5.350557434013776e-05
   40          3.912758724477366e-05
   41          2.836602110164964e-05
   42          2.070627291086144e-05
   43          1.568074195160601e-05
   44          1.106012966554353e-05
   45          7.266900936234762e-06
   46          4.834747967858935e-06
   47          3.048650654546106e-06
   48          1.920578293940297e-06
 --------------------------------- 


 Final ||Ax - b|| norm =  0.000001154045046
 Final energy = 11011.637320745070610

 Bond dimension before truncation: 306
 Bond dimension after truncation: 51
 Updating left boundary for site 9

 MICROITERATION NUMBER = 9  , forward sweep
 - Optimization centered on site: 9
 - Left boundaries taken from index: 9
 - Right boundaries taken from index: 10


 Initial ||Ax - b|| norm =  0.999700825267167

 ------------------------------------- 
 Iteration  | Rel. error estimate      
 ------------------------------------- 
    0          9.997008252671674e-01
    1          9.883928089108668e-01
    2          9.832333526623290e-01
    3          9.806241945266245e-01
    4          9.787786413884829e-01
    5          9.768461451848139e-01
    6          9.745120135708675e-01
    7          9.716403184398112e-01
    8          9.680380543920462e-01
    9          9.632512891755458e-01
   10          9.567921446768352e-01
   11          9.477767172330311e-01
   12          9.337570083637402e-01
   13          9.100557552445317e-01
   14          8.787747237246306e-01
   15          8.382348776095868e-01
   16          7.896573919478712e-01
   17          7.217068727775697e-01
   18          6.136509098445324e-01
   19          4.758245703649641e-01
   20          3.338844985855087e-01
   21          2.298222627728931e-01
   22          1.765126193799844e-01
   23          1.499589725924395e-01
   24          1.297738814908203e-01
   25          1.074074371732553e-01
   26          8.730091952852073e-02
   27          7.065114047243946e-02
   28          5.918205517496972e-02
   29          4.968385491526013e-02
   30          3.567671049771552e-02
   31          2.216188647856660e-02
   32          1.438571137026364e-02
   33          1.057695540210134e-02
   34          8.212684943148195e-03
   35          6.051994746409758e-03
   36          4.361926567049211e-03
   37          3.178905571664303e-03
   38          2.220958396507863e-03
   39          1.542900044117872e-03
   40          1.140094523801736e-03
   41          9.008006338079768e-04
   42          6.819478289475076e-04
   43          5.176732467593615e-04
   44          4.100223715299420e-04
   45          3.258404110184071e-04
   46          2.528966988709386e-04
   47          2.045166964862078e-04
   48          1.664614895853073e-04
 --------------------------------- 


 Final ||Ax - b|| norm =  0.000130436854607
 Final energy = 11011.639273729653723

 Bond dimension before truncation: 306
 Bond dimension after truncation: 51
 Updating left boundary for site 10

 MICROITERATION NUMBER = 10  , forward sweep
 - Optimization centered on site: 10
 - Left boundaries taken from index: 10
 - Right boundaries taken from index: 11


 Initial ||Ax - b|| norm =  0.998121640441570

 ------------------------------------- 
 Iteration  | Rel. error estimate      
 ------------------------------------- 
    0          9.981216404415697e-01
    1          9.894929137873097e-01
    2          9.840337649537556e-01
    3          9.810811611931826e-01
    4          9.788070608460352e-01
    5          9.758936921940318e-01
    6          9.716160340315811e-01
    7          9.647536736809886e-01
    8          9.544867938886161e-01
    9          9.362368120963833e-01
   10          9.108120771109394e-01
   11          8.664452100460386e-01
   12          7.873764338015694e-01
   13          6.858184821889116e-01
   14          5.364697204347079e-01
   15          3.462538793933405e-01
   16          2.018129180621263e-01
   17          1.142494571497250e-01
   18          7.266906010379978e-02
   19          3.655494568867007e-02
   20          2.193052667966340e-02
   21          1.395579302487084e-02
   22          8.795111525579781e-03
   23          5.486433680250244e-03
   24          3.863918172007196e-03
   25          2.900253235080307e-03
   26          2.013416694438614e-03
   27          1.209414511659479e-03
   28          7.468599103974545e-04
   29          4.232707682161164e-04
   30          2.443281637788504e-04
   31          1.428577198078260e-04
   32          8.324623447117714e-05
   33          4.249737601957177e-05
   34          2.453098096625460e-05
   35          1.545681462821492e-05
   36          1.032461962176228e-05
   37          6.964291234863047e-06
   38          3.840744307750560e-06
   39          1.697026579957743e-06
   40          7.790856410896998e-07
   41          3.847493846900526e-07
   42          2.122530268562498e-07
   43          1.296267413689657e-07
   44          7.839840809449583e-08
   45          4.952662090365635e-08
   46          3.400833156605072e-08
   47          2.246964753320630e-08
   48          1.603957380729397e-08
 --------------------------------- 


 Final ||Ax - b|| norm =  0.000000013217352
 Final energy = 11011.639520865126542

 Bond dimension before truncation: 306
 Bond dimension after truncation: 51
 Updating left boundary for site 11

 MICROITERATION NUMBER = 11  , forward sweep
 - Optimization centered on site: 11
 - Left boundaries taken from index: 11
 - Right boundaries taken from index: 12


 Initial ||Ax - b|| norm =  0.998121640441564

 ------------------------------------- 
 Iteration  | Rel. error estimate      
 ------------------------------------- 
    0          9.981216404415642e-01
    1          9.893320213480058e-01
    2          9.836414090561970e-01
    3          9.807448154531005e-01
    4          9.782748316057792e-01
    5          9.744511764205651e-01
    6          9.674570977985160e-01
    7          9.564239498216206e-01
    8          9.367694432121864e-01
    9          9.089658012804921e-01
   10          8.490124778659758e-01
   11          7.551632685079646e-01
   12          6.277264772378557e-01
   13          4.628312591287787e-01
   14          2.864760319426330e-01
   15          1.526184328137299e-01
   16          8.863647199159194e-02
   17          5.359328843139239e-02
   18          2.863084108737828e-02
   19          1.550536351769333e-02
   20          8.799906866684281e-03
   21          5.771065987474349e-03
   22          3.967783855601397e-03
   23          2.546341326999110e-03
   24          1.471804868127594e-03
   25          7.606206682554072e-04
   26          3.844745636675654e-04
   27          2.140641545199975e-04
   28          1.274521728174396e-04
   29          7.091131808907405e-05
   30          3.938720466143269e-05
   31          2.621358759725643e-05
   32          2.055913387405288e-05
   33          1.653285107792213e-05
   34          1.319816020427093e-05
   35          1.041693575889249e-05
   36          7.769342273402252e-06
   37          5.086148638973902e-06
   38          3.153886375618745e-06
   39          2.144447728010959e-06
   40          1.555909711521994e-06
   41          1.166962687976151e-06
   42          7.786948771848030e-07
   43          4.440286706340597e-07
   44          2.553578734365914e-07
   45          1.416436709734033e-07
   46          7.088929965348330e-08
   47          2.872561163105288e-08
   48          1.159811092282099e-08
 --------------------------------- 


 Final ||Ax - b|| norm =  0.000000005651602
 Final energy = 11011.639520865130180

 Updating left boundary for site 12

 MICROITERATION NUMBER = 12  , backward sweep
 - Optimization centered on site: 11
 - Left boundaries taken from index: 11
 - Right boundaries taken from index: 12


 Initial ||Ax - b|| norm =  0.998121640441564

 ------------------------------------- 
 Iteration  | Rel. error estimate      
 ------------------------------------- 
    0          9.981216404415642e-01
    1          9.893320213480058e-01
    2          9.836414090561970e-01
    3          9.807448154531005e-01
    4          9.782748316057792e-01
    5          9.744511764205651e-01
    6          9.674570977985160e-01
    7          9.564239498216206e-01
    8          9.367694432121864e-01
    9          9.089658012804921e-01
   10          8.490124778659758e-01
   11          7.551632685079646e-01
   12          6.277264772378557e-01
   13          4.628312591287787e-01
   14          2.864760319426330e-01
   15          1.526184328137299e-01
   16          8.863647199159194e-02
   17          5.359328843139239e-02
   18          2.863084108737828e-02
   19          1.550536351769333e-02
   20          8.799906866684281e-03
   21          5.771065987474349e-03
   22          3.967783855601397e-03
   23          2.546341326999110e-03
   24          1.471804868127594e-03
   25          7.606206682554072e-04
   26          3.844745636675654e-04
   27          2.140641545199975e-04
   28          1.274521728174396e-04
   29          7.091131808907405e-05
   30          3.938720466143269e-05
   31          2.621358759725643e-05
   32          2.055913387405288e-05
   33          1.653285107792213e-05
   34          1.319816020427093e-05
   35          1.041693575889249e-05
   36          7.769342273402252e-06
   37          5.086148638973902e-06
   38          3.153886375618745e-06
   39          2.144447728010959e-06
   40          1.555909711521994e-06
   41          1.166962687976151e-06
   42          7.786948771848030e-07
   43          4.440286706340597e-07
   44          2.553578734365914e-07
   45          1.416436709734033e-07
   46          7.088929965348330e-08
   47          2.872561163105288e-08
   48          1.159811092282099e-08
 --------------------------------- 


 Final ||Ax - b|| norm =  0.000000005651602
 Final energy = 11011.639520865130180

 Bond dimension before truncation: 6
 Bond dimension after truncation: 6
 Updating right boundary for site 11

 MICROITERATION NUMBER = 13  , backward sweep
 - Optimization centered on site: 10
 - Left boundaries taken from index: 10
 - Right boundaries taken from index: 11


 Initial ||Ax - b|| norm =  0.998121640441570

 ------------------------------------- 
 Iteration  | Rel. error estimate      
 ------------------------------------- 
    0          9.981216404415703e-01
    1          9.894929137873086e-01
    2          9.840337649537534e-01
    3          9.810811611931792e-01
    4          9.788070608460305e-01
    5          9.758936921940252e-01
    6          9.716160340315716e-01
    7          9.647536736809739e-01
    8          9.544867938885935e-01
    9          9.362368120963466e-01
   10          9.108120771108840e-01
   11          8.664452100459538e-01
   12          7.873764338014431e-01
   13          6.858184821887517e-01
   14          5.364697204345357e-01
   15          3.462538793932025e-01
   16          2.018129180620380e-01
   17          1.142494571496732e-01
   18          7.266906010376659e-02
   19          3.655494568865336e-02
   20          2.193052667965337e-02
   21          1.395579302486452e-02
   22          8.795111525575846e-03
   23          5.486433680247834e-03
   24          3.863918172005513e-03
   25          2.900253235079037e-03
   26          2.013416694437705e-03
   27          1.209414511658873e-03
   28          7.468599103968034e-04
   29          4.232707682146072e-04
   30          2.443281637747804e-04
   31          1.428577198049557e-04
   32          8.324623447039275e-05
   33          4.249737601952054e-05
   34          2.453098096624253e-05
   35          1.545681462820318e-05
   36          1.032461962173776e-05
   37          6.964291234846417e-06
   38          3.840744307746805e-06
   39          1.697026579956708e-06
   40          7.790856410891752e-07
   41          3.847493846893955e-07
   42          2.122530268553429e-07
   43          1.296267413672204e-07
   44          7.839840808814222e-08
   45          4.952662089037017e-08
   46          3.400833156287230e-08
   47          2.246964753264844e-08
   48          1.603957380655509e-08
 --------------------------------- 


 Final ||Ax - b|| norm =  0.000000013217354
 Final energy = 11011.639520865141094

 Bond dimension before truncation: 36
 Bond dimension after truncation: 36
 Updating right boundary for site 10

 MICROITERATION NUMBER = 14  , backward sweep
 - Optimization centered on site: 9
 - Left boundaries taken from index: 9
 - Right boundaries taken from index: 10


 Initial ||Ax - b|| norm =  0.999700825267168

 ------------------------------------- 
 Iteration  | Rel. error estimate      
 ------------------------------------- 
    0          9.997008252671679e-01
    1          9.883928089108661e-01
    2          9.832333526623279e-01
    3          9.806241945266226e-01
    4          9.787786413884804e-01
    5          9.768461451848109e-01
    6          9.745120135708636e-01
    7          9.716403184398060e-01
    8          9.680380543920394e-01
    9          9.632512891755369e-01
   10          9.567921446768228e-01
   11          9.477767172330146e-01
   12          9.337570083637169e-01
   13          9.100557552444980e-01
   14          8.787747237245840e-01
   15          8.382348776095256e-01
   16          7.896573919477947e-01
   17          7.217068727774756e-01
   18          6.136509098444236e-01
   19          4.758245703648583e-01
   20          3.338844985854216e-01
   21          2.298222627728245e-01
   22          1.765126193799150e-01
   23          1.499589725923245e-01
   24          1.297738814903926e-01
   25          1.074074371692898e-01
   26          8.730091950601471e-02
   27          7.065114038139882e-02
   28          5.918205477592928e-02
   29          4.968385470378281e-02
   30          3.567671046209523e-02
   31          2.216188646114359e-02
   32          1.438571130857359e-02
   33          1.057695511562474e-02
   34          8.212684077634976e-03
   35          6.051994406633189e-03
   36          4.361926529617481e-03
   37          3.178905569488333e-03
   38          2.220958395567028e-03
   39          1.542900041269711e-03
   40          1.140094517602576e-03
   41          9.008006310239736e-04
   42          6.819478290321826e-04
   43          5.176732500259735e-04
   44          4.100223896416263e-04
   45          3.258404776648063e-04
   46          2.528971777904421e-04
   47          2.045186820697465e-04
   48          1.664620860851411e-04
 --------------------------------- 


 Final ||Ax - b|| norm =  0.000130436900375
 Final energy = 11011.639273729677370

 Bond dimension before truncation: 216
 Bond dimension after truncation: 51
 Updating right boundary for site 9

 MICROITERATION NUMBER = 15  , backward sweep
 - Optimization centered on site: 8
 - Left boundaries taken from index: 8
 - Right boundaries taken from index: 9


 Initial ||Ax - b|| norm =  0.999793554379986

 ------------------------------------- 
 Iteration  | Rel. error estimate      
 ------------------------------------- 
    0          9.997935543799862e-01
    1          9.884092663278717e-01
    2          9.831471889888004e-01
    3          9.803216758856849e-01
    4          9.778306591562249e-01
    5          9.745147232267958e-01
    6          9.697665842797937e-01
    7          9.637048195484079e-01
    8          9.546603665217188e-01
    9          9.427901062759186e-01
   10          9.184845745799979e-01
   11          8.821209722099072e-01
   12          8.351018239966597e-01
   13          7.660639893914785e-01
   14          6.508890209820521e-01
   15          4.483844928152675e-01
   16          2.881092984599916e-01
   17          2.152380522609683e-01
   18          1.758698712269365e-01
   19          1.373494231174772e-01
   20          1.074387510234156e-01
   21          8.670282962943697e-02
   22          6.441239582201112e-02
   23          4.028219256011017e-02
   24          2.456816371810010e-02
   25          1.521347371510517e-02
   26          9.523555918139991e-03
   27          5.871122511105559e-03
   28          3.761336411075638e-03
   29          2.413197411502556e-03
   30          1.546872008777038e-03
   31          1.005417488399756e-03
   32          6.511421061263282e-04
   33          4.527814713596761e-04
   34          3.176352043488507e-04
   35          2.195298342851241e-04
   36          1.526755221529340e-04
   37          1.025017944473914e-04
   38          7.298854114054555e-05
   39          5.349963615274555e-05
   40          3.912604317608716e-05
   41          2.836447669711737e-05
   42          2.070405188714320e-05
   43          1.567867386104587e-05
   44          1.105923398480276e-05
   45          7.266107506714476e-06
   46          4.834109692810887e-06
   47          3.047943497820218e-06
   48          1.920082749716194e-06
 --------------------------------- 


 Final ||Ax - b|| norm =  0.000001153919134
 Final energy = 11011.637320384370469

 Bond dimension before truncation: 306
 Bond dimension after truncation: 51
 Updating right boundary for site 8

 MICROITERATION NUMBER = 16  , backward sweep
 - Optimization centered on site: 7
 - Left boundaries taken from index: 7
 - Right boundaries taken from index: 8


 Initial ||Ax - b|| norm =  0.999910739924124

 ------------------------------------- 
 Iteration  | Rel. error estimate      
 ------------------------------------- 
    0          9.999107399241245e-01
    1          9.882781216582879e-01
    2          9.826504204736484e-01
    3          9.790482966176385e-01
    4          9.735532322067444e-01
    5          9.659852082130134e-01
    6          9.560315875980202e-01
    7          9.337488709536883e-01
    8          8.957105775090957e-01
    9          8.458493085087621e-01
   10          7.284063286655970e-01
   11          4.968186944408515e-01
   12          3.263219120179482e-01
   13          2.162742673843187e-01
   14          1.604139627987713e-01
   15          1.217168352141602e-01
   16          8.923023520276813e-02
   17          5.686607049636470e-02
   18          3.301778654950120e-02
   19          1.738797343428097e-02
   20          9.711027464172526e-03
   21          5.439179333951951e-03
   22          3.057049037438345e-03
   23          1.634254400024605e-03
   24          9.468533451313804e-04
   25          6.165194930093546e-04
   26          3.621738766564072e-04
   27          2.272273245454691e-04
   28          1.435507377757478e-04
   29          9.207505285675986e-05
   30          5.686795270153846e-05
   31          3.650137171437962e-05
   32          2.443499576541915e-05
   33          1.596930852661720e-05
   34          1.023231446679944e-05
   35          6.824177695853372e-06
   36          4.391047806649505e-06
   37          2.654769663052505e-06
   38          1.628652061328228e-06
   39          1.026026761599933e-06
   40          6.000019638540289e-07
   41          3.720912085109911e-07
   42          2.357176227501275e-07
   43          1.479455228822811e-07
   44          9.618502090610004e-08
   45          6.310803143076430e-08
   46          3.894802116321128e-08
   47          2.441684368203359e-08
   48          1.536875495576384e-08
 --------------------------------- 


 Final ||Ax - b|| norm =  0.000000009172126
 Final energy = 11011.637301950964684

 Bond dimension before truncation: 306
 Bond dimension after truncation: 51
 Updating right boundary for site 7

 MICROITERATION NUMBER = 17  , backward sweep
 - Optimization centered on site: 6
 - Left boundaries taken from index: 6
 - Right boundaries taken from index: 7


 Initial ||Ax - b|| norm =  0.999879245116262

 ------------------------------------- 
 Iteration  | Rel. error estimate      
 ------------------------------------- 
    0          9.998792451162619e-01
    1          9.883174538962048e-01
    2          9.828713337623863e-01
    3          9.785747600830810e-01
    4          9.716617873772612e-01
    5          9.645432537761947e-01
    6          9.491135257062912e-01
    7          9.194173446239681e-01
    8          8.819495729739466e-01
    9          7.852414120800388e-01
   10          5.776450645854154e-01
   11          3.682679762981224e-01
   12          2.382313536677858e-01
   13          1.704488724982188e-01
   14          1.336471639401131e-01
   15          8.821948478854952e-02
   16          5.490315548881099e-02
   17          2.906745281588296e-02
   18          1.391409180560466e-02
   19          8.004497752797301e-03
   20          4.192268225076526e-03
   21          2.137344143782620e-03
   22          1.258409705340272e-03
   23          7.177811414842276e-04
   24          4.386772069447521e-04
   25          2.702534635380642e-04
   26          1.637370140747298e-04
   27          1.005212112112291e-04
   28          6.312459935609382e-05
   29          3.945344172047890e-05
   30          2.436968411575906e-05
   31          1.590593237254945e-05
   32          1.030656216924626e-05
   33          6.209232293195236e-06
   34          3.791443984320951e-06
   35          2.222127361980742e-06
   36          1.254376634850022e-06
   37          7.144274459831447e-07
   38          4.289638824043527e-07
   39          2.571740804687985e-07
   40          1.505939163319450e-07
   41          9.232874830842949e-08
   42          5.738493474989364e-08
   43          3.471783040255623e-08
   44          2.187295440139323e-08
   45          1.354373166826490e-08
   46          7.759610642737929e-09
   47          3.976515413000203e-09
   48          2.087091193785436e-09
 --------------------------------- 


 Final ||Ax - b|| norm =  0.000000001104367
 Final energy = 11011.643420087779305

 Bond dimension before truncation: 306
 Bond dimension after truncation: 51
 Updating right boundary for site 6

 MICROITERATION NUMBER = 18  , backward sweep
 - Optimization centered on site: 5
 - Left boundaries taken from index: 5
 - Right boundaries taken from index: 6


 Initial ||Ax - b|| norm =  0.999868242590167

 ------------------------------------- 
 Iteration  | Rel. error estimate      
 ------------------------------------- 
    0          9.998682425901669e-01
    1          9.883767176087754e-01
    2          9.827258822798519e-01
    3          9.782073287927058e-01
    4          9.707295157914256e-01
    5          9.633026522082844e-01
    6          9.412648737515077e-01
    7          9.099850568785470e-01
    8          8.530731748437971e-01
    9          7.123898204082905e-01
   10          4.763569166560493e-01
   11          3.127078018850615e-01
   12          2.104702580464396e-01
   13          1.626698525742225e-01
   14          1.171337064345978e-01
   15          7.509912106084446e-02
   16          4.185751738650673e-02
   17          2.071520281668715e-02
   18          1.113450575387566e-02
   19          6.280826574143679e-03
   20          3.053045829217664e-03
   21          1.651080802829123e-03
   22          9.695200620724510e-04
   23          6.009602018856028e-04
   24          3.917559146929033e-04
   25          2.566673428017979e-04
   26          1.514558030526912e-04
   27          9.334642723988867e-05
   28          5.718655744932006e-05
   29          3.398743899782325e-05
   30          2.128694838830370e-05
   31          1.408838371141133e-05
   32          8.706597417499906e-06
   33          5.402625753108032e-06
   34          3.093352505784654e-06
   35          1.710365107398477e-06
   36          9.846607465576187e-07
   37          5.813823686512379e-07
   38          3.443266280873365e-07
   39          1.976251341691404e-07
   40          1.117587449180429e-07
   41          6.255616994951877e-08
   42          3.563355948283460e-08
   43          2.071096678041233e-08
   44          1.308398967521382e-08
   45          7.894749197404013e-09
   46          4.540686121964000e-09
   47          2.581015915891575e-09
   48          1.431491573868250e-09
 --------------------------------- 


 Final ||Ax - b|| norm =  0.000000000771365
 Final energy = 11011.648025774340567

 Bond dimension before truncation: 306
 Bond dimension after truncation: 51
 Updating right boundary for site 5

 MICROITERATION NUMBER = 19  , backward sweep
 - Optimization centered on site: 4
 - Left boundaries taken from index: 4
 - Right boundaries taken from index: 5


 Initial ||Ax - b|| norm =  0.999673744228779

 ------------------------------------- 
 Iteration  | Rel. error estimate      
 ------------------------------------- 
    0          9.996737442287786e-01
    1          9.883907496858176e-01
    2          9.825798111564403e-01
    3          9.781832824964739e-01
    4          9.705972910075379e-01
    5          9.627679117103090e-01
    6          9.367376215805520e-01
    7          8.983262657708750e-01
    8          8.262539259096012e-01
    9          6.695483741090724e-01
   10          4.129363709358831e-01
   11          2.615397951922213e-01
   12          1.782214482728052e-01
   13          1.336604552391823e-01
   14          9.027951996523650e-02
   15          5.583381692553495e-02
   16          2.942694532568088e-02
   17          1.538640162954935e-02
   18          8.297099019461849e-03
   19          4.306314367666452e-03
   20          2.146760322214807e-03
   21          1.084038072309654e-03
   22          6.499933847154921e-04
   23          4.296358969247513e-04
   24          2.828104219010045e-04
   25          1.757537374353834e-04
   26          1.019615554838625e-04
   27          5.898002409566379e-05
   28          3.379469000092032e-05
   29          1.989216329713715e-05
   30          1.279631707861930e-05
   31          8.043812868541443e-06
   32          4.922055627041505e-06
   33          2.991736392202554e-06
   34          1.677442536623322e-06
   35          9.188907838103406e-07
   36          5.258202287750810e-07
   37          3.177719263434925e-07
   38          1.948777042519620e-07
   39          1.094750229400157e-07
   40          6.265727961352098e-08
   41          3.530085940034598e-08
   42          1.966560591539632e-08
   43          1.192702590713563e-08
   44          7.144039021935354e-09
   45          4.351205184790771e-09
   46          2.696655003285706e-09
   47          1.502906451852652e-09
   48          8.404330049900949e-10
 --------------------------------- 


 Final ||Ax - b|| norm =  0.000000000437721
 Final energy = 11011.650173472258757

 Bond dimension before truncation: 306
 Bond dimension after truncation: 51
 Updating right boundary for site 4

 MICROITERATION NUMBER = 20  , backward sweep
 - Optimization centered on site: 3
 - Left boundaries taken from index: 3
 - Right boundaries taken from index: 4


 Initial ||Ax - b|| norm =  0.999632268039020

 ------------------------------------- 
 Iteration  | Rel. error estimate      
 ------------------------------------- 
    0          9.996322680390201e-01
    1          9.883492688150378e-01
    2          9.825465429138165e-01
    3          9.781425399124158e-01
    4          9.703479417155978e-01
    5          9.625770757571210e-01
    6          9.354131828152118e-01
    7          8.968725335634266e-01
    8          8.218799889543590e-01
    9          6.639190931469575e-01
   10          4.061084499356284e-01
   11          2.507181887842869e-01
   12          1.753898241625046e-01
   13          1.289322774350142e-01
   14          8.097623539481519e-02
   15          4.781083323863753e-02
   16          2.119046067662576e-02
   17          1.101934371085883e-02
   18          5.680298386391144e-03
   19          2.630492051883393e-03
   20          1.354757903219263e-03
   21          7.399728534230581e-04
   22          4.865158064382966e-04
   23          3.132900076935089e-04
   24          1.955381159843291e-04
   25          1.132747670609121e-04
   26          6.287917306639579e-05
   27          3.512486816190722e-05
   28          1.960025997594361e-05
   29          1.119257715212086e-05
   30          6.773917342834706e-06
   31          4.113507358815020e-06
   32          2.563395638001348e-06
   33          1.336939074635263e-06
   34          6.932422475472697e-07
   35          3.766895641190092e-07
   36          2.042286768200866e-07
   37          1.129579193521475e-07
   38          6.279374766258374e-08
   39          3.736593716973314e-08
   40          2.315004007670447e-08
   41          1.405913677070338e-08
   42          7.708890860459703e-09
   43          3.890045893346589e-09
   44          2.065472127798839e-09
   45          1.005053837465256e-09
   46          5.039550351279976e-10
   47          2.798019321033758e-10
   48          1.515531835296724e-10
 --------------------------------- 


 Final ||Ax - b|| norm =  0.000000000077761
 Final energy = 11011.651212268781819

 Bond dimension before truncation: 306
 Bond dimension after truncation: 51
 Updating right boundary for site 3

 MICROITERATION NUMBER = 21  , backward sweep
 - Optimization centered on site: 2
 - Left boundaries taken from index: 2
 - Right boundaries taken from index: 3


 Initial ||Ax - b|| norm =  0.999436794852169

 ------------------------------------- 
 Iteration  | Rel. error estimate      
 ------------------------------------- 
    0          9.994367948521689e-01
    1          9.875811943009116e-01
    2          9.817751011145339e-01
    3          9.770988839180299e-01
    4          9.687559848054225e-01
    5          9.564140725855170e-01
    6          9.243498982954230e-01
    7          8.653496018711997e-01
    8          7.577023228364405e-01
    9          5.555247580059145e-01
   10          2.955054423157726e-01
   11          2.045143854083753e-01
   12          1.432624165575405e-01
   13          9.934518663823005e-02
   14          6.050328282977528e-02
   15          3.148618423350497e-02
   16          1.525973376002818e-02
   17          8.396463370249857e-03
   18          4.396401506836361e-03
   19          2.429516485599159e-03
   20          1.432755873204370e-03
   21          8.280027002318924e-04
   22          4.625481341970495e-04
   23          2.757205948771581e-04
   24          1.720490701076156e-04
   25          1.054909254358802e-04
   26          6.580673051892756e-05
   27          4.222196969015976e-05
   28          2.218122879488376e-05
   29          1.090146695756311e-05
   30          5.880071746521383e-06
   31          3.135963098625929e-06
   32          1.817027461536963e-06
   33          1.154417525445406e-06
   34          7.153229233857369e-07
   35          4.360909900970625e-07
   36          2.457379272181958e-07
   37          1.277825410123477e-07
   38          5.902916085481623e-08
   39          2.775731054890733e-08
   40          1.460297990049802e-08
   41          7.493743461477663e-09
   42          3.317512927784910e-09
   43          1.664965288940676e-09
   44          1.004662968657229e-09
   45          6.133503436756314e-10
   46          3.897192450066603e-10
   47          2.446710170142663e-10
   48          1.524222802122985e-10
 --------------------------------- 


 Final ||Ax - b|| norm =  0.000000000083485
 Final energy = 11011.654426405968479

 Bond dimension before truncation: 306
 Bond dimension after truncation: 51
 Updating right boundary for site 2

 MICROITERATION NUMBER = 22  , backward sweep
 - Optimization centered on site: 1
 - Left boundaries taken from index: 1
 - Right boundaries taken from index: 2


 Initial ||Ax - b|| norm =  0.999409562884951

 ------------------------------------- 
 Iteration  | Rel. error estimate      
 ------------------------------------- 
    0          9.994095628849510e-01
    1          9.875576999474923e-01
    2          9.816901910836778e-01
    3          9.770189263573834e-01
    4          9.670465914395393e-01
    5          9.530859870188521e-01
    6          9.015798217961886e-01
    7          8.334200038237914e-01
    8          6.365177382414455e-01
    9          3.729824762583073e-01
   10          2.306393434885232e-01
   11          1.549660655468537e-01
   12          1.056497461818326e-01
   13          6.241269082317781e-02
   14          3.140564357789721e-02
   15          1.387604840258789e-02
   16          6.752340627799202e-03
   17          3.446479723614300e-03
   18          1.834858083687975e-03
   19          1.025185389682563e-03
   20          5.721869492644684e-04
   21          3.193829969350326e-04
   22          1.862372814430394e-04
   23          1.026642737484928e-04
   24          6.461844750564164e-05
   25          3.309262958048155e-05
   26          1.614674961956929e-05
   27          7.938338110119791e-06
   28          4.527495558095984e-06
   29          2.740226775380306e-06
   30          1.583262243359000e-06
   31          8.677403948547843e-07
   32          4.189447554225212e-07
   33          2.065527287761349e-07
   34          9.575156103466909e-08
   35          3.906495256000009e-08
   36          1.966632375217931e-08
   37          1.067650085376204e-08
   38          6.468862844606144e-09
   39          3.716762793027525e-09
   40          2.021955609806196e-09
   41          1.047830901626288e-09
   42          5.761697654498575e-10
   43          2.697231048642237e-10
 --------------------------------- 


 Final ||Ax - b|| norm =  0.000000000095905
 Final energy = 11011.654439790185279

 Bond dimension before truncation: 306
 Bond dimension after truncation: 51
 Updating right boundary for site 1

 MICROITERATION NUMBER = 23  , backward sweep
 - Optimization centered on site: 0
 - Left boundaries taken from index: 0
 - Right boundaries taken from index: 1


 Initial ||Ax - b|| norm =  0.999408052665396

 ------------------------------------- 
 Iteration  | Rel. error estimate      
 ------------------------------------- 
    0          9.994080526653958e-01
    1          9.875297674774524e-01
    2          9.816484402373287e-01
    3          9.768452373443720e-01
    4          9.661179478171765e-01
    5          9.457144944529741e-01
    6          8.915144270772355e-01
    7          7.961882916933964e-01
    8          5.109466243052727e-01
    9          2.877633984463134e-01
   10          1.711137883442549e-01
   11          1.146117975594492e-01
   12          5.312279895010384e-02
   13          2.126097534816302e-02
   14          9.527425144237598e-03
   15          4.620679300879190e-03
   16          2.070132609453800e-03
   17          1.118009513745382e-03
   18          5.851400522603004e-04
   19          2.992066772645413e-04
   20          1.542530815869065e-04
   21          8.857453595565168e-05
   22          4.339598734408765e-05
   23          1.877655491999010e-05
   24          8.573149726169481e-06
   25          4.784988658996224e-06
   26          2.575588964340110e-06
   27          1.293306861722674e-06
   28          6.762226337143633e-07
   29          2.952820638897970e-07
   30          1.122208328435884e-07
   31          4.240242804376987e-08
   32          2.185937727054887e-08
   33          1.193298594006638e-08
   34          6.566379260787288e-09
   35          3.648178839798639e-09
   36          1.673400769255034e-09
   37          8.175162764690213e-10
   38          2.707711103519738e-10
 --------------------------------- 


 Final ||Ax - b|| norm =  0.000000000091651
 Final energy = 11011.654439794310747

 Updating right boundary for site 0


 SWEEP NUMBER 4
 ----------------
 - Noise parameter: 0.0000000100
 - Maximum bond dimension: 50
 - Truncation parameter: 0.0000000000

 MICROITERATION NUMBER = 0  , forward sweep
 - Optimization centered on site: 0
 - Left boundaries taken from index: 0
 - Right boundaries taken from index: 1


 Initial ||Ax - b|| norm =  0.999408052665396

 ------------------------------------- 
 Iteration  | Rel. error estimate      
 ------------------------------------- 
    0          9.994080526653958e-01
    1          9.875297674774524e-01
    2          9.816484402373287e-01
    3          9.768452373443720e-01
    4          9.661179478171765e-01
    5          9.457144944529741e-01
    6          8.915144270772355e-01
    7          7.961882916933964e-01
    8          5.109466243052727e-01
    9          2.877633984463134e-01
   10          1.711137883442549e-01
   11          1.146117975594492e-01
   12          5.312279895010384e-02
   13          2.126097534816302e-02
   14          9.527425144237598e-03
   15          4.620679300879190e-03
   16          2.070132609453800e-03
   17          1.118009513745382e-03
   18          5.851400522603004e-04
   19          2.992066772645413e-04
   20          1.542530815869065e-04
   21          8.857453595565168e-05
   22          4.339598734408765e-05
   23          1.877655491999010e-05
   24          8.573149726169481e-06
   25          4.784988658996224e-06
   26          2.575588964340110e-06
   27          1.293306861722674e-06
   28          6.762226337143633e-07
   29          2.952820638897970e-07
   30          1.122208328435884e-07
   31          4.240242804376987e-08
   32          2.185937727054887e-08
   33          1.193298594006638e-08
   34          6.566379260787288e-09
   35          3.648178839798639e-09
   36          1.673400769255034e-09
   37          8.175162764690213e-10
   38          2.707711103519738e-10
 --------------------------------- 


 Final ||Ax - b|| norm =  0.000000000091651
 Final energy = 11011.654439794310747

 Bond dimension before truncation: 6
 Bond dimension after truncation: 6
 Updating left boundary for site 1

 MICROITERATION NUMBER = 1  , forward sweep
 - Optimization centered on site: 1
 - Left boundaries taken from index: 1
 - Right boundaries taken from index: 2


 Initial ||Ax - b|| norm =  0.999409562884951

 ------------------------------------- 
 Iteration  | Rel. error estimate      
 ------------------------------------- 
    0          9.994095628849511e-01
    1          9.875576999474913e-01
    2          9.816901910836755e-01
    3          9.770189263573789e-01
    4          9.670465914395276e-01
    5          9.530859870188296e-01
    6          9.015798217961287e-01
    7          8.334200038236906e-01
    8          6.365177382412837e-01
    9          3.729824762581652e-01
   10          2.306393434884264e-01
   11          1.549660655467865e-01
   12          1.056497461817861e-01
   13          6.241269082314960e-02
   14          3.140564357788263e-02
   15          1.387604840258136e-02
   16          6.752340627795995e-03
   17          3.446479723612624e-03
   18          1.834858083687048e-03
   19          1.025185389682020e-03
   20          5.721869492641497e-04
   21          3.193829969348438e-04
   22          1.862372814429255e-04
   23          1.026642737484289e-04
   24          6.461844750560240e-05
   25          3.309262958046269e-05
   26          1.614674961956033e-05
   27          7.938338110115502e-06
   28          4.527495558093591e-06
   29          2.740226775378895e-06
   30          1.583262243358205e-06
   31          8.677403948543530e-07
   32          4.189447554223133e-07
   33          2.065527287760384e-07
   34          9.575156103464884e-08
   35          3.906495256003642e-08
   36          1.966632375226606e-08
   37          1.067650085398004e-08
   38          6.468862844883584e-09
   39          3.716762793851500e-09
   40          2.021955611304619e-09
   41          1.047830902920096e-09
   42          5.761697652236634e-10
   43          2.697231038167423e-10
 --------------------------------- 


 Final ||Ax - b|| norm =  0.000000000095913
 Final energy = 11011.654439790207107

 Bond dimension before truncation: 36
 Bond dimension after truncation: 36
 Updating left boundary for site 2

 MICROITERATION NUMBER = 2  , forward sweep
 - Optimization centered on site: 2
 - Left boundaries taken from index: 2
 - Right boundaries taken from index: 3


 Initial ||Ax - b|| norm =  0.999436794852170

 ------------------------------------- 
 Iteration  | Rel. error estimate      
 ------------------------------------- 
    0          9.994367948521700e-01
    1          9.875811943009084e-01
    2          9.817751011145264e-01
    3          9.770988839180149e-01
    4          9.687559848053890e-01
    5          9.564140725854532e-01
    6          9.243498982952807e-01
    7          8.653496018709298e-01
    8          7.577023228360029e-01
    9          5.555247580053702e-01
   10          2.955054423153846e-01
   11          2.045143854080917e-01
   12          1.432624165573370e-01
   13          9.934518663808695e-02
   14          6.050328282968687e-02
   15          3.148618423345831e-02
   16          1.525973376000512e-02
   17          8.396463370236825e-03
   18          4.396401506829317e-03
   19          2.429516485595305e-03
   20          1.432755873202133e-03
   21          8.280027002305951e-04
   22          4.625481341963153e-04
   23          2.757205948767136e-04
   24          1.720490701073335e-04
   25          1.054909254357059e-04
   26          6.580673051881949e-05
   27          4.222196969009186e-05
   28          2.218122879484921e-05
   29          1.090146695754652e-05
   30          5.880071746512572e-06
   31          3.135963098621314e-06
   32          1.817027461534361e-06
   33          1.154417525443855e-06
   34          7.153229233848737e-07
   35          4.360909900967887e-07
   36          2.457379272183860e-07
   37          1.277825410132201e-07
   38          5.902916085899928e-08
   39          2.775731055625995e-08
   40          1.460297990857558e-08
   41          7.493743473937261e-09
   42          3.317512946146481e-09
   43          1.664965323109298e-09
   44          1.004663010698673e-09
   45          6.133503877400289e-10
   46          3.897192721885588e-10
   47          2.446710257303339e-10
   48          1.524222866376834e-10
 --------------------------------- 


 Final ||Ax - b|| norm =  0.000000000083473
 Final energy = 11011.654426405966660

 Bond dimension before truncation: 216
 Bond dimension after truncation: 51
 Updating left boundary for site 3

 MICROITERATION NUMBER = 3  , forward sweep
 - Optimization centered on site: 3
 - Left boundaries taken from index: 3
 - Right boundaries taken from index: 4


 Initial ||Ax - b|| norm =  0.999632268040866

 ------------------------------------- 
 Iteration  | Rel. error estimate      
 ------------------------------------- 
    0          9.996322680408659e-01
    1          9.883492687947489e-01
    2          9.825465428856843e-01
    3          9.781425396020940e-01
    4          9.703479274995152e-01
    5          9.625770259857214e-01
    6          9.354119146749746e-01
    7          8.968701636632342e-01
    8          8.218689879781393e-01
    9          6.638835723095007e-01
   10          4.060669788155707e-01
   11          2.506868507390781e-01
   12          1.753770821499198e-01
   13          1.289246094278721e-01
   14          8.097272096962485e-02
   15          4.780623143199732e-02
   16          2.119096953116072e-02
   17          1.101983899929351e-02
   18          5.680227221811765e-03
   19          2.630654690704475e-03
   20          1.354828576795199e-03
   21          7.400464598659409e-04
   22          4.865808137871251e-04
   23          3.133442495435828e-04
   24          1.956238771385099e-04
   25          1.133425385177368e-04
   26          6.289401666462772e-05
   27          3.512853426363665e-05
   28          1.959886226280010e-05
   29          1.119013238279642e-05
   30          6.773013956559993e-06
   31          4.113135982104504e-06
   32          2.563461035806024e-06
   33          1.337855077026198e-06
   34          6.940974949646313e-07
   35          3.773799763604433e-07
   36          2.047546697918605e-07
   37          1.132289464428332e-07
   38          6.293831037122054e-08
   39          3.742088711548544e-08
   40          2.317571247833666e-08
   41          1.407478071859019e-08
   42          7.716896629544493e-09
   43          3.891482140241090e-09
   44          2.066156396398865e-09
   45          1.004148609487165e-09
   46          5.019566640803047e-10
   47          2.765353829497990e-10
   48          1.478393315755226e-10
 --------------------------------- 


 Final ||Ax - b|| norm =  0.000000000074539
 Final energy = 11011.651212215081614

 Bond dimension before truncation: 306
 Bond dimension after truncation: 51
 Updating left boundary for site 4

 MICROITERATION NUMBER = 4  , forward sweep
 - Optimization centered on site: 4
 - Left boundaries taken from index: 4
 - Right boundaries taken from index: 5


 Initial ||Ax - b|| norm =  0.999673744147974

 ------------------------------------- 
 Iteration  | Rel. error estimate      
 ------------------------------------- 
    0          9.996737441479737e-01
    1          9.883907496653250e-01
    2          9.825798112626375e-01
    3          9.781832830479794e-01
    4          9.705973213440834e-01
    5          9.627680238525074e-01
    6          9.367401071157920e-01
    7          8.983292134793471e-01
    8          8.262591440060310e-01
    9          6.695727311918933e-01
   10          4.129635724511075e-01
   11          2.615554030168678e-01
   12          1.782308909805067e-01
   13          1.336692148237425e-01
   14          9.028858728239679e-02
   15          5.584164482043170e-02
   16          2.943555733803771e-02
   17          1.539003764225006e-02
   18          8.298420172993509e-03
   19          4.306853722265935e-03
   20          2.146937990632401e-03
   21          1.084078693641607e-03
   22          6.500148198167884e-04
   23          4.296610175723514e-04
   24          2.828308559117797e-04
   25          1.757592412956108e-04
   26          1.019668926952791e-04
   27          5.897358983721282e-05
   28          3.378180932510903e-05
   29          1.988027064022285e-05
   30          1.278705007662732e-05
   31          8.037024454838434e-06
   32          4.918033673034922e-06
   33          2.989115583684067e-06
   34          1.675230014941166e-06
   35          9.178220329896719e-07
   36          5.251661823597848e-07
   37          3.174480393564584e-07
   38          1.947222107955365e-07
   39          1.093565677095434e-07
   40          6.260004227473429e-08
   41          3.528344903183855e-08
   42          1.965925908392938e-08
   43          1.192539761143339e-08
   44          7.143153341023772e-09
   45          4.351022504041943e-09
   46          2.696441726546608e-09
   47          1.502839923556331e-09
   48          8.404070134869541e-10
 --------------------------------- 


 Final ||Ax - b|| norm =  0.000000000437684
 Final energy = 11011.650173517849908

 Bond dimension before truncation: 306
 Bond dimension after truncation: 51
 Updating left boundary for site 5

 MICROITERATION NUMBER = 5  , forward sweep
 - Optimization centered on site: 5
 - Left boundaries taken from index: 5
 - Right boundaries taken from index: 6


 Initial ||Ax - b|| norm =  0.999868243357411

 ------------------------------------- 
 Iteration  | Rel. error estimate      
 ------------------------------------- 
    0          9.998682433574110e-01
    1          9.883767157294641e-01
    2          9.827258686348392e-01
    3          9.782072731600969e-01
    4          9.707286034161986e-01
    5          9.633022521357009e-01
    6          9.412634412969383e-01
    7          9.099792975139603e-01
    8          8.530618901283541e-01
    9          7.123727214999804e-01
   10          4.763372655597639e-01
   11          3.126579325006549e-01
   12          2.104611895177287e-01
   13          1.626589209592449e-01
   14          1.171052610936374e-01
   15          7.508110530160451e-02
   16          4.183236266195774e-02
   17          2.070590406806217e-02
   18          1.112956943216195e-02
   19          6.276715620089446e-03
   20          3.050529483993473e-03
   21          1.650066985810702e-03
   22          9.689308001281296e-04
   23          6.005955870201956e-04
   24          3.916420462507370e-04
   25          2.565489651488480e-04
   26          1.513828841194370e-04
   27          9.336326850738131e-05
   28          5.719138893720996e-05
   29          3.398517540971111e-05
   30          2.129671613216642e-05
   31          1.409288943471674e-05
   32          8.709223908847722e-06
   33          5.401669046939655e-06
   34          3.092155969774414e-06
   35          1.709482570858757e-06
   36          9.839429838852377e-07
   37          5.811632970641844e-07
   38          3.443131464470310e-07
   39          1.976025459278249e-07
   40          1.117586924437611e-07
   41          6.255651771876392e-08
   42          3.563022486978061e-08
   43          2.071560529682716e-08
   44          1.308379264038586e-08
   45          7.891948574630404e-09
   46          4.537866873542403e-09
   47          2.579458525706071e-09
   48          1.430536786262848e-09
 --------------------------------- 


 Final ||Ax - b|| norm =  0.000000000770451
 Final energy = 11011.648022187106108

 Bond dimension before truncation: 306
 Bond dimension after truncation: 51
 Updating left boundary for site 6

 MICROITERATION NUMBER = 6  , forward sweep
 - Optimization centered on site: 6
 - Left boundaries taken from index: 6
 - Right boundaries taken from index: 7


 Initial ||Ax - b|| norm =  0.999879159820193

 ------------------------------------- 
 Iteration  | Rel. error estimate      
 ------------------------------------- 
    0          9.998791598201929e-01
    1          9.883174995559532e-01
    2          9.828713653823749e-01
    3          9.785748083550099e-01
    4          9.716614713499384e-01
    5          9.645432271740514e-01
    6          9.491136783545240e-01
    7          9.194181190817167e-01
    8          8.819490756303714e-01
    9          7.852303421759843e-01
   10          5.776038410365754e-01
   11          3.681637706017222e-01
   12          2.381071692378785e-01
   13          1.703422534473629e-01
   14          1.335607522984676e-01
   15          8.811801322714190e-02
   16          5.478999820032308e-02
   17          2.899086388677344e-02
   18          1.387928947345669e-02
   19          7.985488469003673e-03
   20          4.181861562471977e-03
   21          2.131064605856999e-03
   22          1.254930612264183e-03
   23          7.152588949806709e-04
   24          4.373331634829358e-04
   25          2.694599103133416e-04
   26          1.633243687337870e-04
   27          1.002531300510895e-04
   28          6.300078649412071e-05
   29          3.937923243778165e-05
   30          2.431027620537941e-05
   31          1.585967473189360e-05
   32          1.026141499307973e-05
   33          6.183171321329750e-06
   34          3.776096700515117e-06
   35          2.213783396516871e-06
   36          1.250383514229458e-06
   37          7.120364808280962e-07
   38          4.277333680739775e-07
   39          2.565647784790462e-07
   40          1.501485314752627e-07
   41          9.202461824928603e-08
   42          5.719332007494850e-08
   43          3.460032732844768e-08
   44          2.179482458263720e-08
   45          1.350287313212292e-08
   46          7.739445494949439e-09
   47          3.964036716925503e-09
   48          2.078587984532048e-09
 --------------------------------- 


 Final ||Ax - b|| norm =  0.000000001095827
 Final energy = 11011.643369749923295

 Bond dimension before truncation: 306
 Bond dimension after truncation: 51
 Updating left boundary for site 7

 MICROITERATION NUMBER = 7  , forward sweep
 - Optimization centered on site: 7
 - Left boundaries taken from index: 7
 - Right boundaries taken from index: 8


 Initial ||Ax - b|| norm =  0.999918290123018

 ------------------------------------- 
 Iteration  | Rel. error estimate      
 ------------------------------------- 
    0          9.999182901230185e-01
    1          9.882722717611402e-01
    2          9.826428839358514e-01
    3          9.790419788536111e-01
    4          9.735496016882828e-01
    5          9.659816516640501e-01
    6          9.560342098385320e-01
    7          9.338023703749324e-01
    8          8.957560472553843e-01
    9          8.459151785729970e-01
   10          7.285938140077722e-01
   11          4.972756327114826e-01
   12          3.265930538244437e-01
   13          2.164209399965672e-01
   14          1.605200694031602e-01
   15          1.217897720269177e-01
   16          8.936208478567219e-02
   17          5.691670229626552e-02
   18          3.311117290716369e-02
   19          1.749191541363488e-02
   20          9.800180004809358e-03
   21          5.499912026028861e-03
   22          3.084121593934544e-03
   23          1.638488683717266e-03
   24          9.406368428855593e-04
   25          6.065708652720279e-04
   26          3.545616593210605e-04
   27          2.237241536304350e-04
   28          1.422686486070710e-04
   29          9.154360291311889e-05
   30          5.620443738696900e-05
   31          3.570821747928929e-05
   32          2.373155464036182e-05
   33          1.548430632696289e-05
   34          9.963372006111592e-06
   35          6.635053456257072e-06
   36          4.235113484044296e-06
   37          2.540473324106159e-06
   38          1.559008601868267e-06
   39          9.922974148711746e-07
   40          5.877803508535746e-07
   41          3.681082291171987e-07
   42          2.321425725970489e-07
   43          1.436699173822992e-07
   44          9.287119166010094e-08
   45          6.100420058870033e-08
   46          3.800799754361423e-08
   47          2.383748554755770e-08
   48          1.461857576137198e-08
 --------------------------------- 


 Final ||Ax - b|| norm =  0.000000008545991
 Final energy = 11011.636950675281696

 Bond dimension before truncation: 306
 Bond dimension after truncation: 51
 Updating left boundary for site 8

 MICROITERATION NUMBER = 8  , forward sweep
 - Optimization centered on site: 8
 - Left boundaries taken from index: 8
 - Right boundaries taken from index: 9


 Initial ||Ax - b|| norm =  0.999799101542367

 ------------------------------------- 
 Iteration  | Rel. error estimate      
 ------------------------------------- 
    0          9.997991015423671e-01
    1          9.884053986966773e-01
    2          9.831425277900261e-01
    3          9.803170945589477e-01
    4          9.778261948222432e-01
    5          9.745103739833778e-01
    6          9.697629810814875e-01
    7          9.637051948030699e-01
    8          9.546865202121261e-01
    9          9.428400865253547e-01
   10          9.185617656691807e-01
   11          8.822375636295140e-01
   12          8.352090198276361e-01
   13          7.661330409581921e-01
   14          6.510427527171998e-01
   15          4.486207908488012e-01
   16          2.882147747796714e-01
   17          2.152127831701802e-01
   18          1.758241279263546e-01
   19          1.373012522093164e-01
   20          1.073869884449597e-01
   21          8.665936931407650e-02
   22          6.442522971417375e-02
   23          4.034490497845244e-02
   24          2.459190414769299e-02
   25          1.521702177323402e-02
   26          9.535465487073784e-03
   27          5.888107994889893e-03
   28          3.777757588862901e-03
   29          2.424644000094006e-03
   30          1.553919826004570e-03
   31          1.009014621787497e-03
   32          6.531400168339530e-04
   33          4.542904542952112e-04
   34          3.186012185599225e-04
   35          2.199646732556761e-04
   36          1.528203980151288e-04
   37          1.026892469361491e-04
   38          7.318541963126618e-05
   39          5.366224587528477e-05
   40          3.925948115678588e-05
   41          2.844662005776879e-05
   42          2.074595082654937e-05
   43          1.570583524669637e-05
   44          1.108605842558407e-05
   45          7.281111144649736e-06
   46          4.846497613820986e-06
   47          3.061633833293389e-06
   48          1.932962659454501e-06
 --------------------------------- 


 Final ||Ax - b|| norm =  0.000001164959710
 Final energy = 11011.636973967362792

 Bond dimension before truncation: 306
 Bond dimension after truncation: 51
 Updating left boundary for site 9

 MICROITERATION NUMBER = 9  , forward sweep
 - Optimization centered on site: 9
 - Left boundaries taken from index: 9
 - Right boundaries taken from index: 10


 Initial ||Ax - b|| norm =  0.999704576027332

 ------------------------------------- 
 Iteration  | Rel. error estimate      
 ------------------------------------- 
    0          9.997045760273316e-01
    1          9.883893881457608e-01
    2          9.832293250087852e-01
    3          9.806203014342411e-01
    4          9.787753013159736e-01
    5          9.768438434604012e-01
    6          9.745113028920838e-01
    7          9.716417142266720e-01
    8          9.680418920577788e-01
    9          9.632573102285139e-01
   10          9.567979533699693e-01
   11          9.477770101951083e-01
   12          9.337449834206774e-01
   13          9.100087019738919e-01
   14          8.786737266986314e-01
   15          8.380588619519930e-01
   16          7.894047323330388e-01
   17          7.213913418287077e-01
   18          6.133094408268521e-01
   19          4.754962351108585e-01
   20          3.335032872074819e-01
   21          2.293239741234758e-01
   22          1.759249611771520e-01
   23          1.493524530971301e-01
   24          1.292319010571622e-01
   25          1.072076401697971e-01
   26          8.823129011202056e-02
   27          7.340181842539613e-02
   28          6.271800339440410e-02
   29          5.044929610019873e-02
   30          3.572896187678430e-02
   31          2.214249237681707e-02
   32          1.435138640013239e-02
   33          1.046806350905328e-02
   34          7.795171502749576e-03
   35          5.724173631263704e-03
   36          4.298229078661087e-03
   37          3.165508061165695e-03
   38          2.210267368480104e-03
   39          1.529208765262960e-03
   40          1.121307602030553e-03
   41          8.925074029362030e-04
   42          6.860420645107044e-04
   43          5.436166855866869e-04
   44          4.450461631089604e-04
   45          3.508783265127324e-04
   46          2.821751143794175e-04
   47          2.210101475371612e-04
   48          1.674646488612369e-04
 --------------------------------- 


 Final ||Ax - b|| norm =  0.000129443014108
 Final energy = 11011.638920911860623

 Bond dimension before truncation: 306
 Bond dimension after truncation: 51
 Updating left boundary for site 10

 MICROITERATION NUMBER = 10  , forward sweep
 - Optimization centered on site: 10
 - Left boundaries taken from index: 10
 - Right boundaries taken from index: 11


 Initial ||Ax - b|| norm =  0.998124610344830

 ------------------------------------- 
 Iteration  | Rel. error estimate      
 ------------------------------------- 
    0          9.981246103448305e-01
    1          9.894909949301084e-01
    2          9.840304021402679e-01
    3          9.810774013809753e-01
    4          9.788047765731408e-01
    5          9.758942287502800e-01
    6          9.716192357924656e-01
    7          9.647570402510406e-01
    8          9.544852097936003e-01
    9          9.362191238390486e-01
   10          9.107378222436320e-01
   11          8.662791516564717e-01
   12          7.870171585827954e-01
   13          6.853540480500819e-01
   14          5.360095146187597e-01
   15          3.457683434854102e-01
   16          2.014150413656804e-01
   17          1.139363268938561e-01
   18          7.243137227950378e-02
   19          3.638203741642099e-02
   20          2.176280258835533e-02
   21          1.378667441994350e-02
   22          8.641300562992355e-03
   23          5.376628690062966e-03
   24          3.774305699546598e-03
   25          2.833671228737642e-03
   26          1.975879566122380e-03
   27          1.193312166785283e-03
   28          7.396967075728693e-04
   29          4.195865727427570e-04
   30          2.393587243026945e-04
   31          1.390883420955408e-04
   32          8.214084569361115e-05
   33          4.255135376126493e-05
   34          2.464021531328207e-05
   35          1.549509762932861e-05
   36          1.018228323187323e-05
   37          6.838777155364554e-06
   38          3.815415141495903e-06
   39          1.688042484657181e-06
   40          7.763708472847905e-07
   41          3.833950171646503e-07
   42          2.115019033195784e-07
   43          1.283957706463510e-07
   44          7.528844734823506e-08
   45          4.216518499560624e-08
   46          2.747166357301762e-08
   47          1.786006964315905e-08
   48          1.096550649826667e-08
 --------------------------------- 


 Final ||Ax - b|| norm =  0.000000008000621
 Final energy = 11011.639168042311212

 Bond dimension before truncation: 306
 Bond dimension after truncation: 51
 Updating left boundary for site 11

 MICROITERATION NUMBER = 11  , forward sweep
 - Optimization centered on site: 11
 - Left boundaries taken from index: 11
 - Right boundaries taken from index: 12


 Initial ||Ax - b|| norm =  0.998124610344812

 ------------------------------------- 
 Iteration  | Rel. error estimate      
 ------------------------------------- 
    0          9.981246103448118e-01
    1          9.893352451380293e-01
    2          9.836209981563619e-01
    3          9.807241803189177e-01
    4          9.782820296163820e-01
    5          9.744725369379761e-01
    6          9.673472572775276e-01
    7          9.559230566823607e-01
    8          9.354814220456216e-01
    9          9.054469637846685e-01
   10          8.415492836928202e-01
   11          7.391501132101923e-01
   12          6.047667174725990e-01
   13          4.154721461153733e-01
   14          2.277797507639849e-01
   15          1.233546376775152e-01
   16          7.848203322240566e-02
   17          4.779154183638683e-02
   18          2.592345922392907e-02
   19          1.501028613507315e-02
   20          8.757879421251790e-03
   21          5.624792506409971e-03
   22          3.774549663697562e-03
   23          2.175780304777791e-03
   24          1.238667262940640e-03
   25          6.232428975494975e-04
   26          3.556426289892556e-04
   27          2.356174531175175e-04
   28          1.814888377423980e-04
   29          1.430672410971118e-04
   30          1.180133642666936e-04
   31          9.774705767825486e-05
   32          7.103177151172663e-05
   33          4.326768160204245e-05
   34          2.635265380858894e-05
   35          1.515512395528448e-05
   36          8.892002188105719e-06
   37          4.757178696383884e-06
   38          2.532057724366594e-06
   39          1.445260831506021e-06
   40          9.256155915974400e-07
   41          6.891532545166878e-07
   42          5.064705635561152e-07
   43          3.312590256950833e-07
   44          1.953563571848256e-07
   45          1.121732073223539e-07
   46          5.287338020623878e-08
   47          2.209855712873179e-08
   48          8.992597974996142e-09
 --------------------------------- 


 Final ||Ax - b|| norm =  0.000000003722954
 Final energy = 11011.639168042283927

 Updating left boundary for site 12

 MICROITERATION NUMBER = 12  , backward sweep
 - Optimization centered on site: 11
 - Left boundaries taken from index: 11
 - Right boundaries taken from index: 12


 Initial ||Ax - b|| norm =  0.998124610344812

 ------------------------------------- 
 Iteration  | Rel. error estimate      
 ------------------------------------- 
    0          9.981246103448118e-01
    1          9.893352451380293e-01
    2          9.836209981563619e-01
    3          9.807241803189177e-01
    4          9.782820296163820e-01
    5          9.744725369379761e-01
    6          9.673472572775276e-01
    7          9.559230566823607e-01
    8          9.354814220456216e-01
    9          9.054469637846685e-01
   10          8.415492836928202e-01
   11          7.391501132101923e-01
   12          6.047667174725990e-01
   13          4.154721461153733e-01
   14          2.277797507639849e-01
   15          1.233546376775152e-01
   16          7.848203322240566e-02
   17          4.779154183638683e-02
   18          2.592345922392907e-02
   19          1.501028613507315e-02
   20          8.757879421251790e-03
   21          5.624792506409971e-03
   22          3.774549663697562e-03
   23          2.175780304777791e-03
   24          1.238667262940640e-03
   25          6.232428975494975e-04
   26          3.556426289892556e-04
   27          2.356174531175175e-04
   28          1.814888377423980e-04
   29          1.430672410971118e-04
   30          1.180133642666936e-04
   31          9.774705767825486e-05
   32          7.103177151172663e-05
   33          4.326768160204245e-05
   34          2.635265380858894e-05
   35          1.515512395528448e-05
   36          8.892002188105719e-06
   37          4.757178696383884e-06
   38          2.532057724366594e-06
   39          1.445260831506021e-06
   40          9.256155915974400e-07
   41          6.891532545166878e-07
   42          5.064705635561152e-07
   43          3.312590256950833e-07
   44          1.953563571848256e-07
   45          1.121732073223539e-07
   46          5.287338020623878e-08
   47          2.209855712873179e-08
   48          8.992597974996142e-09
 --------------------------------- 


 Final ||Ax - b|| norm =  0.000000003722954
 Final energy = 11011.639168042283927

 Bond dimension before truncation: 6
 Bond dimension after truncation: 6
 Updating right boundary for site 11

 MICROITERATION NUMBER = 13  , backward sweep
 - Optimization centered on site: 10
 - Left boundaries taken from index: 10
 - Right boundaries taken from index: 11


 Initial ||Ax - b|| norm =  0.998124610344831

 ------------------------------------- 
 Iteration  | Rel. error estimate      
 ------------------------------------- 
    0          9.981246103448308e-01
    1          9.894909949301085e-01
    2          9.840304021402682e-01
    3          9.810774013809755e-01
    4          9.788047765731408e-01
    5          9.758942287502802e-01
    6          9.716192357924662e-01
    7          9.647570402510417e-01
    8          9.544852097936021e-01
    9          9.362191238390516e-01
   10          9.107378222436365e-01
   11          8.662791516564787e-01
   12          7.870171585828053e-01
   13          6.853540480500947e-01
   14          5.360095146187730e-01
   15          3.457683434854203e-01
   16          2.014150413656872e-01
   17          1.139363268938602e-01
   18          7.243137227950626e-02
   19          3.638203741642223e-02
   20          2.176280258835608e-02
   21          1.378667441994390e-02
   22          8.641300562992563e-03
   23          5.376628690063057e-03
   24          3.774305699546644e-03
   25          2.833671228737672e-03
   26          1.975879566122367e-03
   27          1.193312166785122e-03
   28          7.396967075718236e-04
   29          4.195865727380988e-04
   30          2.393587242868791e-04
   31          1.390883420803740e-04
   32          8.214084568812968e-05
   33          4.255135376100225e-05
   34          2.464021531327786e-05
   35          1.549509762931706e-05
   36          1.018228323179049e-05
   37          6.838777155281115e-06
   38          3.815415141482109e-06
   39          1.688042484655745e-06
   40          7.763708472841150e-07
   41          3.833950171628993e-07
   42          2.115019033167973e-07
   43          1.283957706404605e-07
   44          7.528844732272065e-08
   45          4.216518487511818e-08
   46          2.747166331703478e-08
   47          1.786006957805657e-08
   48          1.096550649506086e-08
 --------------------------------- 


 Final ||Ax - b|| norm =  0.000000008000621
 Final energy = 11011.639168042296660

 Bond dimension before truncation: 36
 Bond dimension after truncation: 36
 Updating right boundary for site 10

 MICROITERATION NUMBER = 14  , backward sweep
 - Optimization centered on site: 9
 - Left boundaries taken from index: 9
 - Right boundaries taken from index: 10


 Initial ||Ax - b|| norm =  0.999704576027332

 ------------------------------------- 
 Iteration  | Rel. error estimate      
 ------------------------------------- 
    0          9.997045760273316e-01
    1          9.883893881457597e-01
    2          9.832293250087829e-01
    3          9.806203014342374e-01
    4          9.787753013159688e-01
    5          9.768438434603951e-01
    6          9.745113028920760e-01
    7          9.716417142266620e-01
    8          9.680418920577657e-01
    9          9.632573102284963e-01
   10          9.567979533699456e-01
   11          9.477770101950759e-01
   12          9.337449834206318e-01
   13          9.100087019738256e-01
   14          8.786737266985388e-01
   15          8.380588619518704e-01
   16          7.894047323328864e-01
   17          7.213913418285260e-01
   18          6.133094408266462e-01
   19          4.754962351106576e-01
   20          3.335032872073155e-01
   21          2.293239741233422e-01
   22          1.759249611770022e-01
   23          1.493524530968422e-01
   24          1.292319010559800e-01
   25          1.072076401590617e-01
   26          8.823129006609000e-02
   27          7.340181836100015e-02
   28          6.271800337165093e-02
   29          5.044929609774518e-02
   30          3.572896187718439e-02
   31          2.214249238224627e-02
   32          1.435138642961685e-02
   33          1.046806366695936e-02
   34          7.795172483711278e-03
   35          5.724175163015228e-03
   36          4.298229459915457e-03
   37          3.165508085460594e-03
   38          2.210267370026723e-03
   39          1.529208759459493e-03
   40          1.121307567673078e-03
   41          8.925073471834366e-04
   42          6.860419892203382e-04
   43          5.436165642508408e-04
   44          4.450461269580931e-04
   45          3.508783214333549e-04
   46          2.821751134667742e-04
   47          2.210101474460666e-04
   48          1.674646487866966e-04
 --------------------------------- 


 Final ||Ax - b|| norm =  0.000129443013684
 Final energy = 11011.638920911751484

 Bond dimension before truncation: 216
 Bond dimension after truncation: 51
 Updating right boundary for site 9

 MICROITERATION NUMBER = 15  , backward sweep
 - Optimization centered on site: 8
 - Left boundaries taken from index: 8
 - Right boundaries taken from index: 9


 Initial ||Ax - b|| norm =  0.999799103647881

 ------------------------------------- 
 Iteration  | Rel. error estimate      
 ------------------------------------- 
    0          9.997991036478812e-01
    1          9.884053999187260e-01
    2          9.831425493055425e-01
    3          9.803170117766035e-01
    4          9.778260773807415e-01
    5          9.745101187373727e-01
    6          9.697626556169583e-01
    7          9.637044700103038e-01
    8          9.546863010635853e-01
    9          9.428375655228405e-01
   10          9.185594710729652e-01
   11          8.822323438973609e-01
   12          8.351994467606935e-01
   13          7.661170975756140e-01
   14          6.510170045438886e-01
   15          4.485871169915541e-01
   16          2.881897263374447e-01
   17          2.152011151413049e-01
   18          1.758147835327505e-01
   19          1.372936122559268e-01
   20          1.073801285321361e-01
   21          8.665457014478767e-02
   22          6.442006334899364e-02
   23          4.033799692573767e-02
   24          2.458827980422226e-02
   25          1.521536650107810e-02
   26          9.533979541562147e-03
   27          5.887020664794605e-03
   28          3.777261238152562e-03
   29          2.424283449593290e-03
   30          1.553638651000627e-03
   31          1.008868382514120e-03
   32          6.530598550892948e-04
   33          4.542206403263221e-04
   34          3.185569257348006e-04
   35          2.199327388069291e-04
   36          1.527946637793801e-04
   37          1.026740053157019e-04
   38          7.317525205829675e-05
   39          5.365509946628032e-05
   40          3.925404522025893e-05
   41          2.844189510997765e-05
   42          2.074288611831696e-05
   43          1.570344452314522e-05
   44          1.108389131188506e-05
   45          7.279289437952726e-06
   46          4.845328105538931e-06
   47          3.060882197426692e-06
   48          1.932396168658040e-06
 --------------------------------- 


 Final ||Ax - b|| norm =  0.000001164581049
 Final energy = 11011.636973897078860

 Bond dimension before truncation: 306
 Bond dimension after truncation: 51
 Updating right boundary for site 8

 MICROITERATION NUMBER = 16  , backward sweep
 - Optimization centered on site: 7
 - Left boundaries taken from index: 7
 - Right boundaries taken from index: 8


 Initial ||Ax - b|| norm =  0.999918309087410

 ------------------------------------- 
 Iteration  | Rel. error estimate      
 ------------------------------------- 
    0          9.999183090874096e-01
    1          9.882725515212166e-01
    2          9.826428079238932e-01
    3          9.790402525376016e-01
    4          9.735398456557500e-01
    5          9.659822081921736e-01
    6          9.560075848135101e-01
    7          9.337781378305080e-01
    8          8.956820358746683e-01
    9          8.457987608495320e-01
   10          7.282068000429639e-01
   11          4.969580056348585e-01
   12          3.261111127169133e-01
   13          2.161896740006166e-01
   14          1.603915813516670e-01
   15          1.216487375328479e-01
   16          8.926379545252322e-02
   17          5.680351031416590e-02
   18          3.302602122562205e-02
   19          1.745113024750909e-02
   20          9.779531935687698e-03
   21          5.484291518107680e-03
   22          3.077149949158631e-03
   23          1.633967942906302e-03
   24          9.386816385555562e-04
   25          6.050192710566426e-04
   26          3.537392939544711e-04
   27          2.231055540596905e-04
   28          1.419459524989221e-04
   29          9.129892203564174e-05
   30          5.601962227710070e-05
   31          3.561565681602898e-05
   32          2.366014550097396e-05
   33          1.543864706894773e-05
   34          9.938997192389473e-06
   35          6.616187960951945e-06
   36          4.222810751827698e-06
   37          2.533055584263557e-06
   38          1.553961608742603e-06
   39          9.894377675860863e-07
   40          5.859742667060061e-07
   41          3.668281872778685e-07
   42          2.314195381982060e-07
   43          1.432061128562334e-07
   44          9.258689653306903e-08
   45          6.082662720835059e-08
   46          3.789231024600525e-08
   47          2.375193745404013e-08
   48          1.457564533374817e-08
 --------------------------------- 


 Final ||Ax - b|| norm =  0.000000008516486
 Final energy = 11011.636950872436501

 Bond dimension before truncation: 306
 Bond dimension after truncation: 51
 Updating right boundary for site 7

 MICROITERATION NUMBER = 17  , backward sweep
 - Optimization centered on site: 6
 - Left boundaries taken from index: 6
 - Right boundaries taken from index: 7


 Initial ||Ax - b|| norm =  0.999879115138858

 ------------------------------------- 
 Iteration  | Rel. error estimate      
 ------------------------------------- 
    0          9.998791151388583e-01
    1          9.883171531887043e-01
    2          9.828806236898651e-01
    3          9.785847028476762e-01
    4          9.716690033548299e-01
    5          9.645818264181731e-01
    6          9.491038096905257e-01
    7          9.196847084148861e-01
    8          8.820461097231593e-01
    9          7.865550946082152e-01
   10          5.787056181573668e-01
   11          3.697139989538301e-01
   12          2.387682302636393e-01
   13          1.708656487922455e-01
   14          1.339302758399950e-01
   15          8.855155632533832e-02
   16          5.515636969453708e-02
   17          2.914974370068455e-02
   18          1.402129153369045e-02
   19          8.050941617395625e-03
   20          4.223620983843877e-03
   21          2.156737142051604e-03
   22          1.265841737318192e-03
   23          7.224267922377697e-04
   24          4.420063747857197e-04
   25          2.722842849271835e-04
   26          1.649482202315884e-04
   27          1.016245749945114e-04
   28          6.365936926064984e-05
   29          3.981792307768412e-05
   30          2.461665932164508e-05
   31          1.599481829594665e-05
   32          1.038179734451700e-05
   33          6.274349668752547e-06
   34          3.825298550950300e-06
   35          2.249539067911158e-06
   36          1.274933073639195e-06
   37          7.230693407119862e-07
   38          4.343832678459760e-07
   39          2.613777721466718e-07
   40          1.525634170022192e-07
   41          9.336728257807951e-08
   42          5.822349290848976e-08
   43          3.511193256473153e-08
   44          2.214478459053852e-08
   45          1.375688283233183e-08
   46          7.916291114784679e-09
   47          4.068297031017309e-09
   48          2.138552323982517e-09
 --------------------------------- 


 Final ||Ax - b|| norm =  0.000000001127998
 Final energy = 11011.643248004538691

 Bond dimension before truncation: 306
 Bond dimension after truncation: 51
 Updating right boundary for site 6

 MICROITERATION NUMBER = 18  , backward sweep
 - Optimization centered on site: 5
 - Left boundaries taken from index: 5
 - Right boundaries taken from index: 6


 Initial ||Ax - b|| norm =  0.999867939478241

 ------------------------------------- 
 Iteration  | Rel. error estimate      
 ------------------------------------- 
    0          9.998679394782415e-01
    1          9.883815615591158e-01
    2          9.827386193951565e-01
    3          9.782214468560024e-01
    4          9.707772848659786e-01
    5          9.633560489203596e-01
    6          9.416230651664360e-01
    7          9.102891260458669e-01
    8          8.544157737892658e-01
    9          7.148725883496699e-01
   10          4.794609513322885e-01
   11          3.146664293402869e-01
   12          2.115618725975547e-01
   13          1.633904489063195e-01
   14          1.179892182647704e-01
   15          7.576530653442363e-02
   16          4.245727415778260e-02
   17          2.096761370142066e-02
   18          1.126800924548009e-02
   19          6.365816946592644e-03
   20          3.096306891676921e-03
   21          1.676104777956687e-03
   22          9.831421553622810e-04
   23          6.074521261830089e-04
   24          3.975620954126531e-04
   25          2.598551570129060e-04
   26          1.536183051592933e-04
   27          9.495714958360166e-05
   28          5.809407857345399e-05
   29          3.458136058137177e-05
   30          2.159320087613921e-05
   31          1.431554915794280e-05
   32          8.867605823595867e-06
   33          5.500859358824008e-06
   34          3.157531233604467e-06
   35          1.749580437083682e-06
   36          1.007481492879747e-06
   37          5.937142253147481e-07
   38          3.515708002792044e-07
   39          2.031287806622989e-07
   40          1.145892797193790e-07
   41          6.417232958518167e-08
   42          3.669071717906314e-08
   43          2.116602690805897e-08
   44          1.339436625125971e-08
   45          8.109357541724853e-09
   46          4.651750680058409e-09
   47          2.665085386898389e-09
   48          1.476097927103952e-09
 --------------------------------- 


 Final ||Ax - b|| norm =  0.000000000793663
 Final energy = 11011.647925771772861

 Bond dimension before truncation: 306
 Bond dimension after truncation: 51
 Updating right boundary for site 5

 MICROITERATION NUMBER = 19  , backward sweep
 - Optimization centered on site: 4
 - Left boundaries taken from index: 4
 - Right boundaries taken from index: 5


 Initial ||Ax - b|| norm =  0.999668386377326

 ------------------------------------- 
 Iteration  | Rel. error estimate      
 ------------------------------------- 
    0          9.996683863773261e-01
    1          9.884059057973860e-01
    2          9.826029746310860e-01
    3          9.782057147039027e-01
    4          9.706359741653922e-01
    5          9.628185611728064e-01
    6          9.371098920356545e-01
    7          8.986830112072982e-01
    8          8.278957309383621e-01
    9          6.723904078875429e-01
   10          4.137958259003796e-01
   11          2.630018483858980e-01
   12          1.782477239749108e-01
   13          1.341077547361008e-01
   14          9.059096024172798e-02
   15          5.599035528941963e-02
   16          2.988780041412980e-02
   17          1.567452465118241e-02
   18          8.426969447010348e-03
   19          4.380854597224670e-03
   20          2.177128991259750e-03
   21          1.103892952154696e-03
   22          6.546212357555662e-04
   23          4.312152697918167e-04
   24          2.854244750216615e-04
   25          1.775856341949391e-04
   26          1.026856354767104e-04
   27          5.938971104090925e-05
   28          3.422142601820678e-05
   29          2.008591197079719e-05
   30          1.283935446524152e-05
   31          8.147301237709739e-06
   32          4.970676569419913e-06
   33          3.008402901477455e-06
   34          1.694326626207690e-06
   35          9.320097264077748e-07
   36          5.355126193145205e-07
   37          3.215075379261894e-07
   38          1.968632961571674e-07
   39          1.120863646111554e-07
   40          6.368675877348843e-08
   41          3.584125088181079e-08
   42          2.002859026597031e-08
   43          1.213224574634435e-08
   44          7.251713490057312e-09
   45          4.381257575486148e-09
   46          2.763032443260707e-09
   47          1.546716894241628e-09
   48          8.502135395517566e-10
 --------------------------------- 


 Final ||Ax - b|| norm =  0.000000000448972
 Final energy = 11011.650066151329156

 Bond dimension before truncation: 306
 Bond dimension after truncation: 51
 Updating right boundary for site 4

 MICROITERATION NUMBER = 20  , backward sweep
 - Optimization centered on site: 3
 - Left boundaries taken from index: 3
 - Right boundaries taken from index: 4


 Initial ||Ax - b|| norm =  0.999623526711844

 ------------------------------------- 
 Iteration  | Rel. error estimate      
 ------------------------------------- 
    0          9.996235267118437e-01
    1          9.883596991116160e-01
    2          9.825672593656988e-01
    3          9.781658060458465e-01
    4          9.703683593122638e-01
    5          9.626073066978367e-01
    6          9.356539021356737e-01
    7          8.970696702975134e-01
    8          8.231747484343497e-01
    9          6.652798111341552e-01
   10          4.055867297023572e-01
   11          2.516409381732774e-01
   12          1.752662013160683e-01
   13          1.291534810448582e-01
   14          8.125123509627684e-02
   15          4.816739759538551e-02
   16          2.168845159855386e-02
   17          1.118951303477606e-02
   18          5.804480048997403e-03
   19          2.678417159854720e-03
   20          1.370772871176096e-03
   21          7.467594591790994e-04
   22          4.882318356681158e-04
   23          3.166221632499589e-04
   24          1.975395911239908e-04
   25          1.144674095978986e-04
   26          6.402285266493118e-05
   27          3.575415128128008e-05
   28          1.991299013078118e-05
   29          1.135887251026963e-05
   30          6.889961604627447e-06
   31          4.149586875582532e-06
   32          2.614634157414814e-06
   33          1.379248464964683e-06
   34          7.135673384407652e-07
   35          3.893878890907439e-07
   36          2.103652244311074e-07
   37          1.168893788083271e-07
   38          6.496624284894895e-08
   39          3.811886898976784e-08
   40          2.358850456442704e-08
   41          1.433405496003049e-08
   42          7.915451661814514e-09
   43          3.985690407260387e-09
   44          2.146837313996858e-09
   45          1.037065887459264e-09
   46          5.120731147493290e-10
   47          2.831357855874390e-10
   48          1.492233161277870e-10
 --------------------------------- 


 Final ||Ax - b|| norm =  0.000000000074851
 Final energy = 11011.651112282694157

 Bond dimension before truncation: 306
 Bond dimension after truncation: 51
 Updating right boundary for site 3

 MICROITERATION NUMBER = 21  , backward sweep
 - Optimization centered on site: 2
 - Left boundaries taken from index: 2
 - Right boundaries taken from index: 3


 Initial ||Ax - b|| norm =  0.999429122294071

 ------------------------------------- 
 Iteration  | Rel. error estimate      
 ------------------------------------- 
    0          9.994291222940714e-01
    1          9.875944171453025e-01
    2          9.817833159114994e-01
    3          9.770939858161163e-01
    4          9.687548403464138e-01
    5          9.564142991791524e-01
    6          9.244201885843717e-01
    7          8.657049931478467e-01
    8          7.580006628610365e-01
    9          5.560382787393892e-01
   10          2.963187859847644e-01
   11          2.045198568745871e-01
   12          1.432952910568234e-01
   13          9.936073365053621e-02
   14          6.067285796653750e-02
   15          3.180947337543838e-02
   16          1.539040428286948e-02
   17          8.477320473156068e-03
   18          4.433201478718262e-03
   19          2.431941017118612e-03
   20          1.436983663788888e-03
   21          8.304568770656364e-04
   22          4.667358346314050e-04
   23          2.767839540101524e-04
   24          1.717144758116219e-04
   25          1.052770296791478e-04
   26          6.598112302591086e-05
   27          4.242405987976401e-05
   28          2.232546466584976e-05
   29          1.091713934967996e-05
   30          5.881329290902242e-06
   31          3.114291217590682e-06
   32          1.804805176878383e-06
   33          1.150470931418865e-06
   34          7.077431778667256e-07
   35          4.312770628730115e-07
   36          2.461965967583753e-07
   37          1.278798299893906e-07
   38          5.936695467493028e-08
   39          2.812056688624414e-08
   40          1.472210433932458e-08
   41          7.494024323952929e-09
   42          3.295105395131746e-09
   43          1.642404664553545e-09
   44          9.820557997313215e-10
   45          5.864261099091296e-10
   46          3.663944624764189e-10
   47          2.354749579948944e-10
   48          1.495156105254953e-10
 --------------------------------- 


 Final ||Ax - b|| norm =  0.000000000082435
 Final energy = 11011.654326401992876

 Bond dimension before truncation: 306
 Bond dimension after truncation: 51
 Updating right boundary for site 2

 MICROITERATION NUMBER = 22  , backward sweep
 - Optimization centered on site: 1
 - Left boundaries taken from index: 1
 - Right boundaries taken from index: 2


 Initial ||Ax - b|| norm =  0.999401684774080

 ------------------------------------- 
 Iteration  | Rel. error estimate      
 ------------------------------------- 
    0          9.994016847740801e-01
    1          9.875720025572414e-01
    2          9.816991700901669e-01
    3          9.770108926238860e-01
    4          9.670395212801099e-01
    5          9.531218595526169e-01
    6          9.018427766658580e-01
    7          8.340360268629875e-01
    8          6.372716385439275e-01
    9          3.733661152469624e-01
   10          2.308973676570097e-01
   11          1.549332383986584e-01
   12          1.056682708339266e-01
   13          6.259147080015967e-02
   14          3.154811399513367e-02
   15          1.406528481878207e-02
   16          6.833851995824466e-03
   17          3.467740780745142e-03
   18          1.842543289718844e-03
   19          1.028219999266786e-03
   20          5.767576092019914e-04
   21          3.208059707978350e-04
   22          1.860952146597346e-04
   23          1.027151987954958e-04
   24          6.484059302491366e-05
   25          3.338433794718501e-05
   26          1.620475821001314e-05
   27          7.919582801154924e-06
   28          4.516305851909388e-06
   29          2.754769885684333e-06
   30          1.588484483429827e-06
   31          8.625168793904658e-07
   32          4.163295717599778e-07
   33          2.060895809586550e-07
   34          9.609140058000145e-08
   35          3.941086342018869e-08
   36          1.973755195428206e-08
   37          1.064370986471237e-08
   38          6.466883460097784e-09
   39          3.750021139844372e-09
   40          2.023406013618459e-09
   41          1.043353589221074e-09
   42          5.696929171660626e-10
   43          2.728443006558368e-10
 --------------------------------- 


 Final ||Ax - b|| norm =  0.000000000097775
 Final energy = 11011.654339773864194

 Bond dimension before truncation: 306
 Bond dimension after truncation: 51
 Updating right boundary for site 1

 MICROITERATION NUMBER = 23  , backward sweep
 - Optimization centered on site: 0
 - Left boundaries taken from index: 0
 - Right boundaries taken from index: 1


 Initial ||Ax - b|| norm =  0.999400159225722

 ------------------------------------- 
 Iteration  | Rel. error estimate      
 ------------------------------------- 
    0          9.994001592257220e-01
    1          9.875438843532032e-01
    2          9.816580648535391e-01
    3          9.768340369920353e-01
    4          9.660888124007857e-01
    5          9.458540674365985e-01
    6          8.916529062122874e-01
    7          7.964777248344855e-01
    8          5.105206685980012e-01
    9          2.874244067986071e-01
   10          1.708307950537849e-01
   11          1.143866685769600e-01
   12          5.330047843140739e-02
   13          2.162857742170495e-02
   14          9.776738233623943e-03
   15          4.684158003125760e-03
   16          2.081227726375560e-03
   17          1.127481736038107e-03
   18          5.907872939925875e-04
   19          2.983423455617758e-04
   20          1.533955340225872e-04
   21          8.865494875635494e-05
   22          4.346273352752043e-05
   23          1.879164165603740e-05
   24          8.498333151897200e-06
   25          4.784268073095321e-06
   26          2.581226371388673e-06
   27          1.286846532822961e-06
   28          6.656392599814819e-07
   29          2.951419669395466e-07
   30          1.119877421445343e-07
   31          4.225162712529525e-08
   32          2.093985922951932e-08
   33          1.089699910352070e-08
   34          6.380457900900510e-09
   35          3.603172850622693e-09
   36          1.653627341124746e-09
   37          8.122534696461910e-10
   38          2.722516206184889e-10
 --------------------------------- 


 Final ||Ax - b|| norm =  0.000000000093712
 Final energy = 11011.654339778055146

 Updating right boundary for site 0

 == RESULTS FOR THE 1-th iteration ==
 - Energy difference for iteration = 1 = 110.9529653048
 - MPS overlap with solution at previous iteration = 0.9848854386
 --> CONVERGENCE NOT REACHED, STARTS NEW ITERATION

+----------------------------------+
 NEW SwEEP-BASED SIMULATION STARTED
+----------------------------------+

 Simulation settings:
 - Simulation type: Linear system solver
 - Sweep-based modality: Single site
 Updating right boundary for site 11
 Updating right boundary for site 10
 Updating right boundary for site 9
 Updating right boundary for site 8
 Updating right boundary for site 7
 Updating right boundary for site 6
 Updating right boundary for site 5
 Updating right boundary for site 4
 Updating right boundary for site 3
 Updating right boundary for site 2
 Updating right boundary for site 1

 SWEEP NUMBER 0
 ----------------
 - Noise parameter: 0.0000000100
 - Maximum bond dimension: 50
 - Truncation parameter: 0.0000000000

 MICROITERATION NUMBER = 0  , forward sweep
 - Optimization centered on site: 0
 - Left boundaries taken from index: 0
 - Right boundaries taken from index: 1


 Initial ||Ax - b|| norm =  0.999999999999999

 ------------------------------------- 
 Iteration  | Rel. error estimate      
 ------------------------------------- 
    0          9.999999999999989e-01
    1          1.698114679287856e-01
    2          9.441599033639306e-02
    3          5.235698096486009e-02
    4          3.087543869916965e-02
    5          1.437822290157467e-02
    6          8.889863355001389e-03
    7          3.817138998496590e-03
    8          2.023659876116865e-03
    9          1.370555385314670e-03
   10          8.217086389744434e-04
   11          3.614603467824767e-04
   12          1.188199819964952e-04
   13          5.326264385302080e-05
   14          2.553590682559549e-05
   15          1.300421094925174e-05
   16          6.945111883416061e-06
   17          3.815873436252285e-06
   18          1.857568863758524e-06
   19          1.083536653182696e-06
   20          6.081691986002925e-07
   21          2.580961867891607e-07
   22          1.165674097478725e-07
   23          5.411933459762580e-08
   24          3.190517462834199e-08
   25          1.618236863720274e-08
   26          8.303286474365539e-09
   27          3.734788316611489e-09
   28          1.748808632931239e-09
   29          6.652887126280952e-10
   30          2.513915940303466e-10
   31          1.359149568156273e-10
 --------------------------------- 


 Final ||Ax - b|| norm =  0.000000000070723
 Final energy = 11011.652855256605108

 Bond dimension before truncation: 6
 Bond dimension after truncation: 6
 Updating left boundary for site 1

 MICROITERATION NUMBER = 1  , forward sweep
 - Optimization centered on site: 1
 - Left boundaries taken from index: 1
 - Right boundaries taken from index: 2


 Initial ||Ax - b|| norm =  0.999999999999998

 ------------------------------------- 
 Iteration  | Rel. error estimate      
 ------------------------------------- 
    0          9.999999999999977e-01
    1          1.698220935746272e-01
    2          9.468939675396434e-02
    3          5.273045929473425e-02
    4          3.138832203407740e-02
    5          1.577447288089212e-02
    6          1.001288398123355e-02
    7          4.594733590698092e-03
    8          2.434298515269323e-03
    9          1.639590603748125e-03
   10          1.093721169189414e-03
   11          6.338151158313887e-04
   12          3.225319974163731e-04
   13          1.398886492192972e-04
   14          6.624993369427237e-05
   15          3.186417010504403e-05
   16          1.752435785276493e-05
   17          1.044719384298475e-05
   18          5.728683330281617e-06
   19          3.362626103314204e-06
   20          1.888719907540036e-06
   21          1.119194719375123e-06
   22          6.377327920158685e-07
   23          3.663916036108972e-07
   24          1.841930647319917e-07
   25          8.554304323923474e-08
   26          4.576786501812324e-08
   27          2.837273241625068e-08
   28          1.666110207987356e-08
   29          8.843823926257806e-09
   30          4.553134618996095e-09
   31          2.239118277191041e-09
   32          1.033498904040245e-09
   33          4.742672242944323e-10
   34          2.086569529314599e-10
   35          1.136073468681688e-10
 --------------------------------- 


 Final ||Ax - b|| norm =  0.000000000069252
 Final energy = 11011.652854105037477

 Bond dimension before truncation: 36
 Bond dimension after truncation: 36
 Updating left boundary for site 2

 MICROITERATION NUMBER = 2  , forward sweep
 - Optimization centered on site: 2
 - Left boundaries taken from index: 2
 - Right boundaries taken from index: 3


 Initial ||Ax - b|| norm =  0.999999999999997

 ------------------------------------- 
 Iteration  | Rel. error estimate      
 ------------------------------------- 
    0          9.999999999999972e-01
    1          1.731259460676940e-01
    2          1.054258086534764e-01
    3          6.306068744969281e-02
    4          4.051880943361136e-02
    5          2.592460013414647e-02
    6          1.567267723158969e-02
    7          9.770350136772552e-03
    8          5.861706669284137e-03
    9          3.189990019949854e-03
   10          1.888148537027190e-03
   11          1.391267807963317e-03
   12          9.786176365706944e-04
   13          5.419343991255546e-04
   14          2.965175535176497e-04
   15          1.423705859812454e-04
   16          6.718056634104221e-05
   17          3.622857979184541e-05
   18          1.932645749747165e-05
   19          1.113000621981420e-05
   20          6.855296138653508e-06
   21          4.108452180902836e-06
   22          2.268538854862528e-06
   23          1.403049663358133e-06
   24          9.027461246143733e-07
   25          5.635126846605412e-07
   26          3.319887881559706e-07
   27          1.842666474401479e-07
   28          9.403746963900420e-08
   29          4.730044156379443e-08
   30          2.646868508715775e-08
   31          1.571308716719696e-08
   32          9.751828237542752e-09
   33          6.147080561217896e-09
   34          3.550378422668284e-09
   35          1.967568351831185e-09
   36          1.011317460913119e-09
   37          5.233212608025443e-10
   38          2.621850774300225e-10
   39          1.263666331392749e-10
 --------------------------------- 


 Final ||Ax - b|| norm =  0.000000000065364
 Final energy = 11011.652837518946399

 Bond dimension before truncation: 216
 Bond dimension after truncation: 51
 Updating left boundary for site 3

 MICROITERATION NUMBER = 3  , forward sweep
 - Optimization centered on site: 3
 - Left boundaries taken from index: 3
 - Right boundaries taken from index: 4


 Initial ||Ax - b|| norm =  0.999999998826946

 ------------------------------------- 
 Iteration  | Rel. error estimate      
 ------------------------------------- 
    0          9.999999988269465e-01
    1          4.777044562187044e-01
    2          2.022554903408718e-01
    3          1.144441825349238e-01
    4          7.644587892856375e-02
    5          4.998046744891070e-02
    6          3.269221779358562e-02
    7          2.045203390625772e-02
    8          1.270275008924796e-02
    9          7.978591603210669e-03
   10          4.480886998731923e-03
   11          2.602905313279009e-03
   12          1.669265229259464e-03
   13          1.157878096452442e-03
   14          7.853990990097754e-04
   15          4.677560270454681e-04
   16          2.359230217467005e-04
   17          1.066212161472935e-04
   18          5.135975459482833e-05
   19          2.616352843561120e-05
   20          1.402575419556265e-05
   21          7.393194686158529e-06
   22          4.473206085748230e-06
   23          2.862359629560770e-06
   24          1.843972045308244e-06
   25          1.110840199039148e-06
   26          6.333485053317879e-07
   27          3.443569015328101e-07
   28          1.962278475266415e-07
   29          1.144764833024707e-07
   30          7.008874748679944e-08
   31          4.225358641170002e-08
   32          2.469313388673455e-08
   33          1.442730694021108e-08
   34          8.534317203140177e-09
   35          4.660172695190530e-09
   36          2.439515919686041e-09
   37          1.249403134680043e-09
   38          6.529832351647755e-10
   39          3.569784275738728e-10
   40          2.082654387221387e-10
   41          1.284919062476975e-10
 --------------------------------- 


 Final ||Ax - b|| norm =  0.000000000079116
 Final energy = 11011.649543178265958

 Bond dimension before truncation: 306
 Bond dimension after truncation: 51
 Updating left boundary for site 4

 MICROITERATION NUMBER = 4  , forward sweep
 - Optimization centered on site: 4
 - Left boundaries taken from index: 4
 - Right boundaries taken from index: 5


 Initial ||Ax - b|| norm =  0.999999970646546

 ------------------------------------- 
 Iteration  | Rel. error estimate      
 ------------------------------------- 
    0          9.999999706465461e-01
    1          5.044396567314222e-01
    2          2.148527004111468e-01
    3          1.166664447794822e-01
    4          7.706867298727020e-02
    5          5.067371589517233e-02
    6          3.309832231099804e-02
    7          2.105085347585301e-02
    8          1.324058185896290e-02
    9          8.387995343656154e-03
   10          4.946434005605972e-03
   11          2.863990402233397e-03
   12          1.825192304369642e-03
   13          1.269953640667485e-03
   14          9.068502433076100e-04
   15          6.000453218391729e-04
   16          3.341233867714321e-04
   17          1.643770107693408e-04
   18          8.071557850253208e-05
   19          4.234433737164843e-05
   20          2.219527160071072e-05
   21          1.193985973847249e-05
   22          6.748506196570309e-06
   23          4.056898983208314e-06
   24          2.655211452269559e-06
   25          1.676521138465287e-06
   26          1.039730800882161e-06
   27          6.378470740752598e-07
   28          3.668148033102536e-07
   29          2.169094957969219e-07
   30          1.301388260434201e-07
   31          8.416100716831870e-08
   32          5.241583704139115e-08
   33          3.224592030048053e-08
   34          1.831047396600549e-08
   35          1.052981608316013e-08
   36          6.131730348707229e-09
   37          3.521538456803232e-09
   38          1.950363872044479e-09
   39          1.079827663821526e-09
   40          6.010462372113367e-10
   41          3.394147184615642e-10
   42          1.940152017124899e-10
   43          1.128062055135174e-10
 --------------------------------- 


 Final ||Ax - b|| norm =  0.000000000068308
 Final energy = 11011.648485063238695

 Bond dimension before truncation: 306
 Bond dimension after truncation: 51
 Updating left boundary for site 5

 MICROITERATION NUMBER = 5  , forward sweep
 - Optimization centered on site: 5
 - Left boundaries taken from index: 5
 - Right boundaries taken from index: 6


 Initial ||Ax - b|| norm =  0.999999856556779

 ------------------------------------- 
 Iteration  | Rel. error estimate      
 ------------------------------------- 
    0          9.999998565567789e-01
    1          5.608801670170835e-01
    2          2.390106064125953e-01
    3          1.249259706179660e-01
    4          8.491550454895469e-02
    5          5.686476993987281e-02
    6          3.707168962107710e-02
    7          2.466354221455180e-02
    8          1.571125444960566e-02
    9          9.875393365461877e-03
   10          6.047570631349621e-03
   11          3.635997578609121e-03
   12          2.283463511173076e-03
   13          1.595384655447533e-03
   14          1.166129220914900e-03
   15          8.047526805407394e-04
   16          4.611659592928647e-04
   17          2.380497298212924e-04
   18          1.207784468367878e-04
   19          6.375520126692465e-05
   20          3.467959423189727e-05
   21          1.859435950956279e-05
   22          1.094215591008787e-05
   23          6.781895847732008e-06
   24          4.078904532354041e-06
   25          2.621272420244359e-06
   26          1.669452899615788e-06
   27          1.031380772157036e-06
   28          5.934536568311653e-07
   29          3.444823533250319e-07
   30          2.060359637685483e-07
   31          1.338326680646022e-07
   32          8.839748942686280e-08
   33          5.549187924818119e-08
   34          3.266855304042677e-08
   35          1.803833034416017e-08
   36          1.019786422738020e-08
   37          6.024618066490489e-09
   38          3.589045881311007e-09
   39          2.155766112690197e-09
   40          1.299739565329394e-09
   41          7.658573927075580e-10
   42          4.503030838367895e-10
   43          2.613117353178167e-10
   44          1.520713230440531e-10
 --------------------------------- 


 Final ||Ax - b|| norm =  0.000000000086808
 Final energy = 11011.646256973344862

 Bond dimension before truncation: 306
 Bond dimension after truncation: 51
 Updating left boundary for site 6

 MICROITERATION NUMBER = 6  , forward sweep
 - Optimization centered on site: 6
 - Left boundaries taken from index: 6
 - Right boundaries taken from index: 7


 Initial ||Ax - b|| norm =  0.999999634011099

 ------------------------------------- 
 Iteration  | Rel. error estimate      
 ------------------------------------- 
    0          9.999996340110988e-01
    1          6.745770570730588e-01
    2          2.915321391521158e-01
    3          1.446892443883282e-01
    4          9.620697969155778e-02
    5          6.786034819220998e-02
    6          4.760673902903222e-02
    7          3.198852355037612e-02
    8          2.131373856294388e-02
    9          1.378878653773388e-02
   10          8.397198417662807e-03
   11          5.044931083603670e-03
   12          3.075690664753177e-03
   13          1.948813240797565e-03
   14          1.380384779859945e-03
   15          1.013446399494251e-03
   16          6.937276844018517e-04
   17          4.118035732237573e-04
   18          2.123975917119848e-04
   19          1.093645824906694e-04
   20          6.027943328930966e-05
   21          3.245988216266940e-05
   22          1.736045966626077e-05
   23          9.726790440736353e-06
   24          5.625401008370802e-06
   25          3.425792879613903e-06
   26          2.210790747313936e-06
   27          1.392443632133723e-06
   28          8.615561113017090e-07
   29          5.130028158463198e-07
   30          3.007499623514919e-07
   31          1.807021126365842e-07
   32          1.153059396235460e-07
   33          7.597289657156597e-08
   34          4.796401437363532e-08
   35          2.807955103570669e-08
   36          1.573385963621913e-08
   37          9.096996601558982e-09
   38          5.704734664007709e-09
   39          3.707930104214427e-09
   40          2.341519386689799e-09
   41          1.461670455274301e-09
   42          9.001446648664554e-10
   43          5.278007911599262e-10
   44          2.976437331688742e-10
   45          1.629541106272811e-10
 --------------------------------- 


 Final ||Ax - b|| norm =  0.000000000086393
 Final energy = 11011.641563353332458

 Bond dimension before truncation: 306
 Bond dimension after truncation: 51
 Updating left boundary for site 7

 MICROITERATION NUMBER = 7  , forward sweep
 - Optimization centered on site: 7
 - Left boundaries taken from index: 7
 - Right boundaries taken from index: 8


 Initial ||Ax - b|| norm =  0.999999340599549

 ------------------------------------- 
 Iteration  | Rel. error estimate      
 ------------------------------------- 
    0          9.999993405995485e-01
    1          7.694834722775715e-01
    2          3.634642326567316e-01
    3          1.610450917634767e-01
    4          1.043380236062653e-01
    5          7.610248318330351e-02
    6          5.324096777214594e-02
    7          3.704291081597105e-02
    8          2.581388505157417e-02
    9          1.732036455408924e-02
   10          1.112643005651287e-02
   11          7.189289418666791e-03
   12          4.310948551680671e-03
   13          2.780313131764973e-03
   14          1.790446094445652e-03
   15          1.313546885056444e-03
   16          9.807374947602189e-04
   17          6.996599308629742e-04
   18          4.463370189899662e-04
   19          2.421692630175408e-04
   20          1.363024808183941e-04
   21          7.323776377783670e-05
   22          4.244530788532498e-05
   23          2.407215130790953e-05
   24          1.337699977879046e-05
   25          7.802676695737447e-06
   26          4.909741475975458e-06
   27          3.296409634368677e-06
   28          2.260341702171063e-06
   29          1.474464953198508e-06
   30          8.723064170013343e-07
   31          5.161893388262978e-07
   32          3.188413907499622e-07
   33          2.006008053071522e-07
   34          1.298026318039927e-07
   35          8.372800374602774e-08
   36          5.399025708342256e-08
   37          3.418804967839421e-08
   38          2.051652071821322e-08
   39          1.252759087062502e-08
   40          8.081741487750300e-09
   41          5.359119620707587e-09
   42          3.513851685075485e-09
   43          2.333686487092682e-09
   44          1.492413763320571e-09
   45          9.175156021798857e-10
   46          5.421601811687496e-10
   47          3.164623522440814e-10
   48          1.770384619322421e-10
 --------------------------------- 


 Final ||Ax - b|| norm =  0.000000000094322
 Final energy = 11011.635141983440917

 Bond dimension before truncation: 306
 Bond dimension after truncation: 51
 Updating left boundary for site 8

 MICROITERATION NUMBER = 8  , forward sweep
 - Optimization centered on site: 8
 - Left boundaries taken from index: 8
 - Right boundaries taken from index: 9


 Initial ||Ax - b|| norm =  0.999999108869938

 ------------------------------------- 
 Iteration  | Rel. error estimate      
 ------------------------------------- 
    0          9.999991088699384e-01
    1          7.438619238073348e-01
    2          3.969976485307055e-01
    3          2.175963879735096e-01
    4          1.456077564124667e-01
    5          1.100732992563015e-01
    6          8.677845080816575e-02
    7          6.778305213938990e-02
    8          5.131747012088474e-02
    9          3.866156436591936e-02
   10          2.893664799018432e-02
   11          2.180967852819809e-02
   12          1.552748926937978e-02
   13          1.111797349249592e-02
   14          8.067398739757845e-03
   15          5.578304721640073e-03
   16          3.855117369066510e-03
   17          2.703141241168524e-03
   18          1.923625199730403e-03
   19          1.449537134808335e-03
   20          1.152587272781884e-03
   21          9.340703475025299e-04
   22          7.231759767291223e-04
   23          5.091307056632606e-04
   24          3.326379697158939e-04
   25          2.074660935641925e-04
   26          1.273580769037534e-04
   27          7.828672905858157e-05
   28          4.938571706043049e-05
   29          3.131325982491534e-05
   30          2.001955605110751e-05
   31          1.317126301286309e-05
   32          8.536759811491359e-06
   33          5.479751472376369e-06
   34          3.710963006837002e-06
   35          2.689302765925994e-06
   36          2.039310402159612e-06
   37          1.550139772848892e-06
   38          1.135350243323518e-06
   39          8.055051430556370e-07
   40          5.572031843822460e-07
   41          3.799030605648852e-07
   42          2.614920551952672e-07
   43          1.866049124634720e-07
   44          1.296235763286310e-07
   45          8.642989763426203e-08
   46          5.720438627232881e-08
   47          3.692162862512711e-08
   48          2.316760280998891e-08
 --------------------------------- 


 Final ||Ax - b|| norm =  0.000000014381085
 Final energy = 11011.635160116898987

 Bond dimension before truncation: 306
 Bond dimension after truncation: 51
 Updating left boundary for site 9

 MICROITERATION NUMBER = 9  , forward sweep
 - Optimization centered on site: 9
 - Left boundaries taken from index: 9
 - Right boundaries taken from index: 10


 Initial ||Ax - b|| norm =  0.999998876408030

 ------------------------------------- 
 Iteration  | Rel. error estimate      
 ------------------------------------- 
    0          9.999988764080295e-01
    1          6.563648432826509e-01
    2          3.430301667968299e-01
    3          2.219354539972176e-01
    4          1.649589286007762e-01
    5          1.349301492460786e-01
    6          1.145315545239789e-01
    7          9.703771101993862e-02
    8          7.982559863392380e-02
    9          6.355100261095646e-02
   10          5.056233044171200e-02
   11          4.056933012381484e-02
   12          3.214806255647006e-02
   13          2.617247807820882e-02
   14          2.048511948843108e-02
   15          1.566975723233038e-02
   16          1.173025189741449e-02
   17          8.799217268441909e-03
   18          6.772745056906478e-03
   19          5.313467514376944e-03
   20          4.104965595012440e-03
   21          3.326603459357873e-03
   22          2.513242231566233e-03
   23          1.859409584851659e-03
   24          1.432912966013675e-03
   25          1.172250777683504e-03
   26          9.872531522947998e-04
   27          8.668601138859042e-04
   28          7.293498423396674e-04
   29          5.927707858643987e-04
   30          4.695921571382462e-04
   31          3.645849844964524e-04
   32          2.603745548186075e-04
   33          1.806611128809430e-04
   34          1.213582737789649e-04
   35          7.858704230854359e-05
   36          5.190316945952013e-05
   37          3.528308864901374e-05
   38          2.590768053416124e-05
   39          1.851438242658837e-05
   40          1.309374274134552e-05
   41          9.739561737169927e-06
   42          7.410103859023202e-06
   43          5.748556445542624e-06
   44          4.427562878193951e-06
   45          3.397223436403305e-06
   46          2.636344464665180e-06
   47          2.066516650000879e-06
   48          1.606758111275574e-06
 --------------------------------- 


 Final ||Ax - b|| norm =  0.000001293696560
 Final energy = 11011.637083247540431

 Bond dimension before truncation: 306
 Bond dimension after truncation: 51
 Updating left boundary for site 10

 MICROITERATION NUMBER = 10  , forward sweep
 - Optimization centered on site: 10
 - Left boundaries taken from index: 10
 - Right boundaries taken from index: 11


 Initial ||Ax - b|| norm =  0.999998716689762

 ------------------------------------- 
 Iteration  | Rel. error estimate      
 ------------------------------------- 
    0          9.999987166897617e-01
    1          4.947854251133425e-01
    2          2.418461030372294e-01
    3          1.527809441423811e-01
    4          1.175945921141602e-01
    5          9.608861559224970e-02
    6          7.543506464005238e-02
    7          5.352466143220282e-02
    8          4.024748687875379e-02
    9          2.726466102883318e-02
   10          2.098468298674268e-02
   11          1.492079559189361e-02
   12          1.031499252833640e-02
   13          7.114272574403396e-03
   14          4.672217415677690e-03
   15          2.926612246384817e-03
   16          1.737870911743352e-03
   17          1.017277876530836e-03
   18          5.415550284828420e-04
   19          2.808009997323165e-04
   20          1.646186705920055e-04
   21          1.051869175368664e-04
   22          6.360266570620225e-05
   23          3.917709431551899e-05
   24          2.452607651288870e-05
   25          1.658357892480662e-05
   26          1.163435184067958e-05
   27          8.956366434635898e-06
   28          6.486404151627813e-06
   29          4.283924302379639e-06
   30          2.484117615690640e-06
   31          1.436775284508943e-06
   32          8.355475114341775e-07
   33          5.221254010803266e-07
   34          3.245584840454643e-07
   35          1.870305297464644e-07
   36          1.040490244372921e-07
   37          6.265199700062316e-08
   38          3.948925404304493e-08
   39          2.332066357915561e-08
   40          1.185484692895150e-08
   41          5.647663413347825e-09
   42          2.929414709970625e-09
   43          1.467904676451418e-09
   44          8.604726731010991e-10
   45          4.598371503465024e-10
   46          2.199238085905011e-10
   47          1.229951290462778e-10
 --------------------------------- 


 Final ||Ax - b|| norm =  0.000000000074300
 Final energy = 11011.637315437481448

 Bond dimension before truncation: 306
 Bond dimension after truncation: 51
 Updating left boundary for site 11

 MICROITERATION NUMBER = 11  , forward sweep
 - Optimization centered on site: 11
 - Left boundaries taken from index: 11
 - Right boundaries taken from index: 12


 Initial ||Ax - b|| norm =  0.999998715932089

 ------------------------------------- 
 Iteration  | Rel. error estimate      
 ------------------------------------- 
    0          9.999987159320894e-01
    1          4.521120389481402e-01
    2          2.366601382143847e-01
    3          1.638093345942470e-01
    4          1.255122487856497e-01
    5          8.724435130225969e-02
    6          5.116056414270390e-02
    7          3.164349831594516e-02
    8          2.105466750762677e-02
    9          1.357016001007033e-02
   10          8.280356060441382e-03
   11          5.430016714633490e-03
   12          3.507426105519638e-03
   13          2.445914682741143e-03
   14          1.519782495826244e-03
   15          8.664384642548901e-04
   16          4.527764076184328e-04
   17          2.604077398552106e-04
   18          1.475420381429573e-04
   19          7.872035982809629e-05
   20          3.664226684124369e-05
   21          1.799440046503748e-05
   22          9.643801663554844e-06
   23          6.041144330962758e-06
   24          3.975225011338826e-06
   25          2.696055047418824e-06
   26          1.701841693914978e-06
   27          9.926813746408925e-07
   28          5.929393340579032e-07
   29          3.959997953243901e-07
   30          2.913300560675535e-07
   31          2.386725948548170e-07
   32          2.025714385605209e-07
   33          1.558369836383329e-07
   34          1.058492132001069e-07
   35          6.083821770644610e-08
   36          3.394521225078701e-08
   37          1.857872509882553e-08
   38          1.049584591799246e-08
   39          5.732487322279675e-09
   40          2.993284643322996e-09
   41          1.690150515980156e-09
   42          1.072318771132304e-09
   43          7.231989740489209e-10
   44          5.073398812398762e-10
   45          3.607415693362756e-10
   46          2.447909164696932e-10
   47          1.385811444853024e-10
 --------------------------------- 


 Final ||Ax - b|| norm =  0.000000000073077
 Final energy = 11011.637315437466896

 Updating left boundary for site 12

 MICROITERATION NUMBER = 12  , backward sweep
 - Optimization centered on site: 11
 - Left boundaries taken from index: 11
 - Right boundaries taken from index: 12


 Initial ||Ax - b|| norm =  0.999998715932089

 ------------------------------------- 
 Iteration  | Rel. error estimate      
 ------------------------------------- 
    0          9.999987159320894e-01
    1          4.521120389481402e-01
    2          2.366601382143847e-01
    3          1.638093345942470e-01
    4          1.255122487856497e-01
    5          8.724435130225969e-02
    6          5.116056414270390e-02
    7          3.164349831594516e-02
    8          2.105466750762677e-02
    9          1.357016001007033e-02
   10          8.280356060441382e-03
   11          5.430016714633490e-03
   12          3.507426105519638e-03
   13          2.445914682741143e-03
   14          1.519782495826244e-03
   15          8.664384642548901e-04
   16          4.527764076184328e-04
   17          2.604077398552106e-04
   18          1.475420381429573e-04
   19          7.872035982809629e-05
   20          3.664226684124369e-05
   21          1.799440046503748e-05
   22          9.643801663554844e-06
   23          6.041144330962758e-06
   24          3.975225011338826e-06
   25          2.696055047418824e-06
   26          1.701841693914978e-06
   27          9.926813746408925e-07
   28          5.929393340579032e-07
   29          3.959997953243901e-07
   30          2.913300560675535e-07
   31          2.386725948548170e-07
   32          2.025714385605209e-07
   33          1.558369836383329e-07
   34          1.058492132001069e-07
   35          6.083821770644610e-08
   36          3.394521225078701e-08
   37          1.857872509882553e-08
   38          1.049584591799246e-08
   39          5.732487322279675e-09
   40          2.993284643322996e-09
   41          1.690150515980156e-09
   42          1.072318771132304e-09
   43          7.231989740489209e-10
   44          5.073398812398762e-10
   45          3.607415693362756e-10
   46          2.447909164696932e-10
   47          1.385811444853024e-10
 --------------------------------- 


 Final ||Ax - b|| norm =  0.000000000073077
 Final energy = 11011.637315437466896

 Bond dimension before truncation: 6
 Bond dimension after truncation: 6
 Updating right boundary for site 11

 MICROITERATION NUMBER = 13  , backward sweep
 - Optimization centered on site: 10
 - Left boundaries taken from index: 10
 - Right boundaries taken from index: 11


 Initial ||Ax - b|| norm =  0.999998716689761

 ------------------------------------- 
 Iteration  | Rel. error estimate      
 ------------------------------------- 
    0          9.999987166897609e-01
    1          4.947854251136016e-01
    2          2.418461030373925e-01
    3          1.527809441425018e-01
    4          1.175945921142624e-01
    5          9.608861559233130e-02
    6          7.543506464010787e-02
    7          5.352466143223746e-02
    8          4.024748687878296e-02
    9          2.726466102885865e-02
   10          2.098468298676347e-02
   11          1.492079559190740e-02
   12          1.031499252834575e-02
   13          7.114272574410663e-03
   14          4.672217415682971e-03
   15          2.926612246387983e-03
   16          1.737870911745075e-03
   17          1.017277876531808e-03
   18          5.415550284833454e-04
   19          2.808009997325500e-04
   20          1.646186705921217e-04
   21          1.051869175369306e-04
   22          6.360266570623590e-05
   23          3.917709431553454e-05
   24          2.452607651289355e-05
   25          1.658357892480802e-05
   26          1.163435184068360e-05
   27          8.956366434641716e-06
   28          6.486404151630269e-06
   29          4.283924302381538e-06
   30          2.484117615692947e-06
   31          1.436775284510601e-06
   32          8.355475114349926e-07
   33          5.221254010806591e-07
   34          3.245584840456024e-07
   35          1.870305297465609e-07
   36          1.040490244373850e-07
   37          6.265199700069494e-08
   38          3.948925404308845e-08
   39          2.332066357918015e-08
   40          1.185484692898809e-08
   41          5.647663413456815e-09
   42          2.929414710326344e-09
   43          1.467904677715734e-09
   44          8.604726742636799e-10
   45          4.598371505611906e-10
   46          2.199238086280242e-10
   47          1.229951290499174e-10
 --------------------------------- 


 Final ||Ax - b|| norm =  0.000000000074298
 Final energy = 11011.637315437466896

 Bond dimension before truncation: 36
 Bond dimension after truncation: 36
 Updating right boundary for site 10

 MICROITERATION NUMBER = 14  , backward sweep
 - Optimization centered on site: 9
 - Left boundaries taken from index: 9
 - Right boundaries taken from index: 10


 Initial ||Ax - b|| norm =  0.999998876408029

 ------------------------------------- 
 Iteration  | Rel. error estimate      
 ------------------------------------- 
    0          9.999988764080289e-01
    1          6.563648432815943e-01
    2          3.430301667960112e-01
    3          2.219354539966950e-01
    4          1.649589286003988e-01
    5          1.349301492457726e-01
    6          1.145315545237126e-01
    7          9.703771101970077e-02
    8          7.982559863371363e-02
    9          6.355100261078027e-02
   10          5.056233044157134e-02
   11          4.056933012370630e-02
   12          3.214806255638825e-02
   13          2.617247807814520e-02
   14          2.048511948838339e-02
   15          1.566975723229533e-02
   16          1.173025189738983e-02
   17          8.799217268424954e-03
   18          6.772745056901230e-03
   19          5.313467514402047e-03
   20          4.104965595113504e-03
   21          3.326603459430279e-03
   22          2.513242231569985e-03
   23          1.859409584847944e-03
   24          1.432912966011247e-03
   25          1.172250777683201e-03
   26          9.872531523035864e-04
   27          8.668601139107131e-04
   28          7.293498424271297e-04
   29          5.927707862990033e-04
   30          4.695921581191026e-04
   31          3.645849850003253e-04
   32          2.603745548742972e-04
   33          1.806611128842112e-04
   34          1.213582737787652e-04
   35          7.858704230696628e-05
   36          5.190316945250356e-05
   37          3.528308862661353e-05
   38          2.590768052187983e-05
   39          1.851438242569314e-05
   40          1.309374274183621e-05
   41          9.739561738518012e-06
   42          7.410103859910245e-06
   43          5.748556445737372e-06
   44          4.427562878210805e-06
   45          3.397223436392194e-06
   46          2.636344464632402e-06
   47          2.066516649898430e-06
   48          1.606758110764133e-06
 --------------------------------- 


 Final ||Ax - b|| norm =  0.000001293696549
 Final energy = 11011.637083247635019

 Bond dimension before truncation: 216
 Bond dimension after truncation: 51
 Updating right boundary for site 9

 MICROITERATION NUMBER = 15  , backward sweep
 - Optimization centered on site: 8
 - Left boundaries taken from index: 8
 - Right boundaries taken from index: 9


 Initial ||Ax - b|| norm =  0.999999108866825

 ------------------------------------- 
 Iteration  | Rel. error estimate      
 ------------------------------------- 
    0          9.999991088668246e-01
    1          7.438599517260442e-01
    2          3.969677829910346e-01
    3          2.175787430664466e-01
    4          1.456047261723117e-01
    5          1.100788425828899e-01
    6          8.678823463629212e-02
    7          6.779522689200487e-02
    8          5.132838530349226e-02
    9          3.867107470080538e-02
   10          2.894508005673726e-02
   11          2.181738276838532e-02
   12          1.553398399928930e-02
   13          1.112255926336884e-02
   14          8.071572300501761e-03
   15          5.582299278971950e-03
   16          3.857960305466335e-03
   17          2.704615959520178e-03
   18          1.924932907638647e-03
   19          1.450218558093972e-03
   20          1.153206723845236e-03
   21          9.345254730818966e-04
   22          7.237612118749263e-04
   23          5.097724058668885e-04
   24          3.330310404374386e-04
   25          2.077393251966838e-04
   26          1.275685323902797e-04
   27          7.840592108183952e-05
   28          4.946147720257913e-05
   29          3.136995663309985e-05
   30          2.005181851680214e-05
   31          1.319168573083963e-05
   32          8.550740182422296e-06
   33          5.490183099311142e-06
   34          3.716767328221673e-06
   35          2.692832896091523e-06
   36          2.042105187230538e-06
   37          1.552175575528219e-06
   38          1.136916302126324e-06
   39          8.069869168414309e-07
   40          5.584186994180137e-07
   41          3.807158109207496e-07
   42          2.619494179273734e-07
   43          1.870013986284043e-07
   44          1.299216360755986e-07
   45          8.662040800588700e-08
   46          5.733659827195265e-08
   47          3.702391795712393e-08
   48          2.326132684313594e-08
 --------------------------------- 


 Final ||Ax - b|| norm =  0.000000014420344
 Final energy = 11011.635160450005060

 Bond dimension before truncation: 306
 Bond dimension after truncation: 51
 Updating right boundary for site 8

 MICROITERATION NUMBER = 16  , backward sweep
 - Optimization centered on site: 7
 - Left boundaries taken from index: 7
 - Right boundaries taken from index: 8


 Initial ||Ax - b|| norm =  0.999999340525856

 ------------------------------------- 
 Iteration  | Rel. error estimate      
 ------------------------------------- 
    0          9.999993405258557e-01
    1          7.694991705509784e-01
    2          3.634282352755900e-01
    3          1.611121766801397e-01
    4          1.043870116614540e-01
    5          7.613287493331802e-02
    6          5.327243523646240e-02
    7          3.706666422808053e-02
    8          2.583389897326304e-02
    9          1.734163235656506e-02
   10          1.113804092233393e-02
   11          7.202905951646031e-03
   12          4.318420796721467e-03
   13          2.785838986545770e-03
   14          1.793176707818188e-03
   15          1.314968575226830e-03
   16          9.824972930188639e-04
   17          7.011324989306060e-04
   18          4.477774323952045e-04
   19          2.429587495661684e-04
   20          1.367953022001267e-04
   21          7.351612865063004e-05
   22          4.258663441512455e-05
   23          2.417088914482344e-05
   24          1.343234163074650e-05
   25          7.835322830226475e-06
   26          4.932274252165049e-06
   27          3.311680529109112e-06
   28          2.271517210328480e-06
   29          1.482283645267147e-06
   30          8.775064462027339e-07
   31          5.187141089776547e-07
   32          3.203623929113907e-07
   33          2.015144478789536e-07
   34          1.304009948430293e-07
   35          8.408537800024012e-08
   36          5.422452811442581e-08
   37          3.433012922197819e-08
   38          2.062067351079712e-08
   39          1.257783350224183e-08
   40          8.112687398981869e-09
   41          5.380483900701045e-09
   42          3.527216522724665e-09
   43          2.343827116537483e-09
   44          1.499526377017247e-09
   45          9.227460170977693e-10
   46          5.454876180357780e-10
   47          3.185028616694517e-10
   48          1.783578779364411e-10
 --------------------------------- 


 Final ||Ax - b|| norm =  0.000000000094986
 Final energy = 11011.635140507352844

 Bond dimension before truncation: 306
 Bond dimension after truncation: 51
 Updating right boundary for site 7

 MICROITERATION NUMBER = 17  , backward sweep
 - Optimization centered on site: 6
 - Left boundaries taken from index: 6
 - Right boundaries taken from index: 7


 Initial ||Ax - b|| norm =  0.999999633265527

 ------------------------------------- 
 Iteration  | Rel. error estimate      
 ------------------------------------- 
    0          9.999996332655265e-01
    1          6.748908199352882e-01
    2          2.919685494052414e-01
    3          1.450519447232244e-01
    4          9.646947205085199e-02
    5          6.802487551648623e-02
    6          4.770889432563903e-02
    7          3.205862339199081e-02
    8          2.137093376291795e-02
    9          1.383159082531078e-02
   10          8.423335784747538e-03
   11          5.061324863519419e-03
   12          3.085781666873076e-03
   13          1.954293877505715e-03
   14          1.384463363017122e-03
   15          1.016757244817311e-03
   16          6.963454171961048e-04
   17          4.134273892377530e-04
   18          2.132778290234771e-04
   19          1.097838811873317e-04
   20          6.051171446209150e-05
   21          3.258333351571886e-05
   22          1.740467383964710e-05
   23          9.738764868491979e-06
   24          5.623092418078270e-06
   25          3.418461969362223e-06
   26          2.206261784784661e-06
   27          1.391359203834033e-06
   28          8.621431228726178e-07
   29          5.141708364158909e-07
   30          3.017357185901000e-07
   31          1.812719672293952e-07
   32          1.155949943364444e-07
   33          7.618998704733218e-08
   34          4.816618538315568e-08
   35          2.822094710659815e-08
   36          1.581670536056046e-08
   37          9.120654861221113e-09
   38          5.705635177194429e-09
   39          3.704486713412400e-09
   40          2.337689815100567e-09
   41          1.460289665952051e-09
   42          9.004423080946084e-10
   43          5.293044885845577e-10
   44          2.988736104488902e-10
   45          1.638184091585095e-10
 --------------------------------- 


 Final ||Ax - b|| norm =  0.000000000086979
 Final energy = 11011.641557665936489

 Bond dimension before truncation: 306
 Bond dimension after truncation: 51
 Updating right boundary for site 6

 MICROITERATION NUMBER = 18  , backward sweep
 - Optimization centered on site: 5
 - Left boundaries taken from index: 5
 - Right boundaries taken from index: 6


 Initial ||Ax - b|| norm =  0.999999855172495

 ------------------------------------- 
 Iteration  | Rel. error estimate      
 ------------------------------------- 
    0          9.999998551724946e-01
    1          5.615683329394682e-01
    2          2.400118635359081e-01
    3          1.256928981261909e-01
    4          8.543037223982378e-02
    5          5.716647217895589e-02
    6          3.726329996438991e-02
    7          2.479804634498299e-02
    8          1.580874543996418e-02
    9          9.939652037136235e-03
   10          6.085719873042809e-03
   11          3.660236479421178e-03
   12          2.299160780105375e-03
   13          1.606445280375495e-03
   14          1.174720416209886e-03
   15          8.110213068188338e-04
   16          4.646755647741631e-04
   17          2.404608073499433e-04
   18          1.220086341655597e-04
   19          6.440476812451929e-05
   20          3.509211957364596e-05
   21          1.880320969773607e-05
   22          1.102194579370285e-05
   23          6.816659555278440e-06
   24          4.091359677968778e-06
   25          2.632808169324903e-06
   26          1.680106946395539e-06
   27          1.041023298363608e-06
   28          5.998182964179693e-07
   29          3.481822973809980e-07
   30          2.080131086486805e-07
   31          1.348979578370045e-07
   32          8.896630244223674e-08
   33          5.574261115006943e-08
   34          3.275766664602087e-08
   35          1.807007801416665e-08
   36          1.019190129904781e-08
   37          6.018117510161770e-09
   38          3.584687812052253e-09
   39          2.146971451855888e-09
   40          1.296446548430133e-09
   41          7.660628540100408e-10
   42          4.512120846969858e-10
   43          2.618484387973856e-10
   44          1.524135409576426e-10
 --------------------------------- 


 Final ||Ax - b|| norm =  0.000000000086809
 Final energy = 11011.646275268332829

 Bond dimension before truncation: 306
 Bond dimension after truncation: 51
 Updating right boundary for site 5

 MICROITERATION NUMBER = 19  , backward sweep
 - Optimization centered on site: 4
 - Left boundaries taken from index: 4
 - Right boundaries taken from index: 5


 Initial ||Ax - b|| norm =  0.999999961104206

 ------------------------------------- 
 Iteration  | Rel. error estimate      
 ------------------------------------- 
    0          9.999999611042055e-01
    1          5.062055000819019e-01
    2          2.182992282052992e-01
    3          1.205575802298254e-01
    4          8.028050925102902e-02
    5          5.283450484491448e-02
    6          3.440392401875931e-02
    7          2.177610463099950e-02
    8          1.363579255818735e-02
    9          8.601851142617618e-03
   10          5.065685828891229e-03
   11          2.953889643247829e-03
   12          1.903915307285468e-03
   13          1.333003605181783e-03
   14          9.484765010039478e-04
   15          6.201267196816623e-04
   16          3.406930581903213e-04
   17          1.670401046436961e-04
   18          8.245965448034227e-05
   19          4.337086952702295e-05
   20          2.271428659285143e-05
   21          1.217038811974058e-05
   22          6.845995697122990e-06
   23          4.117360703155464e-06
   24          2.710473255371780e-06
   25          1.725595947681309e-06
   26          1.074858946786043e-06
   27          6.578497194981482e-07
   28          3.756154061054889e-07
   29          2.207852796855505e-07
   30          1.317101591438515e-07
   31          8.498586571481542e-08
   32          5.281185122955782e-08
   33          3.250114208767815e-08
   34          1.849232500845727e-08
   35          1.062925231743245e-08
   36          6.192167419528306e-09
   37          3.561935467684068e-09
   38          1.977277868787172e-09
   39          1.102292469928409e-09
   40          6.197431033573097e-10
   41          3.536638551905791e-10
   42          2.045907651888251e-10
   43          1.206613747513802e-10
 --------------------------------- 


 Final ||Ax - b|| norm =  0.000000000073869
 Final energy = 11011.648380733151498

 Bond dimension before truncation: 306
 Bond dimension after truncation: 51
 Updating right boundary for site 4

 MICROITERATION NUMBER = 20  , backward sweep
 - Optimization centered on site: 3
 - Left boundaries taken from index: 3
 - Right boundaries taken from index: 4


 Initial ||Ax - b|| norm =  0.999999988077682

 ------------------------------------- 
 Iteration  | Rel. error estimate      
 ------------------------------------- 
    0          9.999999880776822e-01
    1          4.796206606248124e-01
    2          2.062418755656374e-01
    3          1.189249983535740e-01
    4          8.002377798582627e-02
    5          5.235693700848311e-02
    6          3.412800952828932e-02
    7          2.123907074713464e-02
    8          1.313125054507408e-02
    9          8.214999931538415e-03
   10          4.613220970251363e-03
   11          2.704049739487015e-03
   12          1.754403282420116e-03
   13          1.221142390667013e-03
   14          8.201816127158738e-04
   15          4.810787295701974e-04
   16          2.410026323818722e-04
   17          1.094222792508059e-04
   18          5.316304189640448e-05
   19          2.718051439228832e-05
   20          1.450573465413370e-05
   21          7.602248361961747e-06
   22          4.608617877029205e-06
   23          2.968994606736837e-06
   24          1.925503515491033e-06
   25          1.161244617999887e-06
   26          6.575462038328440e-07
   27          3.536430299919952e-07
   28          2.002059522476980e-07
   29          1.163484205738582e-07
   30          7.106312584073390e-08
   31          4.287950764516857e-08
   32          2.510602605108096e-08
   33          1.471914765314771e-08
   34          8.728330323684949e-09
   35          4.795340620201524e-09
   36          2.528037569082244e-09
   37          1.306212576076515e-09
   38          6.901449558805647e-10
   39          3.799935571719101e-10
   40          2.220618840987620e-10
   41          1.362360907505420e-10
 --------------------------------- 


 Final ||Ax - b|| norm =  0.000000000083333
 Final energy = 11011.649427055193883

 Bond dimension before truncation: 306
 Bond dimension after truncation: 51
 Updating right boundary for site 3

 MICROITERATION NUMBER = 21  , backward sweep
 - Optimization centered on site: 2
 - Left boundaries taken from index: 2
 - Right boundaries taken from index: 3


 Initial ||Ax - b|| norm =  0.999999978959601

 ------------------------------------- 
 Iteration  | Rel. error estimate      
 ------------------------------------- 
    0          9.999999789596007e-01
    1          1.883687267367077e-01
    2          1.109272541531654e-01
    3          7.089715833954456e-02
    4          4.295404084001777e-02
    5          2.802727577861203e-02
    6          1.698477142309702e-02
    7          1.022258634310448e-02
    8          6.302611861535311e-03
    9          3.470532230635762e-03
   10          2.078182713147350e-03
   11          1.538877627051211e-03
   12          1.056149079986066e-03
   13          5.899127356282613e-04
   14          3.224114384631266e-04
   15          1.653140148881337e-04
   16          8.407463108561111e-05
   17          4.709387068891151e-05
   18          2.571083980518082e-05
   19          1.439850321225224e-05
   20          8.376047219557067e-06
   21          4.664713766582868e-06
   22          2.534998989319582e-06
   23          1.560076749807665e-06
   24          1.046116956463358e-06
   25          6.656415001167560e-07
   26          3.833198403012971e-07
   27          2.131284448557511e-07
   28          1.057731129768464e-07
   29          5.227782578967011e-08
   30          2.975106700613959e-08
   31          1.752476990957799e-08
   32          1.100459756838497e-08
   33          6.920860435131597e-09
   34          4.042754358446285e-09
   35          2.207144369627609e-09
   36          1.105738580355504e-09
   37          5.800396437088165e-10
   38          2.763160591820652e-10
   39          1.290768790500844e-10
 --------------------------------- 


 Final ||Ax - b|| norm =  0.000000000069635
 Final energy = 11011.652640981823424

 Bond dimension before truncation: 306
 Bond dimension after truncation: 51
 Updating right boundary for site 2

 MICROITERATION NUMBER = 22  , backward sweep
 - Optimization centered on site: 1
 - Left boundaries taken from index: 1
 - Right boundaries taken from index: 2


 Initial ||Ax - b|| norm =  0.999999978615078

 ------------------------------------- 
 Iteration  | Rel. error estimate      
 ------------------------------------- 
    0          9.999999786150783e-01
    1          1.846397240327081e-01
    2          1.012912890048673e-01
    3          4.971967061513352e-02
    4          3.053486396082754e-02
    5          1.538410474216372e-02
    6          9.561278838534821e-03
    7          4.750617067988936e-03
    8          2.512040578754832e-03
    9          1.774126800978949e-03
   10          1.106286030887760e-03
   11          6.375715901422500e-04
   12          3.288207042648704e-04
   13          1.412302135980646e-04
   14          7.435334709496210e-05
   15          3.920196239299525e-05
   16          2.186860368963116e-05
   17          1.184641019567119e-05
   18          6.050156917431326e-06
   19          3.449967639270087e-06
   20          1.954127782769336e-06
   21          1.217892185735138e-06
   22          6.874557742146588e-07
   23          3.983606827927691e-07
   24          1.796345010222228e-07
   25          8.524799335991340e-08
   26          4.870060750868814e-08
   27          2.902087867453797e-08
   28          1.706634861076587e-08
   29          8.800157061454798e-09
   30          4.441060188093013e-09
   31          2.209389154226686e-09
   32          9.828805202323638e-10
   33          4.235576504234354e-10
   34          2.054336712126645e-10
   35          1.220210348429742e-10
 --------------------------------- 


 Final ||Ax - b|| norm =  0.000000000074247
 Final energy = 11011.652654346265990

 Bond dimension before truncation: 306
 Bond dimension after truncation: 51
 Updating right boundary for site 1

 MICROITERATION NUMBER = 23  , backward sweep
 - Optimization centered on site: 0
 - Left boundaries taken from index: 0
 - Right boundaries taken from index: 1


 Initial ||Ax - b|| norm =  0.999999978057589

 ------------------------------------- 
 Iteration  | Rel. error estimate      
 ------------------------------------- 
    0          9.999999780575888e-01
    1          1.846813412576882e-01
    2          1.006706196370687e-01
    3          4.854707829300508e-02
    4          2.652658651434561e-02
    5          1.417663902331383e-02
    6          7.320471195071168e-03
    7          2.920691587602966e-03
    8          1.966225976376270e-03
    9          1.238360950865057e-03
   10          6.672319577836088e-04
   11          2.534311392103037e-04
   12          1.152357988473620e-04
   13          5.842942982374607e-05
   14          2.737135168690580e-05
   15          1.257320632107628e-05
   16          6.905294019189587e-06
   17          3.242409567569031e-06
   18          1.893383278001272e-06
   19          1.061546172122720e-06
   20          5.863575708956931e-07
   21          2.230442284601908e-07
   22          9.931344143838726e-08
   23          5.025731364895139e-08
   24          2.863232759015164e-08
   25          1.491064323466909e-08
   26          7.730062917460470e-09
   27          3.886377649138580e-09
   28          1.663429199628754e-09
   29          6.623274444238449e-10
   30          2.851029299387341e-10
   31          1.551085844203540e-10
 --------------------------------- 


 Final ||Ax - b|| norm =  0.000000000080025
 Final energy = 11011.652654354758852

 Updating right boundary for site 0


 SWEEP NUMBER 1
 ----------------
 - Noise parameter: 0.0000000100
 - Maximum bond dimension: 50
 - Truncation parameter: 0.0000000000

 MICROITERATION NUMBER = 0  , forward sweep
 - Optimization centered on site: 0
 - Left boundaries taken from index: 0
 - Right boundaries taken from index: 1


 Initial ||Ax - b|| norm =  0.999999978057589

 ------------------------------------- 
 Iteration  | Rel. error estimate      
 ------------------------------------- 
    0          9.999999780575888e-01
    1          1.846813412576882e-01
    2          1.006706196370687e-01
    3          4.854707829300508e-02
    4          2.652658651434561e-02
    5          1.417663902331383e-02
    6          7.320471195071168e-03
    7          2.920691587602966e-03
    8          1.966225976376270e-03
    9          1.238360950865057e-03
   10          6.672319577836088e-04
   11          2.534311392103037e-04
   12          1.152357988473620e-04
   13          5.842942982374607e-05
   14          2.737135168690580e-05
   15          1.257320632107628e-05
   16          6.905294019189587e-06
   17          3.242409567569031e-06
   18          1.893383278001272e-06
   19          1.061546172122720e-06
   20          5.863575708956931e-07
   21          2.230442284601908e-07
   22          9.931344143838726e-08
   23          5.025731364895139e-08
   24          2.863232759015164e-08
   25          1.491064323466909e-08
   26          7.730062917460470e-09
   27          3.886377649138580e-09
   28          1.663429199628754e-09
   29          6.623274444238449e-10
   30          2.851029299387341e-10
   31          1.551085844203540e-10
 --------------------------------- 


 Final ||Ax - b|| norm =  0.000000000080025
 Final energy = 11011.652654354758852

 Bond dimension before truncation: 6
 Bond dimension after truncation: 6
 Updating left boundary for site 1

 MICROITERATION NUMBER = 1  , forward sweep
 - Optimization centered on site: 1
 - Left boundaries taken from index: 1
 - Right boundaries taken from index: 2


 Initial ||Ax - b|| norm =  0.999999978615079

 ------------------------------------- 
 Iteration  | Rel. error estimate      
 ------------------------------------- 
    0          9.999999786150789e-01
    1          1.846397240325539e-01
    2          1.012912890047654e-01
    3          4.971967061509411e-02
    4          3.053486396080539e-02
    5          1.538410474215308e-02
    6          9.561278838529811e-03
    7          4.750617067987167e-03
    8          2.512040578753985e-03
    9          1.774126800978255e-03
   10          1.106286030887340e-03
   11          6.375715901418329e-04
   12          3.288207042646449e-04
   13          1.412302135979207e-04
   14          7.435334709483386e-05
   15          3.920196239289538e-05
   16          2.186860368954997e-05
   17          1.184641019561027e-05
   18          6.050156917381428e-06
   19          3.449967639230223e-06
   20          1.954127782739668e-06
   21          1.217892185716626e-06
   22          6.874557742060169e-07
   23          3.983606827892637e-07
   24          1.796345010211840e-07
   25          8.524799335942398e-08
   26          4.870060750837880e-08
   27          2.902087867436543e-08
   28          1.706634861068629e-08
   29          8.800157061429623e-09
   30          4.441060188084304e-09
   31          2.209389154222810e-09
   32          9.828805202308306e-10
   33          4.235576504232830e-10
   34          2.054336712139980e-10
   35          1.220210348395092e-10
 --------------------------------- 


 Final ||Ax - b|| norm =  0.000000000074256
 Final energy = 11011.652654346265990

 Bond dimension before truncation: 36
 Bond dimension after truncation: 36
 Updating left boundary for site 2

 MICROITERATION NUMBER = 2  , forward sweep
 - Optimization centered on site: 2
 - Left boundaries taken from index: 2
 - Right boundaries taken from index: 3


 Initial ||Ax - b|| norm =  0.999999978959602

 ------------------------------------- 
 Iteration  | Rel. error estimate      
 ------------------------------------- 
    0          9.999999789596020e-01
    1          1.883687267362672e-01
    2          1.109272541528639e-01
    3          7.089715833934887e-02
    4          4.295404083991254e-02
    5          2.802727577854210e-02
    6          1.698477142305252e-02
    7          1.022258634308072e-02
    8          6.302611861522390e-03
    9          3.470532230628224e-03
   10          2.078182713142653e-03
   11          1.538877627047783e-03
   12          1.056149079983523e-03
   13          5.899127356267471e-04
   14          3.224114384622944e-04
   15          1.653140148876832e-04
   16          8.407463108533992e-05
   17          4.709387068872580e-05
   18          2.571083980506079e-05
   19          1.439850321216987e-05
   20          8.376047219494856e-06
   21          4.664713766535015e-06
   22          2.534998989281660e-06
   23          1.560076749777641e-06
   24          1.046116956441988e-06
   25          6.656415001054097e-07
   26          3.833198402965923e-07
   27          2.131284448539456e-07
   28          1.057731129761957e-07
   29          5.227782578939260e-08
   30          2.975106700598745e-08
   31          1.752476990952656e-08
   32          1.100459756842051e-08
   33          6.920860435428963e-09
   34          4.042754359216982e-09
   35          2.207144371547817e-09
   36          1.105738584290312e-09
   37          5.800396491711095e-10
   38          2.763160664247604e-10
   39          1.290768833328462e-10
 --------------------------------- 


 Final ||Ax - b|| norm =  0.000000000069638
 Final energy = 11011.652640981879813

 Bond dimension before truncation: 216
 Bond dimension after truncation: 51
 Updating left boundary for site 3

 MICROITERATION NUMBER = 3  , forward sweep
 - Optimization centered on site: 3
 - Left boundaries taken from index: 3
 - Right boundaries taken from index: 4


 Initial ||Ax - b|| norm =  0.999999988077857

 ------------------------------------- 
 Iteration  | Rel. error estimate      
 ------------------------------------- 
    0          9.999999880778565e-01
    1          4.796204453650441e-01
    2          2.062415708182740e-01
    3          1.189247048206103e-01
    4          8.002347872038490e-02
    5          5.235683287808011e-02
    6          3.412795201522828e-02
    7          2.123912665365503e-02
    8          1.313130665076289e-02
    9          8.215004872965389e-03
   10          4.613223482537039e-03
   11          2.704046885565846e-03
   12          1.754399637754711e-03
   13          1.221141448126929e-03
   14          8.201776939825862e-04
   15          4.810749537070456e-04
   16          2.410013875460002e-04
   17          1.094228543757805e-04
   18          5.316337372009152e-05
   19          2.718083399434960e-05
   20          1.450597205787637e-05
   21          7.602370525832419e-06
   22          4.608729470717402e-06
   23          2.969064407190716e-06
   24          1.925523667460650e-06
   25          1.161242866734600e-06
   26          6.575423434215134e-07
   27          3.536402380290316e-07
   28          2.002003759674840e-07
   29          1.163407618467483e-07
   30          7.105879238214326e-08
   31          4.287677034803442e-08
   32          2.510444427298805e-08
   33          1.471838126281021e-08
   34          8.728103787398221e-09
   35          4.795293057102286e-09
   36          2.528030531602682e-09
   37          1.306201695063923e-09
   38          6.901368453281623e-10
   39          3.799825915183881e-10
   40          2.220517691211277e-10
   41          1.362214935178152e-10
 --------------------------------- 


 Final ||Ax - b|| norm =  0.000000000083334
 Final energy = 11011.649427061804090

 Bond dimension before truncation: 306
 Bond dimension after truncation: 51
 Updating left boundary for site 4

 MICROITERATION NUMBER = 4  , forward sweep
 - Optimization centered on site: 4
 - Left boundaries taken from index: 4
 - Right boundaries taken from index: 5


 Initial ||Ax - b|| norm =  0.999999961115892

 ------------------------------------- 
 Iteration  | Rel. error estimate      
 ------------------------------------- 
    0          9.999999611158924e-01
    1          5.062116445435615e-01
    2          2.183037197360405e-01
    3          1.205592721251616e-01
    4          8.028251644868546e-02
    5          5.283532814837572e-02
    6          3.440395447784654e-02
    7          2.177630388233932e-02
    8          1.363579908367572e-02
    9          8.601885005720299e-03
   10          5.065800635570696e-03
   11          2.954037376271008e-03
   12          1.903959014104082e-03
   13          1.333019681766420e-03
   14          9.484784219836705e-04
   15          6.200962444289974e-04
   16          3.406591984511340e-04
   17          1.670154200054737e-04
   18          8.244493771266981e-05
   19          4.336446966495618e-05
   20          2.271242307682803e-05
   21          1.216991320847135e-05
   22          6.846004716829187e-06
   23          4.117414183313322e-06
   24          2.710551613431301e-06
   25          1.725659035256476e-06
   26          1.074922802913781e-06
   27          6.578918356999661e-07
   28          3.756572072478584e-07
   29          2.208123900131446e-07
   30          1.317279794860796e-07
   31          8.499272627099159e-08
   32          5.281437950759307e-08
   33          3.250241627298959e-08
   34          1.849301923366996e-08
   35          1.062949829230390e-08
   36          6.192492763140815e-09
   37          3.562121970613784e-09
   38          1.977336543336609e-09
   39          1.102237347828828e-09
   40          6.197177782605406e-10
   41          3.536597217910924e-10
   42          2.045867851164065e-10
   43          1.206632054368735e-10
 --------------------------------- 


 Final ||Ax - b|| norm =  0.000000000073887
 Final energy = 11011.648380708635159

 Bond dimension before truncation: 306
 Bond dimension after truncation: 51
 Updating left boundary for site 5

 MICROITERATION NUMBER = 5  , forward sweep
 - Optimization centered on site: 5
 - Left boundaries taken from index: 5
 - Right boundaries taken from index: 6


 Initial ||Ax - b|| norm =  0.999999855161879

 ------------------------------------- 
 Iteration  | Rel. error estimate      
 ------------------------------------- 
    0          9.999998551618792e-01
    1          5.615714476797556e-01
    2          2.400137009488112e-01
    3          1.256924350881760e-01
    4          8.543063173825954e-02
    5          5.716655277539388e-02
    6          3.726330408195873e-02
    7          2.479829586477366e-02
    8          1.580923494133799e-02
    9          9.939832486898982e-03
   10          6.085851484273347e-03
   11          3.660338593965989e-03
   12          2.299102134200702e-03
   13          1.606440662489194e-03
   14          1.174735566536223e-03
   15          8.110284130831797e-04
   16          4.646903265599051e-04
   17          2.404814746804410e-04
   18          1.220088968785512e-04
   19          6.440051651226957e-05
   20          3.508590463680800e-05
   21          1.879942701680555e-05
   22          1.102100047128395e-05
   23          6.816564805212198e-06
   24          4.091324066485820e-06
   25          2.632849094069929e-06
   26          1.680223852736254e-06
   27          1.041052387586514e-06
   28          5.998086436759391e-07
   29          3.482166335616589e-07
   30          2.080566729397720e-07
   31          1.349250536545900e-07
   32          8.899015666253305e-08
   33          5.577955336676071e-08
   34          3.279588289191229e-08
   35          1.809622224553811e-08
   36          1.020824694224906e-08
   37          6.027219521320693e-09
   38          3.590382846425552e-09
   39          2.150490108911203e-09
   40          1.298403866827937e-09
   41          7.669860153006610e-10
   42          4.516210417152247e-10
   43          2.620163817958775e-10
   44          1.524665796256441e-10
 --------------------------------- 


 Final ||Ax - b|| norm =  0.000000000086799
 Final energy = 11011.646275527635225

 Bond dimension before truncation: 306
 Bond dimension after truncation: 51
 Updating left boundary for site 6

 MICROITERATION NUMBER = 6  , forward sweep
 - Optimization centered on site: 6
 - Left boundaries taken from index: 6
 - Right boundaries taken from index: 7


 Initial ||Ax - b|| norm =  0.999999633263410

 ------------------------------------- 
 Iteration  | Rel. error estimate      
 ------------------------------------- 
    0          9.999996332634100e-01
    1          6.749081000106025e-01
    2          2.919857274661997e-01
    3          1.450595313517478e-01
    4          9.647401954821765e-02
    5          6.802793005914788e-02
    6          4.771230974902584e-02
    7          3.206153498904605e-02
    8          2.137334448474668e-02
    9          1.383367348003328e-02
   10          8.424589085265215e-03
   11          5.061095901577683e-03
   12          3.085445772247970e-03
   13          1.954336180978367e-03
   14          1.384506310126601e-03
   15          1.016693771902107e-03
   16          6.963274579724386e-04
   17          4.134208853820779e-04
   18          2.132491431719077e-04
   19          1.097769875465216e-04
   20          6.051961628141739e-05
   21          3.259238607257062e-05
   22          1.740744796824528e-05
   23          9.741003499309289e-06
   24          5.623826918848000e-06
   25          3.419374240921435e-06
   26          2.206913603483575e-06
   27          1.391497906435387e-06
   28          8.620895102370766e-07
   29          5.140884039725440e-07
   30          3.016049693813036e-07
   31          1.811881582437486e-07
   32          1.155451729609415e-07
   33          7.615431486710541e-08
   34          4.815320191703081e-08
   35          2.821950486505751e-08
   36          1.581921161442301e-08
   37          9.122096850507168e-09
   38          5.705575412070347e-09
   39          3.704331165026120e-09
   40          2.337579880152575e-09
   41          1.459969108915792e-09
   42          9.001842682252332e-10
   43          5.291621747805717e-10
   44          2.987832337009040e-10
   45          1.637758763210766e-10
 --------------------------------- 


 Final ||Ax - b|| norm =  0.000000000086990
 Final energy = 11011.641555077696466

 Bond dimension before truncation: 306
 Bond dimension after truncation: 51
 Updating left boundary for site 7

 MICROITERATION NUMBER = 7  , forward sweep
 - Optimization centered on site: 7
 - Left boundaries taken from index: 7
 - Right boundaries taken from index: 8


 Initial ||Ax - b|| norm =  0.999999341135618

 ------------------------------------- 
 Iteration  | Rel. error estimate      
 ------------------------------------- 
    0          9.999993411356182e-01
    1          7.695482512807184e-01
    2          3.635016816938219e-01
    3          1.611384829091977e-01
    4          1.044040620853998e-01
    5          7.614279402206947e-02
    6          5.327879161482051e-02
    7          3.707175398412289e-02
    8          2.583810095663901e-02
    9          1.734772099506352e-02
   10          1.114550149182652e-02
   11          7.206659548081325e-03
   12          4.320571630909639e-03
   13          2.786610796806989e-03
   14          1.793342090669945e-03
   15          1.315190255277577e-03
   16          9.827740437128639e-04
   17          7.013760707506411e-04
   18          4.477743692801828e-04
   19          2.428469532637014e-04
   20          1.366582344778787e-04
   21          7.342981472392751e-05
   22          4.259471095568693e-05
   23          2.421431256308593e-05
   24          1.347377266664154e-05
   25          7.862293178939754e-06
   26          4.947986742454766e-06
   27          3.321481140681893e-06
   28          2.276957478585604e-06
   29          1.485732532278588e-06
   30          8.797143269113109e-07
   31          5.196433449959860e-07
   32          3.204851970092675e-07
   33          2.010980028740738e-07
   34          1.299668898121012e-07
   35          8.385155763060918e-08
   36          5.414228511579873e-08
   37          3.431160509682694e-08
   38          2.059593334110724e-08
   39          1.254944902869990e-08
   40          8.090508304856023e-09
   41          5.368089352171247e-09
   42          3.524976279606874e-09
   43          2.343595127532448e-09
   44          1.497275565006096e-09
   45          9.192651009003222e-10
   46          5.429515138803827e-10
   47          3.174627817652860e-10
   48          1.783368461871490e-10
 --------------------------------- 


 Final ||Ax - b|| norm =  0.000000000095364
 Final energy = 11011.635116752060640

 Bond dimension before truncation: 306
 Bond dimension after truncation: 51
 Updating left boundary for site 8

 MICROITERATION NUMBER = 8  , forward sweep
 - Optimization centered on site: 8
 - Left boundaries taken from index: 8
 - Right boundaries taken from index: 9


 Initial ||Ax - b|| norm =  0.999999109146012

 ------------------------------------- 
 Iteration  | Rel. error estimate      
 ------------------------------------- 
    0          9.999991091460115e-01
    1          7.438551701664430e-01
    2          3.969658383131662e-01
    3          2.175914375035032e-01
    4          1.456196117769135e-01
    5          1.100913845458852e-01
    6          8.679731616551330e-02
    7          6.780180272377605e-02
    8          5.133368508599252e-02
    9          3.867505394529794e-02
   10          2.894745857369598e-02
   11          2.181767937728214e-02
   12          1.553303282751815e-02
   13          1.112217925297798e-02
   14          8.071249280346020e-03
   15          5.581877822502935e-03
   16          3.857507854198593e-03
   17          2.704005227364985e-03
   18          1.924328546553386e-03
   19          1.449661699771131e-03
   20          1.152759320167202e-03
   21          9.342184851954662e-04
   22          7.236062441399490e-04
   23          5.096833521867470e-04
   24          3.329898737419959e-04
   25          2.077312343560095e-04
   26          1.275651636871705e-04
   27          7.839391480487671e-05
   28          4.944675325039199e-05
   29          3.135739417026060e-05
   30          2.004532164235907e-05
   31          1.319022527230076e-05
   32          8.551623743604547e-06
   33          5.491464358020022e-06
   34          3.717228653039560e-06
   35          2.692832045211056e-06
   36          2.041987980056067e-06
   37          1.552070718782172e-06
   38          1.136965148927317e-06
   39          8.072460516706133e-07
   40          5.587118275488293e-07
   41          3.808859681353306e-07
   42          2.620121354485417e-07
   43          1.870160720817134e-07
   44          1.299045815322803e-07
   45          8.659890889694069e-08
   46          5.732542943715280e-08
   47          3.702043825747920e-08
   48          2.326616050613689e-08
 --------------------------------- 


 Final ||Ax - b|| norm =  0.000000014419678
 Final energy = 11011.635137222101548

 Bond dimension before truncation: 306
 Bond dimension after truncation: 51
 Updating left boundary for site 9

 MICROITERATION NUMBER = 9  , forward sweep
 - Optimization centered on site: 9
 - Left boundaries taken from index: 9
 - Right boundaries taken from index: 10


 Initial ||Ax - b|| norm =  0.999998876704317

 ------------------------------------- 
 Iteration  | Rel. error estimate      
 ------------------------------------- 
    0          9.999988767043172e-01
    1          6.563515213947735e-01
    2          3.430372274822969e-01
    3          2.219485125445654e-01
    4          1.649719441079235e-01
    5          1.349417685888059e-01
    6          1.145409602383788e-01
    7          9.704476997490193e-02
    8          7.983106077019540e-02
    9          6.355586964130103e-02
   10          5.056691115315944e-02
   11          4.057330101412011e-02
   12          3.215102067845416e-02
   13          2.617464219289514e-02
   14          2.048637376126710e-02
   15          1.567028653339156e-02
   16          1.173033240165920e-02
   17          8.799314312937560e-03
   18          6.772943895140957e-03
   19          5.313713741320219e-03
   20          4.105286932074939e-03
   21          3.326859809460917e-03
   22          2.513362145998547e-03
   23          1.859437787802935e-03
   24          1.432875466847581e-03
   25          1.172159363659732e-03
   26          9.871443306447019e-04
   27          8.667773947347335e-04
   28          7.293230476537031e-04
   29          5.928450519623953e-04
   30          4.698131708432018e-04
   31          3.647048147276587e-04
   32          2.603916226824034e-04
   33          1.806657867612279e-04
   34          1.213625721887895e-04
   35          7.858960707206939e-05
   36          5.190097578561204e-05
   37          3.526777166356191e-05
   38          2.589838678442094e-05
   39          1.851126937513578e-05
   40          1.309046436697284e-05
   41          9.736614757147391e-06
   42          7.407464927497326e-06
   43          5.746476861339902e-06
   44          4.426163951411475e-06
   45          3.396306102552591e-06
   46          2.635725996845626e-06
   47          2.066026925546179e-06
   48          1.606347724579267e-06
 --------------------------------- 


 Final ||Ax - b|| norm =  0.000001293335141
 Final energy = 11011.637059685237546

 Bond dimension before truncation: 306
 Bond dimension after truncation: 51
 Updating left boundary for site 10

 MICROITERATION NUMBER = 10  , forward sweep
 - Optimization centered on site: 10
 - Left boundaries taken from index: 10
 - Right boundaries taken from index: 11


 Initial ||Ax - b|| norm =  0.999998716958265

 ------------------------------------- 
 Iteration  | Rel. error estimate      
 ------------------------------------- 
    0          9.999987169582648e-01
    1          4.947724540864274e-01
    2          2.418565067629503e-01
    3          1.527936170082860e-01
    4          1.176029040572773e-01
    5          9.609353402325695e-02
    6          7.543944733519373e-02
    7          5.352928074810147e-02
    8          4.025066801569440e-02
    9          2.726579996643488e-02
   10          2.098466419404892e-02
   11          1.491979448461696e-02
   12          1.031433518068322e-02
   13          7.113971229135782e-03
   14          4.672181849295633e-03
   15          2.926717464182312e-03
   16          1.738011590961686e-03
   17          1.017346977110123e-03
   18          5.415398966318817e-04
   19          2.807342465580820e-04
   20          1.645484163341868e-04
   21          1.051293406337510e-04
   22          6.355258481341127e-05
   23          3.913083276209887e-05
   24          2.448264835020648e-05
   25          1.654646599648617e-05
   26          1.160673787174302e-05
   27          8.936730782230811e-06
   28          6.474424482340959e-06
   29          4.277939590927360e-06
   30          2.481736975907588e-06
   31          1.435754817951693e-06
   32          8.350319905848580e-07
   33          5.218131900100611e-07
   34          3.243116067529034e-07
   35          1.868554484866888e-07
   36          1.039457965389272e-07
   37          6.258763239283220e-08
   38          3.945276601334495e-08
   39          2.330344286700868e-08
   40          1.184957888281995e-08
   41          5.645669771332184e-09
   42          2.927013524429073e-09
   43          1.460898426242481e-09
   44          8.534627539715975e-10
   45          4.571420687946499e-10
   46          2.168376647552326e-10
   47          1.183548787932278e-10
 --------------------------------- 


 Final ||Ax - b|| norm =  0.000000000067494
 Final energy = 11011.637291869179535

 Bond dimension before truncation: 306
 Bond dimension after truncation: 51
 Updating left boundary for site 11

 MICROITERATION NUMBER = 11  , forward sweep
 - Optimization centered on site: 11
 - Left boundaries taken from index: 11
 - Right boundaries taken from index: 12


 Initial ||Ax - b|| norm =  0.999998715266544

 ------------------------------------- 
 Iteration  | Rel. error estimate      
 ------------------------------------- 
    0          9.999987152665438e-01
    1          4.530317644270192e-01
    2          2.368027732185635e-01
    3          1.617393283590455e-01
    4          1.239316620805122e-01
    5          8.598076860990614e-02
    6          5.240639012191706e-02
    7          3.193944886739331e-02
    8          2.102706482905502e-02
    9          1.316656429963157e-02
   10          8.186050476768321e-03
   11          5.432030330133539e-03
   12          3.686761541822131e-03
   13          2.592810075343833e-03
   14          1.599533705215904e-03
   15          8.944574796118809e-04
   16          4.955481341873855e-04
   17          2.730205161686169e-04
   18          1.576158018181889e-04
   19          8.783308471685808e-05
   20          4.583947092077141e-05
   21          2.252305733156594e-05
   22          1.282116696810987e-05
   23          7.938654292235479e-06
   24          5.364086436427538e-06
   25          3.617501520697431e-06
   26          2.308621315702236e-06
   27          1.349355147111709e-06
   28          7.775232657485332e-07
   29          4.630619166268441e-07
   30          2.674818658083597e-07
   31          1.797152436452660e-07
   32          1.346616959017588e-07
   33          9.573157617476768e-08
   34          6.229795696885248e-08
   35          3.596226190056636e-08
   36          1.949870668601629e-08
   37          1.098449346496637e-08
   38          7.267723794661947e-09
   39          5.582171067206176e-09
   40          4.506773468489343e-09
   41          3.750581033194044e-09
   42          2.963291124881021e-09
   43          1.924384135382874e-09
   44          1.225977014395898e-09
   45          7.148997551920864e-10
   46          4.081249444720931e-10
   47          2.004239082647983e-10
   48          1.018334627518516e-10
 --------------------------------- 


 Final ||Ax - b|| norm =  0.000000000046893
 Final energy = 11011.637291869166802

 Updating left boundary for site 12

 MICROITERATION NUMBER = 12  , backward sweep
 - Optimization centered on site: 11
 - Left boundaries taken from index: 11
 - Right boundaries taken from index: 12


 Initial ||Ax - b|| norm =  0.999998715266544

 ------------------------------------- 
 Iteration  | Rel. error estimate      
 ------------------------------------- 
    0          9.999987152665438e-01
    1          4.530317644270192e-01
    2          2.368027732185635e-01
    3          1.617393283590455e-01
    4          1.239316620805122e-01
    5          8.598076860990614e-02
    6          5.240639012191706e-02
    7          3.193944886739331e-02
    8          2.102706482905502e-02
    9          1.316656429963157e-02
   10          8.186050476768321e-03
   11          5.432030330133539e-03
   12          3.686761541822131e-03
   13          2.592810075343833e-03
   14          1.599533705215904e-03
   15          8.944574796118809e-04
   16          4.955481341873855e-04
   17          2.730205161686169e-04
   18          1.576158018181889e-04
   19          8.783308471685808e-05
   20          4.583947092077141e-05
   21          2.252305733156594e-05
   22          1.282116696810987e-05
   23          7.938654292235479e-06
   24          5.364086436427538e-06
   25          3.617501520697431e-06
   26          2.308621315702236e-06
   27          1.349355147111709e-06
   28          7.775232657485332e-07
   29          4.630619166268441e-07
   30          2.674818658083597e-07
   31          1.797152436452660e-07
   32          1.346616959017588e-07
   33          9.573157617476768e-08
   34          6.229795696885248e-08
   35          3.596226190056636e-08
   36          1.949870668601629e-08
   37          1.098449346496637e-08
   38          7.267723794661947e-09
   39          5.582171067206176e-09
   40          4.506773468489343e-09
   41          3.750581033194044e-09
   42          2.963291124881021e-09
   43          1.924384135382874e-09
   44          1.225977014395898e-09
   45          7.148997551920864e-10
   46          4.081249444720931e-10
   47          2.004239082647983e-10
   48          1.018334627518516e-10
 --------------------------------- 


 Final ||Ax - b|| norm =  0.000000000046893
 Final energy = 11011.637291869166802

 Bond dimension before truncation: 6
 Bond dimension after truncation: 6
 Updating right boundary for site 11

 MICROITERATION NUMBER = 13  , backward sweep
 - Optimization centered on site: 10
 - Left boundaries taken from index: 10
 - Right boundaries taken from index: 11


 Initial ||Ax - b|| norm =  0.999998716958264

 ------------------------------------- 
 Iteration  | Rel. error estimate      
 ------------------------------------- 
    0          9.999987169582645e-01
    1          4.947724540862579e-01
    2          2.418565067628363e-01
    3          1.527936170081900e-01
    4          1.176029040571917e-01
    5          9.609353402319146e-02
    6          7.543944733515578e-02
    7          5.352928074808085e-02
    8          4.025066801567321e-02
    9          2.726579996641142e-02
   10          2.098466419402924e-02
   11          1.491979448460494e-02
   12          1.031433518067544e-02
   13          7.113971229129070e-03
   14          4.672181849290163e-03
   15          2.926717464178879e-03
   16          1.738011590959834e-03
   17          1.017346977109142e-03
   18          5.415398966314150e-04
   19          2.807342465578941e-04
   20          1.645484163341125e-04
   21          1.051293406337210e-04
   22          6.355258481340333e-05
   23          3.913083276210365e-05
   24          2.448264835021953e-05
   25          1.654646599650208e-05
   26          1.160673787176360e-05
   27          8.936730782251623e-06
   28          6.474424482349790e-06
   29          4.277939590928366e-06
   30          2.481736975905915e-06
   31          1.435754817950316e-06
   32          8.350319905844110e-07
   33          5.218131900101368e-07
   34          3.243116067530822e-07
   35          1.868554484867792e-07
   36          1.039457965389323e-07
   37          6.258763239281525e-08
   38          3.945276601333591e-08
   39          2.330344286701945e-08
   40          1.184957888287437e-08
   41          5.645669771520499e-09
   42          2.927013525063695e-09
   43          1.460898428566288e-09
   44          8.534627563008046e-10
   45          4.571420692565997e-10
   46          2.168376648456621e-10
   47          1.183548788184234e-10
 --------------------------------- 


 Final ||Ax - b|| norm =  0.000000000067498
 Final energy = 11011.637291869184992

 Bond dimension before truncation: 36
 Bond dimension after truncation: 36
 Updating right boundary for site 10

 MICROITERATION NUMBER = 14  , backward sweep
 - Optimization centered on site: 9
 - Left boundaries taken from index: 9
 - Right boundaries taken from index: 10


 Initial ||Ax - b|| norm =  0.999998876704316

 ------------------------------------- 
 Iteration  | Rel. error estimate      
 ------------------------------------- 
    0          9.999988767043158e-01
    1          6.563515213955071e-01
    2          3.430372274828514e-01
    3          2.219485125449032e-01
    4          1.649719441081532e-01
    5          1.349417685889862e-01
    6          1.145409602385368e-01
    7          9.704476997504931e-02
    8          7.983106077033396e-02
    9          6.355586964142244e-02
   10          5.056691115325702e-02
   11          4.057330101419316e-02
   12          3.215102067850668e-02
   13          2.617464219293460e-02
   14          2.048637376129607e-02
   15          1.567028653341261e-02
   16          1.173033240167345e-02
   17          8.799314312947924e-03
   18          6.772943895155078e-03
   19          5.313713741356830e-03
   20          4.105286932173804e-03
   21          3.326859809533068e-03
   22          2.513362146010790e-03
   23          1.859437787807020e-03
   24          1.432875466849426e-03
   25          1.172159363658680e-03
   26          9.871443306315919e-04
   27          8.667773946992258e-04
   28          7.293230475308669e-04
   29          5.928450513586676e-04
   30          4.698131694958789e-04
   31          3.647048140443220e-04
   32          2.603916226067939e-04
   33          1.806657867564994e-04
   34          1.213625721888081e-04
   35          7.858960707377828e-05
   36          5.190097579364654e-05
   37          3.526777168953870e-05
   38          2.589838679882202e-05
   39          1.851126937617128e-05
   40          1.309046436637065e-05
   41          9.736614755524614e-06
   42          7.407464926426449e-06
   43          5.746476861097082e-06
   44          4.426163951382280e-06
   45          3.396306102554922e-06
   46          2.635725996855550e-06
   47          2.066026925561085e-06
   48          1.606347724596289e-06
 --------------------------------- 


 Final ||Ax - b|| norm =  0.000001293335164
 Final energy = 11011.637059685142958

 Bond dimension before truncation: 216
 Bond dimension after truncation: 51
 Updating right boundary for site 9

 MICROITERATION NUMBER = 15  , backward sweep
 - Optimization centered on site: 8
 - Left boundaries taken from index: 8
 - Right boundaries taken from index: 9


 Initial ||Ax - b|| norm =  0.999999109146011

 ------------------------------------- 
 Iteration  | Rel. error estimate      
 ------------------------------------- 
    0          9.999991091460106e-01
    1          7.438552598322804e-01
    2          3.969657724150265e-01
    3          2.175916654580904e-01
    4          1.456196731362696e-01
    5          1.100913090715498e-01
    6          8.679719230818238e-02
    7          6.780165373679783e-02
    8          5.133356230897430e-02
    9          3.867493118134377e-02
   10          2.894734395192889e-02
   11          2.181758251118761e-02
   12          1.553295027260134e-02
   13          1.112210454698892e-02
   14          8.071191664482419e-03
   15          5.581821572113863e-03
   16          3.857463470249376e-03
   17          2.703982610131020e-03
   18          1.924309423379445e-03
   19          1.449649186743013e-03
   20          1.152749777191128e-03
   21          9.342108393471988e-04
   22          7.235972234444982e-04
   23          5.096737181670625e-04
   24          3.329837409517025e-04
   25          2.077268547853912e-04
   26          1.275616700183833e-04
   27          7.839200481719076e-05
   28          4.944553828777900e-05
   29          3.135655291222597e-05
   30          2.004481714043941e-05
   31          1.318992717888102e-05
   32          8.551411252732162e-06
   33          5.491294592853651e-06
   34          3.717142746180982e-06
   35          2.692778590142186e-06
   36          2.041949359185996e-06
   37          1.552043068785998e-06
   38          1.136941780569514e-06
   39          8.072261450830215e-07
   40          5.586947170009184e-07
   41          3.808746616772934e-07
   42          2.620057084473944e-07
   43          1.870106037552275e-07
   44          1.299002853191684e-07
   45          8.659633401704043e-08
   46          5.732359359307706e-08
   47          3.701898745246001e-08
   48          2.326491352195070e-08
 --------------------------------- 


 Final ||Ax - b|| norm =  0.000000014419119
 Final energy = 11011.635137221255718

 Bond dimension before truncation: 306
 Bond dimension after truncation: 51
 Updating right boundary for site 8

 MICROITERATION NUMBER = 16  , backward sweep
 - Optimization centered on site: 7
 - Left boundaries taken from index: 7
 - Right boundaries taken from index: 8


 Initial ||Ax - b|| norm =  0.999999341135574

 ------------------------------------- 
 Iteration  | Rel. error estimate      
 ------------------------------------- 
    0          9.999993411355739e-01
    1          7.695456395303024e-01
    2          3.634895033377268e-01
    3          1.611340938143443e-01
    4          1.044016420598005e-01
    5          7.614065150647563e-02
    6          5.327669724122342e-02
    7          3.707019744301175e-02
    8          2.583685377662786e-02
    9          1.734652740690129e-02
   10          1.114471480105927e-02
   11          7.205949797812716e-03
   12          4.320119483787003e-03
   13          2.786314825839053e-03
   14          1.793168843263541e-03
   15          1.315095423621172e-03
   16          9.826799594586356e-04
   17          7.012936490052701e-04
   18          4.476921975075263e-04
   19          2.427989451409940e-04
   20          1.366291607369642e-04
   21          7.341401653100928e-05
   22          4.258616136910740e-05
   23          2.420852660106651e-05
   24          1.347041173321279e-05
   25          7.860437441162694e-06
   26          4.946806377555629e-06
   27          3.320738512630754e-06
   28          2.276417723580338e-06
   29          1.485326758603885e-06
   30          8.794346224675447e-07
   31          5.194992552640081e-07
   32          3.203945137788863e-07
   33          2.010466229091723e-07
   34          1.299329584793394e-07
   35          8.383145887545352e-08
   36          5.412843098679919e-08
   37          3.430277807115223e-08
   38          2.058970797322098e-08
   39          1.254630591231426e-08
   40          8.088549353136002e-09
   41          5.366775693412350e-09
   42          3.524096145225379e-09
   43          2.342953045737479e-09
   44          1.496808129710031e-09
   45          9.189306431543608e-10
   46          5.427406236685859e-10
   47          3.173326360068475e-10
   48          1.782536760265757e-10
 --------------------------------- 


 Final ||Ax - b|| norm =  0.000000000095305
 Final energy = 11011.635116792360350

 Bond dimension before truncation: 306
 Bond dimension after truncation: 51
 Updating right boundary for site 7

 MICROITERATION NUMBER = 17  , backward sweep
 - Optimization centered on site: 6
 - Left boundaries taken from index: 6
 - Right boundaries taken from index: 7


 Initial ||Ax - b|| norm =  0.999999633185482

 ------------------------------------- 
 Iteration  | Rel. error estimate      
 ------------------------------------- 
    0          9.999996331854816e-01
    1          6.749515208507727e-01
    2          2.920283120701966e-01
    3          1.450796368780337e-01
    4          9.648274710345359e-02
    5          6.803706161746634e-02
    6          4.772071227425390e-02
    7          3.206711644357565e-02
    8          2.137846790549924e-02
    9          1.383761159350867e-02
   10          8.427068471116982e-03
   11          5.063020157637479e-03
   12          3.086732629608071e-03
   13          1.954951625125987e-03
   14          1.384885038841009e-03
   15          1.016973803697448e-03
   16          6.966269616142378e-04
   17          4.136591525053377e-04
   18          2.133999285690793e-04
   19          1.098514842297532e-04
   20          6.056218069070469e-05
   21          3.261875805372003e-05
   22          1.741971922330204e-05
   23          9.747803761703578e-06
   24          5.627663955361712e-06
   25          3.421460579983046e-06
   26          2.208333263034654e-06
   27          1.392490110072872e-06
   28          8.627128838067773e-07
   29          5.144979407293596e-07
   30          3.018688433105847e-07
   31          1.813369155131975e-07
   32          1.156322606175494e-07
   33          7.621660893415110e-08
   34          4.820126619252156e-08
   35          2.825100677380603e-08
   36          1.584013427444001e-08
   37          9.132377638371613e-09
   38          5.711301641308054e-09
   39          3.708208606038317e-09
   40          2.339956410114510e-09
   41          1.461514749837534e-09
   42          9.011324835156416e-10
   43          5.298287182818001e-10
   44          2.991768258928141e-10
   45          1.640028772336818e-10
 --------------------------------- 


 Final ||Ax - b|| norm =  0.000000000087117
 Final energy = 11011.641553327384827

 Bond dimension before truncation: 306
 Bond dimension after truncation: 51
 Updating right boundary for site 6

 MICROITERATION NUMBER = 18  , backward sweep
 - Optimization centered on site: 5
 - Left boundaries taken from index: 5
 - Right boundaries taken from index: 6


 Initial ||Ax - b|| norm =  0.999999855025063

 ------------------------------------- 
 Iteration  | Rel. error estimate      
 ------------------------------------- 
    0          9.999998550250626e-01
    1          5.616544024743221e-01
    2          2.401024546792100e-01
    3          1.257382836277322e-01
    4          8.545881476243783e-02
    5          5.718860050076414e-02
    6          3.728115411323490e-02
    7          2.481279449650778e-02
    8          1.582036637979163e-02
    9          9.947808015760371e-03
   10          6.090676579196244e-03
   11          3.663678063779767e-03
   12          2.301071717635809e-03
   13          1.607452327674427e-03
   14          1.175514510058950e-03
   15          8.117626719979607e-04
   16          4.652567931239061e-04
   17          2.409139285597547e-04
   18          1.222305346283794e-04
   19          6.451870498550252e-05
   20          3.517445762113893e-05
   21          1.884992248496594e-05
   22          1.104533439567291e-05
   23          6.831349099270023e-06
   24          4.098444330467217e-06
   25          2.637138986809999e-06
   26          1.683014595739244e-06
   27          1.043303527143437e-06
   28          6.012205964332217e-07
   29          3.489649998602238e-07
   30          2.084803682938889e-07
   31          1.351548287148394e-07
   32          8.913842823538781e-08
   33          5.587917442611428e-08
   34          3.286260461132092e-08
   35          1.813591715122475e-08
   36          1.022546119131642e-08
   37          6.038160120550075e-09
   38          3.599127004027397e-09
   39          2.155313791064846e-09
   40          1.301843021185668e-09
   41          7.693139883905178e-10
   42          4.531074506075420e-10
   43          2.628953727975269e-10
   44          1.530239961793425e-10
 --------------------------------- 


 Final ||Ax - b|| norm =  0.000000000087093
 Final energy = 11011.646277506402839

 Bond dimension before truncation: 306
 Bond dimension after truncation: 51
 Updating right boundary for site 5

 MICROITERATION NUMBER = 19  , backward sweep
 - Optimization centered on site: 4
 - Left boundaries taken from index: 4
 - Right boundaries taken from index: 5


 Initial ||Ax - b|| norm =  0.999999960931466

 ------------------------------------- 
 Iteration  | Rel. error estimate      
 ------------------------------------- 
    0          9.999999609314664e-01
    1          5.062486289588465e-01
    2          2.183269559709720e-01
    3          1.205632305395642e-01
    4          8.028531799132838e-02
    5          5.283453371213041e-02
    6          3.440370843315700e-02
    7          2.177649660056181e-02
    8          1.363645149021457e-02
    9          8.602381103633455e-03
   10          5.065981576694216e-03
   11          2.954225783520497e-03
   12          1.904035667505162e-03
   13          1.333002452064306e-03
   14          9.485178591177525e-04
   15          6.202821028755085e-04
   16          3.407519335760690e-04
   17          1.671091040653694e-04
   18          8.251027551647049e-05
   19          4.339343882744767e-05
   20          2.272444687383003e-05
   21          1.217540504437903e-05
   22          6.847748406239395e-06
   23          4.117531909175761e-06
   24          2.710473622411269e-06
   25          1.725746478735327e-06
   26          1.075005850453220e-06
   27          6.579923406606766e-07
   28          3.756882369673750e-07
   29          2.208337281510427e-07
   30          1.317372584646206e-07
   31          8.501285301428499e-08
   32          5.282539873149972e-08
   33          3.250999249798792e-08
   34          1.850341460732060e-08
   35          1.063427182348913e-08
   36          6.194827312453872e-09
   37          3.563844537492743e-09
   38          1.977668963125897e-09
   39          1.102260294078370e-09
   40          6.198331669048493e-10
   41          3.537092857330077e-10
   42          2.045895586792038e-10
   43          1.206715457868525e-10
 --------------------------------- 


 Final ||Ax - b|| norm =  0.000000000073890
 Final energy = 11011.648382958561342

 Bond dimension before truncation: 306
 Bond dimension after truncation: 51
 Updating right boundary for site 4

 MICROITERATION NUMBER = 20  , backward sweep
 - Optimization centered on site: 3
 - Left boundaries taken from index: 3
 - Right boundaries taken from index: 4


 Initial ||Ax - b|| norm =  0.999999987882086

 ------------------------------------- 
 Iteration  | Rel. error estimate      
 ------------------------------------- 
    0          9.999999878820857e-01
    1          4.796282690720375e-01
    2          2.062484248747400e-01
    3          1.189263693737656e-01
    4          8.002138468487408e-02
    5          5.235552930872331e-02
    6          3.412877132475336e-02
    7          2.124141493438999e-02
    8          1.313339255118040e-02
    9          8.215529137688991e-03
   10          4.613874580729749e-03
   11          2.704279337360356e-03
   12          1.754418179872574e-03
   13          1.221059134311165e-03
   14          8.202552176346127e-04
   15          4.812421260506703e-04
   16          2.411574815691599e-04
   17          1.095515665639447e-04
   18          5.322651008467657e-05
   19          2.721065334888314e-05
   20          1.451823677429770e-05
   21          7.604824980819315e-06
   22          4.609288398848620e-06
   23          2.969363932937324e-06
   24          1.926131539196162e-06
   25          1.161494160810521e-06
   26          6.578134396934451e-07
   27          3.538098631756404e-07
   28          2.003356913412109e-07
   29          1.164366069446347e-07
   30          7.110659098187646e-08
   31          4.290384886627147e-08
   32          2.511838433590765e-08
   33          1.472910509536114e-08
   34          8.734913960405333e-09
   35          4.799491328554848e-09
   36          2.529842626248582e-09
   37          1.306684602486846e-09
   38          6.905175701893044e-10
   39          3.802247347452296e-10
   40          2.221157961205114e-10
   41          1.362300789671065e-10
 --------------------------------- 


 Final ||Ax - b|| norm =  0.000000000083377
 Final energy = 11011.649430252020466

 Bond dimension before truncation: 306
 Bond dimension after truncation: 51
 Updating right boundary for site 3

 MICROITERATION NUMBER = 21  , backward sweep
 - Optimization centered on site: 2
 - Left boundaries taken from index: 2
 - Right boundaries taken from index: 3


 Initial ||Ax - b|| norm =  0.999999978758673

 ------------------------------------- 
 Iteration  | Rel. error estimate      
 ------------------------------------- 
    0          9.999999787586729e-01
    1          1.883387048855633e-01
    2          1.109232763635129e-01
    3          7.087437474087223e-02
    4          4.295147834598484e-02
    5          2.802707568215485e-02
    6          1.698305681583992e-02
    7          1.022269662118162e-02
    8          6.301317913655994e-03
    9          3.470350742470267e-03
   10          2.078288861877569e-03
   11          1.538617028580667e-03
   12          1.056152755976836e-03
   13          5.900938825049721e-04
   14          3.225930497685026e-04
   15          1.654912464862489e-04
   16          8.414920458102004e-05
   17          4.712026604481943e-05
   18          2.573157472054118e-05
   19          1.441283029855067e-05
   20          8.385491234174579e-06
   21          4.668597268053701e-06
   22          2.536696508224689e-06
   23          1.559514347899653e-06
   24          1.045681520660445e-06
   25          6.657856459709746e-07
   26          3.834781853242921e-07
   27          2.131537557524572e-07
   28          1.057418960307562e-07
   29          5.226102144202909e-08
   30          2.971986036802564e-08
   31          1.751560582263629e-08
   32          1.100116185771583e-08
   33          6.916530506576585e-09
   34          4.038923771513676e-09
   35          2.205983605959247e-09
   36          1.106800464693785e-09
   37          5.798909887812946e-10
   38          2.756315672068110e-10
   39          1.287013912920602e-10
 --------------------------------- 


 Final ||Ax - b|| norm =  0.000000000069405
 Final energy = 11011.652644575568047

 Bond dimension before truncation: 306
 Bond dimension after truncation: 51
 Updating right boundary for site 2

 MICROITERATION NUMBER = 22  , backward sweep
 - Optimization centered on site: 1
 - Left boundaries taken from index: 1
 - Right boundaries taken from index: 2


 Initial ||Ax - b|| norm =  0.999999978411766

 ------------------------------------- 
 Iteration  | Rel. error estimate      
 ------------------------------------- 
    0          9.999999784117662e-01
    1          1.846021082084025e-01
    2          1.012839500447881e-01
    3          4.981975027357789e-02
    4          3.070710284874610e-02
    5          1.540936085600612e-02
    6          9.601802656406529e-03
    7          4.780988083591897e-03
    8          2.520119891618757e-03
    9          1.777952394316967e-03
   10          1.109618919937284e-03
   11          6.409829376823432e-04
   12          3.302779534481131e-04
   13          1.418193641224932e-04
   14          7.479333747202815e-05
   15          3.935707735752706e-05
   16          2.191477565065930e-05
   17          1.191101002316257e-05
   18          6.081559500598241e-06
   19          3.459973013283521e-06
   20          1.955529916377265e-06
   21          1.220952287318241e-06
   22          6.905811697831293e-07
   23          4.008611576206665e-07
   24          1.808802854016716e-07
   25          8.548776560116257e-08
   26          4.882913580542570e-08
   27          2.913824276863710e-08
   28          1.711531388116801e-08
   29          8.814912548374808e-09
   30          4.441276877053767e-09
   31          2.207016768174639e-09
   32          9.876929073731451e-10
   33          4.275299082753005e-10
   34          2.093755365423660e-10
   35          1.245406312615225e-10
 --------------------------------- 


 Final ||Ax - b|| norm =  0.000000000076393
 Final energy = 11011.652657945634928

 Bond dimension before truncation: 306
 Bond dimension after truncation: 51
 Updating right boundary for site 1

 MICROITERATION NUMBER = 23  , backward sweep
 - Optimization centered on site: 0
 - Left boundaries taken from index: 0
 - Right boundaries taken from index: 1


 Initial ||Ax - b|| norm =  0.999999977853506

 ------------------------------------- 
 Iteration  | Rel. error estimate      
 ------------------------------------- 
    0          9.999999778535058e-01
    1          1.846420256087714e-01
    2          1.006486887219818e-01
    3          4.861758594824260e-02
    4          2.684289096330672e-02
    5          1.424772082055998e-02
    6          7.390097121547403e-03
    7          2.967275108090521e-03
    8          1.999336615183478e-03
    9          1.266812954038325e-03
   10          6.739145131564125e-04
   11          2.577552022422941e-04
   12          1.162816303875416e-04
   13          5.891818181884716e-05
   14          2.764358282332338e-05
   15          1.281075552671320e-05
   16          6.994395412765834e-06
   17          3.274650127580316e-06
   18          1.903157885134388e-06
   19          1.069136057842379e-06
   20          5.919323848849646e-07
   21          2.257861065620095e-07
   22          9.997769204745929e-08
   23          5.065372817971543e-08
   24          2.899953851002030e-08
   25          1.521851044631544e-08
   26          8.112583240280462e-09
   27          4.004236416055126e-09
   28          1.723819940815673e-09
   29          6.769716982799322e-10
   30          2.875628248575752e-10
   31          1.556943999299359e-10
 --------------------------------- 


 Final ||Ax - b|| norm =  0.000000000080552
 Final energy = 11011.652657954078677

 Updating right boundary for site 0


 SWEEP NUMBER 2
 ----------------
 - Noise parameter: 0.0000000100
 - Maximum bond dimension: 50
 - Truncation parameter: 0.0000000000

 MICROITERATION NUMBER = 0  , forward sweep
 - Optimization centered on site: 0
 - Left boundaries taken from index: 0
 - Right boundaries taken from index: 1


 Initial ||Ax - b|| norm =  0.999999977853506

 ------------------------------------- 
 Iteration  | Rel. error estimate      
 ------------------------------------- 
    0          9.999999778535058e-01
    1          1.846420256087714e-01
    2          1.006486887219818e-01
    3          4.861758594824260e-02
    4          2.684289096330672e-02
    5          1.424772082055998e-02
    6          7.390097121547403e-03
    7          2.967275108090521e-03
    8          1.999336615183478e-03
    9          1.266812954038325e-03
   10          6.739145131564125e-04
   11          2.577552022422941e-04
   12          1.162816303875416e-04
   13          5.891818181884716e-05
   14          2.764358282332338e-05
   15          1.281075552671320e-05
   16          6.994395412765834e-06
   17          3.274650127580316e-06
   18          1.903157885134388e-06
   19          1.069136057842379e-06
   20          5.919323848849646e-07
   21          2.257861065620095e-07
   22          9.997769204745929e-08
   23          5.065372817971543e-08
   24          2.899953851002030e-08
   25          1.521851044631544e-08
   26          8.112583240280462e-09
   27          4.004236416055126e-09
   28          1.723819940815673e-09
   29          6.769716982799322e-10
   30          2.875628248575752e-10
   31          1.556943999299359e-10
 --------------------------------- 


 Final ||Ax - b|| norm =  0.000000000080552
 Final energy = 11011.652657954078677

 Bond dimension before truncation: 6
 Bond dimension after truncation: 6
 Updating left boundary for site 1

 MICROITERATION NUMBER = 1  , forward sweep
 - Optimization centered on site: 1
 - Left boundaries taken from index: 1
 - Right boundaries taken from index: 2


 Initial ||Ax - b|| norm =  0.999999978411767

 ------------------------------------- 
 Iteration  | Rel. error estimate      
 ------------------------------------- 
    0          9.999999784117666e-01
    1          1.846021082082564e-01
    2          1.012839500447034e-01
    3          4.981975027353999e-02
    4          3.070710284872395e-02
    5          1.540936085599316e-02
    6          9.601802656398815e-03
    7          4.780988083587960e-03
    8          2.520119891616451e-03
    9          1.777952394315257e-03
   10          1.109618919936327e-03
   11          6.409829376818317e-04
   12          3.302779534479039e-04
   13          1.418193641224062e-04
   14          7.479333747198998e-05
   15          3.935707735751502e-05
   16          2.191477565065560e-05
   17          1.191101002316669e-05
   18          6.081559500603734e-06
   19          3.459973013288910e-06
   20          1.955529916382129e-06
   21          1.220952287321224e-06
   22          6.905811697843883e-07
   23          4.008611576210925e-07
   24          1.808802854017432e-07
   25          8.548776560119268e-08
   26          4.882913580544855e-08
   27          2.913824276864947e-08
   28          1.711531388116871e-08
   29          8.814912548371846e-09
   30          4.441276877046563e-09
   31          2.207016768157531e-09
   32          9.876929073363211e-10
   33          4.275299081914435e-10
   34          2.093755364119510e-10
   35          1.245406312020443e-10
 --------------------------------- 


 Final ||Ax - b|| norm =  0.000000000076393
 Final energy = 11011.652657945644023

 Bond dimension before truncation: 36
 Bond dimension after truncation: 36
 Updating left boundary for site 2

 MICROITERATION NUMBER = 2  , forward sweep
 - Optimization centered on site: 2
 - Left boundaries taken from index: 2
 - Right boundaries taken from index: 3


 Initial ||Ax - b|| norm =  0.999999978758673

 ------------------------------------- 
 Iteration  | Rel. error estimate      
 ------------------------------------- 
    0          9.999999787586730e-01
    1          1.883387048855726e-01
    2          1.109232763635414e-01
    3          7.087437474088983e-02
    4          4.295147834598718e-02
    5          2.802707568215736e-02
    6          1.698305681584388e-02
    7          1.022269662118232e-02
    8          6.301317913655378e-03
    9          3.470350742470123e-03
   10          2.078288861877739e-03
   11          1.538617028580818e-03
   12          1.056152755976918e-03
   13          5.900938825050198e-04
   14          3.225930497685186e-04
   15          1.654912464862716e-04
   16          8.414920458104531e-05
   17          4.712026604484374e-05
   18          2.573157472055974e-05
   19          1.441283029856684e-05
   20          8.385491234189384e-06
   21          4.668597268066283e-06
   22          2.536696508235205e-06
   23          1.559514347908342e-06
   24          1.045681520666703e-06
   25          6.657856459741476e-07
   26          3.834781853254644e-07
   27          2.131537557528367e-07
   28          1.057418960308763e-07
   29          5.226102144206827e-08
   30          2.971986036803281e-08
   31          1.751560582263708e-08
   32          1.100116185772620e-08
   33          6.916530506691524e-09
   34          4.038923771841558e-09
   35          2.205983606833491e-09
   36          1.106800466565387e-09
   37          5.798909914661082e-10
   38          2.756315709131722e-10
   39          1.287013934958534e-10
 --------------------------------- 


 Final ||Ax - b|| norm =  0.000000000069396
 Final energy = 11011.652644575575323

 Bond dimension before truncation: 216
 Bond dimension after truncation: 51
 Updating left boundary for site 3

 MICROITERATION NUMBER = 3  , forward sweep
 - Optimization centered on site: 3
 - Left boundaries taken from index: 3
 - Right boundaries taken from index: 4


 Initial ||Ax - b|| norm =  0.999999987882078

 ------------------------------------- 
 Iteration  | Rel. error estimate      
 ------------------------------------- 
    0          9.999999878820776e-01
    1          4.796281356673260e-01
    2          2.062483097162985e-01
    3          1.189263115877892e-01
    4          8.002135949171491e-02
    5          5.235553257769256e-02
    6          3.412879468963582e-02
    7          2.124145418803623e-02
    8          1.313342306119173e-02
    9          8.215545601483817e-03
   10          4.613882663192220e-03
   11          2.704284004010586e-03
   12          1.754419547497209e-03
   13          1.221059571301837e-03
   14          8.202553512664473e-04
   15          4.812417350324778e-04
   16          2.411576754501445e-04
   17          1.095520646673106e-04
   18          5.322670993498213e-05
   19          2.721074363407251e-05
   20          1.451831416425950e-05
   21          7.604856165886809e-06
   22          4.609311115889503e-06
   23          2.969378208837526e-06
   24          1.926137200156932e-06
   25          1.161493507965668e-06
   26          6.578127954433360e-07
   27          3.538092876928204e-07
   28          2.003343890958659e-07
   29          1.164350574320207e-07
   30          7.110565370543438e-08
   31          4.290317818965671e-08
   32          2.511797663055016e-08
   33          1.472890339128651e-08
   34          8.734827699664997e-09
   35          4.799461176300054e-09
   36          2.529836294742429e-09
   37          1.306684592328463e-09
   38          6.905168299584320e-10
   39          3.802247539557841e-10
   40          2.221181290528588e-10
   41          1.362370292001127e-10
 --------------------------------- 


 Final ||Ax - b|| norm =  0.000000000083382
 Final energy = 11011.649430255170955

 Bond dimension before truncation: 306
 Bond dimension after truncation: 51
 Updating left boundary for site 4

 MICROITERATION NUMBER = 4  , forward sweep
 - Optimization centered on site: 4
 - Left boundaries taken from index: 4
 - Right boundaries taken from index: 5


 Initial ||Ax - b|| norm =  0.999999960934401

 ------------------------------------- 
 Iteration  | Rel. error estimate      
 ------------------------------------- 
    0          9.999999609344009e-01
    1          5.062499723173916e-01
    2          2.183280758617052e-01
    3          1.205637031387849e-01
    4          8.028583582998625e-02
    5          5.283472251064176e-02
    6          3.440372052402785e-02
    7          2.177656092512568e-02
    8          1.363646766966960e-02
    9          8.602404545920803e-03
   10          5.066021708169532e-03
   11          2.954267527647492e-03
   12          1.904051377937559e-03
   13          1.333010892860752e-03
   14          9.485216534269519e-04
   15          6.202765203616247e-04
   16          3.407446491305791e-04
   17          1.671037039865657e-04
   18          8.250693498069309e-05
   19          4.339192861649783e-05
   20          2.272407904000795e-05
   21          1.217532492584071e-05
   22          6.847762029325375e-06
   23          4.117541191560339e-06
   24          2.710486068287567e-06
   25          1.725748165084814e-06
   26          1.075003506437369e-06
   27          6.579839981004443e-07
   28          3.756863512583299e-07
   29          2.208341831300198e-07
   30          1.317393881047295e-07
   31          8.501376600922619e-08
   32          5.282585098691325e-08
   33          3.251029533121064e-08
   34          1.850365050221848e-08
   35          1.063438205782615e-08
   36          6.194947290919832e-09
   37          3.563940030805425e-09
   38          1.977733887433125e-09
   39          1.102284715136208e-09
   40          6.198456105742577e-10
   41          3.537173633022941e-10
   42          2.045926040470320e-10
   43          1.206734422242740e-10
 --------------------------------- 


 Final ||Ax - b|| norm =  0.000000000073877
 Final energy = 11011.648382964065604

 Bond dimension before truncation: 306
 Bond dimension after truncation: 51
 Updating left boundary for site 5

 MICROITERATION NUMBER = 5  , forward sweep
 - Optimization centered on site: 5
 - Left boundaries taken from index: 5
 - Right boundaries taken from index: 6


 Initial ||Ax - b|| norm =  0.999999855025999

 ------------------------------------- 
 Iteration  | Rel. error estimate      
 ------------------------------------- 
    0          9.999998550259994e-01
    1          5.616540361478167e-01
    2          2.401025062856653e-01
    3          1.257380967287233e-01
    4          8.545869080596921e-02
    5          5.718855209622704e-02
    6          3.728111461634319e-02
    7          2.481273912126414e-02
    8          1.582034324966549e-02
    9          9.947796781990193e-03
   10          6.090688616930164e-03
   11          3.663676808475340e-03
   12          2.301057947639246e-03
   13          1.607449485425380e-03
   14          1.175512495607508e-03
   15          8.117580731195156e-04
   16          4.652540072016066e-04
   17          2.409138794877109e-04
   18          1.222286832048649e-04
   19          6.451700283028831e-05
   20          3.517291142856058e-05
   21          1.884900683363588e-05
   22          1.104493608062579e-05
   23          6.831202480209188e-06
   24          4.098377769781975e-06
   25          2.637105330107787e-06
   26          1.683012488780544e-06
   27          1.043294409790835e-06
   28          6.012097788108210e-07
   29          3.489637466321353e-07
   30          2.084842850284199e-07
   31          1.351577525435456e-07
   32          8.914246942972655e-08
   33          5.588616205695756e-08
   34          3.287001067373265e-08
   35          1.814097159732640e-08
   36          1.022836574967814e-08
   37          6.039572052897978e-09
   38          3.599883098925572e-09
   39          2.155718454312680e-09
   40          1.302030106359885e-09
   41          7.693787586569166e-10
   42          4.531269847989601e-10
   43          2.629008033479094e-10
   44          1.530245989346948e-10
 --------------------------------- 


 Final ||Ax - b|| norm =  0.000000000087090
 Final energy = 11011.646277564908814

 Bond dimension before truncation: 306
 Bond dimension after truncation: 51
 Updating left boundary for site 6

 MICROITERATION NUMBER = 6  , forward sweep
 - Optimization centered on site: 6
 - Left boundaries taken from index: 6
 - Right boundaries taken from index: 7


 Initial ||Ax - b|| norm =  0.999999633180683

 ------------------------------------- 
 Iteration  | Rel. error estimate      
 ------------------------------------- 
    0          9.999996331806833e-01
    1          6.749553546912904e-01
    2          2.920323301534680e-01
    3          1.450817762598223e-01
    4          9.648389479144591e-02
    5          6.803781053183547e-02
    6          4.772160650082276e-02
    7          3.206792623951268e-02
    8          2.137918815397198e-02
    9          1.383820662603543e-02
   10          8.427476103345573e-03
   11          5.063023315703927e-03
   12          3.086667127291302e-03
   13          1.954969617385782e-03
   14          1.384897819609435e-03
   15          1.016958522807611e-03
   16          6.966248753892043e-04
   17          4.136601688391223e-04
   18          2.133951950920776e-04
   19          1.098514913652806e-04
   20          6.056485735378414e-05
   21          3.262115038138664e-05
   22          1.742021864674130e-05
   23          9.748121211919674e-06
   24          5.627629610007755e-06
   25          3.421538452433557e-06
   26          2.208401021829472e-06
   27          1.392478669631913e-06
   28          8.626861662109350e-07
   29          5.144788045362731e-07
   30          3.018403033599794e-07
   31          1.813201002195747e-07
   32          1.156229013219065e-07
   33          7.620949191890233e-08
   34          4.819912501978168e-08
   35          2.825122789870859e-08
   36          1.584113508087374e-08
   37          9.132831000212627e-09
   38          5.711203878400612e-09
   39          3.708041739443016e-09
   40          2.339797006651024e-09
   41          1.461339166784201e-09
   42          9.010222796993382e-10
   43          5.297755271026630e-10
   44          2.991487595422079e-10
   45          1.639930179986966e-10
 --------------------------------- 


 Final ||Ax - b|| norm =  0.000000000087126
 Final energy = 11011.641552872137254

 Bond dimension before truncation: 306
 Bond dimension after truncation: 51
 Updating left boundary for site 7

 MICROITERATION NUMBER = 7  , forward sweep
 - Optimization centered on site: 7
 - Left boundaries taken from index: 7
 - Right boundaries taken from index: 8


 Initial ||Ax - b|| norm =  0.999999341227095

 ------------------------------------- 
 Iteration  | Rel. error estimate      
 ------------------------------------- 
    0          9.999993412270950e-01
    1          7.695535351176421e-01
    2          3.635007983256243e-01
    3          1.611383597752168e-01
    4          1.044044769388423e-01
    5          7.614217731871946e-02
    6          5.327786443431154e-02
    7          3.707129449338012e-02
    8          2.583777341833626e-02
    9          1.734776263396418e-02
   10          1.114620190408081e-02
   11          7.206709831828494e-03
   12          4.320614160515284e-03
   13          2.786506654826677e-03
   14          1.793210882695576e-03
   15          1.315133931502556e-03
   16          9.827266577890513e-04
   17          7.013421727828321e-04
   18          4.476989034236257e-04
   19          2.427834566130734e-04
   20          1.366058622163118e-04
   21          7.339804342311251e-05
   22          4.258636971281506e-05
   23          2.421526042957476e-05
   24          1.347734475777425e-05
   25          7.865033054566407e-06
   26          4.949368607513505e-06
   27          3.322303870735035e-06
   28          2.277214433783690e-06
   29          1.485792044518264e-06
   30          8.797597469423053e-07
   31          5.196578937488614e-07
   32          3.204316605103251e-07
   33          2.009866286939132e-07
   34          1.298620311156489e-07
   35          8.379057803397427e-08
   36          5.411296749246795e-08
   37          3.429872948677356e-08
   38          2.058478312224087e-08
   39          1.254140727998498e-08
   40          8.084738207904123e-09
   41          5.364585806148548e-09
   42          3.523661217605680e-09
   43          2.342937656427355e-09
   44          1.496498029334378e-09
   45          9.183945653058184e-10
   46          5.423314376883231e-10
   47          3.171652917687737e-10
   48          1.782587785723183e-10
 --------------------------------- 


 Final ||Ax - b|| norm =  0.000000000095368
 Final energy = 11011.635112834161191

 Bond dimension before truncation: 306
 Bond dimension after truncation: 51
 Updating left boundary for site 8

 MICROITERATION NUMBER = 8  , forward sweep
 - Optimization centered on site: 8
 - Left boundaries taken from index: 8
 - Right boundaries taken from index: 9


 Initial ||Ax - b|| norm =  0.999999109179551

 ------------------------------------- 
 Iteration  | Rel. error estimate      
 ------------------------------------- 
    0          9.999991091795510e-01
    1          7.438533804758257e-01
    2          3.969639637306677e-01
    3          2.175934273449464e-01
    4          1.456222764246041e-01
    5          1.100936266070168e-01
    6          8.679889982000899e-02
    7          6.780280660457230e-02
    8          5.133438313685995e-02
    9          3.867548089978123e-02
   10          2.894759300415976e-02
   11          2.181745788300309e-02
   12          1.553259054721352e-02
   13          1.112186393638186e-02
   14          8.071011466045145e-03
   15          5.581667936986761e-03
   16          3.857333849969242e-03
   17          2.703838110617343e-03
   18          1.924170597308560e-03
   19          1.449523868326466e-03
   20          1.152649689605231e-03
   21          9.341414894901483e-04
   22          7.235596898014903e-04
   23          5.096510534436814e-04
   24          3.329713144825585e-04
   25          2.077213560146690e-04
   26          1.275578416526938e-04
   27          7.838751310181927e-05
   28          4.944124393400233e-05
   29          3.135310561369514e-05
   30          2.004288039879685e-05
   31          1.318924666217590e-05
   32          8.551412592973868e-06
   33          5.491486637675643e-06
   34          3.717205903437229e-06
   35          2.692768623003688e-06
   36          2.041920938313320e-06
   37          1.552012273881791e-06
   38          1.136937369408245e-06
   39          8.072631031894811e-07
   40          5.587437696682725e-07
   41          3.809064496797969e-07
   42          2.620208213927588e-07
   43          1.870171426922615e-07
   44          1.298997350748206e-07
   45          8.659372848688005e-08
   46          5.732230879186809e-08
   47          3.701876769539279e-08
   48          2.326604184989907e-08
 --------------------------------- 


 Final ||Ax - b|| norm =  0.000000014419029
 Final energy = 11011.635133363475688

 Bond dimension before truncation: 306
 Bond dimension after truncation: 51
 Updating left boundary for site 9

 MICROITERATION NUMBER = 9  , forward sweep
 - Optimization centered on site: 9
 - Left boundaries taken from index: 9
 - Right boundaries taken from index: 10


 Initial ||Ax - b|| norm =  0.999998876743226

 ------------------------------------- 
 Iteration  | Rel. error estimate      
 ------------------------------------- 
    0          9.999988767432260e-01
    1          6.563486918457023e-01
    2          3.430386034332882e-01
    3          2.219510561780347e-01
    4          1.649744260165966e-01
    5          1.349439637442990e-01
    6          1.145427638871687e-01
    7          9.704618551724861e-02
    8          7.983223308904734e-02
    9          6.355694245365437e-02
   10          5.056790421999868e-02
   11          4.057413938229400e-02
   12          3.215166558861524e-02
   13          2.617514354513944e-02
   14          2.048670346325726e-02
   15          1.567046412556925e-02
   16          1.173040629408341e-02
   17          8.799373889837415e-03
   18          6.773016215349274e-03
   19          5.313785063821107e-03
   20          4.105355039026879e-03
   21          3.326915015283737e-03
   22          2.513398199875436e-03
   23          1.859457469040341e-03
   24          1.432883943272275e-03
   25          1.172155326420471e-03
   26          9.871357227676416e-04
   27          8.667718685477090e-04
   28          7.293245053017400e-04
   29          5.928571215563077e-04
   30          4.698401309049188e-04
   31          3.647197249815506e-04
   32          2.603938701321019e-04
   33          1.806659054126288e-04
   34          1.213623258020950e-04
   35          7.858807733026818e-05
   36          5.189407490345218e-05
   37          3.524542879642145e-05
   38          2.588573895634442e-05
   39          1.850958023343584e-05
   40          1.308956854804729e-05
   41          9.735971591131335e-06
   42          7.406951021338793e-06
   43          5.746074043610065e-06
   44          4.425899696651154e-06
   45          3.396139158356535e-06
   46          2.635615037230327e-06
   47          2.065944259097335e-06
   48          1.606286408524717e-06
 --------------------------------- 


 Final ||Ax - b|| norm =  0.000001293298635
 Final energy = 11011.637055774897817

 Bond dimension before truncation: 306
 Bond dimension after truncation: 51
 Updating left boundary for site 10

 MICROITERATION NUMBER = 10  , forward sweep
 - Optimization centered on site: 10
 - Left boundaries taken from index: 10
 - Right boundaries taken from index: 11


 Initial ||Ax - b|| norm =  0.999998716992740

 ------------------------------------- 
 Iteration  | Rel. error estimate      
 ------------------------------------- 
    0          9.999987169927397e-01
    1          4.947698845530193e-01
    2          2.418589602855339e-01
    3          1.527962800700844e-01
    4          1.176045377911707e-01
    5          9.609456912271579e-02
    6          7.544049955604726e-02
    7          5.353032470595172e-02
    8          4.025139468317866e-02
    9          2.726610671945107e-02
   10          2.098472895454220e-02
   11          1.491965748752492e-02
   12          1.031424880363014e-02
   13          7.113946709616817e-03
   14          4.672199232119588e-03
   15          2.926747992167830e-03
   16          1.738039752944538e-03
   17          1.017358305048373e-03
   18          5.415339798010041e-04
   19          2.807171765554367e-04
   20          1.645301003426836e-04
   21          1.051145512496411e-04
   22          6.354020045794376e-05
   23          3.911985380847337e-05
   24          2.447253720430309e-05
   25          1.653781453652409e-05
   26          1.160021323950879e-05
   27          8.932007978020129e-06
   28          6.471598159784946e-06
   29          4.276568066558049e-06
   30          2.481198371828947e-06
   31          1.435516452022295e-06
   32          8.348984379635319e-07
   33          5.217220622924623e-07
   34          3.242419588279472e-07
   35          1.868069068016444e-07
   36          1.039136541291636e-07
   37          6.256628232303431e-08
   38          3.944058613546456e-08
   39          2.329827225892119e-08
   40          1.184808495810940e-08
   41          5.644773624849735e-09
   42          2.924911194498916e-09
   43          1.453484931266559e-09
   44          8.456037350237657e-10
   45          4.551657538901179e-10
   46          2.157549821655802e-10
   47          1.170146401873006e-10
 --------------------------------- 


 Final ||Ax - b|| norm =  0.000000000065539
 Final energy = 11011.637287956793443

 Bond dimension before truncation: 306
 Bond dimension after truncation: 51
 Updating left boundary for site 11

 MICROITERATION NUMBER = 11  , forward sweep
 - Optimization centered on site: 11
 - Left boundaries taken from index: 11
 - Right boundaries taken from index: 12


 Initial ||Ax - b|| norm =  0.999998716089693

 ------------------------------------- 
 Iteration  | Rel. error estimate      
 ------------------------------------- 
    0          9.999987160896935e-01
    1          4.531339150255417e-01
    2          2.349066523371779e-01
    3          1.621497969577048e-01
    4          1.246066103119514e-01
    5          8.647672758680028e-02
    6          4.986428438051226e-02
    7          3.008447158005893e-02
    8          1.936612441000202e-02
    9          1.242317980893407e-02
   10          7.962031701306100e-03
   11          5.330893219140148e-03
   12          3.421575612337760e-03
   13          2.288805961217469e-03
   14          1.382673422543720e-03
   15          7.788911079344012e-04
   16          3.955036575780171e-04
   17          2.300052113026862e-04
   18          1.354776592502032e-04
   19          7.007087585597646e-05
   20          3.310870252954566e-05
   21          1.583536736354907e-05
   22          8.526194554578334e-06
   23          5.595370839772450e-06
   24          3.924018294928058e-06
   25          2.925965337694961e-06
   26          2.107273874056210e-06
   27          1.453792531855703e-06
   28          1.072111415981464e-06
   29          8.000113767957827e-07
   30          6.302026773638984e-07
   31          4.863659676239210e-07
   32          3.697872352464854e-07
   33          2.641016732132727e-07
   34          1.893892003425790e-07
   35          1.359469388849612e-07
   36          9.755790106137853e-08
   37          6.592538569059006e-08
   38          4.049296229156665e-08
   39          2.273202745443411e-08
   40          1.317112326262813e-08
   41          7.703465054337629e-09
   42          4.180505308095147e-09
   43          1.975823424360095e-09
   44          9.406838678862942e-10
   45          4.792340138275184e-10
   46          2.492542959929046e-10
   47          1.212793659178666e-10
 --------------------------------- 


 Final ||Ax - b|| norm =  0.000000000055807
 Final energy = 11011.637287956749788

 Updating left boundary for site 12

 MICROITERATION NUMBER = 12  , backward sweep
 - Optimization centered on site: 11
 - Left boundaries taken from index: 11
 - Right boundaries taken from index: 12


 Initial ||Ax - b|| norm =  0.999998716089693

 ------------------------------------- 
 Iteration  | Rel. error estimate      
 ------------------------------------- 
    0          9.999987160896935e-01
    1          4.531339150255417e-01
    2          2.349066523371779e-01
    3          1.621497969577048e-01
    4          1.246066103119514e-01
    5          8.647672758680028e-02
    6          4.986428438051226e-02
    7          3.008447158005893e-02
    8          1.936612441000202e-02
    9          1.242317980893407e-02
   10          7.962031701306100e-03
   11          5.330893219140148e-03
   12          3.421575612337760e-03
   13          2.288805961217469e-03
   14          1.382673422543720e-03
   15          7.788911079344012e-04
   16          3.955036575780171e-04
   17          2.300052113026862e-04
   18          1.354776592502032e-04
   19          7.007087585597646e-05
   20          3.310870252954566e-05
   21          1.583536736354907e-05
   22          8.526194554578334e-06
   23          5.595370839772450e-06
   24          3.924018294928058e-06
   25          2.925965337694961e-06
   26          2.107273874056210e-06
   27          1.453792531855703e-06
   28          1.072111415981464e-06
   29          8.000113767957827e-07
   30          6.302026773638984e-07
   31          4.863659676239210e-07
   32          3.697872352464854e-07
   33          2.641016732132727e-07
   34          1.893892003425790e-07
   35          1.359469388849612e-07
   36          9.755790106137853e-08
   37          6.592538569059006e-08
   38          4.049296229156665e-08
   39          2.273202745443411e-08
   40          1.317112326262813e-08
   41          7.703465054337629e-09
   42          4.180505308095147e-09
   43          1.975823424360095e-09
   44          9.406838678862942e-10
   45          4.792340138275184e-10
   46          2.492542959929046e-10
   47          1.212793659178666e-10
 --------------------------------- 


 Final ||Ax - b|| norm =  0.000000000055807
 Final energy = 11011.637287956749788

 Bond dimension before truncation: 6
 Bond dimension after truncation: 6
 Updating right boundary for site 11

 MICROITERATION NUMBER = 13  , backward sweep
 - Optimization centered on site: 10
 - Left boundaries taken from index: 10
 - Right boundaries taken from index: 11


 Initial ||Ax - b|| norm =  0.999998716992740

 ------------------------------------- 
 Iteration  | Rel. error estimate      
 ------------------------------------- 
    0          9.999987169927400e-01
    1          4.947698845531618e-01
    2          2.418589602856226e-01
    3          1.527962800701455e-01
    4          1.176045377912203e-01
    5          9.609456912275677e-02
    6          7.544049955607812e-02
    7          5.353032470597202e-02
    8          4.025139468319306e-02
    9          2.726610671946095e-02
   10          2.098472895455041e-02
   11          1.491965748753147e-02
   12          1.031424880363490e-02
   13          7.113946709619908e-03
   14          4.672199232121344e-03
   15          2.926747992168734e-03
   16          1.738039752944993e-03
   17          1.017358305048629e-03
   18          5.415339798011433e-04
   19          2.807171765555093e-04
   20          1.645301003427222e-04
   21          1.051145512496630e-04
   22          6.354020045795734e-05
   23          3.911985380848283e-05
   24          2.447253720430991e-05
   25          1.653781453652979e-05
   26          1.160021323951550e-05
   27          8.932007978026895e-06
   28          6.471598159788097e-06
   29          4.276568066559269e-06
   30          2.481198371829558e-06
   31          1.435516452022622e-06
   32          8.348984379637111e-07
   33          5.217220622925680e-07
   34          3.242419588279980e-07
   35          1.868069068016611e-07
   36          1.039136541291619e-07
   37          6.256628232303049e-08
   38          3.944058613546457e-08
   39          2.329827225892761e-08
   40          1.184808495813034e-08
   41          5.644773624915663e-09
   42          2.924911194717079e-09
   43          1.453484932081503e-09
   44          8.456037359259666e-10
   45          4.551657540831246e-10
   46          2.157549822005031e-10
   47          1.170146401903406e-10
 --------------------------------- 


 Final ||Ax - b|| norm =  0.000000000065547
 Final energy = 11011.637287956817090

 Bond dimension before truncation: 36
 Bond dimension after truncation: 36
 Updating right boundary for site 10

 MICROITERATION NUMBER = 14  , backward sweep
 - Optimization centered on site: 9
 - Left boundaries taken from index: 9
 - Right boundaries taken from index: 10


 Initial ||Ax - b|| norm =  0.999998876743225

 ------------------------------------- 
 Iteration  | Rel. error estimate      
 ------------------------------------- 
    0          9.999988767432254e-01
    1          6.563486918449688e-01
    2          3.430386034327275e-01
    3          2.219510561776776e-01
    4          1.649744260163421e-01
    5          1.349439637440931e-01
    6          1.145427638869888e-01
    7          9.704618551708621e-02
    8          7.983223308890240e-02
    9          6.355694245353229e-02
   10          5.056790421990167e-02
   11          4.057413938221930e-02
   12          3.215166558855941e-02
   13          2.617514354509613e-02
   14          2.048670346322504e-02
   15          1.567046412554580e-02
   16          1.173040629406681e-02
   17          8.799373889822821e-03
   18          6.773016215314355e-03
   19          5.313785063701362e-03
   20          4.105355038677852e-03
   21          3.326915015030275e-03
   22          2.513398199840507e-03
   23          1.859457469033394e-03
   24          1.432883943268091e-03
   25          1.172155326418533e-03
   26          9.871357227713368e-04
   27          8.667718685626879e-04
   28          7.293245053591848e-04
   29          5.928571218431305e-04
   30          4.698401315451463e-04
   31          3.647197253055608e-04
   32          2.603938701677202e-04
   33          1.806659054147394e-04
   34          1.213623258022308e-04
   35          7.858807733123162e-05
   36          5.189407490827473e-05
   37          3.524542881189493e-05
   38          2.588573896485059e-05
   39          1.850958023413584e-05
   40          1.308956854848983e-05
   41          9.735971591957605e-06
   42          7.406951021866224e-06
   43          5.746074043728759e-06
   44          4.425899696665761e-06
   45          3.396139158359274e-06
   46          2.635615037244817e-06
   47          2.065944259153544e-06
   48          1.606286408801221e-06
 --------------------------------- 


 Final ||Ax - b|| norm =  0.000001293298620
 Final energy = 11011.637055774976034

 Bond dimension before truncation: 216
 Bond dimension after truncation: 51
 Updating right boundary for site 9

 MICROITERATION NUMBER = 15  , backward sweep
 - Optimization centered on site: 8
 - Left boundaries taken from index: 8
 - Right boundaries taken from index: 9


 Initial ||Ax - b|| norm =  0.999999109179551

 ------------------------------------- 
 Iteration  | Rel. error estimate      
 ------------------------------------- 
    0          9.999991091795508e-01
    1          7.438534085274863e-01
    2          3.969639587662390e-01
    3          2.175934660953201e-01
    4          1.456222849531109e-01
    5          1.100936117205904e-01
    6          8.679887750156098e-02
    7          6.780278004674579e-02
    8          5.133435984383974e-02
    9          3.867545821501240e-02
   10          2.894757186946445e-02
   11          2.181744126521920e-02
   12          1.553257569977759e-02
   13          1.112184988900804e-02
   14          8.071001230807971e-03
   15          5.581657767525699e-03
   16          3.857325391674759e-03
   17          2.703834350668873e-03
   18          1.924167159308675e-03
   19          1.449521565242021e-03
   20          1.152647973000839e-03
   21          9.341401208764110e-04
   22          7.235580793604834e-04
   23          5.096492758361501e-04
   24          3.329702165742968e-04
   25          2.077205900572732e-04
   26          1.275572072245622e-04
   27          7.838717240730984e-05
   28          4.944102860176046e-05
   29          3.135295223013028e-05
   30          2.004278851219772e-05
   31          1.318919435596570e-05
   32          8.551375247808400e-06
   33          5.491455088602278e-06
   34          3.717190430096784e-06
   35          2.692759125141272e-06
   36          2.041913846687945e-06
   37          1.552007342561598e-06
   38          1.136933190855976e-06
   39          8.072595206953039e-07
   40          5.587407051147205e-07
   41          3.809043926094536e-07
   42          2.620196790799945e-07
   43          1.870161558713769e-07
   44          1.298989639827904e-07
   45          8.659327234385839e-08
   46          5.732197906841147e-08
   47          3.701850950733035e-08
   48          2.326581614211258e-08
 --------------------------------- 


 Final ||Ax - b|| norm =  0.000000014418922
 Final energy = 11011.635133363370187

 Bond dimension before truncation: 306
 Bond dimension after truncation: 51
 Updating right boundary for site 8

 MICROITERATION NUMBER = 16  , backward sweep
 - Optimization centered on site: 7
 - Left boundaries taken from index: 7
 - Right boundaries taken from index: 8


 Initial ||Ax - b|| norm =  0.999999341227085

 ------------------------------------- 
 Iteration  | Rel. error estimate      
 ------------------------------------- 
    0          9.999993412270846e-01
    1          7.695529869895906e-01
    2          3.634981884354385e-01
    3          1.611374525175111e-01
    4          1.044039977487006e-01
    5          7.614175484779141e-02
    6          5.327745010753673e-02
    7          3.707098985735929e-02
    8          2.583752658161768e-02
    9          1.734753270212483e-02
   10          1.114605113635064e-02
   11          7.206577146325951e-03
   12          4.320528944914337e-03
   13          2.786451943924618e-03
   14          1.793178182720438e-03
   15          1.315116096091012e-03
   16          9.827093864943292e-04
   17          7.013267880760920e-04
   18          4.476834143743821e-04
   19          2.427742934575589e-04
   20          1.366003949952050e-04
   21          7.339506429375855e-05
   22          4.258475334802853e-05
   23          2.421418343110416e-05
   24          1.347670720567456e-05
   25          7.864688533127729e-06
   26          4.949154012064311e-06
   27          3.322170581329613e-06
   28          2.277117282092325e-06
   29          1.485717478617194e-06
   30          8.797077537310841e-07
   31          5.196309131297680e-07
   32          3.204147498041970e-07
   33          2.009770886843523e-07
   34          1.298557515299108e-07
   35          8.378681140132341e-08
   36          5.411036884682088e-08
   37          3.429705642176162e-08
   38          2.058361753492499e-08
   39          1.254081351811307e-08
   40          8.084368658002449e-09
   41          5.364335149167950e-09
   42          3.523491763396381e-09
   43          2.342813949188467e-09
   44          1.496407708424799e-09
   45          9.183301176174017e-10
   46          5.422908012638023e-10
   47          3.171402239795831e-10
   48          1.782428459686679e-10
 --------------------------------- 


 Final ||Ax - b|| norm =  0.000000000095357
 Final energy = 11011.635112841446244

 Bond dimension before truncation: 306
 Bond dimension after truncation: 51
 Updating right boundary for site 7

 MICROITERATION NUMBER = 17  , backward sweep
 - Optimization centered on site: 6
 - Left boundaries taken from index: 6
 - Right boundaries taken from index: 7


 Initial ||Ax - b|| norm =  0.999999633165329

 ------------------------------------- 
 Iteration  | Rel. error estimate      
 ------------------------------------- 
    0          9.999996331653295e-01
    1          6.749637391840106e-01
    2          2.920404074802849e-01
    3          1.450855276681839e-01
    4          9.648552338790341e-02
    5          6.803951531697879e-02
    6          4.772319000470679e-02
    7          3.206894822398076e-02
    8          2.138015389302079e-02
    9          1.383893672659453e-02
   10          8.427936304322372e-03
   11          5.063385417491096e-03
   12          3.086906462285122e-03
   13          1.955084680080470e-03
   14          1.384968942859055e-03
   15          1.017010557827547e-03
   16          6.966811389195201e-04
   17          4.137044847185531e-04
   18          2.134232577398417e-04
   19          1.098654853510794e-04
   20          6.057276059298328e-05
   21          3.262609233783674e-05
   22          1.742249025924194e-05
   23          9.749375147049863e-06
   24          5.628342954043746e-06
   25          3.421920798661861e-06
   26          2.208663526215122e-06
   27          1.392661175028083e-06
   28          8.628001905545449e-07
   29          5.145548727104314e-07
   30          3.018888300916934e-07
   31          1.813478834107617e-07
   32          1.156392396770135e-07
   33          7.622111456463604e-08
   34          4.820815783906577e-08
   35          2.825704471796064e-08
   36          1.584501481471714e-08
   37          9.134736460714783e-09
   38          5.712253880809459e-09
   39          3.708756720698355e-09
   40          2.340232233839431e-09
   41          1.461623345567206e-09
   42          9.011974073406682e-10
   43          5.298978942202045e-10
   44          2.992219360878250e-10
   45          1.640351248226931e-10
 --------------------------------- 


 Final ||Ax - b|| norm =  0.000000000087146
 Final energy = 11011.641552653527469

 Bond dimension before truncation: 306
 Bond dimension after truncation: 51
 Updating right boundary for site 6

 MICROITERATION NUMBER = 18  , backward sweep
 - Optimization centered on site: 5
 - Left boundaries taken from index: 5
 - Right boundaries taken from index: 6


 Initial ||Ax - b|| norm =  0.999999854996552

 ------------------------------------- 
 Iteration  | Rel. error estimate      
 ------------------------------------- 
    0          9.999998549965520e-01
    1          5.616720216517627e-01
    2          2.401220154498442e-01
    3          1.257483199481709e-01
    4          8.546484696751096e-02
    5          5.719335142703090e-02
    6          3.728501662624990e-02
    7          2.481584625027100e-02
    8          1.582270257401732e-02
    9          9.949503951415787e-03
   10          6.091722093110463e-03
   11          3.664391239841787e-03
   12          2.301484646953048e-03
   13          1.607667234527875e-03
   14          1.175679145110138e-03
   15          8.119127969908181e-04
   16          4.653741742636090e-04
   17          2.410059193992472e-04
   18          1.222759356159225e-04
   19          6.454203935689943e-05
   20          3.519168316557880e-05
   21          1.885968514792346e-05
   22          1.105009244719613e-05
   23          6.834350146892387e-06
   24          4.099905149099298e-06
   25          2.638014655855902e-06
   26          1.683602974156126e-06
   27          1.043772687392915e-06
   28          6.015137189302265e-07
   29          3.491239935062323e-07
   30          2.085756032288840e-07
   31          1.352073081745867e-07
   32          8.917476865614916e-08
   33          5.590787253529876e-08
   34          3.288466102753019e-08
   35          1.814979072267703e-08
   36          1.023219622437876e-08
   37          6.041964820178687e-09
   38          3.601781284381688e-09
   39          2.156764662834050e-09
   40          1.302767920887785e-09
   41          7.698786976280293e-10
   42          4.534460431342243e-10
   43          2.630905797050977e-10
   44          1.531445529199909e-10
 --------------------------------- 


 Final ||Ax - b|| norm =  0.000000000087146
 Final energy = 11011.646278237622028

 Bond dimension before truncation: 306
 Bond dimension after truncation: 51
 Updating right boundary for site 5

 MICROITERATION NUMBER = 19  , backward sweep
 - Optimization centered on site: 4
 - Left boundaries taken from index: 4
 - Right boundaries taken from index: 5


 Initial ||Ax - b|| norm =  0.999999960893307

 ------------------------------------- 
 Iteration  | Rel. error estimate      
 ------------------------------------- 
    0          9.999999608933067e-01
    1          5.062566486549309e-01
    2          2.183324444809916e-01
    3          1.205642880659502e-01
    4          8.028577990005166e-02
    5          5.283412621467645e-02
    6          3.440322838573276e-02
    7          2.177623071736540e-02
    8          1.363634293662187e-02
    9          8.602310158337579e-03
   10          5.065927751894505e-03
   11          2.954229525880048e-03
   12          1.904025120587867e-03
   13          1.332984501498054e-03
   14          9.485087882660232e-04
   15          6.202922193793181e-04
   16          3.407478659458745e-04
   17          1.671140832149963e-04
   18          8.251611571077867e-05
   19          4.339571168774125e-05
   20          2.272552329393626e-05
   21          1.217590321273643e-05
   22          6.847862400381799e-06
   23          4.117436208189320e-06
   24          2.710385736135821e-06
   25          1.725701880834079e-06
   26          1.074980235371307e-06
   27          6.579724322358933e-07
   28          3.756735762783838e-07
   29          2.208246071989704e-07
   30          1.317339730980424e-07
   31          8.501340149684980e-08
   32          5.282522747316929e-08
   33          3.250990759693719e-08
   34          1.850461589106718e-08
   35          1.063470783610645e-08
   36          6.195071322837774e-09
   37          3.564059809006153e-09
   38          1.977665878314348e-09
   39          1.102202971501589e-09
   40          6.198212926117283e-10
   41          3.537058696357727e-10
   42          2.045828938681470e-10
   43          1.206705827607400e-10
 --------------------------------- 


 Final ||Ax - b|| norm =  0.000000000073872
 Final energy = 11011.648383756533804

 Bond dimension before truncation: 306
 Bond dimension after truncation: 51
 Updating right boundary for site 4

 MICROITERATION NUMBER = 20  , backward sweep
 - Optimization centered on site: 3
 - Left boundaries taken from index: 3
 - Right boundaries taken from index: 4


 Initial ||Ax - b|| norm =  0.999999987838166

 ------------------------------------- 
 Iteration  | Rel. error estimate      
 ------------------------------------- 
    0          9.999999878381656e-01
    1          4.796295701959735e-01
    2          2.062495470420781e-01
    3          1.189264685637814e-01
    4          8.002038573807997e-02
    5          5.235490507629449e-02
    6          3.412850998408406e-02
    7          2.124159482205119e-02
    8          1.313360955389145e-02
    9          8.215465239820519e-03
   10          4.613911090264934e-03
   11          2.704256324109647e-03
   12          1.754390972899506e-03
   13          1.221024445221534e-03
   14          8.202520915703305e-04
   15          4.812623769876315e-04
   16          2.411797876604181e-04
   17          1.095737470664138e-04
   18          5.323720262642587e-05
   19          2.721596217583632e-05
   20          1.452022877334393e-05
   21          7.605087570838025e-06
   22          4.609275542727134e-06
   23          2.969345335118914e-06
   24          1.926191727264681e-06
   25          1.161500770088217e-06
   26          6.578380789895774e-07
   27          3.538246423313188e-07
   28          2.003517288941737e-07
   29          1.164486256564072e-07
   30          7.111169600645289e-08
   31          4.290622964320138e-08
   32          2.511930534489757e-08
   33          1.473028329793542e-08
   34          8.735734138034877e-09
   35          4.799980852202371e-09
   36          2.530035526277970e-09
   37          1.306707420913632e-09
   38          6.905602981577839e-10
   39          3.802546672932513e-10
   40          2.221256787475122e-10
   41          1.362374249031927e-10
 --------------------------------- 


 Final ||Ax - b|| norm =  0.000000000083423
 Final energy = 11011.649431241050479

 Bond dimension before truncation: 306
 Bond dimension after truncation: 51
 Updating right boundary for site 3

 MICROITERATION NUMBER = 21  , backward sweep
 - Optimization centered on site: 2
 - Left boundaries taken from index: 2
 - Right boundaries taken from index: 3


 Initial ||Ax - b|| norm =  0.999999978713499

 ------------------------------------- 
 Iteration  | Rel. error estimate      
 ------------------------------------- 
    0          9.999999787134990e-01
    1          1.883328521771057e-01
    2          1.109229772795075e-01
    3          7.086956523886064e-02
    4          4.295095326289465e-02
    5          2.802696044219046e-02
    6          1.698265279381566e-02
    7          1.022268295644337e-02
    8          6.301028557153247e-03
    9          3.470306912890420e-03
   10          2.078301718044117e-03
   11          1.538563080654232e-03
   12          1.056145418993471e-03
   13          5.901296756194244e-04
   14          3.226317295052970e-04
   15          1.655280980587356e-04
   16          8.416394018247845e-05
   17          4.712573787617838e-05
   18          2.573602335109251e-05
   19          1.441581135562126e-05
   20          8.387393471550223e-06
   21          4.669396677012548e-06
   22          2.537076280980684e-06
   23          1.559395485618340e-06
   24          1.045584788066110e-06
   25          6.658171661539121e-07
   26          3.835115164470975e-07
   27          2.131568995919297e-07
   28          1.057357997584818e-07
   29          5.225910000004294e-08
   30          2.971389693441605e-08
   31          1.751392537447154e-08
   32          1.100073700098806e-08
   33          6.915771972912424e-09
   34          4.038147345219012e-09
   35          2.205720618767589e-09
   36          1.106978915445070e-09
   37          5.797534956355235e-10
   38          2.753289017590196e-10
   39          1.285109945420416e-10
 --------------------------------- 


 Final ||Ax - b|| norm =  0.000000000069285
 Final energy = 11011.652645644106087

 Bond dimension before truncation: 306
 Bond dimension after truncation: 51
 Updating right boundary for site 2

 MICROITERATION NUMBER = 22  , backward sweep
 - Optimization centered on site: 1
 - Left boundaries taken from index: 1
 - Right boundaries taken from index: 2


 Initial ||Ax - b|| norm =  0.999999978366080

 ------------------------------------- 
 Iteration  | Rel. error estimate      
 ------------------------------------- 
    0          9.999999783660801e-01
    1          1.845945402893029e-01
    2          1.012829118175289e-01
    3          4.984345568059724e-02
    4          3.074613096523313e-02
    5          1.541644459628472e-02
    6          9.613434811078158e-03
    7          4.788444851818950e-03
    8          2.522186725965011e-03
    9          1.778989763901938e-03
   10          1.110447353154582e-03
   11          6.417459124484161e-04
   12          3.305836508734206e-04
   13          1.419377870927216e-04
   14          7.487786217040380e-05
   15          3.938234524555521e-05
   16          2.192160659275871e-05
   17          1.192604201254628e-05
   18          6.089427323156864e-06
   19          3.462472652452678e-06
   20          1.955910229304058e-06
   21          1.221809649559332e-06
   22          6.914604493514034e-07
   23          4.015249207564951e-07
   24          1.811832962313047e-07
   25          8.556340649873041e-08
   26          4.886949706676162e-08
   27          2.916719416055928e-08
   28          1.712790380433406e-08
   29          8.820478796759865e-09
   30          4.443482737481026e-09
   31          2.207667199427748e-09
   32          9.894519435813879e-10
   33          4.292323818429588e-10
   34          2.111944459807779e-10
   35          1.255093259178094e-10
 --------------------------------- 


 Final ||Ax - b|| norm =  0.000000000077034
 Final energy = 11011.652659015502650

 Bond dimension before truncation: 306
 Bond dimension after truncation: 51
 Updating right boundary for site 1

 MICROITERATION NUMBER = 23  , backward sweep
 - Optimization centered on site: 0
 - Left boundaries taken from index: 0
 - Right boundaries taken from index: 1


 Initial ||Ax - b|| norm =  0.999999977807628

 ------------------------------------- 
 Iteration  | Rel. error estimate      
 ------------------------------------- 
    0          9.999999778076282e-01
    1          1.846340462740261e-01
    2          1.006442250787647e-01
    3          4.863410067611947e-02
    4          2.691216472090234e-02
    5          1.426209309420383e-02
    6          7.402985737485599e-03
    7          2.975330297299762e-03
    8          2.004184560962520e-03
    9          1.270460484711768e-03
   10          6.747727921621514e-04
   11          2.584758064362434e-04
   12          1.164547052066370e-04
   13          5.899661085512699e-05
   14          2.769007857582745e-05
   15          1.284831634433553e-05
   16          7.007592380057813e-06
   17          3.279586176888382e-06
   18          1.904675397636796e-06
   19          1.070585153681947e-06
   20          5.929770613733569e-07
   21          2.263457892633974e-07
   22          1.001197602718317e-07
   23          5.075830719800433e-08
   24          2.913971541829124e-08
   25          1.537043075529814e-08
   26          8.275216663818585e-09
   27          4.043962839971145e-09
   28          1.740208460635047e-09
   29          6.801935963951028e-10
   30          2.880994137556476e-10
   31          1.558265964900795e-10
 --------------------------------- 


 Final ||Ax - b|| norm =  0.000000000080645
 Final energy = 11011.652659023911838

 Updating right boundary for site 0


 SWEEP NUMBER 3
 ----------------
 - Noise parameter: 0.0000000100
 - Maximum bond dimension: 50
 - Truncation parameter: 0.0000000000

 MICROITERATION NUMBER = 0  , forward sweep
 - Optimization centered on site: 0
 - Left boundaries taken from index: 0
 - Right boundaries taken from index: 1


 Initial ||Ax - b|| norm =  0.999999977807628

 ------------------------------------- 
 Iteration  | Rel. error estimate      
 ------------------------------------- 
    0          9.999999778076282e-01
    1          1.846340462740261e-01
    2          1.006442250787647e-01
    3          4.863410067611947e-02
    4          2.691216472090234e-02
    5          1.426209309420383e-02
    6          7.402985737485599e-03
    7          2.975330297299762e-03
    8          2.004184560962520e-03
    9          1.270460484711768e-03
   10          6.747727921621514e-04
   11          2.584758064362434e-04
   12          1.164547052066370e-04
   13          5.899661085512699e-05
   14          2.769007857582745e-05
   15          1.284831634433553e-05
   16          7.007592380057813e-06
   17          3.279586176888382e-06
   18          1.904675397636796e-06
   19          1.070585153681947e-06
   20          5.929770613733569e-07
   21          2.263457892633974e-07
   22          1.001197602718317e-07
   23          5.075830719800433e-08
   24          2.913971541829124e-08
   25          1.537043075529814e-08
   26          8.275216663818585e-09
   27          4.043962839971145e-09
   28          1.740208460635047e-09
   29          6.801935963951028e-10
   30          2.880994137556476e-10
   31          1.558265964900795e-10
 --------------------------------- 


 Final ||Ax - b|| norm =  0.000000000080645
 Final energy = 11011.652659023911838

 Bond dimension before truncation: 6
 Bond dimension after truncation: 6
 Updating left boundary for site 1

 MICROITERATION NUMBER = 1  , forward sweep
 - Optimization centered on site: 1
 - Left boundaries taken from index: 1
 - Right boundaries taken from index: 2


 Initial ||Ax - b|| norm =  0.999999978366081

 ------------------------------------- 
 Iteration  | Rel. error estimate      
 ------------------------------------- 
    0          9.999999783660808e-01
    1          1.845945402894268e-01
    2          1.012829118176008e-01
    3          4.984345568062579e-02
    4          3.074613096525211e-02
    5          1.541644459629732e-02
    6          9.613434811085068e-03
    7          4.788444851822439e-03
    8          2.522186725967513e-03
    9          1.778989763903700e-03
   10          1.110447353155426e-03
   11          6.417459124489053e-04
   12          3.305836508736178e-04
   13          1.419377870927899e-04
   14          7.487786217041977e-05
   15          3.938234524554764e-05
   16          2.192160659274807e-05
   17          1.192604201252932e-05
   18          6.089427323140765e-06
   19          3.462472652438893e-06
   20          1.955910229292815e-06
   21          1.221809649552340e-06
   22          6.914604493482524e-07
   23          4.015249207552943e-07
   24          1.811832962310374e-07
   25          8.556340649860634e-08
   26          4.886949706667936e-08
   27          2.916719416051516e-08
   28          1.712790380432034e-08
   29          8.820478796760030e-09
   30          4.443482737489029e-09
   31          2.207667199448332e-09
   32          9.894519436249826e-10
   33          4.292323819387049e-10
   34          2.111944461215408e-10
   35          1.255093259746501e-10
 --------------------------------- 


 Final ||Ax - b|| norm =  0.000000000077047
 Final energy = 11011.652659015509926

 Bond dimension before truncation: 36
 Bond dimension after truncation: 36
 Updating left boundary for site 2

 MICROITERATION NUMBER = 2  , forward sweep
 - Optimization centered on site: 2
 - Left boundaries taken from index: 2
 - Right boundaries taken from index: 3


 Initial ||Ax - b|| norm =  0.999999978713499

 ------------------------------------- 
 Iteration  | Rel. error estimate      
 ------------------------------------- 
    0          9.999999787134987e-01
    1          1.883328521772834e-01
    2          1.109229772796105e-01
    3          7.086956523892579e-02
    4          4.295095326293541e-02
    5          2.802696044221806e-02
    6          1.698265279383272e-02
    7          1.022268295645410e-02
    8          6.301028557160043e-03
    9          3.470306912894292e-03
   10          2.078301718046531e-03
   11          1.538563080656009e-03
   12          1.056145418994656e-03
   13          5.901296756200458e-04
   14          3.226317295056204e-04
   15          1.655280980588835e-04
   16          8.416394018253947e-05
   17          4.712573787620172e-05
   18          2.573602335109583e-05
   19          1.441581135561511e-05
   20          8.387393471540351e-06
   21          4.669396677001703e-06
   22          2.537076280969919e-06
   23          1.559395485608956e-06
   24          1.045584788059396e-06
   25          6.658171661506971e-07
   26          3.835115164460650e-07
   27          2.131568995917313e-07
   28          1.057357997585318e-07
   29          5.225910000017385e-08
   30          2.971389693460951e-08
   31          1.751392537470725e-08
   32          1.100073700124896e-08
   33          6.915771973062887e-09
   34          4.038147345138939e-09
   35          2.205720618086369e-09
   36          1.106978913755549e-09
   37          5.797534933879095e-10
   38          2.753288991717285e-10
   39          1.285109951563089e-10
 --------------------------------- 


 Final ||Ax - b|| norm =  0.000000000069275
 Final energy = 11011.652645644100630

 Bond dimension before truncation: 216
 Bond dimension after truncation: 51
 Updating left boundary for site 3

 MICROITERATION NUMBER = 3  , forward sweep
 - Optimization centered on site: 3
 - Left boundaries taken from index: 3
 - Right boundaries taken from index: 4


 Initial ||Ax - b|| norm =  0.999999987838162

 ------------------------------------- 
 Iteration  | Rel. error estimate      
 ------------------------------------- 
    0          9.999999878381621e-01
    1          4.796295314774346e-01
    2          2.062495183372980e-01
    3          1.189264573991504e-01
    4          8.002038367363712e-02
    5          5.235490859128557e-02
    6          3.412851883512984e-02
    7          2.124160710017798e-02
    8          1.313361952127768e-02
    9          8.215470924674015e-03
   10          4.613914055240469e-03
   11          2.704257907314476e-03
   12          1.754391442621223e-03
   13          1.221024626038809e-03
   14          8.202521131740427e-04
   15          4.812622316743064e-04
   16          2.411798244978092e-04
   17          1.095738479626296e-04
   18          5.323724382064928e-05
   19          2.721597888265830e-05
   20          1.452024341315056e-05
   21          7.605093728469361e-06
   22          4.609279500387493e-06
   23          2.969347538129863e-06
   24          1.926192714569365e-06
   25          1.161500536907024e-06
   26          6.578379162904988e-07
   27          3.538245525192287e-07
   28          2.003514679785733e-07
   29          1.164482933713741e-07
   30          7.111149737917072e-08
   31          4.290608586103834e-08
   32          2.511921545413854e-08
   33          1.473023980020850e-08
   34          8.735715372734716e-09
   35          4.799973734226882e-09
   36          2.530034290581559e-09
   37          1.306707470462054e-09
   38          6.905595791989223e-10
   39          3.802534723054935e-10
   40          2.221242426329083e-10
   41          1.362344156135896e-10
 --------------------------------- 


 Final ||Ax - b|| norm =  0.000000000083398
 Final energy = 11011.649431241930870

 Bond dimension before truncation: 306
 Bond dimension after truncation: 51
 Updating left boundary for site 4

 MICROITERATION NUMBER = 4  , forward sweep
 - Optimization centered on site: 4
 - Left boundaries taken from index: 4
 - Right boundaries taken from index: 5


 Initial ||Ax - b|| norm =  0.999999960894022

 ------------------------------------- 
 Iteration  | Rel. error estimate      
 ------------------------------------- 
    0          9.999999608940221e-01
    1          5.062569740920069e-01
    2          2.183327159109291e-01
    3          1.205644048906514e-01
    4          8.028590694265166e-02
    5          5.283417437552738e-02
    6          3.440323572119312e-02
    7          2.177625128839378e-02
    8          1.363635100788585e-02
    9          8.602319863547423e-03
   10          5.065940704475831e-03
   11          2.954241014321086e-03
   12          1.904029714951148e-03
   13          1.332987024436807e-03
   14          9.485100554026024e-04
   15          6.202910670063889e-04
   16          3.407462522095701e-04
   17          1.671129231179486e-04
   18          8.251537467167309e-05
   19          4.339537521000781e-05
   20          2.272545111640091e-05
   21          1.217589255754268e-05
   22          6.847869519721583e-06
   23          4.117440713007010e-06
   24          2.710390393350622e-06
   25          1.725703546823697e-06
   26          1.074980552915698e-06
   27          6.579711766895769e-07
   28          3.756735058089996e-07
   29          2.208249399006742e-07
   30          1.317346036372604e-07
   31          8.501369566827546e-08
   32          5.282538398869907e-08
   33          3.251000778289084e-08
   34          1.850468604342705e-08
   35          1.063473996895345e-08
   36          6.195103352826616e-09
   37          3.564085378419682e-09
   38          1.977683480629420e-09
   39          1.102210094509446e-09
   40          6.198247710926649e-10
   41          3.537080376328837e-10
   42          2.045837511403292e-10
   43          1.206711105587691e-10
 --------------------------------- 


 Final ||Ax - b|| norm =  0.000000000073870
 Final energy = 11011.648383758107229

 Bond dimension before truncation: 306
 Bond dimension after truncation: 51
 Updating left boundary for site 5

 MICROITERATION NUMBER = 5  , forward sweep
 - Optimization centered on site: 5
 - Left boundaries taken from index: 5
 - Right boundaries taken from index: 6


 Initial ||Ax - b|| norm =  0.999999854996831

 ------------------------------------- 
 Iteration  | Rel. error estimate      
 ------------------------------------- 
    0          9.999998549968312e-01
    1          5.616718513775563e-01
    2          2.401220034626805e-01
    3          1.257482677998747e-01
    4          8.546480819381236e-02
    5          5.719334261968888e-02
    6          3.728500878038024e-02
    7          2.481582832465665e-02
    8          1.582269266290920e-02
    9          9.949502403190017e-03
   10          6.091727198553045e-03
   11          3.664391951110643e-03
   12          2.301482918334886e-03
   13          1.607667149061235e-03
   14          1.175678574609523e-03
   15          8.119113985094792e-04
   16          4.653730455392132e-04
   17          2.410055678733856e-04
   18          1.222754386529147e-04
   19          6.454166902951624e-05
   20          3.519139968869545e-05
   21          1.885952795971901e-05
   22          1.105002137350929e-05
   23          6.834329161750036e-06
   24          4.099898721724591e-06
   25          2.638011222920022e-06
   26          1.683603602434167e-06
   27          1.043770906673251e-06
   28          6.015113271825017e-07
   29          3.491234180110588e-07
   30          2.085763928834271e-07
   31          1.352079949185318e-07
   32          8.917571019060979e-08
   33          5.590938321885093e-08
   34          3.288623657793492e-08
   35          1.815087482031896e-08
   36          1.023280653951662e-08
   37          6.042253053510204e-09
   38          3.601929077811920e-09
   39          2.156840359419637e-09
   40          1.302799822420604e-09
   41          7.698878844263193e-10
   42          4.534480865517230e-10
   43          2.630909628756785e-10
   44          1.531446334286277e-10
 --------------------------------- 


 Final ||Ax - b|| norm =  0.000000000087161
 Final energy = 11011.646278253079799

 Bond dimension before truncation: 306
 Bond dimension after truncation: 51
 Updating left boundary for site 6

 MICROITERATION NUMBER = 6  , forward sweep
 - Optimization centered on site: 6
 - Left boundaries taken from index: 6
 - Right boundaries taken from index: 7


 Initial ||Ax - b|| norm =  0.999999633164953

 ------------------------------------- 
 Iteration  | Rel. error estimate      
 ------------------------------------- 
    0          9.999996331649533e-01
    1          6.749653001162126e-01
    2          2.920417036089438e-01
    3          1.450861981501718e-01
    4          9.648585002994822e-02
    5          6.803973812583414e-02
    6          4.772344930229078e-02
    7          3.206915701238874e-02
    8          2.138034553096721e-02
    9          1.383909219141599e-02
   10          8.428041513687454e-03
   11          5.063399093840523e-03
   12          3.086898593639768e-03
   13          1.955091719426636e-03
   14          1.384972919443125e-03
   15          1.017008412036398e-03
   16          6.966822320640959e-04
   17          4.137059322205738e-04
   18          2.134228812588116e-04
   19          1.098657764610530e-04
   20          6.057362031657514e-05
   21          3.262676430115460e-05
   22          1.742262201171693e-05
   23          9.749469153328771e-06
   24          5.628345837518689e-06
   25          3.421942206082925e-06
   26          2.208681006349827e-06
   27          1.392660091096193e-06
   28          8.627949484997768e-07
   29          5.145509987181911e-07
   30          3.018826761156748e-07
   31          1.813446885816483e-07
   32          1.156378359158839e-07
   33          7.621994267348961e-08
   34          4.820792976783480e-08
   35          2.825720199887488e-08
   36          1.584529860952749e-08
   37          9.134871158994606e-09
   38          5.712237842615473e-09
   39          3.708723607378467e-09
   40          2.340196953895501e-09
   41          1.461581981079089e-09
   42          9.011716917120626e-10
   43          5.298861584512550e-10
   44          2.992153556073770e-10
   45          1.640327101505503e-10
 --------------------------------- 


 Final ||Ax - b|| norm =  0.000000000087156
 Final energy = 11011.641552513936404

 Bond dimension before truncation: 306
 Bond dimension after truncation: 51
 Updating left boundary for site 7

 MICROITERATION NUMBER = 7  , forward sweep
 - Optimization centered on site: 7
 - Left boundaries taken from index: 7
 - Right boundaries taken from index: 8


 Initial ||Ax - b|| norm =  0.999999341241296

 ------------------------------------- 
 Iteration  | Rel. error estimate      
 ------------------------------------- 
    0          9.999993412412960e-01
    1          7.695543040265934e-01
    2          3.634999622198167e-01
    3          1.611381953881959e-01
    4          1.044045230331450e-01
    5          7.614200845478043e-02
    6          5.327766183976975e-02
    7          3.707122146944926e-02
    8          2.583771790564003e-02
    9          1.734777319794420e-02
   10          1.114633542297314e-02
   11          7.206720689220256e-03
   12          4.320629546223689e-03
   13          2.786492500404261e-03
   14          1.793186698053916e-03
   15          1.315123103751773e-03
   16          9.827174037512129e-04
   17          7.013355276739944e-04
   18          4.476850217389928e-04
   19          2.427717984176181e-04
   20          1.365964320202294e-04
   21          7.339229986636925e-05
   22          4.258474702033174e-05
   23          2.421532249348962e-05
   24          1.347791301509488e-05
   25          7.865500484387783e-06
   26          4.949593377425217e-06
   27          3.322438567115589e-06
   28          2.277247492177106e-06
   29          1.485786725703470e-06
   30          8.797580832772697e-07
   31          5.196572551572416e-07
   32          3.204223833785882e-07
   33          2.009682036218089e-07
   34          1.298444643755966e-07
   35          8.378030778434824e-08
   36          5.410793064575367e-08
   37          3.429638334431061e-08
   38          2.058271628518793e-08
   39          1.253996779132352e-08
   40          8.083725603824241e-09
   41          5.363975698066566e-09
   42          3.523433246643418e-09
   43          2.342825059897682e-09
   44          1.496365816198152e-09
   45          9.182461892151582e-10
   46          5.422250346179051e-10
   47          3.171140136448481e-10
   48          1.782457807023382e-10
 --------------------------------- 


 Final ||Ax - b|| norm =  0.000000000095378
 Final energy = 11011.635112104015207

 Bond dimension before truncation: 306
 Bond dimension after truncation: 51
 Updating left boundary for site 8

 MICROITERATION NUMBER = 8  , forward sweep
 - Optimization centered on site: 8
 - Left boundaries taken from index: 8
 - Right boundaries taken from index: 9


 Initial ||Ax - b|| norm =  0.999999109183394

 ------------------------------------- 
 Iteration  | Rel. error estimate      
 ------------------------------------- 
    0          9.999991091833936e-01
    1          7.438529496463873e-01
    2          3.969634684704006e-01
    3          2.175937269089063e-01
    4          1.456227500201256e-01
    5          1.100940390361969e-01
    6          8.679920065724492e-02
    7          6.780299177659364e-02
    8          5.133449917584556e-02
    9          3.867554420662254e-02
   10          2.894760570391702e-02
   11          2.181740701667090e-02
   12          1.553249151547105e-02
   13          1.112178642941675e-02
   14          8.070956185095556e-03
   15          5.581624395670483e-03
   16          3.857299466695950e-03
   17          2.703805992265016e-03
   18          1.924139907963352e-03
   19          1.449497543377998e-03
   20          1.152628933617141e-03
   21          9.341268874174490e-04
   22          7.235506589562424e-04
   23          5.096446338205972e-04
   24          3.329674657532752e-04
   25          2.077190058656586e-04
   26          1.275559400811886e-04
   27          7.838601555021573e-05
   28          4.944005285420678e-05
   29          3.135216792438370e-05
   30          2.004232003728828e-05
   31          1.318900200183337e-05
   32          8.551345921720222e-06
   33          5.491480423117440e-06
   34          3.717196638234416e-06
   35          2.692754190232181e-06
   36          2.041906397399215e-06
   37          1.551999148915278e-06
   38          1.136930418433056e-06
   39          8.072649339581182e-07
   40          5.587486708054082e-07
   41          3.809097331267886e-07
   42          2.620224535922372e-07
   43          1.870174108556141e-07
   44          1.298988103585050e-07
   45          8.659265268412137e-08
   46          5.732161359060704e-08
   47          3.701838656661242e-08
   48          2.326598958191017e-08
 --------------------------------- 


 Final ||Ax - b|| norm =  0.000000014418944
 Final energy = 11011.635132645737031

 Bond dimension before truncation: 306
 Bond dimension after truncation: 51
 Updating left boundary for site 9

 MICROITERATION NUMBER = 9  , forward sweep
 - Optimization centered on site: 9
 - Left boundaries taken from index: 9
 - Right boundaries taken from index: 10


 Initial ||Ax - b|| norm =  0.999998876748302

 ------------------------------------- 
 Iteration  | Rel. error estimate      
 ------------------------------------- 
    0          9.999988767483018e-01
    1          6.563481443606881e-01
    2          3.430389548405871e-01
    3          2.219516376937277e-01
    4          1.649749559288878e-01
    5          1.349444086369390e-01
    6          1.145431214022107e-01
    7          9.704647245140779e-02
    8          7.983248618254671e-02
    9          6.355717997156056e-02
   10          5.056811575089570e-02
   11          4.057431154633180e-02
   12          3.215179662933049e-02
   13          2.617524776926411e-02
   14          2.048677824150302e-02
   15          1.567050860279386e-02
   16          1.173042831394085e-02
   17          8.799391047911439e-03
   18          6.773035575777441e-03
   19          5.313803863646839e-03
   20          4.105372330570071e-03
   21          3.326928886634310e-03
   22          2.513407695125323e-03
   23          1.859463787430713e-03
   24          1.432888190801909e-03
   25          1.172156636567535e-03
   26          9.871358097560863e-04
   27          8.667721660929110e-04
   28          7.293253653308655e-04
   29          5.928570725112340e-04
   30          4.698383726647644e-04
   31          3.647191809404402e-04
   32          2.603940876204135e-04
   33          1.806659476031902e-04
   34          1.213621663780609e-04
   35          7.858698942136062e-05
   36          5.188908070319997e-05
   37          3.522933936699109e-05
   38          2.587667763459224e-05
   39          1.850871334483457e-05
   40          1.308931627458000e-05
   41          9.735828548264570e-06
   42          7.406851738478990e-06
   43          5.745997140077755e-06
   44          4.425848653196792e-06
   45          3.396107299067726e-06
   46          2.635595825785350e-06
   47          2.065933601495761e-06
   48          1.606284303649184e-06
 --------------------------------- 


 Final ||Ax - b|| norm =  0.000001293309261
 Final energy = 11011.637055048111506

 Bond dimension before truncation: 306
 Bond dimension after truncation: 51
 Updating left boundary for site 10

 MICROITERATION NUMBER = 10  , forward sweep
 - Optimization centered on site: 10
 - Left boundaries taken from index: 10
 - Right boundaries taken from index: 11


 Initial ||Ax - b|| norm =  0.999998716997231

 ------------------------------------- 
 Iteration  | Rel. error estimate      
 ------------------------------------- 
    0          9.999987169972312e-01
    1          4.947694214747551e-01
    2          2.418596415888493e-01
    3          1.527969033821594e-01
    4          1.176048821000675e-01
    5          9.609479402138744e-02
    6          7.544075728067264e-02
    7          5.353058221601990e-02
    8          4.025157250139869e-02
    9          2.726619441700084e-02
   10          2.098476477483471e-02
   11          1.491964446247880e-02
   12          1.031424080522656e-02
   13          7.113949140607452e-03
   14          4.672209593908309e-03
   15          2.926759238470178e-03
   16          1.738047915015882e-03
   17          1.017361643676683e-03
   18          5.415332580300609e-04
   19          2.807138300523882e-04
   20          1.645262750263983e-04
   21          1.051114116628831e-04
   22          6.353763647557007e-05
   23          3.911764861541498e-05
   24          2.447051562953479e-05
   25          1.653608756630152e-05
   26          1.159892293490662e-05
   27          8.931079732447139e-06
   28          6.471044140602282e-06
   29          4.276296383870786e-06
   30          2.481087034482779e-06
   31          1.435460350355875e-06
   32          8.348566180377040e-07
   33          5.216867757276924e-07
   34          3.242185378569029e-07
   35          1.867929946076687e-07
   36          1.039044333970919e-07
   37          6.255998364246714e-08
   38          3.943698678251778e-08
   39          2.329682233284494e-08
   40          1.184765169811791e-08
   41          5.644352482734050e-09
   42          2.923694576674679e-09
   43          1.448990854303744e-09
   44          8.404672928855508e-10
   45          4.539616146866298e-10
   46          2.153763896747666e-10
   47          1.167059842388178e-10
 --------------------------------- 


 Final ||Ax - b|| norm =  0.000000000065145
 Final energy = 11011.637287229372305

 Bond dimension before truncation: 306
 Bond dimension after truncation: 51
 Updating left boundary for site 11

 MICROITERATION NUMBER = 11  , forward sweep
 - Optimization centered on site: 11
 - Left boundaries taken from index: 11
 - Right boundaries taken from index: 12


 Initial ||Ax - b|| norm =  0.999998716400474

 ------------------------------------- 
 Iteration  | Rel. error estimate      
 ------------------------------------- 
    0          9.999987164004736e-01
    1          4.523588823250054e-01
    2          2.335085180689016e-01
    3          1.624143924057964e-01
    4          1.250971102511874e-01
    5          8.670134134348691e-02
    6          5.031964070072454e-02
    7          3.132963074944448e-02
    8          2.065555270475151e-02
    9          1.345772098303274e-02
   10          8.207718796876089e-03
   11          5.394280580325567e-03
   12          3.477370906355126e-03
   13          2.254957356310194e-03
   14          1.405579233398405e-03
   15          7.854933354592226e-04
   16          4.251048341494215e-04
   17          2.466995899767712e-04
   18          1.387196238337220e-04
   19          7.149960247423801e-05
   20          3.335327815006595e-05
   21          1.479455608661039e-05
   22          7.377258273848277e-06
   23          4.430704140195445e-06
   24          2.890277675390426e-06
   25          1.991142246980143e-06
   26          1.318337956101778e-06
   27          9.054651805531871e-07
   28          5.916127747328546e-07
   29          3.662716293510956e-07
   30          2.415883140657794e-07
   31          1.625124132641544e-07
   32          1.173807687158626e-07
   33          8.520521187103835e-08
   34          6.082345535991087e-08
   35          4.150294175222508e-08
   36          3.115924899986056e-08
   37          2.546743838895763e-08
   38          2.019657422916529e-08
   39          1.437413944290108e-08
   40          9.534210083006771e-09
   41          6.220384207686644e-09
   42          3.517778033446079e-09
   43          1.891420536789473e-09
   44          9.865145602864129e-10
   45          5.039483181611906e-10
   46          2.595569111381703e-10
   47          1.351475566897080e-10
 --------------------------------- 


 Final ||Ax - b|| norm =  0.000000000065557
 Final energy = 11011.637287229341382

 Updating left boundary for site 12

 MICROITERATION NUMBER = 12  , backward sweep
 - Optimization centered on site: 11
 - Left boundaries taken from index: 11
 - Right boundaries taken from index: 12


 Initial ||Ax - b|| norm =  0.999998716400474

 ------------------------------------- 
 Iteration  | Rel. error estimate      
 ------------------------------------- 
    0          9.999987164004736e-01
    1          4.523588823250054e-01
    2          2.335085180689016e-01
    3          1.624143924057964e-01
    4          1.250971102511874e-01
    5          8.670134134348691e-02
    6          5.031964070072454e-02
    7          3.132963074944448e-02
    8          2.065555270475151e-02
    9          1.345772098303274e-02
   10          8.207718796876089e-03
   11          5.394280580325567e-03
   12          3.477370906355126e-03
   13          2.254957356310194e-03
   14          1.405579233398405e-03
   15          7.854933354592226e-04
   16          4.251048341494215e-04
   17          2.466995899767712e-04
   18          1.387196238337220e-04
   19          7.149960247423801e-05
   20          3.335327815006595e-05
   21          1.479455608661039e-05
   22          7.377258273848277e-06
   23          4.430704140195445e-06
   24          2.890277675390426e-06
   25          1.991142246980143e-06
   26          1.318337956101778e-06
   27          9.054651805531871e-07
   28          5.916127747328546e-07
   29          3.662716293510956e-07
   30          2.415883140657794e-07
   31          1.625124132641544e-07
   32          1.173807687158626e-07
   33          8.520521187103835e-08
   34          6.082345535991087e-08
   35          4.150294175222508e-08
   36          3.115924899986056e-08
   37          2.546743838895763e-08
   38          2.019657422916529e-08
   39          1.437413944290108e-08
   40          9.534210083006771e-09
   41          6.220384207686644e-09
   42          3.517778033446079e-09
   43          1.891420536789473e-09
   44          9.865145602864129e-10
   45          5.039483181611906e-10
   46          2.595569111381703e-10
   47          1.351475566897080e-10
 --------------------------------- 


 Final ||Ax - b|| norm =  0.000000000065557
 Final energy = 11011.637287229341382

 Bond dimension before truncation: 6
 Bond dimension after truncation: 6
 Updating right boundary for site 11

 MICROITERATION NUMBER = 13  , backward sweep
 - Optimization centered on site: 10
 - Left boundaries taken from index: 10
 - Right boundaries taken from index: 11


 Initial ||Ax - b|| norm =  0.999998716997231

 ------------------------------------- 
 Iteration  | Rel. error estimate      
 ------------------------------------- 
    0          9.999987169972314e-01
    1          4.947694214752112e-01
    2          2.418596415891302e-01
    3          1.527969033823522e-01
    4          1.176048821002226e-01
    5          9.609479402151318e-02
    6          7.544075728076605e-02
    7          5.353058221608344e-02
    8          4.025157250144883e-02
    9          2.726619441703861e-02
   10          2.098476477486440e-02
   11          1.491964446249908e-02
   12          1.031424080524037e-02
   13          7.113949140617554e-03
   14          4.672209593915354e-03
   15          2.926759238474544e-03
   16          1.738047915018377e-03
   17          1.017361643678123e-03
   18          5.415332580308194e-04
   19          2.807138300527631e-04
   20          1.645262750266059e-04
   21          1.051114116630105e-04
   22          6.353763647564417e-05
   23          3.911764861545699e-05
   24          2.447051562955721e-05
   25          1.653608756631325e-05
   26          1.159892293490623e-05
   27          8.931079732441345e-06
   28          6.471044140603433e-06
   29          4.276296383874827e-06
   30          2.481087034486241e-06
   31          1.435460350358121e-06
   32          8.348566180388889e-07
   33          5.216867757282937e-07
   34          3.242185378572406e-07
   35          1.867929946078843e-07
   36          1.039044333972424e-07
   37          6.255998364256837e-08
   38          3.943698678257731e-08
   39          2.329682233286324e-08
   40          1.184765169807435e-08
   41          5.644352482538629e-09
   42          2.923694575993578e-09
   43          1.448990851700846e-09
   44          8.404672898092710e-10
   45          4.539616139823603e-10
   46          2.153763895282637e-10
   47          1.167059841937514e-10
 --------------------------------- 


 Final ||Ax - b|| norm =  0.000000000065143
 Final energy = 11011.637287229368667

 Bond dimension before truncation: 36
 Bond dimension after truncation: 36
 Updating right boundary for site 10

 MICROITERATION NUMBER = 14  , backward sweep
 - Optimization centered on site: 9
 - Left boundaries taken from index: 9
 - Right boundaries taken from index: 10


 Initial ||Ax - b|| norm =  0.999998876748303

 ------------------------------------- 
 Iteration  | Rel. error estimate      
 ------------------------------------- 
    0          9.999988767483026e-01
    1          6.563481443609345e-01
    2          3.430389548407644e-01
    3          2.219516376938171e-01
    4          1.649749559289435e-01
    5          1.349444086369814e-01
    6          1.145431214022486e-01
    7          9.704647245144454e-02
    8          7.983248618258414e-02
    9          6.355717997159709e-02
   10          5.056811575092827e-02
   11          4.057431154635854e-02
   12          3.215179662935021e-02
   13          2.617524776927727e-02
   14          2.048677824150938e-02
   15          1.567050860279532e-02
   16          1.173042831393990e-02
   17          8.799391047910849e-03
   18          6.773035575781220e-03
   19          5.313803863665379e-03
   20          4.105372330626690e-03
   21          3.326928886675855e-03
   22          2.513407695131466e-03
   23          1.859463787432115e-03
   24          1.432888190802272e-03
   25          1.172156636567702e-03
   26          9.871358097560167e-04
   27          8.667721660932257e-04
   28          7.293253653323775e-04
   29          5.928570725177737e-04
   30          4.698383726788401e-04
   31          3.647191809475326e-04
   32          2.603940876212568e-04
   33          1.806659476033134e-04
   34          1.213621663783022e-04
   35          7.858698942283638e-05
   36          5.188908071001304e-05
   37          3.522933938890280e-05
   38          2.587667764686835e-05
   39          1.850871334581270e-05
   40          1.308931627480535e-05
   41          9.735828548524866e-06
   42          7.406851738635315e-06
   43          5.745997140113922e-06
   44          4.425848653203345e-06
   45          3.396107299074470e-06
   46          2.635595825813976e-06
   47          2.065933601601687e-06
   48          1.606284304192841e-06
 --------------------------------- 


 Final ||Ax - b|| norm =  0.000001293309281
 Final energy = 11011.637055048086040

 Bond dimension before truncation: 216
 Bond dimension after truncation: 51
 Updating right boundary for site 9

 MICROITERATION NUMBER = 15  , backward sweep
 - Optimization centered on site: 8
 - Left boundaries taken from index: 8
 - Right boundaries taken from index: 9


 Initial ||Ax - b|| norm =  0.999999109183394

 ------------------------------------- 
 Iteration  | Rel. error estimate      
 ------------------------------------- 
    0          9.999991091833939e-01
    1          7.438529568967470e-01
    2          3.969634675445202e-01
    3          2.175937334390710e-01
    4          1.456227511789724e-01
    5          1.100940360384651e-01
    6          8.679919663688347e-02
    7          6.780298694691493e-02
    8          5.133449479146180e-02
    9          3.867554004401150e-02
   10          2.894760172268139e-02
   11          2.181740406783900e-02
   12          1.553248886759903e-02
   13          1.112178379521988e-02
   14          8.070954305450309e-03
   15          5.581622509896278e-03
   16          3.857297873144989e-03
   17          2.703805333216452e-03
   18          1.924139274972319e-03
   19          1.449497114206248e-03
   20          1.152628614426330e-03
   21          9.341266343831074e-04
   22          7.235503621428573e-04
   23          5.096443032043678e-04
   24          3.329672638523246e-04
   25          2.077188655997503e-04
   26          1.275558225677647e-04
   27          7.838595247467987e-05
   28          4.944001293122890e-05
   29          3.135213932373624e-05
   30          2.004230303024191e-05
   31          1.318899255685303e-05
   32          8.551339151005662e-06
   33          5.491474452872395e-06
   34          3.717193767416018e-06
   35          2.692752454338177e-06
   36          2.041905088163462e-06
   37          1.551998262467852e-06
   38          1.136929659835054e-06
   39          8.072642744394511e-07
   40          5.587481134125031e-07
   41          3.809093518918045e-07
   42          2.620222465274186e-07
   43          1.870172291958616e-07
   44          1.298986684385519e-07
   45          8.659257061562739e-08
   46          5.732155392597330e-08
   47          3.701833950105231e-08
   48          2.326594790381558e-08
 --------------------------------- 


 Final ||Ax - b|| norm =  0.000000014418917
 Final energy = 11011.635132645638805

 Bond dimension before truncation: 306
 Bond dimension after truncation: 51
 Updating right boundary for site 8

 MICROITERATION NUMBER = 16  , backward sweep
 - Optimization centered on site: 7
 - Left boundaries taken from index: 7
 - Right boundaries taken from index: 8


 Initial ||Ax - b|| norm =  0.999999341241293

 ------------------------------------- 
 Iteration  | Rel. error estimate      
 ------------------------------------- 
    0          9.999993412412925e-01
    1          7.695541915553565e-01
    2          3.634994138729108e-01
    3          1.611380106428230e-01
    4          1.044044308433115e-01
    5          7.614192654237299e-02
    6          5.327758101235441e-02
    7          3.707116312832907e-02
    8          2.583767035030668e-02
    9          1.734773013597706e-02
   10          1.114630758041315e-02
   11          7.206696646871181e-03
   12          4.320614008234776e-03
   13          2.786482728945178e-03
   14          1.793180662746103e-03
   15          1.315119842403789e-03
   16          9.827143322660356e-04
   17          7.013327334070547e-04
   18          4.476822035511035e-04
   19          2.427701051474924e-04
   20          1.365954396257812e-04
   21          7.339175793330834e-05
   22          4.258445319909806e-05
   23          2.421512960860144e-05
   24          1.347779680152694e-05
   25          7.865438882690273e-06
   26          4.949556290257368e-06
   27          3.322416093913634e-06
   28          2.277230977972313e-06
   29          1.485773668465382e-06
   30          8.797487779353204e-07
   31          5.196523630214034e-07
   32          3.204193199489588e-07
   33          2.009664878893413e-07
   34          1.298433466498246e-07
   35          8.377963332636863e-08
   36          5.410746510529250e-08
   37          3.429608248230304e-08
   38          2.058250966477943e-08
   39          1.253986159683997e-08
   40          8.083659550421079e-09
   41          5.363930156598412e-09
   42          3.523401974460601e-09
   43          2.342802213857728e-09
   44          1.496349044249363e-09
   45          9.182342665715197e-10
   46          5.422174701154029e-10
   47          3.171093576309468e-10
   48          1.782428396561030e-10
 --------------------------------- 


 Final ||Ax - b|| norm =  0.000000000095364
 Final energy = 11011.635112105363078

 Bond dimension before truncation: 306
 Bond dimension after truncation: 51
 Updating right boundary for site 7

 MICROITERATION NUMBER = 17  , backward sweep
 - Optimization centered on site: 6
 - Left boundaries taken from index: 6
 - Right boundaries taken from index: 7


 Initial ||Ax - b|| norm =  0.999999633162175

 ------------------------------------- 
 Iteration  | Rel. error estimate      
 ------------------------------------- 
    0          9.999996331621752e-01
    1          6.749669127618181e-01
    2          2.920431983182426e-01
    3          1.450868904457433e-01
    4          9.648615124481760e-02
    5          6.804005108666927e-02
    6          4.772374621264230e-02
    7          3.206933914881140e-02
    8          2.138052463744268e-02
    9          1.383922457281754e-02
   10          8.428124503453992e-03
   11          5.063466040229366e-03
   12          3.086941863919650e-03
   13          1.955112728264529e-03
   14          1.384986071118171e-03
   15          1.017017822211420e-03
   16          6.966926309747535e-04
   17          4.137139600815377e-04
   18          2.134279636474028e-04
   19          1.098683512422931e-04
   20          6.057504646823468e-05
   21          3.262766962717291e-05
   22          1.742303135280345e-05
   23          9.749693926339133e-06
   24          5.628475975193152e-06
   25          3.422009989119622e-06
   26          2.208728418978634e-06
   27          1.392692736185816e-06
   28          8.628151612523492e-07
   29          5.145648249702838e-07
   30          3.018912888275173e-07
   31          1.813497329913781e-07
   32          1.156408017620453e-07
   33          7.622202613570739e-08
   34          4.820957621080250e-08
   35          2.825823735980368e-08
   36          1.584599545375947e-08
   37          9.135213607792643e-09
   38          5.712423509274057e-09
   39          3.708851629504380e-09
   40          2.340273929404213e-09
   41          1.461632788585118e-09
   42          9.012032147747077e-10
   43          5.299079913067024e-10
   44          2.992286461800818e-10
   45          1.640403539581353e-10
 --------------------------------- 


 Final ||Ax - b|| norm =  0.000000000087156
 Final energy = 11011.641552487271838

 Bond dimension before truncation: 306
 Bond dimension after truncation: 51
 Updating right boundary for site 6

 MICROITERATION NUMBER = 18  , backward sweep
 - Optimization centered on site: 5
 - Left boundaries taken from index: 5
 - Right boundaries taken from index: 6


 Initial ||Ax - b|| norm =  0.999999854991036

 ------------------------------------- 
 Iteration  | Rel. error estimate      
 ------------------------------------- 
    0          9.999998549910358e-01
    1          5.616752718994318e-01
    2          2.401259759673802e-01
    3          1.257503980553447e-01
    4          8.546607492627593e-02
    5          5.719432238719532e-02
    6          3.728581616260622e-02
    7          2.481646342575533e-02
    8          1.582316895932761e-02
    9          9.949849238011019e-03
   10          6.091938577323590e-03
   11          3.664537986479733e-03
   12          2.301570769712632e-03
   13          1.607711617628531e-03
   14          1.175712516858919e-03
   15          8.119426812818435e-04
   16          4.653975620875793e-04
   17          2.410243855679146e-04
   18          1.222850939396409e-04
   19          6.454676561625945e-05
   20          3.519518686514925e-05
   21          1.886168266063385e-05
   22          1.105106913844954e-05
   23          6.834973691042211e-06
   24          4.100212450881521e-06
   25          2.638196579236782e-06
   26          1.683723763187633e-06
   27          1.043868040074083e-06
   28          6.015735431707027e-07
   29          3.491561201935354e-07
   30          2.085950655348776e-07
   31          1.352181110428113e-07
   32          8.918236535276049e-08
   33          5.591384638954699e-08
   34          3.288923168445088e-08
   35          1.815269147402108e-08
   36          1.023359792591527e-08
   37          6.042748349201468e-09
   38          3.602319324465546e-09
   39          2.157055454872269e-09
   40          1.302950346768667e-09
   41          7.699901387966004e-10
   42          4.535133422486028e-10
   43          2.631300069905624e-10
   44          1.531693256593699e-10
 --------------------------------- 


 Final ||Ax - b|| norm =  0.000000000087175
 Final energy = 11011.646278411932144

 Bond dimension before truncation: 306
 Bond dimension after truncation: 51
 Updating right boundary for site 5

 MICROITERATION NUMBER = 19  , backward sweep
 - Optimization centered on site: 4
 - Left boundaries taken from index: 4
 - Right boundaries taken from index: 5


 Initial ||Ax - b|| norm =  0.999999960885805

 ------------------------------------- 
 Iteration  | Rel. error estimate      
 ------------------------------------- 
    0          9.999999608858048e-01
    1          5.062579204175842e-01
    2          2.183334841962311e-01
    3          1.205644983221091e-01
    4          8.028583105210761e-02
    5          5.283401562984394e-02
    6          3.440310170626339e-02
    7          2.177615751489918e-02
    8          1.363630400304967e-02
    9          8.602285952760483e-03
   10          5.065911318353052e-03
   11          2.954227578661933e-03
   12          1.904021058013867e-03
   13          1.332979712502498e-03
   14          9.485056159596276e-04
   15          6.202921906087916e-04
   16          3.407456204139553e-04
   17          1.671142736915429e-04
   18          8.251686753469836e-05
   19          4.339593724884190e-05
   20          2.272564700397289e-05
   21          1.217596601146427e-05
   22          6.847872855675203e-06
   23          4.117413625379666e-06
   24          2.710365590816604e-06
   25          1.725689622367382e-06
   26          1.074973665295108e-06
   27          6.579669937006330e-07
   28          3.756700462273946e-07
   29          2.208221907079013e-07
   30          1.317331200085359e-07
   31          8.501336866715979e-08
   32          5.282508251170430e-08
   33          3.250979029964940e-08
   34          1.850478752118230e-08
   35          1.063475977755237e-08
   36          6.195103607594293e-09
   37          3.564092357983083e-09
   38          1.977658855812815e-09
   39          1.102186611576478e-09
   40          6.198159254142228e-10
   41          3.537040686881614e-10
   42          2.045810737882271e-10
   43          1.206703196546530e-10
 --------------------------------- 


 Final ||Ax - b|| norm =  0.000000000073873
 Final energy = 11011.648383947040202

 Bond dimension before truncation: 306
 Bond dimension after truncation: 51
 Updating right boundary for site 4

 MICROITERATION NUMBER = 20  , backward sweep
 - Optimization centered on site: 3
 - Left boundaries taken from index: 3
 - Right boundaries taken from index: 4


 Initial ||Ax - b|| norm =  0.999999987829332

 ------------------------------------- 
 Iteration  | Rel. error estimate      
 ------------------------------------- 
    0          9.999999878293320e-01
    1          4.796296852583888e-01
    2          2.062497433656214e-01
    3          1.189264765182635e-01
    4          8.002014421687853e-02
    5          5.235475267419314e-02
    6          3.412842774026011e-02
    7          2.124161009275634e-02
    8          1.313363787347616e-02
    9          8.215438902515561e-03
   10          4.613912096143391e-03
   11          2.704246394841037e-03
   12          1.754383248553829e-03
   13          1.221016066343735e-03
   14          8.202498742715401e-04
   15          4.812653668603345e-04
   16          2.411834952793733e-04
   17          1.095778112286035e-04
   18          5.323911673361755e-05
   19          2.721693009404242e-05
   20          1.452057237110728e-05
   21          7.605119756008178e-06
   22          4.609262942373827e-06
   23          2.969334433382565e-06
   24          1.926198031108153e-06
   25          1.161498545437379e-06
   26          6.578405630052640e-07
   27          3.538261821539996e-07
   28          2.003541133269678e-07
   29          1.164505412002797e-07
   30          7.111243541304262e-08
   31          4.290651808127072e-08
   32          2.511936761921216e-08
   33          1.473045122583151e-08
   34          8.735860558781491e-09
   35          4.800049261510893e-09
   36          2.530059775751663e-09
   37          1.306705574277072e-09
   38          6.905655380346439e-10
   39          3.802581652610468e-10
   40          2.221257772190542e-10
   41          1.362351922229752e-10
 --------------------------------- 


 Final ||Ax - b|| norm =  0.000000000083389
 Final energy = 11011.649431465422822

 Bond dimension before truncation: 306
 Bond dimension after truncation: 51
 Updating right boundary for site 3

 MICROITERATION NUMBER = 21  , backward sweep
 - Optimization centered on site: 2
 - Left boundaries taken from index: 2
 - Right boundaries taken from index: 3


 Initial ||Ax - b|| norm =  0.999999978704409

 ------------------------------------- 
 Iteration  | Rel. error estimate      
 ------------------------------------- 
    0          9.999999787044094e-01
    1          1.883316730343799e-01
    2          1.109229174078118e-01
    3          7.086859281275880e-02
    4          4.295084116616403e-02
    5          2.802692168058106e-02
    6          1.698256513431183e-02
    7          1.022267621590413e-02
    8          6.300967580801163e-03
    9          3.470296790471071e-03
   10          2.078302603036255e-03
   11          1.538552543012857e-03
   12          1.056142216502050e-03
   13          5.901366824404300e-04
   14          3.226394842187314e-04
   15          1.655354782236098e-04
   16          8.416672655177424e-05
   17          4.712684430285628e-05
   18          2.573690149421871e-05
   19          1.441640645230664e-05
   20          8.387762190024260e-06
   21          4.669552110427638e-06
   22          2.537154312423992e-06
   23          1.559371040475909e-06
   24          1.045564549858522e-06
   25          6.658236395718215e-07
   26          3.835181798164666e-07
   27          2.131571137865909e-07
   28          1.057345240504519e-07
   29          5.225891414276201e-08
   30          2.971277999910124e-08
   31          1.751360273020898e-08
   32          1.100067779020435e-08
   33          6.915630958834794e-09
   34          4.037988374753985e-09
   35          2.205655573775923e-09
   36          1.106990035880979e-09
   37          5.796857813941179e-10
   38          2.752106264000534e-10
   39          1.284317124659938e-10
 --------------------------------- 


 Final ||Ax - b|| norm =  0.000000000069234
 Final energy = 11011.652645882781144

 Bond dimension before truncation: 306
 Bond dimension after truncation: 51
 Updating right boundary for site 2

 MICROITERATION NUMBER = 22  , backward sweep
 - Optimization centered on site: 1
 - Left boundaries taken from index: 1
 - Right boundaries taken from index: 2


 Initial ||Ax - b|| norm =  0.999999978356890

 ------------------------------------- 
 Iteration  | Rel. error estimate      
 ------------------------------------- 
    0          9.999999783568905e-01
    1          1.845930279273741e-01
    2          1.012827448672932e-01
    3          4.984850337546556e-02
    4          3.075427746343836e-02
    5          1.541800636521332e-02
    6          9.616055469146777e-03
    7          4.790075452159558e-03
    8          2.522639803153256e-03
    9          1.779218977482149e-03
   10          1.110625292110462e-03
   11          6.419035844656242e-04
   12          3.306437236742775e-04
   13          1.419598725081180e-04
   14          7.489361621918052e-05
   15          3.938649302491245e-05
   16          2.192254740263286e-05
   17          1.192919082836062e-05
   18          6.091119753235418e-06
   19          3.463007546578507e-06
   20          1.955991050539622e-06
   21          1.221997594092446e-06
   22          6.916569085600718e-07
   23          4.016726979042389e-07
   24          1.812489810791960e-07
   25          8.558104497223476e-08
   26          4.887878578028790e-08
   27          2.917341717674047e-08
   28          1.713069778682298e-08
   29          8.821839251361945e-09
   30          4.444144439914742e-09
   31          2.207959398593139e-09
   32          9.900006299143719e-10
   33          4.299241574413560e-10
   34          2.120440676968804e-10
   35          1.259359797457436e-10
 --------------------------------- 


 Final ||Ax - b|| norm =  0.000000000077285
 Final energy = 11011.652659254446917

 Bond dimension before truncation: 306
 Bond dimension after truncation: 51
 Updating right boundary for site 1

 MICROITERATION NUMBER = 23  , backward sweep
 - Optimization centered on site: 0
 - Left boundaries taken from index: 0
 - Right boundaries taken from index: 1


 Initial ||Ax - b|| norm =  0.999999977798406

 ------------------------------------- 
 Iteration  | Rel. error estimate      
 ------------------------------------- 
    0          9.999999777984055e-01
    1          1.846324500247339e-01
    2          1.006433359322927e-01
    3          4.863762242382615e-02
    4          2.692655711412165e-02
    5          1.426501427239151e-02
    6          7.405489126597606e-03
    7          2.976769932326049e-03
    8          2.005021627895494e-03
    9          1.271086230155270e-03
   10          6.749248081241335e-04
   11          2.586183058346904e-04
   12          1.164896220933364e-04
   13          5.901199037148700e-05
   14          2.769859612474523e-05
   15          1.285500326978038e-05
   16          7.009948634366372e-06
   17          3.280518282685562e-06
   18          1.904969756648172e-06
   19          1.070879646458740e-06
   20          5.931842389733744e-07
   21          2.264586343031410e-07
   22          1.001503464091140e-07
   23          5.078692434726879e-08
   24          2.918759936787450e-08
   25          1.542517296382683e-08
   26          8.328380876034279e-09
   27          4.055643126600560e-09
   28          1.744451112990029e-09
   29          6.809478135352421e-10
   30          2.882247347611028e-10
   31          1.558568886652438e-10
 --------------------------------- 


 Final ||Ax - b|| norm =  0.000000000080658
 Final energy = 11011.652659262930683

 Updating right boundary for site 0


 SWEEP NUMBER 4
 ----------------
 - Noise parameter: 0.0000000100
 - Maximum bond dimension: 50
 - Truncation parameter: 0.0000000000

 MICROITERATION NUMBER = 0  , forward sweep
 - Optimization centered on site: 0
 - Left boundaries taken from index: 0
 - Right boundaries taken from index: 1


 Initial ||Ax - b|| norm =  0.999999977798406

 ------------------------------------- 
 Iteration  | Rel. error estimate      
 ------------------------------------- 
    0          9.999999777984055e-01
    1          1.846324500247339e-01
    2          1.006433359322927e-01
    3          4.863762242382615e-02
    4          2.692655711412165e-02
    5          1.426501427239151e-02
    6          7.405489126597606e-03
    7          2.976769932326049e-03
    8          2.005021627895494e-03
    9          1.271086230155270e-03
   10          6.749248081241335e-04
   11          2.586183058346904e-04
   12          1.164896220933364e-04
   13          5.901199037148700e-05
   14          2.769859612474523e-05
   15          1.285500326978038e-05
   16          7.009948634366372e-06
   17          3.280518282685562e-06
   18          1.904969756648172e-06
   19          1.070879646458740e-06
   20          5.931842389733744e-07
   21          2.264586343031410e-07
   22          1.001503464091140e-07
   23          5.078692434726879e-08
   24          2.918759936787450e-08
   25          1.542517296382683e-08
   26          8.328380876034279e-09
   27          4.055643126600560e-09
   28          1.744451112990029e-09
   29          6.809478135352421e-10
   30          2.882247347611028e-10
   31          1.558568886652438e-10
 --------------------------------- 


 Final ||Ax - b|| norm =  0.000000000080658
 Final energy = 11011.652659262930683

 Bond dimension before truncation: 6
 Bond dimension after truncation: 6
 Updating left boundary for site 1

 MICROITERATION NUMBER = 1  , forward sweep
 - Optimization centered on site: 1
 - Left boundaries taken from index: 1
 - Right boundaries taken from index: 2


 Initial ||Ax - b|| norm =  0.999999978356891

 ------------------------------------- 
 Iteration  | Rel. error estimate      
 ------------------------------------- 
    0          9.999999783568907e-01
    1          1.845930279274959e-01
    2          1.012827448673727e-01
    3          4.984850337550025e-02
    4          3.075427746345734e-02
    5          1.541800636522249e-02
    6          9.616055469151565e-03
    7          4.790075452161553e-03
    8          2.522639803154510e-03
    9          1.779218977483083e-03
   10          1.110625292110993e-03
   11          6.419035844660081e-04
   12          3.306437236744800e-04
   13          1.419598725082159e-04
   14          7.489361621926416e-05
   15          3.938649302497267e-05
   16          2.192254740267645e-05
   17          1.192919082839221e-05
   18          6.091119753259922e-06
   19          3.463007546597691e-06
   20          1.955991050553816e-06
   21          1.221997594101318e-06
   22          6.916569085642570e-07
   23          4.016726979059710e-07
   24          1.812489810797066e-07
   25          8.558104497247459e-08
   26          4.887878578044274e-08
   27          2.917341717682742e-08
   28          1.713069778686361e-08
   29          8.821839251373820e-09
   30          4.444144439913805e-09
   31          2.207959398580710e-09
   32          9.900006298831632e-10
   33          4.299241573715737e-10
   34          2.120440675994995e-10
   35          1.259359797245841e-10
 --------------------------------- 


 Final ||Ax - b|| norm =  0.000000000077298
 Final energy = 11011.652659254468745

 Bond dimension before truncation: 36
 Bond dimension after truncation: 36
 Updating left boundary for site 2

 MICROITERATION NUMBER = 2  , forward sweep
 - Optimization centered on site: 2
 - Left boundaries taken from index: 2
 - Right boundaries taken from index: 3


 Initial ||Ax - b|| norm =  0.999999978704410

 ------------------------------------- 
 Iteration  | Rel. error estimate      
 ------------------------------------- 
    0          9.999999787044098e-01
    1          1.883316730343975e-01
    2          1.109229174078081e-01
    3          7.086859281275559e-02
    4          4.295084116616817e-02
    5          2.802692168058228e-02
    6          1.698256513431011e-02
    7          1.022267621590375e-02
    8          6.300967580801516e-03
    9          3.470296790470882e-03
   10          2.078302603035800e-03
   11          1.538552543012517e-03
   12          1.056142216501902e-03
   13          5.901366824404231e-04
   14          3.226394842187856e-04
   15          1.655354782236661e-04
   16          8.416672655181222e-05
   17          4.712684430287988e-05
   18          2.573690149424090e-05
   19          1.441640645232752e-05
   20          8.387762190041997e-06
   21          4.669552110441895e-06
   22          2.537154312435977e-06
   23          1.559371040485779e-06
   24          1.045564549865501e-06
   25          6.658236395753162e-07
   26          3.835181798177927e-07
   27          2.131571137869983e-07
   28          1.057345240504900e-07
   29          5.225891414265604e-08
   30          2.971277999890079e-08
   31          1.751360272988496e-08
   32          1.100067778975099e-08
   33          6.915630958078880e-09
   34          4.037988373450744e-09
   35          2.205655571170096e-09
   36          1.106990030881973e-09
   37          5.796857742193061e-10
   38          2.752106161422621e-10
   39          1.284317033148623e-10
 --------------------------------- 


 Final ||Ax - b|| norm =  0.000000000069229
 Final energy = 11011.652645882786601

 Bond dimension before truncation: 216
 Bond dimension after truncation: 51
 Updating left boundary for site 3

 MICROITERATION NUMBER = 3  , forward sweep
 - Optimization centered on site: 3
 - Left boundaries taken from index: 3
 - Right boundaries taken from index: 4


 Initial ||Ax - b|| norm =  0.999999987829332

 ------------------------------------- 
 Iteration  | Rel. error estimate      
 ------------------------------------- 
    0          9.999999878293319e-01
    1          4.796296748200224e-01
    2          2.062497360888047e-01
    3          1.189264742322667e-01
    4          8.002014441179900e-02
    5          5.235475381421157e-02
    6          3.412843012519089e-02
    7          2.124161328639169e-02
    8          1.313364052003890e-02
    9          8.215440433278447e-03
   10          4.613912921095422e-03
   11          2.704246803560430e-03
   12          1.754383367083499e-03
   13          1.221016117273495e-03
   14          8.202498708827159e-04
   15          4.812653167167193e-04
   16          2.411834966981957e-04
   17          1.095778273904609e-04
   18          5.323912361244680e-05
   19          2.721693248166498e-05
   20          1.452057462749951e-05
   21          7.605120794341265e-06
   22          4.609263506038285e-06
   23          2.969334662075157e-06
   24          1.926198164635399e-06
   25          1.161498469392504e-06
   26          6.578405174760293e-07
   27          3.538261700119596e-07
   28          2.003540619075720e-07
   29          1.164504695928485e-07
   30          7.111239392973448e-08
   31          4.290648850776982e-08
   32          2.511934879999379e-08
   33          1.473044237222479e-08
   34          8.735856740030524e-09
   35          4.800047674366162e-09
   36          2.530059536604572e-09
   37          1.306705617380461e-09
   38          6.905653355097335e-10
   39          3.802577813985144e-10
   40          2.221252481451440e-10
   41          1.362340116963080e-10
 --------------------------------- 


 Final ||Ax - b|| norm =  0.000000000083394
 Final energy = 11011.649431465681118

 Bond dimension before truncation: 306
 Bond dimension after truncation: 51
 Updating left boundary for site 4

 MICROITERATION NUMBER = 4  , forward sweep
 - Optimization centered on site: 4
 - Left boundaries taken from index: 4
 - Right boundaries taken from index: 5


 Initial ||Ax - b|| norm =  0.999999960885967

 ------------------------------------- 
 Iteration  | Rel. error estimate      
 ------------------------------------- 
    0          9.999999608859669e-01
    1          5.062579903817128e-01
    2          2.183335407720802e-01
    3          1.205645234084894e-01
    4          8.028585838939364e-02
    5          5.283402604782912e-02
    6          3.440310346104682e-02
    7          2.177616215548399e-02
    8          1.363630596647493e-02
    9          8.602288251819797e-03
   10          5.065914325183466e-03
   11          2.954230170384234e-03
   12          1.904022121601698e-03
   13          1.332980298579367e-03
   14          9.485059199045013e-04
   15          6.202919573990813e-04
   16          3.407452789709373e-04
   17          1.671140308824930e-04
   18          8.251671084482718e-05
   19          4.339586664266080e-05
   20          2.272563223248871e-05
   21          1.217596449489567e-05
   22          6.847874749342958e-06
   23          4.117414690378179e-06
   24          2.710366650466666e-06
   25          1.725689963410300e-06
   26          1.074973646926757e-06
   27          6.579666555746380e-07
   28          3.756699866800610e-07
   29          2.208222389462980e-07
   30          1.317332492600609e-07
   31          8.501342992862718e-08
   32          5.282511425414836e-08
   33          3.250981233290684e-08
   34          1.850480311101362e-08
   35          1.063476673998441e-08
   36          6.195110700698097e-09
   37          3.564098029751004e-09
   38          1.977662801520650e-09
   39          1.102188308543759e-09
   40          6.198167614653952e-10
   41          3.537045833116456e-10
   42          2.045813019843604e-10
   43          1.206704811506491e-10
 --------------------------------- 


 Final ||Ax - b|| norm =  0.000000000073879
 Final energy = 11011.648383947482216

 Bond dimension before truncation: 306
 Bond dimension after truncation: 51
 Updating left boundary for site 5

 MICROITERATION NUMBER = 5  , forward sweep
 - Optimization centered on site: 5
 - Left boundaries taken from index: 5
 - Right boundaries taken from index: 6


 Initial ||Ax - b|| norm =  0.999999854991087

 ------------------------------------- 
 Iteration  | Rel. error estimate      
 ------------------------------------- 
    0          9.999998549910871e-01
    1          5.616752168376968e-01
    2          2.401259660149613e-01
    3          1.257503832180941e-01
    4          8.546606375629386e-02
    5          5.719432000045153e-02
    6          3.728581391590297e-02
    7          2.481645802162935e-02
    8          1.582316573836879e-02
    9          9.949848783168812e-03
   10          6.091939694445474e-03
   11          3.664537979641044e-03
   12          2.301570475119300e-03
   13          1.607711641839852e-03
   14          1.175712357064295e-03
   15          8.119423017131431e-04
   16          4.653972197980613e-04
   17          2.410242323828374e-04
   18          1.222849635350792e-04
   19          6.454668121417744e-05
   20          3.519513047783918e-05
   21          1.886165381217000e-05
   22          1.105105449330629e-05
   23          6.834969325520025e-06
   24          4.100211381413196e-06
   25          2.638196016252958e-06
   26          1.683723949116632e-06
   27          1.043867658971108e-06
   28          6.015730470192130e-07
   29          3.491559814936963e-07
   30          2.085952335320164e-07
   31          1.352182592943337e-07
   32          8.918256472847298e-08
   33          5.591416182733648e-08
   34          3.288956254104457e-08
   35          1.815292253966411e-08
   36          1.023372708215127e-08
   37          6.042809272702636e-09
   38          3.602350553658020e-09
   39          2.157071620718691e-09
   40          1.302957088823095e-09
   41          7.699920582023650e-10
   42          4.535137899562441e-10
   43          2.631301325340750e-10
   44          1.531694199164470e-10
 --------------------------------- 


 Final ||Ax - b|| norm =  0.000000000087169
 Final energy = 11011.646278416041241

 Bond dimension before truncation: 306
 Bond dimension after truncation: 51
 Updating left boundary for site 6

 MICROITERATION NUMBER = 6  , forward sweep
 - Optimization centered on site: 6
 - Left boundaries taken from index: 6
 - Right boundaries taken from index: 7


 Initial ||Ax - b|| norm =  0.999999633162405

 ------------------------------------- 
 Iteration  | Rel. error estimate      
 ------------------------------------- 
    0          9.999996331624053e-01
    1          6.749675284520824e-01
    2          2.920436234269268e-01
    3          1.450870995232720e-01
    4          9.648624412996291e-02
    5          6.804011852162045e-02
    6          4.772382141322970e-02
    7          3.206939125100498e-02
    8          2.138057395439896e-02
    9          1.383926351246423e-02
   10          8.428149881954105e-03
   11          5.063472726367957e-03
   12          3.086942445704022e-03
   13          1.955114992878716e-03
   14          1.384987168913413e-03
   15          1.017017751917758e-03
   16          6.966932631873680e-04
   17          4.137145402929179e-04
   18          2.134280210415909e-04
   19          1.098684360942534e-04
   20          6.057528362333846e-05
   21          3.262784554420702e-05
   22          1.742305922007483e-05
   23          9.749718563801242e-06
   24          5.628479608788685e-06
   25          3.422015263158057e-06
   26          2.208732384210116e-06
   27          1.392692786016029e-06
   28          8.628142598150486e-07
   29          5.145641761090986e-07
   30          3.018900940836390e-07
   31          1.813492698338941e-07
   32          1.156407654383328e-07
   33          7.622194331026283e-08
   34          4.820961789158448e-08
   35          2.825830564900561e-08
   36          1.584607404687371e-08
   37          9.135252852723203e-09
   38          5.712422442691231e-09
   39          3.708846531621497e-09
   40          2.340267222076745e-09
   41          1.461623787587360e-09
   42          9.011975802980028e-10
   43          5.299056987497132e-10
   44          2.992272429483583e-10
   45          1.640398254558454e-10
 --------------------------------- 


 Final ||Ax - b|| norm =  0.000000000087146
 Final energy = 11011.641552439954467

 Bond dimension before truncation: 306
 Bond dimension after truncation: 51
 Updating left boundary for site 7

 MICROITERATION NUMBER = 7  , forward sweep
 - Optimization centered on site: 7
 - Left boundaries taken from index: 7
 - Right boundaries taken from index: 8


 Initial ||Ax - b|| norm =  0.999999341243421

 ------------------------------------- 
 Iteration  | Rel. error estimate      
 ------------------------------------- 
    0          9.999993412434212e-01
    1          7.695544181965028e-01
    2          3.634996818069866e-01
    3          1.611381418223240e-01
    4          1.044045385888206e-01
    5          7.614197361595451e-02
    6          5.327762048105565e-02
    7          3.707121379077831e-02
    8          2.583771095130378e-02
    9          1.734777753310159e-02
   10          1.114636254072058e-02
   11          7.206723753036534e-03
   12          4.320634368080029e-03
   13          2.786491199698773e-03
   14          1.793182204904224e-03
   15          1.315121107335951e-03
   16          9.827157278238601e-04
   17          7.013342721420822e-04
   18          4.476825487685910e-04
   19          2.427696875170568e-04
   20          1.365947633220269e-04
   21          7.339128785439916e-05
   22          4.258445680962391e-05
   23          2.421533367455914e-05
   24          1.347801497034326e-05
   25          7.865586185662392e-06
   26          4.949633869322436e-06
   27          3.322463367012832e-06
   28          2.277252930950368e-06
   29          1.485784205268352e-06
   30          8.797568134007169e-07
   31          5.196568729494432e-07
   32          3.204209598313591e-07
   33          2.009653128165709e-07
   34          1.298416706732060e-07
   35          8.377872017268994e-08
   36          5.410717209915686e-08
   37          3.429602821733069e-08
   38          2.058237793599159e-08
   39          1.253972898334972e-08
   40          8.083558345295397e-09
   41          5.363875595715591e-09
   42          3.523397679960860e-09
   43          2.342808132413413e-09
   44          1.496344341020971e-09
   45          9.182213643305290e-10
   46          5.422069971989083e-10
   47          3.171054074914157e-10
   48          1.782439602743537e-10
 --------------------------------- 


 Final ||Ax - b|| norm =  0.000000000095357
 Final energy = 11011.635111953852174

 Bond dimension before truncation: 306
 Bond dimension after truncation: 51
 Updating left boundary for site 8

 MICROITERATION NUMBER = 8  , forward sweep
 - Optimization centered on site: 8
 - Left boundaries taken from index: 8
 - Right boundaries taken from index: 9


 Initial ||Ax - b|| norm =  0.999999109183610

 ------------------------------------- 
 Iteration  | Rel. error estimate      
 ------------------------------------- 
    0          9.999991091836103e-01
    1          7.438528505526421e-01
    2          3.969633454939514e-01
    3          2.175937683537851e-01
    4          1.456228345271361e-01
    5          1.100941155136168e-01
    6          8.679925965554619e-02
    7          6.780302826071627e-02
    8          5.133452092648694e-02
    9          3.867555533298672e-02
   10          2.894760841357623e-02
   11          2.181739816819477e-02
   12          1.553247120422905e-02
   13          1.112176921891344e-02
   14          8.070944462030768e-03
   15          5.581616220522795e-03
   16          3.857293385786096e-03
   17          2.703800052662596e-03
   18          1.924134071320688e-03
   19          1.449492676582289e-03
   20          1.152625149263036e-03
   21          9.341242379025968e-04
   22          7.235489622165309e-04
   23          5.096433766284318e-04
   24          3.329666721471344e-04
   25          2.077184574103882e-04
   26          1.275554747935449e-04
   27          7.838567775300963e-05
   28          4.943980400450840e-05
   29          3.135196866429562e-05
   30          2.004219562013559e-05
   31          1.318894520249206e-05
   32          8.551329838570415e-06
   33          5.491479049815692e-06
   34          3.717195182788818e-06
   35          2.692752008088348e-06
   36          2.041904164144628e-06
   37          1.551996881091571e-06
   38          1.136929214137033e-06
   39          8.072652934924101e-07
   40          5.587495014488197e-07
   41          3.809103210089248e-07
   42          2.620228507368192e-07
   43          1.870175451005203e-07
   44          1.298986698974975e-07
   45          8.659243952957262e-08
   46          5.732145936872830e-08
   47          3.701829674307345e-08
   48          2.326597071505128e-08
 --------------------------------- 


 Final ||Ax - b|| norm =  0.000000014418925
 Final energy = 11011.635132498158782

 Bond dimension before truncation: 306
 Bond dimension after truncation: 51
 Updating left boundary for site 9

 MICROITERATION NUMBER = 9  , forward sweep
 - Optimization centered on site: 9
 - Left boundaries taken from index: 9
 - Right boundaries taken from index: 10


 Initial ||Ax - b|| norm =  0.999998876748801

 ------------------------------------- 
 Iteration  | Rel. error estimate      
 ------------------------------------- 
    0          9.999988767488013e-01
    1          6.563480417992543e-01
    2          3.430390498007935e-01
    3          2.219517793022610e-01
    4          1.649750779283728e-01
    5          1.349445047611906e-01
    6          1.145431958285292e-01
    7          9.704653319854246e-02
    8          7.983254353861065e-02
    9          6.355723530722772e-02
   10          5.056816318993260e-02
   11          4.057434859487799e-02
   12          3.215182437494177e-02
   13          2.617527017328429e-02
   14          2.048679579329843e-02
   15          1.567051972877856e-02
   16          1.173043441072747e-02
   17          8.799395651445517e-03
   18          6.773040076873607e-03
   19          5.313806237061016e-03
   20          4.105368938715924e-03
   21          3.326926728352388e-03
   22          2.513409494144703e-03
   23          1.859465573571878e-03
   24          1.432889645351987e-03
   25          1.172157411483358e-03
   26          9.871363581994881e-04
   27          8.667728225466692e-04
   28          7.293265842866146e-04
   29          5.928609569497340e-04
   30          4.698462871765859e-04
   31          3.647232871092236e-04
   32          2.603946520655238e-04
   33          1.806660114562229e-04
   34          1.213621371591406e-04
   35          7.858671259159608e-05
   36          5.188778628620239e-05
   37          3.522515577370084e-05
   38          2.587430696100919e-05
   39          1.850849098096114e-05
   40          1.308925693773439e-05
   41          9.735797325082291e-06
   42          7.406831663284735e-06
   43          5.745981592351821e-06
   44          4.425838060855026e-06
   45          3.396100614265972e-06
   46          2.635592020069938e-06
   47          2.065931920113376e-06
   48          1.606283956013750e-06
 --------------------------------- 


 Final ||Ax - b|| norm =  0.000001293310486
 Final energy = 11011.637054898730639

 Bond dimension before truncation: 306
 Bond dimension after truncation: 51
 Updating left boundary for site 10

 MICROITERATION NUMBER = 10  , forward sweep
 - Optimization centered on site: 10
 - Left boundaries taken from index: 10
 - Right boundaries taken from index: 11


 Initial ||Ax - b|| norm =  0.999998716997678

 ------------------------------------- 
 Iteration  | Rel. error estimate      
 ------------------------------------- 
    0          9.999987169976777e-01
    1          4.947693513667730e-01
    2          2.418598437133537e-01
    3          1.527970611347049e-01
    4          1.176049595276778e-01
    5          9.609484580330425e-02
    6          7.544082401905365e-02
    7          5.353064992232595e-02
    8          4.025161858854900e-02
    9          2.726621953266446e-02
   10          2.098477811754278e-02
   11          1.491964509984353e-02
   12          1.031424130743369e-02
   13          7.113951451921426e-03
   14          4.672213630708046e-03
   15          2.926763041148890e-03
   16          1.738050325132585e-03
   17          1.017362622383597e-03
   18          5.415332213716842e-04
   19          2.807131408535312e-04
   20          1.645254275755334e-04
   21          1.051106983632213e-04
   22          6.353707374362806e-05
   23          3.911718384697720e-05
   24          2.447009246352455e-05
   25          1.653573099286678e-05
   26          1.159868056087019e-05
   27          8.930922940263692e-06
   28          6.470942866615570e-06
   29          4.276241885645158e-06
   30          2.481063964889432e-06
   31          1.435449754740548e-06
   32          8.348524746330986e-07
   33          5.216853332980982e-07
   34          3.242157228704738e-07
   35          1.867899725385009e-07
   36          1.039018114661797e-07
   37          6.255812240264615e-08
   38          3.943592119702670e-08
   39          2.329641377220776e-08
   40          1.184755730812424e-08
   41          5.644311602932997e-09
   42          2.923603687827321e-09
   43          1.448666889718869e-09
   44          8.400804034313434e-10
   45          4.538548342301783e-10
   46          2.153204715249071e-10
   47          1.166368988442025e-10
 --------------------------------- 


 Final ||Ax - b|| norm =  0.000000000065040
 Final energy = 11011.637287079887756

 Bond dimension before truncation: 306
 Bond dimension after truncation: 51
 Updating left boundary for site 11

 MICROITERATION NUMBER = 11  , forward sweep
 - Optimization centered on site: 11
 - Left boundaries taken from index: 11
 - Right boundaries taken from index: 12


 Initial ||Ax - b|| norm =  0.999998716235824

 ------------------------------------- 
 Iteration  | Rel. error estimate      
 ------------------------------------- 
    0          9.999987162358245e-01
    1          4.539007470852752e-01
    2          2.352859221767407e-01
    3          1.618780379204193e-01
    4          1.243027332813109e-01
    5          8.701694195026416e-02
    6          5.064158930390125e-02
    7          3.090748167076505e-02
    8          1.979585564603288e-02
    9          1.311632919192386e-02
   10          8.250460773378900e-03
   11          5.450474553226544e-03
   12          3.599007933621604e-03
   13          2.464552517898638e-03
   14          1.501059020494772e-03
   15          8.676838620363414e-04
   16          4.816048892107215e-04
   17          2.722174089517130e-04
   18          1.535998750600186e-04
   19          8.572609739544780e-05
   20          4.143431819763130e-05
   21          1.790468317992285e-05
   22          8.897569828475168e-06
   23          5.153877395061482e-06
   24          3.240861242641413e-06
   25          2.123458814618176e-06
   26          1.508883602106122e-06
   27          1.130718665012150e-06
   28          8.549035141076886e-07
   29          6.537407078350940e-07
   30          5.076855070296395e-07
   31          3.956218258080469e-07
   32          3.149715213114076e-07
   33          2.247537884796132e-07
   34          1.390431434255032e-07
   35          7.930967824875238e-08
   36          4.648032672340935e-08
   37          2.916034706531833e-08
   38          2.002542140214136e-08
   39          1.459832541413242e-08
   40          9.745049307101054e-09
   41          6.499824653509434e-09
   42          4.023542439738854e-09
   43          2.244837281037774e-09
   44          1.215052349407595e-09
   45          7.006692765405538e-10
   46          3.961785120311579e-10
   47          1.805553241774261e-10
 --------------------------------- 


 Final ||Ax - b|| norm =  0.000000000083677
 Final energy = 11011.637287079909584

 Updating left boundary for site 12

 MICROITERATION NUMBER = 12  , backward sweep
 - Optimization centered on site: 11
 - Left boundaries taken from index: 11
 - Right boundaries taken from index: 12


 Initial ||Ax - b|| norm =  0.999998716235824

 ------------------------------------- 
 Iteration  | Rel. error estimate      
 ------------------------------------- 
    0          9.999987162358245e-01
    1          4.539007470852752e-01
    2          2.352859221767407e-01
    3          1.618780379204193e-01
    4          1.243027332813109e-01
    5          8.701694195026416e-02
    6          5.064158930390125e-02
    7          3.090748167076505e-02
    8          1.979585564603288e-02
    9          1.311632919192386e-02
   10          8.250460773378900e-03
   11          5.450474553226544e-03
   12          3.599007933621604e-03
   13          2.464552517898638e-03
   14          1.501059020494772e-03
   15          8.676838620363414e-04
   16          4.816048892107215e-04
   17          2.722174089517130e-04
   18          1.535998750600186e-04
   19          8.572609739544780e-05
   20          4.143431819763130e-05
   21          1.790468317992285e-05
   22          8.897569828475168e-06
   23          5.153877395061482e-06
   24          3.240861242641413e-06
   25          2.123458814618176e-06
   26          1.508883602106122e-06
   27          1.130718665012150e-06
   28          8.549035141076886e-07
   29          6.537407078350940e-07
   30          5.076855070296395e-07
   31          3.956218258080469e-07
   32          3.149715213114076e-07
   33          2.247537884796132e-07
   34          1.390431434255032e-07
   35          7.930967824875238e-08
   36          4.648032672340935e-08
   37          2.916034706531833e-08
   38          2.002542140214136e-08
   39          1.459832541413242e-08
   40          9.745049307101054e-09
   41          6.499824653509434e-09
   42          4.023542439738854e-09
   43          2.244837281037774e-09
   44          1.215052349407595e-09
   45          7.006692765405538e-10
   46          3.961785120311579e-10
   47          1.805553241774261e-10
 --------------------------------- 


 Final ||Ax - b|| norm =  0.000000000083677
 Final energy = 11011.637287079909584

 Bond dimension before truncation: 6
 Bond dimension after truncation: 6
 Updating right boundary for site 11

 MICROITERATION NUMBER = 13  , backward sweep
 - Optimization centered on site: 10
 - Left boundaries taken from index: 10
 - Right boundaries taken from index: 11


 Initial ||Ax - b|| norm =  0.999998716997678

 ------------------------------------- 
 Iteration  | Rel. error estimate      
 ------------------------------------- 
    0          9.999987169976781e-01
    1          4.947693513669166e-01
    2          2.418598437134377e-01
    3          1.527970611347640e-01
    4          1.176049595277284e-01
    5          9.609484580334630e-02
    6          7.544082401908360e-02
    7          5.353064992234381e-02
    8          4.025161858856256e-02
    9          2.726621953267509e-02
   10          2.098477811755155e-02
   11          1.491964509984998e-02
   12          1.031424130743834e-02
   13          7.113951451924794e-03
   14          4.672213630710105e-03
   15          2.926763041149881e-03
   16          1.738050325133053e-03
   17          1.017362622383902e-03
   18          5.415332213718779e-04
   19          2.807131408536312e-04
   20          1.645254275755852e-04
   21          1.051106983632520e-04
   22          6.353707374364731e-05
   23          3.911718384698940e-05
   24          2.447009246353146e-05
   25          1.653573099286799e-05
   26          1.159868056085229e-05
   27          8.930922940236720e-06
   28          6.470942866607233e-06
   29          4.276241885645262e-06
   30          2.481063964890446e-06
   31          1.435449754741333e-06
   32          8.348524746335006e-07
   33          5.216853332982556e-07
   34          3.242157228705667e-07
   35          1.867899725385759e-07
   36          1.039018114662400e-07
   37          6.255812240268529e-08
   38          3.943592119704440e-08
   39          2.329641377218760e-08
   40          1.184755730799238e-08
   41          5.644311602454745e-09
   42          2.923603686200139e-09
   43          1.448666883519191e-09
   44          8.400803960734228e-10
   45          4.538548325407403e-10
   46          2.153204711797251e-10
   47          1.166368987494515e-10
 --------------------------------- 


 Final ||Ax - b|| norm =  0.000000000065048
 Final energy = 11011.637287079893213

 Bond dimension before truncation: 36
 Bond dimension after truncation: 36
 Updating right boundary for site 10

 MICROITERATION NUMBER = 14  , backward sweep
 - Optimization centered on site: 9
 - Left boundaries taken from index: 9
 - Right boundaries taken from index: 10


 Initial ||Ax - b|| norm =  0.999998876748801

 ------------------------------------- 
 Iteration  | Rel. error estimate      
 ------------------------------------- 
    0          9.999988767488007e-01
    1          6.563480417990715e-01
    2          3.430390498006718e-01
    3          2.219517793021896e-01
    4          1.649750779283271e-01
    5          1.349445047611544e-01
    6          1.145431958284965e-01
    7          9.704653319851063e-02
    8          7.983254353857931e-02
    9          6.355723530719901e-02
   10          5.056816318990980e-02
   11          4.057434859486132e-02
   12          3.215182437493108e-02
   13          2.617527017327693e-02
   14          2.048679579329335e-02
   15          1.567051972877522e-02
   16          1.173043441072576e-02
   17          8.799395651446934e-03
   18          6.773040076893924e-03
   19          5.313806237151049e-03
   20          4.105368938991698e-03
   21          3.326926728551895e-03
   22          2.513409494168835e-03
   23          1.859465573574602e-03
   24          1.432889645354530e-03
   25          1.172157411485500e-03
   26          9.871363582037854e-04
   27          8.667728225528316e-04
   28          7.293265843021786e-04
   29          5.928609570240180e-04
   30          4.698462873423797e-04
   31          3.647232871934161e-04
   32          2.603946520748904e-04
   33          1.806660114567966e-04
   34          1.213621371588420e-04
   35          7.858671258912072e-05
   36          5.188778627457288e-05
   37          3.522515573619180e-05
   38          2.587430693994113e-05
   39          1.850849097927197e-05
   40          1.308925693730214e-05
   41          9.735797324542945e-06
   42          7.406831662956292e-06
   43          5.745981592273326e-06
   44          4.425838060839459e-06
   45          3.396100614255655e-06
   46          2.635592020043348e-06
   47          2.065931920042986e-06
   48          1.606283955750411e-06
 --------------------------------- 


 Final ||Ax - b|| norm =  0.000001293310463
 Final energy = 11011.637054898741553

 Bond dimension before truncation: 216
 Bond dimension after truncation: 51
 Updating right boundary for site 9

 MICROITERATION NUMBER = 15  , backward sweep
 - Optimization centered on site: 8
 - Left boundaries taken from index: 8
 - Right boundaries taken from index: 9


 Initial ||Ax - b|| norm =  0.999999109183610

 ------------------------------------- 
 Iteration  | Rel. error estimate      
 ------------------------------------- 
    0          9.999991091836101e-01
    1          7.438528523267486e-01
    2          3.969633450409775e-01
    3          2.175937693162911e-01
    4          1.456228346072343e-01
    5          1.100941148729511e-01
    6          8.679925892987521e-02
    7          6.780302735165211e-02
    8          5.133452009052178e-02
    9          3.867555456660870e-02
   10          2.894760763898433e-02
   11          2.181739762812287e-02
   12          1.553247073331611e-02
   13          1.112176871747545e-02
   14          8.070944103683451e-03
   15          5.581615856142750e-03
   16          3.857293082158148e-03
   17          2.703799931264554e-03
   18          1.924133949952001e-03
   19          1.449492594410779e-03
   20          1.152625087019566e-03
   21          9.341241888169982e-04
   22          7.235489050759186e-04
   23          5.096433138769303e-04
   24          3.329666337292838e-04
   25          2.077184302833197e-04
   26          1.275554522998486e-04
   27          7.838566549456638e-05
   28          4.943979615904912e-05
   29          3.135196315315735e-05
   30          2.004219239130747e-05
   31          1.318894343820233e-05
   32          8.551328567156853e-06
   33          5.491477884226816e-06
   34          3.717194626550844e-06
   35          2.692751679434310e-06
   36          2.041903919991892e-06
   37          1.551996721297168e-06
   38          1.136929074782797e-06
   39          8.072651689846048e-07
   40          5.587493984388828e-07
   41          3.809102486270660e-07
   42          2.620228124994056e-07
   43          1.870175108676183e-07
   44          1.298986430823017e-07
   45          8.659242459316361e-08
   46          5.732144849335582e-08
   47          3.701828794377130e-08
   48          2.326596282515223e-08
 --------------------------------- 


 Final ||Ax - b|| norm =  0.000000014418906
 Final energy = 11011.635132498131497

 Bond dimension before truncation: 306
 Bond dimension after truncation: 51
 Updating right boundary for site 8

 MICROITERATION NUMBER = 16  , backward sweep
 - Optimization centered on site: 7
 - Left boundaries taken from index: 7
 - Right boundaries taken from index: 8


 Initial ||Ax - b|| norm =  0.999999341243422

 ------------------------------------- 
 Iteration  | Rel. error estimate      
 ------------------------------------- 
    0          9.999993412434218e-01
    1          7.695543937194741e-01
    2          3.634995593224428e-01
    3          1.611381017773584e-01
    4          1.044045198683550e-01
    5          7.614195681911322e-02
    6          5.327760372466218e-02
    7          3.707120198438910e-02
    8          2.583770132395246e-02
    9          1.734776905973499e-02
   10          1.114635716052794e-02
   11          7.206719204722732e-03
   12          4.320631404923449e-03
   13          2.786489383122585e-03
   14          1.793181031395143e-03
   15          1.315120480146394e-03
   16          9.827151587728964e-04
   17          7.013337401255873e-04
   18          4.476820148664494e-04
   19          2.427693600965996e-04
   20          1.365945755930856e-04
   21          7.339118477899126e-05
   22          4.258440114872549e-05
   23          2.421529773172626e-05
   24          1.347799290127050e-05
   25          7.865574758602928e-06
   26          4.949627327326304e-06
   27          3.322459565208782e-06
   28          2.277250099759145e-06
   29          1.485781856404744e-06
   30          8.797550871727561e-07
   31          5.196559461600746e-07
   32          3.204203784864711e-07
   33          2.009649900431118e-07
   34          1.298414636440090e-07
   35          8.377859470209520e-08
   36          5.410708548662388e-08
   37          3.429597191443518e-08
   38          2.058233996095866e-08
   39          1.253970922240079e-08
   40          8.083546076933006e-09
   41          5.363866977221620e-09
   42          3.523391645169253e-09
   43          2.342803722008406e-09
   44          1.496341084793442e-09
   45          9.182190607642236e-10
   46          5.422055216444952e-10
   47          3.171045049051873e-10
   48          1.782433943925689e-10
 --------------------------------- 


 Final ||Ax - b|| norm =  0.000000000095387
 Final energy = 11011.635111954010426

 Bond dimension before truncation: 306
 Bond dimension after truncation: 51
 Updating right boundary for site 7

 MICROITERATION NUMBER = 17  , backward sweep
 - Optimization centered on site: 6
 - Left boundaries taken from index: 6
 - Right boundaries taken from index: 7


 Initial ||Ax - b|| norm =  0.999999633161900

 ------------------------------------- 
 Iteration  | Rel. error estimate      
 ------------------------------------- 
    0          9.999996331619003e-01
    1          6.749678460848250e-01
    2          2.920438962338541e-01
    3          1.450872272700868e-01
    4          9.648629987559318e-02
    5          6.804017563219714e-02
    6          4.772387763470091e-02
    7          3.206942287230816e-02
    8          2.138060719715106e-02
    9          1.383928718943624e-02
   10          8.428164526575528e-03
   11          5.063485099834431e-03
   12          3.086950149375252e-03
   13          1.955118786933555e-03
   14          1.384989606992574e-03
   15          1.017019425303646e-03
   16          6.966951885089664e-04
   17          4.137159731620802e-04
   18          2.134289262804732e-04
   19          1.098689079090253e-04
   20          6.057553606839396e-05
   21          3.262801042163312e-05
   22          1.742313171949077e-05
   23          9.749758030699662e-06
   24          5.628503212289612e-06
   25          3.422026935736359e-06
   26          2.208740844511265e-06
   27          1.392698513939994e-06
   28          8.628177453781171e-07
   29          5.145666703499200e-07
   30          3.018915809205495e-07
   31          1.813501761258733e-07
   32          1.156412972499299e-07
   33          7.622230839227622e-08
   34          4.820991537363191e-08
   35          2.825848527389728e-08
   36          1.584619700111383e-08
   37          9.135313369828926e-09
   38          5.712454304877996e-09
   39          3.708869026667596e-09
   40          2.340280442258463e-09
   41          1.461632699795297e-09
   42          9.012031815656563e-10
   43          5.299095286239914e-10
   44          2.992296743721472e-10
   45          1.640412622681293e-10
 --------------------------------- 


 Final ||Ax - b|| norm =  0.000000000087149
 Final energy = 11011.641552437899009

 Bond dimension before truncation: 306
 Bond dimension after truncation: 51
 Updating right boundary for site 6

 MICROITERATION NUMBER = 18  , backward sweep
 - Optimization centered on site: 5
 - Left boundaries taken from index: 5
 - Right boundaries taken from index: 6


 Initial ||Ax - b|| norm =  0.999999854989943

 ------------------------------------- 
 Iteration  | Rel. error estimate      
 ------------------------------------- 
    0          9.999998549899426e-01
    1          5.616757946542480e-01
    2          2.401267321775103e-01
    3          1.257508080445231e-01
    4          8.546631263550035e-02
    5          5.719451008521798e-02
    6          3.728597446250308e-02
    7          2.481658308360998e-02
    8          1.582325789557991e-02
    9          9.949916463243827e-03
   10          6.091981251262760e-03
   11          3.664566696048531e-03
   12          2.301587917383578e-03
   13          1.607720359794713e-03
   14          1.175719004952156e-03
   15          8.119483889597352e-04
   16          4.654020607101064e-04
   17          2.410279717574749e-04
   18          1.222868750509409e-04
   19          6.454768864046430e-05
   20          3.519586854540788e-05
   21          1.886207560795271e-05
   22          1.105126193013835e-05
   23          6.835097967526134e-06
   24          4.100273925105037e-06
   25          2.638232628826440e-06
   26          1.683747675377574e-06
   27          1.043886718646882e-06
   28          6.015853322635232e-07
   29          3.491624135266950e-07
   30          2.085989021292197e-07
   31          1.352202409792170e-07
   32          8.918388107601278e-08
   33          5.591503688480191e-08
   34          3.289013996377745e-08
   35          1.815327504634580e-08
   36          1.023388037597231e-08
   37          6.042906855615138e-09
   38          3.602427221721766e-09
   39          2.157113934296916e-09
   40          1.302986557251418e-09
   41          7.700122158516232e-10
   42          4.535266705875511e-10
   43          2.631378921965597e-10
   44          1.531743509372340e-10
 --------------------------------- 


 Final ||Ax - b|| norm =  0.000000000087175
 Final energy = 11011.646278450172758

 Bond dimension before truncation: 306
 Bond dimension after truncation: 51
 Updating right boundary for site 5

 MICROITERATION NUMBER = 19  , backward sweep
 - Optimization centered on site: 4
 - Left boundaries taken from index: 4
 - Right boundaries taken from index: 5


 Initial ||Ax - b|| norm =  0.999999960884341

 ------------------------------------- 
 Iteration  | Rel. error estimate      
 ------------------------------------- 
    0          9.999999608843411e-01
    1          5.062580437399352e-01
    2          2.183336601270904e-01
    3          1.205645401149752e-01
    4          8.028583506369463e-02
    5          5.283398990797573e-02
    6          3.440307369830278e-02
    7          2.177614130387796e-02
    8          1.363629397262582e-02
    9          8.602280060564146e-03
   10          5.065907349035093e-03
   11          2.954227086154438e-03
   12          1.904020134543768e-03
   13          1.332978619746602e-03
   14          9.485048393511048e-04
   15          6.202919547091435e-04
   16          3.407450520872728e-04
   17          1.671142372600553e-04
   18          8.251697943672902e-05
   19          4.339595652200978e-05
   20          2.272566054991304e-05
   21          1.217597610624172e-05
   22          6.847875197333356e-06
   23          4.117410022034802e-06
   24          2.710361968199034e-06
   25          1.725687004728851e-06
   26          1.074972442831454e-06
   27          6.579659338323132e-07
   28          3.756694303424427e-07
   29          2.208217174801716e-07
   30          1.317329758233920e-07
   31          8.501337413203318e-08
   32          5.282505595550860e-08
   33          3.250976140515656e-08
   34          1.850481547409941e-08
   35          1.063476877529534e-08
   36          6.195110129826219e-09
   37          3.564098742854945e-09
   38          1.977657157780829e-09
   39          1.102183160556658e-09
   40          6.198147550683852e-10
   41          3.537037614159642e-10
   42          2.045808060556160e-10
   43          1.206704101989120e-10
 --------------------------------- 


 Final ||Ax - b|| norm =  0.000000000073874
 Final energy = 11011.648383988300338

 Bond dimension before truncation: 306
 Bond dimension after truncation: 51
 Updating right boundary for site 4

 MICROITERATION NUMBER = 20  , backward sweep
 - Optimization centered on site: 3
 - Left boundaries taken from index: 3
 - Right boundaries taken from index: 4


 Initial ||Ax - b|| norm =  0.999999987827576

 ------------------------------------- 
 Iteration  | Rel. error estimate      
 ------------------------------------- 
    0          9.999999878275757e-01
    1          4.796296553881519e-01
    2          2.062497765266330e-01
    3          1.189264789687029e-01
    4          8.002009421599467e-02
    5          5.235471957034834e-02
    6          3.412840979419469e-02
    7          2.124161174337891e-02
    8          1.313364225600235e-02
    9          8.215432309810511e-03
   10          4.613911974528449e-03
   11          2.704244049419219e-03
   12          1.754381598334093e-03
   13          1.221014276819948e-03
   14          8.202492817157999e-04
   15          4.812658672194003e-04
   16          2.411841662593205e-04
   17          1.095785786004562e-04
   18          5.323946861927021e-05
   19          2.721710763199405e-05
   20          1.452063379770175e-05
   21          7.605124684452890e-06
   22          4.609260262920679e-06
   23          2.969331852415446e-06
   24          1.926198764613642e-06
   25          1.161497865148536e-06
   26          6.578408612151137e-07
   27          3.538263958566542e-07
   28          2.003545066573027e-07
   29          1.164508755902822e-07
   30          7.111256482843998e-08
   31          4.290656374509749e-08
   32          2.511937104512147e-08
   33          1.473047867591920e-08
   34          8.735883391754960e-09
   35          4.800060047545009e-09
   36          2.530063230507855e-09
   37          1.306704643372786e-09
   38          6.905663217666769e-10
   39          3.802587437564938e-10
   40          2.221257615951376e-10
   41          1.362345576331439e-10
 --------------------------------- 


 Final ||Ax - b|| norm =  0.000000000083404
 Final energy = 11011.649431511688817

 Bond dimension before truncation: 306
 Bond dimension after truncation: 51
 Updating right boundary for site 3

 MICROITERATION NUMBER = 21  , backward sweep
 - Optimization centered on site: 2
 - Left boundaries taken from index: 2
 - Right boundaries taken from index: 3


 Initial ||Ax - b|| norm =  0.999999978702604

 ------------------------------------- 
 Iteration  | Rel. error estimate      
 ------------------------------------- 
    0          9.999999787026038e-01
    1          1.883314416372283e-01
    2          1.109229025484638e-01
    3          7.086840593480638e-02
    4          4.295081943936725e-02
    5          2.802691036134117e-02
    6          1.698254778095716e-02
    7          1.022267440476476e-02
    8          6.300955109227851e-03
    9          3.470294764202258e-03
   10          2.078302503904532e-03
   11          1.538550620462114e-03
   12          1.056141216325512e-03
   13          5.901380870216848e-04
   14          3.226409905648809e-04
   15          1.655369433693939e-04
   16          8.416724117368645e-05
   17          4.712707224247036e-05
   18          2.573706685935214e-05
   19          1.441652378918728e-05
   20          8.387832089568580e-06
   21          4.669581635843788e-06
   22          2.537170013197241e-06
   23          1.559366220355062e-06
   24          1.045560494920816e-06
   25          6.658249383439779e-07
   26          3.835195067647469e-07
   27          2.131570941380348e-07
   28          1.057342571093001e-07
   29          5.225891036493719e-08
   30          2.971257677361702e-08
   31          1.751354279564036e-08
   32          1.100067009936738e-08
   33          6.915604623142995e-09
   34          4.037955128697205e-09
   35          2.205636787412944e-09
   36          1.106979692841241e-09
   37          5.796542192997346e-10
   38          2.751615796004522e-10
   39          1.283975555527302e-10
 --------------------------------- 


 Final ||Ax - b|| norm =  0.000000000069205
 Final energy = 11011.652645931213556

 Bond dimension before truncation: 306
 Bond dimension after truncation: 51
 Updating right boundary for site 2

 MICROITERATION NUMBER = 22  , backward sweep
 - Optimization centered on site: 1
 - Left boundaries taken from index: 1
 - Right boundaries taken from index: 2


 Initial ||Ax - b|| norm =  0.999999978355065

 ------------------------------------- 
 Iteration  | Rel. error estimate      
 ------------------------------------- 
    0          9.999999783550647e-01
    1          1.845927379949724e-01
    2          1.012827307206952e-01
    3          4.984954651225406e-02
    4          3.075592982403831e-02
    5          1.541832552983458e-02
    6          9.616601353291346e-03
    7          4.790412953062424e-03
    8          2.522733471700134e-03
    9          1.779266018035690e-03
   10          1.110661303251315e-03
   11          6.419348114273451e-04
   12          3.306551641079615e-04
   13          1.419639097361259e-04
   14          7.489649502869814e-05
   15          3.938716362997915e-05
   16          2.192266375707601e-05
   17          1.192982597265128e-05
   18          6.091462751009686e-06
   19          3.463116276100048e-06
   20          1.956007396961041e-06
   21          1.222036305291215e-06
   22          6.916978975713331e-07
   23          4.017037231459162e-07
   24          1.812626112536888e-07
   25          8.558485909674932e-08
   26          4.888075775319443e-08
   27          2.917468093562170e-08
   28          1.713128555281294e-08
   29          8.822137760089955e-09
   30          4.444295767507254e-09
   31          2.208023268389832e-09
   32          9.901044619393234e-10
   33          4.300426397119368e-10
   34          2.121820202239307e-10
   35          1.260033338319907e-10
 --------------------------------- 


 Final ||Ax - b|| norm =  0.000000000077322
 Final energy = 11011.652659302877510

 Bond dimension before truncation: 306
 Bond dimension after truncation: 51
 Updating right boundary for site 1

 MICROITERATION NUMBER = 23  , backward sweep
 - Optimization centered on site: 0
 - Left boundaries taken from index: 0
 - Right boundaries taken from index: 1


 Initial ||Ax - b|| norm =  0.999999977796572

 ------------------------------------- 
 Iteration  | Rel. error estimate      
 ------------------------------------- 
    0          9.999999777965720e-01
    1          1.846321215191611e-01
    2          1.006431468476688e-01
    3          4.863837595782202e-02
    4          2.692949027883462e-02
    5          1.426561531222862e-02
    6          7.406009498073446e-03
    7          2.977048206487822e-03
    8          2.005179798872674e-03
    9          1.271205810162085e-03
   10          6.749525406805289e-04
   11          2.586502848937242e-04
   12          1.164975277394616e-04
   13          5.901560840673939e-05
   14          2.770029858489842e-05
   15          1.285631300059628e-05
   16          7.010420889696978e-06
   17          3.280724525180764e-06
   18          1.905040677984382e-06
   19          1.070940014807558e-06
   20          5.932297310485972e-07
   21          2.264816941957133e-07
   22          1.001589937896996e-07
   23          5.079997403140176e-08
   24          2.921518210804677e-08
   25          1.545794588717838e-08
   26          8.358865013870001e-09
   27          4.062055609163184e-09
   28          1.746547275076437e-09
   29          6.812649754885244e-10
   30          2.882682768689700e-10
   31          1.558656883572793e-10
 --------------------------------- 


 Final ||Ax - b|| norm =  0.000000000080661
 Final energy = 11011.652659311372190

 Updating right boundary for site 0

 == RESULTS FOR THE 2-th iteration ==
 - Energy difference for iteration = 2 = 0.0016804667
 - MPS overlap with solution at previous iteration = 0.9999995703
 --> CONVERGENCE NOT REACHED, STARTS NEW ITERATION

+----------------------------------+
 NEW SwEEP-BASED SIMULATION STARTED
+----------------------------------+

 Simulation settings:
 - Simulation type: Linear system solver
 - Sweep-based modality: Single site
 Updating right boundary for site 11
 Updating right boundary for site 10
 Updating right boundary for site 9
 Updating right boundary for site 8
 Updating right boundary for site 7
 Updating right boundary for site 6
 Updating right boundary for site 5
 Updating right boundary for site 4
 Updating right boundary for site 3
 Updating right boundary for site 2
 Updating right boundary for site 1

 SWEEP NUMBER 0
 ----------------
 - Noise parameter: 0.0000000100
 - Maximum bond dimension: 50
 - Truncation parameter: 0.0000000000

 MICROITERATION NUMBER = 0  , forward sweep
 - Optimization centered on site: 0
 - Left boundaries taken from index: 0
 - Right boundaries taken from index: 1


 Initial ||Ax - b|| norm =  1.000000000000000

 ------------------------------------- 
 Iteration  | Rel. error estimate      
 ------------------------------------- 
    0          1.000000000000000e+00
    1          9.027834922563412e-04
    2          3.995812477960882e-04
    3          2.075128968200216e-04
    4          8.865023366907751e-05
    5          5.126605833122281e-05
    6          2.264196169139616e-05
    7          1.494681713237413e-05
    8          7.957343487539839e-06
    9          3.576177649151034e-06
   10          1.614205530244940e-06
   11          6.210654896848340e-07
   12          3.355662489557674e-07
   13          1.569825022074813e-07
   14          8.039636465148679e-08
   15          4.022688276516823e-08
   16          2.220480393326145e-08
   17          1.247162129522243e-08
   18          7.084251382333402e-09
   19          3.437965556434010e-09
   20          1.415352102588221e-09
   21          6.309254388552412e-10
   22          3.542185588715208e-10
   23          1.887711319710405e-10
 --------------------------------- 


 Final ||Ax - b|| norm =  0.000000000088936
 Final energy = 11011.652659252868034

 Bond dimension before truncation: 6
 Bond dimension after truncation: 6
 Updating left boundary for site 1

 MICROITERATION NUMBER = 1  , forward sweep
 - Optimization centered on site: 1
 - Left boundaries taken from index: 1
 - Right boundaries taken from index: 2


 Initial ||Ax - b|| norm =  1.000000000000000

 ------------------------------------- 
 Iteration  | Rel. error estimate      
 ------------------------------------- 
    0          1.000000000000000e+00
    1          1.277452719677776e-03
    2          7.842559097549909e-04
    3          5.420307749437333e-04
    4          2.766524511538074e-04
    5          1.641257497098852e-04
    6          1.003097787386055e-04
    7          5.286202822755641e-05
    8          3.072879935848771e-05
    9          1.912588779554499e-05
   10          1.177464002614391e-05
   11          7.922460839820292e-06
   12          4.039436463978933e-06
   13          1.795508905137356e-06
   14          8.191797119342040e-07
   15          4.125049289344074e-07
   16          2.253578686997538e-07
   17          1.206794945870745e-07
   18          6.671440009118510e-08
   19          3.542044126364097e-08
   20          1.948530615289815e-08
   21          1.206920443141758e-08
   22          7.254318781803811e-09
   23          4.051864924952326e-09
   24          2.101027765769177e-09
   25          1.017587038828157e-09
   26          4.725359139541910e-10
   27          2.632095967527467e-10
   28          1.652010364835120e-10
 --------------------------------- 


 Final ||Ax - b|| norm =  0.000000000089134
 Final energy = 11011.652659244360621

 Bond dimension before truncation: 36
 Bond dimension after truncation: 36
 Updating left boundary for site 2

 MICROITERATION NUMBER = 2  , forward sweep
 - Optimization centered on site: 2
 - Left boundaries taken from index: 2
 - Right boundaries taken from index: 3


 Initial ||Ax - b|| norm =  0.999999999999999

 ------------------------------------- 
 Iteration  | Rel. error estimate      
 ------------------------------------- 
    0          9.999999999999992e-01
    1          3.437654481656639e-02
    2          8.908046924405401e-03
    3          3.260499212506154e-03
    4          1.348903907898763e-03
    5          7.063895208156089e-04
    6          4.610642532272617e-04
    7          3.233875324584467e-04
    8          2.237586150596372e-04
    9          1.378828780220558e-04
   10          7.724462427537522e-05
   11          4.189525273820623e-05
   12          2.613979862754914e-05
   13          1.751846386488965e-05
   14          1.132453540510707e-05
   15          7.001064925377423e-06
   16          4.122738937153453e-06
   17          2.385103640053461e-06
   18          1.323281046846669e-06
   19          6.594092058955365e-07
   20          3.166619382953364e-07
   21          1.612842620934520e-07
   22          8.927408786818441e-08
   23          5.252796190135795e-08
   24          3.318097261586599e-08
   25          2.097453249192288e-08
   26          1.289868721082304e-08
   27          7.429985454962642e-09
   28          4.148967109521733e-09
   29          2.265570970421900e-09
   30          1.247947534085831e-09
   31          7.291473109832121e-10
   32          4.568136253849285e-10
   33          2.723872093250727e-10
   34          1.568699559454341e-10
 --------------------------------- 


 Final ||Ax - b|| norm =  0.000000000095103
 Final energy = 11011.652645872343783

 Bond dimension before truncation: 216
 Bond dimension after truncation: 51
 Updating left boundary for site 3

 MICROITERATION NUMBER = 3  , forward sweep
 - Optimization centered on site: 3
 - Left boundaries taken from index: 3
 - Right boundaries taken from index: 4


 Initial ||Ax - b|| norm =  0.999999998816367

 ------------------------------------- 
 Iteration  | Rel. error estimate      
 ------------------------------------- 
    0          9.999999988163670e-01
    1          4.592016155913973e-01
    2          1.561922493262481e-01
    3          5.597225280695908e-02
    4          2.452367336857730e-02
    5          1.044866091816164e-02
    6          5.004942663142306e-03
    7          2.541095154644814e-03
    8          1.366377948040162e-03
    9          7.668957327714224e-04
   10          4.531892822929055e-04
   11          2.752491895080396e-04
   12          1.601149928151736e-04
   13          9.668180593406503e-05
   14          6.389896095733239e-05
   15          3.889138017516218e-05
   16          2.087863635534599e-05
   17          1.095419702496898e-05
   18          6.043326764837246e-06
   19          3.251854482153977e-06
   20          1.868539320779768e-06
   21          1.098643357089607e-06
   22          6.982791034514767e-07
   23          4.472048442776625e-07
   24          2.716614315754153e-07
   25          1.441414911119631e-07
   26          7.745060060477582e-08
   27          4.640907867568023e-08
   28          3.081365898474990e-08
   29          2.135123478556487e-08
   30          1.353014688449715e-08
   31          7.764404839587733e-09
   32          4.366374477048329e-09
   33          2.514143258925771e-09
   34          1.579074397682413e-09
   35          1.049915591100633e-09
   36          6.770759939326804e-10
   37          4.003499293240546e-10
   38          2.188598364218494e-10
   39          1.201463849405727e-10
 --------------------------------- 


 Final ||Ax - b|| norm =  0.000000000063796
 Final energy = 11011.649431448615360

 Bond dimension before truncation: 306
 Bond dimension after truncation: 51
 Updating left boundary for site 4

 MICROITERATION NUMBER = 4  , forward sweep
 - Optimization centered on site: 4
 - Left boundaries taken from index: 4
 - Right boundaries taken from index: 5


 Initial ||Ax - b|| norm =  0.999999970380733

 ------------------------------------- 
 Iteration  | Rel. error estimate      
 ------------------------------------- 
    0          9.999999703807327e-01
    1          4.882088646672655e-01
    2          1.721521945798789e-01
    3          6.040105572780198e-02
    4          2.621761760684706e-02
    5          1.141137282164012e-02
    6          5.601813415844419e-03
    7          3.016682235963107e-03
    8          1.596028469006388e-03
    9          8.987362436613544e-04
   10          5.461053691743099e-04
   11          3.417661633586513e-04
   12          2.167837208809442e-04
   13          1.424985306028258e-04
   14          9.369664941167306e-05
   15          5.703955812803404e-05
   16          3.087479138925472e-05
   17          1.729718923276605e-05
   18          1.022078038188067e-05
   19          6.415752436618690e-06
   20          4.179771856940761e-06
   21          2.690709999673840e-06
   22          1.741549108146776e-06
   23          1.154677326463319e-06
   24          7.626635990364983e-07
   25          4.734767455803416e-07
   26          2.740778176678223e-07
   27          1.710639672269765e-07
   28          1.121068756324083e-07
   29          7.586992082432727e-08
   30          4.642466292087949e-08
   31          2.692203349424622e-08
   32          1.496634816297769e-08
   33          8.442341833133960e-09
   34          4.687046537637817e-09
   35          2.725604054758221e-09
   36          1.669282987679412e-09
   37          1.080206066450794e-09
   38          6.801088179570248e-10
   39          4.074005655296937e-10
   40          2.355613961098180e-10
   41          1.383161802730535e-10
 --------------------------------- 


 Final ||Ax - b|| norm =  0.000000000082351
 Final energy = 11011.648383923135043

 Bond dimension before truncation: 306
 Bond dimension after truncation: 51
 Updating left boundary for site 5

 MICROITERATION NUMBER = 5  , forward sweep
 - Optimization centered on site: 5
 - Left boundaries taken from index: 5
 - Right boundaries taken from index: 6


 Initial ||Ax - b|| norm =  0.999999855325778

 ------------------------------------- 
 Iteration  | Rel. error estimate      
 ------------------------------------- 
    0          9.999998553257782e-01
    1          5.485310131433411e-01
    2          2.017391900147317e-01
    3          7.095859396245785e-02
    4          3.021648830160002e-02
    5          1.425479839116651e-02
    6          6.954981921425509e-03
    7          3.671357364430674e-03
    8          2.158626618070661e-03
    9          1.308310979821863e-03
   10          8.569382207567240e-04
   11          6.089128049020027e-04
   12          4.266367123812638e-04
   13          2.910707634508978e-04
   14          1.853175641286595e-04
   15          1.080359674530556e-04
   16          6.401867343074946e-05
   17          4.289257672743115e-05
   18          2.919185612229434e-05
   19          1.987059313536774e-05
   20          1.349176757797842e-05
   21          8.194032733473633e-06
   22          4.981269499940387e-06
   23          3.246263910354938e-06
   24          1.957835939103473e-06
   25          1.158838837735274e-06
   26          6.703056750846848e-07
   27          4.146941010541419e-07
   28          2.679495928382262e-07
   29          1.727968826984694e-07
   30          1.011924812610117e-07
   31          5.611841841167730e-08
   32          3.184295231001470e-08
   33          1.867646990083571e-08
   34          1.118039500754119e-08
   35          6.522405272238089e-09
   36          3.818331593271641e-09
   37          2.308392995780990e-09
   38          1.403394075728801e-09
   39          8.380231144908660e-10
   40          5.081107566795253e-10
   41          3.063176430342971e-10
   42          1.870116281857625e-10
   43          1.145330654384512e-10
 --------------------------------- 


 Final ||Ax - b|| norm =  0.000000000071022
 Final energy = 11011.646278358992276

 Bond dimension before truncation: 306
 Bond dimension after truncation: 51
 Updating left boundary for site 6

 MICROITERATION NUMBER = 6  , forward sweep
 - Optimization centered on site: 6
 - Left boundaries taken from index: 6
 - Right boundaries taken from index: 7


 Initial ||Ax - b|| norm =  0.999999634165294

 ------------------------------------- 
 Iteration  | Rel. error estimate      
 ------------------------------------- 
    0          9.999996341652936e-01
    1          6.688688506494398e-01
    2          2.613711725216291e-01
    3          9.392697214298021e-02
    4          4.030772907240932e-02
    5          1.970922512050897e-02
    6          1.065489378608673e-02
    7          5.832360586211043e-03
    8          3.340330079294327e-03
    9          2.012708162622183e-03
   10          1.314731607861255e-03
   11          9.199436405131976e-04
   12          6.580347562758512e-04
   13          4.547059036555236e-04
   14          3.009959628860031e-04
   15          1.891283158944648e-04
   16          1.110170672749206e-04
   17          6.806063405068966e-05
   18          4.517975228707775e-05
   19          3.070753276150970e-05
   20          2.114959350185373e-05
   21          1.393737717513482e-05
   22          8.640275116054326e-06
   23          5.364762656680313e-06
   24          3.264187933157807e-06
   25          1.872672896721377e-06
   26          1.074699645747655e-06
   27          6.368530508782287e-07
   28          4.166342389285781e-07
   29          2.815023820568479e-07
   30          1.784042798491110e-07
   31          1.014445426358274e-07
   32          5.566762000681542e-08
   33          3.199962957771989e-08
   34          1.885849597800546e-08
   35          1.105470226939481e-08
   36          6.483883641369167e-09
   37          3.786191907447651e-09
   38          2.330248808489196e-09
   39          1.493244686896451e-09
   40          9.569840675067826e-10
   41          6.209883473264087e-10
   42          4.054929397669874e-10
   43          2.566233083410419e-10
   44          1.550201090893364e-10
 --------------------------------- 


 Final ||Ax - b|| norm =  0.000000000090168
 Final energy = 11011.641552407667405

 Bond dimension before truncation: 306
 Bond dimension after truncation: 51
 Updating left boundary for site 7

 MICROITERATION NUMBER = 7  , forward sweep
 - Optimization centered on site: 7
 - Left boundaries taken from index: 7
 - Right boundaries taken from index: 8


 Initial ||Ax - b|| norm =  0.999999340866041

 ------------------------------------- 
 Iteration  | Rel. error estimate      
 ------------------------------------- 
    0          9.999993408660409e-01
    1          7.669265258082947e-01
    2          3.390148835163907e-01
    3          1.107930285892053e-01
    4          4.458152800282057e-02
    5          2.202754277423891e-02
    6          1.175271700072117e-02
    7          6.661643585077707e-03
    8          4.155198568901725e-03
    9          2.570200839850835e-03
   10          1.720796204917078e-03
   11          1.201193481818107e-03
   12          8.653007586638847e-04
   13          6.221680988580452e-04
   14          4.183181363010113e-04
   15          2.779528567700878e-04
   16          1.794207679054802e-04
   17          1.170947329561555e-04
   18          7.706700715192384e-05
   19          5.242134201705115e-05
   20          3.737835326200212e-05
   21          2.502448042429207e-05
   22          1.646234608783532e-05
   23          1.050948741831565e-05
   24          6.592316542023344e-06
   25          4.082002812427739e-06
   26          2.553063762322842e-06
   27          1.614324314042780e-06
   28          1.083001768519862e-06
   29          7.697060114802880e-07
   30          5.244700319863891e-07
   31          3.327868750368839e-07
   32          2.029623114738541e-07
   33          1.175503324084612e-07
   34          6.852983755342341e-08
   35          3.954548189072598e-08
   36          2.372555359217863e-08
   37          1.540180681114939e-08
   38          1.010152976821836e-08
   39          6.452651106684085e-09
   40          4.211795593319401e-09
   41          2.810554745056080e-09
   42          1.869822614945537e-09
   43          1.245024459511105e-09
   44          8.024293097275738e-10
   45          4.919612788867950e-10
   46          2.867630661669638e-10
   47          1.723527904175664e-10
   48          1.048172698582433e-10
 --------------------------------- 


 Final ||Ax - b|| norm =  0.000000000061575
 Final energy = 11011.635111918423718

 Bond dimension before truncation: 306
 Bond dimension after truncation: 51
 Updating left boundary for site 8

 MICROITERATION NUMBER = 8  , forward sweep
 - Optimization centered on site: 8
 - Left boundaries taken from index: 8
 - Right boundaries taken from index: 9


 Initial ||Ax - b|| norm =  0.999999116908394

 ------------------------------------- 
 Iteration  | Rel. error estimate      
 ------------------------------------- 
    0          9.999991169083945e-01
    1          7.403845972234646e-01
    2          3.749969720275984e-01
    3          1.758796434541536e-01
    4          8.976711799391207e-02
    5          4.727638825648718e-02
    6          2.544703604029641e-02
    7          1.498115969769853e-02
    8          9.445156023586048e-03
    9          6.143777942731664e-03
   10          4.174061681824565e-03
   11          3.017990532542880e-03
   12          2.148346041800609e-03
   13          1.588107822197641e-03
   14          1.221895854887776e-03
   15          9.569502801611128e-04
   16          7.473004376465248e-04
   17          5.556497810821670e-04
   18          4.000646004634672e-04
   19          2.798012799137493e-04
   20          1.953440447700832e-04
   21          1.354533154330562e-04
   22          9.892405655773222e-05
   23          7.448402384776323e-05
   24          5.592315858663777e-05
   25          4.234362062026604e-05
   26          3.280178309691965e-05
   27          2.491328922811004e-05
   28          1.848879241809509e-05
   29          1.308514654151552e-05
   30          8.665585324738489e-06
   31          5.774812425459969e-06
   32          3.907938854176318e-06
   33          2.616109938858814e-06
   34          1.709799266668231e-06
   35          1.116053501182254e-06
   36          7.490225373249485e-07
   37          5.188712645917767e-07
   38          3.724443515486182e-07
   39          2.824974439763708e-07
   40          2.179340007907003e-07
   41          1.619976742035687e-07
   42          1.137821076734375e-07
   43          8.242787074879681e-08
   44          6.008486707687096e-08
   45          4.237720506790606e-08
   46          2.936257757964085e-08
   47          1.996656540149581e-08
   48          1.329576266869530e-08
 --------------------------------- 


 Final ||Ax - b|| norm =  0.000000008332149
 Final energy = 11011.635132451194295

 Bond dimension before truncation: 306
 Bond dimension after truncation: 51
 Updating left boundary for site 9

 MICROITERATION NUMBER = 9  , forward sweep
 - Optimization centered on site: 9
 - Left boundaries taken from index: 9
 - Right boundaries taken from index: 10


 Initial ||Ax - b|| norm =  0.999998890089557

 ------------------------------------- 
 Iteration  | Rel. error estimate      
 ------------------------------------- 
    0          9.999988900895570e-01
    1          6.493529492323784e-01
    2          3.128806406109376e-01
    3          1.743975961758957e-01
    4          1.047743125005284e-01
    5          6.766350314046193e-02
    6          4.468788786778819e-02
    7          2.914477484645805e-02
    8          1.877046282394070e-02
    9          1.245349285901261e-02
   10          8.782528177010722e-03
   11          6.201437002385526e-03
   12          4.308124805381653e-03
   13          3.254901811818282e-03
   14          2.500682638281504e-03
   15          2.024300263276375e-03
   16          1.640361820817745e-03
   17          1.349362572239117e-03
   18          1.120463908857971e-03
   19          9.141463693309944e-04
   20          6.846021099805368e-04
   21          5.000562165603901e-04
   22          3.672461169079857e-04
   23          2.807042330849266e-04
   24          2.124345636751601e-04
   25          1.734110313070011e-04
   26          1.321907235802194e-04
   27          1.035504173758236e-04
   28          8.168871875153387e-05
   29          6.586965113271750e-05
   30          5.509588430240968e-05
   31          4.528892719557642e-05
   32          3.634019050138417e-05
   33          2.974107224842100e-05
   34          2.401905479814368e-05
   35          1.947589156696816e-05
   36          1.592537220454164e-05
   37          1.259113298527844e-05
   38          9.389484998594316e-06
   39          7.058380462033795e-06
   40          5.153701168729092e-06
   41          3.802685883410770e-06
   42          2.843371694541362e-06
   43          2.019430128679974e-06
   44          1.462175586923180e-06
   45          1.074381815440099e-06
   46          7.952122151870858e-07
   47          5.951254304357473e-07
   48          4.387013548178247e-07
 --------------------------------- 


 Final ||Ax - b|| norm =  0.000000329699807
 Final energy = 11011.637054780565450

 Bond dimension before truncation: 306
 Bond dimension after truncation: 51
 Updating left boundary for site 10

 MICROITERATION NUMBER = 10  , forward sweep
 - Optimization centered on site: 10
 - Left boundaries taken from index: 10
 - Right boundaries taken from index: 11


 Initial ||Ax - b|| norm =  0.999998777507529

 ------------------------------------- 
 Iteration  | Rel. error estimate      
 ------------------------------------- 
    0          9.999987775075291e-01
    1          4.788609279744927e-01
    2          1.971256323453526e-01
    3          8.670428728842797e-02
    4          4.200663107993866e-02
    5          2.179587959336169e-02
    6          1.209887919366624e-02
    7          7.031183518954450e-03
    8          4.696118560674951e-03
    9          3.097191322826303e-03
   10          2.248921524445689e-03
   11          1.631266033024154e-03
   12          1.251853772210524e-03
   13          9.577740066644525e-04
   14          6.844482462948766e-04
   15          4.628526445300247e-04
   16          2.947501701232212e-04
   17          2.086226005758755e-04
   18          1.559286024731238e-04
   19          1.134336512522327e-04
   20          8.115007652173482e-05
   21          5.926052705569348e-05
   22          4.203198310887120e-05
   23          2.798552909994298e-05
   24          1.640724094027579e-05
   25          9.568084047312100e-06
   26          5.836752944008579e-06
   27          3.993978133793343e-06
   28          2.632269458280488e-06
   29          1.816113769623595e-06
   30          1.202322075375527e-06
   31          7.579385874956764e-07
   32          4.477064661867139e-07
   33          2.672025224119781e-07
   34          1.651723401095426e-07
   35          9.608548622765234e-08
   36          6.178312411153558e-08
   37          3.725694661228616e-08
   38          2.160440316701125e-08
   39          1.303988968189882e-08
   40          7.586006268068396e-09
   41          4.132592068146468e-09
   42          2.329603805133874e-09
   43          1.183092266489755e-09
   44          6.179961522657241e-10
   45          3.065822654077674e-10
   46          1.587078173389135e-10
 --------------------------------- 


 Final ||Ax - b|| norm =  0.000000000096191
 Final energy = 11011.637286933209907

 Bond dimension before truncation: 306
 Bond dimension after truncation: 51
 Updating left boundary for site 11

 MICROITERATION NUMBER = 11  , forward sweep
 - Optimization centered on site: 11
 - Left boundaries taken from index: 11
 - Right boundaries taken from index: 12


 Initial ||Ax - b|| norm =  0.999998776736101

 ------------------------------------- 
 Iteration  | Rel. error estimate      
 ------------------------------------- 
    0          9.999987767361008e-01
    1          4.633940883107766e-01
    2          1.693470857447224e-01
    3          6.049397099904151e-02
    4          2.594329686882510e-02
    5          1.381686988701479e-02
    6          7.228024403763531e-03
    7          4.158743735189826e-03
    8          2.415008309029364e-03
    9          1.423684203877804e-03
   10          9.092035812758152e-04
   11          6.066137198352709e-04
   12          3.903544707599480e-04
   13          2.432952374344004e-04
   14          1.510904627663235e-04
   15          9.438950830509613e-05
   16          6.147588167147208e-05
   17          3.979152784347859e-05
   18          2.164825910027602e-05
   19          9.791088234400353e-06
   20          4.911618980178575e-06
   21          2.583122117303013e-06
   22          1.371179354069669e-06
   23          8.232044910042923e-07
   24          5.558328647079710e-07
   25          3.976277713893164e-07
   26          2.793587411310083e-07
   27          1.946762653322493e-07
   28          1.432621623014197e-07
   29          1.031118687734601e-07
   30          7.605945944517723e-08
   31          6.299639172580713e-08
   32          4.940884541113107e-08
   33          3.323834885518705e-08
   34          2.230972617772854e-08
   35          1.716880809075041e-08
   36          1.266935819229253e-08
   37          8.795152657532806e-09
   38          5.662986110796526e-09
   39          3.387915590900793e-09
   40          1.947196560881938e-09
   41          9.211525947873737e-10
   42          4.055757047585744e-10
   43          1.817346578059884e-10
 --------------------------------- 


 Final ||Ax - b|| norm =  0.000000000088657
 Final energy = 11011.637286933246287

 Updating left boundary for site 12

 MICROITERATION NUMBER = 12  , backward sweep
 - Optimization centered on site: 11
 - Left boundaries taken from index: 11
 - Right boundaries taken from index: 12


 Initial ||Ax - b|| norm =  0.999998776736101

 ------------------------------------- 
 Iteration  | Rel. error estimate      
 ------------------------------------- 
    0          9.999987767361008e-01
    1          4.633940883107766e-01
    2          1.693470857447224e-01
    3          6.049397099904151e-02
    4          2.594329686882510e-02
    5          1.381686988701479e-02
    6          7.228024403763531e-03
    7          4.158743735189826e-03
    8          2.415008309029364e-03
    9          1.423684203877804e-03
   10          9.092035812758152e-04
   11          6.066137198352709e-04
   12          3.903544707599480e-04
   13          2.432952374344004e-04
   14          1.510904627663235e-04
   15          9.438950830509613e-05
   16          6.147588167147208e-05
   17          3.979152784347859e-05
   18          2.164825910027602e-05
   19          9.791088234400353e-06
   20          4.911618980178575e-06
   21          2.583122117303013e-06
   22          1.371179354069669e-06
   23          8.232044910042923e-07
   24          5.558328647079710e-07
   25          3.976277713893164e-07
   26          2.793587411310083e-07
   27          1.946762653322493e-07
   28          1.432621623014197e-07
   29          1.031118687734601e-07
   30          7.605945944517723e-08
   31          6.299639172580713e-08
   32          4.940884541113107e-08
   33          3.323834885518705e-08
   34          2.230972617772854e-08
   35          1.716880809075041e-08
   36          1.266935819229253e-08
   37          8.795152657532806e-09
   38          5.662986110796526e-09
   39          3.387915590900793e-09
   40          1.947196560881938e-09
   41          9.211525947873737e-10
   42          4.055757047585744e-10
   43          1.817346578059884e-10
 --------------------------------- 


 Final ||Ax - b|| norm =  0.000000000088657
 Final energy = 11011.637286933246287

 Bond dimension before truncation: 6
 Bond dimension after truncation: 6
 Updating right boundary for site 11

 MICROITERATION NUMBER = 13  , backward sweep
 - Optimization centered on site: 10
 - Left boundaries taken from index: 10
 - Right boundaries taken from index: 11


 Initial ||Ax - b|| norm =  0.999998777507530

 ------------------------------------- 
 Iteration  | Rel. error estimate      
 ------------------------------------- 
    0          9.999987775075301e-01
    1          4.788609279740755e-01
    2          1.971256323451590e-01
    3          8.670428728836042e-02
    4          4.200663107992064e-02
    5          2.179587959336308e-02
    6          1.209887919367300e-02
    7          7.031183518960020e-03
    8          4.696118560679029e-03
    9          3.097191322827882e-03
   10          2.248921524446321e-03
   11          1.631266033024186e-03
   12          1.251853772210028e-03
   13          9.577740066634430e-04
   14          6.844482462936667e-04
   15          4.628526445292866e-04
   16          2.947501701233001e-04
   17          2.086226005763124e-04
   18          1.559286024735097e-04
   19          1.134336512523923e-04
   20          8.115007652175994e-05
   21          5.926052705569556e-05
   22          4.203198310888295e-05
   23          2.798552909996408e-05
   24          1.640724094030765e-05
   25          9.568084047351136e-06
   26          5.836752944004445e-06
   27          3.993978133602745e-06
   28          2.632269457146670e-06
   29          1.816113767208572e-06
   30          1.202322074343071e-06
   31          7.579385873029418e-07
   32          4.477064661635914e-07
   33          2.672025224115348e-07
   34          1.651723401089795e-07
   35          9.608548621954809e-08
   36          6.178312410195134e-08
   37          3.725694661065412e-08
   38          2.160440316689012e-08
   39          1.303988968188546e-08
   40          7.586006268059593e-09
   41          4.132592068137360e-09
   42          2.329603805126206e-09
   43          1.183092266482435e-09
   44          6.179961522524362e-10
   45          3.065822653735156e-10
   46          1.587078173018498e-10
 --------------------------------- 


 Final ||Ax - b|| norm =  0.000000000096198
 Final energy = 11011.637286933240830

 Bond dimension before truncation: 36
 Bond dimension after truncation: 36
 Updating right boundary for site 10

 MICROITERATION NUMBER = 14  , backward sweep
 - Optimization centered on site: 9
 - Left boundaries taken from index: 9
 - Right boundaries taken from index: 10


 Initial ||Ax - b|| norm =  0.999998890089556

 ------------------------------------- 
 Iteration  | Rel. error estimate      
 ------------------------------------- 
    0          9.999988900895556e-01
    1          6.493529492321528e-01
    2          3.128806406107884e-01
    3          1.743975961758240e-01
    4          1.047743125004996e-01
    5          6.766350314045207e-02
    6          4.468788786778715e-02
    7          2.914477484645957e-02
    8          1.877046282394105e-02
    9          1.245349285901117e-02
   10          8.782528177008510e-03
   11          6.201437002383291e-03
   12          4.308124805379936e-03
   13          3.254901811816824e-03
   14          2.500682638280159e-03
   15          2.024300263274907e-03
   16          1.640361820816069e-03
   17          1.349362572237315e-03
   18          1.120463908856240e-03
   19          9.141463693295046e-04
   20          6.846021099789602e-04
   21          5.000562165534817e-04
   22          3.672461168705100e-04
   23          2.807042329688490e-04
   24          2.124345632366980e-04
   25          1.734110309208606e-04
   26          1.321907235349663e-04
   27          1.035504173741457e-04
   28          8.168871875863549e-05
   29          6.586965116247178e-05
   30          5.509588436018235e-05
   31          4.528892725086041e-05
   32          3.634019055593641e-05
   33          2.974107226461777e-05
   34          2.401905479983863e-05
   35          1.947589156715010e-05
   36          1.592537220457878e-05
   37          1.259113298535874e-05
   38          9.389484999254753e-06
   39          7.058380467967143e-06
   40          5.153701205957343e-06
   41          3.802686016395398e-06
   42          2.843371747425011e-06
   43          2.019430138512820e-06
   44          1.462175589504580e-06
   45          1.074381815816901e-06
   46          7.952122151792519e-07
   47          5.951254304049778e-07
   48          4.387013547273304e-07
 --------------------------------- 


 Final ||Ax - b|| norm =  0.000000329699813
 Final energy = 11011.637054780580002

 Bond dimension before truncation: 216
 Bond dimension after truncation: 51
 Updating right boundary for site 9

 MICROITERATION NUMBER = 15  , backward sweep
 - Optimization centered on site: 8
 - Left boundaries taken from index: 8
 - Right boundaries taken from index: 9


 Initial ||Ax - b|| norm =  0.999999116908393

 ------------------------------------- 
 Iteration  | Rel. error estimate      
 ------------------------------------- 
    0          9.999991169083934e-01
    1          7.403846020869225e-01
    2          3.749968744732730e-01
    3          1.758795322727953e-01
    4          8.976707470086379e-02
    5          4.727639586979407e-02
    6          2.544705295226014e-02
    7          1.498116981261483e-02
    8          9.445162469371391e-03
    9          6.143782742261190e-03
   10          4.174065148252043e-03
   11          3.017993150432797e-03
   12          2.148348013969889e-03
   13          1.588109400386430e-03
   14          1.221896879612159e-03
   15          9.569514191859530e-04
   16          7.473015110778182e-04
   17          5.556504438963960e-04
   18          4.000654110620008e-04
   19          2.798018074236194e-04
   20          1.953445322017832e-04
   21          1.354535738722126e-04
   22          9.892427766442130e-05
   23          7.448419975072342e-05
   24          5.592326446104563e-05
   25          4.234370728742388e-05
   26          3.280186649678904e-05
   27          2.491335117421446e-05
   28          1.848884396423416e-05
   29          1.308520000852040e-05
   30          8.665623508229702e-06
   31          5.774834440552546e-06
   32          3.907954353349806e-06
   33          2.616123957720242e-06
   34          1.709807487803557e-06
   35          1.116059205139907e-06
   36          7.490265766189889e-07
   37          5.188735565080018e-07
   38          3.724457259237719e-07
   39          2.824984632522436e-07
   40          2.179349392953333e-07
   41          1.619984570747966e-07
   42          1.137826444787346e-07
   43          8.242830426852879e-08
   44          6.008517555554479e-08
   45          4.237742785556466e-08
   46          2.936274294516090e-08
   47          1.996669370857996e-08
   48          1.329589012918195e-08
 --------------------------------- 


 Final ||Ax - b|| norm =  0.000000008332222
 Final energy = 11011.635132452784092

 Bond dimension before truncation: 306
 Bond dimension after truncation: 51
 Updating right boundary for site 8

 MICROITERATION NUMBER = 16  , backward sweep
 - Optimization centered on site: 7
 - Left boundaries taken from index: 7
 - Right boundaries taken from index: 8


 Initial ||Ax - b|| norm =  0.999999340866036

 ------------------------------------- 
 Iteration  | Rel. error estimate      
 ------------------------------------- 
    0          9.999993408660364e-01
    1          7.669265743689552e-01
    2          3.390147780481015e-01
    3          1.107931312175664e-01
    4          4.458156409850662e-02
    5          2.202755041244002e-02
    6          1.175273631846611e-02
    7          6.661649210802492e-03
    8          4.155203760098475e-03
    9          2.570203772974458e-03
   10          1.720798607598990e-03
   11          1.201195779267906e-03
   12          8.653020448995717e-04
   13          6.221692498250301e-04
   14          4.183190034938740e-04
   15          2.779535399985097e-04
   16          1.794212768460902e-04
   17          1.170950213992153e-04
   18          7.706721626541180e-05
   19          5.242147388902418e-05
   20          3.737844635051276e-05
   21          2.502455170975327e-05
   22          1.646239972660476e-05
   23          1.050952765499125e-05
   24          6.592344930157473e-06
   25          4.082021858488827e-06
   26          2.553079083167080e-06
   27          1.614334994600413e-06
   28          1.083007630020023e-06
   29          7.697092911823189e-07
   30          5.244728762935587e-07
   31          3.327887725419532e-07
   32          2.029635636491382e-07
   33          1.175511091935987e-07
   34          6.853027657534889e-08
   35          3.954572922317638e-08
   36          2.372568140736458e-08
   37          1.540186535361507e-08
   38          1.010158034365249e-08
   39          6.452680706579952e-09
   40          4.211814959740824e-09
   41          2.810566936058329e-09
   42          1.869830530849881e-09
   43          1.245030739250740e-09
   44          8.024337386290461e-10
   45          4.919646774083040e-10
   46          2.867651478636416e-10
   47          1.723540341798389e-10
   48          1.048180619705679e-10
 --------------------------------- 


 Final ||Ax - b|| norm =  0.000000000061562
 Final energy = 11011.635111922307260

 Bond dimension before truncation: 306
 Bond dimension after truncation: 51
 Updating right boundary for site 7

 MICROITERATION NUMBER = 17  , backward sweep
 - Optimization centered on site: 6
 - Left boundaries taken from index: 6
 - Right boundaries taken from index: 7


 Initial ||Ax - b|| norm =  0.999999634165280

 ------------------------------------- 
 Iteration  | Rel. error estimate      
 ------------------------------------- 
    0          9.999996341652800e-01
    1          6.688697322142194e-01
    2          2.613721955456197e-01
    3          9.392740471612743e-02
    4          4.030794022883701e-02
    5          1.970938924734199e-02
    6          1.065504942717561e-02
    7          5.832522594452307e-03
    8          3.340499127427757e-03
    9          2.012876598996624e-03
   10          1.314881874832148e-03
   11          9.200588161937062e-04
   12          6.581092174056026e-04
   13          4.547413324929470e-04
   14          3.010069887019291e-04
   15          1.891295820419126e-04
   16          1.110173665593432e-04
   17          6.806255007393250e-05
   18          4.518288931607187e-05
   19          3.071100692466710e-05
   20          2.115264914168129e-05
   21          1.393959820582490e-05
   22          8.641653547316641e-06
   23          5.365573571626138e-06
   24          3.264632388687694e-06
   25          1.872899343711976e-06
   26          1.074822199124175e-06
   27          6.369238630143564e-07
   28          4.166774385459431e-07
   29          2.815272016548636e-07
   30          1.784167228303279e-07
   31          1.014501847486267e-07
   32          5.567030492330377e-08
   33          3.200112516917763e-08
   34          1.885948751177287e-08
   35          1.105543534130932e-08
   36          6.484478071484108e-09
   37          3.786667287699302e-09
   38          2.330623915119970e-09
   39          1.493534055142416e-09
   40          9.571857190785862e-10
   41          6.211155461906386e-10
   42          4.055645211782774e-10
   43          2.566576704578067e-10
   44          1.550339897289566e-10
 --------------------------------- 


 Final ||Ax - b|| norm =  0.000000000090183
 Final energy = 11011.641552525954467

 Bond dimension before truncation: 306
 Bond dimension after truncation: 51
 Updating right boundary for site 6

 MICROITERATION NUMBER = 18  , backward sweep
 - Optimization centered on site: 5
 - Left boundaries taken from index: 5
 - Right boundaries taken from index: 6


 Initial ||Ax - b|| norm =  0.999999855325737

 ------------------------------------- 
 Iteration  | Rel. error estimate      
 ------------------------------------- 
    0          9.999998553257368e-01
    1          5.485349108029934e-01
    2          2.017436974445147e-01
    3          7.096127083860802e-02
    4          3.021761596576716e-02
    5          1.425547262884063e-02
    6          6.955611190033685e-03
    7          3.671980651530007e-03
    8          2.159258588402699e-03
    9          1.308922581618888e-03
   10          8.574584464884970e-04
   11          6.093023361728132e-04
   12          4.268719281375226e-04
   13          2.911740448298566e-04
   14          1.853437444578492e-04
   15          1.080386958226376e-04
   16          6.402176189339705e-05
   17          4.289901065279683e-05
   18          2.920050714586695e-05
   19          1.987901723662035e-05
   20          1.349847010547652e-05
   21          8.198443286399610e-06
   22          4.983944363690269e-06
   23          3.247927258026217e-06
   24          1.958723674979943e-06
   25          1.159292664517869e-06
   26          6.705426111573389e-07
   27          4.148283080363107e-07
   28          2.680228325962013e-07
   29          1.728341762916714e-07
   30          1.012105251010799e-07
   31          5.612697807590580e-08
   32          3.184745858798151e-08
   33          1.867890228860822e-08
   34          1.118202607906807e-08
   35          6.523598847166918e-09
   36          3.819160230931483e-09
   37          2.309057300083278e-09
   38          1.403950725393222e-09
   39          8.384349809672287e-10
   40          5.084134915744485e-10
   41          3.065347817430987e-10
   42          1.871648852250700e-10
   43          1.146374701807753e-10
 --------------------------------- 


 Final ||Ax - b|| norm =  0.000000000071095
 Final energy = 11011.646278703748976

 Bond dimension before truncation: 306
 Bond dimension after truncation: 51
 Updating right boundary for site 5

 MICROITERATION NUMBER = 19  , backward sweep
 - Optimization centered on site: 4
 - Left boundaries taken from index: 4
 - Right boundaries taken from index: 5


 Initial ||Ax - b|| norm =  0.999999970380158

 ------------------------------------- 
 Iteration  | Rel. error estimate      
 ------------------------------------- 
    0          9.999999703801583e-01
    1          4.882115543885082e-01
    2          1.721553777259990e-01
    3          6.040256962103788e-02
    4          2.621891556151977e-02
    5          1.141290203047321e-02
    6          5.603462137007413e-03
    7          3.018517127000351e-03
    8          1.597916135756448e-03
    9          9.006232535091155e-04
   10          5.478249406257135e-04
   11          3.431140440558813e-04
   12          2.176820784951917e-04
   13          1.429707986694677e-04
   14          9.382080035942542e-05
   15          5.694937697297757e-05
   16          3.070074060979508e-05
   17          1.709914923789044e-05
   18          1.001686478393062e-05
   19          6.221996794222562e-06
   20          4.015442874119433e-06
   21          2.563960910794496e-06
   22          1.650047627377975e-06
   23          1.094601083113378e-06
   24          7.271300662132181e-07
   25          4.558588887258561e-07
   26          2.657285635971970e-07
   27          1.662948673869376e-07
   28          1.093299948292847e-07
   29          7.437892981955757e-08
   30          4.583106161955735e-08
   31          2.670934358661065e-08
   32          1.488969901988667e-08
   33          8.407989473546180e-09
   34          4.668962443191552e-09
   35          2.714166132045016e-09
   36          1.661592746314596e-09
   37          1.075377840953405e-09
   38          6.776020623418210e-10
   39          4.062768668846346e-10
   40          2.350714153614768e-10
   41          1.380800878394662e-10
 --------------------------------- 


 Final ||Ax - b|| norm =  0.000000000082228
 Final energy = 11011.648383882195048

 Bond dimension before truncation: 306
 Bond dimension after truncation: 51
 Updating right boundary for site 4

 MICROITERATION NUMBER = 20  , backward sweep
 - Optimization centered on site: 3
 - Left boundaries taken from index: 3
 - Right boundaries taken from index: 4


 Initial ||Ax - b|| norm =  0.999999998815719

 ------------------------------------- 
 Iteration  | Rel. error estimate      
 ------------------------------------- 
    0          9.999999988157194e-01
    1          4.592028534046084e-01
    2          1.561944451160567e-01
    3          5.597380302964063e-02
    4          2.452497209048211e-02
    5          1.045045676683421e-02
    6          5.007127340922933e-03
    7          2.543716744837889e-03
    8          1.369246772669619e-03
    9          7.698550305827461e-04
   10          4.558398710273605e-04
   11          2.773568070139260e-04
   12          1.616566787970587e-04
   13          9.773643846009031e-05
   14          6.451821851223726e-05
   15          3.912750367567167e-05
   16          2.092731132708129e-05
   17          1.094650375876054e-05
   18          6.019136612785865e-06
   19          3.221409127814236e-06
   20          1.835961461227784e-06
   21          1.067382580944179e-06
   22          6.710880490279436e-07
   23          4.264594986344801e-07
   24          2.569110509660351e-07
   25          1.330829280460402e-07
   26          6.723779507389353e-08
   27          3.651240984575444e-08
   28          2.196117321470671e-08
   29          1.464371457273019e-08
   30          9.414384742783533e-09
   31          5.529358552594366e-09
   32          3.041697936854414e-09
   33          1.587229133261869e-09
   34          8.417346464890295e-10
   35          4.884295821730520e-10
   36          3.073638925785922e-10
   37          2.019966920576070e-10
   38          1.291316901043901e-10
 --------------------------------- 


 Final ||Ax - b|| norm =  0.000000000081121
 Final energy = 11011.649431448244286

 Bond dimension before truncation: 306
 Bond dimension after truncation: 51
 Updating right boundary for site 3

 MICROITERATION NUMBER = 21  , backward sweep
 - Optimization centered on site: 2
 - Left boundaries taken from index: 2
 - Right boundaries taken from index: 3


 Initial ||Ax - b|| norm =  0.999999999998760

 ------------------------------------- 
 Iteration  | Rel. error estimate      
 ------------------------------------- 
    0          9.999999999987598e-01
    1          3.437607183052817e-02
    2          8.914262805653276e-03
    3          3.278432495579716e-03
    4          1.378224915987917e-03
    5          7.430228267048441e-04
    6          4.956872050707242e-04
    7          3.485951428483566e-04
    8          2.372312751050628e-04
    9          1.428640508860205e-04
   10          7.960854858602342e-05
   11          4.398966406794259e-05
   12          2.806925104224175e-05
   13          1.896331884965136e-05
   14          1.217083362247235e-05
   15          7.444672787495297e-06
   16          4.362254075555792e-06
   17          2.521606324110979e-06
   18          1.398228585706019e-06
   19          7.040227379090244e-07
   20          3.498045508093829e-07
   21          1.854979809848483e-07
   22          1.046322943424703e-07
   23          6.094332704883910e-08
   24          3.679151108680066e-08
   25          2.221811050997343e-08
   26          1.354662166396872e-08
   27          8.156336950330979e-09
   28          4.922663786622563e-09
   29          2.888015739239152e-09
   30          1.627520574737386e-09
   31          9.172144952859708e-10
   32          5.252510501962091e-10
   33          2.878561516755330e-10
   34          1.655661771291722e-10
   35          1.060025148924268e-10
 --------------------------------- 


 Final ||Ax - b|| norm =  0.000000000068035
 Final energy = 11011.652645930120343

 Bond dimension before truncation: 306
 Bond dimension after truncation: 51
 Updating right boundary for site 2

 MICROITERATION NUMBER = 22  , backward sweep
 - Optimization centered on site: 1
 - Left boundaries taken from index: 1
 - Right boundaries taken from index: 2


 Initial ||Ax - b|| norm =  0.999999999998743

 ------------------------------------- 
 Iteration  | Rel. error estimate      
 ------------------------------------- 
    0          9.999999999987429e-01
    1          1.386602200362602e-03
    2          8.809913098934082e-04
    3          5.993156747006484e-04
    4          3.066163661841719e-04
    5          1.803616525670482e-04
    6          1.107150109827152e-04
    7          5.832824284939619e-05
    8          3.469079024115194e-05
    9          2.127181533555411e-05
   10          1.317621039233061e-05
   11          8.734613955876269e-06
   12          4.447528084846368e-06
   13          2.111856657996412e-06
   14          1.050439488711889e-06
   15          5.612056189553535e-07
   16          2.978676059140552e-07
   17          1.529281959492164e-07
   18          7.910758721589395e-08
   19          4.050813919952464e-08
   20          2.242272688578453e-08
   21          1.404052956010107e-08
   22          8.518864375016263e-09
   23          4.859072466054719e-09
   24          2.496525847775444e-09
   25          1.216355280332958e-09
   26          5.479960725203121e-10
   27          3.075651324820916e-10
   28          1.888023211294063e-10
   29          1.051433035281441e-10
 --------------------------------- 


 Final ||Ax - b|| norm =  0.000000000055887
 Final energy = 11011.652659296352795

 Bond dimension before truncation: 306
 Bond dimension after truncation: 51
 Updating right boundary for site 1

 MICROITERATION NUMBER = 23  , backward sweep
 - Optimization centered on site: 0
 - Left boundaries taken from index: 0
 - Right boundaries taken from index: 1


 Initial ||Ax - b|| norm =  0.999999999998737

 ------------------------------------- 
 Iteration  | Rel. error estimate      
 ------------------------------------- 
    0          9.999999999987371e-01
    1          1.050921676939371e-03
    2          6.735776810702071e-04
    3          3.344673342023048e-04
    4          1.859869680775236e-04
    5          8.857574322043239e-05
    6          5.133177771652723e-05
    7          2.610545476062108e-05
    8          1.617838643808885e-05
    9          9.913391631311673e-06
   10          4.440400789645866e-06
   11          1.991507017585668e-06
   12          8.462919360341415e-07
   13          4.288761329468850e-07
   14          1.968263289328577e-07
   15          9.539452975828507e-08
   16          4.558813618037256e-08
   17          2.565633294363425e-08
   18          1.367539813256373e-08
   19          8.488419902505361e-09
   20          3.812587958809070e-09
   21          1.616200053542608e-09
   22          7.023061416909236e-10
   23          3.890729753300935e-10
   24          2.152063015472699e-10
   25          1.128909530110770e-10
 --------------------------------- 


 Final ||Ax - b|| norm =  0.000000000059104
 Final energy = 11011.652659304989356

 Updating right boundary for site 0


 SWEEP NUMBER 1
 ----------------
 - Noise parameter: 0.0000000100
 - Maximum bond dimension: 50
 - Truncation parameter: 0.0000000000

 MICROITERATION NUMBER = 0  , forward sweep
 - Optimization centered on site: 0
 - Left boundaries taken from index: 0
 - Right boundaries taken from index: 1


 Initial ||Ax - b|| norm =  0.999999999998737

 ------------------------------------- 
 Iteration  | Rel. error estimate      
 ------------------------------------- 
    0          9.999999999987371e-01
    1          1.050921676939371e-03
    2          6.735776810702071e-04
    3          3.344673342023048e-04
    4          1.859869680775236e-04
    5          8.857574322043239e-05
    6          5.133177771652723e-05
    7          2.610545476062108e-05
    8          1.617838643808885e-05
    9          9.913391631311673e-06
   10          4.440400789645866e-06
   11          1.991507017585668e-06
   12          8.462919360341415e-07
   13          4.288761329468850e-07
   14          1.968263289328577e-07
   15          9.539452975828507e-08
   16          4.558813618037256e-08
   17          2.565633294363425e-08
   18          1.367539813256373e-08
   19          8.488419902505361e-09
   20          3.812587958809070e-09
   21          1.616200053542608e-09
   22          7.023061416909236e-10
   23          3.890729753300935e-10
   24          2.152063015472699e-10
   25          1.128909530110770e-10
 --------------------------------- 


 Final ||Ax - b|| norm =  0.000000000059104
 Final energy = 11011.652659304989356

 Bond dimension before truncation: 6
 Bond dimension after truncation: 6
 Updating left boundary for site 1

 MICROITERATION NUMBER = 1  , forward sweep
 - Optimization centered on site: 1
 - Left boundaries taken from index: 1
 - Right boundaries taken from index: 2


 Initial ||Ax - b|| norm =  0.999999999998743

 ------------------------------------- 
 Iteration  | Rel. error estimate      
 ------------------------------------- 
    0          9.999999999987432e-01
    1          1.386602200364123e-03
    2          8.809913098941769e-04
    3          5.993156747002762e-04
    4          3.066163661842886e-04
    5          1.803616525669614e-04
    6          1.107150109819731e-04
    7          5.832824284896312e-05
    8          3.469079024094571e-05
    9          2.127181533529333e-05
   10          1.317621039216021e-05
   11          8.734613955843096e-06
   12          4.447528084868144e-06
   13          2.111856658018167e-06
   14          1.050439488731527e-06
   15          5.612056189754426e-07
   16          2.978676059330379e-07
   17          1.529281959651003e-07
   18          7.910758722946661e-08
   19          4.050813921195503e-08
   20          2.242272689610901e-08
   21          1.404052956714382e-08
   22          8.518864378823700e-09
   23          4.859072467642402e-09
   24          2.496525848297580e-09
   25          1.216355280509052e-09
   26          5.479960725901598e-10
   27          3.075651325190979e-10
   28          1.888023211392837e-10
   29          1.051433035136759e-10
 --------------------------------- 


 Final ||Ax - b|| norm =  0.000000000055895
 Final energy = 11011.652659296338243

 Bond dimension before truncation: 36
 Bond dimension after truncation: 36
 Updating left boundary for site 2

 MICROITERATION NUMBER = 2  , forward sweep
 - Optimization centered on site: 2
 - Left boundaries taken from index: 2
 - Right boundaries taken from index: 3


 Initial ||Ax - b|| norm =  0.999999999998760

 ------------------------------------- 
 Iteration  | Rel. error estimate      
 ------------------------------------- 
    0          9.999999999987598e-01
    1          3.437607183057612e-02
    2          8.914262805667912e-03
    3          3.278432495587611e-03
    4          1.378224915992854e-03
    5          7.430228267081747e-04
    6          4.956872050727922e-04
    7          3.485951428493059e-04
    8          2.372312751050962e-04
    9          1.428640508854395e-04
   10          7.960854858534515e-05
   11          4.398966406742956e-05
   12          2.806925104191646e-05
   13          1.896331884949838e-05
   14          1.217083362245178e-05
   15          7.444672787526939e-06
   16          4.362254075588281e-06
   17          2.521606324134910e-06
   18          1.398228585726094e-06
   19          7.040227379280941e-07
   20          3.498045508281612e-07
   21          1.854979810024121e-07
   22          1.046322943582555e-07
   23          6.094332706282617e-08
   24          3.679151109809184e-08
   25          2.221811051827645e-08
   26          1.354662166947662e-08
   27          8.156336953685025e-09
   28          4.922663788569270e-09
   29          2.888015740270188e-09
   30          1.627520575238271e-09
   31          9.172144955356236e-10
   32          5.252510503208516e-10
   33          2.878561517320675e-10
   34          1.655661771498471e-10
   35          1.060025148837122e-10
 --------------------------------- 


 Final ||Ax - b|| norm =  0.000000000068031
 Final energy = 11011.652645930093058

 Bond dimension before truncation: 216
 Bond dimension after truncation: 51
 Updating left boundary for site 3

 MICROITERATION NUMBER = 3  , forward sweep
 - Optimization centered on site: 3
 - Left boundaries taken from index: 3
 - Right boundaries taken from index: 4


 Initial ||Ax - b|| norm =  0.999999998815723

 ------------------------------------- 
 Iteration  | Rel. error estimate      
 ------------------------------------- 
    0          9.999999988157225e-01
    1          4.592028480109784e-01
    2          1.561944428769661e-01
    3          5.597380229198405e-02
    4          2.452497235656096e-02
    5          1.045045817767441e-02
    6          5.007128202410667e-03
    7          2.543717334858516e-03
    8          1.369247164722044e-03
    9          7.698551833589813e-04
   10          4.558399808195886e-04
   11          2.773568705543665e-04
   12          1.616567097265814e-04
   13          9.773645627977807e-05
   14          6.451822691651402e-05
   15          3.912751125589047e-05
   16          2.092731699580147e-05
   17          1.094650687890719e-05
   18          6.019138253952468e-06
   19          3.221410160781802e-06
   20          1.835961950279955e-06
   21          1.067382914776337e-06
   22          6.710882446225286e-07
   23          4.264596280254726e-07
   24          2.569111195268498e-07
   25          1.330829498953357e-07
   26          6.723779887936818e-08
   27          3.651240879224572e-08
   28          2.196116625664503e-08
   29          1.464370566090814e-08
   30          9.414377222178127e-09
   31          5.529352513733348e-09
   32          3.041693901986740e-09
   33          1.587226736859771e-09
   34          8.417330304279003e-10
   35          4.884283092840203e-10
   36          3.073631774188303e-10
   37          2.019974220610216e-10
   38          1.291356799772776e-10
 --------------------------------- 


 Final ||Ax - b|| norm =  0.000000000081172
 Final energy = 11011.649431448298856

 Bond dimension before truncation: 306
 Bond dimension after truncation: 51
 Updating left boundary for site 4

 MICROITERATION NUMBER = 4  , forward sweep
 - Optimization centered on site: 4
 - Left boundaries taken from index: 4
 - Right boundaries taken from index: 5


 Initial ||Ax - b|| norm =  0.999999970380288

 ------------------------------------- 
 Iteration  | Rel. error estimate      
 ------------------------------------- 
    0          9.999999703802884e-01
    1          4.882116285791314e-01
    2          1.721554469047679e-01
    3          6.040259884487472e-02
    4          2.621893387540631e-02
    5          1.141290675532197e-02
    6          5.603464351737584e-03
    7          3.018518841570343e-03
    8          1.597917238002600e-03
    9          9.006239166823403e-04
   10          5.478254328625474e-04
   11          3.431143392112425e-04
   12          2.176822173648509e-04
   13          1.429708582417352e-04
   14          9.382081222917328e-05
   15          5.694934892371142e-05
   16          3.070073199190628e-05
   17          1.709913834255828e-05
   18          1.001685598906687e-05
   19          6.221994511896911e-06
   20          4.015442096019374e-06
   21          2.563959686541789e-06
   22          1.650047373982979e-06
   23          1.094601422585776e-06
   24          7.271304933510996e-07
   25          4.558594648103751e-07
   26          2.657292610267568e-07
   27          1.662953117089921e-07
   28          1.093303008784573e-07
   29          7.437913480227478e-08
   30          4.583120842238831e-08
   31          2.670940615269677e-08
   32          1.488972434812804e-08
   33          8.407997218957708e-09
   34          4.668966323685650e-09
   35          2.714167990481398e-09
   36          1.661593965208535e-09
   37          1.075379169670773e-09
   38          6.776031359268240e-10
   39          4.062771949928476e-10
   40          2.350714853507952e-10
   41          1.380801400315047e-10
 --------------------------------- 


 Final ||Ax - b|| norm =  0.000000000082236
 Final energy = 11011.648383882105918

 Bond dimension before truncation: 306
 Bond dimension after truncation: 51
 Updating left boundary for site 5

 MICROITERATION NUMBER = 5  , forward sweep
 - Optimization centered on site: 5
 - Left boundaries taken from index: 5
 - Right boundaries taken from index: 6


 Initial ||Ax - b|| norm =  0.999999855325696

 ------------------------------------- 
 Iteration  | Rel. error estimate      
 ------------------------------------- 
    0          9.999998553256959e-01
    1          5.485349344301265e-01
    2          2.017437157911877e-01
    3          7.096125722332872e-02
    4          3.021760109498001e-02
    5          1.425546179959779e-02
    6          6.955607786220552e-03
    7          3.671980789849044e-03
    8          2.159258634528237e-03
    9          1.308922332057369e-03
   10          8.574585045214597e-04
   11          6.093022950551626e-04
   12          4.268717382242659e-04
   13          2.911739115663163e-04
   14          1.853436895000488e-04
   15          1.080387203388879e-04
   16          6.402181530083311e-05
   17          4.289903620463478e-05
   18          2.920050499932387e-05
   19          1.987900315016020e-05
   20          1.349844582944405e-05
   21          8.198422755234125e-06
   22          4.983939194412577e-06
   23          3.247928442259062e-06
   24          1.958724397686582e-06
   25          1.159292988037514e-06
   26          6.705436498786856e-07
   27          4.148292478363098e-07
   28          2.680234369227716e-07
   29          1.728345154697933e-07
   30          1.012107229738987e-07
   31          5.612710415244315e-08
   32          3.184761121548005e-08
   33          1.867905942907015e-08
   34          1.118212902481782e-08
   35          6.523658820758910e-09
   36          3.819191075499936e-09
   37          2.309070564668075e-09
   38          1.403956637562693e-09
   39          8.384377243632959e-10
   40          5.084145980720139e-10
   41          3.065352527199531e-10
   42          1.871651632543672e-10
   43          1.146376248622523e-10
 --------------------------------- 


 Final ||Ax - b|| norm =  0.000000000071097
 Final energy = 11011.646278706431985

 Bond dimension before truncation: 306
 Bond dimension after truncation: 51
 Updating left boundary for site 6

 MICROITERATION NUMBER = 6  , forward sweep
 - Optimization centered on site: 6
 - Left boundaries taken from index: 6
 - Right boundaries taken from index: 7


 Initial ||Ax - b|| norm =  0.999999634164877

 ------------------------------------- 
 Iteration  | Rel. error estimate      
 ------------------------------------- 
    0          9.999996341648774e-01
    1          6.688696868271351e-01
    2          2.613722911037616e-01
    3          9.392745435686353e-02
    4          4.030796020259921e-02
    5          1.970939640892136e-02
    6          1.065506208172374e-02
    7          5.832534729610705e-03
    8          3.340507623728070e-03
    9          2.012882644355165e-03
   10          1.314885151145820e-03
   11          9.200599016443517e-04
   12          6.581099232881526e-04
   13          4.547422759841597e-04
   14          3.010075277972031e-04
   15          1.891298201876596e-04
   16          1.110176198743765e-04
   17          6.806274379428109e-05
   18          4.518302291838490e-05
   19          3.071112327946024e-05
   20          2.115271756822873e-05
   21          1.393963847497008e-05
   22          8.641666488451022e-06
   23          5.365575990113706e-06
   24          3.264630040714597e-06
   25          1.872900478650755e-06
   26          1.074825104115710e-06
   27          6.369269267398249e-07
   28          4.166803741354991e-07
   29          2.815291404179236e-07
   30          1.784171420534000e-07
   31          1.014498073041967e-07
   32          5.566987309908182e-08
   33          3.200086649143187e-08
   34          1.885940971250068e-08
   35          1.105540570566361e-08
   36          6.484455190794362e-09
   37          3.786644583283169e-09
   38          2.330599802768685e-09
   39          1.493513997783290e-09
   40          9.571725500703915e-10
   41          6.211071270691397e-10
   42          4.055595859077571e-10
   43          2.566551085927265e-10
   44          1.550328744714097e-10
 --------------------------------- 


 Final ||Ax - b|| norm =  0.000000000090170
 Final energy = 11011.641552523222344

 Bond dimension before truncation: 306
 Bond dimension after truncation: 51
 Updating left boundary for site 7

 MICROITERATION NUMBER = 7  , forward sweep
 - Optimization centered on site: 7
 - Left boundaries taken from index: 7
 - Right boundaries taken from index: 8


 Initial ||Ax - b|| norm =  0.999999340866635

 ------------------------------------- 
 Iteration  | Rel. error estimate      
 ------------------------------------- 
    0          9.999993408666346e-01
    1          7.669265951289606e-01
    2          3.390148749311012e-01
    3          1.107931988990364e-01
    4          4.458158246509020e-02
    5          2.202756250965340e-02
    6          1.175276265927443e-02
    7          6.661681563009817e-03
    8          4.155229556489845e-03
    9          2.570219750086733e-03
   10          1.720806924637507e-03
   11          1.201199212296695e-03
   12          8.653043046057133e-04
   13          6.221706479405041e-04
   14          4.183203212200473e-04
   15          2.779545124276656e-04
   16          1.794220186156100e-04
   17          1.170956584545655e-04
   18          7.706770305089777e-05
   19          5.242191298189331e-05
   20          3.737876010994861e-05
   21          2.502467020120121e-05
   22          1.646239158590339e-05
   23          1.050947711873522e-05
   24          6.592310062031400e-06
   25          4.082006242039892e-06
   26          2.553071994615314e-06
   27          1.614340087732019e-06
   28          1.083018671387924e-06
   29          7.697194378043084e-07
   30          5.244788866762324e-07
   31          3.327913250140634e-07
   32          2.029644964058612e-07
   33          1.175511667866577e-07
   34          6.853008489796074e-08
   35          3.954550480977123e-08
   36          2.372557181883033e-08
   37          1.540186940473928e-08
   38          1.010160176832108e-08
   39          6.452688458603226e-09
   40          4.211800419920157e-09
   41          2.810542179816879e-09
   42          1.869809117463494e-09
   43          1.245019178511956e-09
   44          8.024316322090247e-10
   45          4.919666994313002e-10
   46          2.867678023692373e-10
   47          1.723561758355533e-10
   48          1.048194473354230e-10
 --------------------------------- 


 Final ||Ax - b|| norm =  0.000000000061576
 Final energy = 11011.635111887420862

 Bond dimension before truncation: 306
 Bond dimension after truncation: 51
 Updating left boundary for site 8

 MICROITERATION NUMBER = 8  , forward sweep
 - Optimization centered on site: 8
 - Left boundaries taken from index: 8
 - Right boundaries taken from index: 9


 Initial ||Ax - b|| norm =  0.999999116908498

 ------------------------------------- 
 Iteration  | Rel. error estimate      
 ------------------------------------- 
    0          9.999991169084982e-01
    1          7.403845513483837e-01
    2          3.749968243839119e-01
    3          1.758795253598627e-01
    4          8.976708653420383e-02
    5          4.727641435393085e-02
    6          2.544707504940889e-02
    7          1.498119339695408e-02
    8          9.445184324485814e-03
    9          6.143800760733597e-03
   10          4.174078406123612e-03
   11          3.018002096788997e-03
   12          2.148353291742297e-03
   13          1.588112532475242e-03
   14          1.221898863826131e-03
   15          9.569527757337936e-04
   16          7.473026608711167e-04
   17          5.556517243882192e-04
   18          4.000669057554193e-04
   19          2.798032505102108e-04
   20          1.953456588178060e-04
   21          1.354542986729218e-04
   22          9.892465930489874e-05
   23          7.448432728052320e-05
   24          5.592325714193097e-05
   25          4.234366994182600e-05
   26          3.280185156922838e-05
   27          2.491337517880278e-05
   28          1.848888827868688e-05
   29          1.308524083763729e-05
   30          8.665655787224751e-06
   31          5.774860871918027e-06
   32          3.907975377206477e-06
   33          2.616139440743923e-06
   34          1.709817895313800e-06
   35          1.116066042477579e-06
   36          7.490311949988524e-07
   37          5.188767285621248e-07
   38          3.724479246535476e-07
   39          2.824999414674902e-07
   40          2.179358052942061e-07
   41          1.619988770143289e-07
   42          1.137829309522181e-07
   43          8.242863483084413e-08
   44          6.008553671178265e-08
   45          4.237777484209259e-08
   46          2.936303451363556e-08
   47          1.996690746777170e-08
   48          1.329603407839184e-08
 --------------------------------- 


 Final ||Ax - b|| norm =  0.000000008332345
 Final energy = 11011.635132419343790

 Bond dimension before truncation: 306
 Bond dimension after truncation: 51
 Updating left boundary for site 9

 MICROITERATION NUMBER = 9  , forward sweep
 - Optimization centered on site: 9
 - Left boundaries taken from index: 9
 - Right boundaries taken from index: 10


 Initial ||Ax - b|| norm =  0.999998890089687

 ------------------------------------- 
 Iteration  | Rel. error estimate      
 ------------------------------------- 
    0          9.999988900896870e-01
    1          6.493528715394904e-01
    2          3.128806409834237e-01
    3          1.743976166416491e-01
    4          1.047743306947233e-01
    5          6.766351995523560e-02
    6          4.468790254769848e-02
    7          2.914478636860320e-02
    8          1.877047134187206e-02
    9          1.245349920046012e-02
   10          8.782533327486627e-03
   11          6.201441345934262e-03
   12          4.308128911881976e-03
   13          3.254906333354345e-03
   14          2.500687639878860e-03
   15          2.024305617015456e-03
   16          1.640367155692217e-03
   17          1.349367448403112e-03
   18          1.120467976092015e-03
   19          9.141494687196243e-04
   20          6.846043622460567e-04
   21          5.000604142844130e-04
   22          3.672643714609599e-04
   23          2.807593641070324e-04
   24          2.126409169113613e-04
   25          1.735907005875046e-04
   26          1.322131589461284e-04
   27          1.035531686512183e-04
   28          8.168946275654253e-05
   29          6.587256934024943e-05
   30          5.510219001425710e-05
   31          4.529545851188173e-05
   32          3.634694357395405e-05
   33          2.974318734757115e-05
   34          2.401933987129125e-05
   35          1.947596108921000e-05
   36          1.592540643121994e-05
   37          1.259115215018170e-05
   38          9.389462422322511e-06
   39          7.058057623268985e-06
   40          5.151631196293245e-06
   41          3.795200227796847e-06
   42          2.840332093092616e-06
   43          2.018850345477850e-06
   44          1.462004607646650e-06
   45          1.074342895014790e-06
   46          7.952033914266528e-07
   47          5.951227597934762e-07
   48          4.387001456042050e-07
 --------------------------------- 


 Final ||Ax - b|| norm =  0.000000329699402
 Final energy = 11011.637054746837748

 Bond dimension before truncation: 306
 Bond dimension after truncation: 51
 Updating left boundary for site 10

 MICROITERATION NUMBER = 10  , forward sweep
 - Optimization centered on site: 10
 - Left boundaries taken from index: 10
 - Right boundaries taken from index: 11


 Initial ||Ax - b|| norm =  0.999998777507694

 ------------------------------------- 
 Iteration  | Rel. error estimate      
 ------------------------------------- 
    0          9.999987775076935e-01
    1          4.788608501185495e-01
    2          1.971256419792926e-01
    3          8.670431403588937e-02
    4          4.200665075845895e-02
    5          2.179589104264003e-02
    6          1.209888592598882e-02
    7          7.031188478753236e-03
    8          4.696122295759038e-03
    9          3.097195672165967e-03
   10          2.248926454927770e-03
   11          1.631271330118893e-03
   12          1.251858536813786e-03
   13          9.577776817647814e-04
   14          6.844504882568011e-04
   15          4.628537207969575e-04
   16          2.947506682124281e-04
   17          2.086229604800558e-04
   18          1.559289398966998e-04
   19          1.134339234259855e-04
   20          8.115024778660656e-05
   21          5.926060910433069e-05
   22          4.203197103426579e-05
   23          2.798548102088815e-05
   24          1.640720096766077e-05
   25          9.568054585730252e-06
   26          5.836707698513756e-06
   27          3.993848186777880e-06
   28          2.631671827508415e-06
   29          1.814865611915728e-06
   30          1.201785108048748e-06
   31          7.578366311685884e-07
   32          4.476927404279227e-07
   33          2.672006772980083e-07
   34          1.651712822295178e-07
   35          9.608471906943660e-08
   36          6.178217800742687e-08
   37          3.725618749627485e-08
   38          2.160394113731075e-08
   39          1.303963250634385e-08
   40          7.585891874667026e-09
   41          4.132550126805052e-09
   42          2.329590405537512e-09
   43          1.183102670488255e-09
   44          6.180734421364118e-10
   45          3.069728569117829e-10
   46          1.595067105598884e-10
 --------------------------------- 


 Final ||Ax - b|| norm =  0.000000000096542
 Final energy = 11011.637286899489482

 Bond dimension before truncation: 306
 Bond dimension after truncation: 51
 Updating left boundary for site 11

 MICROITERATION NUMBER = 11  , forward sweep
 - Optimization centered on site: 11
 - Left boundaries taken from index: 11
 - Right boundaries taken from index: 12


 Initial ||Ax - b|| norm =  0.999998776219485

 ------------------------------------- 
 Iteration  | Rel. error estimate      
 ------------------------------------- 
    0          9.999987762194849e-01
    1          4.658032210282331e-01
    2          1.712765732317471e-01
    3          5.873946762982225e-02
    4          2.587407510681588e-02
    5          1.379756161747776e-02
    6          7.287829386105966e-03
    7          4.005240656068027e-03
    8          2.265482713484728e-03
    9          1.271555789609071e-03
   10          8.067389974129011e-04
   11          5.747510814951812e-04
   12          3.896431697750781e-04
   13          2.524392430426266e-04
   14          1.583233849895768e-04
   15          9.623012732863058e-05
   16          6.203092047277816e-05
   17          3.987830751052684e-05
   18          2.153308091792638e-05
   19          1.031634341324692e-05
   20          5.200754496027316e-06
   21          2.808874496151961e-06
   22          1.708255511525043e-06
   23          1.167232391146588e-06
   24          8.104107817126747e-07
   25          4.909795191923970e-07
   26          2.999394021221455e-07
   27          2.019037527364709e-07
   28          1.369252812924990e-07
   29          9.438409672790067e-08
   30          6.897473787640904e-08
   31          5.271144120879600e-08
   32          3.861078500272702e-08
   33          2.656904630950716e-08
   34          1.941613979582137e-08
   35          1.525536581053440e-08
   36          1.244732077302194e-08
   37          9.226025972938460e-09
   38          5.782126709570046e-09
   39          3.543139764230046e-09
   40          2.121939383018308e-09
   41          1.066455285137298e-09
   42          4.655394256131714e-10
   43          2.346019225568712e-10
   44          1.271795234488000e-10
 --------------------------------- 


 Final ||Ax - b|| norm =  0.000000000067568
 Final energy = 11011.637286899494939

 Updating left boundary for site 12

 MICROITERATION NUMBER = 12  , backward sweep
 - Optimization centered on site: 11
 - Left boundaries taken from index: 11
 - Right boundaries taken from index: 12


 Initial ||Ax - b|| norm =  0.999998776219485

 ------------------------------------- 
 Iteration  | Rel. error estimate      
 ------------------------------------- 
    0          9.999987762194849e-01
    1          4.658032210282331e-01
    2          1.712765732317471e-01
    3          5.873946762982225e-02
    4          2.587407510681588e-02
    5          1.379756161747776e-02
    6          7.287829386105966e-03
    7          4.005240656068027e-03
    8          2.265482713484728e-03
    9          1.271555789609071e-03
   10          8.067389974129011e-04
   11          5.747510814951812e-04
   12          3.896431697750781e-04
   13          2.524392430426266e-04
   14          1.583233849895768e-04
   15          9.623012732863058e-05
   16          6.203092047277816e-05
   17          3.987830751052684e-05
   18          2.153308091792638e-05
   19          1.031634341324692e-05
   20          5.200754496027316e-06
   21          2.808874496151961e-06
   22          1.708255511525043e-06
   23          1.167232391146588e-06
   24          8.104107817126747e-07
   25          4.909795191923970e-07
   26          2.999394021221455e-07
   27          2.019037527364709e-07
   28          1.369252812924990e-07
   29          9.438409672790067e-08
   30          6.897473787640904e-08
   31          5.271144120879600e-08
   32          3.861078500272702e-08
   33          2.656904630950716e-08
   34          1.941613979582137e-08
   35          1.525536581053440e-08
   36          1.244732077302194e-08
   37          9.226025972938460e-09
   38          5.782126709570046e-09
   39          3.543139764230046e-09
   40          2.121939383018308e-09
   41          1.066455285137298e-09
   42          4.655394256131714e-10
   43          2.346019225568712e-10
   44          1.271795234488000e-10
 --------------------------------- 


 Final ||Ax - b|| norm =  0.000000000067568
 Final energy = 11011.637286899494939

 Bond dimension before truncation: 6
 Bond dimension after truncation: 6
 Updating right boundary for site 11

 MICROITERATION NUMBER = 13  , backward sweep
 - Optimization centered on site: 10
 - Left boundaries taken from index: 10
 - Right boundaries taken from index: 11


 Initial ||Ax - b|| norm =  0.999998777507693

 ------------------------------------- 
 Iteration  | Rel. error estimate      
 ------------------------------------- 
    0          9.999987775076931e-01
    1          4.788608501190967e-01
    2          1.971256419795369e-01
    3          8.670431403596639e-02
    4          4.200665075847308e-02
    5          2.179589104263128e-02
    6          1.209888592597549e-02
    7          7.031188478743572e-03
    8          4.696122295752395e-03
    9          3.097195672163335e-03
   10          2.248926454926611e-03
   11          1.631271330118560e-03
   12          1.251858536814168e-03
   13          9.577776817659185e-04
   14          6.844504882583183e-04
   15          4.628537207978991e-04
   16          2.947506682122501e-04
   17          2.086229604793966e-04
   18          1.559289398961450e-04
   19          1.134339234257703e-04
   20          8.115024778657397e-05
   21          5.926060910431557e-05
   22          4.203197103423038e-05
   23          2.798548102084576e-05
   24          1.640720096761349e-05
   25          9.568054585675019e-06
   26          5.836707698496012e-06
   27          3.993848186932748e-06
   28          2.631671828538309e-06
   29          1.814865614152173e-06
   30          1.201785109015092e-06
   31          7.578366313491074e-07
   32          4.476927404495143e-07
   33          2.672006772984157e-07
   34          1.651712822300320e-07
   35          9.608471907708785e-08
   36          6.178217801648726e-08
   37          3.725618749779891e-08
   38          2.160394113741393e-08
   39          1.303963250635442e-08
   40          7.585891874678982e-09
   41          4.132550126818506e-09
   42          2.329590405547980e-09
   43          1.183102670495217e-09
   44          6.180734421436214e-10
   45          3.069728569217957e-10
   46          1.595067105535190e-10
 --------------------------------- 


 Final ||Ax - b|| norm =  0.000000000096541
 Final energy = 11011.637286899478568

 Bond dimension before truncation: 36
 Bond dimension after truncation: 36
 Updating right boundary for site 10

 MICROITERATION NUMBER = 14  , backward sweep
 - Optimization centered on site: 9
 - Left boundaries taken from index: 9
 - Right boundaries taken from index: 10


 Initial ||Ax - b|| norm =  0.999998890089686

 ------------------------------------- 
 Iteration  | Rel. error estimate      
 ------------------------------------- 
    0          9.999988900896865e-01
    1          6.493528715401491e-01
    2          3.128806409838776e-01
    3          1.743976166419147e-01
    4          1.047743306948695e-01
    5          6.766351995532238e-02
    6          4.468790254775057e-02
    7          2.914478636863541e-02
    8          1.877047134189393e-02
    9          1.245349920047653e-02
   10          8.782533327499495e-03
   11          6.201441345944329e-03
   12          4.308128911889505e-03
   13          3.254906333360695e-03
   14          2.500687639884301e-03
   15          2.024305617020397e-03
   16          1.640367155696722e-03
   17          1.349367448407157e-03
   18          1.120467976095484e-03
   19          9.141494687222298e-04
   20          6.846043622465789e-04
   21          5.000604142758104e-04
   22          3.672643714088092e-04
   23          2.807593639441574e-04
   24          2.126409162981162e-04
   25          1.735907000580229e-04
   26          1.322131588762148e-04
   27          1.035531686374609e-04
   28          8.168946274060588e-05
   29          6.587256926709510e-05
   30          5.510218986357087e-05
   31          4.529545836309000e-05
   32          3.634694342640761e-05
   33          2.974318730415322e-05
   34          2.401933986682252e-05
   35          1.947596108877095e-05
   36          1.592540643115787e-05
   37          1.259115214994166e-05
   38          9.389462419893343e-06
   39          7.058057601084271e-06
   40          5.151631056610988e-06
   41          3.795199716346739e-06
   42          2.840331881190820e-06
   43          2.018850305108344e-06
   44          1.462004596085547e-06
   45          1.074342892701624e-06
   46          7.952033911130046e-07
   47          5.951227597936932e-07
   48          4.387001456264678e-07
 --------------------------------- 


 Final ||Ax - b|| norm =  0.000000329699412
 Final energy = 11011.637054746806825

 Bond dimension before truncation: 216
 Bond dimension after truncation: 51
 Updating right boundary for site 9

 MICROITERATION NUMBER = 15  , backward sweep
 - Optimization centered on site: 8
 - Left boundaries taken from index: 8
 - Right boundaries taken from index: 9


 Initial ||Ax - b|| norm =  0.999999116908496

 ------------------------------------- 
 Iteration  | Rel. error estimate      
 ------------------------------------- 
    0          9.999991169084959e-01
    1          7.403845526894413e-01
    2          3.749968264487308e-01
    3          1.758795272632178e-01
    4          8.976708748449617e-02
    5          4.727641447560488e-02
    6          2.544707489521992e-02
    7          1.498119332415754e-02
    8          9.445184248056817e-03
    9          6.143800710100794e-03
   10          4.174078367747820e-03
   11          3.018002082716888e-03
   12          2.148353276096827e-03
   13          1.588112514948084e-03
   14          1.221898853008448e-03
   15          9.569527634350182e-04
   16          7.473026486434809e-04
   17          5.556517217678487e-04
   18          4.000669005816772e-04
   19          2.798032442064539e-04
   20          1.953456547945296e-04
   21          1.354542966117350e-04
   22          9.892465700754919e-05
   23          7.448432555612447e-05
   24          5.592325636947078e-05
   25          4.234366937577620e-05
   26          3.280185093528456e-05
   27          2.491337473798258e-05
   28          1.848888788322373e-05
   29          1.308524037083414e-05
   30          8.665655431875175e-06
   31          5.774860733923740e-06
   32          3.907975280287004e-06
   33          2.616139300485259e-06
   34          1.709817826007945e-06
   35          1.116065993350249e-06
   36          7.490311535562602e-07
   37          5.188767120313664e-07
   38          3.724479151938455e-07
   39          2.824999328240280e-07
   40          2.179357969230829e-07
   41          1.619988698870505e-07
   42          1.137829264144234e-07
   43          8.242863100581569e-08
   44          6.008553407459212e-08
   45          4.237777347674487e-08
   46          2.936303336562444e-08
   47          1.996690623448586e-08
   48          1.329603272278705e-08
 --------------------------------- 


 Final ||Ax - b|| norm =  0.000000008332310
 Final energy = 11011.635132419298316

 Bond dimension before truncation: 306
 Bond dimension after truncation: 51
 Updating right boundary for site 8

 MICROITERATION NUMBER = 16  , backward sweep
 - Optimization centered on site: 7
 - Left boundaries taken from index: 7
 - Right boundaries taken from index: 8


 Initial ||Ax - b|| norm =  0.999999340866633

 ------------------------------------- 
 Iteration  | Rel. error estimate      
 ------------------------------------- 
    0          9.999993408666330e-01
    1          7.669265926189974e-01
    2          3.390148547755921e-01
    3          1.107931898630387e-01
    4          4.458157803327311e-02
    5          2.202756055855379e-02
    6          1.175276135476208e-02
    7          6.661680921947471e-03
    8          4.155229085309203e-03
    9          2.570219475484097e-03
   10          1.720806743738533e-03
   11          1.201199095650163e-03
   12          8.653042167831975e-04
   13          6.221705732885533e-04
   14          4.183202595247484e-04
   15          2.779544683181122e-04
   16          1.794219854396545e-04
   17          1.170956371941239e-04
   18          7.706768889124289e-05
   19          5.242190456737601e-05
   20          3.737875366490459e-05
   21          2.502466494251592e-05
   22          1.646238784097376e-05
   23          1.050947446379360e-05
   24          6.592308175652560e-06
   25          4.082005055679503e-06
   26          2.553071188964924e-06
   27          1.614339589728439e-06
   28          1.083018391937495e-06
   29          7.697192519879792e-07
   30          5.244787177693807e-07
   31          3.327912106875393e-07
   32          2.029644123703214e-07
   33          1.175511190718822e-07
   34          6.853005468575131e-08
   35          3.954548896915627e-08
   36          2.372556248809451e-08
   37          1.540186461431658e-08
   38          1.010159794194342e-08
   39          6.452686211057003e-09
   40          4.211798908218467e-09
   41          2.810541209317315e-09
   42          1.869808426454723e-09
   43          1.245018692916957e-09
   44          8.024312802198360e-10
   45          4.919664370487840e-10
   46          2.867676469393452e-10
   47          1.723560864688584e-10
   48          1.048193921930375e-10
 --------------------------------- 


 Final ||Ax - b|| norm =  0.000000000061579
 Final energy = 11011.635111887433595

 Bond dimension before truncation: 306
 Bond dimension after truncation: 51
 Updating right boundary for site 7

 MICROITERATION NUMBER = 17  , backward sweep
 - Optimization centered on site: 6
 - Left boundaries taken from index: 6
 - Right boundaries taken from index: 7


 Initial ||Ax - b|| norm =  0.999999634164876

 ------------------------------------- 
 Iteration  | Rel. error estimate      
 ------------------------------------- 
    0          9.999996341648761e-01
    1          6.688698028223204e-01
    2          2.613724276980899e-01
    3          9.392753498752447e-02
    4          4.030799454244632e-02
    5          1.970941372637930e-02
    6          1.065507320167222e-02
    7          5.832541403367563e-03
    8          3.340511860600844e-03
    9          2.012885050836211e-03
   10          1.314886653683563e-03
   11          9.200609276454707e-04
   12          6.581107096911867e-04
   13          4.547428096223438e-04
   14          3.010079363674010e-04
   15          1.891300966385521e-04
   16          1.110178029158343e-04
   17          6.806285311682386e-05
   18          4.518309480050020e-05
   19          3.071117545716374e-05
   20          2.115275594970421e-05
   21          1.393966999482068e-05
   22          8.641686176530295e-06
   23          5.365587960148223e-06
   24          3.264638443963538e-06
   25          1.872905444135294e-06
   26          1.074828054782359e-06
   27          6.369286841297638e-07
   28          4.166813807431974e-07
   29          2.815298445931440e-07
   30          1.784176749357184e-07
   31          1.014501600664974e-07
   32          5.567008090861085e-08
   33          3.200098619875449e-08
   34          1.885948443527504e-08
   35          1.105544803432758e-08
   36          6.484481869567910e-09
   37          3.786660030528093e-09
   38          2.330608371480352e-09
   39          1.493519584894665e-09
   40          9.571760567791293e-10
   41          6.211093414811723e-10
   42          4.055610143924917e-10
   43          2.566560807978284e-10
   44          1.550334993628148e-10
 --------------------------------- 


 Final ||Ax - b|| norm =  0.000000000090191
 Final energy = 11011.641552522547499

 Bond dimension before truncation: 306
 Bond dimension after truncation: 51
 Updating right boundary for site 6

 MICROITERATION NUMBER = 18  , backward sweep
 - Optimization centered on site: 5
 - Left boundaries taken from index: 5
 - Right boundaries taken from index: 6


 Initial ||Ax - b|| norm =  0.999999855325693

 ------------------------------------- 
 Iteration  | Rel. error estimate      
 ------------------------------------- 
    0          9.999998553256928e-01
    1          5.485354129950325e-01
    2          2.017443434106986e-01
    3          7.096166633688081e-02
    4          3.021776101439743e-02
    5          1.425552678569954e-02
    6          6.955642146958525e-03
    7          3.671994433150289e-03
    8          2.159264428861236e-03
    9          1.308925407248171e-03
   10          8.574588155486112e-04
   11          6.093022196880771e-04
   12          4.268726335643005e-04
   13          2.911751256094030e-04
   14          1.853447875998744e-04
   15          1.080395043524158e-04
   16          6.402226170836797e-05
   17          4.289927267007888e-05
   18          2.920065374625218e-05
   19          1.987911081853825e-05
   20          1.349856507115791e-05
   21          8.198523593108278e-06
   22          4.983985903219764e-06
   23          3.247954626368242e-06
   24          1.958742636742748e-06
   25          1.159304773965052e-06
   26          6.705507940457899e-07
   27          4.148335685158750e-07
   28          2.680262094578263e-07
   29          1.728365734216220e-07
   30          1.012123707555447e-07
   31          5.612803373261506e-08
   32          3.184812487160079e-08
   33          1.867932240727395e-08
   34          1.118229395864867e-08
   35          6.523768817014683e-09
   36          3.819244092998447e-09
   37          2.309100078396705e-09
   38          1.403978709786548e-09
   39          8.384504555426227e-10
   40          5.084221436805874e-10
   41          3.065395052573227e-10
   42          1.871674271823641e-10
   43          1.146390576076216e-10
 --------------------------------- 


 Final ||Ax - b|| norm =  0.000000000071103
 Final energy = 11011.646278729191181

 Bond dimension before truncation: 306
 Bond dimension after truncation: 51
 Updating right boundary for site 5

 MICROITERATION NUMBER = 19  , backward sweep
 - Optimization centered on site: 4
 - Left boundaries taken from index: 4
 - Right boundaries taken from index: 5


 Initial ||Ax - b|| norm =  0.999999970380282

 ------------------------------------- 
 Iteration  | Rel. error estimate      
 ------------------------------------- 
    0          9.999999703802819e-01
    1          4.882118213210008e-01
    2          1.721555969473778e-01
    3          6.040267748990321e-02
    4          2.621897146837975e-02
    5          1.141291789686654e-02
    6          5.603464121471073e-03
    7          3.018514788746903e-03
    8          1.597911503191803e-03
    9          9.006172876001276e-04
   10          5.478191499272706e-04
   11          3.431090380261937e-04
   12          2.176781254664004e-04
   13          1.429682948459163e-04
   14          9.381954724621261e-05
   15          5.694900529132485e-05
   16          3.070081017648538e-05
   17          1.709930642741589e-05
   18          1.001705741297348e-05
   19          6.222196551851955e-06
   20          4.015617154381519e-06
   21          2.564097004153254e-06
   22          1.650147790432180e-06
   23          1.094667729137960e-06
   24          7.271695879470286e-07
   25          4.558789702041460e-07
   26          2.657384610147508e-07
   27          1.663005965881877e-07
   28          1.093334629865378e-07
   29          7.438091000090717e-08
   30          4.583195875823274e-08
   31          2.670972200898838e-08
   32          1.488987970629657e-08
   33          8.408064820390631e-09
   34          4.669003536295106e-09
   35          2.714190873903813e-09
   36          1.661607041349411e-09
   37          1.075387652247090e-09
   38          6.776078079193508e-10
   39          4.062789274763544e-10
   40          2.350720100053236e-10
   41          1.380802566771546e-10
 --------------------------------- 


 Final ||Ax - b|| norm =  0.000000000082226
 Final energy = 11011.648383908592223

 Bond dimension before truncation: 306
 Bond dimension after truncation: 51
 Updating right boundary for site 4

 MICROITERATION NUMBER = 20  , backward sweep
 - Optimization centered on site: 3
 - Left boundaries taken from index: 3
 - Right boundaries taken from index: 4


 Initial ||Ax - b|| norm =  0.999999998815717

 ------------------------------------- 
 Iteration  | Rel. error estimate      
 ------------------------------------- 
    0          9.999999988157174e-01
    1          4.592029258795226e-01
    2          1.561945040446177e-01
    3          5.597388271868623e-02
    4          2.452499730073779e-02
    5          1.045046793905847e-02
    6          5.007129846935544e-03
    7          2.543712718918034e-03
    8          1.369241283502405e-03
    9          7.698481454110215e-04
   10          4.558335413201247e-04
   11          2.773518132047978e-04
   12          1.616526549773801e-04
   13          9.773371267587305e-05
   14          6.451657387742788e-05
   15          3.912689537386419e-05
   16          2.092715132320946e-05
   17          1.094647129798692e-05
   18          6.019138407738786e-06
   19          3.221424580424019e-06
   20          1.835979939279407e-06
   21          1.067399457867456e-06
   22          6.711018120848026e-07
   23          4.264688693785843e-07
   24          2.569167426027777e-07
   25          1.330867457907162e-07
   26          6.724109142603466e-08
   27          3.651576352591177e-08
   28          2.196439003873242e-08
   29          1.464644519502781e-08
   30          9.416364135156898e-09
   31          5.530679791279810e-09
   32          3.042652999384632e-09
   33          1.588051914724538e-09
   34          8.425689532389663e-10
   35          4.892670926458275e-10
   36          3.081228269156237e-10
   37          2.025861073153419e-10
   38          1.295229813868826e-10
 --------------------------------- 


 Final ||Ax - b|| norm =  0.000000000081366
 Final energy = 11011.649431480869680

 Bond dimension before truncation: 306
 Bond dimension after truncation: 51
 Updating right boundary for site 3

 MICROITERATION NUMBER = 21  , backward sweep
 - Optimization centered on site: 2
 - Left boundaries taken from index: 2
 - Right boundaries taken from index: 3


 Initial ||Ax - b|| norm =  0.999999999998752

 ------------------------------------- 
 Iteration  | Rel. error estimate      
 ------------------------------------- 
    0          9.999999999987523e-01
    1          3.437605553244626e-02
    2          8.914265393545511e-03
    3          3.278428097003837e-03
    4          1.378187653589900e-03
    5          7.429728850744502e-04
    6          4.956426173808425e-04
    7          3.485664171600132e-04
    8          2.372173523547346e-04
    9          1.428586571520483e-04
   10          7.960597191612447e-05
   11          4.398731596732732e-05
   12          2.806698685685635e-05
   13          1.896151425424374e-05
   14          1.216967716916656e-05
   15          7.443953172869582e-06
   16          4.361859532220341e-06
   17          2.521465828977433e-06
   18          1.398195843299449e-06
   19          7.040001986089202e-07
   20          3.497748842368095e-07
   21          1.854738251504714e-07
   22          1.046181222297012e-07
   23          6.093661020646076e-08
   24          3.678869924896280e-08
   25          2.221664565876717e-08
   26          1.354554438988256e-08
   27          8.155545541319277e-09
   28          4.922178137593499e-09
   29          2.887747930320467e-09
   30          1.627369039835187e-09
   31          9.171259898272464e-10
   32          5.252020191828709e-10
   33          2.878333321363717e-10
   34          1.655513197852173e-10
   35          1.059916540486874e-10
 --------------------------------- 


 Final ||Ax - b|| norm =  0.000000000068043
 Final energy = 11011.652645965861666

 Bond dimension before truncation: 306
 Bond dimension after truncation: 51
 Updating right boundary for site 2

 MICROITERATION NUMBER = 22  , backward sweep
 - Optimization centered on site: 1
 - Left boundaries taken from index: 1
 - Right boundaries taken from index: 2


 Initial ||Ax - b|| norm =  0.999999999998733

 ------------------------------------- 
 Iteration  | Rel. error estimate      
 ------------------------------------- 
    0          9.999999999987332e-01
    1          1.386531906123565e-03
    2          8.808762636527334e-04
    3          5.992690691134244e-04
    4          3.066176878146869e-04
    5          1.803682910142345e-04
    6          1.107061417636292e-04
    7          5.833452303824016e-05
    8          3.469501953025012e-05
    9          2.127007602115797e-05
   10          1.317518841211063e-05
   11          8.735353535894882e-06
   12          4.447182038180498e-06
   13          2.111290464656706e-06
   14          1.050336226144123e-06
   15          5.611373094200239e-07
   16          2.978014476491759e-07
   17          1.529348265779447e-07
   18          7.910406179877798e-08
   19          4.049351116981434e-08
   20          2.242104499807093e-08
   21          1.404107310171609e-08
   22          8.516374893905454e-09
   23          4.858453437649100e-09
   24          2.496219278130858e-09
   25          1.215864589342993e-09
   26          5.479834033609298e-10
   27          3.075522663578267e-10
   28          1.887600749071461e-10
   29          1.051341431223857e-10
 --------------------------------- 


 Final ||Ax - b|| norm =  0.000000000055889
 Final energy = 11011.652659332028634

 Bond dimension before truncation: 306
 Bond dimension after truncation: 51
 Updating right boundary for site 1

 MICROITERATION NUMBER = 23  , backward sweep
 - Optimization centered on site: 0
 - Left boundaries taken from index: 0
 - Right boundaries taken from index: 1


 Initial ||Ax - b|| norm =  0.999999999998726

 ------------------------------------- 
 Iteration  | Rel. error estimate      
 ------------------------------------- 
    0          9.999999999987264e-01
    1          1.050834134415304e-03
    2          6.735452496414519e-04
    3          3.344559639447537e-04
    4          1.860388014647295e-04
    5          8.879520771637682e-05
    6          5.143924524804605e-05
    7          2.619683500645361e-05
    8          1.619585187552172e-05
    9          9.941149788737762e-06
   10          4.452747115926648e-06
   11          1.992649796102149e-06
   12          8.480512726225382e-07
   13          4.295031689649056e-07
   14          1.976802804630903e-07
   15          9.566327990002184e-08
   16          4.564956758431661e-08
   17          2.571675664685876e-08
   18          1.369557147408300e-08
   19          8.499326684448021e-09
   20          3.819647854747521e-09
   21          1.617976087733218e-09
   22          7.045895737003460e-10
   23          3.896653805178900e-10
   24          2.158293488445966e-10
   25          1.131829802882430e-10
 --------------------------------- 


 Final ||Ax - b|| norm =  0.000000000059400
 Final energy = 11011.652659340717946

 Updating right boundary for site 0


 SWEEP NUMBER 2
 ----------------
 - Noise parameter: 0.0000000100
 - Maximum bond dimension: 50
 - Truncation parameter: 0.0000000000

 MICROITERATION NUMBER = 0  , forward sweep
 - Optimization centered on site: 0
 - Left boundaries taken from index: 0
 - Right boundaries taken from index: 1


 Initial ||Ax - b|| norm =  0.999999999998726

 ------------------------------------- 
 Iteration  | Rel. error estimate      
 ------------------------------------- 
    0          9.999999999987264e-01
    1          1.050834134415304e-03
    2          6.735452496414519e-04
    3          3.344559639447537e-04
    4          1.860388014647295e-04
    5          8.879520771637682e-05
    6          5.143924524804605e-05
    7          2.619683500645361e-05
    8          1.619585187552172e-05
    9          9.941149788737762e-06
   10          4.452747115926648e-06
   11          1.992649796102149e-06
   12          8.480512726225382e-07
   13          4.295031689649056e-07
   14          1.976802804630903e-07
   15          9.566327990002184e-08
   16          4.564956758431661e-08
   17          2.571675664685876e-08
   18          1.369557147408300e-08
   19          8.499326684448021e-09
   20          3.819647854747521e-09
   21          1.617976087733218e-09
   22          7.045895737003460e-10
   23          3.896653805178900e-10
   24          2.158293488445966e-10
   25          1.131829802882430e-10
 --------------------------------- 


 Final ||Ax - b|| norm =  0.000000000059400
 Final energy = 11011.652659340717946

 Bond dimension before truncation: 6
 Bond dimension after truncation: 6
 Updating left boundary for site 1

 MICROITERATION NUMBER = 1  , forward sweep
 - Optimization centered on site: 1
 - Left boundaries taken from index: 1
 - Right boundaries taken from index: 2


 Initial ||Ax - b|| norm =  0.999999999998734

 ------------------------------------- 
 Iteration  | Rel. error estimate      
 ------------------------------------- 
    0          9.999999999987338e-01
    1          1.386531906114611e-03
    2          8.808762636467956e-04
    3          5.992690691106828e-04
    4          3.066176878110099e-04
    5          1.803682910174143e-04
    6          1.107061417714075e-04
    7          5.833452304177172e-05
    8          3.469501953119479e-05
    9          2.127007602241569e-05
   10          1.317518841328923e-05
   11          8.735353536186485e-06
   12          4.447182037846318e-06
   13          2.111290464376371e-06
   14          1.050336225970922e-06
   15          5.611373092771726e-07
   16          2.978014475154384e-07
   17          1.529348264624491e-07
   18          7.910406170343286e-08
   19          4.049351108518324e-08
   20          2.242104492789374e-08
   21          1.404107305368451e-08
   22          8.516374867939752e-09
   23          4.858453426819948e-09
   24          2.496219274494760e-09
   25          1.215864588055456e-09
   26          5.479834028155101e-10
   27          3.075522660252613e-10
   28          1.887600747313945e-10
   29          1.051341430670678e-10
 --------------------------------- 


 Final ||Ax - b|| norm =  0.000000000055892
 Final energy = 11011.652659332045005

 Bond dimension before truncation: 36
 Bond dimension after truncation: 36
 Updating left boundary for site 2

 MICROITERATION NUMBER = 2  , forward sweep
 - Optimization centered on site: 2
 - Left boundaries taken from index: 2
 - Right boundaries taken from index: 3


 Initial ||Ax - b|| norm =  0.999999999998753

 ------------------------------------- 
 Iteration  | Rel. error estimate      
 ------------------------------------- 
    0          9.999999999987529e-01
    1          3.437605553238150e-02
    2          8.914265393528409e-03
    3          3.278428096997604e-03
    4          1.378187653588449e-03
    5          7.429728850755039e-04
    6          4.956426173832258e-04
    7          3.485664171633012e-04
    8          2.372173523587154e-04
    9          1.428586571562215e-04
   10          7.960597191980888e-05
   11          4.398731597020327e-05
   12          2.806698685883220e-05
   13          1.896151425530758e-05
   14          1.216967716953776e-05
   15          7.443953172964604e-06
   16          4.361859532240801e-06
   17          2.521465828955803e-06
   18          1.398195843244303e-06
   19          7.040001985350468e-07
   20          3.497748841511531e-07
   21          1.854738250609118e-07
   22          1.046181221450443e-07
   23          6.093661013108976e-08
   24          3.678869918868319e-08
   25          2.221664561483127e-08
   26          1.354554436107435e-08
   27          8.155545524164662e-09
   28          4.922178127915481e-09
   29          2.887747925304505e-09
   30          1.627369037403300e-09
   31          9.171259885828621e-10
   32          5.252020185107350e-10
   33          2.878333317510625e-10
   34          1.655513195208939e-10
   35          1.059916538314098e-10
 --------------------------------- 


 Final ||Ax - b|| norm =  0.000000000068060
 Final energy = 11011.652645965881675

 Bond dimension before truncation: 216
 Bond dimension after truncation: 51
 Updating left boundary for site 3

 MICROITERATION NUMBER = 3  , forward sweep
 - Optimization centered on site: 3
 - Left boundaries taken from index: 3
 - Right boundaries taken from index: 4


 Initial ||Ax - b|| norm =  0.999999998815718

 ------------------------------------- 
 Iteration  | Rel. error estimate      
 ------------------------------------- 
    0          9.999999988157180e-01
    1          4.592029250409004e-01
    2          1.561945033714673e-01
    3          5.597388232153792e-02
    4          2.452499718735310e-02
    5          1.045046800151911e-02
    6          5.007129914565520e-03
    7          2.543712779342951e-03
    8          1.369241326186161e-03
    9          7.698481613968402e-04
   10          4.558335511100603e-04
   11          2.773518192856213e-04
   12          1.616526577165153e-04
   13          9.773371431917456e-05
   14          6.451657460088515e-05
   15          3.912689583648103e-05
   16          2.092715186958937e-05
   17          1.094647165594247e-05
   18          6.019138581371118e-06
   19          3.221424697338239e-06
   20          1.835979998757798e-06
   21          1.067399499645673e-06
   22          6.711018400300040e-07
   23          4.264688872854619e-07
   24          2.569167490821001e-07
   25          1.330867470593556e-07
   26          6.724109187052719e-08
   27          3.651576354316289e-08
   28          2.196438943966618e-08
   29          1.464644443171081e-08
   30          9.416363417451254e-09
   31          5.530679116715869e-09
   32          3.042652477064493e-09
   33          1.588051488190556e-09
   34          8.425685645079949e-10
   35          4.892666243604015e-10
   36          3.081221604044960e-10
   37          2.025847820932089e-10
   38          1.295199167382893e-10
 --------------------------------- 


 Final ||Ax - b|| norm =  0.000000000081366
 Final energy = 11011.649431480889689

 Bond dimension before truncation: 306
 Bond dimension after truncation: 51
 Updating left boundary for site 4

 MICROITERATION NUMBER = 4  , forward sweep
 - Optimization centered on site: 4
 - Left boundaries taken from index: 4
 - Right boundaries taken from index: 5


 Initial ||Ax - b|| norm =  0.999999970380303

 ------------------------------------- 
 Iteration  | Rel. error estimate      
 ------------------------------------- 
    0          9.999999703803027e-01
    1          4.882118319067000e-01
    2          1.721556071651092e-01
    3          6.040268191879479e-02
    4          2.621897404396108e-02
    5          1.141291837312941e-02
    6          5.603464304389265e-03
    7          3.018514980296410e-03
    8          1.597911630969025e-03
    9          9.006173684167316e-04
   10          5.478192183857193e-04
   11          3.431090823439872e-04
   12          2.176781494216611e-04
   13          1.429683051706344e-04
   14          9.381954873677450e-05
   15          5.694899977068721e-05
   16          3.070080744958349e-05
   17          1.709930368397116e-05
   18          1.001705546603004e-05
   19          6.222196009735487e-06
   20          4.015616987480527e-06
   21          2.564096816890284e-06
   22          1.650147757377188e-06
   23          1.094667771414459e-06
   24          7.271696317951972e-07
   25          4.558790209085545e-07
   26          2.657385272020962e-07
   27          1.663006390193713e-07
   28          1.093334937654897e-07
   29          7.438093130238512e-08
   30          4.583197508728844e-08
   31          2.670972928909772e-08
   32          1.488988262258798e-08
   33          8.408065824570079e-09
   34          4.669004161199377e-09
   35          2.714191198328795e-09
   36          1.661607253746236e-09
   37          1.075387878558904e-09
   38          6.776080063965836e-10
   39          4.062790115070459e-10
   40          2.350720358182819e-10
   41          1.380802718886514e-10
 --------------------------------- 


 Final ||Ax - b|| norm =  0.000000000082230
 Final energy = 11011.648383908619508

 Bond dimension before truncation: 306
 Bond dimension after truncation: 51
 Updating left boundary for site 5

 MICROITERATION NUMBER = 5  , forward sweep
 - Optimization centered on site: 5
 - Left boundaries taken from index: 5
 - Right boundaries taken from index: 6


 Initial ||Ax - b|| norm =  0.999999855325707

 ------------------------------------- 
 Iteration  | Rel. error estimate      
 ------------------------------------- 
    0          9.999998553257075e-01
    1          5.485354109560203e-01
    2          2.017443435535632e-01
    3          7.096166420479845e-02
    4          3.021775938257970e-02
    5          1.425552553188165e-02
    6          6.955641519961323e-03
    7          3.671994254992169e-03
    8          2.159264350332213e-03
    9          1.308925396480827e-03
   10          8.574588261674289e-04
   11          6.093022169765530e-04
   12          4.268726264431636e-04
   13          2.911751215622863e-04
   14          1.853447768214574e-04
   15          1.080394984176835e-04
   16          6.402226256125303e-05
   17          4.289927286144413e-05
   18          2.920065161570102e-05
   19          1.987910838976845e-05
   20          1.349856300010497e-05
   21          8.198522206120946e-06
   22          4.983985547480411e-06
   23          3.247954690418472e-06
   24          1.958742559944736e-06
   25          1.159304646472320e-06
   26          6.705507725938683e-07
   27          4.148335659838003e-07
   28          2.680262056874758e-07
   29          1.728365738624047e-07
   30          1.012123819153032e-07
   31          5.612804357231253e-08
   32          3.184813900681657e-08
   33          1.867933799042838e-08
   34          1.118230478036072e-08
   35          6.523775249102817e-09
   36          3.819247176603807e-09
   37          2.309101397619827e-09
   38          1.403979393204850e-09
   39          8.384508058526959e-10
   40          5.084222374076555e-10
   41          3.065395029628332e-10
   42          1.871674146723292e-10
   43          1.146390487305726e-10
 --------------------------------- 


 Final ||Ax - b|| norm =  0.000000000071118
 Final energy = 11011.646278729574988

 Bond dimension before truncation: 306
 Bond dimension after truncation: 51
 Updating left boundary for site 6

 MICROITERATION NUMBER = 6  , forward sweep
 - Optimization centered on site: 6
 - Left boundaries taken from index: 6
 - Right boundaries taken from index: 7


 Initial ||Ax - b|| norm =  0.999999634164838

 ------------------------------------- 
 Iteration  | Rel. error estimate      
 ------------------------------------- 
    0          9.999996341648377e-01
    1          6.688698008634555e-01
    2          2.613724471794615e-01
    3          9.392754716168615e-02
    4          4.030799890171018e-02
    5          1.970941493683076e-02
    6          1.065507542893884e-02
    7          5.832543582618669e-03
    8          3.340513553081176e-03
    9          2.012886466450654e-03
   10          1.314887625654699e-03
   11          9.200614908026395e-04
   12          6.581111166178496e-04
   13          4.547431586875737e-04
   14          3.010081361571493e-04
   15          1.891301825419661e-04
   16          1.110178586491127e-04
   17          6.806289029831791e-05
   18          4.518312168285991e-05
   19          3.071119852685408e-05
   20          2.115277040586248e-05
   21          1.393967970622498e-05
   22          8.641689743096613e-06
   23          5.365588836596501e-06
   24          3.264637995103493e-06
   25          1.872905334002593e-06
   26          1.074828129673233e-06
   27          6.369287400561105e-07
   28          4.166814800345406e-07
   29          2.815299154217010e-07
   30          1.784176161092027e-07
   31          1.014500411763686e-07
   32          5.566998667297845e-08
   33          3.200093386303063e-08
   34          1.885946852689101e-08
   35          1.105544165808359e-08
   36          6.484478003665431e-09
   37          3.786657213251965e-09
   38          2.330605292369251e-09
   39          1.493517049445150e-09
   40          9.571745707181251e-10
   41          6.211084228178537e-10
   42          4.055604615827201e-10
   43          2.566557777720066e-10
   44          1.550333357242504e-10
 --------------------------------- 


 Final ||Ax - b|| norm =  0.000000000090189
 Final energy = 11011.641552521783524

 Bond dimension before truncation: 306
 Bond dimension after truncation: 51
 Updating left boundary for site 7

 MICROITERATION NUMBER = 7  , forward sweep
 - Optimization centered on site: 7
 - Left boundaries taken from index: 7
 - Right boundaries taken from index: 8


 Initial ||Ax - b|| norm =  0.999999340866785

 ------------------------------------- 
 Iteration  | Rel. error estimate      
 ------------------------------------- 
    0          9.999993408667847e-01
    1          7.669265924065558e-01
    2          3.390148604544529e-01
    3          1.107931973208194e-01
    4          4.458158025889591e-02
    5          2.202756240394808e-02
    6          1.175276606968869e-02
    7          6.661686851133640e-03
    8          4.155233854093812e-03
    9          2.570222562145446e-03
   10          1.720808524918836e-03
   11          1.201200007685661e-03
   12          8.653049035564458e-04
   13          6.221710223902316e-04
   14          4.183206137913872e-04
   15          2.779547039590591e-04
   16          1.794221457108448e-04
   17          1.170957623200753e-04
   18          7.706777668105164e-05
   19          5.242198386591982e-05
   20          3.737881121005786e-05
   21          2.502468799686184e-05
   22          1.646238814085423e-05
   23          1.050946668079128e-05
   24          6.592302685988644e-06
   25          4.082002510921139e-06
   26          2.553069815648325e-06
   27          1.614340205709081e-06
   28          1.083019973221081e-06
   29          7.697206946459545e-07
   30          5.244795278729984e-07
   31          3.327915179187412e-07
   32          2.029645155909389e-07
   33          1.175511055761549e-07
   34          6.853001236514286e-08
   35          3.954545028889468e-08
   36          2.372554895423455e-08
   37          1.540187333934848e-08
   38          1.010160913956316e-08
   39          6.452693158115348e-09
   40          4.211800392476707e-09
   41          2.810539621055684e-09
   42          1.869806299510160e-09
   43          1.245017582235063e-09
   44          8.024314202609744e-10
   45          4.919670592025235e-10
   46          2.867682314494816e-10
   47          1.723565059541858e-10
   48          1.048196445119352e-10
 --------------------------------- 


 Final ||Ax - b|| norm =  0.000000000061551
 Final energy = 11011.635111880557815

 Bond dimension before truncation: 306
 Bond dimension after truncation: 51
 Updating left boundary for site 8

 MICROITERATION NUMBER = 8  , forward sweep
 - Optimization centered on site: 8
 - Left boundaries taken from index: 8
 - Right boundaries taken from index: 9


 Initial ||Ax - b|| norm =  0.999999116908569

 ------------------------------------- 
 Iteration  | Rel. error estimate      
 ------------------------------------- 
    0          9.999991169085687e-01
    1          7.403845407026609e-01
    2          3.749968126409247e-01
    3          1.758795232693429e-01
    4          8.976708832344479e-02
    5          4.727641729199020e-02
    6          2.544707897415939e-02
    7          1.498119797582984e-02
    8          9.445188717020334e-03
    9          6.143804452541129e-03
   10          4.174081244045117e-03
   11          3.018004217510663e-03
   12          2.148354783059931e-03
   13          1.588113629177839e-03
   14          1.221899708147935e-03
   15          9.569534016698758e-04
   16          7.473031229914026e-04
   17          5.556520954976411e-04
   18          4.000672363719031e-04
   19          2.798035399107907e-04
   20          1.953458834597963e-04
   21          1.354544503305366e-04
   22          9.892474788037071e-05
   23          7.448437045733094e-05
   24          5.592327606540246e-05
   25          4.234368089563645e-05
   26          3.280186222647581e-05
   27          2.491338821841322e-05
   28          1.848890055696111e-05
   29          1.308524872476363e-05
   30          8.665660126310235e-06
   31          5.774863784173336e-06
   32          3.907977513939391e-06
   33          2.616140917822596e-06
   34          1.709818851304180e-06
   35          1.116066638011387e-06
   36          7.490315653235446e-07
   37          5.188769763508767e-07
   38          3.724481030029723e-07
   39          2.825000641994636e-07
   40          2.179358684828915e-07
   41          1.619988931590992e-07
   42          1.137829396765771e-07
   43          8.242865555718947e-08
   44          6.008556605989872e-08
   45          4.237780713934302e-08
   46          2.936306379892269e-08
   47          1.996693018088455e-08
   48          1.329605027627404e-08
 --------------------------------- 


 Final ||Ax - b|| norm =  0.000000008332326
 Final energy = 11011.635132412762687

 Bond dimension before truncation: 306
 Bond dimension after truncation: 51
 Updating left boundary for site 9

 MICROITERATION NUMBER = 9  , forward sweep
 - Optimization centered on site: 9
 - Left boundaries taken from index: 9
 - Right boundaries taken from index: 10


 Initial ||Ax - b|| norm =  0.999998890089770

 ------------------------------------- 
 Iteration  | Rel. error estimate      
 ------------------------------------- 
    0          9.999988900897702e-01
    1          6.493528562967427e-01
    2          3.128806417490707e-01
    3          1.743976221330343e-01
    4          1.047743358393270e-01
    5          6.766352463707925e-02
    6          4.468790652796624e-02
    7          2.914478942482992e-02
    8          1.877047358311274e-02
    9          1.245350092626267e-02
   10          8.782534827989637e-03
   11          6.201442732756088e-03
   12          4.308130333227066e-03
   13          3.254907894473425e-03
   14          2.500689345464643e-03
   15          2.024307398780991e-03
   16          1.640368894449635e-03
   17          1.349368997425911e-03
   18          1.120469230132590e-03
   19          9.141503642670608e-04
   20          6.846047183312132e-04
   21          5.000592524956375e-04
   22          3.672564976153249e-04
   23          2.807346108671842e-04
   24          2.125476362391018e-04
   25          1.735100152410296e-04
   26          1.322029795877373e-04
   27          1.035517145683509e-04
   28          8.168840607906765e-05
   29          6.586741617730492e-05
   30          5.509138877060754e-05
   31          4.528468304581635e-05
   32          3.633609602869065e-05
   33          2.973996818816271e-05
   34          2.401901941008458e-05
   35          1.947594081736254e-05
   36          1.592541419573961e-05
   37          1.259116276542404e-05
   38          9.389505973056453e-06
   39          7.058422732099529e-06
   40          5.153913955821975e-06
   41          3.803438236916892e-06
   42          2.843665873235000e-06
   43          2.019479083982315e-06
   44          1.462184012281114e-06
   45          1.074378790873276e-06
   46          7.952083149020945e-07
   47          5.951227236824869e-07
   48          4.386999251003291e-07
 --------------------------------- 


 Final ||Ax - b|| norm =  0.000000329699211
 Final energy = 11011.637054740122039

 Bond dimension before truncation: 306
 Bond dimension after truncation: 51
 Updating left boundary for site 10

 MICROITERATION NUMBER = 10  , forward sweep
 - Optimization centered on site: 10
 - Left boundaries taken from index: 10
 - Right boundaries taken from index: 11


 Initial ||Ax - b|| norm =  0.999998777507787

 ------------------------------------- 
 Iteration  | Rel. error estimate      
 ------------------------------------- 
    0          9.999987775077874e-01
    1          4.788608362861584e-01
    2          1.971256470960518e-01
    3          8.670432165060594e-02
    4          4.200665577479935e-02
    5          2.179589373617918e-02
    6          1.209888729416253e-02
    7          7.031189148153476e-03
    8          4.696122636088279e-03
    9          3.097196003718948e-03
   10          2.248926918333223e-03
   11          1.631272007258972e-03
   12          1.251859301721417e-03
   13          9.577783934020698e-04
   14          6.844510155739235e-04
   15          4.628540232464734e-04
   16          2.947508043399660e-04
   17          2.086230298510982e-04
   18          1.559289861503769e-04
   19          1.134339526193447e-04
   20          8.115026036781464e-05
   21          5.926060862206365e-05
   22          4.203195596261554e-05
   23          2.798546346361392e-05
   24          1.640719008734552e-05
   25          9.568052784916878e-06
   26          5.836731012785921e-06
   27          3.993950511515536e-06
   28          2.632167633320750e-06
   29          1.815901328731618e-06
   30          1.202230961207630e-06
   31          7.579204532037068e-07
   32          4.477019847612435e-07
   33          2.671992419885642e-07
   34          1.651683998411760e-07
   35          9.607709470904301e-08
   36          6.177483844993149e-08
   37          3.725488863421454e-08
   38          2.160374468902032e-08
   39          1.303956147523985e-08
   40          7.585862686173598e-09
   41          4.132538772834685e-09
   42          2.329583099350915e-09
   43          1.183083599231246e-09
   44          6.179843781522733e-10
   45          3.065449561528933e-10
   46          1.586502927212488e-10
 --------------------------------- 


 Final ||Ax - b|| norm =  0.000000000096176
 Final energy = 11011.637286892781049

 Bond dimension before truncation: 306
 Bond dimension after truncation: 51
 Updating left boundary for site 11

 MICROITERATION NUMBER = 11  , forward sweep
 - Optimization centered on site: 11
 - Left boundaries taken from index: 11
 - Right boundaries taken from index: 12


 Initial ||Ax - b|| norm =  0.999998776690353

 ------------------------------------- 
 Iteration  | Rel. error estimate      
 ------------------------------------- 
    0          9.999987766903534e-01
    1          4.650343533915244e-01
    2          1.700953271618579e-01
    3          5.983032815703844e-02
    4          2.570073161782284e-02
    5          1.382848675249102e-02
    6          7.184893835633873e-03
    7          3.983719216202137e-03
    8          2.229234074509257e-03
    9          1.328745123628641e-03
   10          8.518774335577079e-04
   11          5.814137200731283e-04
   12          3.957819298125875e-04
   13          2.605554630583438e-04
   14          1.591616503057450e-04
   15          9.833217836139592e-05
   16          6.200343131144699e-05
   17          3.882062631475153e-05
   18          2.082857372023627e-05
   19          1.039085305630777e-05
   20          5.081322017162971e-06
   21          2.628499225584081e-06
   22          1.539477415056749e-06
   23          1.034851163272268e-06
   24          6.840422653598535e-07
   25          4.342705950602683e-07
   26          2.613506157003026e-07
   27          1.542429629064128e-07
   28          9.258917501369575e-08
   29          5.609398126994803e-08
   30          3.706008650004440e-08
   31          2.927920054575224e-08
   32          2.503074197418057e-08
   33          2.057976685934750e-08
   34          1.355155749412847e-08
   35          7.742656790675934e-09
   36          4.617306348029107e-09
   37          2.985405575747328e-09
   38          2.072105942368759e-09
   39          1.417885736395939e-09
   40          1.066658172445672e-09
   41          7.122875905898390e-10
   42          3.515976214137918e-10
   43          1.679399726030893e-10
 --------------------------------- 


 Final ||Ax - b|| norm =  0.000000000086396
 Final energy = 11011.637286892808334

 Updating left boundary for site 12

 MICROITERATION NUMBER = 12  , backward sweep
 - Optimization centered on site: 11
 - Left boundaries taken from index: 11
 - Right boundaries taken from index: 12


 Initial ||Ax - b|| norm =  0.999998776690353

 ------------------------------------- 
 Iteration  | Rel. error estimate      
 ------------------------------------- 
    0          9.999987766903534e-01
    1          4.650343533915244e-01
    2          1.700953271618579e-01
    3          5.983032815703844e-02
    4          2.570073161782284e-02
    5          1.382848675249102e-02
    6          7.184893835633873e-03
    7          3.983719216202137e-03
    8          2.229234074509257e-03
    9          1.328745123628641e-03
   10          8.518774335577079e-04
   11          5.814137200731283e-04
   12          3.957819298125875e-04
   13          2.605554630583438e-04
   14          1.591616503057450e-04
   15          9.833217836139592e-05
   16          6.200343131144699e-05
   17          3.882062631475153e-05
   18          2.082857372023627e-05
   19          1.039085305630777e-05
   20          5.081322017162971e-06
   21          2.628499225584081e-06
   22          1.539477415056749e-06
   23          1.034851163272268e-06
   24          6.840422653598535e-07
   25          4.342705950602683e-07
   26          2.613506157003026e-07
   27          1.542429629064128e-07
   28          9.258917501369575e-08
   29          5.609398126994803e-08
   30          3.706008650004440e-08
   31          2.927920054575224e-08
   32          2.503074197418057e-08
   33          2.057976685934750e-08
   34          1.355155749412847e-08
   35          7.742656790675934e-09
   36          4.617306348029107e-09
   37          2.985405575747328e-09
   38          2.072105942368759e-09
   39          1.417885736395939e-09
   40          1.066658172445672e-09
   41          7.122875905898390e-10
   42          3.515976214137918e-10
   43          1.679399726030893e-10
 --------------------------------- 


 Final ||Ax - b|| norm =  0.000000000086396
 Final energy = 11011.637286892808334

 Bond dimension before truncation: 6
 Bond dimension after truncation: 6
 Updating right boundary for site 11

 MICROITERATION NUMBER = 13  , backward sweep
 - Optimization centered on site: 10
 - Left boundaries taken from index: 10
 - Right boundaries taken from index: 11


 Initial ||Ax - b|| norm =  0.999998777507788

 ------------------------------------- 
 Iteration  | Rel. error estimate      
 ------------------------------------- 
    0          9.999987775077880e-01
    1          4.788608362859146e-01
    2          1.971256470959548e-01
    3          8.670432165058994e-02
    4          4.200665577481214e-02
    5          2.179589373620070e-02
    6          1.209888729418260e-02
    7          7.031189148167287e-03
    8          4.696122636097938e-03
    9          3.097196003723943e-03
   10          2.248926918336302e-03
   11          1.631272007260766e-03
   12          1.251859301722135e-03
   13          9.577783934017710e-04
   14          6.844510155730567e-04
   15          4.628540232460206e-04
   16          2.947508043404252e-04
   17          2.086230298518970e-04
   18          1.559289861510007e-04
   19          1.134339526196109e-04
   20          8.115026036790514e-05
   21          5.926060862214309e-05
   22          4.203195596270957e-05
   23          2.798546346369499e-05
   24          1.640719008740628e-05
   25          9.568052784971837e-06
   26          5.836731012810923e-06
   27          3.993950511416522e-06
   28          2.632167632597820e-06
   29          1.815901327160509e-06
   30          1.202230960535803e-06
   31          7.579204530793968e-07
   32          4.477019847465477e-07
   33          2.671992419883796e-07
   34          1.651683998409493e-07
   35          9.607709470391465e-08
   36          6.177483844380135e-08
   37          3.725488863326166e-08
   38          2.160374468900815e-08
   39          1.303956147525960e-08
   40          7.585862686173028e-09
   41          4.132538772825204e-09
   42          2.329583099341616e-09
   43          1.183083599222052e-09
   44          6.179843781301942e-10
   45          3.065449560616923e-10
   46          1.586502925314376e-10
 --------------------------------- 


 Final ||Ax - b|| norm =  0.000000000096175
 Final energy = 11011.637286892791963

 Bond dimension before truncation: 36
 Bond dimension after truncation: 36
 Updating right boundary for site 10

 MICROITERATION NUMBER = 14  , backward sweep
 - Optimization centered on site: 9
 - Left boundaries taken from index: 9
 - Right boundaries taken from index: 10


 Initial ||Ax - b|| norm =  0.999998890089771

 ------------------------------------- 
 Iteration  | Rel. error estimate      
 ------------------------------------- 
    0          9.999988900897707e-01
    1          6.493528562960350e-01
    2          3.128806417485678e-01
    3          1.743976221327355e-01
    4          1.047743358391527e-01
    5          6.766352463697013e-02
    6          4.468790652789553e-02
    7          2.914478942478241e-02
    8          1.877047358307913e-02
    9          1.245350092623739e-02
   10          8.782534827969833e-03
   11          6.201442732740658e-03
   12          4.308130333215275e-03
   13          3.254907894463722e-03
   14          2.500689345456704e-03
   15          2.024307398774372e-03
   16          1.640368894444292e-03
   17          1.349368997421699e-03
   18          1.120469230129364e-03
   19          9.141503642650201e-04
   20          6.846047183330872e-04
   21          5.000592525230123e-04
   22          3.672564977733589e-04
   23          2.807346113588256e-04
   24          2.125476380924062e-04
   25          1.735100168544562e-04
   26          1.322029797889336e-04
   27          1.035517145930476e-04
   28          8.168840608879995e-05
   29          6.586741622797292e-05
   30          5.509138888357566e-05
   31          4.528468316276311e-05
   32          3.633609614674111e-05
   33          2.973996822290271e-05
   34          2.401901941357624e-05
   35          1.947594081765473e-05
   36          1.592541419575007e-05
   37          1.259116276569268e-05
   38          9.389505976275431e-06
   39          7.058422761848089e-06
   40          5.153914142365334e-06
   41          3.803438900604080e-06
   42          2.843666135712377e-06
   43          2.019479133204638e-06
   44          1.462184026436649e-06
   45          1.074378793779333e-06
   46          7.952083153255591e-07
   47          5.951227236993125e-07
   48          4.386999251427919e-07
 --------------------------------- 


 Final ||Ax - b|| norm =  0.000000329699224
 Final energy = 11011.637054740136591

 Bond dimension before truncation: 216
 Bond dimension after truncation: 51
 Updating right boundary for site 9

 MICROITERATION NUMBER = 15  , backward sweep
 - Optimization centered on site: 8
 - Left boundaries taken from index: 8
 - Right boundaries taken from index: 9


 Initial ||Ax - b|| norm =  0.999999116908571

 ------------------------------------- 
 Iteration  | Rel. error estimate      
 ------------------------------------- 
    0          9.999991169085708e-01
    1          7.403845409491618e-01
    2          3.749968129898909e-01
    3          1.758795235770779e-01
    4          8.976708847425151e-02
    5          4.727641730061177e-02
    6          2.544707893955614e-02
    7          1.498119796051088e-02
    8          9.445188700595165e-03
    9          6.143804441878656e-03
   10          4.174081235991537e-03
   11          3.018004214441426e-03
   12          2.148354779760189e-03
   13          1.588113625466205e-03
   14          1.221899705861563e-03
   15          9.569533991027743e-04
   16          7.473031204161867e-04
   17          5.556520948502853e-04
   18          4.000672351610891e-04
   19          2.798035385399505e-04
   20          1.953458825447824e-04
   21          1.354544498609579e-04
   22          9.892474738797580e-05
   23          7.448437009230091e-05
   24          5.592327589462604e-05
   25          4.234368076167323e-05
   26          3.280186208333333e-05
   27          2.491338811615859e-05
   28          1.848890046478321e-05
   29          1.308524862268128e-05
   30          8.665660050780219e-06
   31          5.774863753294305e-06
   32          3.907977492048304e-06
   33          2.616140887004214e-06
   34          1.709818835668909e-06
   35          1.116066627650952e-06
   36          7.490315568671404e-07
   37          5.188769729415452e-07
   38          3.724481010319474e-07
   39          2.825000623754125e-07
   40          2.179358667736445e-07
   41          1.619988916793956e-07
   42          1.137829387412796e-07
   43          8.242865476357208e-08
   44          6.008556550561945e-08
   45          4.237780685589718e-08
   46          2.936306355858446e-08
   47          1.996692992954336e-08
   48          1.329605000070812e-08
 --------------------------------- 


 Final ||Ax - b|| norm =  0.000000008332334
 Final energy = 11011.635132412800886

 Bond dimension before truncation: 306
 Bond dimension after truncation: 51
 Updating right boundary for site 8

 MICROITERATION NUMBER = 16  , backward sweep
 - Optimization centered on site: 7
 - Left boundaries taken from index: 7
 - Right boundaries taken from index: 8


 Initial ||Ax - b|| norm =  0.999999340866787

 ------------------------------------- 
 Iteration  | Rel. error estimate      
 ------------------------------------- 
    0          9.999993408667869e-01
    1          7.669265914593364e-01
    2          3.390148549750652e-01
    3          1.107931950695289e-01
    4          4.458157920535057e-02
    5          2.202756192552647e-02
    6          1.175276575350604e-02
    7          6.661686700873007e-03
    8          4.155233741962243e-03
    9          2.570222497862850e-03
   10          1.720808483953737e-03
   11          1.201199980321951e-03
   12          8.653048836462584e-04
   13          6.221710051505632e-04
   14          4.183205994521098e-04
   15          2.779546937645857e-04
   16          1.794221380545535e-04
   17          1.170957572572182e-04
   18          7.706777326413694e-05
   19          5.242198180550340e-05
   20          3.737880967505058e-05
   21          2.502468675035843e-05
   22          1.646238725650880e-05
   23          1.050946606269050e-05
   24          6.592302231030450e-06
   25          4.082002225879322e-06
   26          2.553069624198149e-06
   27          1.614340087189866e-06
   28          1.083019906853515e-06
   29          7.697206499221629e-07
   30          5.244794872085466e-07
   31          3.327914901466381e-07
   32          2.029644956462856e-07
   33          1.175510942747789e-07
   34          6.853000544859742e-08
   35          3.954544658655662e-08
   36          2.372554685269995e-08
   37          1.540187227924251e-08
   38          1.010160832032288e-08
   39          6.452692676675607e-09
   40          4.211800067864269e-09
   41          2.810539401866169e-09
   42          1.869806140733264e-09
   43          1.245017467464201e-09
   44          8.024313356406322e-10
   45          4.919669966808052e-10
   46          2.867681934876325e-10
   47          1.723564843809464e-10
   48          1.048196310651898e-10
 --------------------------------- 


 Final ||Ax - b|| norm =  0.000000000061574
 Final energy = 11011.635111880579643

 Bond dimension before truncation: 306
 Bond dimension after truncation: 51
 Updating right boundary for site 7

 MICROITERATION NUMBER = 17  , backward sweep
 - Optimization centered on site: 6
 - Left boundaries taken from index: 6
 - Right boundaries taken from index: 7


 Initial ||Ax - b|| norm =  0.999999634164841

 ------------------------------------- 
 Iteration  | Rel. error estimate      
 ------------------------------------- 
    0          9.999996341648409e-01
    1          6.688698233229672e-01
    2          2.613724708675634e-01
    3          9.392756135016968e-02
    4          4.030800516748578e-02
    5          1.970941788209829e-02
    6          1.065507742205729e-02
    7          5.832544761038333e-03
    8          3.340514288918767e-03
    9          2.012886903469867e-03
   10          1.314887894714512e-03
   11          9.200616774254569e-04
   12          6.581112602175183e-04
   13          4.547432522176702e-04
   14          3.010082097191701e-04
   15          1.891302306334788e-04
   16          1.110178904027056e-04
   17          6.806290981239411e-05
   18          4.518313431104750e-05
   19          3.071120793034137e-05
   20          2.115277727698457e-05
   21          1.393968540242942e-05
   22          8.641693311120741e-06
   23          5.365590965017649e-06
   24          3.264639521879205e-06
   25          1.872906211037732e-06
   26          1.074828653361226e-06
   27          6.369290539937956e-07
   28          4.166816537586010e-07
   29          2.815300397978008e-07
   30          1.784177081114005e-07
   31          1.014501030326877e-07
   32          5.567002410301722e-08
   33          3.200095493776364e-08
   34          1.885948196848025e-08
   35          1.105544922974196e-08
   36          6.484482765867638e-09
   37          3.786660024084796e-09
   38          2.330606837733118e-09
   39          1.493518067457610e-09
   40          9.571752046441112e-10
   41          6.211088208202706e-10
   42          4.055607216601597e-10
   43          2.566559531169252e-10
   44          1.550334503766414e-10
 --------------------------------- 


 Final ||Ax - b|| norm =  0.000000000090167
 Final energy = 11011.641552521839913

 Bond dimension before truncation: 306
 Bond dimension after truncation: 51
 Updating right boundary for site 6

 MICROITERATION NUMBER = 18  , backward sweep
 - Optimization centered on site: 5
 - Left boundaries taken from index: 5
 - Right boundaries taken from index: 6


 Initial ||Ax - b|| norm =  0.999999855325707

 ------------------------------------- 
 Iteration  | Rel. error estimate      
 ------------------------------------- 
    0          9.999998553257072e-01
    1          5.485354856380207e-01
    2          2.017444497406525e-01
    3          7.096173439705079e-02
    4          3.021778699135592e-02
    5          1.425553679280222e-02
    6          6.955647402854022e-03
    7          3.671996564703826e-03
    8          2.159265352596449e-03
    9          1.308925947899066e-03
   10          8.574589175271750e-04
   11          6.093022278804395e-04
   12          4.268727887808926e-04
   13          2.911753309687532e-04
   14          1.853449657559768e-04
   15          1.080396320334360e-04
   16          6.402233850266995e-05
   17          4.289931312866210e-05
   18          2.920067690712845e-05
   19          1.987912696042017e-05
   20          1.349858337479355e-05
   21          8.198539246423515e-06
   22          4.983993496185016e-06
   23          3.247959170714513e-06
   24          1.958745688626597e-06
   25          1.159306645950346e-06
   26          6.705519846588116e-07
   27          4.148342975829874e-07
   28          2.680266756326356e-07
   29          1.728369198268575e-07
   30          1.012126567238525e-07
   31          5.612819733633565e-08
   32          3.184822294546024e-08
   33          1.867938050277149e-08
   34          1.118233144247791e-08
   35          6.523793274210326e-09
   36          3.819255906818929e-09
   37          2.309106319176487e-09
   38          1.403983102567990e-09
   39          8.384529481979610e-10
   40          5.084235074460241e-10
   41          3.065402249546755e-10
   42          1.871678033895991e-10
   43          1.146392962557795e-10
 --------------------------------- 


 Final ||Ax - b|| norm =  0.000000000071103
 Final energy = 11011.646278733829604

 Bond dimension before truncation: 306
 Bond dimension after truncation: 51
 Updating right boundary for site 5

 MICROITERATION NUMBER = 19  , backward sweep
 - Optimization centered on site: 4
 - Left boundaries taken from index: 4
 - Right boundaries taken from index: 5


 Initial ||Ax - b|| norm =  0.999999970380303

 ------------------------------------- 
 Iteration  | Rel. error estimate      
 ------------------------------------- 
    0          9.999999703803027e-01
    1          4.882118527574569e-01
    2          1.721556280940195e-01
    3          6.040269403740790e-02
    4          2.621897981596609e-02
    5          1.141292008141316e-02
    6          5.603464195333260e-03
    7          3.018514247940550e-03
    8          1.597910660226767e-03
    9          9.006163166806626e-04
   10          5.478182483004602e-04
   11          3.431082617795769e-04
   12          2.176775143512936e-04
   13          1.429679057187413e-04
   14          9.381934928089322e-05
   15          5.694894305427407e-05
   16          3.070081673391916e-05
   17          1.709932768272927e-05
   18          1.001708497429683e-05
   19          6.222226064599877e-06
   20          4.015643165630136e-06
   21          2.564117372570100e-06
   22          1.650162840977401e-06
   23          1.094677748543998e-06
   24          7.271755107576544e-07
   25          4.558819272094826e-07
   26          2.657398860537468e-07
   27          1.663014193081535e-07
   28          1.093339592896935e-07
   29          7.438118958346743e-08
   30          4.583208025976905e-08
   31          2.670977260953080e-08
   32          1.488990435900408e-08
   33          8.408075161369596e-09
   34          4.669009180771790e-09
   35          2.714194254634795e-09
   36          1.661608973360487e-09
   37          1.075389001926270e-09
   38          6.776086067302645e-10
   39          4.062791912729820e-10
   40          2.350720650227302e-10
   41          1.380802637357363e-10
 --------------------------------- 


 Final ||Ax - b|| norm =  0.000000000082233
 Final energy = 11011.648383913621728

 Bond dimension before truncation: 306
 Bond dimension after truncation: 51
 Updating right boundary for site 4

 MICROITERATION NUMBER = 20  , backward sweep
 - Optimization centered on site: 3
 - Left boundaries taken from index: 3
 - Right boundaries taken from index: 4


 Initial ||Ax - b|| norm =  0.999999998815719

 ------------------------------------- 
 Iteration  | Rel. error estimate      
 ------------------------------------- 
    0          9.999999988157189e-01
    1          4.592029328372222e-01
    2          1.561945120850796e-01
    3          5.597389513070958e-02
    4          2.452500129136151e-02
    5          1.045046965460261e-02
    6          5.007130225635947e-03
    7          2.543712016206294e-03
    8          1.369240384735442e-03
    9          7.698470699948432e-04
   10          4.558325594383295e-04
   11          2.773510382840486e-04
   12          1.616520282177050e-04
   13          9.773329006176045e-05
   14          6.451631895527215e-05
   15          3.912680022582409e-05
   16          2.092712488668513e-05
   17          1.094646484202088e-05
   18          6.019137858401707e-06
   19          3.221426453600031e-06
   20          1.835982511814210e-06
   21          1.067401881792932e-06
   22          6.711038236682936e-07
   23          4.264702320823103e-07
   24          2.569175615518921e-07
   25          1.330873008741405e-07
   26          6.724158009176048e-08
   27          3.651626769783888e-08
   28          2.196487614775422e-08
   29          1.464685830031025e-08
   30          9.416663437581708e-09
   31          5.530879728835058e-09
   32          3.042797654976529e-09
   33          1.588176503603678e-09
   34          8.426952542766151e-10
   35          4.893936826184365e-10
   36          3.082371513036344e-10
   37          2.026738028608739e-10
   38          1.295784014879082e-10
 --------------------------------- 


 Final ||Ax - b|| norm =  0.000000000081408
 Final energy = 11011.649431486926915

 Bond dimension before truncation: 306
 Bond dimension after truncation: 51
 Updating right boundary for site 3

 MICROITERATION NUMBER = 21  , backward sweep
 - Optimization centered on site: 2
 - Left boundaries taken from index: 2
 - Right boundaries taken from index: 3


 Initial ||Ax - b|| norm =  0.999999999998754

 ------------------------------------- 
 Iteration  | Rel. error estimate      
 ------------------------------------- 
    0          9.999999999987541e-01
    1          3.437604900542667e-02
    2          8.914265956291424e-03
    3          3.278428058329972e-03
    4          1.378182010872762e-03
    5          7.429651526744811e-04
    6          4.956357135443567e-04
    7          3.485620152528651e-04
    8          2.372152100854130e-04
    9          1.428577972087854e-04
   10          7.960555750077381e-05
   11          4.398695033637112e-05
   12          2.806663780071204e-05
   13          1.896123734664226e-05
   14          1.216949954191602e-05
   15          7.443840327234538e-06
   16          4.361797222394304e-06
   17          2.521444838143481e-06
   18          1.398191744104008e-06
   19          7.039967954529081e-07
   20          3.497699277903291e-07
   21          1.854698263138678e-07
   22          1.046158461238636e-07
   23          6.093557394915064e-08
   24          3.678827643654985e-08
   25          2.221642230416888e-08
   26          1.354537574716861e-08
   27          8.155420513311863e-09
   28          4.922102625132936e-09
   29          2.887706553550394e-09
   30          1.627345028715275e-09
   31          9.171116521384449e-10
   32          5.251940825977700e-10
   33          2.878298065225236e-10
   34          1.655490933315970e-10
   35          1.059900667548436e-10
 --------------------------------- 


 Final ||Ax - b|| norm =  0.000000000068029
 Final energy = 11011.652645972319078

 Bond dimension before truncation: 306
 Bond dimension after truncation: 51
 Updating right boundary for site 2

 MICROITERATION NUMBER = 22  , backward sweep
 - Optimization centered on site: 1
 - Left boundaries taken from index: 1
 - Right boundaries taken from index: 2


 Initial ||Ax - b|| norm =  0.999999999998736

 ------------------------------------- 
 Iteration  | Rel. error estimate      
 ------------------------------------- 
    0          9.999999999987356e-01
    1          1.386520446477371e-03
    2          8.808583790402952e-04
    3          5.992614030275588e-04
    4          3.066175082960438e-04
    5          1.803694748288931e-04
    6          1.107045039646851e-04
    7          5.833560013251425e-05
    8          3.469574148867946e-05
    9          2.126975523107664e-05
   10          1.317504125431801e-05
   11          8.735485433567284e-06
   12          4.447093586175609e-06
   13          2.111193684976288e-06
   14          1.050318677413109e-06
   15          5.611244374034549e-07
   16          2.977905593216769e-07
   17          1.529360195745203e-07
   18          7.910314953848694e-08
   19          4.049100588655292e-08
   20          2.242077690027035e-08
   21          1.404117308204771e-08
   22          8.515954455050703e-09
   23          4.858339976665937e-09
   24          2.496166801108555e-09
   25          1.215781662578991e-09
   26          5.479825327489753e-10
   27          3.075497901843619e-10
   28          1.887529918504208e-10
   29          1.051327182202872e-10
 --------------------------------- 


 Final ||Ax - b|| norm =  0.000000000055897
 Final energy = 11011.652659338533340

 Bond dimension before truncation: 306
 Bond dimension after truncation: 51
 Updating right boundary for site 1

 MICROITERATION NUMBER = 23  , backward sweep
 - Optimization centered on site: 0
 - Left boundaries taken from index: 0
 - Right boundaries taken from index: 1


 Initial ||Ax - b|| norm =  0.999999999998729

 ------------------------------------- 
 Iteration  | Rel. error estimate      
 ------------------------------------- 
    0          9.999999999987288e-01
    1          1.050821929551181e-03
    2          6.735431006294747e-04
    3          3.344552822547421e-04
    4          1.860478103454759e-04
    5          8.883456228151948e-05
    6          5.145832432768351e-05
    7          2.621289407342397e-05
    8          1.619897396376402e-05
    9          9.945935257681446e-06
   10          4.454888144337711e-06
   11          1.992858908704198e-06
   12          8.483787967231807e-07
   13          4.296391000889703e-07
   14          1.978447403787236e-07
   15          9.571881420211694e-08
   16          4.566203514859282e-08
   17          2.572817886169728e-08
   18          1.369940889746606e-08
   19          8.501312672113419e-09
   20          3.821049290711125e-09
   21          1.618306279507146e-09
   22          7.049744248034973e-10
   23          3.897358804158316e-10
   24          2.158799094557561e-10
   25          1.131177671288673e-10
 --------------------------------- 


 Final ||Ax - b|| norm =  0.000000000059357
 Final energy = 11011.652659347220833

 Updating right boundary for site 0


 SWEEP NUMBER 3
 ----------------
 - Noise parameter: 0.0000000100
 - Maximum bond dimension: 50
 - Truncation parameter: 0.0000000000

 MICROITERATION NUMBER = 0  , forward sweep
 - Optimization centered on site: 0
 - Left boundaries taken from index: 0
 - Right boundaries taken from index: 1


 Initial ||Ax - b|| norm =  0.999999999998729

 ------------------------------------- 
 Iteration  | Rel. error estimate      
 ------------------------------------- 
    0          9.999999999987288e-01
    1          1.050821929551181e-03
    2          6.735431006294747e-04
    3          3.344552822547421e-04
    4          1.860478103454759e-04
    5          8.883456228151948e-05
    6          5.145832432768351e-05
    7          2.621289407342397e-05
    8          1.619897396376402e-05
    9          9.945935257681446e-06
   10          4.454888144337711e-06
   11          1.992858908704198e-06
   12          8.483787967231807e-07
   13          4.296391000889703e-07
   14          1.978447403787236e-07
   15          9.571881420211694e-08
   16          4.566203514859282e-08
   17          2.572817886169728e-08
   18          1.369940889746606e-08
   19          8.501312672113419e-09
   20          3.821049290711125e-09
   21          1.618306279507146e-09
   22          7.049744248034973e-10
   23          3.897358804158316e-10
   24          2.158799094557561e-10
   25          1.131177671288673e-10
 --------------------------------- 


 Final ||Ax - b|| norm =  0.000000000059357
 Final energy = 11011.652659347220833

 Bond dimension before truncation: 6
 Bond dimension after truncation: 6
 Updating left boundary for site 1

 MICROITERATION NUMBER = 1  , forward sweep
 - Optimization centered on site: 1
 - Left boundaries taken from index: 1
 - Right boundaries taken from index: 2


 Initial ||Ax - b|| norm =  0.999999999998735

 ------------------------------------- 
 Iteration  | Rel. error estimate      
 ------------------------------------- 
    0          9.999999999987351e-01
    1          1.386520446473061e-03
    2          8.808583790375510e-04
    3          5.992614030279258e-04
    4          3.066175082903037e-04
    5          1.803694748221880e-04
    6          1.107045039609736e-04
    7          5.833560012991404e-05
    8          3.469574148673180e-05
    9          2.126975523011320e-05
   10          1.317504125376925e-05
   11          8.735485433234119e-06
   12          4.447093586099929e-06
   13          2.111193684988247e-06
   14          1.050318677451323e-06
   15          5.611244374502432e-07
   16          2.977905593667667e-07
   17          1.529360196144172e-07
   18          7.910314957381554e-08
   19          4.049100591895223e-08
   20          2.242077692776714e-08
   21          1.404117310089253e-08
   22          8.515954465147920e-09
   23          4.858339980885678e-09
   24          2.496166802474706e-09
   25          1.215781663019373e-09
   26          5.479825329424042e-10
   27          3.075497903110012e-10
   28          1.887529919162042e-10
   29          1.051327182396698e-10
 --------------------------------- 


 Final ||Ax - b|| norm =  0.000000000055894
 Final energy = 11011.652659338520607

 Bond dimension before truncation: 36
 Bond dimension after truncation: 36
 Updating left boundary for site 2

 MICROITERATION NUMBER = 2  , forward sweep
 - Optimization centered on site: 2
 - Left boundaries taken from index: 2
 - Right boundaries taken from index: 3


 Initial ||Ax - b|| norm =  0.999999999998753

 ------------------------------------- 
 Iteration  | Rel. error estimate      
 ------------------------------------- 
    0          9.999999999987526e-01
    1          3.437604900548943e-02
    2          8.914265956306204e-03
    3          3.278428058333962e-03
    4          1.378182010873730e-03
    5          7.429651526745938e-04
    6          4.956357135440176e-04
    7          3.485620152519193e-04
    8          2.372152100838108e-04
    9          1.428577972069799e-04
   10          7.960555749920597e-05
   11          4.398695033514487e-05
   12          2.806663779986624e-05
   13          1.896123734619031e-05
   14          1.216949954176189e-05
   15          7.443840327197643e-06
   16          4.361797222393128e-06
   17          2.521444838162029e-06
   18          1.398191744132993e-06
   19          7.039967954857668e-07
   20          3.497699278272901e-07
   21          1.854698263535341e-07
   22          1.046158461622386e-07
   23          6.093557398365085e-08
   24          3.678827646425814e-08
   25          2.221642232441660e-08
   26          1.354537576042880e-08
   27          8.155420521136545e-09
   28          4.922102629469547e-09
   29          2.887706555733582e-09
   30          1.627345029708211e-09
   31          9.171116525647485e-10
   32          5.251940827272495e-10
   33          2.878298064679092e-10
   34          1.655490931557673e-10
   35          1.059900665391392e-10
 --------------------------------- 


 Final ||Ax - b|| norm =  0.000000000068028
 Final energy = 11011.652645972271785

 Bond dimension before truncation: 216
 Bond dimension after truncation: 51
 Updating left boundary for site 3

 MICROITERATION NUMBER = 3  , forward sweep
 - Optimization centered on site: 3
 - Left boundaries taken from index: 3
 - Right boundaries taken from index: 4


 Initial ||Ax - b|| norm =  0.999999998815719

 ------------------------------------- 
 Iteration  | Rel. error estimate      
 ------------------------------------- 
    0          9.999999988157185e-01
    1          4.592029324973811e-01
    2          1.561945118885157e-01
    3          5.597389505250771e-02
    4          2.452500123625188e-02
    5          1.045046966673755e-02
    6          5.007130237774616e-03
    7          2.543712028242369e-03
    8          1.369240394545689e-03
    9          7.698470735062343e-04
   10          4.558325617656308e-04
   11          2.773510392579299e-04
   12          1.616520289069427e-04
   13          9.773329048034588e-05
   14          6.451631904806866e-05
   15          3.912680034259755e-05
   16          2.092712496266306e-05
   17          1.094646488194617e-05
   18          6.019137891577046e-06
   19          3.221426467819782e-06
   20          1.835982520606488e-06
   21          1.067401889860202e-06
   22          6.711038275064802e-07
   23          4.264702344476425e-07
   24          2.569175628132594e-07
   25          1.330873010130189e-07
   26          6.724158006188449e-08
   27          3.651626770511516e-08
   28          2.196487601945405e-08
   29          1.464685810612484e-08
   30          9.416663279878771e-09
   31          5.530879591513101e-09
   32          3.042797563416140e-09
   33          1.588176447105656e-09
   34          8.426952103674846e-10
   35          4.893936466578496e-10
   36          3.082371261399908e-10
   37          2.026738009106974e-10
   38          1.295784491614351e-10
 --------------------------------- 


 Final ||Ax - b|| norm =  0.000000000081398
 Final energy = 11011.649431486906906

 Bond dimension before truncation: 306
 Bond dimension after truncation: 51
 Updating left boundary for site 4

 MICROITERATION NUMBER = 4  , forward sweep
 - Optimization centered on site: 4
 - Left boundaries taken from index: 4
 - Right boundaries taken from index: 5


 Initial ||Ax - b|| norm =  0.999999970380308

 ------------------------------------- 
 Iteration  | Rel. error estimate      
 ------------------------------------- 
    0          9.999999703803077e-01
    1          4.882118546353073e-01
    2          1.721556298454037e-01
    3          6.040269480676411e-02
    4          2.621898025729156e-02
    5          1.141292016263755e-02
    6          5.603464227244302e-03
    7          3.018514281058835e-03
    8          1.597910683412110e-03
    9          9.006163316563614e-04
   10          5.478182606474270e-04
   11          3.431082700257948e-04
   12          2.176775189426772e-04
   13          1.429679078240752e-04
   14          9.381934969487324e-05
   15          5.694894217243238e-05
   16          3.070081630736963e-05
   17          1.709932723453903e-05
   18          1.001708465356684e-05
   19          6.222225981998861e-06
   20          4.015643142940973e-06
   21          2.564117343009548e-06
   22          1.650162834372498e-06
   23          1.094677753622529e-06
   24          7.271755160715434e-07
   25          4.558819341894306e-07
   26          2.657398961415160e-07
   27          1.663014259744223e-07
   28          1.093339643039663e-07
   29          7.438119307015939e-08
   30          4.583208295788308e-08
   31          2.670977381167805e-08
   32          1.488990484607194e-08
   33          8.408075335062207e-09
   34          4.669009299014806e-09
   35          2.714194319789332e-09
   36          1.661609016915506e-09
   37          1.075389047513885e-09
   38          6.776086469285432e-10
   39          4.062792097763273e-10
   40          2.350720715126156e-10
   41          1.380802673958497e-10
 --------------------------------- 


 Final ||Ax - b|| norm =  0.000000000082231
 Final energy = 11011.648383913636280

 Bond dimension before truncation: 306
 Bond dimension after truncation: 51
 Updating left boundary for site 5

 MICROITERATION NUMBER = 5  , forward sweep
 - Optimization centered on site: 5
 - Left boundaries taken from index: 5
 - Right boundaries taken from index: 6


 Initial ||Ax - b|| norm =  0.999999855325710

 ------------------------------------- 
 Iteration  | Rel. error estimate      
 ------------------------------------- 
    0          9.999998553257102e-01
    1          5.485354847805133e-01
    2          2.017444495641563e-01
    3          7.096173391418992e-02
    4          3.021778667336448e-02
    5          1.425553657215616e-02
    6          6.955647276537395e-03
    7          3.671996524456633e-03
    8          2.159265336533573e-03
    9          1.308925949324724e-03
   10          8.574589205576633e-04
   11          6.093022276893961e-04
   12          4.268727885737918e-04
   13          2.911753309519749e-04
   14          1.853449635403223e-04
   15          1.080396305369448e-04
   16          6.402233858362687e-05
   17          4.289931324803004e-05
   18          2.920067658961871e-05
   19          1.987912653916932e-05
   20          1.349858305683176e-05
   21          8.198539072022435e-06
   22          4.983993460177493e-06
   23          3.247959192174824e-06
   24          1.958745680283406e-06
   25          1.159306629079392e-06
   26          6.705519861212114e-07
   27          4.148343006173192e-07
   28          2.680266767518943e-07
   29          1.728369205477242e-07
   30          1.012126588996198e-07
   31          5.612819894461850e-08
   32          3.184822527461714e-08
   33          1.867938306647075e-08
   34          1.118233326960369e-08
   35          6.523794397665179e-09
   36          3.819256456476447e-09
   37          2.309106574136476e-09
   38          1.403983246090633e-09
   39          8.384530276319128e-10
   40          5.084235313294609e-10
   41          3.065402267853087e-10
   42          1.871678018313811e-10
   43          1.146392947898323e-10
 --------------------------------- 


 Final ||Ax - b|| norm =  0.000000000071113
 Final energy = 11011.646278733916915

 Bond dimension before truncation: 306
 Bond dimension after truncation: 51
 Updating left boundary for site 6

 MICROITERATION NUMBER = 6  , forward sweep
 - Optimization centered on site: 6
 - Left boundaries taken from index: 6
 - Right boundaries taken from index: 7


 Initial ||Ax - b|| norm =  0.999999634164843

 ------------------------------------- 
 Iteration  | Rel. error estimate      
 ------------------------------------- 
    0          9.999996341648434e-01
    1          6.688698271628853e-01
    2          2.613724765078899e-01
    3          9.392756478748142e-02
    4          4.030800640125536e-02
    5          1.970941830240118e-02
    6          1.065507795270201e-02
    7          5.832545224122168e-03
    8          3.340514669995360e-03
    9          2.012887237538563e-03
   10          1.314888135544292e-03
   11          9.200618392852931e-04
   12          6.581113782736998e-04
   13          4.547433431913401e-04
   14          3.010082647850886e-04
   15          1.891302565253705e-04
   16          1.110179040510984e-04
   17          6.806291857566234e-05
   18          4.518314108847560e-05
   19          3.071121297203894e-05
   20          2.115278032883297e-05
   21          1.393968758021171e-05
   22          8.641694088481054e-06
   23          5.365591192133301e-06
   24          3.264639490459922e-06
   25          1.872906199892790e-06
   26          1.074828663247774e-06
   27          6.369290586392173e-07
   28          4.166816667750559e-07
   29          2.815300520016907e-07
   30          1.784176980472469e-07
   31          1.014500819021420e-07
   32          5.567000861210016e-08
   33          3.200094708897485e-08
   34          1.885948010114296e-08
   35          1.105544840309445e-08
   36          6.484482191334713e-09
   37          3.786659668815855e-09
   38          2.330606350984708e-09
   39          1.493517639796414e-09
   40          9.571749678866999e-10
   41          6.211086758062372e-10
   42          4.055606304282670e-10
   43          2.566559070786391e-10
   44          1.550334282398610e-10
 --------------------------------- 


 Final ||Ax - b|| norm =  0.000000000090181
 Final energy = 11011.641552521356061

 Bond dimension before truncation: 306
 Bond dimension after truncation: 51
 Updating left boundary for site 7

 MICROITERATION NUMBER = 7  , forward sweep
 - Optimization centered on site: 7
 - Left boundaries taken from index: 7
 - Right boundaries taken from index: 8


 Initial ||Ax - b|| norm =  0.999999340866816

 ------------------------------------- 
 Iteration  | Rel. error estimate      
 ------------------------------------- 
    0          9.999993408668160e-01
    1          7.669265909730377e-01
    2          3.390148545464985e-01
    3          1.107931958910723e-01
    4          4.458157970021130e-02
    5          2.202756244861282e-02
    6          1.175276679217498e-02
    7          6.661687937734526e-03
    8          4.155234720669624e-03
    9          2.570223142999047e-03
   10          1.720808876773675e-03
   11          1.201200196014597e-03
   12          8.653050490495066e-04
   13          6.221711162428366e-04
   14          4.183206837858568e-04
   15          2.779547492564733e-04
   16          1.794221749585949e-04
   17          1.170957848117260e-04
   18          7.706779179758523e-05
   19          5.242199797764859e-05
   20          3.737882130803832e-05
   21          2.502469159714408e-05
   22          1.646238771046142e-05
   23          1.050946491992445e-05
   24          6.592301419558138e-06
   25          4.082001880891371e-06
   26          2.553069460374488e-06
   27          1.614340254070249e-06
   28          1.083020223378563e-06
   29          7.697209261314526e-07
   30          5.244796402757751e-07
   31          3.327915485387147e-07
   32          2.029645181608317e-07
   33          1.175510959072443e-07
   34          6.853000117020629e-08
   35          3.954544268141081e-08
   36          2.372554698620505e-08
   37          1.540187587743802e-08
   38          1.010161169728197e-08
   39          6.452694627334981e-09
   40          4.211800680987446e-09
   41          2.810539267503684e-09
   42          1.869805832018197e-09
   43          1.245017323361606e-09
   44          8.024314175366428e-10
   45          4.919671605136511e-10
   46          2.867683390993313e-10
   47          1.723565888711815e-10
   48          1.048196958519795e-10
 --------------------------------- 


 Final ||Ax - b|| norm =  0.000000000061556
 Final energy = 11011.635111878995303

 Bond dimension before truncation: 306
 Bond dimension after truncation: 51
 Updating left boundary for site 8

 MICROITERATION NUMBER = 8  , forward sweep
 - Optimization centered on site: 8
 - Left boundaries taken from index: 8
 - Right boundaries taken from index: 9


 Initial ||Ax - b|| norm =  0.999999116908585

 ------------------------------------- 
 Iteration  | Rel. error estimate      
 ------------------------------------- 
    0          9.999991169085851e-01
    1          7.403845383646471e-01
    2          3.749968098639423e-01
    3          1.758795223532479e-01
    4          8.976708828781427e-02
    5          4.727641757866579e-02
    6          2.544707958916897e-02
    7          1.498119882780706e-02
    8          9.445189593667563e-03
    9          6.143805198608601e-03
   10          4.174081830226780e-03
   11          3.018004676691986e-03
   12          2.148355129115227e-03
   13          1.588113897923060e-03
   14          1.221899922355939e-03
   15          9.569535644656836e-04
   16          7.473032435323109e-04
   17          5.556521873192366e-04
   18          4.000673128636176e-04
   19          2.798036051499571e-04
   20          1.953459336759189e-04
   21          1.354544843557691e-04
   22          9.892476835097963e-05
   23          7.448438151887300e-05
   24          5.592328199466270e-05
   25          4.234368478977898e-05
   26          3.280186555377707e-05
   27          2.491339158979380e-05
   28          1.848890345776824e-05
   29          1.308525047589970e-05
   30          8.665660983220656e-06
   31          5.774864288377011e-06
   32          3.907977866466924e-06
   33          2.616141157974622e-06
   34          1.709819005525991e-06
   35          1.116066740462244e-06
   36          7.490316329152504e-07
   37          5.188770228554233e-07
   38          3.724481386029251e-07
   39          2.825000897027836e-07
   40          2.179358815063577e-07
   41          1.619988963038659e-07
   42          1.137829417305163e-07
   43          8.242866023168960e-08
   44          6.008557211355744e-08
   45          4.237781314929250e-08
   46          2.936306891686948e-08
   47          1.996693408617584e-08
   48          1.329605308574651e-08
 --------------------------------- 


 Final ||Ax - b|| norm =  0.000000008332334
 Final energy = 11011.635132411307495

 Bond dimension before truncation: 306
 Bond dimension after truncation: 51
 Updating left boundary for site 9

 MICROITERATION NUMBER = 9  , forward sweep
 - Optimization centered on site: 9
 - Left boundaries taken from index: 9
 - Right boundaries taken from index: 10


 Initial ||Ax - b|| norm =  0.999998890089791

 ------------------------------------- 
 Iteration  | Rel. error estimate      
 ------------------------------------- 
    0          9.999988900897908e-01
    1          6.493528532619937e-01
    2          3.128806421395172e-01
    3          1.743976235787400e-01
    4          1.047743371893897e-01
    5          6.766352578468625e-02
    6          4.468790743091620e-02
    7          2.914479006151051e-02
    8          1.877047401536903e-02
    9          1.245350125379055e-02
   10          8.782535126590276e-03
   11          6.201443026246559e-03
   12          4.308130649849793e-03
   13          3.254908249147161e-03
   14          2.500689740070019e-03
   15          2.024307814811297e-03
   16          1.640369304257523e-03
   17          1.349369365219977e-03
   18          1.120469547404717e-03
   19          9.141506940548565e-04
   20          6.846057151506795e-04
   21          5.000662099263571e-04
   22          3.672947335178734e-04
   23          2.808523210612802e-04
   24          2.129832930627630e-04
   25          1.738731281863089e-04
   26          1.322469510811176e-04
   27          1.035564407249240e-04
   28          8.168878954477061e-05
   29          6.586985293409980e-05
   30          5.509755742166649e-05
   31          4.529148797000735e-05
   32          3.634349596906921e-05
   33          2.974229396084524e-05
   34          2.401928216487549e-05
   35          1.947597364281304e-05
   36          1.592542048764703e-05
   37          1.259116963679372e-05
   38          9.389557310520249e-06
   39          7.058883114411513e-06
   40          5.156784539600957e-06
   41          3.813464746755982e-06
   42          2.847521493233943e-06
   43          2.020198013356277e-06
   44          1.462397794765556e-06
   45          1.074427658258575e-06
   46          7.952175866849370e-07
   47          5.951236450641579e-07
   48          4.386999479289251e-07
 --------------------------------- 


 Final ||Ax - b|| norm =  0.000000329699235
 Final energy = 11011.637054738621373

 Bond dimension before truncation: 306
 Bond dimension after truncation: 51
 Updating left boundary for site 10

 MICROITERATION NUMBER = 10  , forward sweep
 - Optimization centered on site: 10
 - Left boundaries taken from index: 10
 - Right boundaries taken from index: 11


 Initial ||Ax - b|| norm =  0.999998777507808

 ------------------------------------- 
 Iteration  | Rel. error estimate      
 ------------------------------------- 
    0          9.999987775078077e-01
    1          4.788608341217004e-01
    2          1.971256493658708e-01
    3          8.670432405536696e-02
    4          4.200665722190445e-02
    5          2.179589445382200e-02
    6          1.209888763464277e-02
    7          7.031189325763610e-03
    8          4.696122736552651e-03
    9          3.097196096694540e-03
   10          2.248927044346530e-03
   11          1.631272185213668e-03
   12          1.251859502801630e-03
   13          9.577785795490502e-04
   14          6.844511515293724e-04
   15          4.628540997185035e-04
   16          2.947508368556090e-04
   17          2.086230457974615e-04
   18          1.559289973911762e-04
   19          1.134339608054621e-04
   20          8.115026459714096e-05
   21          5.926060892695458e-05
   22          4.203195203232716e-05
   23          2.798545805921036e-05
   24          1.640718292582737e-05
   25          9.568036006661522e-06
   26          5.836656138887774e-06
   27          3.993667995360303e-06
   28          2.630819146120503e-06
   29          1.813066639987931e-06
   30          1.201000780434991e-06
   31          7.576879096027836e-07
   32          4.476750306217964e-07
   33          2.672012795889534e-07
   34          1.651739549555447e-07
   35          9.609322152139123e-08
   36          6.179028474524282e-08
   37          3.725726244040135e-08
   38          2.160389047331260e-08
   39          1.303955938532990e-08
   40          7.585856687047505e-09
   41          4.132537126780191e-09
   42          2.329585820943636e-09
   43          1.183103582063496e-09
   44          6.180885485164960e-10
   45          3.070603847797769e-10
   46          1.596966550573329e-10
 --------------------------------- 


 Final ||Ax - b|| norm =  0.000000000096624
 Final energy = 11011.637286891258555

 Bond dimension before truncation: 306
 Bond dimension after truncation: 51
 Updating left boundary for site 11

 MICROITERATION NUMBER = 11  , forward sweep
 - Optimization centered on site: 11
 - Left boundaries taken from index: 11
 - Right boundaries taken from index: 12


 Initial ||Ax - b|| norm =  0.999998776801643

 ------------------------------------- 
 Iteration  | Rel. error estimate      
 ------------------------------------- 
    0          9.999987768016428e-01
    1          4.641703214253102e-01
    2          1.692041172838461e-01
    3          5.992470007087074e-02
    4          2.588563677775864e-02
    5          1.383176056137304e-02
    6          7.069286987298577e-03
    7          3.936511615917706e-03
    8          2.215992575856634e-03
    9          1.328555176474467e-03
   10          8.732111266074285e-04
   11          6.037122279538462e-04
   12          4.138201614500816e-04
   13          2.694513086054057e-04
   14          1.630641838741569e-04
   15          9.947751058116616e-05
   16          6.161180836395087e-05
   17          3.945908379170549e-05
   18          2.203620648809643e-05
   19          1.002715230507989e-05
   20          4.928597196356874e-06
   21          2.489620894254303e-06
   22          1.336585706732972e-06
   23          7.807920965959889e-07
   24          5.169760876086175e-07
   25          3.505597151993546e-07
   26          2.368332810777750e-07
   27          1.662649539307864e-07
   28          1.200917617862499e-07
   29          9.066690760248168e-08
   30          7.236452194728600e-08
   31          5.975468764401983e-08
   32          4.754253238624482e-08
   33          3.054746659099773e-08
   34          1.493764039735043e-08
   35          7.449770808495461e-09
   36          3.538156086820820e-09
   37          1.977633612857788e-09
   38          1.262869327508546e-09
   39          8.022621507488333e-10
   40          5.571287851815976e-10
   41          4.195327310820597e-10
   42          2.732328939223877e-10
   43          1.526881624158364e-10
 --------------------------------- 


 Final ||Ax - b|| norm =  0.000000000086001
 Final energy = 11011.637286891289477

 Updating left boundary for site 12

 MICROITERATION NUMBER = 12  , backward sweep
 - Optimization centered on site: 11
 - Left boundaries taken from index: 11
 - Right boundaries taken from index: 12


 Initial ||Ax - b|| norm =  0.999998776801643

 ------------------------------------- 
 Iteration  | Rel. error estimate      
 ------------------------------------- 
    0          9.999987768016428e-01
    1          4.641703214253102e-01
    2          1.692041172838461e-01
    3          5.992470007087074e-02
    4          2.588563677775864e-02
    5          1.383176056137304e-02
    6          7.069286987298577e-03
    7          3.936511615917706e-03
    8          2.215992575856634e-03
    9          1.328555176474467e-03
   10          8.732111266074285e-04
   11          6.037122279538462e-04
   12          4.138201614500816e-04
   13          2.694513086054057e-04
   14          1.630641838741569e-04
   15          9.947751058116616e-05
   16          6.161180836395087e-05
   17          3.945908379170549e-05
   18          2.203620648809643e-05
   19          1.002715230507989e-05
   20          4.928597196356874e-06
   21          2.489620894254303e-06
   22          1.336585706732972e-06
   23          7.807920965959889e-07
   24          5.169760876086175e-07
   25          3.505597151993546e-07
   26          2.368332810777750e-07
   27          1.662649539307864e-07
   28          1.200917617862499e-07
   29          9.066690760248168e-08
   30          7.236452194728600e-08
   31          5.975468764401983e-08
   32          4.754253238624482e-08
   33          3.054746659099773e-08
   34          1.493764039735043e-08
   35          7.449770808495461e-09
   36          3.538156086820820e-09
   37          1.977633612857788e-09
   38          1.262869327508546e-09
   39          8.022621507488333e-10
   40          5.571287851815976e-10
   41          4.195327310820597e-10
   42          2.732328939223877e-10
   43          1.526881624158364e-10
 --------------------------------- 


 Final ||Ax - b|| norm =  0.000000000086001
 Final energy = 11011.637286891289477

 Bond dimension before truncation: 6
 Bond dimension after truncation: 6
 Updating right boundary for site 11

 MICROITERATION NUMBER = 13  , backward sweep
 - Optimization centered on site: 10
 - Left boundaries taken from index: 10
 - Right boundaries taken from index: 11


 Initial ||Ax - b|| norm =  0.999998777507808

 ------------------------------------- 
 Iteration  | Rel. error estimate      
 ------------------------------------- 
    0          9.999987775078075e-01
    1          4.788608341219273e-01
    2          1.971256493659528e-01
    3          8.670432405537180e-02
    4          4.200665722188293e-02
    5          2.179589445379376e-02
    6          1.209888763461783e-02
    7          7.031189325746800e-03
    8          4.696122736540981e-03
    9          3.097196096688501e-03
   10          2.248927044342813e-03
   11          1.631272185211472e-03
   12          1.251859502800657e-03
   13          9.577785795492346e-04
   14          6.844511515302434e-04
   15          4.628540997189697e-04
   16          2.947508368550759e-04
   17          2.086230457965422e-04
   18          1.559289973904481e-04
   19          1.134339608051381e-04
   20          8.115026459702446e-05
   21          5.926060892686104e-05
   22          4.203195203222387e-05
   23          2.798545805912209e-05
   24          1.640718292575947e-05
   25          9.568036006599883e-06
   26          5.836656138870565e-06
   27          3.993667995523570e-06
   28          2.630819147198192e-06
   29          1.813066642356605e-06
   30          1.201000781475539e-06
   31          7.576879097986767e-07
   32          4.476750306452501e-07
   33          2.672012795893684e-07
   34          1.651739549560552e-07
   35          9.609322152968490e-08
   36          6.179028475506020e-08
   37          3.725726244200000e-08
   38          2.160389047338600e-08
   39          1.303955938532117e-08
   40          7.585856687051525e-09
   41          4.132537126791075e-09
   42          2.329585820953272e-09
   43          1.183103582070239e-09
   44          6.180885485220789e-10
   45          3.070603847751043e-10
   46          1.596966550134944e-10
 --------------------------------- 


 Final ||Ax - b|| norm =  0.000000000096621
 Final energy = 11011.637286891260374

 Bond dimension before truncation: 36
 Bond dimension after truncation: 36
 Updating right boundary for site 10

 MICROITERATION NUMBER = 14  , backward sweep
 - Optimization centered on site: 9
 - Left boundaries taken from index: 9
 - Right boundaries taken from index: 10


 Initial ||Ax - b|| norm =  0.999998890089790

 ------------------------------------- 
 Iteration  | Rel. error estimate      
 ------------------------------------- 
    0          9.999988900897903e-01
    1          6.493528532622863e-01
    2          3.128806421397280e-01
    3          1.743976235788444e-01
    4          1.047743371894414e-01
    5          6.766352578470984e-02
    6          4.468790743092486e-02
    7          2.914479006151016e-02
    8          1.877047401536440e-02
    9          1.245350125378466e-02
   10          8.782535126584305e-03
   11          6.201443026240453e-03
   12          4.308130649843801e-03
   13          3.254908249141502e-03
   14          2.500689740065410e-03
   15          2.024307814808212e-03
   16          1.640369304256305e-03
   17          1.349369365220318e-03
   18          1.120469547405792e-03
   19          9.141506940555927e-04
   20          6.846057151475783e-04
   21          5.000662098983876e-04
   22          3.672947333656943e-04
   23          2.808523205965065e-04
   24          2.129832913706660e-04
   25          1.738731268293038e-04
   26          1.322469509158663e-04
   27          1.035564407036927e-04
   28          8.168878953606868e-05
   29          6.586985289322194e-05
   30          5.509755733211886e-05
   31          4.529148787816630e-05
   32          3.634349587671150e-05
   33          2.974229393365140e-05
   34          2.401928216204869e-05
   35          1.947597364244873e-05
   36          1.592542048747852e-05
   37          1.259116963641881e-05
   38          9.389557307783866e-06
   39          7.058883090218278e-06
   40          5.156784389218910e-06
   41          3.813464230272010e-06
   42          2.847521299816706e-06
   43          2.020197977875882e-06
   44          1.462397784892582e-06
   45          1.074427656408879e-06
   46          7.952175864897253e-07
   47          5.951236450870585e-07
   48          4.386999479650798e-07
 --------------------------------- 


 Final ||Ax - b|| norm =  0.000000329699245
 Final energy = 11011.637054738621373

 Bond dimension before truncation: 216
 Bond dimension after truncation: 51
 Updating right boundary for site 9

 MICROITERATION NUMBER = 15  , backward sweep
 - Optimization centered on site: 8
 - Left boundaries taken from index: 8
 - Right boundaries taken from index: 9


 Initial ||Ax - b|| norm =  0.999999116908583

 ------------------------------------- 
 Iteration  | Rel. error estimate      
 ------------------------------------- 
    0          9.999991169085835e-01
    1          7.403845384146573e-01
    2          3.749968099124197e-01
    3          1.758795224038894e-01
    4          8.976708831178630e-02
    5          4.727641757350382e-02
    6          2.544707957785096e-02
    7          1.498119882183365e-02
    8          9.445189589015874e-03
    9          6.143805195271004e-03
   10          4.174081827722362e-03
   11          3.018004675501492e-03
   12          2.148355128061281e-03
   13          1.588113896851124e-03
   14          1.221899921613658e-03
   15          9.569535636942850e-04
   16          7.473032428163514e-04
   17          5.556521869796827e-04
   18          4.000673124304977e-04
   19          2.798036047315744e-04
   20          1.953459333564865e-04
   21          1.354544841783542e-04
   22          9.892476820114143e-05
   23          7.448438140905052e-05
   24          5.592328193256724e-05
   25          4.234368473861482e-05
   26          3.280186550526442e-05
   27          2.491339155147328e-05
   28          1.848890342361108e-05
   29          1.308525044280355e-05
   30          8.665660959766347e-06
   31          5.774864276722142e-06
   32          3.907977858311786e-06
   33          2.616141148525196e-06
   34          1.709819000089748e-06
   35          1.116066737059237e-06
   36          7.490316305580012e-07
   37          5.188770217951255e-07
   38          3.724481379658824e-07
   39          2.825000891369004e-07
   40          2.179358809964637e-07
   41          1.619988958572514e-07
   42          1.137829414369009e-07
   43          8.242865999224782e-08
   44          6.008557194043902e-08
   45          4.237781305454998e-08
   46          2.936306883886053e-08
   47          1.996693400992403e-08
   48          1.329605300682634e-08
 --------------------------------- 


 Final ||Ax - b|| norm =  0.000000008332289
 Final energy = 11011.635132411287486

 Bond dimension before truncation: 306
 Bond dimension after truncation: 51
 Updating right boundary for site 8

 MICROITERATION NUMBER = 16  , backward sweep
 - Optimization centered on site: 7
 - Left boundaries taken from index: 7
 - Right boundaries taken from index: 8


 Initial ||Ax - b|| norm =  0.999999340866816

 ------------------------------------- 
 Iteration  | Rel. error estimate      
 ------------------------------------- 
    0          9.999993408668157e-01
    1          7.669265907276680e-01
    2          3.390148532359467e-01
    3          1.107931953805289e-01
    4          4.458157947351404e-02
    5          2.202756234077729e-02
    6          1.175276672136821e-02
    7          6.661687905630194e-03
    8          4.155234696476954e-03
    9          2.570223129339885e-03
   10          1.720808868343315e-03
   11          1.201200190157671e-03
   12          8.653050449246719e-04
   13          6.221711126084811e-04
   14          4.183206807024251e-04
   15          2.779547470909148e-04
   16          1.794221733395995e-04
   17          1.170957837062314e-04
   18          7.706779106015660e-05
   19          5.242199752682545e-05
   20          3.737882098000060e-05
   21          2.502469133394462e-05
   22          1.646238752620092e-05
   23          1.050946479138607e-05
   24          6.592301322368212e-06
   25          4.082001820228542e-06
   26          2.553069420711475e-06
   27          1.614340230032967e-06
   28          1.083020209804608e-06
   29          7.697209167141160e-07
   30          5.244796315910111e-07
   31          3.327915424748618e-07
   32          2.029645138363947e-07
   33          1.175510934973172e-07
   34          6.852999974417589e-08
   35          3.954544193029081e-08
   36          2.372554656956548e-08
   37          1.540187567472932e-08
   38          1.010161154531707e-08
   39          6.452694539129538e-09
   40          4.211800621014155e-09
   41          2.810539224904352e-09
   42          1.869805800115740e-09
   43          1.245017299682533e-09
   44          8.024313998453763e-10
   45          4.919671474406031e-10
   46          2.867683309146932e-10
   47          1.723565842396344e-10
   48          1.048196928742416e-10
 --------------------------------- 


 Final ||Ax - b|| norm =  0.000000000061563
 Final energy = 11011.635111878984389

 Bond dimension before truncation: 306
 Bond dimension after truncation: 51
 Updating right boundary for site 7

 MICROITERATION NUMBER = 17  , backward sweep
 - Optimization centered on site: 6
 - Left boundaries taken from index: 6
 - Right boundaries taken from index: 7


 Initial ||Ax - b|| norm =  0.999999634164842

 ------------------------------------- 
 Iteration  | Rel. error estimate      
 ------------------------------------- 
    0          9.999996341648416e-01
    1          6.688698317755454e-01
    2          2.613724806795630e-01
    3          9.392756730501876e-02
    4          4.030800759020394e-02
    5          1.970941880079424e-02
    6          1.065507832119889e-02
    7          5.832545438848447e-03
    8          3.340514801830762e-03
    9          2.012887323223619e-03
   10          1.314888188144900e-03
   11          9.200618765816878e-04
   12          6.581114067341405e-04
   13          4.547433603649234e-04
   14          3.010082784775505e-04
   15          1.891302648997066e-04
   16          1.110179095321618e-04
   17          6.806292215006003e-05
   18          4.518314339236544e-05
   19          3.071121478428180e-05
   20          2.115278165301727e-05
   21          1.393968868799471e-05
   22          8.641694788441868e-06
   23          5.365591596989697e-06
   24          3.264639785954860e-06
   25          1.872906361445847e-06
   26          1.074828760028563e-06
   27          6.369291173235790e-07
   28          4.166816977340654e-07
   29          2.815300747497198e-07
   30          1.784177140166238e-07
   31          1.014500927921834e-07
   32          5.567001543988279e-08
   33          3.200095079120030e-08
   34          1.885948255975301e-08
   35          1.105544978871817e-08
   36          6.484483061470403e-09
   37          3.786660201555709e-09
   38          2.330606642758413e-09
   39          1.493517836306721e-09
   40          9.571750900444562e-10
   41          6.211087518377044e-10
   42          4.055606810193914e-10
   43          2.566559402085641e-10
   44          1.550334502742791e-10
 --------------------------------- 


 Final ||Ax - b|| norm =  0.000000000090182
 Final energy = 11011.641552521396079

 Bond dimension before truncation: 306
 Bond dimension after truncation: 51
 Updating right boundary for site 6

 MICROITERATION NUMBER = 18  , backward sweep
 - Optimization centered on site: 5
 - Left boundaries taken from index: 5
 - Right boundaries taken from index: 6


 Initial ||Ax - b|| norm =  0.999999855325710

 ------------------------------------- 
 Iteration  | Rel. error estimate      
 ------------------------------------- 
    0          9.999998553257100e-01
    1          5.485354956631098e-01
    2          2.017444676946932e-01
    3          7.096174617157706e-02
    4          3.021779160588156e-02
    5          1.425553859532985e-02
    6          6.955648312705762e-03
    7          3.671996922278556e-03
    8          2.159265517065583e-03
    9          1.308926053840984e-03
   10          8.574589471498460e-04
   11          6.093022360641614e-04
   12          4.268728200473991e-04
   13          2.911753689738192e-04
   14          1.853449973947861e-04
   15          1.080396544032942e-04
   16          6.402235205938729e-05
   17          4.289932041432985e-05
   18          2.920068108653246e-05
   19          1.987912993226457e-05
   20          1.349858670925496e-05
   21          8.198542078005589e-06
   22          4.983994872026463e-06
   23          3.247959993450938e-06
   24          1.958746240147839e-06
   25          1.159306981719492e-06
   26          6.705522002680059e-07
   27          4.148344293512512e-07
   28          2.680267593639951e-07
   29          1.728369807549342e-07
   30          1.012127060054545e-07
   31          5.612822512401791e-08
   32          3.184823946290801e-08
   33          1.867939028492455e-08
   34          1.118233780005764e-08
   35          6.523797494988813e-09
   36          3.819257965408957e-09
   37          2.309107434905603e-09
   38          1.403983897591665e-09
   39          8.384534044385410e-10
   40          5.084237539891281e-10
   41          3.065403537456731e-10
   42          1.871678709834791e-10
   43          1.146393389556734e-10
 --------------------------------- 


 Final ||Ax - b|| norm =  0.000000000071103
 Final energy = 11011.646278734733642

 Bond dimension before truncation: 306
 Bond dimension after truncation: 51
 Updating right boundary for site 5

 MICROITERATION NUMBER = 19  , backward sweep
 - Optimization centered on site: 4
 - Left boundaries taken from index: 4
 - Right boundaries taken from index: 5


 Initial ||Ax - b|| norm =  0.999999970380308

 ------------------------------------- 
 Iteration  | Rel. error estimate      
 ------------------------------------- 
    0          9.999999703803076e-01
    1          4.882118554717488e-01
    2          1.721556327520390e-01
    3          6.040269696951975e-02
    4          2.621898133511753e-02
    5          1.141292051067943e-02
    6          5.603464225782639e-03
    7          3.018514152551645e-03
    8          1.597910512489485e-03
    9          9.006161550593659e-04
   10          5.478181011266840e-04
   11          3.431081342400380e-04
   12          2.176774127623283e-04
   13          1.429678409805747e-04
   14          9.381931647529339e-05
   15          5.694893300045757e-05
   16          3.070081813981997e-05
   17          1.709933146881141e-05
   18          1.001708978950779e-05
   19          6.222231226317530e-06
   20          4.015647708622300e-06
   21          2.564120923881392e-06
   22          1.650165465609391e-06
   23          1.094679499428499e-06
   24          7.271765485210546e-07
   25          4.558824446032177e-07
   26          2.657401353601172e-07
   27          1.663015636412915e-07
   28          1.093340463819434e-07
   29          7.438123833706316e-08
   30          4.583210097067710e-08
   31          2.670978097002600e-08
   32          1.488990846678356e-08
   33          8.408076867878823e-09
   34          4.669010114582172e-09
   35          2.714194809554049e-09
   36          1.661609291752764e-09
   37          1.075389228116617e-09
   38          6.776087392786738e-10
   39          4.062792316182975e-10
   40          2.350720714994486e-10
   41          1.380802641762204e-10
 --------------------------------- 


 Final ||Ax - b|| norm =  0.000000000082242
 Final energy = 11011.648383914553051

 Bond dimension before truncation: 306
 Bond dimension after truncation: 51
 Updating right boundary for site 4

 MICROITERATION NUMBER = 20  , backward sweep
 - Optimization centered on site: 3
 - Left boundaries taken from index: 3
 - Right boundaries taken from index: 4


 Initial ||Ax - b|| norm =  0.999999998815720

 ------------------------------------- 
 Iteration  | Rel. error estimate      
 ------------------------------------- 
    0          9.999999988157200e-01
    1          4.592029326879187e-01
    2          1.561945132512903e-01
    3          5.597389740352157e-02
    4          2.452500211285616e-02
    5          1.045047004943547e-02
    6          5.007130336697297e-03
    7          2.543711907927569e-03
    8          1.369240238090595e-03
    9          7.698468928259993e-04
   10          4.558323986145050e-04
   11          2.773509092662432e-04
   12          1.616519229777972e-04
   13          9.773321912391737e-05
   14          6.451627618427982e-05
   15          3.912678439077657e-05
   16          2.092712037234544e-05
   17          1.094646364018159e-05
   18          6.019137722794087e-06
   19          3.221426733388986e-06
   20          1.835982933478054e-06
   21          1.067402285462986e-06
   22          6.711041586229439e-07
   23          4.264704575341594e-07
   24          2.569176969641095e-07
   25          1.330873929415104e-07
   26          6.724166236819498e-08
   27          3.651635351145523e-08
   28          2.196495922605590e-08
   29          1.464692888726677e-08
   30          9.416714574459345e-09
   31          5.530913885906310e-09
   32          3.042822390335700e-09
   33          1.588197827548891e-09
   34          8.427168810323433e-10
   35          4.894153814605459e-10
   36          3.082567963280486e-10
   37          2.026890269543673e-10
   38          1.295884496648249e-10
 --------------------------------- 


 Final ||Ax - b|| norm =  0.000000000081411
 Final energy = 11011.649431487960101

 Bond dimension before truncation: 306
 Bond dimension after truncation: 51
 Updating right boundary for site 3

 MICROITERATION NUMBER = 21  , backward sweep
 - Optimization centered on site: 2
 - Left boundaries taken from index: 2
 - Right boundaries taken from index: 3


 Initial ||Ax - b|| norm =  0.999999999998756

 ------------------------------------- 
 Iteration  | Rel. error estimate      
 ------------------------------------- 
    0          9.999999999987557e-01
    1          3.437604698174930e-02
    2          8.914266104749940e-03
    3          3.278428214687430e-03
    4          1.378181107014520e-03
    5          7.429638612214643e-04
    6          4.956345492268261e-04
    7          3.485612761333824e-04
    8          2.372148497558505e-04
    9          1.428576521787514e-04
   10          7.960548824412552e-05
   11          4.398688924264420e-05
   12          2.806657921965279e-05
   13          1.896119107084261e-05
   14          1.216947009519542e-05
   15          7.443821319056810e-06
   16          4.361786580373675e-06
   17          2.521441405381074e-06
   18          1.398191221178198e-06
   19          7.039962722781664e-07
   20          3.497690867934941e-07
   21          1.854691550658239e-07
   22          1.046154721782349e-07
   23          6.093540771422339e-08
   24          3.678820941234988e-08
   25          2.221638700800971e-08
   26          1.354534859961588e-08
   27          8.155399864571218e-09
   28          4.922090298818387e-09
   29          2.887699976309193e-09
   30          1.627341217083327e-09
   31          9.171093110211595e-10
   32          5.251927516618999e-10
   33          2.878292221578135e-10
   34          1.655487363483803e-10
   35          1.059898243165265e-10
 --------------------------------- 


 Final ||Ax - b|| norm =  0.000000000068068
 Final energy = 11011.652645973508697

 Bond dimension before truncation: 306
 Bond dimension after truncation: 51
 Updating right boundary for site 2

 MICROITERATION NUMBER = 22  , backward sweep
 - Optimization centered on site: 1
 - Left boundaries taken from index: 1
 - Right boundaries taken from index: 2


 Initial ||Ax - b|| norm =  0.999999999998737

 ------------------------------------- 
 Iteration  | Rel. error estimate      
 ------------------------------------- 
    0          9.999999999987370e-01
    1          1.386518240935803e-03
    2          8.808553640188381e-04
    3          5.992599767176281e-04
    4          3.066173996462650e-04
    5          1.803696885757810e-04
    6          1.107041921922785e-04
    7          5.833578981485115e-05
    8          3.469586298502822e-05
    9          2.126969494809100e-05
   10          1.317501834086441e-05
   11          8.735507883720052e-06
   12          4.447074799451524e-06
   13          2.111178263906571e-06
   14          1.050315989778711e-06
   15          5.611221745097840e-07
   16          2.977887666559465e-07
   17          1.529362766166919e-07
   18          7.910297884424031e-08
   19          4.049058633973396e-08
   20          2.242073327809976e-08
   21          1.404119211435236e-08
   22          8.515883421304201e-09
   23          4.858321304003057e-09
   24          2.496158265731936e-09
   25          1.215767521571178e-09
   26          5.479825192869941e-10
   27          3.075492985070361e-10
   28          1.887517579657653e-10
   29          1.051324159898614e-10
 --------------------------------- 


 Final ||Ax - b|| norm =  0.000000000055890
 Final energy = 11011.652659339690217

 Bond dimension before truncation: 306
 Bond dimension after truncation: 51
 Updating right boundary for site 1

 MICROITERATION NUMBER = 23  , backward sweep
 - Optimization centered on site: 0
 - Left boundaries taken from index: 0
 - Right boundaries taken from index: 1


 Initial ||Ax - b|| norm =  0.999999999998731

 ------------------------------------- 
 Iteration  | Rel. error estimate      
 ------------------------------------- 
    0          9.999999999987313e-01
    1          1.050819914262569e-03
    2          6.735427912918617e-04
    3          3.344550150975326e-04
    4          1.860492579242701e-04
    5          8.884157515096395e-05
    6          5.146171127729366e-05
    7          2.621572940466135e-05
    8          1.619954883354852e-05
    9          9.946774210478876e-06
   10          4.455268978310239e-06
   11          1.992898149816185e-06
   12          8.484416560468295e-07
   13          4.296679646953172e-07
   14          1.978759996458186e-07
   15          9.573000722969985e-08
   16          4.566455038499635e-08
   17          2.573038035157529e-08
   18          1.370017679686575e-08
   19          8.501713719082412e-09
   20          3.821380979995740e-09
   21          1.618446533499041e-09
   22          7.051309258112574e-10
   23          3.899346640519289e-10
   24          2.162020565817741e-10
   25          1.137561793280247e-10
 --------------------------------- 


 Final ||Ax - b|| norm =  0.000000000059852
 Final energy = 11011.652659348384987

 Updating right boundary for site 0


 SWEEP NUMBER 4
 ----------------
 - Noise parameter: 0.0000000100
 - Maximum bond dimension: 50
 - Truncation parameter: 0.0000000000

 MICROITERATION NUMBER = 0  , forward sweep
 - Optimization centered on site: 0
 - Left boundaries taken from index: 0
 - Right boundaries taken from index: 1


 Initial ||Ax - b|| norm =  0.999999999998731

 ------------------------------------- 
 Iteration  | Rel. error estimate      
 ------------------------------------- 
    0          9.999999999987313e-01
    1          1.050819914262569e-03
    2          6.735427912918617e-04
    3          3.344550150975326e-04
    4          1.860492579242701e-04
    5          8.884157515096395e-05
    6          5.146171127729366e-05
    7          2.621572940466135e-05
    8          1.619954883354852e-05
    9          9.946774210478876e-06
   10          4.455268978310239e-06
   11          1.992898149816185e-06
   12          8.484416560468295e-07
   13          4.296679646953172e-07
   14          1.978759996458186e-07
   15          9.573000722969985e-08
   16          4.566455038499635e-08
   17          2.573038035157529e-08
   18          1.370017679686575e-08
   19          8.501713719082412e-09
   20          3.821380979995740e-09
   21          1.618446533499041e-09
   22          7.051309258112574e-10
   23          3.899346640519289e-10
   24          2.162020565817741e-10
   25          1.137561793280247e-10
 --------------------------------- 


 Final ||Ax - b|| norm =  0.000000000059852
 Final energy = 11011.652659348384987

 Bond dimension before truncation: 6
 Bond dimension after truncation: 6
 Updating left boundary for site 1

 MICROITERATION NUMBER = 1  , forward sweep
 - Optimization centered on site: 1
 - Left boundaries taken from index: 1
 - Right boundaries taken from index: 2


 Initial ||Ax - b|| norm =  0.999999999998737

 ------------------------------------- 
 Iteration  | Rel. error estimate      
 ------------------------------------- 
    0          9.999999999987375e-01
    1          1.386518240940451e-03
    2          8.808553640218201e-04
    3          5.992599767173907e-04
    4          3.066173996500149e-04
    5          1.803696885781760e-04
    6          1.107041921917369e-04
    7          5.833578981504159e-05
    8          3.469586298557775e-05
    9          2.126969494802399e-05
   10          1.317501834072836e-05
   11          8.735507883797113e-06
   12          4.447074799567384e-06
   13          2.111178263959734e-06
   14          1.050315989809213e-06
   15          5.611221745369147e-07
   16          2.977887666780655e-07
   17          1.529362766345210e-07
   18          7.910297885935645e-08
   19          4.049058635328698e-08
   20          2.242073328893532e-08
   21          1.404119212168836e-08
   22          8.515883425361473e-09
   23          4.858321305705453e-09
   24          2.496158266298571e-09
   25          1.215767521784079e-09
   26          5.479825193804079e-10
   27          3.075492985613750e-10
   28          1.887517579940810e-10
   29          1.051324159995486e-10
 --------------------------------- 


 Final ||Ax - b|| norm =  0.000000000055888
 Final energy = 11011.652659339702950

 Bond dimension before truncation: 36
 Bond dimension after truncation: 36
 Updating left boundary for site 2

 MICROITERATION NUMBER = 2  , forward sweep
 - Optimization centered on site: 2
 - Left boundaries taken from index: 2
 - Right boundaries taken from index: 3


 Initial ||Ax - b|| norm =  0.999999999998757

 ------------------------------------- 
 Iteration  | Rel. error estimate      
 ------------------------------------- 
    0          9.999999999987568e-01
    1          3.437604698168142e-02
    2          8.914266104734290e-03
    3          3.278428214682346e-03
    4          1.378181107012010e-03
    5          7.429638612196653e-04
    6          4.956345492254779e-04
    7          3.485612761325658e-04
    8          2.372148497554382e-04
    9          1.428576521784084e-04
   10          7.960548824377310e-05
   11          4.398688924236703e-05
   12          2.806657921947798e-05
   13          1.896119107075778e-05
   14          1.216947009515631e-05
   15          7.443821319019646e-06
   16          4.361786580334657e-06
   17          2.521441405354226e-06
   18          1.398191221168885e-06
   19          7.039962722804552e-07
   20          3.497690868001559e-07
   21          1.854691550728440e-07
   22          1.046154721841691e-07
   23          6.093540771901992e-08
   24          3.678820941593900e-08
   25          2.221638701051841e-08
   26          1.354534860124082e-08
   27          8.155399865573219e-09
   28          4.922090299444421e-09
   29          2.887699976713533e-09
   30          1.627341217390571e-09
   31          9.171093113273317e-10
   32          5.251927520232265e-10
   33          2.878292226410312e-10
   34          1.655487369986602e-10
   35          1.059898251973814e-10
 --------------------------------- 


 Final ||Ax - b|| norm =  0.000000000068056
 Final energy = 11011.652645973503240

 Bond dimension before truncation: 216
 Bond dimension after truncation: 51
 Updating left boundary for site 3

 MICROITERATION NUMBER = 3  , forward sweep
 - Optimization centered on site: 3
 - Left boundaries taken from index: 3
 - Right boundaries taken from index: 4


 Initial ||Ax - b|| norm =  0.999999998815721

 ------------------------------------- 
 Iteration  | Rel. error estimate      
 ------------------------------------- 
    0          9.999999988157207e-01
    1          4.592029327160400e-01
    2          1.561945132316714e-01
    3          5.597389738120252e-02
    4          2.452500213749165e-02
    5          1.045047005538056e-02
    6          5.007130338552014e-03
    7          2.543711908431544e-03
    8          1.369240239023991e-03
    9          7.698468935468739e-04
   10          4.558323990811364e-04
   11          2.773509100775643e-04
   12          1.616519231099428e-04
   13          9.773321908402991e-05
   14          6.451627618078437e-05
   15          3.912678434273181e-05
   16          2.092712038967227e-05
   17          1.094646365133847e-05
   18          6.019137715633271e-06
   19          3.221426734892109e-06
   20          1.835982932900303e-06
   21          1.067402283638479e-06
   22          6.711041586002959e-07
   23          4.264704573871648e-07
   24          2.569176963959880e-07
   25          1.330873928797209e-07
   26          6.724166255483382e-08
   27          3.651635364327672e-08
   28          2.196495930497603e-08
   29          1.464692899739449e-08
   30          9.416714703999221e-09
   31          5.530914106362054e-09
   32          3.042822759696691e-09
   33          1.588198416920153e-09
   34          8.427176418022526e-10
   35          4.894165683822527e-10
   36          3.082588887729851e-10
   37          2.026939276430656e-10
   38          1.296005643202207e-10
 --------------------------------- 


 Final ||Ax - b|| norm =  0.000000000081430
 Final energy = 11011.649431487989204

 Bond dimension before truncation: 306
 Bond dimension after truncation: 51
 Updating left boundary for site 4

 MICROITERATION NUMBER = 4  , forward sweep
 - Optimization centered on site: 4
 - Left boundaries taken from index: 4
 - Right boundaries taken from index: 5


 Initial ||Ax - b|| norm =  0.999999970380309

 ------------------------------------- 
 Iteration  | Rel. error estimate      
 ------------------------------------- 
    0          9.999999703803090e-01
    1          4.882118557621126e-01
    2          1.721556330223463e-01
    3          6.040269710780820e-02
    4          2.621898140271506e-02
    5          1.141292051462231e-02
    6          5.603464226676526e-03
    7          3.018514155555149e-03
    8          1.597910514282315e-03
    9          9.006161565783585e-04
   10          5.478181028363235e-04
   11          3.431081354379745e-04
   12          2.176774134960887e-04
   13          1.429678413330669e-04
   14          9.381931650199829e-05
   15          5.694893280152465e-05
   16          3.070081803062117e-05
   17          1.709933137441518e-05
   18          1.001708972045830e-05
   19          6.222231207671729e-06
   20          4.015647702285840e-06
   21          2.564120916468766e-06
   22          1.650165463058163e-06
   23          1.094679498835423e-06
   24          7.271765479777173e-07
   25          4.558824443025708e-07
   26          2.657401360078734e-07
   27          1.663015643034893e-07
   28          1.093340470253193e-07
   29          7.438123879986086e-08
   30          4.583210131823157e-08
   31          2.670978111171458e-08
   32          1.488990850167117e-08
   33          8.408076879757439e-09
   34          4.669010128406431e-09
   35          2.714194817186480e-09
   36          1.661609298074997e-09
   37          1.075389234836543e-09
   38          6.776087444490113e-10
   39          4.062792334214098e-10
   40          2.350720722361319e-10
   41          1.380802651904703e-10
 --------------------------------- 


 Final ||Ax - b|| norm =  0.000000000082224
 Final energy = 11011.648383914563965

 Bond dimension before truncation: 306
 Bond dimension after truncation: 51
 Updating left boundary for site 5

 MICROITERATION NUMBER = 5  , forward sweep
 - Optimization centered on site: 5
 - Left boundaries taken from index: 5
 - Right boundaries taken from index: 6


 Initial ||Ax - b|| norm =  0.999999855325712

 ------------------------------------- 
 Iteration  | Rel. error estimate      
 ------------------------------------- 
    0          9.999998553257119e-01
    1          5.485354953741662e-01
    2          2.017444675884718e-01
    3          7.096174604270090e-02
    4          3.021779152601654e-02
    5          1.425553854770236e-02
    6          6.955648284855797e-03
    7          3.671996912897475e-03
    8          2.159265512935095e-03
    9          1.308926053894547e-03
   10          8.574589475051171e-04
   11          6.093022358542094e-04
   12          4.268728200400675e-04
   13          2.911753689492837e-04
   14          1.853449968498540e-04
   15          1.080396540249975e-04
   16          6.402235203812985e-05
   17          4.289932042812607e-05
   18          2.920068103000453e-05
   19          1.987912985368105e-05
   20          1.349858665147117e-05
   21          8.198542051355790e-06
   22          4.983994865817805e-06
   23          3.247959996898571e-06
   24          1.958746237867578e-06
   25          1.159306978424778e-06
   26          6.705522009554212e-07
   27          4.148344302697377e-07
   28          2.680267598310937e-07
   29          1.728369810615227e-07
   30          1.012127065404913e-07
   31          5.612822548421307e-08
   32          3.184823992452374e-08
   33          1.867939075956972e-08
   34          1.118233812754470e-08
   35          6.523797693760403e-09
   36          3.819258058801831e-09
   37          2.309107476715043e-09
   38          1.403983921564996e-09
   39          8.384534189072008e-10
   40          5.084237586467428e-10
   41          3.065403544976203e-10
   42          1.871678710741993e-10
   43          1.146393389295321e-10
 --------------------------------- 


 Final ||Ax - b|| norm =  0.000000000071104
 Final energy = 11011.646278734771840

 Bond dimension before truncation: 306
 Bond dimension after truncation: 51
 Updating left boundary for site 6

 MICROITERATION NUMBER = 6  , forward sweep
 - Optimization centered on site: 6
 - Left boundaries taken from index: 6
 - Right boundaries taken from index: 7


 Initial ||Ax - b|| norm =  0.999999634164844

 ------------------------------------- 
 Iteration  | Rel. error estimate      
 ------------------------------------- 
    0          9.999996341648441e-01
    1          6.688698339270441e-01
    2          2.613724824804186e-01
    3          9.392756835492447e-02
    4          4.030800797595881e-02
    5          1.970941895543298e-02
    6          1.065507846829398e-02
    7          5.832545550418330e-03
    8          3.340514898576374e-03
    9          2.012887411200950e-03
   10          1.314888254043424e-03
   11          9.200619259203980e-04
   12          6.581114429376693e-04
   13          4.547433862102299e-04
   14          3.010082947372103e-04
   15          1.891302730224823e-04
   16          1.110179131887669e-04
   17          6.806292441824195e-05
   18          4.518314524873486e-05
   19          3.071121599844406e-05
   20          2.115278236314820e-05
   21          1.393968922811560e-05
   22          8.641694977535226e-06
   23          5.365591660683837e-06
   24          3.264639796193168e-06
   25          1.872906362956170e-06
   26          1.074828760303433e-06
   27          6.369291161822165e-07
   28          4.166816984344661e-07
   29          2.815300765896935e-07
   30          1.784177121333299e-07
   31          1.014500888256858e-07
   32          5.567001296099758e-08
   33          3.200094981976494e-08
   34          1.885948252803046e-08
   35          1.105544975406607e-08
   36          6.484483008174963e-09
   37          3.786660192047375e-09
   38          2.330606579267135e-09
   39          1.493517768990035e-09
   40          9.571750565653572e-10
   41          6.211087315533638e-10
   42          4.055606663817159e-10
   43          2.566559334473173e-10
   44          1.550334468123655e-10
 --------------------------------- 


 Final ||Ax - b|| norm =  0.000000000090178
 Final energy = 11011.641552521199628

 Bond dimension before truncation: 306
 Bond dimension after truncation: 51
 Updating left boundary for site 7

 MICROITERATION NUMBER = 7  , forward sweep
 - Optimization centered on site: 7
 - Left boundaries taken from index: 7
 - Right boundaries taken from index: 8


 Initial ||Ax - b|| norm =  0.999999340866820

 ------------------------------------- 
 Iteration  | Rel. error estimate      
 ------------------------------------- 
    0          9.999993408668197e-01
    1          7.669265905263082e-01
    2          3.390148527745298e-01
    3          1.107931953871738e-01
    4          4.458157959445735e-02
    5          2.202756249434274e-02
    6          1.175276696616294e-02
    7          6.661688178910031e-03
    8          4.155234908208265e-03
    9          2.570223272167065e-03
   10          1.720808961120433e-03
   11          1.201200245170248e-03
   12          8.653050876599921e-04
   13          6.221711421070672e-04
   14          4.183207023516212e-04
   15          2.779547611250915e-04
   16          1.794221824207227e-04
   17          1.170957901372002e-04
   18          7.706779517591097e-05
   19          5.242200096283179e-05
   20          3.737882343179425e-05
   21          2.502469241734117e-05
   22          1.646238773970592e-05
   23          1.050946467379012e-05
   24          6.592301234105090e-06
   25          4.082001790765466e-06
   26          2.553069411905418e-06
   27          1.614340273322532e-06
   28          1.083020274341685e-06
   29          7.697209701305623e-07
   30          5.244796606620835e-07
   31          3.327915536609191e-07
   32          2.029645188809492e-07
   33          1.175510948998666e-07
   34          6.852999994249068e-08
   35          3.954544213014117e-08
   36          2.372554735419742e-08
   37          1.540187691435654e-08
   38          1.010161255195780e-08
   39          6.452695096107964e-09
   40          4.211800834248544e-09
   41          2.810539247397012e-09
   42          1.869805768931835e-09
   43          1.245017291615234e-09
   44          8.024314310330078e-10
   45          4.919671914062110e-10
   46          2.867683682124031e-10
   47          1.723566109384832e-10
   48          1.048197097627527e-10
 --------------------------------- 


 Final ||Ax - b|| norm =  0.000000000061562
 Final energy = 11011.635111878635144

 Bond dimension before truncation: 306
 Bond dimension after truncation: 51
 Updating left boundary for site 8

 MICROITERATION NUMBER = 8  , forward sweep
 - Optimization centered on site: 8
 - Left boundaries taken from index: 8
 - Right boundaries taken from index: 9


 Initial ||Ax - b|| norm =  0.999999116908587

 ------------------------------------- 
 Iteration  | Rel. error estimate      
 ------------------------------------- 
    0          9.999991169085867e-01
    1          7.403845378392510e-01
    2          3.749968091833286e-01
    3          1.758795220421032e-01
    4          8.976708817827256e-02
    5          4.727641754907091e-02
    6          2.544707966289670e-02
    7          1.498119898336763e-02
    8          9.445189775281656e-03
    9          6.143805356412965e-03
   10          4.174081958034845e-03
   11          3.018004782418484e-03
   12          2.148355214830636e-03
   13          1.588113968125623e-03
   14          1.221899979983625e-03
   15          9.569536090507725e-04
   16          7.473032765016830e-04
   17          5.556522111914975e-04
   18          4.000673315699078e-04
   19          2.798036206957758e-04
   20          1.953459455062618e-04
   21          1.354544923846717e-04
   22          9.892477332841898e-05
   23          7.448438447345446e-05
   24          5.592328382593070e-05
   25          4.234368608916452e-05
   26          3.280186659840877e-05
   27          2.491339251669373e-05
   28          1.848890419031883e-05
   29          1.308525088574535e-05
   30          8.665661150444353e-06
   31          5.774864362420380e-06
   32          3.907977911090898e-06
   33          2.616141186223916e-06
   34          1.709819022274054e-06
   35          1.116066753198911e-06
   36          7.490316427748557e-07
   37          5.188770304231159e-07
   38          3.724481454837885e-07
   39          2.825000951272812e-07
   40          2.179358843187588e-07
   41          1.619988969740815e-07
   42          1.137829422081528e-07
   43          8.242866119121158e-08
   44          6.008557319121475e-08
   45          4.237781404305996e-08
   46          2.936306957005381e-08
   47          1.996693454559616e-08
   48          1.329605340096440e-08
 --------------------------------- 


 Final ||Ax - b|| norm =  0.000000008332305
 Final energy = 11011.635132410943697

 Bond dimension before truncation: 306
 Bond dimension after truncation: 51
 Updating left boundary for site 9

 MICROITERATION NUMBER = 9  , forward sweep
 - Optimization centered on site: 9
 - Left boundaries taken from index: 9
 - Right boundaries taken from index: 10


 Initial ||Ax - b|| norm =  0.999998890089793

 ------------------------------------- 
 Iteration  | Rel. error estimate      
 ------------------------------------- 
    0          9.999988900897935e-01
    1          6.493528526471976e-01
    2          3.128806423038609e-01
    3          1.743976239898742e-01
    4          1.047743375740939e-01
    5          6.766352609344886e-02
    6          4.468790765619873e-02
    7          2.914479020601319e-02
    8          1.877047410377506e-02
    9          1.245350131823072e-02
   10          8.782535188215994e-03
   11          6.201443091180600e-03
   12          4.308130724093054e-03
   13          3.254908334439217e-03
   14          2.500689837287056e-03
   15          2.024307918614402e-03
   16          1.640369407481356e-03
   17          1.349369455576649e-03
   18          1.120469602420617e-03
   19          9.141506422955508e-04
   20          6.846049458272154e-04
   21          5.000599046941314e-04
   22          3.672597157140634e-04
   23          2.807444642821834e-04
   24          2.125845818538271e-04
   25          1.735420348556915e-04
   26          1.322069714879327e-04
   27          1.035522114973510e-04
   28          8.168858362480248e-05
   29          6.586821848946391e-05
   30          5.509312203771594e-05
   31          4.528646144114411e-05
   32          3.633791729000310e-05
   33          2.974052297466506e-05
   34          2.401908367787815e-05
   35          1.947595126865922e-05
   36          1.592541745912499e-05
   37          1.259116100181135e-05
   38          9.389467017501276e-06
   39          7.058056844917322e-06
   40          5.151614294363671e-06
   41          3.795141161804629e-06
   42          2.840307811048561e-06
   43          2.018842293744547e-06
   44          1.461996473956313e-06
   45          1.074337396290992e-06
   46          7.952007945480288e-07
   47          5.951218768886697e-07
   48          4.386998660371870e-07
 --------------------------------- 


 Final ||Ax - b|| norm =  0.000000329699364
 Final energy = 11011.637054738255756

 Bond dimension before truncation: 306
 Bond dimension after truncation: 51
 Updating left boundary for site 10

 MICROITERATION NUMBER = 10  , forward sweep
 - Optimization centered on site: 10
 - Left boundaries taken from index: 10
 - Right boundaries taken from index: 11


 Initial ||Ax - b|| norm =  0.999998777507813

 ------------------------------------- 
 Iteration  | Rel. error estimate      
 ------------------------------------- 
    0          9.999987775078127e-01
    1          4.788608337252407e-01
    2          1.971256501562490e-01
    3          8.670432476379542e-02
    4          4.200665759851620e-02
    5          2.179589462379017e-02
    6          1.209888771301918e-02
    7          7.031189363643985e-03
    8          4.696122759801934e-03
    9          3.097196118088668e-03
   10          2.248927075077156e-03
   11          1.631272229988676e-03
   12          1.251859555481456e-03
   13          9.577786290606761e-04
   14          6.844511872826132e-04
   15          4.628541191731961e-04
   16          2.947508444748791e-04
   17          2.086230492165282e-04
   18          1.559289999154694e-04
   19          1.134339629419235e-04
   20          8.115026587824640e-05
   21          5.926060908537805e-05
   22          4.203195122277307e-05
   23          2.798545764588024e-05
   24          1.640718585482301e-05
   25          9.568049923126416e-06
   26          5.836728073054770e-06
   27          3.993943999778945e-06
   28          2.632139059739047e-06
   29          1.815841231965695e-06
   30          1.202204433806138e-06
   31          7.579147684503633e-07
   32          4.477004857761874e-07
   33          2.671980386989072e-07
   34          1.651661793037048e-07
   35          9.606878371602231e-08
   36          6.176619545968648e-08
   37          3.725342532954977e-08
   38          2.160359872049688e-08
   39          1.303953001675799e-08
   40          7.585851988084769e-09
   41          4.132534175697665e-09
   42          2.329577239572756e-09
   43          1.183057248198475e-09
   44          6.178507698843498e-10
   45          3.058838618457104e-10
   46          1.572504974537924e-10
 --------------------------------- 


 Final ||Ax - b|| norm =  0.000000000095506
 Final energy = 11011.637286890905671

 Bond dimension before truncation: 306
 Bond dimension after truncation: 51
 Updating left boundary for site 11

 MICROITERATION NUMBER = 11  , forward sweep
 - Optimization centered on site: 11
 - Left boundaries taken from index: 11
 - Right boundaries taken from index: 12


 Initial ||Ax - b|| norm =  0.999998776813210

 ------------------------------------- 
 Iteration  | Rel. error estimate      
 ------------------------------------- 
    0          9.999987768132097e-01
    1          4.639301941738738e-01
    2          1.697872366225812e-01
    3          6.094188168306589e-02
    4          2.574224015378668e-02
    5          1.369370768742881e-02
    6          7.232879438438668e-03
    7          3.953111897228492e-03
    8          2.190356788297308e-03
    9          1.293393129298862e-03
   10          8.446350107171505e-04
   11          5.910030724206618e-04
   12          4.011721799729209e-04
   13          2.586090298420513e-04
   14          1.570899070310560e-04
   15          9.314774670825454e-05
   16          5.844872776967320e-05
   17          3.810082054622274e-05
   18          1.967338431203409e-05
   19          9.160780449455122e-06
   20          4.612012271720283e-06
   21          2.343162526606246e-06
   22          1.226977790913134e-06
   23          6.562166518063753e-07
   24          3.939696585073942e-07
   25          2.531128381834249e-07
   26          1.696533878925255e-07
   27          1.236280199344376e-07
   28          9.389708740361996e-08
   29          7.128918290215867e-08
   30          5.332356830762653e-08
   31          4.325201798601962e-08
   32          3.620274578074535e-08
   33          2.594736921657369e-08
   34          1.490419930593833e-08
   35          8.364546381726257e-09
   36          4.754776341008490e-09
   37          2.587467943316241e-09
   38          1.554583643185424e-09
   39          9.323241204675311e-10
   40          6.552935406643700e-10
   41          5.027229171657862e-10
   42          3.338453004109458e-10
   43          1.741203431826070e-10
 --------------------------------- 


 Final ||Ax - b|| norm =  0.000000000079328
 Final energy = 11011.637286890918404

 Updating left boundary for site 12

 MICROITERATION NUMBER = 12  , backward sweep
 - Optimization centered on site: 11
 - Left boundaries taken from index: 11
 - Right boundaries taken from index: 12


 Initial ||Ax - b|| norm =  0.999998776813210

 ------------------------------------- 
 Iteration  | Rel. error estimate      
 ------------------------------------- 
    0          9.999987768132097e-01
    1          4.639301941738738e-01
    2          1.697872366225812e-01
    3          6.094188168306589e-02
    4          2.574224015378668e-02
    5          1.369370768742881e-02
    6          7.232879438438668e-03
    7          3.953111897228492e-03
    8          2.190356788297308e-03
    9          1.293393129298862e-03
   10          8.446350107171505e-04
   11          5.910030724206618e-04
   12          4.011721799729209e-04
   13          2.586090298420513e-04
   14          1.570899070310560e-04
   15          9.314774670825454e-05
   16          5.844872776967320e-05
   17          3.810082054622274e-05
   18          1.967338431203409e-05
   19          9.160780449455122e-06
   20          4.612012271720283e-06
   21          2.343162526606246e-06
   22          1.226977790913134e-06
   23          6.562166518063753e-07
   24          3.939696585073942e-07
   25          2.531128381834249e-07
   26          1.696533878925255e-07
   27          1.236280199344376e-07
   28          9.389708740361996e-08
   29          7.128918290215867e-08
   30          5.332356830762653e-08
   31          4.325201798601962e-08
   32          3.620274578074535e-08
   33          2.594736921657369e-08
   34          1.490419930593833e-08
   35          8.364546381726257e-09
   36          4.754776341008490e-09
   37          2.587467943316241e-09
   38          1.554583643185424e-09
   39          9.323241204675311e-10
   40          6.552935406643700e-10
   41          5.027229171657862e-10
   42          3.338453004109458e-10
   43          1.741203431826070e-10
 --------------------------------- 


 Final ||Ax - b|| norm =  0.000000000079328
 Final energy = 11011.637286890918404

 Bond dimension before truncation: 6
 Bond dimension after truncation: 6
 Updating right boundary for site 11

 MICROITERATION NUMBER = 13  , backward sweep
 - Optimization centered on site: 10
 - Left boundaries taken from index: 10
 - Right boundaries taken from index: 11


 Initial ||Ax - b|| norm =  0.999998777507813

 ------------------------------------- 
 Iteration  | Rel. error estimate      
 ------------------------------------- 
    0          9.999987775078129e-01
    1          4.788608337252998e-01
    2          1.971256501563051e-01
    3          8.670432476384540e-02
    4          4.200665759855905e-02
    5          2.179589462382582e-02
    6          1.209888771304639e-02
    7          7.031189363661805e-03
    8          4.696122759814261e-03
    9          3.097196118095521e-03
   10          2.248927075081597e-03
   11          1.631272229991447e-03
   12          1.251859555482966e-03
   13          9.577786290610672e-04
   14          6.844511872823097e-04
   15          4.628541191731059e-04
   16          2.947508444754895e-04
   17          2.086230492173955e-04
   18          1.559289999161563e-04
   19          1.134339629422628e-04
   20          8.115026587839601e-05
   21          5.926060908549060e-05
   22          4.203195122288045e-05
   23          2.798545764596864e-05
   24          1.640718585489195e-05
   25          9.568049923192462e-06
   26          5.836728073111488e-06
   27          3.993943999790832e-06
   28          2.632139059540178e-06
   29          1.815841231485834e-06
   30          1.202204433602978e-06
   31          7.579147684153849e-07
   32          4.477004857730989e-07
   33          2.671980386994945e-07
   34          1.651661793040111e-07
   35          9.606878371463869e-08
   36          6.176619545790455e-08
   37          3.725342532934854e-08
   38          2.160359872054682e-08
   39          1.303953001678819e-08
   40          7.585851988091013e-09
   41          4.132534175693903e-09
   42          2.329577239568130e-09
   43          1.183057248195069e-09
   44          6.178507698787271e-10
   45          3.058838618245105e-10
   46          1.572504974136775e-10
 --------------------------------- 


 Final ||Ax - b|| norm =  0.000000000095508
 Final energy = 11011.637286890900214

 Bond dimension before truncation: 36
 Bond dimension after truncation: 36
 Updating right boundary for site 10

 MICROITERATION NUMBER = 14  , backward sweep
 - Optimization centered on site: 9
 - Left boundaries taken from index: 9
 - Right boundaries taken from index: 10


 Initial ||Ax - b|| norm =  0.999998890089792

 ------------------------------------- 
 Iteration  | Rel. error estimate      
 ------------------------------------- 
    0          9.999988900897925e-01
    1          6.493528526477266e-01
    2          3.128806423042514e-01
    3          1.743976239901255e-01
    4          1.047743375742553e-01
    5          6.766352609355997e-02
    6          4.468790765627668e-02
    7          2.914479020606765e-02
    8          1.877047410381214e-02
    9          1.245350131825561e-02
   10          8.782535188233145e-03
   11          6.201443091192261e-03
   12          4.308130724100846e-03
   13          3.254908334444766e-03
   14          2.500689837290808e-03
   15          2.024307918616870e-03
   16          1.640369407482725e-03
   17          1.349369455577314e-03
   18          1.120469602421075e-03
   19          9.141506422962919e-04
   20          6.846049458302562e-04
   21          5.000599047133780e-04
   22          3.672597158164766e-04
   23          2.807444645966049e-04
   24          2.125845830305485e-04
   25          1.735420358716093e-04
   26          1.322069716140266e-04
   27          1.035522115123356e-04
   28          8.168858362891932e-05
   29          6.586821851033663e-05
   30          5.509312208528561e-05
   31          4.528646149102629e-05
   32          3.633791734078434e-05
   33          2.974052298970754e-05
   34          2.401908367943814e-05
   35          1.947595126883881e-05
   36          1.592541745916752e-05
   37          1.259116100177191e-05
   38          9.389467016697449e-06
   39          7.058056837258467e-06
   40          5.151614245944476e-06
   41          3.795140984338414e-06
   42          2.840307737473951e-06
   43          2.018842279769555e-06
   44          1.461996470051814e-06
   45          1.074337395568724e-06
   46          7.952007944697575e-07
   47          5.951218768863036e-07
   48          4.386998659945394e-07
 --------------------------------- 


 Final ||Ax - b|| norm =  0.000000329699363
 Final energy = 11011.637054738237566

 Bond dimension before truncation: 216
 Bond dimension after truncation: 51
 Updating right boundary for site 9

 MICROITERATION NUMBER = 15  , backward sweep
 - Optimization centered on site: 8
 - Left boundaries taken from index: 8
 - Right boundaries taken from index: 9


 Initial ||Ax - b|| norm =  0.999999116908586

 ------------------------------------- 
 Iteration  | Rel. error estimate      
 ------------------------------------- 
    0          9.999991169085861e-01
    1          7.403845378502043e-01
    2          3.749968091923180e-01
    3          1.758795220530736e-01
    4          8.976708818477253e-02
    5          4.727641754737504e-02
    6          2.544707965931788e-02
    7          1.498119898130881e-02
    8          9.445189774098195e-03
    9          6.143805355442288e-03
   10          4.174081957234461e-03
   11          3.018004782045917e-03
   12          2.148355214531503e-03
   13          1.588113967811923e-03
   14          1.221899979739977e-03
   15          9.569536088062790e-04
   16          7.473032762891094e-04
   17          5.556522110720548e-04
   18          4.000673314223069e-04
   19          2.798036205684908e-04
   20          1.953459453952121e-04
   21          1.354544923220759e-04
   22          9.892477328088858e-05
   23          7.448438443955621e-05
   24          5.592328380528389e-05
   25          4.234368607130241e-05
   26          3.280186658222657e-05
   27          2.491339250315899e-05
   28          1.848890417830148e-05
   29          1.308525087505143e-05
   30          8.665661143208152e-06
   31          5.774864358470545e-06
   32          3.907977908363009e-06
   33          2.616141183283469e-06
   34          1.709819020430829e-06
   35          1.116066752082255e-06
   36          7.490316421035783e-07
   37          5.188770301219405e-07
   38          3.724481453001363e-07
   39          2.825000949594865e-07
   40          2.179358841628845e-07
   41          1.619988968415834e-07
   42          1.137829421202833e-07
   43          8.242866111813851e-08
   44          6.008557313886666e-08
   45          4.237781401637168e-08
   46          2.936306954775337e-08
   47          1.996693452214160e-08
   48          1.329605337649248e-08
 --------------------------------- 


 Final ||Ax - b|| norm =  0.000000008332293
 Final energy = 11011.635132410898223

 Bond dimension before truncation: 306
 Bond dimension after truncation: 51
 Updating right boundary for site 8

 MICROITERATION NUMBER = 16  , backward sweep
 - Optimization centered on site: 7
 - Left boundaries taken from index: 7
 - Right boundaries taken from index: 8


 Initial ||Ax - b|| norm =  0.999999340866818

 ------------------------------------- 
 Iteration  | Rel. error estimate      
 ------------------------------------- 
    0          9.999993408668180e-01
    1          7.669265904653424e-01
    2          3.390148524541602e-01
    3          1.107931952683321e-01
    4          4.458157954688396e-02
    5          2.202756247049169e-02
    6          1.175276695052876e-02
    7          6.661688172140333e-03
    8          4.155234903161515e-03
    9          2.570223269413163e-03
   10          1.720808959484746e-03
   11          1.201200244036323e-03
   12          8.653050868703396e-04
   13          6.221711414221606e-04
   14          4.183207017311345e-04
   15          2.779547607042151e-04
   16          1.794221821217701e-04
   17          1.170957899172207e-04
   18          7.706779503371333e-05
   19          5.242200087215536e-05
   20          3.737882336853715e-05
   21          2.502469236700247e-05
   22          1.646238770493668e-05
   23          1.050946465013305e-05
   24          6.592301215433161e-06
   25          4.082001779696999e-06
   26          2.553069405449302e-06
   27          1.614340269765718e-06
   28          1.083020272240535e-06
   29          7.697209684950153e-07
   30          5.244796590629506e-07
   31          3.327915524858328e-07
   32          2.029645180377914e-07
   33          1.175510944417076e-07
   34          6.852999968076585e-08
   35          3.954544199503249e-08
   36          2.372554728051355e-08
   37          1.540187687924221e-08
   38          1.010161252709943e-08
   39          6.452695081521716e-09
   40          4.211800824337120e-09
   41          2.810539239786028e-09
   42          1.869805762957602e-09
   43          1.245017287078994e-09
   44          8.024314276335039e-10
   45          4.919671889013705e-10
   46          2.867683666216675e-10
   47          1.723566100859965e-10
   48          1.048197092517521e-10
 --------------------------------- 


 Final ||Ax - b|| norm =  0.000000000061562
 Final energy = 11011.635111878598764

 Bond dimension before truncation: 306
 Bond dimension after truncation: 51
 Updating right boundary for site 7

 MICROITERATION NUMBER = 17  , backward sweep
 - Optimization centered on site: 6
 - Left boundaries taken from index: 6
 - Right boundaries taken from index: 7


 Initial ||Ax - b|| norm =  0.999999634164842

 ------------------------------------- 
 Iteration  | Rel. error estimate      
 ------------------------------------- 
    0          9.999996341648421e-01
    1          6.688698349268687e-01
    2          2.613724832051842e-01
    3          9.392756879789732e-02
    4          4.030800820925706e-02
    5          1.970941903612883e-02
    6          1.065507853789617e-02
    7          5.832545590045342e-03
    8          3.340514922271734e-03
    9          2.012887428881678e-03
   10          1.314888264855577e-03
   11          9.200619338120523e-04
   12          6.581114488844941e-04
   13          4.547433894248661e-04
   14          3.010082973458171e-04
   15          1.891302744478318e-04
   16          1.110179141048843e-04
   17          6.806292508058962e-05
   18          4.518314567411856e-05
   19          3.071121636260518e-05
   20          2.115278262944934e-05
   21          1.393968945392920e-05
   22          8.641695121958740e-06
   23          5.365591740634185e-06
   24          3.264639855911586e-06
   25          1.872906393243049e-06
   26          1.074828778524299e-06
   27          6.369291274102361e-07
   28          4.166817039126696e-07
   29          2.815300807854118e-07
   30          1.784177148225971e-07
   31          1.014500907084516e-07
   32          5.567001421536666e-08
   33          3.200095045732056e-08
   34          1.885948298237968e-08
   35          1.105545001066061e-08
   36          6.484483169035589e-09
   37          3.786660296438051e-09
   38          2.330606636414117e-09
   39          1.493517808978057e-09
   40          9.571750817970848e-10
   41          6.211087475831283e-10
   42          4.055606780503063e-10
   43          2.566559422193013e-10
   44          1.550334552700161e-10
 --------------------------------- 


 Final ||Ax - b|| norm =  0.000000000090177
 Final energy = 11011.641552521183257

 Bond dimension before truncation: 306
 Bond dimension after truncation: 51
 Updating right boundary for site 6

 MICROITERATION NUMBER = 18  , backward sweep
 - Optimization centered on site: 5
 - Left boundaries taken from index: 5
 - Right boundaries taken from index: 6


 Initial ||Ax - b|| norm =  0.999999855325710

 ------------------------------------- 
 Iteration  | Rel. error estimate      
 ------------------------------------- 
    0          9.999998553257098e-01
    1          5.485354966788331e-01
    2          2.017444707166079e-01
    3          7.096174824778401e-02
    4          3.021779244993597e-02
    5          1.425553893119977e-02
    6          6.955648474763146e-03
    7          3.671996983087456e-03
    8          2.159265547249500e-03
    9          1.308926075167189e-03
   10          8.574589554573943e-04
   11          6.093022392841272e-04
   12          4.268728266337687e-04
   13          2.911753762614346e-04
   14          1.853450032692738e-04
   15          1.080396585486910e-04
   16          6.402235455438710e-05
   17          4.289932177398768e-05
   18          2.920068187129293e-05
   19          1.987913051411194e-05
   20          1.349858733815092e-05
   21          8.198542601939227e-06
   22          4.983995126892392e-06
   23          3.247960147313755e-06
   24          1.958746343055524e-06
   25          1.159307043350039e-06
   26          6.705522404045289e-07
   27          4.148344538315796e-07
   28          2.680267749197401e-07
   29          1.728369918965123e-07
   30          1.012127148059698e-07
   31          5.612823003307712e-08
   32          3.184824237943296e-08
   33          1.867939203777326e-08
   34          1.118233893016560e-08
   35          6.523798249002982e-09
   36          3.819258332039140e-09
   37          2.309107635031219e-09
   38          1.403984041475814e-09
   39          8.384534884163059e-10
   40          5.084237995394819e-10
   41          3.065403780157631e-10
   42          1.871678843229859e-10
   43          1.146393476423327e-10
 --------------------------------- 


 Final ||Ax - b|| norm =  0.000000000071107
 Final energy = 11011.646278734860971

 Bond dimension before truncation: 306
 Bond dimension after truncation: 51
 Updating right boundary for site 5

 MICROITERATION NUMBER = 19  , backward sweep
 - Optimization centered on site: 4
 - Left boundaries taken from index: 4
 - Right boundaries taken from index: 5


 Initial ||Ax - b|| norm =  0.999999970380306

 ------------------------------------- 
 Iteration  | Rel. error estimate      
 ------------------------------------- 
    0          9.999999703803061e-01
    1          4.882118551088429e-01
    2          1.721556333744576e-01
    3          6.040269755313359e-02
    4          2.621898164500405e-02
    5          1.141292060417488e-02
    6          5.603464237010248e-03
    7          3.018514134768863e-03
    8          1.597910484327963e-03
    9          9.006161272722473e-04
   10          5.478180769552845e-04
   11          3.431081130679160e-04
   12          2.176773955413351e-04
   13          1.429678300102583e-04
   14          9.381931097402567e-05
   15          5.694893142711419e-05
   16          3.070081848996390e-05
   17          1.709933219356583e-05
   18          1.001709067338472e-05
   19          6.222232174778367e-06
   20          4.015648540445131e-06
   21          2.564121571776095e-06
   22          1.650165944360313e-06
   23          1.094679819619772e-06
   24          7.271767389195824e-07
   25          4.558825392715492e-07
   26          2.657401809616748e-07
   27          1.663015902443757e-07
   28          1.093340625106250e-07
   29          7.438124732524679e-08
   30          4.583210466762306e-08
   31          2.670978238348636e-08
   32          1.488990915803183e-08
   33          8.408077154402936e-09
   34          4.669010274917369e-09
   35          2.714194903236730e-09
   36          1.661609346897440e-09
   37          1.075389267457945e-09
   38          6.776087604824546e-10
   39          4.062792367457141e-10
   40          2.350720723806691e-10
   41          1.380802655299490e-10
 --------------------------------- 


 Final ||Ax - b|| norm =  0.000000000082238
 Final energy = 11011.648383914674923

 Bond dimension before truncation: 306
 Bond dimension after truncation: 51
 Updating right boundary for site 4

 MICROITERATION NUMBER = 20  , backward sweep
 - Optimization centered on site: 3
 - Left boundaries taken from index: 3
 - Right boundaries taken from index: 4


 Initial ||Ax - b|| norm =  0.999999998815718

 ------------------------------------- 
 Iteration  | Rel. error estimate      
 ------------------------------------- 
    0          9.999999988157177e-01
    1          4.592029324201442e-01
    2          1.561945134717385e-01
    3          5.597389787860149e-02
    4          2.452500236898572e-02
    5          1.045047016572035e-02
    6          5.007130376449805e-03
    7          2.543711893247116e-03
    8          1.369240214527015e-03
    9          7.698468641052891e-04
   10          4.558323726837650e-04
   11          2.773508885154844e-04
   12          1.616519050491389e-04
   13          9.773320689376024e-05
   14          6.451626891359154e-05
   15          3.912678168706487e-05
   16          2.092711962659627e-05
   17          1.094646343778593e-05
   18          6.019137686730028e-06
   19          3.221426780592771e-06
   20          1.835983005144048e-06
   21          1.067402352709947e-06
   22          6.711042160570116e-07
   23          4.264704957921750e-07
   24          2.569177193058724e-07
   25          1.330874085946950e-07
   26          6.724167684508307e-08
   27          3.651636867010361e-08
   28          2.196497393670809e-08
   29          1.464694144719307e-08
   30          9.416723724181511e-09
   31          5.530920134277966e-09
   32          3.042827123811778e-09
   33          1.588202172997705e-09
   34          8.427214477291796e-10
   35          4.894203864606756e-10
   36          3.082623448478985e-10
   37          2.026966040079993e-10
   38          1.296023234783351e-10
 --------------------------------- 


 Final ||Ax - b|| norm =  0.000000000081442
 Final energy = 11011.649431488121991

 Bond dimension before truncation: 306
 Bond dimension after truncation: 51
 Updating right boundary for site 3

 MICROITERATION NUMBER = 21  , backward sweep
 - Optimization centered on site: 2
 - Left boundaries taken from index: 2
 - Right boundaries taken from index: 3


 Initial ||Ax - b|| norm =  0.999999999998753

 ------------------------------------- 
 Iteration  | Rel. error estimate      
 ------------------------------------- 
    0          9.999999999987529e-01
    1          3.437604637218528e-02
    2          8.914266144923001e-03
    3          3.278428291208457e-03
    4          1.378180968384604e-03
    5          7.429636453528650e-04
    6          4.956343505222438e-04
    7          3.485611506197043e-04
    8          2.372147886888023e-04
    9          1.428576280982578e-04
   10          7.960547711427832e-05
   11          4.398687916320826e-05
   12          2.806656932846048e-05
   13          1.896118326700432e-05
   14          1.216946520992102e-05
   15          7.443818093613703e-06
   16          4.361784731609418e-06
   17          2.521440849877451e-06
   18          1.398191180175745e-06
   19          7.039962003808646e-07
   20          3.497689468399317e-07
   21          1.854690455280386e-07
   22          1.046154131669637e-07
   23          6.093538232854221e-08
   24          3.678819926801739e-08
   25          2.221638174931520e-08
   26          1.354534443819521e-08
   27          8.155396525751112e-09
   28          4.922088343150851e-09
   29          2.887698995027465e-09
   30          1.627340658077178e-09
   31          9.171089442488820e-10
   32          5.251925220161571e-10
   33          2.878291026853890e-10
   34          1.655486406694332e-10
   35          1.059896974812259e-10
 --------------------------------- 


 Final ||Ax - b|| norm =  0.000000000068036
 Final energy = 11011.652645973630570

 Bond dimension before truncation: 306
 Bond dimension after truncation: 51
 Updating right boundary for site 2

 MICROITERATION NUMBER = 22  , backward sweep
 - Optimization centered on site: 1
 - Left boundaries taken from index: 1
 - Right boundaries taken from index: 2


 Initial ||Ax - b|| norm =  0.999999999998736

 ------------------------------------- 
 Iteration  | Rel. error estimate      
 ------------------------------------- 
    0          9.999999999987361e-01
    1          1.386517800518187e-03
    2          8.808548502401882e-04
    3          5.992596986663245e-04
    4          3.066173647664738e-04
    5          1.803697276577095e-04
    6          1.107041323697804e-04
    7          5.833582456224455e-05
    8          3.469588260364223e-05
    9          2.126968348341266e-05
   10          1.317501506558466e-05
   11          8.735511512227132e-06
   12          4.447070879089512e-06
   13          2.111176112610265e-06
   14          1.050315648202812e-06
   15          5.611217989282480e-07
   16          2.977884889912328e-07
   17          1.529363407653217e-07
   18          7.910294927711317e-08
   19          4.049051899686924e-08
   20          2.242072688758337e-08
   21          1.404119589105302e-08
   22          8.515871851939512e-09
   23          4.858318575683905e-09
   24          2.496156965326567e-09
   25          1.215765222879415e-09
   26          5.479825543587543e-10
   27          3.075491928412019e-10
   28          1.887515467344900e-10
   29          1.051323469983602e-10
 --------------------------------- 


 Final ||Ax - b|| norm =  0.000000000055896
 Final energy = 11011.652659339884849

 Bond dimension before truncation: 306
 Bond dimension after truncation: 51
 Updating right boundary for site 1

 MICROITERATION NUMBER = 23  , backward sweep
 - Optimization centered on site: 0
 - Left boundaries taken from index: 0
 - Right boundaries taken from index: 1


 Initial ||Ax - b|| norm =  0.999999999998729

 ------------------------------------- 
 Iteration  | Rel. error estimate      
 ------------------------------------- 
    0          9.999999999987289e-01
    1          1.050820301505263e-03
    2          6.735443632896513e-04
    3          3.344553919123881e-04
    4          1.860497180410463e-04
    5          8.884294937206408e-05
    6          5.146222962992778e-05
    7          2.621616888955241e-05
    8          1.619965121279702e-05
    9          9.946884456721081e-06
   10          4.455360899047096e-06
   11          1.992912853050561e-06
   12          8.484610289790179e-07
   13          4.296786010311103e-07
   14          1.978861088726348e-07
   15          9.573390076776792e-08
   16          4.566569230739062e-08
   17          2.573096341375598e-08
   18          1.370041381524781e-08
   19          8.501780287171479e-09
   20          3.821421129370282e-09
   21          1.618336932027704e-09
   22          7.049628200410663e-10
   23          3.895526801370831e-10
   24          2.155405437580679e-10
   25          1.123491634972968e-10
 --------------------------------- 


 Final ||Ax - b|| norm =  0.000000000058709
 Final energy = 11011.652659348541420

 Updating right boundary for site 0

 == RESULTS FOR THE 3-th iteration ==
 - Energy difference for iteration = 3 = 0.0000000372
 - MPS overlap with solution at previous iteration = 1.0000000000
 --> CONVERGENCE REACHED
Task took 239.6521860000 seconds.
