  SCINE QCMaquis 
  Quantum Chemical Density Matrix Renormalization group
  available from https://scine.ethz.ch/download/qcmaquis
  based on the ALPS MPS codes from http://alps.comp-phys.org
  copyright (c) 2015-2018 Laboratory of Physical Chemistry, ETH Zurich
  copyright (c) 2012-2016 by Sebastian Keller
  copyright (c) 2016-2021 by Alberto Baiardi, Leon Freitag,
  Stefan Knecht, Yingjin Ma
  For details on tcDMRG see the following publications:
   - A. Baiardi, M. Reiher, J. Chem. Phys. 153, 164115 (2020)
   - A. Baiardi, M. Lesiuk, M. Reiher, J. Chem. Theory Comput. 18, 4203 (2022)
This binary contains symmetries: 2u1 2u1pg su2u1 su2u1pg 
DMRG version 2.2.0-29f2113cd07d67f39f54cb2cb0e85ebfa1239c04 (TranscorrelatedHamiltonian) release-3.1.2-gitlab
Disk storage of boundaries disabled
Retrieving integrals from the file FCIDUMP_be_dz_conventional
The hamiltonian will contain 23942 terms
MPO Bond 0: 126/48
MPO Bond 1: 138/54
MPO Bond 2: 218/94
MPO Bond 3: 270/120
MPO Bond 4: 310/142
MPO Bond 5: 348/162
MPO Bond 6: 440/208
MPO Bond 7: 548/262
MPO Bond 8: 360/168
MPO Bond 9: 404/190
MPO Bond 10: 464/220
MPO Bond 11: 540/258
MPO Bond 12: 16/6
MPO Bond 13: 1/0
MPS initialization has finished...

 ============================== 
   STARTING tcDMRG SIMULATION = 
 ============================== 

 Number of sweeps for the preliminary TI-DMRG step:   10
 Number of sweeps for the tcDMRG step:  20
 Energy convergence threshold: -1


 == STARTING THE TI-DMRG OPTIMIZATION == 

Retrieving integrals from the file FCIDUMP_be_dz_conventional
The hamiltonian will contain 23942 terms
MPO Bond 0: 126/48
MPO Bond 1: 138/54
MPO Bond 2: 218/94
MPO Bond 3: 270/120
MPO Bond 4: 310/142
MPO Bond 5: 348/162
MPO Bond 6: 440/208
MPO Bond 7: 548/262
MPO Bond 8: 360/168
MPO Bond 9: 404/190
MPO Bond 10: 464/220
MPO Bond 11: 540/258
MPO Bond 12: 16/6
MPO Bond 13: 1/0

+----------------------------------+
 NEW SwEEP-BASED SIMULATION STARTED
+----------------------------------+

 Simulation settings:
 - Simulation type: Optimization
 - Sweep-based modality: Two site
 - Maximum number of sweeps: 10

 -------------------
   SWEEP NUMBER 0
 -------------------
 - Noise parameter: 0.01
 - Maximum bond dimension: 100
 - Truncation parameter: 1e-20

 MICROITERATION NUMBER = 0  , forward sweep
 - Left boundaries taken from index: 0
 - Right boundaries taken from index: 2

 Jacobi-Davidson diagonalization converged after 5 iterations.
 Energy = -14.58089955001118

 MICROITERATION NUMBER = 1  , forward sweep
 - Left boundaries taken from index: 1
 - Right boundaries taken from index: 3

 Jacobi-Davidson diagonalization converged after 10 iterations.
 Energy = -14.59564280141221

 MICROITERATION NUMBER = 2  , forward sweep
 - Left boundaries taken from index: 2
 - Right boundaries taken from index: 4

 Jacobi-Davidson diagonalization converged after 10 iterations.
 Energy = -14.6099266136486

 MICROITERATION NUMBER = 3  , forward sweep
 - Left boundaries taken from index: 3
 - Right boundaries taken from index: 5

 Jacobi-Davidson diagonalization converged after 10 iterations.
 Energy = -14.61383518387996

 MICROITERATION NUMBER = 4  , forward sweep
 - Left boundaries taken from index: 4
 - Right boundaries taken from index: 6

 Jacobi-Davidson diagonalization converged after 10 iterations.
 Energy = -14.61486888193106

 MICROITERATION NUMBER = 5  , forward sweep
 - Left boundaries taken from index: 5
 - Right boundaries taken from index: 7

 Jacobi-Davidson diagonalization converged after 10 iterations.
 Energy = -14.61587269629007

 MICROITERATION NUMBER = 6  , forward sweep
 - Left boundaries taken from index: 6
 - Right boundaries taken from index: 8

 Jacobi-Davidson diagonalization converged after 10 iterations.
 Energy = -14.6168418430541

 MICROITERATION NUMBER = 7  , forward sweep
 - Left boundaries taken from index: 7
 - Right boundaries taken from index: 9

 Jacobi-Davidson diagonalization converged after 10 iterations.
 Energy = -14.61692559364415

 MICROITERATION NUMBER = 8  , forward sweep
 - Left boundaries taken from index: 8
 - Right boundaries taken from index: 10

 Jacobi-Davidson diagonalization converged after 10 iterations.
 Energy = -14.61700063032134

 MICROITERATION NUMBER = 9  , forward sweep
 - Left boundaries taken from index: 9
 - Right boundaries taken from index: 11

 Jacobi-Davidson diagonalization converged after 10 iterations.
 Energy = -14.61707748879813

 MICROITERATION NUMBER = 10  , forward sweep
 - Left boundaries taken from index: 10
 - Right boundaries taken from index: 12

 Jacobi-Davidson diagonalization converged after 10 iterations.
 Energy = -14.61722225095787

 MICROITERATION NUMBER = 11  , forward sweep
 - Left boundaries taken from index: 11
 - Right boundaries taken from index: 13

 Jacobi-Davidson diagonalization converged after 4 iterations.
 Energy = -14.61722225167204

 MICROITERATION NUMBER = 12  , forward sweep
 - Left boundaries taken from index: 12
 - Right boundaries taken from index: 14

 Jacobi-Davidson diagonalization converged after 1 iterations.
 Energy = -14.61722224928739

 MICROITERATION NUMBER = 13  , backward sweep
 - Left boundaries taken from index: 11
 - Right boundaries taken from index: 13

 Jacobi-Davidson diagonalization converged after 1 iterations.
 Energy = -14.61722224928739

 MICROITERATION NUMBER = 14  , backward sweep
 - Left boundaries taken from index: 10
 - Right boundaries taken from index: 12

 Jacobi-Davidson diagonalization converged after 4 iterations.
 Energy = -14.61722224792859

 MICROITERATION NUMBER = 15  , backward sweep
 - Left boundaries taken from index: 9
 - Right boundaries taken from index: 11

 Jacobi-Davidson diagonalization converged after 10 iterations.
 Energy = -14.61722229388988

 MICROITERATION NUMBER = 16  , backward sweep
 - Left boundaries taken from index: 8
 - Right boundaries taken from index: 10

 Jacobi-Davidson diagonalization converged after 10 iterations.
 Energy = -14.61722298309146

 MICROITERATION NUMBER = 17  , backward sweep
 - Left boundaries taken from index: 7
 - Right boundaries taken from index: 9

 Jacobi-Davidson diagonalization converged after 10 iterations.
 Energy = -14.61722380648638

 MICROITERATION NUMBER = 18  , backward sweep
 - Left boundaries taken from index: 6
 - Right boundaries taken from index: 8

 Jacobi-Davidson diagonalization converged after 10 iterations.
 Energy = -14.61722651525332

 MICROITERATION NUMBER = 19  , backward sweep
 - Left boundaries taken from index: 5
 - Right boundaries taken from index: 7

 Jacobi-Davidson diagonalization converged after 10 iterations.
 Energy = -14.61724928437787

 MICROITERATION NUMBER = 20  , backward sweep
 - Left boundaries taken from index: 4
 - Right boundaries taken from index: 6

 Jacobi-Davidson diagonalization converged after 10 iterations.
 Energy = -14.61727728527623

 MICROITERATION NUMBER = 21  , backward sweep
 - Left boundaries taken from index: 3
 - Right boundaries taken from index: 5

 Jacobi-Davidson diagonalization converged after 10 iterations.
 Energy = -14.61731889605765

 MICROITERATION NUMBER = 22  , backward sweep
 - Left boundaries taken from index: 2
 - Right boundaries taken from index: 4

 Jacobi-Davidson diagonalization converged after 10 iterations.
 Energy = -14.61740783179978

 MICROITERATION NUMBER = 23  , backward sweep
 - Left boundaries taken from index: 1
 - Right boundaries taken from index: 3

 Jacobi-Davidson diagonalization converged after 10 iterations.
 Energy = -14.61740814274305


 -------------------
   SWEEP NUMBER 1
 -------------------
 - Noise parameter: 0.01
 - Maximum bond dimension: 100
 - Truncation parameter: 1e-18

 MICROITERATION NUMBER = 0  , forward sweep
 - Left boundaries taken from index: 0
 - Right boundaries taken from index: 2

 Jacobi-Davidson diagonalization converged after 8 iterations.
 Energy = -14.61740813886786

 MICROITERATION NUMBER = 1  , forward sweep
 - Left boundaries taken from index: 1
 - Right boundaries taken from index: 3

 Jacobi-Davidson diagonalization converged after 10 iterations.
 Energy = -14.61740814591889

 MICROITERATION NUMBER = 2  , forward sweep
 - Left boundaries taken from index: 2
 - Right boundaries taken from index: 4

 Jacobi-Davidson diagonalization converged after 10 iterations.
 Energy = -14.61740815510182

 MICROITERATION NUMBER = 3  , forward sweep
 - Left boundaries taken from index: 3
 - Right boundaries taken from index: 5

 Jacobi-Davidson diagonalization converged after 10 iterations.
 Energy = -14.61740872880446

 MICROITERATION NUMBER = 4  , forward sweep
 - Left boundaries taken from index: 4
 - Right boundaries taken from index: 6

 Jacobi-Davidson diagonalization converged after 10 iterations.
 Energy = -14.61740911243497

 MICROITERATION NUMBER = 5  , forward sweep
 - Left boundaries taken from index: 5
 - Right boundaries taken from index: 7

 Jacobi-Davidson diagonalization converged after 10 iterations.
 Energy = -14.61740915009367

 MICROITERATION NUMBER = 6  , forward sweep
 - Left boundaries taken from index: 6
 - Right boundaries taken from index: 8

 Jacobi-Davidson diagonalization converged after 10 iterations.
 Energy = -14.61740914895088

 MICROITERATION NUMBER = 7  , forward sweep
 - Left boundaries taken from index: 7
 - Right boundaries taken from index: 9

 Jacobi-Davidson diagonalization converged after 7 iterations.
 Energy = -14.61740915526988

 MICROITERATION NUMBER = 8  , forward sweep
 - Left boundaries taken from index: 8
 - Right boundaries taken from index: 10

 Jacobi-Davidson diagonalization converged after 2 iterations.
 Energy = -14.6174091506844

 MICROITERATION NUMBER = 9  , forward sweep
 - Left boundaries taken from index: 9
 - Right boundaries taken from index: 11

 Jacobi-Davidson diagonalization converged after 2 iterations.
 Energy = -14.61740915042862

 MICROITERATION NUMBER = 10  , forward sweep
 - Left boundaries taken from index: 10
 - Right boundaries taken from index: 12

 Jacobi-Davidson diagonalization converged after 2 iterations.
 Energy = -14.61740915451105

 MICROITERATION NUMBER = 11  , forward sweep
 - Left boundaries taken from index: 11
 - Right boundaries taken from index: 13

 Jacobi-Davidson diagonalization converged after 1 iterations.
 Energy = -14.61740915227839

 MICROITERATION NUMBER = 12  , forward sweep
 - Left boundaries taken from index: 12
 - Right boundaries taken from index: 14

 Jacobi-Davidson diagonalization converged after 1 iterations.
 Energy = -14.61740915227839

 MICROITERATION NUMBER = 13  , backward sweep
 - Left boundaries taken from index: 11
 - Right boundaries taken from index: 13

 Jacobi-Davidson diagonalization converged after 1 iterations.
 Energy = -14.61740915227839

 MICROITERATION NUMBER = 14  , backward sweep
 - Left boundaries taken from index: 10
 - Right boundaries taken from index: 12

 Jacobi-Davidson diagonalization converged after 1 iterations.
 Energy = -14.61740915227839

 MICROITERATION NUMBER = 15  , backward sweep
 - Left boundaries taken from index: 9
 - Right boundaries taken from index: 11

 Jacobi-Davidson diagonalization converged after 1 iterations.
 Energy = -14.61740915227839

 MICROITERATION NUMBER = 16  , backward sweep
 - Left boundaries taken from index: 8
 - Right boundaries taken from index: 10

 Jacobi-Davidson diagonalization converged after 1 iterations.
 Energy = -14.61740915227839

 MICROITERATION NUMBER = 17  , backward sweep
 - Left boundaries taken from index: 7
 - Right boundaries taken from index: 9

 Jacobi-Davidson diagonalization converged after 1 iterations.
 Energy = -14.61740915227838

 MICROITERATION NUMBER = 18  , backward sweep
 - Left boundaries taken from index: 6
 - Right boundaries taken from index: 8

 Jacobi-Davidson diagonalization converged after 2 iterations.
 Energy = -14.61740915115295

 MICROITERATION NUMBER = 19  , backward sweep
 - Left boundaries taken from index: 5
 - Right boundaries taken from index: 7

 Jacobi-Davidson diagonalization converged after 5 iterations.
 Energy = -14.6174091542073

 MICROITERATION NUMBER = 20  , backward sweep
 - Left boundaries taken from index: 4
 - Right boundaries taken from index: 6

 Jacobi-Davidson diagonalization converged after 10 iterations.
 Energy = -14.61740915086448

 MICROITERATION NUMBER = 21  , backward sweep
 - Left boundaries taken from index: 3
 - Right boundaries taken from index: 5

 Jacobi-Davidson diagonalization converged after 10 iterations.
 Energy = -14.61740914887766

 MICROITERATION NUMBER = 22  , backward sweep
 - Left boundaries taken from index: 2
 - Right boundaries taken from index: 4

 Jacobi-Davidson diagonalization converged after 10 iterations.
 Energy = -14.61740916452027

 MICROITERATION NUMBER = 23  , backward sweep
 - Left boundaries taken from index: 1
 - Right boundaries taken from index: 3

 Jacobi-Davidson diagonalization converged after 8 iterations.
 Energy = -14.61740916406933


 -------------------
   SWEEP NUMBER 2
 -------------------
 - Noise parameter: 0.01
 - Maximum bond dimension: 100
 - Truncation parameter: 1.000000000000001e-16

 MICROITERATION NUMBER = 0  , forward sweep
 - Left boundaries taken from index: 0
 - Right boundaries taken from index: 2

 Jacobi-Davidson diagonalization converged after 1 iterations.
 Energy = -14.61740916312301

 MICROITERATION NUMBER = 1  , forward sweep
 - Left boundaries taken from index: 1
 - Right boundaries taken from index: 3

 Jacobi-Davidson diagonalization converged after 1 iterations.
 Energy = -14.61740916312302

 MICROITERATION NUMBER = 2  , forward sweep
 - Left boundaries taken from index: 2
 - Right boundaries taken from index: 4

 Jacobi-Davidson diagonalization converged after 5 iterations.
 Energy = -14.61740916208371

 MICROITERATION NUMBER = 3  , forward sweep
 - Left boundaries taken from index: 3
 - Right boundaries taken from index: 5

 Jacobi-Davidson diagonalization converged after 10 iterations.
 Energy = -14.61740916079964

 MICROITERATION NUMBER = 4  , forward sweep
 - Left boundaries taken from index: 4
 - Right boundaries taken from index: 6

 Jacobi-Davidson diagonalization converged after 7 iterations.
 Energy = -14.61740916686646

 MICROITERATION NUMBER = 5  , forward sweep
 - Left boundaries taken from index: 5
 - Right boundaries taken from index: 7

 Jacobi-Davidson diagonalization converged after 3 iterations.
 Energy = -14.6174091657094

 MICROITERATION NUMBER = 6  , forward sweep
 - Left boundaries taken from index: 6
 - Right boundaries taken from index: 8

 Jacobi-Davidson diagonalization converged after 3 iterations.
 Energy = -14.61740916498506

 MICROITERATION NUMBER = 7  , forward sweep
 - Left boundaries taken from index: 7
 - Right boundaries taken from index: 9

 Jacobi-Davidson diagonalization converged after 2 iterations.
 Energy = -14.61740916309781

 MICROITERATION NUMBER = 8  , forward sweep
 - Left boundaries taken from index: 8
 - Right boundaries taken from index: 10

 Jacobi-Davidson diagonalization converged after 1 iterations.
 Energy = -14.61740916325322

 MICROITERATION NUMBER = 9  , forward sweep
 - Left boundaries taken from index: 9
 - Right boundaries taken from index: 11

 Jacobi-Davidson diagonalization converged after 1 iterations.
 Energy = -14.6174091632532

 MICROITERATION NUMBER = 10  , forward sweep
 - Left boundaries taken from index: 10
 - Right boundaries taken from index: 12

 Jacobi-Davidson diagonalization converged after 1 iterations.
 Energy = -14.61740916325321

 MICROITERATION NUMBER = 11  , forward sweep
 - Left boundaries taken from index: 11
 - Right boundaries taken from index: 13

 Jacobi-Davidson diagonalization converged after 1 iterations.
 Energy = -14.61740916325322

 MICROITERATION NUMBER = 12  , forward sweep
 - Left boundaries taken from index: 12
 - Right boundaries taken from index: 14

 Jacobi-Davidson diagonalization converged after 1 iterations.
 Energy = -14.61740916325321

 MICROITERATION NUMBER = 13  , backward sweep
 - Left boundaries taken from index: 11
 - Right boundaries taken from index: 13

 Jacobi-Davidson diagonalization converged after 1 iterations.
 Energy = -14.61740916325322

 MICROITERATION NUMBER = 14  , backward sweep
 - Left boundaries taken from index: 10
 - Right boundaries taken from index: 12

 Jacobi-Davidson diagonalization converged after 1 iterations.
 Energy = -14.61740916325321

 MICROITERATION NUMBER = 15  , backward sweep
 - Left boundaries taken from index: 9
 - Right boundaries taken from index: 11

 Jacobi-Davidson diagonalization converged after 1 iterations.
 Energy = -14.6174091632532

 MICROITERATION NUMBER = 16  , backward sweep
 - Left boundaries taken from index: 8
 - Right boundaries taken from index: 10

 Jacobi-Davidson diagonalization converged after 1 iterations.
 Energy = -14.61740916325323

 MICROITERATION NUMBER = 17  , backward sweep
 - Left boundaries taken from index: 7
 - Right boundaries taken from index: 9

 Jacobi-Davidson diagonalization converged after 1 iterations.
 Energy = -14.6174091632532

 MICROITERATION NUMBER = 18  , backward sweep
 - Left boundaries taken from index: 6
 - Right boundaries taken from index: 8

 Jacobi-Davidson diagonalization converged after 1 iterations.
 Energy = -14.6174091632532

 MICROITERATION NUMBER = 19  , backward sweep
 - Left boundaries taken from index: 5
 - Right boundaries taken from index: 7

 Jacobi-Davidson diagonalization converged after 1 iterations.
 Energy = -14.61740916325319

 MICROITERATION NUMBER = 20  , backward sweep
 - Left boundaries taken from index: 4
 - Right boundaries taken from index: 6

 Jacobi-Davidson diagonalization converged after 1 iterations.
 Energy = -14.61740916325319

 MICROITERATION NUMBER = 21  , backward sweep
 - Left boundaries taken from index: 3
 - Right boundaries taken from index: 5

 Jacobi-Davidson diagonalization converged after 5 iterations.
 Energy = -14.61740916363091

 MICROITERATION NUMBER = 22  , backward sweep
 - Left boundaries taken from index: 2
 - Right boundaries taken from index: 4

 Jacobi-Davidson diagonalization converged after 6 iterations.
 Energy = -14.61740916183611

 MICROITERATION NUMBER = 23  , backward sweep
 - Left boundaries taken from index: 1
 - Right boundaries taken from index: 3

 Jacobi-Davidson diagonalization converged after 1 iterations.
 Energy = -14.61740916325483


 -------------------
   SWEEP NUMBER 3
 -------------------
 - Noise parameter: 0.0001
 - Maximum bond dimension: 100
 - Truncation parameter: 1e-16

 MICROITERATION NUMBER = 0  , forward sweep
 - Left boundaries taken from index: 0
 - Right boundaries taken from index: 2

 Jacobi-Davidson diagonalization converged after 1 iterations.
 Energy = -14.61740916325483

 MICROITERATION NUMBER = 1  , forward sweep
 - Left boundaries taken from index: 1
 - Right boundaries taken from index: 3

 Jacobi-Davidson diagonalization converged after 1 iterations.
 Energy = -14.61740916325483

 MICROITERATION NUMBER = 2  , forward sweep
 - Left boundaries taken from index: 2
 - Right boundaries taken from index: 4

 Jacobi-Davidson diagonalization converged after 1 iterations.
 Energy = -14.61740916325484

 MICROITERATION NUMBER = 3  , forward sweep
 - Left boundaries taken from index: 3
 - Right boundaries taken from index: 5

 Jacobi-Davidson diagonalization converged after 3 iterations.
 Energy = -14.61740916529392

 MICROITERATION NUMBER = 4  , forward sweep
 - Left boundaries taken from index: 4
 - Right boundaries taken from index: 6

 Jacobi-Davidson diagonalization converged after 2 iterations.
 Energy = -14.61740916350868

 MICROITERATION NUMBER = 5  , forward sweep
 - Left boundaries taken from index: 5
 - Right boundaries taken from index: 7

 Jacobi-Davidson diagonalization converged after 1 iterations.
 Energy = -14.61740916325487

 MICROITERATION NUMBER = 6  , forward sweep
 - Left boundaries taken from index: 6
 - Right boundaries taken from index: 8

 Jacobi-Davidson diagonalization converged after 1 iterations.
 Energy = -14.61740916325486

 MICROITERATION NUMBER = 7  , forward sweep
 - Left boundaries taken from index: 7
 - Right boundaries taken from index: 9

 Jacobi-Davidson diagonalization converged after 1 iterations.
 Energy = -14.61740916325487

 MICROITERATION NUMBER = 8  , forward sweep
 - Left boundaries taken from index: 8
 - Right boundaries taken from index: 10

 Jacobi-Davidson diagonalization converged after 1 iterations.
 Energy = -14.61740916325487

 MICROITERATION NUMBER = 9  , forward sweep
 - Left boundaries taken from index: 9
 - Right boundaries taken from index: 11

 Jacobi-Davidson diagonalization converged after 1 iterations.
 Energy = -14.61740916325486

 MICROITERATION NUMBER = 10  , forward sweep
 - Left boundaries taken from index: 10
 - Right boundaries taken from index: 12

 Jacobi-Davidson diagonalization converged after 1 iterations.
 Energy = -14.61740916325486

 MICROITERATION NUMBER = 11  , forward sweep
 - Left boundaries taken from index: 11
 - Right boundaries taken from index: 13

 Jacobi-Davidson diagonalization converged after 1 iterations.
 Energy = -14.61740916325487

 MICROITERATION NUMBER = 12  , forward sweep
 - Left boundaries taken from index: 12
 - Right boundaries taken from index: 14

 Jacobi-Davidson diagonalization converged after 1 iterations.
 Energy = -14.61740916325487

 MICROITERATION NUMBER = 13  , backward sweep
 - Left boundaries taken from index: 11
 - Right boundaries taken from index: 13

 Jacobi-Davidson diagonalization converged after 1 iterations.
 Energy = -14.61740916325487

 MICROITERATION NUMBER = 14  , backward sweep
 - Left boundaries taken from index: 10
 - Right boundaries taken from index: 12

 Jacobi-Davidson diagonalization converged after 1 iterations.
 Energy = -14.61740916325486

 MICROITERATION NUMBER = 15  , backward sweep
 - Left boundaries taken from index: 9
 - Right boundaries taken from index: 11

 Jacobi-Davidson diagonalization converged after 1 iterations.
 Energy = -14.61740916325487

 MICROITERATION NUMBER = 16  , backward sweep
 - Left boundaries taken from index: 8
 - Right boundaries taken from index: 10

 Jacobi-Davidson diagonalization converged after 1 iterations.
 Energy = -14.61740916325487

 MICROITERATION NUMBER = 17  , backward sweep
 - Left boundaries taken from index: 7
 - Right boundaries taken from index: 9

 Jacobi-Davidson diagonalization converged after 1 iterations.
 Energy = -14.61740916325487

 MICROITERATION NUMBER = 18  , backward sweep
 - Left boundaries taken from index: 6
 - Right boundaries taken from index: 8

 Jacobi-Davidson diagonalization converged after 1 iterations.
 Energy = -14.61740916325486

 MICROITERATION NUMBER = 19  , backward sweep
 - Left boundaries taken from index: 5
 - Right boundaries taken from index: 7

 Jacobi-Davidson diagonalization converged after 1 iterations.
 Energy = -14.61740916325486

 MICROITERATION NUMBER = 20  , backward sweep
 - Left boundaries taken from index: 4
 - Right boundaries taken from index: 6

 Jacobi-Davidson diagonalization converged after 1 iterations.
 Energy = -14.61740916325486

 MICROITERATION NUMBER = 21  , backward sweep
 - Left boundaries taken from index: 3
 - Right boundaries taken from index: 5

 Jacobi-Davidson diagonalization converged after 1 iterations.
 Energy = -14.61740916325486

 MICROITERATION NUMBER = 22  , backward sweep
 - Left boundaries taken from index: 2
 - Right boundaries taken from index: 4

 Jacobi-Davidson diagonalization converged after 1 iterations.
 Energy = -14.61740916325486

 MICROITERATION NUMBER = 23  , backward sweep
 - Left boundaries taken from index: 1
 - Right boundaries taken from index: 3

 Jacobi-Davidson diagonalization converged after 1 iterations.
 Energy = -14.61740916325485


 -------------------
   SWEEP NUMBER 4
 -------------------
 - Noise parameter: 0.0001
 - Maximum bond dimension: 100
 - Truncation parameter: 1e-16

 MICROITERATION NUMBER = 0  , forward sweep
 - Left boundaries taken from index: 0
 - Right boundaries taken from index: 2

 Jacobi-Davidson diagonalization converged after 1 iterations.
 Energy = -14.61740916325487

 MICROITERATION NUMBER = 1  , forward sweep
 - Left boundaries taken from index: 1
 - Right boundaries taken from index: 3

 Jacobi-Davidson diagonalization converged after 1 iterations.
 Energy = -14.61740916325486

 MICROITERATION NUMBER = 2  , forward sweep
 - Left boundaries taken from index: 2
 - Right boundaries taken from index: 4

 Jacobi-Davidson diagonalization converged after 1 iterations.
 Energy = -14.61740916325486

 MICROITERATION NUMBER = 3  , forward sweep
 - Left boundaries taken from index: 3
 - Right boundaries taken from index: 5

 Jacobi-Davidson diagonalization converged after 1 iterations.
 Energy = -14.61740916325485

 MICROITERATION NUMBER = 4  , forward sweep
 - Left boundaries taken from index: 4
 - Right boundaries taken from index: 6

 Jacobi-Davidson diagonalization converged after 1 iterations.
 Energy = -14.61740916325486

 MICROITERATION NUMBER = 5  , forward sweep
 - Left boundaries taken from index: 5
 - Right boundaries taken from index: 7

 Jacobi-Davidson diagonalization converged after 1 iterations.
 Energy = -14.61740916325486

 MICROITERATION NUMBER = 6  , forward sweep
 - Left boundaries taken from index: 6
 - Right boundaries taken from index: 8

 Jacobi-Davidson diagonalization converged after 1 iterations.
 Energy = -14.61740916325486

 MICROITERATION NUMBER = 7  , forward sweep
 - Left boundaries taken from index: 7
 - Right boundaries taken from index: 9

 Jacobi-Davidson diagonalization converged after 1 iterations.
 Energy = -14.61740916325488

 MICROITERATION NUMBER = 8  , forward sweep
 - Left boundaries taken from index: 8
 - Right boundaries taken from index: 10

 Jacobi-Davidson diagonalization converged after 1 iterations.
 Energy = -14.61740916325487

 MICROITERATION NUMBER = 9  , forward sweep
 - Left boundaries taken from index: 9
 - Right boundaries taken from index: 11

 Jacobi-Davidson diagonalization converged after 1 iterations.
 Energy = -14.61740916325487

 MICROITERATION NUMBER = 10  , forward sweep
 - Left boundaries taken from index: 10
 - Right boundaries taken from index: 12

 Jacobi-Davidson diagonalization converged after 1 iterations.
 Energy = -14.61740916325487

 MICROITERATION NUMBER = 11  , forward sweep
 - Left boundaries taken from index: 11
 - Right boundaries taken from index: 13

 Jacobi-Davidson diagonalization converged after 1 iterations.
 Energy = -14.61740916325488

 MICROITERATION NUMBER = 12  , forward sweep
 - Left boundaries taken from index: 12
 - Right boundaries taken from index: 14

 Jacobi-Davidson diagonalization converged after 1 iterations.
 Energy = -14.61740916325488

 MICROITERATION NUMBER = 13  , backward sweep
 - Left boundaries taken from index: 11
 - Right boundaries taken from index: 13

 Jacobi-Davidson diagonalization converged after 1 iterations.
 Energy = -14.61740916325488

 MICROITERATION NUMBER = 14  , backward sweep
 - Left boundaries taken from index: 10
 - Right boundaries taken from index: 12

 Jacobi-Davidson diagonalization converged after 1 iterations.
 Energy = -14.61740916325487

 MICROITERATION NUMBER = 15  , backward sweep
 - Left boundaries taken from index: 9
 - Right boundaries taken from index: 11

 Jacobi-Davidson diagonalization converged after 1 iterations.
 Energy = -14.61740916325487

 MICROITERATION NUMBER = 16  , backward sweep
 - Left boundaries taken from index: 8
 - Right boundaries taken from index: 10

 Jacobi-Davidson diagonalization converged after 1 iterations.
 Energy = -14.61740916325487

 MICROITERATION NUMBER = 17  , backward sweep
 - Left boundaries taken from index: 7
 - Right boundaries taken from index: 9

 Jacobi-Davidson diagonalization converged after 1 iterations.
 Energy = -14.61740916325488

 MICROITERATION NUMBER = 18  , backward sweep
 - Left boundaries taken from index: 6
 - Right boundaries taken from index: 8

 Jacobi-Davidson diagonalization converged after 1 iterations.
 Energy = -14.61740916325486

 MICROITERATION NUMBER = 19  , backward sweep
 - Left boundaries taken from index: 5
 - Right boundaries taken from index: 7

 Jacobi-Davidson diagonalization converged after 1 iterations.
 Energy = -14.61740916325487

 MICROITERATION NUMBER = 20  , backward sweep
 - Left boundaries taken from index: 4
 - Right boundaries taken from index: 6

 Jacobi-Davidson diagonalization converged after 1 iterations.
 Energy = -14.61740916325486

 MICROITERATION NUMBER = 21  , backward sweep
 - Left boundaries taken from index: 3
 - Right boundaries taken from index: 5

 Jacobi-Davidson diagonalization converged after 1 iterations.
 Energy = -14.61740916325485

 MICROITERATION NUMBER = 22  , backward sweep
 - Left boundaries taken from index: 2
 - Right boundaries taken from index: 4

 Jacobi-Davidson diagonalization converged after 1 iterations.
 Energy = -14.61740916325486

 MICROITERATION NUMBER = 23  , backward sweep
 - Left boundaries taken from index: 1
 - Right boundaries taken from index: 3

 Jacobi-Davidson diagonalization converged after 1 iterations.
 Energy = -14.61740916325486


 -------------------
   SWEEP NUMBER 5
 -------------------
 - Noise parameter: 0.0001
 - Maximum bond dimension: 100
 - Truncation parameter: 1e-16

 MICROITERATION NUMBER = 0  , forward sweep
 - Left boundaries taken from index: 0
 - Right boundaries taken from index: 2

 Jacobi-Davidson diagonalization converged after 1 iterations.
 Energy = -14.61740916325486

 MICROITERATION NUMBER = 1  , forward sweep
 - Left boundaries taken from index: 1
 - Right boundaries taken from index: 3

 Jacobi-Davidson diagonalization converged after 1 iterations.
 Energy = -14.61740916325486

 MICROITERATION NUMBER = 2  , forward sweep
 - Left boundaries taken from index: 2
 - Right boundaries taken from index: 4

 Jacobi-Davidson diagonalization converged after 1 iterations.
 Energy = -14.61740916325486

 MICROITERATION NUMBER = 3  , forward sweep
 - Left boundaries taken from index: 3
 - Right boundaries taken from index: 5

 Jacobi-Davidson diagonalization converged after 1 iterations.
 Energy = -14.61740916325485

 MICROITERATION NUMBER = 4  , forward sweep
 - Left boundaries taken from index: 4
 - Right boundaries taken from index: 6

 Jacobi-Davidson diagonalization converged after 1 iterations.
 Energy = -14.61740916325485

 MICROITERATION NUMBER = 5  , forward sweep
 - Left boundaries taken from index: 5
 - Right boundaries taken from index: 7

 Jacobi-Davidson diagonalization converged after 1 iterations.
 Energy = -14.61740916325486

 MICROITERATION NUMBER = 6  , forward sweep
 - Left boundaries taken from index: 6
 - Right boundaries taken from index: 8

 Jacobi-Davidson diagonalization converged after 1 iterations.
 Energy = -14.61740916325486

 MICROITERATION NUMBER = 7  , forward sweep
 - Left boundaries taken from index: 7
 - Right boundaries taken from index: 9

 Jacobi-Davidson diagonalization converged after 1 iterations.
 Energy = -14.61740916325487

 MICROITERATION NUMBER = 8  , forward sweep
 - Left boundaries taken from index: 8
 - Right boundaries taken from index: 10

 Jacobi-Davidson diagonalization converged after 1 iterations.
 Energy = -14.61740916325487

 MICROITERATION NUMBER = 9  , forward sweep
 - Left boundaries taken from index: 9
 - Right boundaries taken from index: 11

 Jacobi-Davidson diagonalization converged after 1 iterations.
 Energy = -14.61740916325486

 MICROITERATION NUMBER = 10  , forward sweep
 - Left boundaries taken from index: 10
 - Right boundaries taken from index: 12

 Jacobi-Davidson diagonalization converged after 1 iterations.
 Energy = -14.61740916325486

 MICROITERATION NUMBER = 11  , forward sweep
 - Left boundaries taken from index: 11
 - Right boundaries taken from index: 13

 Jacobi-Davidson diagonalization converged after 1 iterations.
 Energy = -14.61740916325487

 MICROITERATION NUMBER = 12  , forward sweep
 - Left boundaries taken from index: 12
 - Right boundaries taken from index: 14

 Jacobi-Davidson diagonalization converged after 1 iterations.
 Energy = -14.61740916325487

 MICROITERATION NUMBER = 13  , backward sweep
 - Left boundaries taken from index: 11
 - Right boundaries taken from index: 13

 Jacobi-Davidson diagonalization converged after 1 iterations.
 Energy = -14.61740916325487

 MICROITERATION NUMBER = 14  , backward sweep
 - Left boundaries taken from index: 10
 - Right boundaries taken from index: 12

 Jacobi-Davidson diagonalization converged after 1 iterations.
 Energy = -14.61740916325486

 MICROITERATION NUMBER = 15  , backward sweep
 - Left boundaries taken from index: 9
 - Right boundaries taken from index: 11

 Jacobi-Davidson diagonalization converged after 1 iterations.
 Energy = -14.61740916325487

 MICROITERATION NUMBER = 16  , backward sweep
 - Left boundaries taken from index: 8
 - Right boundaries taken from index: 10

 Jacobi-Davidson diagonalization converged after 1 iterations.
 Energy = -14.61740916325486

 MICROITERATION NUMBER = 17  , backward sweep
 - Left boundaries taken from index: 7
 - Right boundaries taken from index: 9

 Jacobi-Davidson diagonalization converged after 1 iterations.
 Energy = -14.61740916325487

 MICROITERATION NUMBER = 18  , backward sweep
 - Left boundaries taken from index: 6
 - Right boundaries taken from index: 8

 Jacobi-Davidson diagonalization converged after 1 iterations.
 Energy = -14.61740916325486

 MICROITERATION NUMBER = 19  , backward sweep
 - Left boundaries taken from index: 5
 - Right boundaries taken from index: 7

 Jacobi-Davidson diagonalization converged after 1 iterations.
 Energy = -14.61740916325487

 MICROITERATION NUMBER = 20  , backward sweep
 - Left boundaries taken from index: 4
 - Right boundaries taken from index: 6

 Jacobi-Davidson diagonalization converged after 1 iterations.
 Energy = -14.61740916325485

 MICROITERATION NUMBER = 21  , backward sweep
 - Left boundaries taken from index: 3
 - Right boundaries taken from index: 5

 Jacobi-Davidson diagonalization converged after 1 iterations.
 Energy = -14.61740916325485

 MICROITERATION NUMBER = 22  , backward sweep
 - Left boundaries taken from index: 2
 - Right boundaries taken from index: 4

 Jacobi-Davidson diagonalization converged after 1 iterations.
 Energy = -14.61740916325486

 MICROITERATION NUMBER = 23  , backward sweep
 - Left boundaries taken from index: 1
 - Right boundaries taken from index: 3

 Jacobi-Davidson diagonalization converged after 1 iterations.
 Energy = -14.61740916325486


 -------------------
   SWEEP NUMBER 6
 -------------------
 - Noise parameter: 1e-08
 - Maximum bond dimension: 100
 - Truncation parameter: 1e-16

 MICROITERATION NUMBER = 0  , forward sweep
 - Left boundaries taken from index: 0
 - Right boundaries taken from index: 2

 Jacobi-Davidson diagonalization converged after 1 iterations.
 Energy = -14.61740916325487

 MICROITERATION NUMBER = 1  , forward sweep
 - Left boundaries taken from index: 1
 - Right boundaries taken from index: 3

 Jacobi-Davidson diagonalization converged after 1 iterations.
 Energy = -14.61740916325486

 MICROITERATION NUMBER = 2  , forward sweep
 - Left boundaries taken from index: 2
 - Right boundaries taken from index: 4

 Jacobi-Davidson diagonalization converged after 1 iterations.
 Energy = -14.61740916325486

 MICROITERATION NUMBER = 3  , forward sweep
 - Left boundaries taken from index: 3
 - Right boundaries taken from index: 5

 Jacobi-Davidson diagonalization converged after 1 iterations.
 Energy = -14.61740916325486

 MICROITERATION NUMBER = 4  , forward sweep
 - Left boundaries taken from index: 4
 - Right boundaries taken from index: 6

 Jacobi-Davidson diagonalization converged after 1 iterations.
 Energy = -14.61740916325486

 MICROITERATION NUMBER = 5  , forward sweep
 - Left boundaries taken from index: 5
 - Right boundaries taken from index: 7

 Jacobi-Davidson diagonalization converged after 1 iterations.
 Energy = -14.61740916325487

 MICROITERATION NUMBER = 6  , forward sweep
 - Left boundaries taken from index: 6
 - Right boundaries taken from index: 8

 Jacobi-Davidson diagonalization converged after 1 iterations.
 Energy = -14.61740916325487

 MICROITERATION NUMBER = 7  , forward sweep
 - Left boundaries taken from index: 7
 - Right boundaries taken from index: 9

 Jacobi-Davidson diagonalization converged after 1 iterations.
 Energy = -14.61740916325487

 MICROITERATION NUMBER = 8  , forward sweep
 - Left boundaries taken from index: 8
 - Right boundaries taken from index: 10

 Jacobi-Davidson diagonalization converged after 1 iterations.
 Energy = -14.61740916325488

 MICROITERATION NUMBER = 9  , forward sweep
 - Left boundaries taken from index: 9
 - Right boundaries taken from index: 11

 Jacobi-Davidson diagonalization converged after 1 iterations.
 Energy = -14.61740916325487

 MICROITERATION NUMBER = 10  , forward sweep
 - Left boundaries taken from index: 10
 - Right boundaries taken from index: 12

 Jacobi-Davidson diagonalization converged after 1 iterations.
 Energy = -14.61740916325487

 MICROITERATION NUMBER = 11  , forward sweep
 - Left boundaries taken from index: 11
 - Right boundaries taken from index: 13

 Jacobi-Davidson diagonalization converged after 1 iterations.
 Energy = -14.61740916325488

 MICROITERATION NUMBER = 12  , forward sweep
 - Left boundaries taken from index: 12
 - Right boundaries taken from index: 14

 Jacobi-Davidson diagonalization converged after 1 iterations.
 Energy = -14.61740916325488

 MICROITERATION NUMBER = 13  , backward sweep
 - Left boundaries taken from index: 11
 - Right boundaries taken from index: 13

 Jacobi-Davidson diagonalization converged after 1 iterations.
 Energy = -14.61740916325488

 MICROITERATION NUMBER = 14  , backward sweep
 - Left boundaries taken from index: 10
 - Right boundaries taken from index: 12

 Jacobi-Davidson diagonalization converged after 1 iterations.
 Energy = -14.61740916325487

 MICROITERATION NUMBER = 15  , backward sweep
 - Left boundaries taken from index: 9
 - Right boundaries taken from index: 11

 Jacobi-Davidson diagonalization converged after 1 iterations.
 Energy = -14.61740916325487

 MICROITERATION NUMBER = 16  , backward sweep
 - Left boundaries taken from index: 8
 - Right boundaries taken from index: 10

 Jacobi-Davidson diagonalization converged after 1 iterations.
 Energy = -14.61740916325487

 MICROITERATION NUMBER = 17  , backward sweep
 - Left boundaries taken from index: 7
 - Right boundaries taken from index: 9

 Jacobi-Davidson diagonalization converged after 1 iterations.
 Energy = -14.61740916325487

 MICROITERATION NUMBER = 18  , backward sweep
 - Left boundaries taken from index: 6
 - Right boundaries taken from index: 8

 Jacobi-Davidson diagonalization converged after 1 iterations.
 Energy = -14.61740916325486

 MICROITERATION NUMBER = 19  , backward sweep
 - Left boundaries taken from index: 5
 - Right boundaries taken from index: 7

 Jacobi-Davidson diagonalization converged after 1 iterations.
 Energy = -14.61740916325487

 MICROITERATION NUMBER = 20  , backward sweep
 - Left boundaries taken from index: 4
 - Right boundaries taken from index: 6

 Jacobi-Davidson diagonalization converged after 1 iterations.
 Energy = -14.61740916325486

 MICROITERATION NUMBER = 21  , backward sweep
 - Left boundaries taken from index: 3
 - Right boundaries taken from index: 5

 Jacobi-Davidson diagonalization converged after 1 iterations.
 Energy = -14.61740916325486

 MICROITERATION NUMBER = 22  , backward sweep
 - Left boundaries taken from index: 2
 - Right boundaries taken from index: 4

 Jacobi-Davidson diagonalization converged after 1 iterations.
 Energy = -14.61740916325486

 MICROITERATION NUMBER = 23  , backward sweep
 - Left boundaries taken from index: 1
 - Right boundaries taken from index: 3

 Jacobi-Davidson diagonalization converged after 1 iterations.
 Energy = -14.61740916325486


 -------------------
   SWEEP NUMBER 7
 -------------------
 - Noise parameter: 1e-08
 - Maximum bond dimension: 100
 - Truncation parameter: 1e-16

 MICROITERATION NUMBER = 0  , forward sweep
 - Left boundaries taken from index: 0
 - Right boundaries taken from index: 2

 Jacobi-Davidson diagonalization converged after 1 iterations.
 Energy = -14.61740916325486

 MICROITERATION NUMBER = 1  , forward sweep
 - Left boundaries taken from index: 1
 - Right boundaries taken from index: 3

 Jacobi-Davidson diagonalization converged after 1 iterations.
 Energy = -14.61740916325485

 MICROITERATION NUMBER = 2  , forward sweep
 - Left boundaries taken from index: 2
 - Right boundaries taken from index: 4

 Jacobi-Davidson diagonalization converged after 1 iterations.
 Energy = -14.61740916325486

 MICROITERATION NUMBER = 3  , forward sweep
 - Left boundaries taken from index: 3
 - Right boundaries taken from index: 5

 Jacobi-Davidson diagonalization converged after 1 iterations.
 Energy = -14.61740916325485

 MICROITERATION NUMBER = 4  , forward sweep
 - Left boundaries taken from index: 4
 - Right boundaries taken from index: 6

 Jacobi-Davidson diagonalization converged after 1 iterations.
 Energy = -14.61740916325486

 MICROITERATION NUMBER = 5  , forward sweep
 - Left boundaries taken from index: 5
 - Right boundaries taken from index: 7

 Jacobi-Davidson diagonalization converged after 1 iterations.
 Energy = -14.61740916325487

 MICROITERATION NUMBER = 6  , forward sweep
 - Left boundaries taken from index: 6
 - Right boundaries taken from index: 8

 Jacobi-Davidson diagonalization converged after 1 iterations.
 Energy = -14.61740916325486

 MICROITERATION NUMBER = 7  , forward sweep
 - Left boundaries taken from index: 7
 - Right boundaries taken from index: 9

 Jacobi-Davidson diagonalization converged after 1 iterations.
 Energy = -14.61740916325486

 MICROITERATION NUMBER = 8  , forward sweep
 - Left boundaries taken from index: 8
 - Right boundaries taken from index: 10

 Jacobi-Davidson diagonalization converged after 1 iterations.
 Energy = -14.61740916325486

 MICROITERATION NUMBER = 9  , forward sweep
 - Left boundaries taken from index: 9
 - Right boundaries taken from index: 11

 Jacobi-Davidson diagonalization converged after 1 iterations.
 Energy = -14.61740916325486

 MICROITERATION NUMBER = 10  , forward sweep
 - Left boundaries taken from index: 10
 - Right boundaries taken from index: 12

 Jacobi-Davidson diagonalization converged after 1 iterations.
 Energy = -14.61740916325485

 MICROITERATION NUMBER = 11  , forward sweep
 - Left boundaries taken from index: 11
 - Right boundaries taken from index: 13

 Jacobi-Davidson diagonalization converged after 1 iterations.
 Energy = -14.61740916325487

 MICROITERATION NUMBER = 12  , forward sweep
 - Left boundaries taken from index: 12
 - Right boundaries taken from index: 14

 Jacobi-Davidson diagonalization converged after 1 iterations.
 Energy = -14.61740916325487

 MICROITERATION NUMBER = 13  , backward sweep
 - Left boundaries taken from index: 11
 - Right boundaries taken from index: 13

 Jacobi-Davidson diagonalization converged after 1 iterations.
 Energy = -14.61740916325487

 MICROITERATION NUMBER = 14  , backward sweep
 - Left boundaries taken from index: 10
 - Right boundaries taken from index: 12

 Jacobi-Davidson diagonalization converged after 1 iterations.
 Energy = -14.61740916325486

 MICROITERATION NUMBER = 15  , backward sweep
 - Left boundaries taken from index: 9
 - Right boundaries taken from index: 11

 Jacobi-Davidson diagonalization converged after 1 iterations.
 Energy = -14.61740916325486

 MICROITERATION NUMBER = 16  , backward sweep
 - Left boundaries taken from index: 8
 - Right boundaries taken from index: 10

 Jacobi-Davidson diagonalization converged after 1 iterations.
 Energy = -14.61740916325486

 MICROITERATION NUMBER = 17  , backward sweep
 - Left boundaries taken from index: 7
 - Right boundaries taken from index: 9

 Jacobi-Davidson diagonalization converged after 1 iterations.
 Energy = -14.61740916325486

 MICROITERATION NUMBER = 18  , backward sweep
 - Left boundaries taken from index: 6
 - Right boundaries taken from index: 8

 Jacobi-Davidson diagonalization converged after 1 iterations.
 Energy = -14.61740916325486

 MICROITERATION NUMBER = 19  , backward sweep
 - Left boundaries taken from index: 5
 - Right boundaries taken from index: 7

 Jacobi-Davidson diagonalization converged after 1 iterations.
 Energy = -14.61740916325487

 MICROITERATION NUMBER = 20  , backward sweep
 - Left boundaries taken from index: 4
 - Right boundaries taken from index: 6

 Jacobi-Davidson diagonalization converged after 1 iterations.
 Energy = -14.61740916325486

 MICROITERATION NUMBER = 21  , backward sweep
 - Left boundaries taken from index: 3
 - Right boundaries taken from index: 5

 Jacobi-Davidson diagonalization converged after 1 iterations.
 Energy = -14.61740916325486

 MICROITERATION NUMBER = 22  , backward sweep
 - Left boundaries taken from index: 2
 - Right boundaries taken from index: 4

 Jacobi-Davidson diagonalization converged after 1 iterations.
 Energy = -14.61740916325486

 MICROITERATION NUMBER = 23  , backward sweep
 - Left boundaries taken from index: 1
 - Right boundaries taken from index: 3

 Jacobi-Davidson diagonalization converged after 1 iterations.
 Energy = -14.61740916325486


 -------------------
   SWEEP NUMBER 8
 -------------------
 - Noise parameter: 1e-08
 - Maximum bond dimension: 100
 - Truncation parameter: 1e-16

 MICROITERATION NUMBER = 0  , forward sweep
 - Left boundaries taken from index: 0
 - Right boundaries taken from index: 2

 Jacobi-Davidson diagonalization converged after 1 iterations.
 Energy = -14.61740916325486

 MICROITERATION NUMBER = 1  , forward sweep
 - Left boundaries taken from index: 1
 - Right boundaries taken from index: 3

 Jacobi-Davidson diagonalization converged after 1 iterations.
 Energy = -14.61740916325485

 MICROITERATION NUMBER = 2  , forward sweep
 - Left boundaries taken from index: 2
 - Right boundaries taken from index: 4

 Jacobi-Davidson diagonalization converged after 1 iterations.
 Energy = -14.61740916325486

 MICROITERATION NUMBER = 3  , forward sweep
 - Left boundaries taken from index: 3
 - Right boundaries taken from index: 5

 Jacobi-Davidson diagonalization converged after 1 iterations.
 Energy = -14.61740916325485

 MICROITERATION NUMBER = 4  , forward sweep
 - Left boundaries taken from index: 4
 - Right boundaries taken from index: 6

 Jacobi-Davidson diagonalization converged after 1 iterations.
 Energy = -14.61740916325486

 MICROITERATION NUMBER = 5  , forward sweep
 - Left boundaries taken from index: 5
 - Right boundaries taken from index: 7

 Jacobi-Davidson diagonalization converged after 1 iterations.
 Energy = -14.61740916325487

 MICROITERATION NUMBER = 6  , forward sweep
 - Left boundaries taken from index: 6
 - Right boundaries taken from index: 8

 Jacobi-Davidson diagonalization converged after 1 iterations.
 Energy = -14.61740916325487

 MICROITERATION NUMBER = 7  , forward sweep
 - Left boundaries taken from index: 7
 - Right boundaries taken from index: 9

 Jacobi-Davidson diagonalization converged after 1 iterations.
 Energy = -14.61740916325487

 MICROITERATION NUMBER = 8  , forward sweep
 - Left boundaries taken from index: 8
 - Right boundaries taken from index: 10

 Jacobi-Davidson diagonalization converged after 1 iterations.
 Energy = -14.61740916325487

 MICROITERATION NUMBER = 9  , forward sweep
 - Left boundaries taken from index: 9
 - Right boundaries taken from index: 11

 Jacobi-Davidson diagonalization converged after 1 iterations.
 Energy = -14.61740916325486

 MICROITERATION NUMBER = 10  , forward sweep
 - Left boundaries taken from index: 10
 - Right boundaries taken from index: 12

 Jacobi-Davidson diagonalization converged after 1 iterations.
 Energy = -14.61740916325485

 MICROITERATION NUMBER = 11  , forward sweep
 - Left boundaries taken from index: 11
 - Right boundaries taken from index: 13

 Jacobi-Davidson diagonalization converged after 1 iterations.
 Energy = -14.61740916325486

 MICROITERATION NUMBER = 12  , forward sweep
 - Left boundaries taken from index: 12
 - Right boundaries taken from index: 14

 Jacobi-Davidson diagonalization converged after 1 iterations.
 Energy = -14.61740916325486

 MICROITERATION NUMBER = 13  , backward sweep
 - Left boundaries taken from index: 11
 - Right boundaries taken from index: 13

 Jacobi-Davidson diagonalization converged after 1 iterations.
 Energy = -14.61740916325486

 MICROITERATION NUMBER = 14  , backward sweep
 - Left boundaries taken from index: 10
 - Right boundaries taken from index: 12

 Jacobi-Davidson diagonalization converged after 1 iterations.
 Energy = -14.61740916325486

 MICROITERATION NUMBER = 15  , backward sweep
 - Left boundaries taken from index: 9
 - Right boundaries taken from index: 11

 Jacobi-Davidson diagonalization converged after 1 iterations.
 Energy = -14.61740916325486

 MICROITERATION NUMBER = 16  , backward sweep
 - Left boundaries taken from index: 8
 - Right boundaries taken from index: 10

 Jacobi-Davidson diagonalization converged after 1 iterations.
 Energy = -14.61740916325487

 MICROITERATION NUMBER = 17  , backward sweep
 - Left boundaries taken from index: 7
 - Right boundaries taken from index: 9

 Jacobi-Davidson diagonalization converged after 1 iterations.
 Energy = -14.61740916325487

 MICROITERATION NUMBER = 18  , backward sweep
 - Left boundaries taken from index: 6
 - Right boundaries taken from index: 8

 Jacobi-Davidson diagonalization converged after 1 iterations.
 Energy = -14.61740916325486

 MICROITERATION NUMBER = 19  , backward sweep
 - Left boundaries taken from index: 5
 - Right boundaries taken from index: 7

 Jacobi-Davidson diagonalization converged after 1 iterations.
 Energy = -14.61740916325487

 MICROITERATION NUMBER = 20  , backward sweep
 - Left boundaries taken from index: 4
 - Right boundaries taken from index: 6

 Jacobi-Davidson diagonalization converged after 1 iterations.
 Energy = -14.61740916325486

 MICROITERATION NUMBER = 21  , backward sweep
 - Left boundaries taken from index: 3
 - Right boundaries taken from index: 5

 Jacobi-Davidson diagonalization converged after 1 iterations.
 Energy = -14.61740916325486

 MICROITERATION NUMBER = 22  , backward sweep
 - Left boundaries taken from index: 2
 - Right boundaries taken from index: 4

 Jacobi-Davidson diagonalization converged after 1 iterations.
 Energy = -14.61740916325486

 MICROITERATION NUMBER = 23  , backward sweep
 - Left boundaries taken from index: 1
 - Right boundaries taken from index: 3

 Jacobi-Davidson diagonalization converged after 1 iterations.
 Energy = -14.61740916325485


 -------------------
   SWEEP NUMBER 9
 -------------------
 - Noise parameter: 1e-08
 - Maximum bond dimension: 100
 - Truncation parameter: 1e-16

 MICROITERATION NUMBER = 0  , forward sweep
 - Left boundaries taken from index: 0
 - Right boundaries taken from index: 2

 Jacobi-Davidson diagonalization converged after 1 iterations.
 Energy = -14.61740916325486

 MICROITERATION NUMBER = 1  , forward sweep
 - Left boundaries taken from index: 1
 - Right boundaries taken from index: 3

 Jacobi-Davidson diagonalization converged after 1 iterations.
 Energy = -14.61740916325485

 MICROITERATION NUMBER = 2  , forward sweep
 - Left boundaries taken from index: 2
 - Right boundaries taken from index: 4

 Jacobi-Davidson diagonalization converged after 1 iterations.
 Energy = -14.61740916325486

 MICROITERATION NUMBER = 3  , forward sweep
 - Left boundaries taken from index: 3
 - Right boundaries taken from index: 5

 Jacobi-Davidson diagonalization converged after 1 iterations.
 Energy = -14.61740916325486

 MICROITERATION NUMBER = 4  , forward sweep
 - Left boundaries taken from index: 4
 - Right boundaries taken from index: 6

 Jacobi-Davidson diagonalization converged after 1 iterations.
 Energy = -14.61740916325487

 MICROITERATION NUMBER = 5  , forward sweep
 - Left boundaries taken from index: 5
 - Right boundaries taken from index: 7

 Jacobi-Davidson diagonalization converged after 1 iterations.
 Energy = -14.61740916325487

 MICROITERATION NUMBER = 6  , forward sweep
 - Left boundaries taken from index: 6
 - Right boundaries taken from index: 8

 Jacobi-Davidson diagonalization converged after 1 iterations.
 Energy = -14.61740916325487

 MICROITERATION NUMBER = 7  , forward sweep
 - Left boundaries taken from index: 7
 - Right boundaries taken from index: 9

 Jacobi-Davidson diagonalization converged after 1 iterations.
 Energy = -14.61740916325487

 MICROITERATION NUMBER = 8  , forward sweep
 - Left boundaries taken from index: 8
 - Right boundaries taken from index: 10

 Jacobi-Davidson diagonalization converged after 1 iterations.
 Energy = -14.61740916325487

 MICROITERATION NUMBER = 9  , forward sweep
 - Left boundaries taken from index: 9
 - Right boundaries taken from index: 11

 Jacobi-Davidson diagonalization converged after 1 iterations.
 Energy = -14.61740916325486

 MICROITERATION NUMBER = 10  , forward sweep
 - Left boundaries taken from index: 10
 - Right boundaries taken from index: 12

 Jacobi-Davidson diagonalization converged after 1 iterations.
 Energy = -14.61740916325485

 MICROITERATION NUMBER = 11  , forward sweep
 - Left boundaries taken from index: 11
 - Right boundaries taken from index: 13

 Jacobi-Davidson diagonalization converged after 1 iterations.
 Energy = -14.61740916325486

 MICROITERATION NUMBER = 12  , forward sweep
 - Left boundaries taken from index: 12
 - Right boundaries taken from index: 14

 Jacobi-Davidson diagonalization converged after 1 iterations.
 Energy = -14.61740916325487

 MICROITERATION NUMBER = 13  , backward sweep
 - Left boundaries taken from index: 11
 - Right boundaries taken from index: 13

 Jacobi-Davidson diagonalization converged after 1 iterations.
 Energy = -14.61740916325486

 MICROITERATION NUMBER = 14  , backward sweep
 - Left boundaries taken from index: 10
 - Right boundaries taken from index: 12

 Jacobi-Davidson diagonalization converged after 1 iterations.
 Energy = -14.61740916325486

 MICROITERATION NUMBER = 15  , backward sweep
 - Left boundaries taken from index: 9
 - Right boundaries taken from index: 11

 Jacobi-Davidson diagonalization converged after 1 iterations.
 Energy = -14.61740916325486

 MICROITERATION NUMBER = 16  , backward sweep
 - Left boundaries taken from index: 8
 - Right boundaries taken from index: 10

 Jacobi-Davidson diagonalization converged after 1 iterations.
 Energy = -14.61740916325487

 MICROITERATION NUMBER = 17  , backward sweep
 - Left boundaries taken from index: 7
 - Right boundaries taken from index: 9

 Jacobi-Davidson diagonalization converged after 1 iterations.
 Energy = -14.61740916325487

 MICROITERATION NUMBER = 18  , backward sweep
 - Left boundaries taken from index: 6
 - Right boundaries taken from index: 8

 Jacobi-Davidson diagonalization converged after 1 iterations.
 Energy = -14.61740916325487

 MICROITERATION NUMBER = 19  , backward sweep
 - Left boundaries taken from index: 5
 - Right boundaries taken from index: 7

 Jacobi-Davidson diagonalization converged after 1 iterations.
 Energy = -14.61740916325488

 MICROITERATION NUMBER = 20  , backward sweep
 - Left boundaries taken from index: 4
 - Right boundaries taken from index: 6

 Jacobi-Davidson diagonalization converged after 1 iterations.
 Energy = -14.61740916325486

 MICROITERATION NUMBER = 21  , backward sweep
 - Left boundaries taken from index: 3
 - Right boundaries taken from index: 5

 Jacobi-Davidson diagonalization converged after 1 iterations.
 Energy = -14.61740916325486

 MICROITERATION NUMBER = 22  , backward sweep
 - Left boundaries taken from index: 2
 - Right boundaries taken from index: 4

 Jacobi-Davidson diagonalization converged after 1 iterations.
 Energy = -14.61740916325486

 MICROITERATION NUMBER = 23  , backward sweep
 - Left boundaries taken from index: 1
 - Right boundaries taken from index: 3

 Jacobi-Davidson diagonalization converged after 1 iterations.
 Energy = -14.61740916325485


 == STARTING THE IMAGINARY-TIME TD-DMRG PROPAGATION  == 

Transcorrelated Hamiltonian modality activated
Retrieving integrals from the file FCIDUMP_3body_be_dz
The hamiltonian will contain 1739886 terms
MPO Bond 0: 188/0
MPO Bond 1: 316/0
MPO Bond 2: 2572/0
MPO Bond 3: 4048/0
MPO Bond 4: 4370/0
MPO Bond 5: 5009/0
MPO Bond 6: 6289/0
MPO Bond 7: 8145/0
MPO Bond 8: 6145/0
MPO Bond 9: 7761/0
MPO Bond 10: 9761/0
MPO Bond 11: 5145/0
MPO Bond 12: 17/0
MPO Bond 13: 1/0

+------------------------------------------+
  DETAILS ABOUT SITE-CENTERED TIME EVOLVER
+------------------------------------------+

 - Propagation type: Imaginary-time
 - Time step: 2.06706872878755
 - Propagation algorithm: yes
Arnoldi approximation of the propagator

 -------------------
   SWEEP NUMBER 10
 -------------------
 - Noise parameter: 1e-08
 - Maximum bond dimension: 100
 - Truncation parameter: 1e-16

 MICROITERATION NUMBER = 0  , forward sweep
 - Left boundaries taken from index: 0
 - Right boundaries taken from index: 2

+------------+------------+
  ITERATION  |   ERROR 
+------------+------------+
    1        |  1.1094E-01 
    2        |  1.6800E-02 
    3        |  1.9940E-03 
    4        |  1.8176E-04 
    5        |  1.0280E-04 
    6        |  2.0903E-05 
    7        |  1.0299E-06 
    8        |  2.8057E-07 
    9        |  1.2837E-08 
   10        |  1.0715E-09 
+------------+------------+
 Energy = -14.63556307493082

 MICROITERATION NUMBER = 1  , forward sweep
 - Left boundaries taken from index: 1
 - Right boundaries taken from index: 3

+------------+------------+
  ITERATION  |   ERROR 
+------------+------------+
    1        |  1.0215E-01 
    2        |  6.7601E-03 
    3        |  3.1320E-03 
    4        |  3.2235E-04 
    5        |  9.0752E-05 
    6        |  6.4535E-05 
    7        |  7.8117E-06 
    8        |  2.2547E-07 
    9        |  1.0179E-07 
   10        |  1.8384E-08 
+------------+------------+
 Energy = -14.64273118606767

 MICROITERATION NUMBER = 2  , forward sweep
 - Left boundaries taken from index: 2
 - Right boundaries taken from index: 4

+------------+------------+
  ITERATION  |   ERROR 
+------------+------------+
    1        |  6.7798E-02 
    2        |  2.2656E-03 
    3        |  1.7852E-03 
    4        |  1.8138E-04 
    5        |  6.0705E-05 
    6        |  3.3807E-05 
    7        |  4.6196E-06 
    8        |  1.8118E-07 
    9        |  8.1959E-08 
   10        |  1.8162E-08 
+------------+------------+
 Energy = -14.64636312382534

 MICROITERATION NUMBER = 3  , forward sweep
 - Left boundaries taken from index: 3
 - Right boundaries taken from index: 5

+------------+------------+
  ITERATION  |   ERROR 
+------------+------------+
    1        |  9.2750E-02 
    2        |  4.1884E-03 
    3        |  1.8750E-03 
    4        |  4.7807E-04 
    5        |  3.1054E-04 
    6        |  6.1894E-05 
    7        |  1.2794E-05 
    8        |  4.4211E-06 
    9        |  1.2974E-06 
   10        |  4.9845E-08 
+------------+------------+
 Energy = -14.65456305503722

 MICROITERATION NUMBER = 4  , forward sweep
 - Left boundaries taken from index: 4
 - Right boundaries taken from index: 6

+------------+------------+
  ITERATION  |   ERROR 
+------------+------------+
    1        |  2.6647E-02 
    2        |  5.6058E-04 
    3        |  2.9197E-04 
    4        |  1.6789E-05 
    5        |  2.1639E-05 
    6        |  2.8846E-06 
    7        |  5.0989E-07 
    8        |  1.6620E-07 
    9        |  2.9462E-08 
   10        |  1.6245E-09 
+------------+------------+
 Energy = -14.65616212507703

 MICROITERATION NUMBER = 5  , forward sweep
 - Left boundaries taken from index: 5
 - Right boundaries taken from index: 7

+------------+------------+
  ITERATION  |   ERROR 
+------------+------------+
    1        |  1.7412E-02 
    2        |  2.6134E-05 
    3        |  5.4184E-05 
    4        |  1.8088E-06 
    5        |  3.5952E-07 
    6        |  2.1293E-07 
    7        |  4.7231E-08 
    8        |  4.7919E-09 
    9        |  2.2289E-09 
   10        |  3.7761E-10 
+------------+------------+
 Energy = -14.65667430858698

 MICROITERATION NUMBER = 6  , forward sweep
 - Left boundaries taken from index: 6
 - Right boundaries taken from index: 8

+------------+------------+
  ITERATION  |   ERROR 
+------------+------------+
    1        |  8.2734E-03 
    2        |  3.2221E-06 
    3        |  3.1177E-06 
    4        |  5.3147E-07 
    5        |  6.3278E-08 
    6        |  1.8844E-08 
    7        |  6.7233E-09 
    8        |  2.8437E-10 
    9        |  1.0807E-10 
   10        |  5.3098E-11 
+------------+------------+
 Energy = -14.65667970419721

 MICROITERATION NUMBER = 7  , forward sweep
 - Left boundaries taken from index: 7
 - Right boundaries taken from index: 9

+------------+------------+
  ITERATION  |   ERROR 
+------------+------------+
    1        |  1.7091E-03 
    2        |  1.3332E-07 
    3        |  2.8518E-08 
    4        |  4.3187E-08 
    5        |  3.8158E-09 
    6        |  5.9728E-10 
    7        |  6.7427E-10 
    8        |  4.0713E-11 
+------------+------------+
 Energy = -14.65668044687395

 MICROITERATION NUMBER = 8  , forward sweep
 - Left boundaries taken from index: 8
 - Right boundaries taken from index: 10

+------------+------------+
  ITERATION  |   ERROR 
+------------+------------+
    1        |  7.2719E-05 
    2        |  4.6822E-09 
    3        |  8.4645E-10 
    4        |  9.1637E-11 
+------------+------------+
 Energy = -14.65668065548053

 MICROITERATION NUMBER = 9  , forward sweep
 - Left boundaries taken from index: 9
 - Right boundaries taken from index: 11

+------------+------------+
  ITERATION  |   ERROR 
+------------+------------+
    1        |  4.0269E-05 
    2        |  6.2033E-11 
+------------+------------+
 Energy = -14.65668064683692

 MICROITERATION NUMBER = 10  , forward sweep
 - Left boundaries taken from index: 10
 - Right boundaries taken from index: 12

+------------+------------+
  ITERATION  |   ERROR 
+------------+------------+
    1        |  1.3865E-05 
    2        |  1.4101E-11 
+------------+------------+
 Energy = -14.65668064183441

 MICROITERATION NUMBER = 11  , forward sweep
 - Left boundaries taken from index: 11
 - Right boundaries taken from index: 13

+------------+------------+
  ITERATION  |   ERROR 
+------------+------------+
    1        |  5.5380E-06 
    2        |  2.3728E-12 
+------------+------------+
 Energy = -14.65668063926858

 MICROITERATION NUMBER = 12  , forward sweep
 - Left boundaries taken from index: 12
 - Right boundaries taken from index: 14

+------------+------------+
  ITERATION  |   ERROR 
+------------+------------+
    1        |  2.9232E-06 
    2        |  1.6143E-12 
+------------+------------+
 Energy = -14.65668063616165

 MICROITERATION NUMBER = 13  , backward sweep
 - Left boundaries taken from index: 11
 - Right boundaries taken from index: 13

+------------+------------+
  ITERATION  |   ERROR 
+------------+------------+
    1        |  3.3810E-06 
    2        |  3.2400E-13 
+------------+------------+
 Energy = -14.65668063576717

 MICROITERATION NUMBER = 14  , backward sweep
 - Left boundaries taken from index: 10
 - Right boundaries taken from index: 12

+------------+------------+
  ITERATION  |   ERROR 
+------------+------------+
    1        |  4.4348E-06 
    2        |  7.9266E-13 
+------------+------------+
 Energy = -14.65668063572732

 MICROITERATION NUMBER = 15  , backward sweep
 - Left boundaries taken from index: 9
 - Right boundaries taken from index: 11

+------------+------------+
  ITERATION  |   ERROR 
+------------+------------+
    1        |  5.5907E-06 
    2        |  9.9354E-13 
+------------+------------+
 Energy = -14.65668063583145

 MICROITERATION NUMBER = 16  , backward sweep
 - Left boundaries taken from index: 8
 - Right boundaries taken from index: 10

+------------+------------+
  ITERATION  |   ERROR 
+------------+------------+
    1        |  2.2090E-05 
    2        |  3.5213E-10 
    3        |  1.1950E-10 
    4        |  7.9670E-12 
+------------+------------+
 Energy = -14.65668066126391

 MICROITERATION NUMBER = 17  , backward sweep
 - Left boundaries taken from index: 7
 - Right boundaries taken from index: 9

+------------+------------+
  ITERATION  |   ERROR 
+------------+------------+
    1        |  6.4547E-05 
    2        |  2.3465E-09 
    3        |  1.0915E-09 
    4        |  2.6055E-11 
+------------+------------+
 Energy = -14.65668060707491

 MICROITERATION NUMBER = 18  , backward sweep
 - Left boundaries taken from index: 6
 - Right boundaries taken from index: 8

+------------+------------+
  ITERATION  |   ERROR 
+------------+------------+
    1        |  5.2052E-04 
    2        |  1.4835E-07 
    3        |  3.4194E-08 
    4        |  7.4124E-10 
    5        |  3.7108E-10 
    6        |  2.2669E-10 
    7        |  1.6048E-11 
+------------+------------+
 Energy = -14.65668012897393

 MICROITERATION NUMBER = 19  , backward sweep
 - Left boundaries taken from index: 5
 - Right boundaries taken from index: 7

+------------+------------+
  ITERATION  |   ERROR 
+------------+------------+
    1        |  1.4823E-03 
    2        |  1.5535E-06 
    3        |  5.5106E-07 
    4        |  1.6576E-08 
    5        |  1.3352E-08 
    6        |  4.3022E-09 
    7        |  3.5431E-10 
    8        |  8.7937E-11 
+------------+------------+
 Energy = -14.65690786149556

 MICROITERATION NUMBER = 20  , backward sweep
 - Left boundaries taken from index: 4
 - Right boundaries taken from index: 6

+------------+------------+
  ITERATION  |   ERROR 
+------------+------------+
    1        |  1.1702E-02 
    2        |  1.1880E-04 
    3        |  6.2056E-05 
    4        |  6.0063E-06 
    5        |  6.5343E-07 
    6        |  5.0299E-07 
    7        |  1.3020E-07 
    8        |  1.1889E-08 
    9        |  4.6269E-09 
   10        |  6.3497E-10 
+------------+------------+
 Energy = -14.65701515576384

 MICROITERATION NUMBER = 21  , backward sweep
 - Left boundaries taken from index: 3
 - Right boundaries taken from index: 5

+------------+------------+
  ITERATION  |   ERROR 
+------------+------------+
    1        |  6.1914E-03 
    2        |  2.6306E-05 
    3        |  3.4846E-07 
    4        |  2.2080E-07 
    5        |  1.1038E-07 
    6        |  1.0984E-08 
    7        |  2.8492E-09 
    8        |  8.7778E-10 
    9        |  1.2613E-10 
   10        |  1.5029E-11 
+------------+------------+
 Energy = -14.65692709073978

 MICROITERATION NUMBER = 22  , backward sweep
 - Left boundaries taken from index: 2
 - Right boundaries taken from index: 4

+------------+------------+
  ITERATION  |   ERROR 
+------------+------------+
    1        |  5.3518E-03 
    2        |  1.9499E-05 
    3        |  4.9210E-07 
    4        |  9.6563E-08 
    5        |  7.9871E-08 
    6        |  6.4738E-09 
    7        |  1.4094E-09 
    8        |  1.0786E-09 
    9        |  4.7733E-11 
+------------+------------+
 Energy = -14.65678619004227

 MICROITERATION NUMBER = 23  , backward sweep
 - Left boundaries taken from index: 1
 - Right boundaries taken from index: 3

+------------+------------+
  ITERATION  |   ERROR 
+------------+------------+
    1        |  2.2846E-03 
    2        |  6.9620E-07 
    3        |  3.7203E-08 
    4        |  3.5075E-09 
    5        |  5.8968E-10 
    6        |  2.2809E-10 
    7        |  5.5962E-11 
+------------+------------+
 Energy = -14.65671213513123


 -------------------
   SWEEP NUMBER 11
 -------------------
 - Noise parameter: 1e-08
 - Maximum bond dimension: 100
 - Truncation parameter: 1e-16

 MICROITERATION NUMBER = 0  , forward sweep
 - Left boundaries taken from index: 0
 - Right boundaries taken from index: 2

+------------+------------+
  ITERATION  |   ERROR 
+------------+------------+
    1        |  8.5419E-04 
    2        |  5.8394E-08 
    3        |  3.9938E-10 
    4        |  2.4460E-10 
    5        |  1.4236E-11 
+------------+------------+
 Energy = -14.65667808125198

 MICROITERATION NUMBER = 1  , forward sweep
 - Left boundaries taken from index: 1
 - Right boundaries taken from index: 3

+------------+------------+
  ITERATION  |   ERROR 
+------------+------------+
    1        |  7.1487E-04 
    2        |  2.8140E-07 
    3        |  5.3872E-09 
    4        |  2.2047E-09 
    5        |  1.6794E-09 
    6        |  5.8382E-11 
+------------+------------+
 Energy = -14.65666145376455

 MICROITERATION NUMBER = 2  , forward sweep
 - Left boundaries taken from index: 2
 - Right boundaries taken from index: 4

+------------+------------+
  ITERATION  |   ERROR 
+------------+------------+
    1        |  5.0330E-04 
    2        |  4.1827E-07 
    3        |  5.1194E-08 
    4        |  5.8711E-09 
    5        |  5.9928E-09 
    6        |  5.4371E-10 
    7        |  5.1021E-11 
+------------+------------+
 Energy = -14.65665242164178

 MICROITERATION NUMBER = 3  , forward sweep
 - Left boundaries taken from index: 3
 - Right boundaries taken from index: 5

+------------+------------+
  ITERATION  |   ERROR 
+------------+------------+
    1        |  3.0789E-03 
    2        |  3.2430E-06 
    3        |  1.8910E-07 
    4        |  1.4693E-07 
    5        |  1.0480E-07 
    6        |  4.0930E-09 
    7        |  2.6164E-09 
    8        |  7.8329E-10 
    9        |  5.5812E-11 
+------------+------------+
 Energy = -14.65666073926145

 MICROITERATION NUMBER = 4  , forward sweep
 - Left boundaries taken from index: 4
 - Right boundaries taken from index: 6

+------------+------------+
  ITERATION  |   ERROR 
+------------+------------+
    1        |  6.6273E-04 
    2        |  3.8746E-07 
    3        |  4.1982E-08 
    4        |  2.6635E-08 
    5        |  2.2097E-08 
    6        |  1.3276E-09 
    7        |  1.3756E-10 
    8        |  8.1387E-11 
+------------+------------+
 Energy = -14.65665812423924

 MICROITERATION NUMBER = 5  , forward sweep
 - Left boundaries taken from index: 5
 - Right boundaries taken from index: 7

+------------+------------+
  ITERATION  |   ERROR 
+------------+------------+
    1        |  1.4788E-04 
    2        |  2.1643E-09 
    3        |  1.1898E-09 
    4        |  1.1179E-09 
    5        |  8.4665E-11 
+------------+------------+
 Energy = -14.65666082508742

 MICROITERATION NUMBER = 6  , forward sweep
 - Left boundaries taken from index: 6
 - Right boundaries taken from index: 8

+------------+------------+
  ITERATION  |   ERROR 
+------------+------------+
    1        |  1.0988E-04 
    2        |  4.5703E-10 
    3        |  8.8652E-11 
+------------+------------+
 Energy = -14.65666084424945

 MICROITERATION NUMBER = 7  , forward sweep
 - Left boundaries taken from index: 7
 - Right boundaries taken from index: 9

+------------+------------+
  ITERATION  |   ERROR 
+------------+------------+
    1        |  3.7824E-05 
    2        |  6.0615E-11 
+------------+------------+
 Energy = -14.65666084789956

 MICROITERATION NUMBER = 8  , forward sweep
 - Left boundaries taken from index: 8
 - Right boundaries taken from index: 10

+------------+------------+
  ITERATION  |   ERROR 
+------------+------------+
    1        |  1.3339E-05 
    2        |  9.5393E-12 
+------------+------------+
 Energy = -14.65666084922536

 MICROITERATION NUMBER = 9  , forward sweep
 - Left boundaries taken from index: 9
 - Right boundaries taken from index: 11

+------------+------------+
  ITERATION  |   ERROR 
+------------+------------+
    1        |  4.7083E-06 
    2        |  1.1939E-12 
+------------+------------+
 Energy = -14.65666084875873

 MICROITERATION NUMBER = 10  , forward sweep
 - Left boundaries taken from index: 10
 - Right boundaries taken from index: 12

+------------+------------+
  ITERATION  |   ERROR 
+------------+------------+
    1        |  1.9663E-06 
    2        |  1.1609E-12 
+------------+------------+
 Energy = -14.65666084742324

 MICROITERATION NUMBER = 11  , forward sweep
 - Left boundaries taken from index: 11
 - Right boundaries taken from index: 13

+------------+------------+
  ITERATION  |   ERROR 
+------------+------------+
    1        |  1.7306E-06 
    2        |  2.3582E-13 
+------------+------------+
 Energy = -14.65666084715144

 MICROITERATION NUMBER = 12  , forward sweep
 - Left boundaries taken from index: 12
 - Right boundaries taken from index: 14

+------------+------------+
  ITERATION  |   ERROR 
+------------+------------+
    1        |  6.6158E-07 
    2        |  2.4562E-13 
+------------+------------+
 Energy = -14.65666084586722

 MICROITERATION NUMBER = 13  , backward sweep
 - Left boundaries taken from index: 11
 - Right boundaries taken from index: 13

+------------+------------+
  ITERATION  |   ERROR 
+------------+------------+
    1        |  1.2796E-06 
    2        |  9.3054E-14 
+------------+------------+
 Energy = -14.65666084587619

 MICROITERATION NUMBER = 14  , backward sweep
 - Left boundaries taken from index: 10
 - Right boundaries taken from index: 12

+------------+------------+
  ITERATION  |   ERROR 
+------------+------------+
    1        |  1.6493E-06 
    2        |  1.0213E-13 
+------------+------------+
 Energy = -14.6566608457854

 MICROITERATION NUMBER = 15  , backward sweep
 - Left boundaries taken from index: 9
 - Right boundaries taken from index: 11

+------------+------------+
  ITERATION  |   ERROR 
+------------+------------+
    1        |  1.5279E-06 
    2        |  3.2173E-13 
+------------+------------+
 Energy = -14.65666084602199

 MICROITERATION NUMBER = 16  , backward sweep
 - Left boundaries taken from index: 8
 - Right boundaries taken from index: 10

+------------+------------+
  ITERATION  |   ERROR 
+------------+------------+
    1        |  4.2584E-06 
    2        |  4.4968E-12 
+------------+------------+
 Energy = -14.65666084968536

 MICROITERATION NUMBER = 17  , backward sweep
 - Left boundaries taken from index: 7
 - Right boundaries taken from index: 9

+------------+------------+
  ITERATION  |   ERROR 
+------------+------------+
    1        |  8.0447E-06 
    2        |  3.4861E-11 
+------------+------------+
 Energy = -14.65666086172971

 MICROITERATION NUMBER = 18  , backward sweep
 - Left boundaries taken from index: 6
 - Right boundaries taken from index: 8

+------------+------------+
  ITERATION  |   ERROR 
+------------+------------+
    1        |  1.3253E-05 
    2        |  3.5371E-11 
+------------+------------+
 Energy = -14.65666087179879

 MICROITERATION NUMBER = 19  , backward sweep
 - Left boundaries taken from index: 5
 - Right boundaries taken from index: 7

+------------+------------+
  ITERATION  |   ERROR 
+------------+------------+
    1        |  1.9036E-05 
    2        |  1.5745E-10 
    3        |  7.4522E-11 
+------------+------------+
 Energy = -14.65666307571389

 MICROITERATION NUMBER = 20  , backward sweep
 - Left boundaries taken from index: 4
 - Right boundaries taken from index: 6

+------------+------------+
  ITERATION  |   ERROR 
+------------+------------+
    1        |  1.8798E-04 
    2        |  4.8661E-08 
    3        |  2.3798E-09 
    4        |  4.5224E-10 
    5        |  3.2226E-10 
    6        |  5.6857E-11 
+------------+------------+
 Energy = -14.65665973972748

 MICROITERATION NUMBER = 21  , backward sweep
 - Left boundaries taken from index: 3
 - Right boundaries taken from index: 5

+------------+------------+
  ITERATION  |   ERROR 
+------------+------------+
    1        |  1.0502E-04 
    2        |  1.9964E-08 
    3        |  2.5473E-09 
    4        |  2.8777E-10 
    5        |  1.9847E-11 
+------------+------------+
 Energy = -14.65665820127648

 MICROITERATION NUMBER = 22  , backward sweep
 - Left boundaries taken from index: 2
 - Right boundaries taken from index: 4

+------------+------------+
  ITERATION  |   ERROR 
+------------+------------+
    1        |  2.9079E-04 
    2        |  4.0171E-08 
    3        |  9.7869E-10 
    4        |  7.9123E-10 
    5        |  3.2649E-10 
    6        |  1.5857E-11 
+------------+------------+
 Energy = -14.65664982112711

 MICROITERATION NUMBER = 23  , backward sweep
 - Left boundaries taken from index: 1
 - Right boundaries taken from index: 3

+------------+------------+
  ITERATION  |   ERROR 
+------------+------------+
    1        |  1.3606E-04 
    2        |  6.1238E-09 
    3        |  8.1895E-11 
+------------+------------+
 Energy = -14.6566459756277


 -------------------
   SWEEP NUMBER 12
 -------------------
 - Noise parameter: 1e-08
 - Maximum bond dimension: 100
 - Truncation parameter: 1e-16

 MICROITERATION NUMBER = 0  , forward sweep
 - Left boundaries taken from index: 0
 - Right boundaries taken from index: 2

+------------+------------+
  ITERATION  |   ERROR 
+------------+------------+
    1        |  3.5366E-05 
    2        |  2.3924E-09 
    3        |  4.6340E-11 
+------------+------------+
 Energy = -14.65664454427259

 MICROITERATION NUMBER = 1  , forward sweep
 - Left boundaries taken from index: 1
 - Right boundaries taken from index: 3

+------------+------------+
  ITERATION  |   ERROR 
+------------+------------+
    1        |  6.3759E-05 
    2        |  9.5385E-09 
    3        |  3.8956E-10 
    4        |  3.8600E-11 
+------------+------------+
 Energy = -14.65664373250069

 MICROITERATION NUMBER = 2  , forward sweep
 - Left boundaries taken from index: 2
 - Right boundaries taken from index: 4

+------------+------------+
  ITERATION  |   ERROR 
+------------+------------+
    1        |  3.8142E-05 
    2        |  2.9892E-09 
    3        |  3.1688E-10 
    4        |  3.1311E-11 
+------------+------------+
 Energy = -14.65664337040421

 MICROITERATION NUMBER = 3  , forward sweep
 - Left boundaries taken from index: 3
 - Right boundaries taken from index: 5

+------------+------------+
  ITERATION  |   ERROR 
+------------+------------+
    1        |  8.4668E-05 
    2        |  3.0475E-09 
    3        |  1.8703E-10 
    4        |  8.0886E-11 
+------------+------------+
 Energy = -14.65664380822754

 MICROITERATION NUMBER = 4  , forward sweep
 - Left boundaries taken from index: 4
 - Right boundaries taken from index: 6

+------------+------------+
  ITERATION  |   ERROR 
+------------+------------+
    1        |  4.2163E-05 
    2        |  1.1114E-09 
    3        |  1.1142E-10 
    4        |  3.1504E-11 
+------------+------------+
 Energy = -14.65664372439259

 MICROITERATION NUMBER = 5  , forward sweep
 - Left boundaries taken from index: 5
 - Right boundaries taken from index: 7

+------------+------------+
  ITERATION  |   ERROR 
+------------+------------+
    1        |  7.8198E-06 
    2        |  4.7618E-12 
+------------+------------+
 Energy = -14.65664373755586

 MICROITERATION NUMBER = 6  , forward sweep
 - Left boundaries taken from index: 6
 - Right boundaries taken from index: 8

+------------+------------+
  ITERATION  |   ERROR 
+------------+------------+
    1        |  7.9261E-06 
    2        |  2.9285E-12 
+------------+------------+
 Energy = -14.65664373967117

 MICROITERATION NUMBER = 7  , forward sweep
 - Left boundaries taken from index: 7
 - Right boundaries taken from index: 9

+------------+------------+
  ITERATION  |   ERROR 
+------------+------------+
    1        |  8.8098E-06 
    2        |  2.0377E-12 
+------------+------------+
 Energy = -14.65664374106545

 MICROITERATION NUMBER = 8  , forward sweep
 - Left boundaries taken from index: 8
 - Right boundaries taken from index: 10

+------------+------------+
  ITERATION  |   ERROR 
+------------+------------+
    1        |  1.6850E-06 
    2        |  1.9247E-13 
+------------+------------+
 Energy = -14.65664374174701

 MICROITERATION NUMBER = 9  , forward sweep
 - Left boundaries taken from index: 9
 - Right boundaries taken from index: 11

+------------+------------+
  ITERATION  |   ERROR 
+------------+------------+
    1        |  9.0363E-07 
    2        |  8.8765E-14 
+------------+------------+
 Energy = -14.65664374223247

 MICROITERATION NUMBER = 10  , forward sweep
 - Left boundaries taken from index: 10
 - Right boundaries taken from index: 12

+------------+------------+
  ITERATION  |   ERROR 
+------------+------------+
    1        |  5.1622E-07 
    2        |  5.1258E-14 
+------------+------------+
 Energy = -14.65664374269178

 MICROITERATION NUMBER = 11  , forward sweep
 - Left boundaries taken from index: 11
 - Right boundaries taken from index: 13

+------------+------------+
  ITERATION  |   ERROR 
+------------+------------+
    1        |  3.3109E-07 
    2        |  2.5334E-14 
+------------+------------+
 Energy = -14.65664374301147

 MICROITERATION NUMBER = 12  , forward sweep
 - Left boundaries taken from index: 12
 - Right boundaries taken from index: 14

+------------+------------+
  ITERATION  |   ERROR 
+------------+------------+
    1        |  2.8482E-07 
    2        |  5.8658E-15 
+------------+------------+
 Energy = -14.6566437431023

 MICROITERATION NUMBER = 13  , backward sweep
 - Left boundaries taken from index: 11
 - Right boundaries taken from index: 13

+------------+------------+
  ITERATION  |   ERROR 
+------------+------------+
    1        |  2.9358E-07 
    2        |  6.0216E-15 
+------------+------------+
 Energy = -14.65664374321103

 MICROITERATION NUMBER = 14  , backward sweep
 - Left boundaries taken from index: 10
 - Right boundaries taken from index: 12

+------------+------------+
  ITERATION  |   ERROR 
+------------+------------+
    1        |  4.3511E-07 
    2        |  7.8205E-15 
+------------+------------+
 Energy = -14.65664374330546

 MICROITERATION NUMBER = 15  , backward sweep
 - Left boundaries taken from index: 9
 - Right boundaries taken from index: 11

+------------+------------+
  ITERATION  |   ERROR 
+------------+------------+
    1        |  5.2024E-07 
    2        |  2.2928E-14 
+------------+------------+
 Energy = -14.65664374349524

 MICROITERATION NUMBER = 16  , backward sweep
 - Left boundaries taken from index: 8
 - Right boundaries taken from index: 10

+------------+------------+
  ITERATION  |   ERROR 
+------------+------------+
    1        |  5.4605E-07 
    2        |  7.5440E-14 
+------------+------------+
 Energy = -14.65664374423178

 MICROITERATION NUMBER = 17  , backward sweep
 - Left boundaries taken from index: 7
 - Right boundaries taken from index: 9

+------------+------------+
  ITERATION  |   ERROR 
+------------+------------+
    1        |  2.2586E-06 
    2        |  7.8742E-12 
+------------+------------+
 Energy = -14.65664375486225

 MICROITERATION NUMBER = 18  , backward sweep
 - Left boundaries taken from index: 6
 - Right boundaries taken from index: 8

+------------+------------+
  ITERATION  |   ERROR 
+------------+------------+
    1        |  3.3714E-06 
    2        |  8.5639E-13 
+------------+------------+
 Energy = -14.65664375571395

 MICROITERATION NUMBER = 19  , backward sweep
 - Left boundaries taken from index: 5
 - Right boundaries taken from index: 7

+------------+------------+
  ITERATION  |   ERROR 
+------------+------------+
    1        |  2.8964E-06 
    2        |  2.4519E-12 
+------------+------------+
 Energy = -14.65664378427316

 MICROITERATION NUMBER = 20  , backward sweep
 - Left boundaries taken from index: 4
 - Right boundaries taken from index: 6

+------------+------------+
  ITERATION  |   ERROR 
+------------+------------+
    1        |  8.5840E-06 
    2        |  3.8873E-11 
+------------+------------+
 Energy = -14.65664379311875

 MICROITERATION NUMBER = 21  , backward sweep
 - Left boundaries taken from index: 3
 - Right boundaries taken from index: 5

+------------+------------+
  ITERATION  |   ERROR 
+------------+------------+
    1        |  1.4697E-05 
    2        |  2.2974E-11 
+------------+------------+
 Energy = -14.65664381175561

 MICROITERATION NUMBER = 22  , backward sweep
 - Left boundaries taken from index: 2
 - Right boundaries taken from index: 4

+------------+------------+
  ITERATION  |   ERROR 
+------------+------------+
    1        |  2.3507E-05 
    2        |  1.1326E-09 
    3        |  5.3012E-11 
+------------+------------+
 Energy = -14.65664338470112

 MICROITERATION NUMBER = 23  , backward sweep
 - Left boundaries taken from index: 1
 - Right boundaries taken from index: 3

+------------+------------+
  ITERATION  |   ERROR 
+------------+------------+
    1        |  1.1386E-05 
    2        |  1.4096E-10 
    3        |  4.0039E-11 
+------------+------------+
 Energy = -14.65664321248576


 -------------------
   SWEEP NUMBER 13
 -------------------
 - Noise parameter: 1e-08
 - Maximum bond dimension: 100
 - Truncation parameter: 1e-16

 MICROITERATION NUMBER = 0  , forward sweep
 - Left boundaries taken from index: 0
 - Right boundaries taken from index: 2

+------------+------------+
  ITERATION  |   ERROR 
+------------+------------+
    1        |  3.8064E-06 
    2        |  3.0372E-12 
+------------+------------+
 Energy = -14.65664320853895

 MICROITERATION NUMBER = 1  , forward sweep
 - Left boundaries taken from index: 1
 - Right boundaries taken from index: 3

+------------+------------+
  ITERATION  |   ERROR 
+------------+------------+
    1        |  8.9175E-06 
    2        |  1.2163E-11 
+------------+------------+
 Energy = -14.65664319665411

 MICROITERATION NUMBER = 2  , forward sweep
 - Left boundaries taken from index: 2
 - Right boundaries taken from index: 4

+------------+------------+
  ITERATION  |   ERROR 
+------------+------------+
    1        |  9.9694E-06 
    2        |  1.4658E-11 
+------------+------------+
 Energy = -14.65664319070328

 MICROITERATION NUMBER = 3  , forward sweep
 - Left boundaries taken from index: 3
 - Right boundaries taken from index: 5

+------------+------------+
  ITERATION  |   ERROR 
+------------+------------+
    1        |  1.1114E-05 
    2        |  1.4771E-11 
+------------+------------+
 Energy = -14.65664320089338

 MICROITERATION NUMBER = 4  , forward sweep
 - Left boundaries taken from index: 4
 - Right boundaries taken from index: 6

+------------+------------+
  ITERATION  |   ERROR 
+------------+------------+
    1        |  1.0055E-05 
    2        |  8.7294E-12 
+------------+------------+
 Energy = -14.65664320009263

 MICROITERATION NUMBER = 5  , forward sweep
 - Left boundaries taken from index: 5
 - Right boundaries taken from index: 7

+------------+------------+
  ITERATION  |   ERROR 
+------------+------------+
    1        |  6.2835E-06 
    2        |  5.4794E-12 
+------------+------------+
 Energy = -14.65664320631837

 MICROITERATION NUMBER = 6  , forward sweep
 - Left boundaries taken from index: 6
 - Right boundaries taken from index: 8

+------------+------------+
  ITERATION  |   ERROR 
+------------+------------+
    1        |  4.6832E-06 
    2        |  3.5117E-12 
+------------+------------+
 Energy = -14.65664321028062

 MICROITERATION NUMBER = 7  , forward sweep
 - Left boundaries taken from index: 7
 - Right boundaries taken from index: 9

+------------+------------+
  ITERATION  |   ERROR 
+------------+------------+
    1        |  5.1038E-06 
    2        |  1.5581E-12 
+------------+------------+
 Energy = -14.65664321215447

 MICROITERATION NUMBER = 8  , forward sweep
 - Left boundaries taken from index: 8
 - Right boundaries taken from index: 10

+------------+------------+
  ITERATION  |   ERROR 
+------------+------------+
    1        |  2.7323E-06 
    2        |  1.5847E-12 
+------------+------------+
 Energy = -14.65664321475682

 MICROITERATION NUMBER = 9  , forward sweep
 - Left boundaries taken from index: 9
 - Right boundaries taken from index: 11

+------------+------------+
  ITERATION  |   ERROR 
+------------+------------+
    1        |  2.7194E-06 
    2        |  4.8262E-13 
+------------+------------+
 Energy = -14.65664321580924

 MICROITERATION NUMBER = 10  , forward sweep
 - Left boundaries taken from index: 10
 - Right boundaries taken from index: 12

+------------+------------+
  ITERATION  |   ERROR 
+------------+------------+
    1        |  1.0952E-06 
    2        |  5.4408E-13 
+------------+------------+
 Energy = -14.65664321785647

 MICROITERATION NUMBER = 11  , forward sweep
 - Left boundaries taken from index: 11
 - Right boundaries taken from index: 13

+------------+------------+
  ITERATION  |   ERROR 
+------------+------------+
    1        |  5.4379E-07 
    2        |  9.1922E-14 
+------------+------------+
 Energy = -14.65664321851827

 MICROITERATION NUMBER = 12  , forward sweep
 - Left boundaries taken from index: 12
 - Right boundaries taken from index: 14

+------------+------------+
  ITERATION  |   ERROR 
+------------+------------+
    1        |  2.8013E-07 
    2        |  3.0336E-14 
+------------+------------+
 Energy = -14.65664321884972

 MICROITERATION NUMBER = 13  , backward sweep
 - Left boundaries taken from index: 11
 - Right boundaries taken from index: 13

+------------+------------+
  ITERATION  |   ERROR 
+------------+------------+
    1        |  6.9217E-07 
    2        |  1.2595E-14 
+------------+------------+
 Energy = -14.65664321895475

 MICROITERATION NUMBER = 14  , backward sweep
 - Left boundaries taken from index: 10
 - Right boundaries taken from index: 12

+------------+------------+
  ITERATION  |   ERROR 
+------------+------------+
    1        |  1.3583E-06 
    2        |  2.9317E-14 
+------------+------------+
 Energy = -14.65664321905938

 MICROITERATION NUMBER = 15  , backward sweep
 - Left boundaries taken from index: 9
 - Right boundaries taken from index: 11

+------------+------------+
  ITERATION  |   ERROR 
+------------+------------+
    1        |  1.2094E-06 
    2        |  1.7283E-13 
+------------+------------+
 Energy = -14.65664321955966

 MICROITERATION NUMBER = 16  , backward sweep
 - Left boundaries taken from index: 8
 - Right boundaries taken from index: 10

+------------+------------+
  ITERATION  |   ERROR 
+------------+------------+
    1        |  1.4568E-06 
    2        |  1.5701E-13 
+------------+------------+
 Energy = -14.65664321976977

 MICROITERATION NUMBER = 17  , backward sweep
 - Left boundaries taken from index: 7
 - Right boundaries taken from index: 9

+------------+------------+
  ITERATION  |   ERROR 
+------------+------------+
    1        |  1.3824E-06 
    2        |  5.5524E-13 
+------------+------------+
 Energy = -14.65664322082855

 MICROITERATION NUMBER = 18  , backward sweep
 - Left boundaries taken from index: 6
 - Right boundaries taken from index: 8

+------------+------------+
  ITERATION  |   ERROR 
+------------+------------+
    1        |  1.9380E-06 
    2        |  2.6209E-13 
+------------+------------+
 Energy = -14.65664322137427

 MICROITERATION NUMBER = 19  , backward sweep
 - Left boundaries taken from index: 5
 - Right boundaries taken from index: 7

+------------+------------+
  ITERATION  |   ERROR 
+------------+------------+
    1        |  3.2222E-06 
    2        |  4.0827E-13 
+------------+------------+
 Energy = -14.65664322270305

 MICROITERATION NUMBER = 20  , backward sweep
 - Left boundaries taken from index: 4
 - Right boundaries taken from index: 6

+------------+------------+
  ITERATION  |   ERROR 
+------------+------------+
    1        |  3.3674E-06 
    2        |  1.0318E-11 
+------------+------------+
 Energy = -14.65664320068684

 MICROITERATION NUMBER = 21  , backward sweep
 - Left boundaries taken from index: 3
 - Right boundaries taken from index: 5

+------------+------------+
  ITERATION  |   ERROR 
+------------+------------+
    1        |  7.4850E-06 
    2        |  4.5967E-12 
+------------+------------+
 Energy = -14.65664320841511

 MICROITERATION NUMBER = 22  , backward sweep
 - Left boundaries taken from index: 2
 - Right boundaries taken from index: 4

+------------+------------+
  ITERATION  |   ERROR 
+------------+------------+
    1        |  6.8766E-06 
    2        |  6.2979E-11 
+------------+------------+
 Energy = -14.65664317651654

 MICROITERATION NUMBER = 23  , backward sweep
 - Left boundaries taken from index: 1
 - Right boundaries taken from index: 3

+------------+------------+
  ITERATION  |   ERROR 
+------------+------------+
    1        |  1.2238E-05 
    2        |  5.1181E-12 
+------------+------------+
 Energy = -14.65664317131841


 -------------------
   SWEEP NUMBER 14
 -------------------
 - Noise parameter: 1e-08
 - Maximum bond dimension: 100
 - Truncation parameter: 1e-16

 MICROITERATION NUMBER = 0  , forward sweep
 - Left boundaries taken from index: 0
 - Right boundaries taken from index: 2

+------------+------------+
  ITERATION  |   ERROR 
+------------+------------+
    1        |  1.7457E-06 
    2        |  5.3007E-12 
+------------+------------+
 Energy = -14.65664313342266

 MICROITERATION NUMBER = 1  , forward sweep
 - Left boundaries taken from index: 1
 - Right boundaries taken from index: 3

+------------+------------+
  ITERATION  |   ERROR 
+------------+------------+
    1        |  5.4593E-06 
    2        |  4.9958E-12 
+------------+------------+
 Energy = -14.65664313209273

 MICROITERATION NUMBER = 2  , forward sweep
 - Left boundaries taken from index: 2
 - Right boundaries taken from index: 4

+------------+------------+
  ITERATION  |   ERROR 
+------------+------------+
    1        |  9.9568E-06 
    2        |  5.7204E-12 
+------------+------------+
 Energy = -14.65664313068468

 MICROITERATION NUMBER = 3  , forward sweep
 - Left boundaries taken from index: 3
 - Right boundaries taken from index: 5

+------------+------------+
  ITERATION  |   ERROR 
+------------+------------+
    1        |  4.9411E-06 
    2        |  3.6997E-12 
+------------+------------+
 Energy = -14.65664313739441

 MICROITERATION NUMBER = 4  , forward sweep
 - Left boundaries taken from index: 4
 - Right boundaries taken from index: 6

+------------+------------+
  ITERATION  |   ERROR 
+------------+------------+
    1        |  3.7780E-06 
    2        |  8.9153E-13 
+------------+------------+
 Energy = -14.65664313586095

 MICROITERATION NUMBER = 5  , forward sweep
 - Left boundaries taken from index: 5
 - Right boundaries taken from index: 7

+------------+------------+
  ITERATION  |   ERROR 
+------------+------------+
    1        |  1.3426E-06 
    2        |  4.2762E-13 
+------------+------------+
 Energy = -14.65664313877158

 MICROITERATION NUMBER = 6  , forward sweep
 - Left boundaries taken from index: 6
 - Right boundaries taken from index: 8

+------------+------------+
  ITERATION  |   ERROR 
+------------+------------+
    1        |  1.1348E-06 
    2        |  1.7015E-13 
+------------+------------+
 Energy = -14.65664313936438

 MICROITERATION NUMBER = 7  , forward sweep
 - Left boundaries taken from index: 7
 - Right boundaries taken from index: 9

+------------+------------+
  ITERATION  |   ERROR 
+------------+------------+
    1        |  1.0201E-06 
    2        |  8.3877E-14 
+------------+------------+
 Energy = -14.65664313968537

 MICROITERATION NUMBER = 8  , forward sweep
 - Left boundaries taken from index: 8
 - Right boundaries taken from index: 10

+------------+------------+
  ITERATION  |   ERROR 
+------------+------------+
    1        |  6.1410E-07 
    2        |  5.5065E-14 
+------------+------------+
 Energy = -14.6566431399585

 MICROITERATION NUMBER = 9  , forward sweep
 - Left boundaries taken from index: 9
 - Right boundaries taken from index: 11

+------------+------------+
  ITERATION  |   ERROR 
+------------+------------+
    1        |  4.5512E-07 
    2        |  1.4539E-14 
+------------+------------+
 Energy = -14.65664314014237

 MICROITERATION NUMBER = 10  , forward sweep
 - Left boundaries taken from index: 10
 - Right boundaries taken from index: 12

+------------+------------+
  ITERATION  |   ERROR 
+------------+------------+
    1        |  1.7194E-07 
    2        |  1.7834E-14 
+------------+------------+
 Energy = -14.65664314069588

 MICROITERATION NUMBER = 11  , forward sweep
 - Left boundaries taken from index: 11
 - Right boundaries taken from index: 13

+------------+------------+
  ITERATION  |   ERROR 
+------------+------------+
    1        |  1.1503E-07 
    2        |  3.5954E-16 
+------------+------------+
 Energy = -14.6566431407124

 MICROITERATION NUMBER = 12  , forward sweep
 - Left boundaries taken from index: 12
 - Right boundaries taken from index: 14

+------------+------------+
  ITERATION  |   ERROR 
+------------+------------+
    1        |  2.9874E-08 
    2        |  5.5963E-16 
+------------+------------+
 Energy = -14.65664314078352

 MICROITERATION NUMBER = 13  , backward sweep
 - Left boundaries taken from index: 11
 - Right boundaries taken from index: 13

+------------+------------+
  ITERATION  |   ERROR 
+------------+------------+
    1        |  3.8399E-08 
    2        |  5.6522E-17 
+------------+------------+
 Energy = -14.65664314079194

 MICROITERATION NUMBER = 14  , backward sweep
 - Left boundaries taken from index: 10
 - Right boundaries taken from index: 12

+------------+------------+
  ITERATION  |   ERROR 
+------------+------------+
    1        |  1.6002E-07 
    2        |  2.9221E-16 
+------------+------------+
 Energy = -14.65664314080132

 MICROITERATION NUMBER = 15  , backward sweep
 - Left boundaries taken from index: 9
 - Right boundaries taken from index: 11

+------------+------------+
  ITERATION  |   ERROR 
+------------+------------+
    1        |  2.2594E-07 
    2        |  4.9792E-15 
+------------+------------+
 Energy = -14.65664314085199

 MICROITERATION NUMBER = 16  , backward sweep
 - Left boundaries taken from index: 8
 - Right boundaries taken from index: 10

+------------+------------+
  ITERATION  |   ERROR 
+------------+------------+
    1        |  3.7402E-07 
    2        |  2.5419E-14 
+------------+------------+
 Energy = -14.65664314086332

 MICROITERATION NUMBER = 17  , backward sweep
 - Left boundaries taken from index: 7
 - Right boundaries taken from index: 9

+------------+------------+
  ITERATION  |   ERROR 
+------------+------------+
    1        |  5.1058E-07 
    2        |  4.7573E-14 
+------------+------------+
 Energy = -14.65664314101593

 MICROITERATION NUMBER = 18  , backward sweep
 - Left boundaries taken from index: 6
 - Right boundaries taken from index: 8

+------------+------------+
  ITERATION  |   ERROR 
+------------+------------+
    1        |  7.0590E-07 
    2        |  5.1746E-14 
+------------+------------+
 Energy = -14.65664314113729

 MICROITERATION NUMBER = 19  , backward sweep
 - Left boundaries taken from index: 5
 - Right boundaries taken from index: 7

+------------+------------+
  ITERATION  |   ERROR 
+------------+------------+
    1        |  1.1463E-06 
    2        |  6.3300E-14 
+------------+------------+
 Energy = -14.65664314191331

 MICROITERATION NUMBER = 20  , backward sweep
 - Left boundaries taken from index: 4
 - Right boundaries taken from index: 6

+------------+------------+
  ITERATION  |   ERROR 
+------------+------------+
    1        |  1.8103E-06 
    2        |  1.4688E-12 
+------------+------------+
 Energy = -14.65664313463288

 MICROITERATION NUMBER = 21  , backward sweep
 - Left boundaries taken from index: 3
 - Right boundaries taken from index: 5

+------------+------------+
  ITERATION  |   ERROR 
+------------+------------+
    1        |  4.2084E-06 
    2        |  3.0182E-12 
+------------+------------+
 Energy = -14.65664314238275

 MICROITERATION NUMBER = 22  , backward sweep
 - Left boundaries taken from index: 2
 - Right boundaries taken from index: 4

+------------+------------+
  ITERATION  |   ERROR 
+------------+------------+
    1        |  4.9552E-06 
    2        |  1.6232E-11 
+------------+------------+
 Energy = -14.65664313125286

 MICROITERATION NUMBER = 23  , backward sweep
 - Left boundaries taken from index: 1
 - Right boundaries taken from index: 3

+------------+------------+
  ITERATION  |   ERROR 
+------------+------------+
    1        |  3.7478E-06 
    2        |  5.0329E-12 
+------------+------------+
 Energy = -14.65664312362505


 -------------------
   SWEEP NUMBER 15
 -------------------
 - Noise parameter: 1e-08
 - Maximum bond dimension: 100
 - Truncation parameter: 1e-16

 MICROITERATION NUMBER = 0  , forward sweep
 - Left boundaries taken from index: 0
 - Right boundaries taken from index: 2

+------------+------------+
  ITERATION  |   ERROR 
+------------+------------+
    1        |  1.6245E-06 
    2        |  2.0667E-13 
+------------+------------+
 Energy = -14.65664312144081

 MICROITERATION NUMBER = 1  , forward sweep
 - Left boundaries taken from index: 1
 - Right boundaries taken from index: 3

+------------+------------+
  ITERATION  |   ERROR 
+------------+------------+
    1        |  5.0522E-06 
    2        |  1.9722E-12 
+------------+------------+
 Energy = -14.65664311832977

 MICROITERATION NUMBER = 2  , forward sweep
 - Left boundaries taken from index: 2
 - Right boundaries taken from index: 4

+------------+------------+
  ITERATION  |   ERROR 
+------------+------------+
    1        |  8.5063E-06 
    2        |  3.2430E-12 
+------------+------------+
 Energy = -14.65664311641507

 MICROITERATION NUMBER = 3  , forward sweep
 - Left boundaries taken from index: 3
 - Right boundaries taken from index: 5

+------------+------------+
  ITERATION  |   ERROR 
+------------+------------+
    1        |  3.7057E-06 
    2        |  1.6862E-12 
+------------+------------+
 Energy = -14.6566431204503

 MICROITERATION NUMBER = 4  , forward sweep
 - Left boundaries taken from index: 4
 - Right boundaries taken from index: 6

+------------+------------+
  ITERATION  |   ERROR 
+------------+------------+
    1        |  2.2995E-06 
    2        |  3.3727E-13 
+------------+------------+
 Energy = -14.65664311896736

 MICROITERATION NUMBER = 5  , forward sweep
 - Left boundaries taken from index: 5
 - Right boundaries taken from index: 7

+------------+------------+
  ITERATION  |   ERROR 
+------------+------------+
    1        |  6.7388E-07 
    2        |  1.0276E-13 
+------------+------------+
 Energy = -14.65664312008056

 MICROITERATION NUMBER = 6  , forward sweep
 - Left boundaries taken from index: 6
 - Right boundaries taken from index: 8

+------------+------------+
  ITERATION  |   ERROR 
+------------+------------+
    1        |  6.1309E-07 
    2        |  3.4388E-14 
+------------+------------+
 Energy = -14.65664312019067

 MICROITERATION NUMBER = 7  , forward sweep
 - Left boundaries taken from index: 7
 - Right boundaries taken from index: 9

+------------+------------+
  ITERATION  |   ERROR 
+------------+------------+
    1        |  3.7681E-07 
    2        |  2.3840E-14 
+------------+------------+
 Energy = -14.65664312030506

 MICROITERATION NUMBER = 8  , forward sweep
 - Left boundaries taken from index: 8
 - Right boundaries taken from index: 10

+------------+------------+
  ITERATION  |   ERROR 
+------------+------------+
    1        |  2.9804E-07 
    2        |  6.0174E-15 
+------------+------------+
 Energy = -14.65664312033024

 MICROITERATION NUMBER = 9  , forward sweep
 - Left boundaries taken from index: 9
 - Right boundaries taken from index: 11

+------------+------------+
  ITERATION  |   ERROR 
+------------+------------+
    1        |  1.3598E-07 
    2        |  2.6959E-15 
+------------+------------+
 Energy = -14.65664312039423

 MICROITERATION NUMBER = 10  , forward sweep
 - Left boundaries taken from index: 10
 - Right boundaries taken from index: 12

+------------+------------+
  ITERATION  |   ERROR 
+------------+------------+
    1        |  5.4973E-08 
    2        |  1.5614E-15 
+------------+------------+
 Energy = -14.65664312047827

 MICROITERATION NUMBER = 11  , forward sweep
 - Left boundaries taken from index: 11
 - Right boundaries taken from index: 13

+------------+------------+
  ITERATION  |   ERROR 
+------------+------------+
    1        |  4.6350E-08 
    2        |  8.8328E-17 
+------------+------------+
 Energy = -14.65664312048693

 MICROITERATION NUMBER = 12  , forward sweep
 - Left boundaries taken from index: 12
 - Right boundaries taken from index: 14

+------------+------------+
  ITERATION  |   ERROR 
+------------+------------+
    1        |  1.6254E-08 
    2        |  1.6383E-16 
+------------+------------+
 Energy = -14.65664312052176

 MICROITERATION NUMBER = 13  , backward sweep
 - Left boundaries taken from index: 11
 - Right boundaries taken from index: 13

+------------+------------+
  ITERATION  |   ERROR 
+------------+------------+
    1        |  2.1319E-08 
    2        |  1.5401E-17 
+------------+------------+
 Energy = -14.65664312052472

 MICROITERATION NUMBER = 14  , backward sweep
 - Left boundaries taken from index: 10
 - Right boundaries taken from index: 12

+------------+------------+
  ITERATION  |   ERROR 
+------------+------------+
    1        |  5.6374E-08 
    2        |  6.5527E-17 
+------------+------------+
 Energy = -14.65664312052801

 MICROITERATION NUMBER = 15  , backward sweep
 - Left boundaries taken from index: 9
 - Right boundaries taken from index: 11

+------------+------------+
  ITERATION  |   ERROR 
+------------+------------+
    1        |  1.1236E-07 
    2        |  7.8927E-16 
+------------+------------+
 Energy = -14.65664312053928

 MICROITERATION NUMBER = 16  , backward sweep
 - Left boundaries taken from index: 8
 - Right boundaries taken from index: 10

+------------+------------+
  ITERATION  |   ERROR 
+------------+------------+
    1        |  1.3471E-07 
    2        |  7.1853E-15 
+------------+------------+
 Energy = -14.65664312051133

 MICROITERATION NUMBER = 17  , backward sweep
 - Left boundaries taken from index: 7
 - Right boundaries taken from index: 9

+------------+------------+
  ITERATION  |   ERROR 
+------------+------------+
    1        |  2.9322E-07 
    2        |  1.0448E-14 
+------------+------------+
 Energy = -14.65664312055415

 MICROITERATION NUMBER = 18  , backward sweep
 - Left boundaries taken from index: 6
 - Right boundaries taken from index: 8

+------------+------------+
  ITERATION  |   ERROR 
+------------+------------+
    1        |  3.5499E-07 
    2        |  2.0069E-14 
+------------+------------+
 Energy = -14.65664312058748

 MICROITERATION NUMBER = 19  , backward sweep
 - Left boundaries taken from index: 5
 - Right boundaries taken from index: 7

+------------+------------+
  ITERATION  |   ERROR 
+------------+------------+
    1        |  5.5560E-07 
    2        |  2.5874E-14 
+------------+------------+
 Energy = -14.65664312109293

 MICROITERATION NUMBER = 20  , backward sweep
 - Left boundaries taken from index: 4
 - Right boundaries taken from index: 6

+------------+------------+
  ITERATION  |   ERROR 
+------------+------------+
    1        |  1.2446E-06 
    2        |  6.6088E-13 
+------------+------------+
 Energy = -14.65664311634557

 MICROITERATION NUMBER = 21  , backward sweep
 - Left boundaries taken from index: 3
 - Right boundaries taken from index: 5

+------------+------------+
  ITERATION  |   ERROR 
+------------+------------+
    1        |  2.9749E-06 
    2        |  1.9948E-12 
+------------+------------+
 Energy = -14.65664312274831

 MICROITERATION NUMBER = 22  , backward sweep
 - Left boundaries taken from index: 2
 - Right boundaries taken from index: 4

+------------+------------+
  ITERATION  |   ERROR 
+------------+------------+
    1        |  3.7534E-06 
    2        |  8.0357E-12 
+------------+------------+
 Energy = -14.65664311507908

 MICROITERATION NUMBER = 23  , backward sweep
 - Left boundaries taken from index: 1
 - Right boundaries taken from index: 3

+------------+------------+
  ITERATION  |   ERROR 
+------------+------------+
    1        |  2.7725E-06 
    2        |  3.2234E-12 
+------------+------------+
 Energy = -14.65664310899252


 -------------------
   SWEEP NUMBER 16
 -------------------
 - Noise parameter: 1e-08
 - Maximum bond dimension: 100
 - Truncation parameter: 1e-16

 MICROITERATION NUMBER = 0  , forward sweep
 - Left boundaries taken from index: 0
 - Right boundaries taken from index: 2

+------------+------------+
  ITERATION  |   ERROR 
+------------+------------+
    1        |  1.1404E-06 
    2        |  1.0282E-13 
+------------+------------+
 Energy = -14.65664310734211

 MICROITERATION NUMBER = 1  , forward sweep
 - Left boundaries taken from index: 1
 - Right boundaries taken from index: 3

+------------+------------+
  ITERATION  |   ERROR 
+------------+------------+
    1        |  4.0183E-06 
    2        |  1.1088E-12 
+------------+------------+
 Energy = -14.6566431049935

 MICROITERATION NUMBER = 2  , forward sweep
 - Left boundaries taken from index: 2
 - Right boundaries taken from index: 4

+------------+------------+
  ITERATION  |   ERROR 
+------------+------------+
    1        |  6.1217E-06 
    2        |  1.7993E-12 
+------------+------------+
 Energy = -14.65664310351348

 MICROITERATION NUMBER = 3  , forward sweep
 - Left boundaries taken from index: 3
 - Right boundaries taken from index: 5

+------------+------------+
  ITERATION  |   ERROR 
+------------+------------+
    1        |  3.0486E-06 
    2        |  8.6622E-13 
+------------+------------+
 Energy = -14.65664310618181

 MICROITERATION NUMBER = 4  , forward sweep
 - Left boundaries taken from index: 4
 - Right boundaries taken from index: 6

+------------+------------+
  ITERATION  |   ERROR 
+------------+------------+
    1        |  1.5511E-06 
    2        |  1.6767E-13 
+------------+------------+
 Energy = -14.65664310496405

 MICROITERATION NUMBER = 5  , forward sweep
 - Left boundaries taken from index: 5
 - Right boundaries taken from index: 7

+------------+------------+
  ITERATION  |   ERROR 
+------------+------------+
    1        |  4.9378E-07 
    2        |  4.0614E-14 
+------------+------------+
 Energy = -14.65664310541367

 MICROITERATION NUMBER = 6  , forward sweep
 - Left boundaries taken from index: 6
 - Right boundaries taken from index: 8

+------------+------------+
  ITERATION  |   ERROR 
+------------+------------+
    1        |  3.9031E-07 
    2        |  1.6771E-14 
+------------+------------+
 Energy = -14.65664310547475

 MICROITERATION NUMBER = 7  , forward sweep
 - Left boundaries taken from index: 7
 - Right boundaries taken from index: 9

+------------+------------+
  ITERATION  |   ERROR 
+------------+------------+
    1        |  2.4751E-07 
    2        |  9.9714E-15 
+------------+------------+
 Energy = -14.65664310554228

 MICROITERATION NUMBER = 8  , forward sweep
 - Left boundaries taken from index: 8
 - Right boundaries taken from index: 10

+------------+------------+
  ITERATION  |   ERROR 
+------------+------------+
    1        |  1.7539E-07 
    2        |  2.1864E-15 
+------------+------------+
 Energy = -14.65664310556546

 MICROITERATION NUMBER = 9  , forward sweep
 - Left boundaries taken from index: 9
 - Right boundaries taken from index: 11

+------------+------------+
  ITERATION  |   ERROR 
+------------+------------+
    1        |  8.8855E-08 
    2        |  1.4272E-15 
+------------+------------+
 Energy = -14.65664310561005

 MICROITERATION NUMBER = 10  , forward sweep
 - Left boundaries taken from index: 10
 - Right boundaries taken from index: 12

+------------+------------+
  ITERATION  |   ERROR 
+------------+------------+
    1        |  3.7493E-08 
    2        |  7.5090E-16 
+------------+------------+
 Energy = -14.65664310566242

 MICROITERATION NUMBER = 11  , forward sweep
 - Left boundaries taken from index: 11
 - Right boundaries taken from index: 13

+------------+------------+
  ITERATION  |   ERROR 
+------------+------------+
    1        |  3.0368E-08 
    2        |  3.6775E-17 
+------------+------------+
 Energy = -14.65664310566778

 MICROITERATION NUMBER = 12  , forward sweep
 - Left boundaries taken from index: 12
 - Right boundaries taken from index: 14

+------------+------------+
  ITERATION  |   ERROR 
+------------+------------+
    1        |  1.0617E-08 
    2        |  7.0442E-17 
+------------+------------+
 Energy = -14.65664310568803

 MICROITERATION NUMBER = 13  , backward sweep
 - Left boundaries taken from index: 11
 - Right boundaries taken from index: 13

+------------+------------+
  ITERATION  |   ERROR 
+------------+------------+
    1        |  1.4693E-08 
    2        |  6.9604E-18 
+------------+------------+
 Energy = -14.65664310569002

 MICROITERATION NUMBER = 14  , backward sweep
 - Left boundaries taken from index: 10
 - Right boundaries taken from index: 12

+------------+------------+
  ITERATION  |   ERROR 
+------------+------------+
    1        |  3.8883E-08 
    2        |  3.2169E-17 
+------------+------------+
 Energy = -14.65664310569382

 MICROITERATION NUMBER = 15  , backward sweep
 - Left boundaries taken from index: 9
 - Right boundaries taken from index: 11

+------------+------------+
  ITERATION  |   ERROR 
+------------+------------+
    1        |  8.1530E-08 
    2        |  3.3369E-16 
+------------+------------+
 Energy = -14.65664310570159

 MICROITERATION NUMBER = 16  , backward sweep
 - Left boundaries taken from index: 8
 - Right boundaries taken from index: 10

+------------+------------+
  ITERATION  |   ERROR 
+------------+------------+
    1        |  7.4853E-08 
    2        |  1.4811E-15 
+------------+------------+
 Energy = -14.65664310569012

 MICROITERATION NUMBER = 17  , backward sweep
 - Left boundaries taken from index: 7
 - Right boundaries taken from index: 9

+------------+------------+
  ITERATION  |   ERROR 
+------------+------------+
    1        |  1.9153E-07 
    2        |  4.7285E-15 
+------------+------------+
 Energy = -14.6566431057051

 MICROITERATION NUMBER = 18  , backward sweep
 - Left boundaries taken from index: 6
 - Right boundaries taken from index: 8

+------------+------------+
  ITERATION  |   ERROR 
+------------+------------+
    1        |  2.5465E-07 
    2        |  9.0699E-15 
+------------+------------+
 Energy = -14.65664310571464

 MICROITERATION NUMBER = 19  , backward sweep
 - Left boundaries taken from index: 5
 - Right boundaries taken from index: 7

+------------+------------+
  ITERATION  |   ERROR 
+------------+------------+
    1        |  3.6564E-07 
    2        |  1.5213E-14 
+------------+------------+
 Energy = -14.65664310600805

 MICROITERATION NUMBER = 20  , backward sweep
 - Left boundaries taken from index: 4
 - Right boundaries taken from index: 6

+------------+------------+
  ITERATION  |   ERROR 
+------------+------------+
    1        |  8.9468E-07 
    2        |  3.1790E-13 
+------------+------------+
 Energy = -14.65664310269723

 MICROITERATION NUMBER = 21  , backward sweep
 - Left boundaries taken from index: 3
 - Right boundaries taken from index: 5

+------------+------------+
  ITERATION  |   ERROR 
+------------+------------+
    1        |  2.1587E-06 
    2        |  1.3772E-12 
+------------+------------+
 Energy = -14.65664310826282

 MICROITERATION NUMBER = 22  , backward sweep
 - Left boundaries taken from index: 2
 - Right boundaries taken from index: 4

+------------+------------+
  ITERATION  |   ERROR 
+------------+------------+
    1        |  2.8447E-06 
    2        |  4.1889E-12 
+------------+------------+
 Energy = -14.65664310272276

 MICROITERATION NUMBER = 23  , backward sweep
 - Left boundaries taken from index: 1
 - Right boundaries taken from index: 3

+------------+------------+
  ITERATION  |   ERROR 
+------------+------------+
    1        |  2.0272E-06 
    2        |  2.3353E-12 
+------------+------------+
 Energy = -14.65664309720445


 -------------------
   SWEEP NUMBER 17
 -------------------
 - Noise parameter: 1e-08
 - Maximum bond dimension: 100
 - Truncation parameter: 1e-16

 MICROITERATION NUMBER = 0  , forward sweep
 - Left boundaries taken from index: 0
 - Right boundaries taken from index: 2

+------------+------------+
  ITERATION  |   ERROR 
+------------+------------+
    1        |  1.1638E-06 
    2        |  5.5521E-14 
+------------+------------+
 Energy = -14.65664309624325

 MICROITERATION NUMBER = 1  , forward sweep
 - Left boundaries taken from index: 1
 - Right boundaries taken from index: 3

+------------+------------+
  ITERATION  |   ERROR 
+------------+------------+
    1        |  3.2024E-06 
    2        |  6.0611E-13 
+------------+------------+
 Energy = -14.65664309457401

 MICROITERATION NUMBER = 2  , forward sweep
 - Left boundaries taken from index: 2
 - Right boundaries taken from index: 4

+------------+------------+
  ITERATION  |   ERROR 
+------------+------------+
    1        |  4.4692E-06 
    2        |  9.9894E-13 
+------------+------------+
 Energy = -14.65664309344189

 MICROITERATION NUMBER = 3  , forward sweep
 - Left boundaries taken from index: 3
 - Right boundaries taken from index: 5

+------------+------------+
  ITERATION  |   ERROR 
+------------+------------+
    1        |  2.5241E-06 
    2        |  4.6867E-13 
+------------+------------+
 Energy = -14.65664309521785

 MICROITERATION NUMBER = 4  , forward sweep
 - Left boundaries taken from index: 4
 - Right boundaries taken from index: 6

+------------+------------+
  ITERATION  |   ERROR 
+------------+------------+
    1        |  1.0808E-06 
    2        |  9.1265E-14 
+------------+------------+
 Energy = -14.65664309419792

 MICROITERATION NUMBER = 5  , forward sweep
 - Left boundaries taken from index: 5
 - Right boundaries taken from index: 7

+------------+------------+
  ITERATION  |   ERROR 
+------------+------------+
    1        |  3.8643E-07 
    2        |  2.0066E-14 
+------------+------------+
 Energy = -14.65664309437825

 MICROITERATION NUMBER = 6  , forward sweep
 - Left boundaries taken from index: 6
 - Right boundaries taken from index: 8

+------------+------------+
  ITERATION  |   ERROR 
+------------+------------+
    1        |  2.7102E-07 
    2        |  1.0142E-14 
+------------+------------+
 Energy = -14.6566430944147

 MICROITERATION NUMBER = 7  , forward sweep
 - Left boundaries taken from index: 7
 - Right boundaries taken from index: 9

+------------+------------+
  ITERATION  |   ERROR 
+------------+------------+
    1        |  1.8306E-07 
    2        |  4.9321E-15 
+------------+------------+
 Energy = -14.65664309445429

 MICROITERATION NUMBER = 8  , forward sweep
 - Left boundaries taken from index: 8
 - Right boundaries taken from index: 10

+------------+------------+
  ITERATION  |   ERROR 
+------------+------------+
    1        |  1.1221E-07 
    2        |  1.0498E-15 
+------------+------------+
 Energy = -14.65664309446129

 MICROITERATION NUMBER = 9  , forward sweep
 - Left boundaries taken from index: 9
 - Right boundaries taken from index: 11

+------------+------------+
  ITERATION  |   ERROR 
+------------+------------+
    1        |  6.0033E-08 
    2        |  1.0356E-15 
+------------+------------+
 Energy = -14.6566430944969

 MICROITERATION NUMBER = 10  , forward sweep
 - Left boundaries taken from index: 10
 - Right boundaries taken from index: 12

+------------+------------+
  ITERATION  |   ERROR 
+------------+------------+
    1        |  2.7006E-08 
    2        |  1.8181E-16 
+------------+------------+
 Energy = -14.65664309451238

 MICROITERATION NUMBER = 11  , forward sweep
 - Left boundaries taken from index: 11
 - Right boundaries taken from index: 13

+------------+------------+
  ITERATION  |   ERROR 
+------------+------------+
    1        |  1.8120E-08 
    2        |  3.7816E-17 
+------------+------------+
 Energy = -14.6566430945199

 MICROITERATION NUMBER = 12  , forward sweep
 - Left boundaries taken from index: 12
 - Right boundaries taken from index: 14

+------------+------------+
  ITERATION  |   ERROR 
+------------+------------+
    1        |  1.0759E-08 
    2        |  3.5148E-17 
+------------+------------+
 Energy = -14.65664309452877

 MICROITERATION NUMBER = 13  , backward sweep
 - Left boundaries taken from index: 11
 - Right boundaries taken from index: 13

+------------+------------+
  ITERATION  |   ERROR 
+------------+------------+
    1        |  1.5951E-08 
    2        |  1.1081E-17 
+------------+------------+
 Energy = -14.6566430945317

 MICROITERATION NUMBER = 14  , backward sweep
 - Left boundaries taken from index: 10
 - Right boundaries taken from index: 12

+------------+------------+
  ITERATION  |   ERROR 
+------------+------------+
    1        |  2.4622E-08 
    2        |  2.7126E-17 
+------------+------------+
 Energy = -14.65664309453488

 MICROITERATION NUMBER = 15  , backward sweep
 - Left boundaries taken from index: 9
 - Right boundaries taken from index: 11

+------------+------------+
  ITERATION  |   ERROR 
+------------+------------+
    1        |  6.7468E-08 
    2        |  1.7058E-16 
+------------+------------+
 Energy = -14.65664309454149

 MICROITERATION NUMBER = 16  , backward sweep
 - Left boundaries taken from index: 8
 - Right boundaries taken from index: 10

+------------+------------+
  ITERATION  |   ERROR 
+------------+------------+
    1        |  5.4521E-08 
    2        |  3.4341E-16 
+------------+------------+
 Energy = -14.6566430945369

 MICROITERATION NUMBER = 17  , backward sweep
 - Left boundaries taken from index: 7
 - Right boundaries taken from index: 9

+------------+------------+
  ITERATION  |   ERROR 
+------------+------------+
    1        |  1.3551E-07 
    2        |  2.6711E-15 
+------------+------------+
 Energy = -14.65664309455576

 MICROITERATION NUMBER = 18  , backward sweep
 - Left boundaries taken from index: 6
 - Right boundaries taken from index: 8

+------------+------------+
  ITERATION  |   ERROR 
+------------+------------+
    1        |  2.0005E-07 
    2        |  4.6685E-15 
+------------+------------+
 Energy = -14.65664309455917

 MICROITERATION NUMBER = 19  , backward sweep
 - Left boundaries taken from index: 5
 - Right boundaries taken from index: 7

+------------+------------+
  ITERATION  |   ERROR 
+------------+------------+
    1        |  2.6375E-07 
    2        |  9.4373E-15 
+------------+------------+
 Energy = -14.65664309471427

 MICROITERATION NUMBER = 20  , backward sweep
 - Left boundaries taken from index: 4
 - Right boundaries taken from index: 6

+------------+------------+
  ITERATION  |   ERROR 
+------------+------------+
    1        |  6.6528E-07 
    2        |  1.5659E-13 
+------------+------------+
 Energy = -14.656643092378

 MICROITERATION NUMBER = 21  , backward sweep
 - Left boundaries taken from index: 3
 - Right boundaries taken from index: 5

+------------+------------+
  ITERATION  |   ERROR 
+------------+------------+
    1        |  1.5777E-06 
    2        |  9.5475E-13 
+------------+------------+
 Energy = -14.6566430971947

 MICROITERATION NUMBER = 22  , backward sweep
 - Left boundaries taken from index: 2
 - Right boundaries taken from index: 4

+------------+------------+
  ITERATION  |   ERROR 
+------------+------------+
    1        |  2.1310E-06 
    2        |  2.2069E-12 
+------------+------------+
 Energy = -14.65664309312379

 MICROITERATION NUMBER = 23  , backward sweep
 - Left boundaries taken from index: 1
 - Right boundaries taken from index: 3

+------------+------------+
  ITERATION  |   ERROR 
+------------+------------+
    1        |  1.5099E-06 
    2        |  1.3026E-12 
+------------+------------+
 Energy = -14.65664308897487


 -------------------
   SWEEP NUMBER 18
 -------------------
 - Noise parameter: 1e-08
 - Maximum bond dimension: 100
 - Truncation parameter: 1e-16

 MICROITERATION NUMBER = 0  , forward sweep
 - Left boundaries taken from index: 0
 - Right boundaries taken from index: 2

+------------+------------+
  ITERATION  |   ERROR 
+------------+------------+
    1        |  1.0639E-06 
    2        |  3.3877E-14 
+------------+------------+
 Energy = -14.65664308831542

 MICROITERATION NUMBER = 1  , forward sweep
 - Left boundaries taken from index: 1
 - Right boundaries taken from index: 3

+------------+------------+
  ITERATION  |   ERROR 
+------------+------------+
    1        |  2.2996E-06 
    2        |  3.3636E-13 
+------------+------------+
 Energy = -14.65664308703203

 MICROITERATION NUMBER = 2  , forward sweep
 - Left boundaries taken from index: 2
 - Right boundaries taken from index: 4

+------------+------------+
  ITERATION  |   ERROR 
+------------+------------+
    1        |  3.2661E-06 
    2        |  5.5650E-13 
+------------+------------+
 Energy = -14.65664308617297

 MICROITERATION NUMBER = 3  , forward sweep
 - Left boundaries taken from index: 3
 - Right boundaries taken from index: 5

+------------+------------+
  ITERATION  |   ERROR 
+------------+------------+
    1        |  2.0874E-06 
    2        |  2.6002E-13 
+------------+------------+
 Energy = -14.6566430873769

 MICROITERATION NUMBER = 4  , forward sweep
 - Left boundaries taken from index: 4
 - Right boundaries taken from index: 6

+------------+------------+
  ITERATION  |   ERROR 
+------------+------------+
    1        |  7.5698E-07 
    2        |  5.1309E-14 
+------------+------------+
 Energy = -14.65664308653394

 MICROITERATION NUMBER = 5  , forward sweep
 - Left boundaries taken from index: 5
 - Right boundaries taken from index: 7

+------------+------------+
  ITERATION  |   ERROR 
+------------+------------+
    1        |  3.0468E-07 
    2        |  1.0399E-14 
+------------+------------+
 Energy = -14.65664308660575

 MICROITERATION NUMBER = 6  , forward sweep
 - Left boundaries taken from index: 6
 - Right boundaries taken from index: 8

+------------+------------+
  ITERATION  |   ERROR 
+------------+------------+
    1        |  1.9219E-07 
    2        |  6.4518E-15 
+------------+------------+
 Energy = -14.65664308662922

 MICROITERATION NUMBER = 7  , forward sweep
 - Left boundaries taken from index: 7
 - Right boundaries taken from index: 9

+------------+------------+
  ITERATION  |   ERROR 
+------------+------------+
    1        |  1.4048E-07 
    2        |  2.3476E-15 
+------------+------------+
 Energy = -14.6566430866522

 MICROITERATION NUMBER = 8  , forward sweep
 - Left boundaries taken from index: 8
 - Right boundaries taken from index: 10

+------------+------------+
  ITERATION  |   ERROR 
+------------+------------+
    1        |  6.9740E-08 
    2        |  6.4102E-16 
+------------+------------+
 Energy = -14.65664308665794

 MICROITERATION NUMBER = 9  , forward sweep
 - Left boundaries taken from index: 9
 - Right boundaries taken from index: 11

+------------+------------+
  ITERATION  |   ERROR 
+------------+------------+
    1        |  4.2908E-08 
    2        |  5.1071E-16 
+------------+------------+
 Energy = -14.65664308668118

 MICROITERATION NUMBER = 10  , forward sweep
 - Left boundaries taken from index: 10
 - Right boundaries taken from index: 12

+------------+------------+
  ITERATION  |   ERROR 
+------------+------------+
    1        |  2.1827E-08 
    2        |  7.0155E-17 
+------------+------------+
 Energy = -14.65664308668717

 MICROITERATION NUMBER = 11  , forward sweep
 - Left boundaries taken from index: 11
 - Right boundaries taken from index: 13

+------------+------------+
  ITERATION  |   ERROR 
+------------+------------+
    1        |  1.1727E-08 
    2        |  3.0891E-17 
+------------+------------+
 Energy = -14.6566430866951

 MICROITERATION NUMBER = 12  , forward sweep
 - Left boundaries taken from index: 12
 - Right boundaries taken from index: 14

+------------+------------+
  ITERATION  |   ERROR 
+------------+------------+
    1        |  8.1504E-09 
    2        |  1.1634E-17 
+------------+------------+
 Energy = -14.65664308669933

 MICROITERATION NUMBER = 13  , backward sweep
 - Left boundaries taken from index: 11
 - Right boundaries taken from index: 13

+------------+------------+
  ITERATION  |   ERROR 
+------------+------------+
    1        |  1.2223E-08 
    2        |  6.3662E-18 
+------------+------------+
 Energy = -14.65664308670144

 MICROITERATION NUMBER = 14  , backward sweep
 - Left boundaries taken from index: 10
 - Right boundaries taken from index: 12

+------------+------------+
  ITERATION  |   ERROR 
+------------+------------+
    1        |  1.5529E-08 
    2        |  1.8161E-17 
+------------+------------+
 Energy = -14.65664308670423

 MICROITERATION NUMBER = 15  , backward sweep
 - Left boundaries taken from index: 9
 - Right boundaries taken from index: 11

+------------+------------+
  ITERATION  |   ERROR 
+------------+------------+
    1        |  4.5863E-08 
    2        |  8.9384E-17 
+------------+------------+
 Energy = -14.6566430867081

 MICROITERATION NUMBER = 16  , backward sweep
 - Left boundaries taken from index: 8
 - Right boundaries taken from index: 10

+------------+------------+
  ITERATION  |   ERROR 
+------------+------------+
    1        |  4.6017E-08 
    2        |  1.3309E-16 
+------------+------------+
 Energy = -14.6566430867069

 MICROITERATION NUMBER = 17  , backward sweep
 - Left boundaries taken from index: 7
 - Right boundaries taken from index: 9

+------------+------------+
  ITERATION  |   ERROR 
+------------+------------+
    1        |  9.6005E-08 
    2        |  1.5315E-15 
+------------+------------+
 Energy = -14.65664308672039

 MICROITERATION NUMBER = 18  , backward sweep
 - Left boundaries taken from index: 6
 - Right boundaries taken from index: 8

+------------+------------+
  ITERATION  |   ERROR 
+------------+------------+
    1        |  1.5923E-07 
    2        |  2.4819E-15 
+------------+------------+
 Energy = -14.65664308672051

 MICROITERATION NUMBER = 19  , backward sweep
 - Left boundaries taken from index: 5
 - Right boundaries taken from index: 7

+------------+------------+
  ITERATION  |   ERROR 
+------------+------------+
    1        |  1.9245E-07 
    2        |  5.8072E-15 
+------------+------------+
 Energy = -14.65664308680024

 MICROITERATION NUMBER = 20  , backward sweep
 - Left boundaries taken from index: 4
 - Right boundaries taken from index: 6

+------------+------------+
  ITERATION  |   ERROR 
+------------+------------+
    1        |  5.0070E-07 
    2        |  7.6891E-14 
+------------+------------+
 Energy = -14.6566430851678

 MICROITERATION NUMBER = 21  , backward sweep
 - Left boundaries taken from index: 3
 - Right boundaries taken from index: 5

+------------+------------+
  ITERATION  |   ERROR 
+------------+------------+
    1        |  1.1549E-06 
    2        |  6.5336E-13 
+------------+------------+
 Energy = -14.65664308930175

 MICROITERATION NUMBER = 22  , backward sweep
 - Left boundaries taken from index: 2
 - Right boundaries taken from index: 4

+------------+------------+
  ITERATION  |   ERROR 
+------------+------------+
    1        |  1.5932E-06 
    2        |  1.1670E-12 
+------------+------------+
 Energy = -14.65664308624357

 MICROITERATION NUMBER = 23  , backward sweep
 - Left boundaries taken from index: 1
 - Right boundaries taken from index: 3

+------------+------------+
  ITERATION  |   ERROR 
+------------+------------+
    1        |  1.1654E-06 
    2        |  5.7109E-13 
+------------+------------+
 Energy = -14.65664308363382


 -------------------
   SWEEP NUMBER 19
 -------------------
 - Noise parameter: 1e-08
 - Maximum bond dimension: 100
 - Truncation parameter: 1e-16

 MICROITERATION NUMBER = 0  , forward sweep
 - Left boundaries taken from index: 0
 - Right boundaries taken from index: 2

+------------+------------+
  ITERATION  |   ERROR 
+------------+------------+
    1        |  7.5436E-07 
    2        |  1.8634E-14 
+------------+------------+
 Energy = -14.65664308310099

 MICROITERATION NUMBER = 1  , forward sweep
 - Left boundaries taken from index: 1
 - Right boundaries taken from index: 3

+------------+------------+
  ITERATION  |   ERROR 
+------------+------------+
    1        |  1.5664E-06 
    2        |  2.0050E-13 
+------------+------------+
 Energy = -14.65664308202764

 MICROITERATION NUMBER = 2  , forward sweep
 - Left boundaries taken from index: 2
 - Right boundaries taken from index: 4

+------------+------------+
  ITERATION  |   ERROR 
+------------+------------+
    1        |  2.3894E-06 
    2        |  3.1527E-13 
+------------+------------+
 Energy = -14.65664308135563

 MICROITERATION NUMBER = 3  , forward sweep
 - Left boundaries taken from index: 3
 - Right boundaries taken from index: 5

+------------+------------+
  ITERATION  |   ERROR 
+------------+------------+
    1        |  1.7074E-06 
    2        |  1.4590E-13 
+------------+------------+
 Energy = -14.65664308219695

 MICROITERATION NUMBER = 4  , forward sweep
 - Left boundaries taken from index: 4
 - Right boundaries taken from index: 6

+------------+------------+
  ITERATION  |   ERROR 
+------------+------------+
    1        |  5.3045E-07 
    2        |  2.8632E-14 
+------------+------------+
 Energy = -14.65664308152315

 MICROITERATION NUMBER = 5  , forward sweep
 - Left boundaries taken from index: 5
 - Right boundaries taken from index: 7

+------------+------------+
  ITERATION  |   ERROR 
+------------+------------+
    1        |  2.3670E-07 
    2        |  5.4730E-15 
+------------+------------+
 Energy = -14.65664308155335

 MICROITERATION NUMBER = 6  , forward sweep
 - Left boundaries taken from index: 6
 - Right boundaries taken from index: 8

+------------+------------+
  ITERATION  |   ERROR 
+------------+------------+
    1        |  1.3756E-07 
    2        |  3.9538E-15 
+------------+------------+
 Energy = -14.65664308156905

 MICROITERATION NUMBER = 7  , forward sweep
 - Left boundaries taken from index: 7
 - Right boundaries taken from index: 9

+------------+------------+
  ITERATION  |   ERROR 
+------------+------------+
    1        |  1.0510E-07 
    2        |  1.1200E-15 
+------------+------------+
 Energy = -14.65664308158363

 MICROITERATION NUMBER = 8  , forward sweep
 - Left boundaries taken from index: 8
 - Right boundaries taken from index: 10

+------------+------------+
  ITERATION  |   ERROR 
+------------+------------+
    1        |  4.2469E-08 
    2        |  5.1166E-16 
+------------+------------+
 Energy = -14.6566430815932

 MICROITERATION NUMBER = 9  , forward sweep
 - Left boundaries taken from index: 9
 - Right boundaries taken from index: 11

+------------+------------+
  ITERATION  |   ERROR 
+------------+------------+
    1        |  2.8087E-08 
    2        |  1.5219E-16 
+------------+------------+
 Energy = -14.65664308160467

 MICROITERATION NUMBER = 10  , forward sweep
 - Left boundaries taken from index: 10
 - Right boundaries taken from index: 12

+------------+------------+
  ITERATION  |   ERROR 
+------------+------------+
    1        |  1.4092E-08 
    2        |  3.0225E-17 
+------------+------------+
 Energy = -14.65664308160913

 MICROITERATION NUMBER = 11  , forward sweep
 - Left boundaries taken from index: 11
 - Right boundaries taken from index: 13

+------------+------------+
  ITERATION  |   ERROR 
+------------+------------+
    1        |  8.8917E-09 
    2        |  9.6920E-18 
+------------+------------+
 Energy = -14.65664308161248

 MICROITERATION NUMBER = 12  , forward sweep
 - Left boundaries taken from index: 12
 - Right boundaries taken from index: 14

+------------+------------+
  ITERATION  |   ERROR 
+------------+------------+
    1        |  5.6212E-09 
    2        |  7.2191E-18 
+------------+------------+
 Energy = -14.65664308161604

 MICROITERATION NUMBER = 13  , backward sweep
 - Left boundaries taken from index: 11
 - Right boundaries taken from index: 13

+------------+------------+
  ITERATION  |   ERROR 
+------------+------------+
    1        |  7.5672E-09 
    2        |  3.0219E-18 
+------------+------------+
 Energy = -14.65664308161746

 MICROITERATION NUMBER = 14  , backward sweep
 - Left boundaries taken from index: 10
 - Right boundaries taken from index: 12

+------------+------------+
  ITERATION  |   ERROR 
+------------+------------+
    1        |  9.8614E-09 
    2        |  8.2113E-18 
+------------+------------+
 Energy = -14.65664308161866

 MICROITERATION NUMBER = 15  , backward sweep
 - Left boundaries taken from index: 9
 - Right boundaries taken from index: 11

+------------+------------+
  ITERATION  |   ERROR 
+------------+------------+
    1        |  2.5719E-08 
    2        |  3.9013E-17 
+------------+------------+
 Energy = -14.65664308162033

 MICROITERATION NUMBER = 16  , backward sweep
 - Left boundaries taken from index: 8
 - Right boundaries taken from index: 10

+------------+------------+
  ITERATION  |   ERROR 
+------------+------------+
    1        |  4.2739E-08 
    2        |  6.6254E-17 
+------------+------------+
 Energy = -14.65664308162001

 MICROITERATION NUMBER = 17  , backward sweep
 - Left boundaries taken from index: 7
 - Right boundaries taken from index: 9

+------------+------------+
  ITERATION  |   ERROR 
+------------+------------+
    1        |  6.8868E-08 
    2        |  7.5786E-16 
+------------+------------+
 Energy = -14.65664308162764

 MICROITERATION NUMBER = 18  , backward sweep
 - Left boundaries taken from index: 6
 - Right boundaries taken from index: 8

+------------+------------+
  ITERATION  |   ERROR 
+------------+------------+
    1        |  1.2295E-07 
    2        |  1.3518E-15 
+------------+------------+
 Energy = -14.65664308162698

 MICROITERATION NUMBER = 19  , backward sweep
 - Left boundaries taken from index: 5
 - Right boundaries taken from index: 7

+------------+------------+
  ITERATION  |   ERROR 
+------------+------------+
    1        |  1.4107E-07 
    2        |  3.4801E-15 
+------------+------------+
 Energy = -14.65664308166833

 MICROITERATION NUMBER = 20  , backward sweep
 - Left boundaries taken from index: 4
 - Right boundaries taken from index: 6

+------------+------------+
  ITERATION  |   ERROR 
+------------+------------+
    1        |  3.7407E-07 
    2        |  3.7422E-14 
+------------+------------+
 Energy = -14.6566430805374

 MICROITERATION NUMBER = 21  , backward sweep
 - Left boundaries taken from index: 3
 - Right boundaries taken from index: 5

+------------+------------+
  ITERATION  |   ERROR 
+------------+------------+
    1        |  8.4445E-07 
    2        |  4.3801E-13 
+------------+------------+
 Energy = -14.65664308407259

 MICROITERATION NUMBER = 22  , backward sweep
 - Left boundaries taken from index: 2
 - Right boundaries taken from index: 4

+------------+------------+
  ITERATION  |   ERROR 
+------------+------------+
    1        |  1.2026E-06 
    2        |  6.2413E-13 
+------------+------------+
 Energy = -14.65664308169261

 MICROITERATION NUMBER = 23  , backward sweep
 - Left boundaries taken from index: 1
 - Right boundaries taken from index: 3

+------------+------------+
  ITERATION  |   ERROR 
+------------+------------+
    1        |  9.3137E-07 
    2        |  2.5487E-13 
+------------+------------+
 Energy = -14.65664308002883


 -------------------
   SWEEP NUMBER 20
 -------------------
 - Noise parameter: 1e-08
 - Maximum bond dimension: 100
 - Truncation parameter: 1e-16

 MICROITERATION NUMBER = 0  , forward sweep
 - Left boundaries taken from index: 0
 - Right boundaries taken from index: 2

+------------+------------+
  ITERATION  |   ERROR 
+------------+------------+
    1        |  4.9185E-07 
    2        |  1.0391E-14 
+------------+------------+
 Energy = -14.65664307955531

 MICROITERATION NUMBER = 1  , forward sweep
 - Left boundaries taken from index: 1
 - Right boundaries taken from index: 3

+------------+------------+
  ITERATION  |   ERROR 
+------------+------------+
    1        |  1.0976E-06 
    2        |  1.2833E-13 
+------------+------------+
 Energy = -14.65664307861016

 MICROITERATION NUMBER = 2  , forward sweep
 - Left boundaries taken from index: 2
 - Right boundaries taken from index: 4

+------------+------------+
  ITERATION  |   ERROR 
+------------+------------+
    1        |  1.7542E-06 
    2        |  1.8064E-13 
+------------+------------+
 Energy = -14.65664307806386

 MICROITERATION NUMBER = 3  , forward sweep
 - Left boundaries taken from index: 3
 - Right boundaries taken from index: 5

+------------+------------+
  ITERATION  |   ERROR 
+------------+------------+
    1        |  1.3719E-06 
    2        |  8.1610E-14 
+------------+------------+
 Energy = -14.65664307866325

 MICROITERATION NUMBER = 4  , forward sweep
 - Left boundaries taken from index: 4
 - Right boundaries taken from index: 6

+------------+------------+
  ITERATION  |   ERROR 
+------------+------------+
    1        |  3.7257E-07 
    2        |  1.5712E-14 
+------------+------------+
 Energy = -14.65664307814163

 MICROITERATION NUMBER = 5  , forward sweep
 - Left boundaries taken from index: 5
 - Right boundaries taken from index: 7

+------------+------------+
  ITERATION  |   ERROR 
+------------+------------+
    1        |  1.8199E-07 
    2        |  2.9681E-15 
+------------+------------+
 Energy = -14.65664307815477

 MICROITERATION NUMBER = 6  , forward sweep
 - Left boundaries taken from index: 6
 - Right boundaries taken from index: 8

+------------+------------+
  ITERATION  |   ERROR 
+------------+------------+
    1        |  1.0080E-07 
    2        |  2.3262E-15 
+------------+------------+
 Energy = -14.65664307816516

 MICROITERATION NUMBER = 7  , forward sweep
 - Left boundaries taken from index: 7
 - Right boundaries taken from index: 9

+------------+------------+
  ITERATION  |   ERROR 
+------------+------------+
    1        |  7.7947E-08 
    2        |  5.6619E-16 
+------------+------------+
 Energy = -14.65664307817491

 MICROITERATION NUMBER = 8  , forward sweep
 - Left boundaries taken from index: 8
 - Right boundaries taken from index: 10

+------------+------------+
  ITERATION  |   ERROR 
+------------+------------+
    1        |  3.0461E-08 
    2        |  2.8804E-16 
+------------+------------+
 Energy = -14.65664307818249

 MICROITERATION NUMBER = 9  , forward sweep
 - Left boundaries taken from index: 9
 - Right boundaries taken from index: 11

+------------+------------+
  ITERATION  |   ERROR 
+------------+------------+
    1        |  1.8541E-08 
    2        |  9.5307E-17 
+------------+------------+
 Energy = -14.65664307819242

 MICROITERATION NUMBER = 10  , forward sweep
 - Left boundaries taken from index: 10
 - Right boundaries taken from index: 12

+------------+------------+
  ITERATION  |   ERROR 
+------------+------------+
    1        |  1.2535E-08 
    2        |  9.7371E-18 
+------------+------------+
 Energy = -14.65664307819413

 MICROITERATION NUMBER = 11  , forward sweep
 - Left boundaries taken from index: 11
 - Right boundaries taken from index: 13

+------------+------------+
  ITERATION  |   ERROR 
+------------+------------+
    1        |  5.0051E-09 
    2        |  8.5521E-18 
+------------+------------+
 Energy = -14.65664307819824

 MICROITERATION NUMBER = 12  , forward sweep
 - Left boundaries taken from index: 12
 - Right boundaries taken from index: 14

+------------+------------+
  ITERATION  |   ERROR 
+------------+------------+
    1        |  4.0384E-09 
    2        |  1.3815E-18 
+------------+------------+
 Energy = -14.65664307819938

 MICROITERATION NUMBER = 13  , backward sweep
 - Left boundaries taken from index: 11
 - Right boundaries taken from index: 13

+------------+------------+
  ITERATION  |   ERROR 
+------------+------------+
    1        |  5.3199E-09 
    2        |  1.1971E-18 
+------------+------------+
 Energy = -14.6566430782002

 MICROITERATION NUMBER = 14  , backward sweep
 - Left boundaries taken from index: 10
 - Right boundaries taken from index: 12

+------------+------------+
  ITERATION  |   ERROR 
+------------+------------+
    1        |  5.3667E-09 
    2        |  5.2153E-18 
+------------+------------+
 Energy = -14.65664307820104

 MICROITERATION NUMBER = 15  , backward sweep
 - Left boundaries taken from index: 9
 - Right boundaries taken from index: 11

+------------+------------+
  ITERATION  |   ERROR 
+------------+------------+
    1        |  1.8009E-08 
    2        |  1.6415E-17 
+------------+------------+
 Energy = -14.65664307820169

 MICROITERATION NUMBER = 16  , backward sweep
 - Left boundaries taken from index: 8
 - Right boundaries taken from index: 10

+------------+------------+
  ITERATION  |   ERROR 
+------------+------------+
    1        |  3.2408E-08 
    2        |  3.2816E-17 
+------------+------------+
 Energy = -14.65664307820076

 MICROITERATION NUMBER = 17  , backward sweep
 - Left boundaries taken from index: 7
 - Right boundaries taken from index: 9

+------------+------------+
  ITERATION  |   ERROR 
+------------+------------+
    1        |  4.8543E-08 
    2        |  4.0281E-16 
+------------+------------+
 Energy = -14.65664307820591

 MICROITERATION NUMBER = 18  , backward sweep
 - Left boundaries taken from index: 6
 - Right boundaries taken from index: 8

+------------+------------+
  ITERATION  |   ERROR 
+------------+------------+
    1        |  9.4468E-08 
    2        |  7.4464E-16 
+------------+------------+
 Energy = -14.65664307820495

 MICROITERATION NUMBER = 19  , backward sweep
 - Left boundaries taken from index: 5
 - Right boundaries taken from index: 7

+------------+------------+
  ITERATION  |   ERROR 
+------------+------------+
    1        |  1.0377E-07 
    2        |  2.0744E-15 
+------------+------------+
 Energy = -14.65664307822701

 MICROITERATION NUMBER = 20  , backward sweep
 - Left boundaries taken from index: 4
 - Right boundaries taken from index: 6

+------------+------------+
  ITERATION  |   ERROR 
+------------+------------+
    1        |  2.7597E-07 
    2        |  1.8077E-14 
+------------+------------+
 Energy = -14.65664307744973

 MICROITERATION NUMBER = 21  , backward sweep
 - Left boundaries taken from index: 3
 - Right boundaries taken from index: 5

+------------+------------+
  ITERATION  |   ERROR 
+------------+------------+
    1        |  6.1474E-07 
    2        |  2.8463E-13 
+------------+------------+
 Energy = -14.6566430804442

 MICROITERATION NUMBER = 22  , backward sweep
 - Left boundaries taken from index: 2
 - Right boundaries taken from index: 4

+------------+------------+
  ITERATION  |   ERROR 
+------------+------------+
    1        |  9.1310E-07 
    2        |  3.3993E-13 
+------------+------------+
 Energy = -14.65664307853227

 MICROITERATION NUMBER = 23  , backward sweep
 - Left boundaries taken from index: 1
 - Right boundaries taken from index: 3

+------------+------------+
  ITERATION  |   ERROR 
+------------+------------+
    1        |  7.5399E-07 
    2        |  1.2630E-13 
+------------+------------+
 Energy = -14.65664307737956


 -------------------
   SWEEP NUMBER 21
 -------------------
 - Noise parameter: 1e-08
 - Maximum bond dimension: 100
 - Truncation parameter: 1e-16

 MICROITERATION NUMBER = 0  , forward sweep
 - Left boundaries taken from index: 0
 - Right boundaries taken from index: 2

+------------+------------+
  ITERATION  |   ERROR 
+------------+------------+
    1        |  3.3161E-07 
    2        |  6.3883E-15 
+------------+------------+
 Energy = -14.65664307694261

 MICROITERATION NUMBER = 1  , forward sweep
 - Left boundaries taken from index: 1
 - Right boundaries taken from index: 3

+------------+------------+
  ITERATION  |   ERROR 
+------------+------------+
    1        |  7.9899E-07 
    2        |  8.4020E-14 
+------------+------------+
 Energy = -14.65664307609863

 MICROITERATION NUMBER = 2  , forward sweep
 - Left boundaries taken from index: 2
 - Right boundaries taken from index: 4

+------------+------------+
  ITERATION  |   ERROR 
+------------+------------+
    1        |  1.2951E-06 
    2        |  1.0360E-13 
+------------+------------+
 Energy = -14.65664307564554

 MICROITERATION NUMBER = 3  , forward sweep
 - Left boundaries taken from index: 3
 - Right boundaries taken from index: 5

+------------+------------+
  ITERATION  |   ERROR 
+------------+------------+
    1        |  1.0798E-06 
    2        |  4.4949E-14 
+------------+------------+
 Energy = -14.65664307607424

 MICROITERATION NUMBER = 4  , forward sweep
 - Left boundaries taken from index: 4
 - Right boundaries taken from index: 6

+------------+------------+
  ITERATION  |   ERROR 
+------------+------------+
    1        |  2.6152E-07 
    2        |  8.4420E-15 
+------------+------------+
 Energy = -14.6566430756813

 MICROITERATION NUMBER = 5  , forward sweep
 - Left boundaries taken from index: 5
 - Right boundaries taken from index: 7

+------------+------------+
  ITERATION  |   ERROR 
+------------+------------+
    1        |  1.3905E-07 
    2        |  1.6414E-15 
+------------+------------+
 Energy = -14.6566430756868

 MICROITERATION NUMBER = 6  , forward sweep
 - Left boundaries taken from index: 6
 - Right boundaries taken from index: 8

+------------+------------+
  ITERATION  |   ERROR 
+------------+------------+
    1        |  7.4973E-08 
    2        |  1.3509E-15 
+------------+------------+
 Energy = -14.65664307569375

 MICROITERATION NUMBER = 7  , forward sweep
 - Left boundaries taken from index: 7
 - Right boundaries taken from index: 9

+------------+------------+
  ITERATION  |   ERROR 
+------------+------------+
    1        |  5.8708E-08 
    2        |  2.9939E-16 
+------------+------------+
 Energy = -14.65664307570046

 MICROITERATION NUMBER = 8  , forward sweep
 - Left boundaries taken from index: 8
 - Right boundaries taken from index: 10

+------------+------------+
  ITERATION  |   ERROR 
+------------+------------+
    1        |  2.1863E-08 
    2        |  1.8423E-16 
+------------+------------+
 Energy = -14.65664307570876

 MICROITERATION NUMBER = 9  , forward sweep
 - Left boundaries taken from index: 9
 - Right boundaries taken from index: 11

+------------+------------+
  ITERATION  |   ERROR 
+------------+------------+
    1        |  1.4779E-08 
    2        |  2.8393E-17 
+------------+------------+
 Energy = -14.65664307571257

 MICROITERATION NUMBER = 10  , forward sweep
 - Left boundaries taken from index: 10
 - Right boundaries taken from index: 12

+------------+------------+
  ITERATION  |   ERROR 
+------------+------------+
    1        |  6.7264E-09 
    2        |  9.1142E-18 
+------------+------------+
 Energy = -14.6566430757149

 MICROITERATION NUMBER = 11  , forward sweep
 - Left boundaries taken from index: 11
 - Right boundaries taken from index: 13

+------------+------------+
  ITERATION  |   ERROR 
+------------+------------+
    1        |  4.5503E-09 
    2        |  2.0260E-18 
+------------+------------+
 Energy = -14.65664307571615

 MICROITERATION NUMBER = 12  , forward sweep
 - Left boundaries taken from index: 12
 - Right boundaries taken from index: 14

+------------+------------+
  ITERATION  |   ERROR 
+------------+------------+
    1        |  2.5479E-09 
    2        |  2.2936E-18 
+------------+------------+
 Energy = -14.6566430757184

 MICROITERATION NUMBER = 13  , backward sweep
 - Left boundaries taken from index: 11
 - Right boundaries taken from index: 13

+------------+------------+
  ITERATION  |   ERROR 
+------------+------------+
    1        |  3.7718E-09 
    2        |  6.0328E-19 
+------------+------------+
 Energy = -14.65664307571889

 MICROITERATION NUMBER = 14  , backward sweep
 - Left boundaries taken from index: 10
 - Right boundaries taken from index: 12

+------------+------------+
  ITERATION  |   ERROR 
+------------+------------+
    1        |  5.3211E-09 
    2        |  1.8449E-18 
+------------+------------+
 Energy = -14.65664307571924

 MICROITERATION NUMBER = 15  , backward sweep
 - Left boundaries taken from index: 9
 - Right boundaries taken from index: 11

+------------+------------+
  ITERATION  |   ERROR 
+------------+------------+
    1        |  1.0851E-08 
    2        |  1.0559E-17 
+------------+------------+
 Energy = -14.65664307572021

 MICROITERATION NUMBER = 16  , backward sweep
 - Left boundaries taken from index: 8
 - Right boundaries taken from index: 10

+------------+------------+
  ITERATION  |   ERROR 
+------------+------------+
    1        |  2.4466E-08 
    2        |  1.8221E-17 
+------------+------------+
 Energy = -14.65664307571884

 MICROITERATION NUMBER = 17  , backward sweep
 - Left boundaries taken from index: 7
 - Right boundaries taken from index: 9

+------------+------------+
  ITERATION  |   ERROR 
+------------+------------+
    1        |  3.5419E-08 
    2        |  2.2051E-16 
+------------+------------+
 Energy = -14.65664307572204

 MICROITERATION NUMBER = 18  , backward sweep
 - Left boundaries taken from index: 6
 - Right boundaries taken from index: 8

+------------+------------+
  ITERATION  |   ERROR 
+------------+------------+
    1        |  7.1873E-08 
    2        |  4.1826E-16 
+------------+------------+
 Energy = -14.6566430757211

 MICROITERATION NUMBER = 19  , backward sweep
 - Left boundaries taken from index: 5
 - Right boundaries taken from index: 7

+------------+------------+
  ITERATION  |   ERROR 
+------------+------------+
    1        |  7.6995E-08 
    2        |  1.2134E-15 
+------------+------------+
 Energy = -14.65664307573188

 MICROITERATION NUMBER = 20  , backward sweep
 - Left boundaries taken from index: 4
 - Right boundaries taken from index: 6

+------------+------------+
  ITERATION  |   ERROR 
+------------+------------+
    1        |  2.0034E-07 
    2        |  8.6815E-15 
+------------+------------+
 Energy = -14.65664307519791

 MICROITERATION NUMBER = 21  , backward sweep
 - Left boundaries taken from index: 3
 - Right boundaries taken from index: 5

+------------+------------+
  ITERATION  |   ERROR 
+------------+------------+
    1        |  4.4427E-07 
    2        |  1.7638E-13 
+------------+------------+
 Energy = -14.65664307767645

 MICROITERATION NUMBER = 22  , backward sweep
 - Left boundaries taken from index: 2
 - Right boundaries taken from index: 4

+------------+------------+
  ITERATION  |   ERROR 
+------------+------------+
    1        |  6.9261E-07 
    2        |  1.8994E-13 
+------------+------------+
 Energy = -14.65664307610278

 MICROITERATION NUMBER = 23  , backward sweep
 - Left boundaries taken from index: 1
 - Right boundaries taken from index: 3

+------------+------------+
  ITERATION  |   ERROR 
+------------+------------+
    1        |  6.1189E-07 
    2        |  6.6730E-14 
+------------+------------+
 Energy = -14.6566430752631


 -------------------
   SWEEP NUMBER 22
 -------------------
 - Noise parameter: 1e-08
 - Maximum bond dimension: 100
 - Truncation parameter: 1e-16

 MICROITERATION NUMBER = 0  , forward sweep
 - Left boundaries taken from index: 0
 - Right boundaries taken from index: 2

+------------+------------+
  ITERATION  |   ERROR 
+------------+------------+
    1        |  2.3354E-07 
    2        |  4.2785E-15 
+------------+------------+
 Energy = -14.65664307485193

 MICROITERATION NUMBER = 1  , forward sweep
 - Left boundaries taken from index: 1
 - Right boundaries taken from index: 3

+------------+------------+
  ITERATION  |   ERROR 
+------------+------------+
    1        |  5.9333E-07 
    2        |  5.5074E-14 
+------------+------------+
 Energy = -14.656643074099

 MICROITERATION NUMBER = 2  , forward sweep
 - Left boundaries taken from index: 2
 - Right boundaries taken from index: 4

+------------+------------+
  ITERATION  |   ERROR 
+------------+------------+
    1        |  9.6389E-07 
    2        |  5.9109E-14 
+------------+------------+
 Energy = -14.65664307372368

 MICROITERATION NUMBER = 3  , forward sweep
 - Left boundaries taken from index: 3
 - Right boundaries taken from index: 5

+------------+------------+
  ITERATION  |   ERROR 
+------------+------------+
    1        |  8.2933E-07 
    2        |  2.4162E-14 
+------------+------------+
 Energy = -14.65664307403056

 MICROITERATION NUMBER = 4  , forward sweep
 - Left boundaries taken from index: 4
 - Right boundaries taken from index: 6

+------------+------------+
  ITERATION  |   ERROR 
+------------+------------+
    1        |  1.8317E-07 
    2        |  4.4071E-15 
+------------+------------+
 Energy = -14.65664307374361

 MICROITERATION NUMBER = 5  , forward sweep
 - Left boundaries taken from index: 5
 - Right boundaries taken from index: 7

+------------+------------+
  ITERATION  |   ERROR 
+------------+------------+
    1        |  1.0497E-07 
    2        |  9.2086E-16 
+------------+------------+
 Energy = -14.65664307374578

 MICROITERATION NUMBER = 6  , forward sweep
 - Left boundaries taken from index: 6
 - Right boundaries taken from index: 8

+------------+------------+
  ITERATION  |   ERROR 
+------------+------------+
    1        |  5.6531E-08 
    2        |  7.6532E-16 
+------------+------------+
 Energy = -14.65664307375072

 MICROITERATION NUMBER = 7  , forward sweep
 - Left boundaries taken from index: 7
 - Right boundaries taken from index: 9

+------------+------------+
  ITERATION  |   ERROR 
+------------+------------+
    1        |  4.4536E-08 
    2        |  1.6762E-16 
+------------+------------+
 Energy = -14.65664307375573

 MICROITERATION NUMBER = 8  , forward sweep
 - Left boundaries taken from index: 8
 - Right boundaries taken from index: 10

+------------+------------+
  ITERATION  |   ERROR 
+------------+------------+
    1        |  1.6334E-08 
    2        |  1.1221E-16 
+------------+------------+
 Energy = -14.65664307376042

 MICROITERATION NUMBER = 9  , forward sweep
 - Left boundaries taken from index: 9
 - Right boundaries taken from index: 11

+------------+------------+
  ITERATION  |   ERROR 
+------------+------------+
    1        |  1.3369E-08 
    2        |  1.2792E-17 
+------------+------------+
 Energy = -14.65664307376227

 MICROITERATION NUMBER = 10  , forward sweep
 - Left boundaries taken from index: 10
 - Right boundaries taken from index: 12

+------------+------------+
  ITERATION  |   ERROR 
+------------+------------+
    1        |  4.5179E-09 
    2        |  1.0330E-17 
+------------+------------+
 Energy = -14.65664307376585

 MICROITERATION NUMBER = 11  , forward sweep
 - Left boundaries taken from index: 11
 - Right boundaries taken from index: 13

+------------+------------+
  ITERATION  |   ERROR 
+------------+------------+
    1        |  3.6285E-09 
    2        |  5.1726E-19 
+------------+------------+
 Energy = -14.65664307376623

 MICROITERATION NUMBER = 12  , forward sweep
 - Left boundaries taken from index: 12
 - Right boundaries taken from index: 14

+------------+------------+
  ITERATION  |   ERROR 
+------------+------------+
    1        |  1.2667E-09 
    2        |  9.9285E-19 
+------------+------------+
 Energy = -14.65664307376822

 MICROITERATION NUMBER = 13  , backward sweep
 - Left boundaries taken from index: 11
 - Right boundaries taken from index: 13

+------------+------------+
  ITERATION  |   ERROR 
+------------+------------+
    1        |  1.6846E-09 
    2        |  8.8975E-20 
+------------+------------+
 Energy = -14.6566430737684

 MICROITERATION NUMBER = 14  , backward sweep
 - Left boundaries taken from index: 10
 - Right boundaries taken from index: 12

+------------+------------+
  ITERATION  |   ERROR 
+------------+------------+
    1        |  4.7330E-09 
    2        |  5.7723E-19 
+------------+------------+
 Energy = -14.65664307376853

 MICROITERATION NUMBER = 15  , backward sweep
 - Left boundaries taken from index: 9
 - Right boundaries taken from index: 11

+------------+------------+
  ITERATION  |   ERROR 
+------------+------------+
    1        |  6.9657E-09 
    2        |  6.9947E-18 
+------------+------------+
 Energy = -14.65664307376942

 MICROITERATION NUMBER = 16  , backward sweep
 - Left boundaries taken from index: 8
 - Right boundaries taken from index: 10

+------------+------------+
  ITERATION  |   ERROR 
+------------+------------+
    1        |  1.7644E-08 
    2        |  9.2463E-18 
+------------+------------+
 Energy = -14.65664307376932

 MICROITERATION NUMBER = 17  , backward sweep
 - Left boundaries taken from index: 7
 - Right boundaries taken from index: 9

+------------+------------+
  ITERATION  |   ERROR 
+------------+------------+
    1        |  2.6572E-08 
    2        |  1.2160E-16 
+------------+------------+
 Energy = -14.65664307377246

 MICROITERATION NUMBER = 18  , backward sweep
 - Left boundaries taken from index: 6
 - Right boundaries taken from index: 8

+------------+------------+
  ITERATION  |   ERROR 
+------------+------------+
    1        |  5.3864E-08 
    2        |  2.3808E-16 
+------------+------------+
 Energy = -14.65664307377151

 MICROITERATION NUMBER = 19  , backward sweep
 - Left boundaries taken from index: 5
 - Right boundaries taken from index: 7

+------------+------------+
  ITERATION  |   ERROR 
+------------+------------+
    1        |  5.7518E-08 
    2        |  6.8616E-16 
+------------+------------+
 Energy = -14.65664307377578

 MICROITERATION NUMBER = 20  , backward sweep
 - Left boundaries taken from index: 4
 - Right boundaries taken from index: 6

+------------+------------+
  ITERATION  |   ERROR 
+------------+------------+
    1        |  1.4270E-07 
    2        |  4.1197E-15 
+------------+------------+
 Energy = -14.65664307341015

 MICROITERATION NUMBER = 21  , backward sweep
 - Left boundaries taken from index: 3
 - Right boundaries taken from index: 5

+------------+------------+
  ITERATION  |   ERROR 
+------------+------------+
    1        |  3.1796E-07 
    2        |  1.0404E-13 
+------------+------------+
 Energy = -14.65664307541497

 MICROITERATION NUMBER = 22  , backward sweep
 - Left boundaries taken from index: 2
 - Right boundaries taken from index: 4

+------------+------------+
  ITERATION  |   ERROR 
+------------+------------+
    1        |  5.2383E-07 
    2        |  1.0803E-13 
+------------+------------+
 Energy = -14.65664307410446

 MICROITERATION NUMBER = 23  , backward sweep
 - Left boundaries taken from index: 1
 - Right boundaries taken from index: 3

+------------+------------+
  ITERATION  |   ERROR 
+------------+------------+
    1        |  4.9412E-07 
    2        |  3.6757E-14 
+------------+------------+
 Energy = -14.65664307347343


 -------------------
   SWEEP NUMBER 23
 -------------------
 - Noise parameter: 1e-08
 - Maximum bond dimension: 100
 - Truncation parameter: 1e-16

 MICROITERATION NUMBER = 0  , forward sweep
 - Left boundaries taken from index: 0
 - Right boundaries taken from index: 2

+------------+------------+
  ITERATION  |   ERROR 
+------------+------------+
    1        |  1.7164E-07 
    2        |  3.0107E-15 
+------------+------------+
 Energy = -14.65664307308913

 MICROITERATION NUMBER = 1  , forward sweep
 - Left boundaries taken from index: 1
 - Right boundaries taken from index: 3

+------------+------------+
  ITERATION  |   ERROR 
+------------+------------+
    1        |  4.4609E-07 
    2        |  3.5589E-14 
+------------+------------+
 Energy = -14.65664307242817

 MICROITERATION NUMBER = 2  , forward sweep
 - Left boundaries taken from index: 2
 - Right boundaries taken from index: 4

+------------+------------+
  ITERATION  |   ERROR 
+------------+------------+
    1        |  7.2112E-07 
    2        |  3.3475E-14 
+------------+------------+
 Energy = -14.65664307212057

 MICROITERATION NUMBER = 3  , forward sweep
 - Left boundaries taken from index: 3
 - Right boundaries taken from index: 5

+------------+------------+
  ITERATION  |   ERROR 
+------------+------------+
    1        |  6.2183E-07 
    2        |  1.2640E-14 
+------------+------------+
 Energy = -14.65664307234043

 MICROITERATION NUMBER = 4  , forward sweep
 - Left boundaries taken from index: 4
 - Right boundaries taken from index: 6

+------------+------------+
  ITERATION  |   ERROR 
+------------+------------+
    1        |  1.2772E-07 
    2        |  2.2238E-15 
+------------+------------+
 Energy = -14.65664307213772

 MICROITERATION NUMBER = 5  , forward sweep
 - Left boundaries taken from index: 5
 - Right boundaries taken from index: 7

+------------+------------+
  ITERATION  |   ERROR 
+------------+------------+
    1        |  7.7933E-08 
    2        |  5.1825E-16 
+------------+------------+
 Energy = -14.65664307213918

 MICROITERATION NUMBER = 6  , forward sweep
 - Left boundaries taken from index: 6
 - Right boundaries taken from index: 8

+------------+------------+
  ITERATION  |   ERROR 
+------------+------------+
    1        |  4.2839E-08 
    2        |  4.1964E-16 
+------------+------------+
 Energy = -14.65664307214302

 MICROITERATION NUMBER = 7  , forward sweep
 - Left boundaries taken from index: 7
 - Right boundaries taken from index: 9

+------------+------------+
  ITERATION  |   ERROR 
+------------+------------+
    1        |  3.3422E-08 
    2        |  9.7380E-17 
+------------+------------+
 Energy = -14.65664307214695

 MICROITERATION NUMBER = 8  , forward sweep
 - Left boundaries taken from index: 8
 - Right boundaries taken from index: 10

+------------+------------+
  ITERATION  |   ERROR 
+------------+------------+
    1        |  1.2693E-08 
    2        |  5.7342E-17 
+------------+------------+
 Energy = -14.65664307214923

 MICROITERATION NUMBER = 9  , forward sweep
 - Left boundaries taken from index: 9
 - Right boundaries taken from index: 11

+------------+------------+
  ITERATION  |   ERROR 
+------------+------------+
    1        |  9.1151E-09 
    2        |  1.0240E-17 
+------------+------------+
 Energy = -14.65664307215142

 MICROITERATION NUMBER = 10  , forward sweep
 - Left boundaries taken from index: 10
 - Right boundaries taken from index: 12

+------------+------------+
  ITERATION  |   ERROR 
+------------+------------+
    1        |  3.7375E-09 
    2        |  4.6025E-18 
+------------+------------+
 Energy = -14.65664307215342

 MICROITERATION NUMBER = 11  , forward sweep
 - Left boundaries taken from index: 11
 - Right boundaries taken from index: 13

+------------+------------+
  ITERATION  |   ERROR 
+------------+------------+
    1        |  2.7917E-09 
    2        |  5.1836E-19 
+------------+------------+
 Energy = -14.65664307215399

 MICROITERATION NUMBER = 12  , forward sweep
 - Left boundaries taken from index: 12
 - Right boundaries taken from index: 14

+------------+------------+
  ITERATION  |   ERROR 
+------------+------------+
    1        |  1.3314E-09 
    2        |  8.8936E-19 
+------------+------------+
 Energy = -14.65664307215556

 MICROITERATION NUMBER = 13  , backward sweep
 - Left boundaries taken from index: 11
 - Right boundaries taken from index: 13

+------------+------------+
  ITERATION  |   ERROR 
+------------+------------+
    1        |  1.9682E-09 
    2        |  1.3127E-19 
+------------+------------+
 Energy = -14.65664307215579

 MICROITERATION NUMBER = 14  , backward sweep
 - Left boundaries taken from index: 10
 - Right boundaries taken from index: 12

+------------+------------+
  ITERATION  |   ERROR 
+------------+------------+
    1        |  3.6035E-09 
    2        |  5.1010E-19 
+------------+------------+
 Energy = -14.65664307215597

 MICROITERATION NUMBER = 15  , backward sweep
 - Left boundaries taken from index: 9
 - Right boundaries taken from index: 11

+------------+------------+
  ITERATION  |   ERROR 
+------------+------------+
    1        |  6.6367E-09 
    2        |  3.8389E-18 
+------------+------------+
 Energy = -14.65664307215664

 MICROITERATION NUMBER = 16  , backward sweep
 - Left boundaries taken from index: 8
 - Right boundaries taken from index: 10

+------------+------------+
  ITERATION  |   ERROR 
+------------+------------+
    1        |  1.3749E-08 
    2        |  5.8477E-18 
+------------+------------+
 Energy = -14.65664307215698

 MICROITERATION NUMBER = 17  , backward sweep
 - Left boundaries taken from index: 7
 - Right boundaries taken from index: 9

+------------+------------+
  ITERATION  |   ERROR 
+------------+------------+
    1        |  2.0308E-08 
    2        |  7.0133E-17 
+------------+------------+
 Energy = -14.65664307215997

 MICROITERATION NUMBER = 18  , backward sweep
 - Left boundaries taken from index: 6
 - Right boundaries taken from index: 8

+------------+------------+
  ITERATION  |   ERROR 
+------------+------------+
    1        |  4.0113E-08 
    2        |  1.3558E-16 
+------------+------------+
 Energy = -14.65664307215923

 MICROITERATION NUMBER = 19  , backward sweep
 - Left boundaries taken from index: 5
 - Right boundaries taken from index: 7

+------------+------------+
  ITERATION  |   ERROR 
+------------+------------+
    1        |  4.3082E-08 
    2        |  3.7873E-16 
+------------+------------+
 Energy = -14.65664307216111

 MICROITERATION NUMBER = 20  , backward sweep
 - Left boundaries taken from index: 4
 - Right boundaries taken from index: 6

+------------+------------+
  ITERATION  |   ERROR 
+------------+------------+
    1        |  9.9742E-08 
    2        |  1.9104E-15 
+------------+------------+
 Energy = -14.65664307191475

 MICROITERATION NUMBER = 21  , backward sweep
 - Left boundaries taken from index: 3
 - Right boundaries taken from index: 5

+------------+------------+
  ITERATION  |   ERROR 
+------------+------------+
    1        |  2.2504E-07 
    2        |  5.9179E-14 
+------------+------------+
 Energy = -14.65664307351437

 MICROITERATION NUMBER = 22  , backward sweep
 - Left boundaries taken from index: 2
 - Right boundaries taken from index: 4

+------------+------------+
  ITERATION  |   ERROR 
+------------+------------+
    1        |  3.9480E-07 
    2        |  6.2154E-14 
+------------+------------+
 Energy = -14.65664307241695

 MICROITERATION NUMBER = 23  , backward sweep
 - Left boundaries taken from index: 1
 - Right boundaries taken from index: 3

+------------+------------+
  ITERATION  |   ERROR 
+------------+------------+
    1        |  3.9396E-07 
    2        |  2.0870E-14 
+------------+------------+
 Energy = -14.65664307193262


 -------------------
   SWEEP NUMBER 24
 -------------------
 - Noise parameter: 1e-08
 - Maximum bond dimension: 100
 - Truncation parameter: 1e-16

 MICROITERATION NUMBER = 0  , forward sweep
 - Left boundaries taken from index: 0
 - Right boundaries taken from index: 2

+------------+------------+
  ITERATION  |   ERROR 
+------------+------------+
    1        |  1.2969E-07 
    2        |  2.1462E-15 
+------------+------------+
 Energy = -14.65664307157968

 MICROITERATION NUMBER = 1  , forward sweep
 - Left boundaries taken from index: 1
 - Right boundaries taken from index: 3

+------------+------------+
  ITERATION  |   ERROR 
+------------+------------+
    1        |  3.3911E-07 
    2        |  2.2235E-14 
+------------+------------+
 Energy = -14.65664307101828

 MICROITERATION NUMBER = 2  , forward sweep
 - Left boundaries taken from index: 2
 - Right boundaries taken from index: 4

+------------+------------+
  ITERATION  |   ERROR 
+------------+------------+
    1        |  5.4097E-07 
    2        |  1.8817E-14 
+------------+------------+
 Energy = -14.65664307076836

 MICROITERATION NUMBER = 3  , forward sweep
 - Left boundaries taken from index: 3
 - Right boundaries taken from index: 5

+------------+------------+
  ITERATION  |   ERROR 
+------------+------------+
    1        |  4.5746E-07 
    2        |  6.4365E-15 
+------------+------------+
 Energy = -14.65664307092548

 MICROITERATION NUMBER = 4  , forward sweep
 - Left boundaries taken from index: 4
 - Right boundaries taken from index: 6

+------------+------------+
  ITERATION  |   ERROR 
+------------+------------+
    1        |  8.8414E-08 
    2        |  1.0908E-15 
+------------+------------+
 Energy = -14.65664307078765

 MICROITERATION NUMBER = 5  , forward sweep
 - Left boundaries taken from index: 5
 - Right boundaries taken from index: 7

+------------+------------+
  ITERATION  |   ERROR 
+------------+------------+
    1        |  5.7234E-08 
    2        |  2.9327E-16 
+------------+------------+
 Energy = -14.65664307078876

 MICROITERATION NUMBER = 6  , forward sweep
 - Left boundaries taken from index: 6
 - Right boundaries taken from index: 8

+------------+------------+
  ITERATION  |   ERROR 
+------------+------------+
    1        |  3.2593E-08 
    2        |  2.2577E-16 
+------------+------------+
 Energy = -14.65664307079178

 MICROITERATION NUMBER = 7  , forward sweep
 - Left boundaries taken from index: 7
 - Right boundaries taken from index: 9

+------------+------------+
  ITERATION  |   ERROR 
+------------+------------+
    1        |  2.4973E-08 
    2        |  5.8353E-17 
+------------+------------+
 Energy = -14.65664307079501

 MICROITERATION NUMBER = 8  , forward sweep
 - Left boundaries taken from index: 8
 - Right boundaries taken from index: 10

+------------+------------+
  ITERATION  |   ERROR 
+------------+------------+
    1        |  9.7081E-09 
    2        |  3.5016E-17 
+------------+------------+
 Energy = -14.65664307079713

 MICROITERATION NUMBER = 9  , forward sweep
 - Left boundaries taken from index: 9
 - Right boundaries taken from index: 11

+------------+------------+
  ITERATION  |   ERROR 
+------------+------------+
    1        |  6.1254E-09 
    2        |  7.3848E-18 
+------------+------------+
 Energy = -14.65664307079888

 MICROITERATION NUMBER = 10  , forward sweep
 - Left boundaries taken from index: 10
 - Right boundaries taken from index: 12

+------------+------------+
  ITERATION  |   ERROR 
+------------+------------+
    1        |  3.3196E-09 
    2        |  1.2469E-18 
+------------+------------+
 Energy = -14.65664307079961

 MICROITERATION NUMBER = 11  , forward sweep
 - Left boundaries taken from index: 11
 - Right boundaries taken from index: 13

+------------+------------+
  ITERATION  |   ERROR 
+------------+------------+
    1        |  1.7405E-09 
    2        |  5.8413E-19 
+------------+------------+
 Energy = -14.65664307080053

 MICROITERATION NUMBER = 12  , forward sweep
 - Left boundaries taken from index: 12
 - Right boundaries taken from index: 14

+------------+------------+
  ITERATION  |   ERROR 
+------------+------------+
    1        |  1.2086E-09 
    2        |  2.8574E-19 
+------------+------------+
 Energy = -14.65664307080114

 MICROITERATION NUMBER = 13  , backward sweep
 - Left boundaries taken from index: 11
 - Right boundaries taken from index: 13

+------------+------------+
  ITERATION  |   ERROR 
+------------+------------+
    1        |  1.7372E-09 
    2        |  1.3287E-19 
+------------+------------+
 Energy = -14.65664307080144

 MICROITERATION NUMBER = 14  , backward sweep
 - Left boundaries taken from index: 10
 - Right boundaries taken from index: 12

+------------+------------+
  ITERATION  |   ERROR 
+------------+------------+
    1        |  2.0573E-09 
    2        |  4.3979E-19 
+------------+------------+
 Energy = -14.65664307080171

 MICROITERATION NUMBER = 15  , backward sweep
 - Left boundaries taken from index: 9
 - Right boundaries taken from index: 11

+------------+------------+
  ITERATION  |   ERROR 
+------------+------------+
    1        |  5.3240E-09 
    2        |  1.9220E-18 
+------------+------------+
 Energy = -14.65664307080265

 MICROITERATION NUMBER = 16  , backward sweep
 - Left boundaries taken from index: 8
 - Right boundaries taken from index: 10

+------------+------------+
  ITERATION  |   ERROR 
+------------+------------+
    1        |  1.1045E-08 
    2        |  3.3951E-18 
+------------+------------+
 Energy = -14.65664307080297

 MICROITERATION NUMBER = 17  , backward sweep
 - Left boundaries taken from index: 7
 - Right boundaries taken from index: 9

+------------+------------+
  ITERATION  |   ERROR 
+------------+------------+
    1        |  1.5898E-08 
    2        |  3.8209E-17 
+------------+------------+
 Energy = -14.65664307080516

 MICROITERATION NUMBER = 18  , backward sweep
 - Left boundaries taken from index: 6
 - Right boundaries taken from index: 8

+------------+------------+
  ITERATION  |   ERROR 
+------------+------------+
    1        |  2.9407E-08 
    2        |  7.6961E-17 
+------------+------------+
 Energy = -14.65664307080467

 MICROITERATION NUMBER = 19  , backward sweep
 - Left boundaries taken from index: 5
 - Right boundaries taken from index: 7

+------------+------------+
  ITERATION  |   ERROR 
+------------+------------+
    1        |  3.2369E-08 
    2        |  2.0247E-16 
+------------+------------+
 Energy = -14.65664307080487

 MICROITERATION NUMBER = 20  , backward sweep
 - Left boundaries taken from index: 4
 - Right boundaries taken from index: 6

+------------+------------+
  ITERATION  |   ERROR 
+------------+------------+
    1        |  6.8363E-08 
    2        |  8.5610E-16 
+------------+------------+
 Energy = -14.65664307064071

 MICROITERATION NUMBER = 21  , backward sweep
 - Left boundaries taken from index: 3
 - Right boundaries taken from index: 5

+------------+------------+
  ITERATION  |   ERROR 
+------------+------------+
    1        |  1.5727E-07 
    2        |  3.2797E-14 
+------------+------------+
 Energy = -14.65664307191139

 MICROITERATION NUMBER = 22  , backward sweep
 - Left boundaries taken from index: 2
 - Right boundaries taken from index: 4

+------------+------------+
  ITERATION  |   ERROR 
+------------+------------+
    1        |  2.9683E-07 
    2        |  3.5858E-14 
+------------+------------+
 Energy = -14.65664307099437

 MICROITERATION NUMBER = 23  , backward sweep
 - Left boundaries taken from index: 1
 - Right boundaries taken from index: 3

+------------+------------+
  ITERATION  |   ERROR 
+------------+------------+
    1        |  3.1002E-07 
    2        |  1.2043E-14 
+------------+------------+
 Energy = -14.65664307061609


 -------------------
   SWEEP NUMBER 25
 -------------------
 - Noise parameter: 1e-08
 - Maximum bond dimension: 100
 - Truncation parameter: 1e-16

 MICROITERATION NUMBER = 0  , forward sweep
 - Left boundaries taken from index: 0
 - Right boundaries taken from index: 2

+------------+------------+
  ITERATION  |   ERROR 
+------------+------------+
    1        |  1.0074E-07 
    2        |  1.4968E-15 
+------------+------------+
 Energy = -14.65664307030588

 MICROITERATION NUMBER = 1  , forward sweep
 - Left boundaries taken from index: 1
 - Right boundaries taken from index: 3

+------------+------------+
  ITERATION  |   ERROR 
+------------+------------+
    1        |  2.5889E-07 
    2        |  1.3535E-14 
+------------+------------+
 Energy = -14.65664306984018

 MICROITERATION NUMBER = 2  , forward sweep
 - Left boundaries taken from index: 2
 - Right boundaries taken from index: 4

+------------+------------+
  ITERATION  |   ERROR 
+------------+------------+
    1        |  4.0651E-07 
    2        |  1.0514E-14 
+------------+------------+
 Energy = -14.6566430696386

 MICROITERATION NUMBER = 3  , forward sweep
 - Left boundaries taken from index: 3
 - Right boundaries taken from index: 5

+------------+------------+
  ITERATION  |   ERROR 
+------------+------------+
    1        |  3.3081E-07 
    2        |  3.1847E-15 
+------------+------------+
 Energy = -14.65664306975053

 MICROITERATION NUMBER = 4  , forward sweep
 - Left boundaries taken from index: 4
 - Right boundaries taken from index: 6

+------------+------------+
  ITERATION  |   ERROR 
+------------+------------+
    1        |  6.0621E-08 
    2        |  5.2015E-16 
+------------+------------+
 Energy = -14.65664306966007

 MICROITERATION NUMBER = 5  , forward sweep
 - Left boundaries taken from index: 5
 - Right boundaries taken from index: 7

+------------+------------+
  ITERATION  |   ERROR 
+------------+------------+
    1        |  4.1528E-08 
    2        |  1.6562E-16 
+------------+------------+
 Energy = -14.65664306966103

 MICROITERATION NUMBER = 6  , forward sweep
 - Left boundaries taken from index: 6
 - Right boundaries taken from index: 8

+------------+------------+
  ITERATION  |   ERROR 
+------------+------------+
    1        |  2.4726E-08 
    2        |  1.1852E-16 
+------------+------------+
 Energy = -14.65664306966338

 MICROITERATION NUMBER = 7  , forward sweep
 - Left boundaries taken from index: 7
 - Right boundaries taken from index: 9

+------------+------------+
  ITERATION  |   ERROR 
+------------+------------+
    1        |  1.8400E-08 
    2        |  3.5332E-17 
+------------+------------+
 Energy = -14.65664306966607

 MICROITERATION NUMBER = 8  , forward sweep
 - Left boundaries taken from index: 8
 - Right boundaries taken from index: 10

+------------+------------+
  ITERATION  |   ERROR 
+------------+------------+
    1        |  7.5385E-09 
    2        |  1.8321E-17 
+------------+------------+
 Energy = -14.65664306966792

 MICROITERATION NUMBER = 9  , forward sweep
 - Left boundaries taken from index: 9
 - Right boundaries taken from index: 11

+------------+------------+
  ITERATION  |   ERROR 
+------------+------------+
    1        |  4.6583E-09 
    2        |  5.8168E-18 
+------------+------------+
 Energy = -14.65664306966988

 MICROITERATION NUMBER = 10  , forward sweep
 - Left boundaries taken from index: 10
 - Right boundaries taken from index: 12

+------------+------------+
  ITERATION  |   ERROR 
+------------+------------+
    1        |  2.8837E-09 
    2        |  6.4496E-19 
+------------+------------+
 Energy = -14.65664306967031

 MICROITERATION NUMBER = 11  , forward sweep
 - Left boundaries taken from index: 11
 - Right boundaries taken from index: 13

+------------+------------+
  ITERATION  |   ERROR 
+------------+------------+
    1        |  1.2577E-09 
    2        |  4.5105E-19 
+------------+------------+
 Energy = -14.65664306967125

 MICROITERATION NUMBER = 12  , forward sweep
 - Left boundaries taken from index: 12
 - Right boundaries taken from index: 14

+------------+------------+
  ITERATION  |   ERROR 
+------------+------------+
    1        |  9.7488E-10 
    2        |  1.1199E-19 
+------------+------------+
 Energy = -14.65664306967156

 MICROITERATION NUMBER = 13  , backward sweep
 - Left boundaries taken from index: 11
 - Right boundaries taken from index: 13

+------------+------------+
  ITERATION  |   ERROR 
+------------+------------+
    1        |  1.3291E-09 
    2        |  7.4880E-20 
+------------+------------+
 Energy = -14.65664306967179

 MICROITERATION NUMBER = 14  , backward sweep
 - Left boundaries taken from index: 10
 - Right boundaries taken from index: 12

+------------+------------+
  ITERATION  |   ERROR 
+------------+------------+
    1        |  1.4437E-09 
    2        |  3.0617E-19 
+------------+------------+
 Energy = -14.65664306967205

 MICROITERATION NUMBER = 15  , backward sweep
 - Left boundaries taken from index: 9
 - Right boundaries taken from index: 11

+------------+------------+
  ITERATION  |   ERROR 
+------------+------------+
    1        |  4.5288E-09 
    2        |  1.0694E-18 
+------------+------------+
 Energy = -14.65664306967275

 MICROITERATION NUMBER = 16  , backward sweep
 - Left boundaries taken from index: 8
 - Right boundaries taken from index: 10

+------------+------------+
  ITERATION  |   ERROR 
+------------+------------+
    1        |  8.1989E-09 
    2        |  1.9409E-18 
+------------+------------+
 Energy = -14.65664306967288

 MICROITERATION NUMBER = 17  , backward sweep
 - Left boundaries taken from index: 7
 - Right boundaries taken from index: 9

+------------+------------+
  ITERATION  |   ERROR 
+------------+------------+
    1        |  1.2493E-08 
    2        |  2.0983E-17 
+------------+------------+
 Energy = -14.65664306967424

 MICROITERATION NUMBER = 18  , backward sweep
 - Left boundaries taken from index: 6
 - Right boundaries taken from index: 8

+------------+------------+
  ITERATION  |   ERROR 
+------------+------------+
    1        |  2.1410E-08 
    2        |  4.3143E-17 
+------------+------------+
 Energy = -14.65664306967386

 MICROITERATION NUMBER = 19  , backward sweep
 - Left boundaries taken from index: 5
 - Right boundaries taken from index: 7

+------------+------------+
  ITERATION  |   ERROR 
+------------+------------+
    1        |  2.4301E-08 
    2        |  1.0628E-16 
+------------+------------+
 Energy = -14.65664306967335

 MICROITERATION NUMBER = 20  , backward sweep
 - Left boundaries taken from index: 4
 - Right boundaries taken from index: 6

+------------+------------+
  ITERATION  |   ERROR 
+------------+------------+
    1        |  4.6013E-08 
    2        |  3.6566E-16 
+------------+------------+
 Energy = -14.65664306956773

 MICROITERATION NUMBER = 21  , backward sweep
 - Left boundaries taken from index: 3
 - Right boundaries taken from index: 5

+------------+------------+
  ITERATION  |   ERROR 
+------------+------------+
    1        |  1.0826E-07 
    2        |  1.7773E-14 
+------------+------------+
 Energy = -14.6566430705774

 MICROITERATION NUMBER = 22  , backward sweep
 - Left boundaries taken from index: 2
 - Right boundaries taken from index: 4

+------------+------------+
  ITERATION  |   ERROR 
+------------+------------+
    1        |  2.2268E-07 
    2        |  2.0778E-14 
+------------+------------+
 Energy = -14.65664306981084

 MICROITERATION NUMBER = 23  , backward sweep
 - Left boundaries taken from index: 1
 - Right boundaries taken from index: 3

+------------+------------+
  ITERATION  |   ERROR 
+------------+------------+
    1        |  2.4178E-07 
    2        |  6.9764E-15 
+------------+------------+
 Energy = -14.65664306951429


 -------------------
   SWEEP NUMBER 26
 -------------------
 - Noise parameter: 1e-08
 - Maximum bond dimension: 100
 - Truncation parameter: 1e-16

 MICROITERATION NUMBER = 0  , forward sweep
 - Left boundaries taken from index: 0
 - Right boundaries taken from index: 2

+------------+------------+
  ITERATION  |   ERROR 
+------------+------------+
    1        |  7.8872E-08 
    2        |  1.0302E-15 
+------------+------------+
 Energy = -14.65664306924646

 MICROITERATION NUMBER = 1  , forward sweep
 - Left boundaries taken from index: 1
 - Right boundaries taken from index: 3

+------------+------------+
  ITERATION  |   ERROR 
+------------+------------+
    1        |  1.9804E-07 
    2        |  8.0615E-15 
+------------+------------+
 Energy = -14.65664306886755

 MICROITERATION NUMBER = 2  , forward sweep
 - Left boundaries taken from index: 2
 - Right boundaries taken from index: 4

+------------+------------+
  ITERATION  |   ERROR 
+------------+------------+
    1        |  3.0600E-07 
    2        |  5.8463E-15 
+------------+------------+
 Energy = -14.6566430687055

 MICROITERATION NUMBER = 3  , forward sweep
 - Left boundaries taken from index: 3
 - Right boundaries taken from index: 5

+------------+------------+
  ITERATION  |   ERROR 
+------------+------------+
    1        |  2.3481E-07 
    2        |  1.5225E-15 
+------------+------------+
 Energy = -14.65664306878477

 MICROITERATION NUMBER = 4  , forward sweep
 - Left boundaries taken from index: 4
 - Right boundaries taken from index: 6

+------------+------------+
  ITERATION  |   ERROR 
+------------+------------+
    1        |  4.1025E-08 
    2        |  2.4355E-16 
+------------+------------+
 Energy = -14.65664306872772

 MICROITERATION NUMBER = 5  , forward sweep
 - Left boundaries taken from index: 5
 - Right boundaries taken from index: 7

+------------+------------+
  ITERATION  |   ERROR 
+------------+------------+
    1        |  2.9932E-08 
    2        |  9.2828E-17 
+------------+------------+
 Energy = -14.65664306872865

 MICROITERATION NUMBER = 6  , forward sweep
 - Left boundaries taken from index: 6
 - Right boundaries taken from index: 8

+------------+------------+
  ITERATION  |   ERROR 
+------------+------------+
    1        |  1.8628E-08 
    2        |  6.1792E-17 
+------------+------------+
 Energy = -14.65664306873048

 MICROITERATION NUMBER = 7  , forward sweep
 - Left boundaries taken from index: 7
 - Right boundaries taken from index: 9

+------------+------------+
  ITERATION  |   ERROR 
+------------+------------+
    1        |  1.3473E-08 
    2        |  2.1432E-17 
+------------+------------+
 Energy = -14.65664306873273

 MICROITERATION NUMBER = 8  , forward sweep
 - Left boundaries taken from index: 8
 - Right boundaries taken from index: 10

+------------+------------+
  ITERATION  |   ERROR 
+------------+------------+
    1        |  5.9504E-09 
    2        |  8.8626E-18 
+------------+------------+
 Energy = -14.65664306873399

 MICROITERATION NUMBER = 9  , forward sweep
 - Left boundaries taken from index: 9
 - Right boundaries taken from index: 11

+------------+------------+
  ITERATION  |   ERROR 
+------------+------------+
    1        |  3.5472E-09 
    2        |  5.3814E-18 
+------------+------------+
 Energy = -14.65664306873658

 MICROITERATION NUMBER = 10  , forward sweep
 - Left boundaries taken from index: 10
 - Right boundaries taken from index: 12

+------------+------------+
  ITERATION  |   ERROR 
+------------+------------+
    1        |  2.6772E-09 
    2        |  2.9302E-19 
+------------+------------+
 Energy = -14.65664306873676

 MICROITERATION NUMBER = 11  , forward sweep
 - Left boundaries taken from index: 11
 - Right boundaries taken from index: 13

+------------+------------+
  ITERATION  |   ERROR 
+------------+------------+
    1        |  8.0028E-10 
    2        |  2.8957E-19 
+------------+------------+
 Energy = -14.65664306873769

 MICROITERATION NUMBER = 12  , forward sweep
 - Left boundaries taken from index: 12
 - Right boundaries taken from index: 14

+------------+------------+
  ITERATION  |   ERROR 
+------------+------------+
    1        |  6.9606E-10 
    2        |  2.8894E-20 
+------------+------------+
 Energy = -14.6566430687378

 MICROITERATION NUMBER = 13  , backward sweep
 - Left boundaries taken from index: 11
 - Right boundaries taken from index: 13

+------------+------------+
  ITERATION  |   ERROR 
+------------+------------+
    1        |  8.6761E-10 
    2        |  2.5764E-20 
+------------+------------+
 Energy = -14.65664306873794

 MICROITERATION NUMBER = 14  , backward sweep
 - Left boundaries taken from index: 10
 - Right boundaries taken from index: 12

+------------+------------+
  ITERATION  |   ERROR 
+------------+------------+
    1        |  8.3721E-10 
    2        |  2.0325E-19 
+------------+------------+
 Energy = -14.65664306873811

 MICROITERATION NUMBER = 15  , backward sweep
 - Left boundaries taken from index: 9
 - Right boundaries taken from index: 11

+------------+------------+
  ITERATION  |   ERROR 
+------------+------------+
    1        |  3.7749E-09 
    2        |  5.1105E-19 
+------------+------------+
 Energy = -14.65664306873862

 MICROITERATION NUMBER = 16  , backward sweep
 - Left boundaries taken from index: 8
 - Right boundaries taken from index: 10

+------------+------------+
  ITERATION  |   ERROR 
+------------+------------+
    1        |  5.7887E-09 
    2        |  1.0228E-18 
+------------+------------+
 Energy = -14.65664306873857

 MICROITERATION NUMBER = 17  , backward sweep
 - Left boundaries taken from index: 7
 - Right boundaries taken from index: 9

+------------+------------+
  ITERATION  |   ERROR 
+------------+------------+
    1        |  9.6980E-09 
    2        |  1.1476E-17 
+------------+------------+
 Energy = -14.65664306873945

 MICROITERATION NUMBER = 18  , backward sweep
 - Left boundaries taken from index: 6
 - Right boundaries taken from index: 8

+------------+------------+
  ITERATION  |   ERROR 
+------------+------------+
    1        |  1.5512E-08 
    2        |  2.3503E-17 
+------------+------------+
 Energy = -14.65664306873911

 MICROITERATION NUMBER = 19  , backward sweep
 - Left boundaries taken from index: 5
 - Right boundaries taken from index: 7

+------------+------------+
  ITERATION  |   ERROR 
+------------+------------+
    1        |  1.8105E-08 
    2        |  5.4736E-17 
+------------+------------+
 Energy = -14.65664306873839

 MICROITERATION NUMBER = 20  , backward sweep
 - Left boundaries taken from index: 4
 - Right boundaries taken from index: 6

+------------+------------+
  ITERATION  |   ERROR 
+------------+------------+
    1        |  3.0440E-08 
    2        |  1.4573E-16 
+------------+------------+
 Energy = -14.6566430686739

 MICROITERATION NUMBER = 21  , backward sweep
 - Left boundaries taken from index: 3
 - Right boundaries taken from index: 5

+------------+------------+
  ITERATION  |   ERROR 
+------------+------------+
    1        |  7.3141E-08 
    2        |  9.3592E-15 
+------------+------------+
 Energy = -14.65664306947738

 MICROITERATION NUMBER = 22  , backward sweep
 - Left boundaries taken from index: 2
 - Right boundaries taken from index: 4

+------------+------------+
  ITERATION  |   ERROR 
+------------+------------+
    1        |  1.6652E-07 
    2        |  1.2236E-14 
+------------+------------+
 Energy = -14.65664306882892

 MICROITERATION NUMBER = 23  , backward sweep
 - Left boundaries taken from index: 1
 - Right boundaries taken from index: 3

+------------+------------+
  ITERATION  |   ERROR 
+------------+------------+
    1        |  1.8788E-07 
    2        |  4.0150E-15 
+------------+------------+
 Energy = -14.65664306859931


 -------------------
   SWEEP NUMBER 27
 -------------------
 - Noise parameter: 1e-08
 - Maximum bond dimension: 100
 - Truncation parameter: 1e-16

 MICROITERATION NUMBER = 0  , forward sweep
 - Left boundaries taken from index: 0
 - Right boundaries taken from index: 2

+------------+------------+
  ITERATION  |   ERROR 
+------------+------------+
    1        |  6.1577E-08 
    2        |  7.0907E-16 
+------------+------------+
 Energy = -14.65664306836837

 MICROITERATION NUMBER = 1  , forward sweep
 - Left boundaries taken from index: 1
 - Right boundaries taken from index: 3

+------------+------------+
  ITERATION  |   ERROR 
+------------+------------+
    1        |  1.5123E-07 
    2        |  4.7257E-15 
+------------+------------+
 Energy = -14.65664306806368

 MICROITERATION NUMBER = 2  , forward sweep
 - Left boundaries taken from index: 2
 - Right boundaries taken from index: 4

+------------+------------+
  ITERATION  |   ERROR 
+------------+------------+
    1        |  2.3135E-07 
    2        |  3.2344E-15 
+------------+------------+
 Energy = -14.65664306793447

 MICROITERATION NUMBER = 3  , forward sweep
 - Left boundaries taken from index: 3
 - Right boundaries taken from index: 5

+------------+------------+
  ITERATION  |   ERROR 
+------------+------------+
    1        |  1.6247E-07 
    2        |  6.9562E-16 
+------------+------------+
 Energy = -14.65664306799011

 MICROITERATION NUMBER = 4  , forward sweep
 - Left boundaries taken from index: 4
 - Right boundaries taken from index: 6

+------------+------------+
  ITERATION  |   ERROR 
+------------+------------+
    1        |  2.7282E-08 
    2        |  1.1400E-16 
+------------+------------+
 Energy = -14.65664306795621

 MICROITERATION NUMBER = 5  , forward sweep
 - Left boundaries taken from index: 5
 - Right boundaries taken from index: 7

+------------+------------+
  ITERATION  |   ERROR 
+------------+------------+
    1        |  2.1527E-08 
    2        |  5.1164E-17 
+------------+------------+
 Energy = -14.65664306795715

 MICROITERATION NUMBER = 6  , forward sweep
 - Left boundaries taken from index: 6
 - Right boundaries taken from index: 8

+------------+------------+
  ITERATION  |   ERROR 
+------------+------------+
    1        |  1.3846E-08 
    2        |  3.1996E-17 
+------------+------------+
 Energy = -14.6566430679586

 MICROITERATION NUMBER = 7  , forward sweep
 - Left boundaries taken from index: 7
 - Right boundaries taken from index: 9

+------------+------------+
  ITERATION  |   ERROR 
+------------+------------+
    1        |  9.7783E-09 
    2        |  1.2902E-17 
+------------+------------+
 Energy = -14.65664306796052

 MICROITERATION NUMBER = 8  , forward sweep
 - Left boundaries taken from index: 8
 - Right boundaries taken from index: 10

+------------+------------+
  ITERATION  |   ERROR 
+------------+------------+
    1        |  4.4285E-09 
    2        |  5.0275E-18 
+------------+------------+
 Energy = -14.65664306796149

 MICROITERATION NUMBER = 9  , forward sweep
 - Left boundaries taken from index: 9
 - Right boundaries taken from index: 11

+------------+------------+
  ITERATION  |   ERROR 
+------------+------------+
    1        |  2.6725E-09 
    2        |  2.5914E-18 
+------------+------------+
 Energy = -14.65664306796334

 MICROITERATION NUMBER = 10  , forward sweep
 - Left boundaries taken from index: 10
 - Right boundaries taken from index: 12

+------------+------------+
  ITERATION  |   ERROR 
+------------+------------+
    1        |  1.9977E-09 
    2        |  1.8327E-19 
+------------+------------+
 Energy = -14.65664306796347

 MICROITERATION NUMBER = 11  , forward sweep
 - Left boundaries taken from index: 11
 - Right boundaries taken from index: 13

+------------+------------+
  ITERATION  |   ERROR 
+------------+------------+
    1        |  6.4864E-10 
    2        |  1.6307E-19 
+------------+------------+
 Energy = -14.65664306796417

 MICROITERATION NUMBER = 12  , forward sweep
 - Left boundaries taken from index: 12
 - Right boundaries taken from index: 14

+------------+------------+
  ITERATION  |   ERROR 
+------------+------------+
    1        |  5.8576E-10 
    2        |  2.2362E-20 
+------------+------------+
 Energy = -14.65664306796426

 MICROITERATION NUMBER = 13  , backward sweep
 - Left boundaries taken from index: 11
 - Right boundaries taken from index: 13

+------------+------------+
  ITERATION  |   ERROR 
+------------+------------+
    1        |  6.7020E-10 
    2        |  1.8393E-20 
+------------+------------+
 Energy = -14.6566430679644

 MICROITERATION NUMBER = 14  , backward sweep
 - Left boundaries taken from index: 10
 - Right boundaries taken from index: 12

+------------+------------+
  ITERATION  |   ERROR 
+------------+------------+
    1        |  6.9110E-10 
    2        |  1.2780E-19 
+------------+------------+
 Energy = -14.65664306796456

 MICROITERATION NUMBER = 15  , backward sweep
 - Left boundaries taken from index: 9
 - Right boundaries taken from index: 11

+------------+------------+
  ITERATION  |   ERROR 
+------------+------------+
    1        |  2.7148E-09 
    2        |  3.1508E-19 
+------------+------------+
 Energy = -14.656643067965

 MICROITERATION NUMBER = 16  , backward sweep
 - Left boundaries taken from index: 8
 - Right boundaries taken from index: 10

+------------+------------+
  ITERATION  |   ERROR 
+------------+------------+
    1        |  4.3523E-09 
    2        |  6.1349E-19 
+------------+------------+
 Energy = -14.656643067965

 MICROITERATION NUMBER = 17  , backward sweep
 - Left boundaries taken from index: 7
 - Right boundaries taken from index: 9

+------------+------------+
  ITERATION  |   ERROR 
+------------+------------+
    1        |  7.6326E-09 
    2        |  6.0799E-18 
+------------+------------+
 Energy = -14.65664306796566

 MICROITERATION NUMBER = 18  , backward sweep
 - Left boundaries taken from index: 6
 - Right boundaries taken from index: 8

+------------+------------+
  ITERATION  |   ERROR 
+------------+------------+
    1        |  1.1148E-08 
    2        |  1.2447E-17 
+------------+------------+
 Energy = -14.65664306796543

 MICROITERATION NUMBER = 19  , backward sweep
 - Left boundaries taken from index: 5
 - Right boundaries taken from index: 7

+------------+------------+
  ITERATION  |   ERROR 
+------------+------------+
    1        |  1.3373E-08 
    2        |  2.8031E-17 
+------------+------------+
 Energy = -14.65664306796467

 MICROITERATION NUMBER = 20  , backward sweep
 - Left boundaries taken from index: 4
 - Right boundaries taken from index: 6

+------------+------------+
  ITERATION  |   ERROR 
+------------+------------+
    1        |  1.9953E-08 
    2        |  5.2671E-17 
+------------+------------+
 Energy = -14.65664306792885

 MICROITERATION NUMBER = 21  , backward sweep
 - Left boundaries taken from index: 3
 - Right boundaries taken from index: 5

+------------+------------+
  ITERATION  |   ERROR 
+------------+------------+
    1        |  4.8256E-08 
    2        |  4.6958E-15 
+------------+------------+
 Energy = -14.65664306856421

 MICROITERATION NUMBER = 22  , backward sweep
 - Left boundaries taken from index: 2
 - Right boundaries taken from index: 4

+------------+------------+
  ITERATION  |   ERROR 
+------------+------------+
    1        |  1.2395E-07 
    2        |  7.3927E-15 
+------------+------------+
 Energy = -14.65664306800881

 MICROITERATION NUMBER = 23  , backward sweep
 - Left boundaries taken from index: 1
 - Right boundaries taken from index: 3

+------------+------------+
  ITERATION  |   ERROR 
+------------+------------+
    1        |  1.4517E-07 
    2        |  2.2876E-15 
+------------+------------+
 Energy = -14.65664306783415


 -------------------
   SWEEP NUMBER 28
 -------------------
 - Noise parameter: 1e-08
 - Maximum bond dimension: 100
 - Truncation parameter: 1e-16

 MICROITERATION NUMBER = 0  , forward sweep
 - Left boundaries taken from index: 0
 - Right boundaries taken from index: 2

+------------+------------+
  ITERATION  |   ERROR 
+------------+------------+
    1        |  4.7690E-08 
    2        |  4.8815E-16 
+------------+------------+
 Energy = -14.6566430676345

 MICROITERATION NUMBER = 1  , forward sweep
 - Left boundaries taken from index: 1
 - Right boundaries taken from index: 3

+------------+------------+
  ITERATION  |   ERROR 
+------------+------------+
    1        |  1.1521E-07 
    2        |  2.7036E-15 
+------------+------------+
 Energy = -14.65664306739411

 MICROITERATION NUMBER = 2  , forward sweep
 - Left boundaries taken from index: 2
 - Right boundaries taken from index: 4

+------------+------------+
  ITERATION  |   ERROR 
+------------+------------+
    1        |  1.7630E-07 
    2        |  1.7766E-15 
+------------+------------+
 Energy = -14.6566430672923

 MICROITERATION NUMBER = 3  , forward sweep
 - Left boundaries taken from index: 3
 - Right boundaries taken from index: 5

+------------+------------+
  ITERATION  |   ERROR 
+------------+------------+
    1        |  1.0787E-07 
    2        |  2.9860E-16 
+------------+------------+
 Energy = -14.6566430673312

 MICROITERATION NUMBER = 4  , forward sweep
 - Left boundaries taken from index: 4
 - Right boundaries taken from index: 6

+------------+------------+
  ITERATION  |   ERROR 
+------------+------------+
    1        |  1.7864E-08 
    2        |  5.5824E-17 
+------------+------------+
 Energy = -14.65664306731804

 MICROITERATION NUMBER = 5  , forward sweep
 - Left boundaries taken from index: 5
 - Right boundaries taken from index: 7

+------------+------------+
  ITERATION  |   ERROR 
+------------+------------+
    1        |  1.5599E-08 
    2        |  2.7172E-17 
+------------+------------+
 Energy = -14.65664306731904

 MICROITERATION NUMBER = 6  , forward sweep
 - Left boundaries taken from index: 6
 - Right boundaries taken from index: 8

+------------+------------+
  ITERATION  |   ERROR 
+------------+------------+
    1        |  1.0098E-08 
    2        |  1.6624E-17 
+------------+------------+
 Energy = -14.65664306732033

 MICROITERATION NUMBER = 7  , forward sweep
 - Left boundaries taken from index: 7
 - Right boundaries taken from index: 9

+------------+------------+
  ITERATION  |   ERROR 
+------------+------------+
    1        |  6.4895E-09 
    2        |  9.8180E-18 
+------------+------------+
 Energy = -14.65664306732264

 MICROITERATION NUMBER = 8  , forward sweep
 - Left boundaries taken from index: 8
 - Right boundaries taken from index: 10

+------------+------------+
  ITERATION  |   ERROR 
+------------+------------+
    1        |  3.7646E-09 
    2        |  1.5932E-18 
+------------+------------+
 Energy = -14.65664306732335

 MICROITERATION NUMBER = 9  , forward sweep
 - Left boundaries taken from index: 9
 - Right boundaries taken from index: 11

+------------+------------+
  ITERATION  |   ERROR 
+------------+------------+
    1        |  2.0071E-09 
    2        |  2.2142E-18 
+------------+------------+
 Energy = -14.65664306732575

 MICROITERATION NUMBER = 10  , forward sweep
 - Left boundaries taken from index: 10
 - Right boundaries taken from index: 12

+------------+------------+
  ITERATION  |   ERROR 
+------------+------------+
    1        |  1.7443E-09 
    2        |  7.6571E-20 
+------------+------------+
 Energy = -14.65664306732582

 MICROITERATION NUMBER = 11  , forward sweep
 - Left boundaries taken from index: 11
 - Right boundaries taken from index: 13

+------------+------------+
  ITERATION  |   ERROR 
+------------+------------+
    1        |  3.5318E-10 
    2        |  6.8205E-20 
+------------+------------+
 Energy = -14.65664306732637

 MICROITERATION NUMBER = 12  , forward sweep
 - Left boundaries taken from index: 12
 - Right boundaries taken from index: 14

+------------+------------+
  ITERATION  |   ERROR 
+------------+------------+
    1        |  3.0946E-10 
    2        |  4.2647E-21 
+------------+------------+
 Energy = -14.65664306732639

 MICROITERATION NUMBER = 13  , backward sweep
 - Left boundaries taken from index: 11
 - Right boundaries taken from index: 13

+------------+------------+
  ITERATION  |   ERROR 
+------------+------------+
    1        |  3.8387E-10 
    2        |  4.0507E-21 
+------------+------------+
 Energy = -14.65664306732645

 MICROITERATION NUMBER = 14  , backward sweep
 - Left boundaries taken from index: 10
 - Right boundaries taken from index: 12

+------------+------------+
  ITERATION  |   ERROR 
+------------+------------+
    1        |  3.6932E-10 
    2        |  6.1590E-20 
+------------+------------+
 Energy = -14.6566430673265

 MICROITERATION NUMBER = 15  , backward sweep
 - Left boundaries taken from index: 9
 - Right boundaries taken from index: 11

+------------+------------+
  ITERATION  |   ERROR 
+------------+------------+
    1        |  2.0791E-09 
    2        |  1.1899E-19 
+------------+------------+
 Energy = -14.65664306732665

 MICROITERATION NUMBER = 16  , backward sweep
 - Left boundaries taken from index: 8
 - Right boundaries taken from index: 10

+------------+------------+
  ITERATION  |   ERROR 
+------------+------------+
    1        |  2.2436E-09 
    2        |  2.7305E-19 
+------------+------------+
 Energy = -14.65664306732644

 MICROITERATION NUMBER = 17  , backward sweep
 - Left boundaries taken from index: 7
 - Right boundaries taken from index: 9

+------------+------------+
  ITERATION  |   ERROR 
+------------+------------+
    1        |  6.3139E-09 
    2        |  2.9230E-18 
+------------+------------+
 Energy = -14.65664306732648

 MICROITERATION NUMBER = 18  , backward sweep
 - Left boundaries taken from index: 6
 - Right boundaries taken from index: 8

+------------+------------+
  ITERATION  |   ERROR 
+------------+------------+
    1        |  8.3099E-09 
    2        |  5.7918E-18 
+------------+------------+
 Energy = -14.65664306732618

 MICROITERATION NUMBER = 19  , backward sweep
 - Left boundaries taken from index: 5
 - Right boundaries taken from index: 7

+------------+------------+
  ITERATION  |   ERROR 
+------------+------------+
    1        |  9.4472E-09 
    2        |  1.4868E-17 
+------------+------------+
 Energy = -14.65664306732557

 MICROITERATION NUMBER = 20  , backward sweep
 - Left boundaries taken from index: 4
 - Right boundaries taken from index: 6

+------------+------------+
  ITERATION  |   ERROR 
+------------+------------+
    1        |  1.3307E-08 
    2        |  1.6657E-17 
+------------+------------+
 Energy = -14.65664306731446

 MICROITERATION NUMBER = 21  , backward sweep
 - Left boundaries taken from index: 3
 - Right boundaries taken from index: 5

+------------+------------+
  ITERATION  |   ERROR 
+------------+------------+
    1        |  3.0928E-08 
    2        |  2.1594E-15 
+------------+------------+
 Energy = -14.65664306776164

 MICROITERATION NUMBER = 22  , backward sweep
 - Left boundaries taken from index: 2
 - Right boundaries taken from index: 4

+------------+------------+
  ITERATION  |   ERROR 
+------------+------------+
    1        |  9.2452E-08 
    2        |  4.3925E-15 
+------------+------------+
 Energy = -14.65664306735893

 MICROITERATION NUMBER = 23  , backward sweep
 - Left boundaries taken from index: 1
 - Right boundaries taken from index: 3

+------------+------------+
  ITERATION  |   ERROR 
+------------+------------+
    1        |  1.0722E-07 
    2        |  1.3412E-15 
+------------+------------+
 Energy = -14.65664306720101


 -------------------
   SWEEP NUMBER 29
 -------------------
 - Noise parameter: 1e-08
 - Maximum bond dimension: 100
 - Truncation parameter: 1e-16

 MICROITERATION NUMBER = 0  , forward sweep
 - Left boundaries taken from index: 0
 - Right boundaries taken from index: 2

+------------+------------+
  ITERATION  |   ERROR 
+------------+------------+
    1        |  3.7106E-08 
    2        |  3.2046E-16 
+------------+------------+
 Energy = -14.6566430670325

 MICROITERATION NUMBER = 1  , forward sweep
 - Left boundaries taken from index: 1
 - Right boundaries taken from index: 3

+------------+------------+
  ITERATION  |   ERROR 
+------------+------------+
    1        |  8.9173E-08 
    2        |  1.4428E-15 
+------------+------------+
 Energy = -14.65664306685017

 MICROITERATION NUMBER = 2  , forward sweep
 - Left boundaries taken from index: 2
 - Right boundaries taken from index: 4

+------------+------------+
  ITERATION  |   ERROR 
+------------+------------+
    1        |  1.3500E-07 
    2        |  9.8436E-16 
+------------+------------+
 Energy = -14.65664306677152

 MICROITERATION NUMBER = 3  , forward sweep
 - Left boundaries taken from index: 3
 - Right boundaries taken from index: 5

+------------+------------+
  ITERATION  |   ERROR 
+------------+------------+
    1        |  6.5872E-08 
    2        |  1.1699E-16 
+------------+------------+
 Energy = -14.65664306679822

 MICROITERATION NUMBER = 4  , forward sweep
 - Left boundaries taken from index: 4
 - Right boundaries taken from index: 6

+------------+------------+
  ITERATION  |   ERROR 
+------------+------------+
    1        |  1.1751E-08 
    2        |  2.9096E-17 
+------------+------------+
 Energy = -14.65664306678781

 MICROITERATION NUMBER = 5  , forward sweep
 - Left boundaries taken from index: 5
 - Right boundaries taken from index: 7

+------------+------------+
  ITERATION  |   ERROR 
+------------+------------+
    1        |  1.1268E-08 
    2        |  1.3606E-17 
+------------+------------+
 Energy = -14.6566430667885

 MICROITERATION NUMBER = 6  , forward sweep
 - Left boundaries taken from index: 6
 - Right boundaries taken from index: 8

+------------+------------+
  ITERATION  |   ERROR 
+------------+------------+
    1        |  7.1374E-09 
    2        |  8.5181E-18 
+------------+------------+
 Energy = -14.65664306678951

 MICROITERATION NUMBER = 7  , forward sweep
 - Left boundaries taken from index: 7
 - Right boundaries taken from index: 9

+------------+------------+
  ITERATION  |   ERROR 
+------------+------------+
    1        |  4.7977E-09 
    2        |  4.8803E-18 
+------------+------------+
 Energy = -14.65664306679115

 MICROITERATION NUMBER = 8  , forward sweep
 - Left boundaries taken from index: 8
 - Right boundaries taken from index: 10

+------------+------------+
  ITERATION  |   ERROR 
+------------+------------+
    1        |  2.6899E-09 
    2        |  9.3464E-19 
+------------+------------+
 Energy = -14.65664306679184

 MICROITERATION NUMBER = 9  , forward sweep
 - Left boundaries taken from index: 9
 - Right boundaries taken from index: 11

+------------+------------+
  ITERATION  |   ERROR 
+------------+------------+
    1        |  1.4390E-09 
    2        |  1.2065E-18 
+------------+------------+
 Energy = -14.65664306679379

 MICROITERATION NUMBER = 10  , forward sweep
 - Left boundaries taken from index: 10
 - Right boundaries taken from index: 12

+------------+------------+
  ITERATION  |   ERROR 
+------------+------------+
    1        |  1.2615E-09 
    2        |  3.5071E-20 
+------------+------------+
 Energy = -14.65664306679382

 MICROITERATION NUMBER = 11  , forward sweep
 - Left boundaries taken from index: 11
 - Right boundaries taken from index: 13

+------------+------------+
  ITERATION  |   ERROR 
+------------+------------+
    1        |  2.2723E-10 
    2        |  3.0552E-20 
+------------+------------+
 Energy = -14.65664306679421

 MICROITERATION NUMBER = 12  , forward sweep
 - Left boundaries taken from index: 12
 - Right boundaries taken from index: 14

+------------+------------+
  ITERATION  |   ERROR 
+------------+------------+
    1        |  1.5319E-10 
    2        |  1.3455E-21 
+------------+------------+
 Energy = -14.65664306679421

 MICROITERATION NUMBER = 13  , backward sweep
 - Left boundaries taken from index: 11
 - Right boundaries taken from index: 13

+------------+------------+
  ITERATION  |   ERROR 
+------------+------------+
    1        |  2.7253E-10 
    2        |  1.5380E-21 
+------------+------------+
 Energy = -14.65664306679427

 MICROITERATION NUMBER = 14  , backward sweep
 - Left boundaries taken from index: 10
 - Right boundaries taken from index: 12

+------------+------------+
  ITERATION  |   ERROR 
+------------+------------+
    1        |  2.3637E-10 
    2        |  2.5270E-20 
+------------+------------+
 Energy = -14.65664306679429

 MICROITERATION NUMBER = 15  , backward sweep
 - Left boundaries taken from index: 9
 - Right boundaries taken from index: 11

+------------+------------+
  ITERATION  |   ERROR 
+------------+------------+
    1        |  1.4402E-09 
    2        |  5.4177E-20 
+------------+------------+
 Energy = -14.65664306679444

 MICROITERATION NUMBER = 16  , backward sweep
 - Left boundaries taken from index: 8
 - Right boundaries taken from index: 10

+------------+------------+
  ITERATION  |   ERROR 
+------------+------------+
    1        |  1.7781E-09 
    2        |  1.5644E-19 
+------------+------------+
 Energy = -14.65664306679429

 MICROITERATION NUMBER = 17  , backward sweep
 - Left boundaries taken from index: 7
 - Right boundaries taken from index: 9

+------------+------------+
  ITERATION  |   ERROR 
+------------+------------+
    1        |  4.4802E-09 
    2        |  1.5749E-18 
+------------+------------+
 Energy = -14.65664306679426

 MICROITERATION NUMBER = 18  , backward sweep
 - Left boundaries taken from index: 6
 - Right boundaries taken from index: 8

+------------+------------+
  ITERATION  |   ERROR 
+------------+------------+
    1        |  5.8481E-09 
    2        |  2.8068E-18 
+------------+------------+
 Energy = -14.65664306679397

 MICROITERATION NUMBER = 19  , backward sweep
 - Left boundaries taken from index: 5
 - Right boundaries taken from index: 7

+------------+------------+
  ITERATION  |   ERROR 
+------------+------------+
    1        |  6.6259E-09 
    2        |  7.7674E-18 
+------------+------------+
 Energy = -14.65664306679319

 MICROITERATION NUMBER = 20  , backward sweep
 - Left boundaries taken from index: 4
 - Right boundaries taken from index: 6

+------------+------------+
  ITERATION  |   ERROR 
+------------+------------+
    1        |  9.2533E-09 
    2        |  5.6604E-18 
+------------+------------+
 Energy = -14.65664306678573

 MICROITERATION NUMBER = 21  , backward sweep
 - Left boundaries taken from index: 3
 - Right boundaries taken from index: 5

+------------+------------+
  ITERATION  |   ERROR 
+------------+------------+
    1        |  1.9252E-08 
    2        |  8.6911E-16 
+------------+------------+
 Energy = -14.6566430671546

 MICROITERATION NUMBER = 22  , backward sweep
 - Left boundaries taken from index: 2
 - Right boundaries taken from index: 4

+------------+------------+
  ITERATION  |   ERROR 
+------------+------------+
    1        |  6.7693E-08 
    2        |  3.0404E-15 
+------------+------------+
 Energy = -14.65664306671249

 MICROITERATION NUMBER = 23  , backward sweep
 - Left boundaries taken from index: 1
 - Right boundaries taken from index: 3

+------------+------------+
  ITERATION  |   ERROR 
+------------+------------+
    1        |  8.7259E-08 
    2        |  6.9311E-16 
+------------+------------+
 Energy = -14.65664306662443

Task took 1588.134103 seconds.
