&FCI NORB=14,NELEC=4,MS2=0,
 ORBSYM=1,1,1,1,1,1,1,1,1,1,1,1,1,1,
 ISYM=1,
&END
 -3.230141870224291e+00    1   1    0    0    0    0
 -6.762066409910020e-01    1   2    0    0    0    0
 -4.743658037626956e-01    1   6    0    0    0    0
 -6.678423291772824e-01    2   1    0    0    0    0
 -8.843664377078473e-01    2   2    0    0    0    0
 -6.849672617168646e-01    2   6    0    0    0    0
 -7.627873908988644e-01    3   3    0    0    0    0
 +6.233476943368336e-01    3   12    0    0    0    0
 -7.627873908988875e-01    4   4    0    0    0    0
 -5.559523567470802e-01    4   13    0    0    0    0
 -2.819207779898588e-01    4   14    0    0    0    0
 -7.627873908988743e-01    5   5    0    0    0    0
 +2.819207779898595e-01    5   13    0    0    0    0
 -5.559523567470829e-01    5   14    0    0    0    0
 -4.687431866734399e-01    6   1    0    0    0    0
 -6.561153154187265e-01    6   2    0    0    0    0
 +1.560923819763628e+00    6   6    0    0    0    0
 +3.641641985113209e+00    7   7    0    0    0    0
 +3.641641985113211e+00    8   8    0    0    0    0
 +3.641641985113211e+00    9   9    0    0    0    0
 +3.641641985113238e+00    10   10    0    0    0    0
 +3.641641985113222e+00    11   11    0    0    0    0
 +5.482547533924612e-01    12   3    0    0    0    0
 +4.549089492341351e+00    12   12    0    0    0    0
 -4.889783422887298e-01    13   4    0    0    0    0
 +2.479585759557182e-01    13   5    0    0    0    0
 +4.549089492341396e+00    13   13    0    0    0    0
 -2.479585759557190e-01    14   4    0    0    0    0
 -4.889783422887354e-01    14   5    0    0    0    0
 +4.549089492341363e+00    14   14    0    0    0    0
 +5.092633383447275e-01    1   1    1    1    0    0
 +1.181902698765249e-01    1   1    1    2    0    0
 +1.099936185961847e-01    1   1    1    6    0    0
 +1.347503142093173e-01    1   1    2    1    0    0
 +2.885232084849281e-01    1   1    2    2    0    0
 +9.994390340362841e-02    1   1    2    6    0    0
 +3.920117645574889e-01    1   1    3    3    0    0
 -8.022530846118062e-02    1   1    3    12    0    0
 +3.920117645574892e-01    1   1    4    4    0    0
 +7.155147875730240e-02    1   1    4    13    0    0
 +3.628341226145818e-02    1   1    4    14    0    0
 +3.920117645574895e-01    1   1    5    5    0    0
 -3.628341226145811e-02    1   1    5    13    0    0
 +7.155147875730228e-02    1   1    5    14    0    0
 +9.163208141250602e-02    1   1    6    1    0    0
 +1.193931338933925e-01    1   1    6    2    0    0
 +5.407352033322566e-01    1   1    6    6    0    0
 +4.836327034825045e-01    1   1    7    7    0    0
 +4.836327034825045e-01    1   1    8    8    0    0
 +4.836327034825045e-01    1   1    9    9    0    0
 +4.836327034825043e-01    1   1    10    10    0    0
 +4.836327034825049e-01    1   1    11    11    0    0
 -8.724758388886905e-02    1   1    12    3    0    0
 +5.731981176942513e-01    1   1    12    12    0    0
 +7.781451720152732e-02    1   1    13    4    0    0
 -3.945936906665532e-02    1   1    13    5    0    0
 +5.731981176942514e-01    1   1    13    13    0    0
 +3.945936906665529e-02    1   1    14    4    0    0
 +7.781451720152735e-02    1   1    14    5    0    0
 +5.731981176942516e-01    1   1    14    14    0    0
 +1.181902698765249e-01    1   2    1    1    0    0
 +5.667918121159566e-02    1   2    1    2    0    0
 +6.979176700216089e-02    1   2    1    6    0    0
 +5.776983394635347e-02    1   2    2    1    0    0
 +3.347856887813441e-02    1   2    2    2    0    0
 +4.896997753446337e-02    1   2    2    6    0    0
 +5.396900331114998e-02    1   2    3    3    0    0
 -4.770325197337975e-02    1   2    3    12    0    0
 +5.396900331114998e-02    1   2    4    4    0    0
 +4.254565405478144e-02    1   2    4    13    0    0
 +2.157469744600442e-02    1   2    4    14    0    0
 +5.396900331115001e-02    1   2    5    5    0    0
 -2.157469744600444e-02    1   2    5    13    0    0
 +4.254565405478133e-02    1   2    5    14    0    0
 +5.146554292828235e-02    1   2    6    1    0    0
 +4.369748844275655e-02    1   2    6    2    0    0
 +1.411329138150119e-01    1   2    6    6    0    0
 +9.753037278391881e-02    1   2    7    7    0    0
 +9.753037278391886e-02    1   2    8    8    0    0
 +9.753037278391893e-02    1   2    9    9    0    0
 +9.753037278391877e-02    1   2    10    10    0    0
 +9.753037278391892e-02    1   2    11    11    0    0
 -3.633781461952169e-02    1   2    12    3    0    0
 +1.515876230780481e-01    1   2    12    12    0    0
 +3.240902927900363e-02    1   2    13    4    0    0
 -1.643446356031802e-02    1   2    13    5    0    0
 +1.515876230780480e-01    1   2    13    13    0    0
 +1.643446356031795e-02    1   2    14    4    0    0
 +3.240902927900355e-02    1   2    14    5    0    0
 +1.515876230780483e-01    1   2    14    14    0    0
 +5.452386080656903e-02    1   3    1    3    0    0
 -4.583610410246096e-02    1   3    1    12    0    0
 -2.240673079604695e-03    1   3    2    3    0    0
 -3.712827053355332e-02    1   3    2    12    0    0
 +6.460812095186011e-02    1   3    3    1    0    0
 +6.344135293070691e-03    1   3    3    2    0    0
 -3.539551970090737e-02    1   3    3    6    0    0
 +3.940278409296535e-03    1   3    3    7    0    0
 +9.883439406590890e-03    1   3    3    8    0    0
 +2.957022843508218e-02    1   3    3    9    0    0
 -8.325181104490596e-03    1   3    3    10    0    0
 -4.940322277179619e-02    1   3    3    11    0    0
 +1.526961498103215e-02    1   3    4    7    0    0
 -2.682955094552962e-02    1   3    4    8    0    0
 +3.941753314856456e-02    1   3    4    10    0    0
 -1.079200463226851e-02    1   3    4    11    0    0
 -1.868047338335863e-02    1   3    5    7    0    0
 -4.152936395327201e-02    1   3    5    8    0    0
 -2.266729756825218e-02    1   3    5    10    0    0
 -5.978352103333738e-03    1   3    5    11    0    0
 -3.497306434404920e-02    1   3    6    3    0    0
 -2.022916401677385e-02    1   3    6    12    0    0
 +3.993511290589571e-03    1   3    7    3    0    0
 +1.547590639428811e-02    1   3    7    4    0    0
 -1.893284525123677e-02    1   3    7    5    0    0
 -2.971650872814061e-03    1   3    7    12    0    0
 +1.664254748821957e-02    1   3    7    13    0    0
 -7.356804256415019e-03    1   3    7    14    0    0
 +1.001696397060562e-02    1   3    8    3    0    0
 -2.719201627215711e-02    1   3    8    4    0    0
 -4.209042270898937e-02    1   3    8    5    0    0
 -7.453821351736497e-03    1   3    8    12    0    0
 -3.881232536803305e-03    1   3    8    13    0    0
 -3.708527811316233e-02    1   3    8    14    0    0
 +2.996972011982680e-02    1   3    9    3    0    0
 -2.230106251657272e-02    1   3    9    12    0    0
 -8.437653709581846e-03    1   3    10    3    0    0
 +3.995006122018795e-02    1   3    10    4    0    0
 -2.297353114754389e-02    1   3    10    5    0    0
 +6.278625296406820e-03    1   3    10    12    0    0
 +3.424509279270149e-02    1   3    10    13    0    0
 -1.801886128985669e-03    1   3    10    14    0    0
 -5.007065680059469e-02    1   3    11    3    0    0
 -1.093780384791480e-02    1   3    11    4    0    0
 -6.059119215397165e-03    1   3    11    5    0    0
 +3.725856775076117e-02    1   3    11    12    0    0
 -5.219907549096383e-03    1   3    11    13    0    0
 -7.702269333423807e-03    1   3    11    14    0    0
 -3.636069845079089e-02    1   3    12    1    0    0
 -3.492823379389400e-02    1   3    12    2    0    0
 -3.849965936736367e-02    1   3    12    6    0    0
 -1.545714214493529e-03    1   3    12    7    0    0
 -3.877130291811156e-03    1   3    12    8    0    0
 -1.159997281158815e-02    1   3    12    9    0    0
 +3.265848103799748e-03    1   3    12    10    0    0
 +1.938016955857428e-02    1   3    12    11    0    0
 +8.656677153182564e-03    1   3    13    7    0    0
 -2.018836181859572e-03    1   3    13    8    0    0
 +1.781270040521362e-02    1   3    13    10    0    0
 -2.715152500179043e-03    1   3    13    11    0    0
 -3.826666522779881e-03    1   3    14    7    0    0
 -1.929003236967650e-02    1   3    14    8    0    0
 -9.372571414603542e-04    1   3    14    10    0    0
 -4.006361346633089e-03    1   3    14    11    0    0
 +5.452386080657028e-02    1   4    1    4    0    0
 +4.088037917101511e-02    1   4    1    13    0    0
 +2.073024452643151e-02    1   4    1    14    0    0
 -2.240673079604905e-03    1   4    2    4    0    0
 +3.311402238686832e-02    1   4    2    13    0    0
 +1.679196218953442e-02    1   4    2    14    0    0
 +1.526961498103246e-02    1   4    3    7    0    0
 -2.682955094553008e-02    1   4    3    8    0    0
 +3.941753314856534e-02    1   4    3    10    0    0
 -1.079200463226871e-02    1   4    3    11    0    0
 +6.460812095186136e-02    1   4    4    1    0    0
 +6.344135293070526e-03    1   4    4    2    0    0
 -3.539551970090817e-02    1   4    4    6    0    0
 +3.963073025051186e-02    1   4    4    7    0    0
 -1.509067404509694e-02    1   4    4    8    0    0
 +4.268093734252837e-04    1   4    4    9    0    0
 -1.512541813584924e-02    1   4    4    10    0    0
 +3.834462120639844e-02    1   4    4    11    0    0
 +1.728575473420862e-02    1   4    5    7    0    0
 +1.555409816397295e-03    1   4    5    8    0    0
 -4.166525893948429e-02    1   4    5    9    0    0
 -1.147336790458778e-02    1   4    5    10    0    0
 -2.131540849039631e-02    1   4    5    11    0    0
 -3.497306434404997e-02    1   4    6    4    0    0
 +1.804201974648154e-02    1   4    6    13    0    0
 +9.149021821217768e-03    1   4    6    14    0    0
 +1.547590639428840e-02    1   4    7    3    0    0
 +4.016613859983165e-02    1   4    7    4    0    0
 +1.751928405225265e-02    1   4    7    5    0    0
 -1.151592856455552e-02    1   4    7    12    0    0
 +2.076095298057927e-02    1   4    7    13    0    0
 +2.514456972790687e-02    1   4    7    14    0    0
 -2.719201627215757e-02    1   4    8    3    0    0
 -1.529454797902487e-02    1   4    8    4    0    0
 +1.576423292481358e-03    1   4    8    5    0    0
 +2.023411805023365e-02    1   4    8    12    0    0
 -1.068101660853963e-02    1   4    8    13    0    0
 -4.101041824607175e-03    1   4    8    14    0    0
 +4.325755377289744e-04    1   4    9    4    0    0
 -4.222815362680795e-02    1   4    9    5    0    0
 +1.449864391291416e-02    1   4    9    13    0    0
 -2.787984322743266e-02    1   4    9    14    0    0
 +3.995006122018871e-02    1   4    10    3    0    0
 -1.532976145997415e-02    1   4    10    4    0    0
 -1.162837228962191e-02    1   4    10    5    0    0
 -2.972763206496943e-02    1   4    10    12    0    0
 -6.260414991857116e-03    1   4    10    13    0    0
 -1.287647694774554e-02    1   4    10    14    0    0
 -1.093780384791500e-02    1   4    11    3    0    0
 +3.886265431392980e-02    1   4    11    4    0    0
 -2.160337814431841e-02    1   4    11    5    0    0
 +8.139036548592526e-03    1   4    11    12    0    0
 +3.306230256512751e-02    1   4    11    13    0    0
 -1.258519451703596e-03    1   4    11    14    0    0
 -5.990049045858916e-03    1   4    12    7    0    0
 +1.052484468283745e-02    1   4    12    8    0    0
 -1.546292798606706e-02    1   4    12    10    0    0
 +4.233547285293447e-03    1   4    12    11    0    0
 +3.242943894770239e-02    1   4    13    1    0    0
 +3.115185003674027e-02    1   4    13    2    0    0
 +3.433713889327401e-02    1   4    13    6    0    0
 +1.079887964703086e-02    1   4    13    7    0    0
 -5.555766778695303e-03    1   4    13    8    0    0
 +7.541518484588822e-03    1   4    13    9    0    0
 -3.256375952528458e-03    1   4    13    10    0    0
 +1.719746808292090e-02    1   4    13    11    0    0
 +1.644481320558566e-02    1   4    14    1    0    0
 +1.579695398643052e-02    1   4    14    2    0    0
 +1.741219871317417e-02    1   4    14    6    0    0
 +1.307903266878198e-02    1   4    14    7    0    0
 -2.133170723559779e-03    1   4    14    8    0    0
 -1.450179439608434e-02    1   4    14    9    0    0
 -6.697742871752907e-03    1   4    14    10    0    0
 -6.546231333941105e-04    1   4    14    11    0    0
 +5.452386080657084e-02    1   5    1    5    0    0
 -2.073024452643183e-02    1   5    1    13    0    0
 +4.088037917101449e-02    1   5    1    14    0    0
 -2.240673079604885e-03    1   5    2    5    0    0
 -1.679196218953463e-02    1   5    2    13    0    0
 +3.311402238686866e-02    1   5    2    14    0    0
 -1.868047338335916e-02    1   5    3    7    0    0
 -4.152936395327312e-02    1   5    3    8    0    0
 -2.266729756825283e-02    1   5    3    10    0    0
 -5.978352103333895e-03    1   5    3    11    0    0
 +1.728575473420869e-02    1   5    4    7    0    0
 +1.555409816397324e-03    1   5    4    8    0    0
 -4.166525893948468e-02    1   5    4    9    0    0
 -1.147336790458785e-02    1   5    4    10    0    0
 -2.131540849039651e-02    1   5    4    11    0    0
 +6.460812095186193e-02    1   5    5    1    0    0
 +6.344135293070541e-03    1   5    5    2    0    0
 -3.539551970090848e-02    1   5    5    6    0    0
 -4.357100865980889e-02    1   5    5    7    0    0
 +5.207234638505891e-03    1   5    5    8    0    0
 -2.999703780850823e-02    1   5    5    9    0    0
 +2.345059924034025e-02    1   5    5    10    0    0
 +1.105860156539890e-02    1   5    5    11    0    0
 -3.497306434405029e-02    1   5    6    5    0    0
 -9.149021821217939e-03    1   5    6    13    0    0
 +1.804201974648188e-02    1   5    6    14    0    0
 -1.893284525123730e-02    1   5    7    3    0    0
 +1.751928405225275e-02    1   5    7    4    0    0
 -4.415964989042173e-02    1   5    7    5    0    0
 +1.408830525865033e-02    1   5    7    12    0    0
 +2.648855500865674e-02    1   5    7    13    0    0
 -2.341131380035958e-02    1   5    7    14    0    0
 -4.209042270899048e-02    1   5    8    3    0    0
 +1.576423292481385e-03    1   5    8    4    0    0
 +5.277584008419087e-03    1   5    8    5    0    0
 +3.132031745472227e-02    1   5    8    12    0    0
 -7.299102176881288e-04    1   5    8    13    0    0
 +4.033090282802042e-03    1   5    8    14    0    0
 -4.222815362680836e-02    1   5    9    4    0    0
 -3.040229565755655e-02    1   5    9    5    0    0
 -1.779376614430269e-02    1   5    9    13    0    0
 -3.438855186748393e-02    1   5    9    14    0    0
 -2.297353114754454e-02    1   5    10    3    0    0
 -1.162837228962198e-02    1   5    10    4    0    0
 +2.376741516955640e-02    1   5    10    5    0    0
 +1.709505969022627e-02    1   5    10    12    0    0
 -1.571610392375137e-02    1   5    10    13    0    0
 +1.186020554596026e-02    1   5    10    14    0    0
 -6.059119215397320e-03    1   5    11    3    0    0
 -2.160337814431861e-02    1   5    11    4    0    0
 +1.120800248666602e-02    1   5    11    5    0    0
 +4.508710654543162e-03    1   5    11    12    0    0
 -1.810941102074635e-02    1   5    11    13    0    0
 +1.679295160129789e-04    1   5    11    14    0    0
 +7.328079450934426e-03    1   5    12    7    0    0
 +1.629136865811212e-02    1   5    12    8    0    0
 +8.892052899799677e-03    1   5    12    10    0    0
 +2.345221039094084e-03    1   5    12    11    0    0
 -1.644481320558611e-02    1   5    13    1    0    0
 -1.579695398643075e-02    1   5    13    2    0    0
 -1.741219871317438e-02    1   5    13    6    0    0
 +1.377811114113229e-02    1   5    13    7    0    0
 -3.796652591682722e-04    1   5    13    8    0    0
 -9.255487416184023e-03    1   5    13    9    0    0
 -8.174784411466190e-03    1   5    13    10    0    0
 -9.419671162233936e-03    1   5    13    11    0    0
 +3.242943894770279e-02    1   5    14    1    0    0
 +3.115185003674061e-02    1   5    14    2    0    0
 +3.433713889327432e-02    1   5    14    6    0    0
 -1.217747375784986e-02    1   5    14    7    0    0
 +2.097825500126648e-03    1   5    14    8    0    0
 -1.788732112634839e-02    1   5    14    9    0    0
 +6.169125877780434e-03    1   5    14    10    0    0
 +8.734910359388905e-05    1   5    14    11    0    0
 +1.099936185961847e-01    1   6    1    1    0    0
 +6.979176700216089e-02    1   6    1    2    0    0
 +1.504583316437612e-01    1   6    1    6    0    0
 +6.722744841797060e-02    1   6    2    1    0    0
 +3.329575668553670e-02    1   6    2    2    0    0
 +8.369200467904202e-02    1   6    2    6    0    0
 +5.419641422126034e-03    1   6    3    3    0    0
 -6.025978065255596e-02    1   6    3    12    0    0
 +5.419641422126174e-03    1   6    4    4    0    0
 +5.374459130147671e-02    1   6    4    13    0    0
 +2.725362489892697e-02    1   6    4    14    0    0
 +5.419641422126094e-03    1   6    5    5    0    0
 -2.725362489892690e-02    1   6    5    13    0    0
 +5.374459130147682e-02    1   6    5    14    0    0
 +1.068382934042274e-01    1   6    6    1    0    0
 +6.023838185333634e-02    1   6    6    2    0    0
 +1.923539257377080e-01    1   6    6    6    0    0
 +4.163464384184857e-02    1   6    7    7    0    0
 +4.163464384184858e-02    1   6    8    8    0    0
 +4.163464384184819e-02    1   6    9    9    0    0
 +4.163464384184837e-02    1   6    10    10    0    0
 +4.163464384184851e-02    1   6    11    11    0    0
 -3.201312911036965e-02    1   6    12    3    0    0
 +1.534002653829910e-01    1   6    12    12    0    0
 +2.855192172434918e-02    1   6    13    4    0    0
 -1.447854278868712e-02    1   6    13    5    0    0
 +1.534002653829911e-01    1   6    13    13    0    0
 +1.447854278868722e-02    1   6    14    4    0    0
 +2.855192172434915e-02    1   6    14    5    0    0
 +1.534002653829909e-01    1   6    14    14    0    0
 +5.969205555711358e-02    1   7    1    7    0    0
 +2.015619943474723e-02    1   7    2    7    0    0
 +2.487396541362812e-03    1   7    3    3    0    0
 +9.639315689507716e-03    1   7    3    4    0    0
 -1.179250298028593e-02    1   7    3    5    0    0
 -7.622137037791071e-04    1   7    3    12    0    0
 +4.268730851717702e-03    1   7    3    13    0    0
 -1.886983787886837e-03    1   7    3    14    0    0
 +9.639315689507716e-03    1   7    4    3    0    0
 +2.501786196737353e-02    1   7    4    4    0    0
 +1.091205292480623e-02    1   7    4    5    0    0
 -2.953778535677409e-03    1   7    4    12    0    0
 +5.325081425304057e-03    1   7    4    13    0    0
 +6.449457369832361e-03    1   7    4    14    0    0
 -1.179250298028593e-02    1   7    5    3    0    0
 +1.091205292480623e-02    1   7    5    4    0    0
 -2.750525850873637e-02    1   7    5    5    0    0
 +3.613580393782025e-03    1   7    5    12    0    0
 +6.794182925595481e-03    1   7    5    13    0    0
 -6.004885824695883e-03    1   7    5    14    0    0
 -1.781083900057547e-02    1   7    6    7    0    0
 +3.885962879459216e-02    1   7    7    1    0    0
 +1.299517276404477e-02    1   7    7    2    0    0
 -2.172896141437098e-02    1   7    7    6    0    0
 -1.590148068819834e-02    1   7    7    7    0    0
 -2.844500692737181e-02    1   7    7    8    0    0
 -6.988237807095951e-03    1   7    7    9    0    0
 +3.081314220613756e-03    1   7    7    10    0    0
 +1.845890335388272e-02    1   7    7    11    0    0
 -2.844500692737181e-02    1   7    8    7    0    0
 +8.990052034466270e-03    1   7    8    8    0    0
 +1.773934774391253e-03    1   7    8    9    0    0
 -1.751198047914321e-02    1   7    8    10    0    0
 -7.055621934703515e-03    1   7    8    11    0    0
 -6.988237807095947e-03    1   7    9    7    0    0
 +1.773934774391252e-03    1   7    9    8    0    0
 +2.226937619806003e-02    1   7    9    10    0    0
 -7.003811909763069e-03    1   7    9    11    0    0
 +3.081314220613757e-03    1   7    10    7    0    0
 -1.751198047914321e-02    1   7    10    8    0    0
 +2.226937619806003e-02    1   7    10    9    0    0
 +1.828907233546745e-03    1   7    10    10    0    0
 -1.620587544731528e-02    1   7    10    11    0    0
 +1.845890335388272e-02    1   7    11    7    0    0
 -7.055621934703515e-03    1   7    11    8    0    0
 -7.003811909763070e-03    1   7    11    9    0    0
 -1.620587544731528e-02    1   7    11    10    0    0
 +5.082521420185333e-03    1   7    11    11    0    0
 -7.319526670863930e-04    1   7    12    3    0    0
 -2.836509060978789e-03    1   7    12    4    0    0
 +3.470115787535618e-03    1   7    12    5    0    0
 +3.154171876270798e-03    1   7    12    12    0    0
 -1.766474511426477e-02    1   7    12    13    0    0
 +7.808664637255802e-03    1   7    12    14    0    0
 +4.099255781544261e-03    1   7    13    3    0    0
 +5.113667639900022e-03    1   7    13    4    0    0
 +6.524443588990746e-03    1   7    13    5    0    0
 -1.766474511426477e-02    1   7    13    12    0    0
 +6.937831093521072e-03    1   7    13    13    0    0
 +3.504194501678712e-02    1   7    13    14    0    0
 -1.812067677928867e-03    1   7    14    3    0    0
 +6.193404159100387e-03    1   7    14    4    0    0
 -5.766482776606238e-03    1   7    14    5    0    0
 +7.808664637255802e-03    1   7    14    12    0    0
 +3.504194501678712e-02    1   7    14    13    0    0
 -1.009200296979188e-02    1   7    14    14    0    0
 +5.969205555711370e-02    1   8    1    8    0    0
 +2.015619943474729e-02    1   8    2    8    0    0
 +6.239161410198914e-03    1   8    3    3    0    0
 -1.693680631063367e-02    1   8    3    4    0    0
 -2.621642065155684e-02    1   8    3    5    0    0
 -1.911868191445643e-03    1   8    3    12    0    0
 -9.955168873197449e-04    1   8    3    13    0    0
 -9.512189821795355e-03    1   8    3    14    0    0
 -1.693680631063368e-02    1   8    4    3    0    0
 -9.526354873311620e-03    1   8    4    4    0    0
 +9.818902615054046e-04    1   8    4    5    0    0
 +5.189950879783933e-03    1   8    4    12    0    0
 -2.739627761726798e-03    1   8    4    13    0    0
 -1.051896878965008e-03    1   8    4    14    0    0
 -2.621642065155683e-02    1   8    5    3    0    0
 +9.818902615054048e-04    1   8    5    4    0    0
 +3.287193463112697e-03    1   8    5    5    0    0
 +8.033506018186339e-03    1   8    5    12    0    0
 -1.872183490799327e-04    1   8    5    13    0    0
 +1.034467645662193e-03    1   8    5    14    0    0
 -1.781083900057552e-02    1   8    6    8    0    0
 -2.844500692737192e-02    1   8    7    7    0    0
 +8.990052034466310e-03    1   8    7    8    0    0
 +1.773934774391224e-03    1   8    7    9    0    0
 -1.751198047914319e-02    1   8    7    10    0    0
 -7.055621934703528e-03    1   8    7    11    0    0
 +3.885962879459225e-02    1   8    8    1    0    0
 +1.299517276404481e-02    1   8    8    2    0    0
 -2.172896141437103e-02    1   8    8    6    0    0
 +8.990052034466310e-03    1   8    8    7    0    0
 +1.843750213144886e-02    1   8    8    8    0    0
 -1.690445285558011e-02    1   8    8    9    0    0
 +4.093600086440289e-03    1   8    8    10    0    0
 -2.716166373280951e-02    1   8    8    11    0    0
 +1.773934774391223e-03    1   8    9    7    0    0
 -1.690445285558011e-02    1   8    9    8    0    0
 +1.492340291008292e-06    1   8    9    10    0    0
 -1.088747778828631e-02    1   8    9    11    0    0
 -1.751198047914320e-02    1   8    10    7    0    0
 +4.093600086440290e-03    1   8    10    8    0    0
 +1.492340291008226e-06    1   8    10    9    0    0
 +2.391598763937263e-02    1   8    10    10    0    0
 +5.860983558788636e-04    1   8    10    11    0    0
 -7.055621934703527e-03    1   8    11    7    0    0
 -2.716166373280951e-02    1   8    11    8    0    0
 -1.088747778828631e-02    1   8    11    9    0    0
 +5.860983558788636e-04    1   8    11    10    0    0
 -1.390848284344963e-02    1   8    11    11    0    0
 -1.835964133035094e-03    1   8    12    3    0    0
 +4.983901981387318e-03    1   8    12    4    0    0
 +7.714563680647526e-03    1   8    12    5    0    0
 +7.911640594620151e-03    1   8    12    12    0    0
 +4.119620721548456e-03    1   8    12    13    0    0
 +3.936308343565503e-02    1   8    12    14    0    0
 -9.559933614292665e-04    1   8    13    3    0    0
 -2.630860396602101e-03    1   8    13    4    0    0
 -1.797854975017552e-04    1   8    13    5    0    0
 +4.119620721548455e-03    1   8    13    12    0    0
 -9.760917273493505e-03    1   8    13    13    0    0
 -5.818374354140223e-03    1   8    13    14    0    0
 -9.134541501123384e-03    1   8    14    3    0    0
 -1.010134982145941e-03    1   8    14    4    0    0
 +9.933977157624914e-04    1   8    14    5    0    0
 +3.936308343565502e-02    1   8    14    12    0    0
 -5.818374354140224e-03    1   8    14    13    0    0
 +1.849276678873355e-03    1   8    14    14    0    0
 +5.969205555711381e-02    1   9    1    9    0    0
 +2.015619943474727e-02    1   9    2    9    0    0
 +1.866692560687927e-02    1   9    3    3    0    0
 -5.720111879384191e-03    1   9    3    12    0    0
 +2.694337935041623e-04    1   9    4    4    0    0
 -2.630220766546271e-02    1   9    4    5    0    0
 +3.718830222532664e-03    1   9    4    13    0    0
 -7.151041450248946e-03    1   9    4    14    0    0
 -2.630220766546271e-02    1   9    5    4    0    0
 -1.893635940038341e-02    1   9    5    5    0    0
 -4.564012724746610e-03    1   9    5    13    0    0
 -8.820492920722060e-03    1   9    5    14    0    0
 -1.781083900057503e-02    1   9    6    9    0    0
 -6.988237807095888e-03    1   9    7    7    0    0
 +1.773934774391242e-03    1   9    7    8    0    0
 +2.226937619806010e-02    1   9    7    10    0    0
 -7.003811909763042e-03    1   9    7    11    0    0
 +1.773934774391242e-03    1   9    8    7    0    0
 -1.690445285558007e-02    1   9    8    8    0    0
 +1.492340291057952e-06    1   9    8    10    0    0
 -1.088747778828630e-02    1   9    8    11    0    0
 +3.885962879459239e-02    1   9    9    1    0    0
 +1.299517276404480e-02    1   9    9    2    0    0
 -2.172896141437058e-02    1   9    9    6    0    0
 -3.822350827930419e-02    1   9    9    9    0    0
 +2.226937619806009e-02    1   9    10    7    0    0
 +1.492340291057939e-06    1   9    10    8    0    0
 +2.724065029650089e-02    1   9    10    10    0    0
 +3.627224366637872e-03    1   9    10    11    0    0
 -7.003811909763042e-03    1   9    11    7    0    0
 -1.088747778828630e-02    1   9    11    8    0    0
 +3.627224366637871e-03    1   9    11    10    0    0
 +3.487554864547955e-02    1   9    11    11    0    0
 -5.493014787570870e-03    1   9    12    3    0    0
 +2.367081033786449e-02    1   9    12    12    0    0
 +3.571187038921434e-03    1   9    13    4    0    0
 -4.382814517675797e-03    1   9    13    5    0    0
 +2.226716496529378e-02    1   9    13    13    0    0
 -9.884637062395301e-03    1   9    13    14    0    0
 -6.867134290558480e-03    1   9    14    4    0    0
 -8.470306013036777e-03    1   9    14    5    0    0
 -9.884637062395302e-03    1   9    14    13    0    0
 -4.593797530315780e-02    1   9    14    14    0    0
 +5.969205555711355e-02    1   10    1    10    0    0
 +2.015619943474723e-02    1   10    2    10    0    0
 -5.255472972841480e-03    1   10    3    3    0    0
 +2.488327611355178e-02    1   10    3    4    0    0
 -1.430928267410866e-02    1   10    3    5    0    0
 +1.610436234483888e-03    1   10    3    12    0    0
 +8.783696379873144e-03    1   10    3    13    0    0
 -4.621748512676966e-04    1   10    3    14    0    0
 +2.488327611355179e-02    1   10    4    3    0    0
 -9.548287925292439e-03    1   10    4    4    0    0
 -7.242842428677244e-03    1   10    4    5    0    0
 -7.624990118494361e-03    1   10    4    12    0    0
 -1.605765381724911e-03    1   10    4    13    0    0
 -3.302752445031687e-03    1   10    4    14    0    0
 -1.430928267410866e-02    1   10    5    3    0    0
 -7.242842428677244e-03    1   10    5    4    0    0
 +1.480376089813395e-02    1   10    5    5    0    0
 +4.384797986202435e-03    1   10    5    12    0    0
 -4.031102674371624e-03    1   10    5    13    0    0
 +3.042083873132419e-03    1   10    5    14    0    0
 -1.781083900057544e-02    1   10    6    10    0    0
 +3.081314220613784e-03    1   10    7    7    0    0
 -1.751198047914319e-02    1   10    7    8    0    0
 +2.226937619806007e-02    1   10    7    9    0    0
 +1.828907233546749e-03    1   10    7    10    0    0
 -1.620587544731527e-02    1   10    7    11    0    0
 -1.751198047914319e-02    1   10    8    7    0    0
 +4.093600086440277e-03    1   10    8    8    0    0
 +1.492340291063771e-06    1   10    8    9    0    0
 +2.391598763937258e-02    1   10    8    10    0    0
 +5.860983558788760e-04    1   10    8    11    0    0
 +2.226937619806007e-02    1   10    9    7    0    0
 +1.492340291064454e-06    1   10    9    8    0    0
 +2.724065029650080e-02    1   10    9    10    0    0
 +3.627224366637900e-03    1   10    9    11    0    0
 +3.885962879459214e-02    1   10    10    1    0    0
 +1.299517276404477e-02    1   10    10    2    0    0
 -2.172896141437093e-02    1   10    10    6    0    0
 +1.828907233546748e-03    1   10    10    7    0    0
 +2.391598763937258e-02    1   10    10    8    0    0
 +2.724065029650079e-02    1   10    10    9    0    0
 -3.040250101806275e-03    1   10    10    10    0    0
 +1.159401006920017e-02    1   10    10    11    0    0
 -1.620587544731527e-02    1   10    11    7    0    0
 +5.860983558788762e-04    1   10    11    8    0    0
 +3.627224366637901e-03    1   10    11    9    0    0
 +1.159401006920017e-02    1   10    11    10    0    0
 -4.134664205247700e-03    1   10    11    11    0    0
 +1.546499480603224e-03    1   10    12    3    0    0
 -7.322266479948818e-03    1   10    12    4    0    0
 +4.210714875268192e-03    1   10    12    5    0    0
 -6.664263124831771e-03    1   10    12    12    0    0
 -3.634845182359375e-02    1   10    12    13    0    0
 +1.912559313169531e-03    1   10    12    14    0    0
 +8.434970350504910e-03    1   10    13    3    0    0
 -1.542014067762282e-03    1   10    13    4    0    0
 -3.871061802190463e-03    1   10    13    5    0    0
 -3.634845182359375e-02    1   10    13    12    0    0
 +1.617983040552306e-03    1   10    13    13    0    0
 -1.788313019725932e-02    1   10    13    14    0    0
 -4.438258107514799e-04    1   10    14    3    0    0
 -3.171628178398194e-03    1   10    14    4    0    0
 +2.921308542997668e-03    1   10    14    5    0    0
 +1.912559313169533e-03    1   10    14    12    0    0
 -1.788313019725932e-02    1   10    14    13    0    0
 +5.046280084279472e-03    1   10    14    14    0    0
 +5.969205555711421e-02    1   11    1    11    0    0
 +2.015619943474755e-02    1   11    2    11    0    0
 -3.118698545889818e-02    1   11    3    3    0    0
 -6.812715297817839e-03    1   11    3    4    0    0
 -3.773980110084720e-03    1   11    3    5    0    0
 +9.556637753990124e-03    1   11    3    12    0    0
 -1.338880385572862e-03    1   11    3    13    0    0
 -1.975593865969068e-03    1   11    3    14    0    0
 -6.812715297817840e-03    1   11    4    3    0    0
 +2.420597436557488e-02    1   11    4    4    0    0
 -1.345586982677493e-02    1   11    4    5    0    0
 +2.087622489455301e-03    1   11    4    12    0    0
 +8.480316555412568e-03    1   11    4    13    0    0
 -3.228039946875520e-04    1   11    4    14    0    0
 -3.773980110084720e-03    1   11    5    3    0    0
 -1.345586982677493e-02    1   11    5    4    0    0
 +6.981011093323350e-03    1   11    5    5    0    0
 +1.156461911022945e-03    1   11    5    12    0    0
 -4.644974069349500e-03    1   11    5    13    0    0
 +4.307308760429213e-05    1   11    5    14    0    0
 -1.781083900057535e-02    1   11    6    11    0    0
 +1.845890335388289e-02    1   11    7    7    0    0
 -7.055621934703606e-03    1   11    7    8    0    0
 -7.003811909763068e-03    1   11    7    9    0    0
 -1.620587544731537e-02    1   11    7    10    0    0
 +5.082521420185350e-03    1   11    7    11    0    0
 -7.055621934703606e-03    1   11    8    7    0    0
 -2.716166373280973e-02    1   11    8    8    0    0
 -1.088747778828633e-02    1   11    8    9    0    0
 +5.860983558788993e-04    1   11    8    10    0    0
 -1.390848284344972e-02    1   11    8    11    0    0
 -7.003811909763067e-03    1   11    9    7    0    0
 -1.088747778828632e-02    1   11    9    8    0    0
 +3.627224366637921e-03    1   11    9    10    0    0
 +3.487554864547972e-02    1   11    9    11    0    0
 -1.620587544731536e-02    1   11    10    7    0    0
 +5.860983558788982e-04    1   11    10    8    0    0
 +3.627224366637923e-03    1   11    10    9    0    0
 +1.159401006920027e-02    1   11    10    10    0    0
 -4.134664205247723e-03    1   11    10    11    0    0
 +3.885962879459263e-02    1   11    11    1    0    0
 +1.299517276404506e-02    1   11    11    2    0    0
 -2.172896141437095e-02    1   11    11    6    0    0
 +5.082521420185351e-03    1   11    11    7    0    0
 -1.390848284344972e-02    1   11    11    8    0    0
 +3.487554864547972e-02    1   11    11    9    0    0
 -4.134664205247723e-03    1   11    11    10    0    0
 -2.891249690273224e-03    1   11    11    11    0    0
 +9.177224783193832e-03    1   11    12    3    0    0
 +2.004740719630502e-03    1   11    12    4    0    0
 +1.110548624303389e-03    1   11    12    5    0    0
 -3.954701665148627e-02    1   11    12    12    0    0
 +5.540518147241885e-03    1   11    12    13    0    0
 +8.175348435848539e-03    1   11    12    14    0    0
 -1.285724809552533e-03    1   11    13    3    0    0
 +8.143635163859459e-03    1   11    13    4    0    0
 -4.460561574464656e-03    1   11    13    5    0    0
 +5.540518147241884e-03    1   11    13    12    0    0
 +3.999219345311335e-02    1   11    13    13    0    0
 -1.272006274174066e-03    1   11    13    14    0    0
 -1.897159801911224e-03    1   11    14    3    0    0
 -3.099881879402159e-04    1   11    14    4    0    0
 +4.136302088939442e-05    1   11    14    5    0    0
 +8.175348435848539e-03    1   11    14    12    0    0
 -1.272006274174066e-03    1   11    14    13    0    0
 -4.451768016270747e-04    1   11    14    14    0    0
 -4.583610410246096e-02    1   12    1    3    0    0
 +1.210189096312638e-01    1   12    1    12    0    0
 -2.201403883447491e-02    1   12    2    3    0    0
 +6.499374243792916e-02    1   12    2    12    0    0
 -4.302059934421257e-02    1   12    3    1    0    0
 -2.402348964987572e-02    1   12    3    2    0    0
 +5.004176440559736e-03    1   12    3    6    0    0
 -3.573772872024851e-03    1   12    3    7    0    0
 -8.964129933113534e-03    1   12    3    8    0    0
 -2.681974957697013e-02    1   12    3    9    0    0
 +7.550813240944161e-03    1   12    3    10    0    0
 +4.480797522222981e-02    1   12    3    11    0    0
 -1.384930964693427e-02    1   12    4    7    0    0
 +2.433399658042462e-02    1   12    4    8    0    0
 -3.575110589041622e-02    1   12    4    10    0    0
 +9.788184839571707e-03    1   12    4    11    0    0
 +1.694290658663091e-02    1   12    5    7    0    0
 +3.766650446285291e-02    1   12    5    8    0    0
 +2.055889577254450e-02    1   12    5    10    0    0
 +5.422274861567766e-03    1   12    5    11    0    0
 +2.644771979136403e-03    1   12    6    3    0    0
 +7.464305385353073e-02    1   12    6    12    0    0
 -2.434068423066536e-03    1   12    7    3    0    0
 -9.432655207820658e-03    1   12    7    4    0    0
 +1.153967960311874e-02    1   12    7    5    0    0
 +4.076413617234410e-03    1   12    7    12    0    0
 -2.282970312128383e-02    1   12    7    13    0    0
 +1.009182381568921e-02    1   12    7    14    0    0
 -6.105397962264644e-03    1   12    8    3    0    0
 +1.657369251053194e-02    1   12    8    4    0    0
 +2.565435812611632e-02    1   12    8    5    0    0
 +1.022490869860426e-02    1   12    8    12    0    0
 +5.324148038189936e-03    1   12    8    13    0    0
 +5.087237336069138e-02    1   12    8    14    0    0
 -1.826671920615587e-02    1   12    9    3    0    0
 +3.059186923774319e-02    1   12    9    12    0    0
 +5.142799147121364e-03    1   12    10    3    0    0
 -2.434979531541000e-02    1   12    10    4    0    0
 +1.400250122350770e-02    1   12    10    5    0    0
 -8.612813130214197e-03    1   12    10    12    0    0
 -4.697629989468818e-02    1   12    10    13    0    0
 +2.471768544582502e-03    1   12    10    14    0    0
 +3.051835734826154e-02    1   12    11    3    0    0
 +6.666655238121234e-03    1   12    11    4    0    0
 +3.693068500531662e-03    1   12    11    5    0    0
 -5.111008642614451e-02    1   12    11    12    0    0
 +7.160498700741176e-03    1   12    11    13    0    0
 +1.056572152590842e-02    1   12    11    14    0    0
 +7.487115758321279e-02    1   12    12    1    0    0
 +4.170877600192478e-02    1   12    12    2    0    0
 +4.423588832466988e-02    1   12    12    6    0    0
 +4.638461451278814e-03    1   12    12    7    0    0
 +1.163469885411139e-02    1   12    12    8    0    0
 +3.480981556481590e-02    1   12    12    9    0    0
 -9.800330742362267e-03    1   12    12    10    0    0
 -5.815704389193906e-02    1   12    12    11    0    0
 -2.597741736130731e-02    1   12    13    7    0    0
 +6.058231022395684e-03    1   12    13    8    0    0
 -5.345329906268299e-02    1   12    13    10    0    0
 +8.147774076432747e-03    1   12    13    11    0    0
 +1.148326449118523e-02    1   12    14    7    0    0
 +5.788655541993814e-02    1   12    14    8    0    0
 +2.812571094860562e-03    1   12    14    10    0    0
 +1.202250227888363e-02    1   12    14    11    0    0
 +4.088037917101511e-02    1   13    1    4    0    0
 -2.073024452643183e-02    1   13    1    5    0    0
 +1.210189096312633e-01    1   13    1    13    0    0
 +1.963391680556193e-02    1   13    2    4    0    0
 -9.956265197253735e-03    1   13    2    5    0    0
 +6.499374243792880e-02    1   13    2    13    0    0
 +2.001469461937892e-02    1   13    3    7    0    0
 -4.667655839702556e-03    1   13    3    8    0    0
 +4.118390378296220e-02    1   13    3    10    0    0
 -6.277575930638462e-03    1   13    3    11    0    0
 +3.836928220217794e-02    1   13    4    1    0    0
 +2.142610907119287e-02    1   13    4    2    0    0
 -4.463133033109473e-03    1   13    4    6    0    0
 +2.496757988569390e-02    1   13    4    7    0    0
 -1.284522611672014e-02    1   13    4    8    0    0
 +1.743638890124838e-02    1   13    4    9    0    0
 -7.528913127109614e-03    1   13    4    10    0    0
 +3.976145417178078e-02    1   13    4    11    0    0
 -1.945687927764559e-02    1   13    5    1    0    0
 -1.086507731344011e-02    1   13    5    2    0    0
 +2.263233389869242e-03    1   13    5    6    0    0
 +3.185572039269537e-02    1   13    5    7    0    0
 -8.778061241485815e-04    1   13    5    8    0    0
 -2.139917556245191e-02    1   13    5    9    0    0
 -1.890053315833757e-02    1   13    5    10    0    0
 -2.177877705162673e-02    1   13    5    11    0    0
 -2.358823539764233e-03    1   13    6    4    0    0
 +1.196148122048029e-03    1   13    6    5    0    0
 +7.464305385353032e-02    1   13    6    13    0    0
 +1.363185012447287e-02    1   13    7    3    0    0
 +1.700522108606341e-02    1   13    7    4    0    0
 +2.169667907797500e-02    1   13    7    5    0    0
 -2.282970312128372e-02    1   13    7    12    0    0
 +8.966369067097016e-03    1   13    7    13    0    0
 +4.528778628566644e-02    1   13    7    14    0    0
 -3.179103456209520e-03    1   13    8    3    0    0
 -8.748781860930905e-03    1   13    8    4    0    0
 -5.978668048800406e-04    1   13    8    5    0    0
 +5.324148038189873e-03    1   13    8    12    0    0
 -1.261489153134258e-02    1   13    8    13    0    0
 -7.519596704865346e-03    1   13    8    14    0    0
 +1.187578650256802e-02    1   13    9    4    0    0
 -1.457480913909038e-02    1   13    9    5    0    0
 +2.877781492017034e-02    1   13    9    13    0    0
 -1.277478549146395e-02    1   13    9    14    0    0
 +2.805003096906974e-02    1   13    10    3    0    0
 -5.127883152889150e-03    1   13    10    4    0    0
 -1.287300356996817e-02    1   13    10    5    0    0
 -4.697629989468796e-02    1   13    10    12    0    0
 +2.091061729571828e-03    1   13    10    13    0    0
 -2.311194136353580e-02    1   13    10    14    0    0
 -4.275607290485716e-03    1   13    11    3    0    0
 +2.708121179505825e-02    1   13    11    4    0    0
 -1.483335270949531e-02    1   13    11    5    0    0
 +7.160498700741136e-03    1   13    11    12    0    0
 +5.168542754495951e-02    1   13    11    13    0    0
 -1.643925537558578e-03    1   13    11    14    0    0
 -2.597741736130720e-02    1   13    12    7    0    0
 +6.058231022395636e-03    1   13    12    8    0    0
 -5.345329906268273e-02    1   13    12    10    0    0
 +8.147774076432709e-03    1   13    12    11    0    0
 +7.487115758321228e-02    1   13    13    1    0    0
 +4.170877600192439e-02    1   13    13    2    0    0
 +4.423588832466945e-02    1   13    13    6    0    0
 +1.020263427141740e-02    1   13    13    7    0    0
 -1.435420778519870e-02    1   13    13    8    0    0
 +3.274564303163317e-02    1   13    13    9    0    0
 +2.379373178388038e-03    1   13    13    10    0    0
 +5.881171190444798e-02    1   13    13    11    0    0
 +5.153197654224635e-02    1   13    14    7    0    0
 -8.556383801981454e-03    1   13    14    8    0    0
 -1.453614760778681e-02    1   13    14    9    0    0
 -2.629857005327841e-02    1   13    14    10    0    0
 -1.870586734010459e-03    1   13    14    11    0    0
 +2.073024452643151e-02    1   14    1    4    0    0
 +4.088037917101449e-02    1   14    1    5    0    0
 +1.210189096312630e-01    1   14    1    14    0    0
 +9.956265197253773e-03    1   14    2    4    0    0
 +1.963391680556188e-02    1   14    2    5    0    0
 +6.499374243792848e-02    1   14    2    14    0    0
 -8.847455034808745e-03    1   14    3    7    0    0
 -4.459957328258032e-02    1   14    3    8    0    0
 -2.166987994840952e-03    1   14    3    10    0    0
 -9.262918954793668e-03    1   14    3    11    0    0
 +1.945687927764526e-02    1   14    4    1    0    0
 +1.086507731344013e-02    1   14    4    2    0    0
 -2.263233389869049e-03    1   14    4    6    0    0
 +3.023941405580836e-02    1   14    4    7    0    0
 -4.932003336563264e-03    1   14    4    8    0    0
 -3.352891428600074e-02    1   14    4    9    0    0
 -1.548553513607338e-02    1   14    4    10    0    0
 -1.513523246139125e-03    1   14    4    11    0    0
 +3.836928220217732e-02    1   14    5    1    0    0
 +2.142610907119289e-02    1   14    5    2    0    0
 -4.463133033109189e-03    1   14    5    6    0    0
 -2.815496225468556e-02    1   14    5    7    0    0
 +4.850283313885894e-03    1   14    5    8    0    0
 -4.135643082992779e-02    1   14    5    9    0    0
 +1.426334473694486e-02    1   14    5    10    0    0
 +2.019557392255324e-04    1   14    5    11    0    0
 -1.196148122047697e-03    1   14    6    4    0    0
 -2.358823539763904e-03    1   14    6    5    0    0
 +7.464305385353032e-02    1   14    6    14    0    0
 -6.025931612303935e-03    1   14    7    3    0    0
 +2.059582562211722e-02    1   14    7    4    0    0
 -1.917612199510901e-02    1   14    7    5    0    0
 +1.009182381568909e-02    1   14    7    12    0    0
 +4.528778628566615e-02    1   14    7    13    0    0
 -1.304278268433137e-02    1   14    7    14    0    0
 -3.037641643629747e-02    1   14    8    3    0    0
 -3.359148444480064e-03    1   14    8    4    0    0
 +3.303489583703452e-03    1   14    8    5    0    0
 +5.087237336069074e-02    1   14    8    12    0    0
 -7.519596704865303e-03    1   14    8    13    0    0
 +2.389982832738382e-03    1   14    8    14    0    0
 -2.283627819834510e-02    1   14    9    4    0    0
 -2.816753777551251e-02    1   14    9    5    0    0
 -1.277478549146390e-02    1   14    9    13    0    0
 -5.936968415791292e-02    1   14    9    14    0    0
 -1.475918375422122e-03    1   14    10    3    0    0
 -1.054707544065243e-02    1   14    10    4    0    0
 +9.714651231273878e-03    1   14    10    5    0    0
 +2.471768544582475e-03    1   14    10    12    0    0
 -2.311194136353564e-02    1   14    10    13    0    0
 +6.521751400642305e-03    1   14    10    14    0    0
 -6.308900800546103e-03    1   14    11    3    0    0
 -1.030848706095044e-03    1   14    11    4    0    0
 +1.375504558652655e-04    1   14    11    5    0    0
 +1.056572152590829e-02    1   14    11    12    0    0
 -1.643925537558570e-03    1   14    11    13    0    0
 -5.753411188153255e-04    1   14    11    14    0    0
 +1.148326449118511e-02    1   14    12    7    0    0
 +5.788655541993748e-02    1   14    12    8    0    0
 +2.812571094860534e-03    1   14    12    10    0    0
 +1.202250227888350e-02    1   14    12    11    0    0
 +5.153197654224605e-02    1   14    13    7    0    0
 -8.556383801981404e-03    1   14    13    8    0    0
 -1.453614760778674e-02    1   14    13    9    0    0
 -2.629857005327825e-02    1   14    13    10    0    0
 -1.870586734010442e-03    1   14    13    11    0    0
 +7.487115758321194e-02    1   14    14    1    0    0
 +4.170877600192415e-02    1   14    14    2    0    0
 +4.423588832466945e-02    1   14    14    6    0    0
 -1.484109572269616e-02    1   14    14    7    0    0
 +2.719508931087366e-03    1   14    14    8    0    0
 -6.755545859644850e-02    1   14    14    9    0    0
 +7.420957563974167e-03    1   14    14    10    0    0
 -6.546680125092560e-04    1   14    14    11    0    0
 +1.347503142093173e-01    2   1    1    1    0    0
 +5.776983394635347e-02    2   1    1    2    0    0
 +6.722744841797060e-02    2   1    1    6    0    0
 +5.886048668111279e-02    2   1    2    1    0    0
 +4.397861301740004e-02    2   1    2    2    0    0
 +5.128545866634238e-02    2   1    2    6    0    0
 +7.240846468486475e-02    2   1    3    3    0    0
 -4.701133885073663e-02    2   1    3    12    0    0
 +7.240846468486484e-02    2   1    4    4    0    0
 +4.192854945217771e-02    2   1    4    13    0    0
 +2.126176665696148e-02    2   1    4    14    0    0
 +7.240846468486486e-02    2   1    5    5    0    0
 -2.126176665696146e-02    2   1    5    13    0    0
 +4.192854945217763e-02    2   1    5    14    0    0
 +4.890122434409255e-02    2   1    6    1    0    0
 +4.601296957463476e-02    2   1    6    2    0    0
 +1.565479904487516e-01    2   1    6    6    0    0
 +1.157059119570901e-01    2   1    7    7    0    0
 +1.157059119570902e-01    2   1    8    8    0    0
 +1.157059119570902e-01    2   1    9    9    0    0
 +1.157059119570902e-01    2   1    10    10    0    0
 +1.157059119570903e-01    2   1    11    11    0    0
 -3.564590149687849e-02    2   1    12    3    0    0
 +1.673815232155104e-01    2   1    12    12    0    0
 +3.179192467639983e-02    2   1    13    4    0    0
 -1.612153277127499e-02    2   1    13    5    0    0
 +1.673815232155103e-01    2   1    13    13    0    0
 +1.612153277127497e-02    2   1    14    4    0    0
 +3.179192467639978e-02    2   1    14    5    0    0
 +1.673815232155105e-01    2   1    14    14    0    0
 +2.885232084849281e-01    2   2    1    1    0    0
 +3.347856887813441e-02    2   2    1    2    0    0
 +3.329575668553670e-02    2   2    1    6    0    0
 +4.397861301740004e-02    2   2    2    1    0    0
 +2.161709985407013e-01    2   2    2    2    0    0
 +3.085490701318527e-02    2   2    2    6    0    0
 +2.535820705327143e-01    2   2    3    3    0    0
 -1.899348523734103e-02    2   2    3    12    0    0
 +2.535820705327148e-01    2   2    4    4    0    0
 +1.693994054437776e-02    2   2    4    13    0    0
 +8.590162735015746e-03    2   2    4    14    0    0
 +2.535820705327149e-01    2   2    5    5    0    0
 -8.590162735015712e-03    2   2    5    13    0    0
 +1.693994054437781e-02    2   2    5    14    0    0
 +2.913347319187968e-02    2   2    6    1    0    0
 +4.599720090614424e-02    2   2    6    2    0    0
 +2.976119509533038e-01    2   2    6    6    0    0
 +2.783440233430544e-01    2   2    7    7    0    0
 +2.783440233430542e-01    2   2    8    8    0    0
 +2.783440233430539e-01    2   2    9    9    0    0
 +2.783440233430539e-01    2   2    10    10    0    0
 +2.783440233430544e-01    2   2    11    11    0    0
 -2.861108619206507e-02    2   2    12    3    0    0
 +3.088743980327082e-01    2   2    12    12    0    0
 +2.551770214614353e-02    2   2    13    4    0    0
 -1.293990456960508e-02    2   2    13    5    0    0
 +3.088743980327084e-01    2   2    13    13    0    0
 +1.293990456960531e-02    2   2    14    4    0    0
 +2.551770214614379e-02    2   2    14    5    0    0
 +3.088743980327083e-01    2   2    14    14    0    0
 -2.240673079604695e-03    2   3    1    3    0    0
 -2.201403883447491e-02    2   3    1    12    0    0
 +1.171203035755403e-02    2   3    2    3    0    0
 -4.985629015235565e-03    2   3    2    12    0    0
 -1.010294969719448e-02    2   3    3    1    0    0
 +8.618464564475729e-03    2   3    3    2    0    0
 +6.365011715551641e-03    2   3    3    6    0    0
 +1.591774546081139e-04    2   3    3    7    0    0
 +3.992663878275382e-04    2   3    3    8    0    0
 +1.194563735235441e-03    2   3    3    9    0    0
 -3.363166253018573e-04    2   3    3    10    0    0
 -1.995767413718405e-03    2   3    3    11    0    0
 +6.168544942895490e-04    2   3    4    7    0    0
 -1.083847176309213e-03    2   3    4    8    0    0
 +1.592370371270213e-03    2   3    4    10    0    0
 -4.359701648062414e-04    2   3    4    11    0    0
 -7.546446964311153e-04    2   3    5    7    0    0
 -1.677683087057810e-03    2   3    5    8    0    0
 -9.157024846889550e-04    2   3    5    10    0    0
 -2.415105664398061e-04    2   3    5    11    0    0
 +8.831765144295354e-03    2   3    6    3    0    0
 -1.480797893504789e-02    2   3    6    12    0    0
 -5.774345613454907e-04    2   3    7    3    0    0
 -2.237710768783187e-03    2   3    7    4    0    0
 +2.737560606985506e-03    2   3    7    5    0    0
 +1.106777738511002e-05    2   3    7    12    0    0
 -6.198440483231014e-05    2   3    7    13    0    0
 +2.740008004331258e-05    2   3    7    14    0    0
 -1.448384836174161e-03    2   3    8    3    0    0
 +3.931780542404394e-03    2   3    8    4    0    0
 +6.085988746565739e-03    2   3    8    5    0    0
 +2.776141576526507e-05    2   3    8    12    0    0
 +1.445547257593396e-05    2   3    8    13    0    0
 +1.381224174672222e-04    2   3    8    14    0    0
 -4.333417619681848e-03    2   3    9    3    0    0
 +8.305928453533485e-05    2   3    9    12    0    0
 +1.220027317828928e-03    2   3    10    3    0    0
 -5.776507037995347e-03    2   3    10    4    0    0
 +3.321816295348548e-03    2   3    10    5    0    0
 -2.338445195594082e-05    2   3    10    12    0    0
 -1.275442775023222e-04    2   3    10    13    0    0
 +6.711042246375966e-06    2   3    10    14    0    0
 +7.239876299852279e-03    2   3    11    3    0    0
 +1.581532017171590e-03    2   3    11    4    0    0
 +8.761074131748201e-04    2   3    11    5    0    0
 -1.387678267746629e-04    2   3    11    12    0    0
 +1.944130626272761e-05    2   3    11    13    0    0
 +2.868674887835425e-05    2   3    11    14    0    0
 -5.704498860654276e-03    2   3    12    1    0    0
 +5.024899814439069e-03    2   3    12    2    0    0
 +1.025220178528526e-02    2   3    12    6    0    0
 -1.169145939793856e-03    2   3    12    7    0    0
 -2.932580354259118e-03    2   3    12    8    0    0
 -8.773977095650354e-03    2   3    12    9    0    0
 +2.470219277754415e-03    2   3    12    10    0    0
 +1.465875537629562e-02    2   3    12    11    0    0
 +6.547729749037640e-03    2   3    13    7    0    0
 -1.527005511755252e-03    2   3    13    8    0    0
 +1.347315445523261e-02    2   3    13    10    0    0
 -2.053684627947604e-03    2   3    13    11    0    0
 -2.894410613619858e-03    2   3    14    7    0    0
 -1.459057748970041e-02    2   3    14    8    0    0
 -7.089217212382395e-04    2   3    14    10    0    0
 -3.030328024315855e-03    2   3    14    11    0    0
 -2.240673079604905e-03    2   4    1    4    0    0
 +1.963391680556193e-02    2   4    1    13    0    0
 +9.956265197253773e-03    2   4    1    14    0    0
 +1.171203035755401e-02    2   4    2    4    0    0
 +4.446590925207106e-03    2   4    2    13    0    0
 +2.254844966161905e-03    2   4    2    14    0    0
 +6.168544942895604e-04    2   4    3    7    0    0
 -1.083847176309105e-03    2   4    3    8    0    0
 +1.592370371270210e-03    2   4    3    10    0    0
 -4.359701648062187e-04    2   4    3    11    0    0
 -1.010294969719453e-02    2   4    4    1    0    0
 +8.618464564475707e-03    2   4    4    2    0    0
 +6.365011715551735e-03    2   4    4    6    0    0
 +1.600983004310891e-03    2   4    4    7    0    0
 -6.096257252157033e-04    2   4    4    8    0    0
 +1.724203789881407e-05    2   4    4    9    0    0
 -6.110293001294817e-04    2   4    4    10    0    0
 +1.549027395410966e-03    2   4    4    11    0    0
 +6.983015294248925e-04    2   4    5    7    0    0
 +6.283469078286474e-05    2   4    5    8    0    0
 -1.683172906748648e-03    2   4    5    9    0    0
 -4.634955475546802e-04    2   4    5    10    0    0
 -8.610895259147704e-04    2   4    5    11    0    0
 +8.831765144295532e-03    2   4    6    4    0    0
 +1.320696436738949e-02    2   4    6    13    0    0
 +6.697188390609982e-03    2   4    6    14    0    0
 -2.237710768783187e-03    2   4    7    3    0    0
 -5.807750356932508e-03    2   4    7    4    0    0
 -2.533169275278456e-03    2   4    7    5    0    0
 +4.289054777642588e-05    2   4    7    12    0    0
 -7.732321720361872e-05    2   4    7    13    0    0
 -9.364979673042598e-05    2   4    7    14    0    0
 +3.931780542404490e-03    2   4    8    3    0    0
 +2.211487575872558e-03    2   4    8    4    0    0
 -2.279400823365215e-04    2   4    8    5    0    0
 -7.536104466810594e-05    2   4    8    12    0    0
 +3.978095648833160e-05    2   4    8    13    0    0
 +1.527414218710273e-05    2   4    8    14    0    0
 -6.254747957409240e-05    2   4    9    4    0    0
 +6.105903700181081e-03    2   4    9    5    0    0
 -5.399953429317522e-05    2   4    9    13    0    0
 +1.038371974298173e-04    2   4    9    14    0    0
 -5.776507037995355e-03    2   4    10    3    0    0
 +2.216579205630394e-03    2   4    10    4    0    0
 +1.681383515314500e-03    2   4    10    5    0    0
 +1.107192022089523e-04    2   4    10    12    0    0
 +2.331662851187507e-05    2   4    10    13    0    0
 +4.795784782994227e-05    2   4    10    14    0    0
 +1.581532017171616e-03    2   4    11    3    0    0
 -5.619275397909814e-03    2   4    11    4    0    0
 +3.123701493405163e-03    2   4    11    5    0    0
 -3.031346833950876e-05    2   4    11    12    0    0
 -1.231390295465885e-04    2   4    11    13    0    0
 +4.687297977588495e-06    2   4    11    14    0    0
 -4.530747958105949e-03    2   4    12    7    0    0
 +7.960772639935941e-03    2   4    12    8    0    0
 -1.169583568729645e-02    2   4    12    10    0    0
 +3.202166722098666e-03    2   4    12    11    0    0
 +5.087737733618834e-03    2   4    13    1    0    0
 -4.481615829553097e-03    2   4    13    2    0    0
 -9.143750423974750e-03    2   4    13    6    0    0
 +8.168046961892850e-03    2   4    13    7    0    0
 -4.202265923964124e-03    2   4    13    8    0    0
 +5.704247029277824e-03    2   4    13    9    0    0
 -2.463054740418752e-03    2   4    13    10    0    0
 +1.300780557968102e-02    2   4    13    11    0    0
 +2.579967442646695e-03    2   4    14    1    0    0
 -2.272605927442983e-03    2   4    14    2    0    0
 -4.636752056156475e-03    2   4    14    6    0    0
 +9.892707072081744e-03    2   4    14    7    0    0
 -1.613485770494893e-03    2   4    14    8    0    0
 -1.096885431920702e-02    2   4    14    9    0    0
 -5.066032783336226e-03    2   4    14    10    0    0
 -4.951432621415251e-04    2   4    14    11    0    0
 -2.240673079604885e-03    2   5    1    5    0    0
 -9.956265197253735e-03    2   5    1    13    0    0
 +1.963391680556188e-02    2   5    1    14    0    0
 +1.171203035755400e-02    2   5    2    5    0    0
 -2.254844966161930e-03    2   5    2    13    0    0
 +4.446590925207004e-03    2   5    2    14    0    0
 -7.546446964310804e-04    2   5    3    7    0    0
 -1.677683087057663e-03    2   5    3    8    0    0
 -9.157024846889379e-04    2   5    3    10    0    0
 -2.415105664397755e-04    2   5    3    11    0    0
 +6.983015294247513e-04    2   5    4    7    0    0
 +6.283469078288753e-05    2   5    4    8    0    0
 -1.683172906748632e-03    2   5    4    9    0    0
 -4.634955475546086e-04    2   5    4    10    0    0
 -8.610895259147542e-04    2   5    4    11    0    0
 -1.010294969719464e-02    2   5    5    1    0    0
 +8.618464564475726e-03    2   5    5    2    0    0
 +6.365011715551775e-03    2   5    5    6    0    0
 -1.760160458918977e-03    2   5    5    7    0    0
 +2.103593373881632e-04    2   5    5    8    0    0
 -1.211805773134072e-03    2   5    5    9    0    0
 +9.473459254313095e-04    2   5    5    10    0    0
 +4.467400183074000e-04    2   5    5    11    0    0
 +8.831765144295539e-03    2   5    6    5    0    0
 -6.697188390610000e-03    2   5    6    13    0    0
 +1.320696436738951e-02    2   5    6    14    0    0
 +2.737560606985549e-03    2   5    7    3    0    0
 -2.533169275278563e-03    2   5    7    4    0    0
 +6.385184918278048e-03    2   5    7    5    0    0
 -5.247124679511399e-05    2   5    7    12    0    0
 -9.865540826860166e-05    2   5    7    13    0    0
 +8.719436452176772e-05    2   5    7    14    0    0
 +6.085988746565870e-03    2   5    8    3    0    0
 -2.279400823365054e-04    2   5    8    4    0    0
 -7.631027396983959e-04    2   5    8    5    0    0
 -1.166510858968444e-04    2   5    8    12    0    0
 +2.718517129462645e-06    2   5    8    13    0    0
 -1.502105978616550e-05    2   5    8    14    0    0
 +6.105903700181088e-03    2   5    9    4    0    0
 +4.395965099256139e-03    2   5    9    5    0    0
 +6.627206591779065e-05    2   5    9    13    0    0
 +1.280785842467043e-04    2   5    9    14    0    0
 +3.321816295348583e-03    2   5    10    3    0    0
 +1.681383515314557e-03    2   5    10    4    0    0
 -3.436606523459349e-03    2   5    10    5    0    0
 -6.366976577487022e-05    2   5    10    12    0    0
 +5.853390826651642e-05    2   5    10    13    0    0
 -4.417279160393130e-05    2   5    10    14    0    0
 +8.761074131748451e-04    2   5    11    3    0    0
 +3.123701493405188e-03    2   5    11    4    0    0
 -1.620600901942504e-03    2   5    11    5    0    0
 -1.679248604703325e-05    2   5    11    12    0    0
 +6.744767078348414e-05    2   5    11    13    0    0
 -6.254457805235225e-07    2   5    11    14    0    0
 +5.542806203249992e-03    2   5    12    7    0    0
 +1.232245090439116e-02    2   5    12    8    0    0
 +6.725763046462581e-03    2   5    12    10    0    0
 +1.773876199148707e-03    2   5    12    11    0    0
 -2.579967442646681e-03    2   5    13    1    0    0
 +2.272605927442965e-03    2   5    13    2    0    0
 +4.636752056156459e-03    2   5    13    6    0    0
 +1.042147542387776e-02    2   5    13    7    0    0
 -2.871708703169426e-04    2   5    13    8    0    0
 -7.000657322019857e-03    2   5    13    9    0    0
 -6.183236146590748e-03    2   5    13    10    0    0
 -7.124842477512683e-03    2   5    13    11    0    0
 +5.087737733618772e-03    2   5    14    1    0    0
 -4.481615829553177e-03    2   5    14    2    0    0
 -9.143750423974755e-03    2   5    14    6    0    0
 -9.210786746630777e-03    2   5    14    7    0    0
 +1.586751381899284e-03    2   5    14    8    0    0
 -1.352959600977131e-02    2   5    14    9    0    0
 +4.666197932615370e-03    2   5    14    10    0    0
 +6.606903711814926e-05    2   5    14    11    0    0
 +9.994390340362841e-02    2   6    1    1    0    0
 +4.896997753446337e-02    2   6    1    2    0    0
 +8.369200467904202e-02    2   6    1    6    0    0
 +5.128545866634238e-02    2   6    2    1    0    0
 +3.085490701318527e-02    2   6    2    2    0    0
 +5.279497028639603e-02    2   6    2    6    0    0
 +3.616628514274559e-02    2   6    3    3    0    0
 -3.563231360755819e-02    2   6    3    12    0    0
 +3.616628514274542e-02    2   6    4    4    0    0
 +3.177980588754475e-02    2   6    4    13    0    0
 +1.611538739147611e-02    2   6    4    14    0    0
 +3.616628514274560e-02    2   6    5    5    0    0
 -1.611538739147609e-02    2   6    5    13    0    0
 +3.177980588754475e-02    2   6    5    14    0    0
 +6.366579743770133e-02    2   6    6    1    0    0
 +4.711837105762852e-02    2   6    6    2    0    0
 +1.465227894977746e-01    2   6    6    6    0    0
 +6.493803100022506e-02    2   6    7    7    0    0
 +6.493803100022495e-02    2   6    8    8    0    0
 +6.493803100022526e-02    2   6    9    9    0    0
 +6.493803100022506e-02    2   6    10    10    0    0
 +6.493803100022520e-02    2   6    11    11    0    0
 -2.778263533400532e-02    2   6    12    3    0    0
 +1.266200139053082e-01    2   6    12    12    0    0
 +2.477882204572461e-02    2   6    13    4    0    0
 -1.256522200872862e-02    2   6    13    5    0    0
 +1.266200139053084e-01    2   6    13    13    0    0
 +1.256522200872850e-02    2   6    14    4    0    0
 +2.477882204572441e-02    2   6    14    5    0    0
 +1.266200139053084e-01    2   6    14    14    0    0
 +2.015619943474723e-02    2   7    1    7    0    0
 +8.335698247526309e-03    2   7    2    7    0    0
 +5.833798286633425e-04    2   7    3    3    0    0
 +2.260750243021541e-03    2   7    3    4    0    0
 -2.765746536087906e-03    2   7    3    5    0    0
 -4.884591830824608e-04    2   7    3    12    0    0
 +2.735585537613513e-03    2   7    3    13    0    0
 -1.209260021108432e-03    2   7    3    14    0    0
 +2.260750243021542e-03    2   7    4    3    0    0
 +5.867546965412061e-03    2   7    4    4    0    0
 +2.559250790849420e-03    2   7    4    5    0    0
 -1.892907780836283e-03    2   7    4    12    0    0
 +3.412540223240917e-03    2   7    4    13    0    0
 +4.133088479745402e-03    2   7    4    14    0    0
 -2.765746536087906e-03    2   7    5    3    0    0
 +2.559250790849420e-03    2   7    5    4    0    0
 -6.450926794075403e-03    2   7    5    5    0    0
 +2.315737067436817e-03    2   7    5    12    0    0
 +4.354003378704637e-03    2   7    5    13    0    0
 -3.848187994904469e-03    2   7    5    14    0    0
 -2.852345401393676e-03    2   7    6    7    0    0
 +1.243289354703008e-02    2   7    7    1    0    0
 +5.492719931806467e-03    2   7    7    2    0    0
 -4.467556232016587e-03    2   7    7    6    0    0
 -5.110883883454328e-03    2   7    7    7    0    0
 -9.142489955526474e-03    2   7    7    8    0    0
 -2.246084668614582e-03    2   7    7    9    0    0
 +9.903630673639952e-04    2   7    7    10    0    0
 +5.932863329363928e-03    2   7    7    11    0    0
 -9.142489955526474e-03    2   7    8    7    0    0
 +2.889486391570445e-03    2   7    8    8    0    0
 +5.701591459633226e-04    2   7    8    9    0    0
 -5.628513504698086e-03    2   7    8    10    0    0
 -2.267742554351324e-03    2   7    8    11    0    0
 -2.246084668614579e-03    2   7    9    7    0    0
 +5.701591459633220e-04    2   7    9    8    0    0
 +7.157584764399832e-03    2   7    9    10    0    0
 -2.251090330155234e-03    2   7    9    11    0    0
 +9.903630673639956e-04    2   7    10    7    0    0
 -5.628513504698084e-03    2   7    10    8    0    0
 +7.157584764399830e-03    2   7    10    9    0    0
 +5.878278059479396e-04    2   7    10    10    0    0
 -5.208719191944410e-03    2   7    10    11    0    0
 +5.932863329363927e-03    2   7    11    7    0    0
 -2.267742554351324e-03    2   7    11    8    0    0
 -2.251090330155234e-03    2   7    11    9    0    0
 -5.208719191944411e-03    2   7    11    10    0    0
 +1.633569685935948e-03    2   7    11    11    0    0
 -4.253909600568750e-04    2   7    12    3    0    0
 -1.648501832041787e-03    2   7    12    4    0    0
 +2.016736809286136e-03    2   7    12    5    0    0
 +1.274002757550914e-03    2   7    12    12    0    0
 -7.134973891662176e-03    2   7    12    13    0    0
 +3.154000692066300e-03    2   7    12    14    0    0
 +2.382375843196412e-03    2   7    13    3    0    0
 +2.971924394247865e-03    2   7    13    4    0    0
 +3.791828962391222e-03    2   7    13    5    0    0
 -7.134973891662179e-03    2   7    13    12    0    0
 +2.802261985487771e-03    2   7    13    13    0    0
 +1.415380528790861e-02    2   7    13    14    0    0
 -1.053124394328089e-03    2   7    14    3    0    0
 +3.599437859482485e-03    2   7    14    4    0    0
 -3.351322776452731e-03    2   7    14    5    0    0
 +3.154000692066302e-03    2   7    14    12    0    0
 +1.415380528790861e-02    2   7    14    13    0    0
 -4.076264743038690e-03    2   7    14    14    0    0
 +2.015619943474729e-02    2   8    1    8    0    0
 +8.335698247526337e-03    2   8    2    8    0    0
 +1.463297409141912e-03    2   8    3    3    0    0
 -3.972262162183608e-03    2   8    3    4    0    0
 -6.148650098022621e-03    2   8    3    5    0    0
 -1.225207012580185e-03    2   8    3    12    0    0
 -6.379698542732075e-04    2   8    3    13    0    0
 -6.095818596074510e-03    2   8    3    14    0    0
 -3.972262162183609e-03    2   8    4    3    0    0
 -2.234257056067902e-03    2   8    4    4    0    0
 +2.302869538482825e-04    2   8    4    5    0    0
 +3.325942782723908e-03    2   8    4    12    0    0
 -1.755670793910211e-03    2   8    4    13    0    0
 -6.741005673851640e-04    2   8    4    14    0    0
 -6.148650098022622e-03    2   8    5    3    0    0
 +2.302869538482823e-04    2   8    5    4    0    0
 +7.709596469259850e-04    2   8    5    5    0    0
 +5.148214690284005e-03    2   8    5    12    0    0
 -1.199775356914067e-04    2   8    5    13    0    0
 +6.629311682801147e-04    2   8    5    14    0    0
 -2.852345401393692e-03    2   8    6    8    0    0
 -9.142489955526491e-03    2   8    7    7    0    0
 +2.889486391570466e-03    2   8    7    8    0    0
 +5.701591459633077e-04    2   8    7    9    0    0
 -5.628513504698080e-03    2   8    7    10    0    0
 -2.267742554351321e-03    2   8    7    11    0    0
 +1.243289354703010e-02    2   8    8    1    0    0
 +5.492719931806479e-03    2   8    8    2    0    0
 -4.467556232016590e-03    2   8    8    6    0    0
 +2.889486391570465e-03    2   8    8    7    0    0
 +5.925984777298950e-03    2   8    8    8    0    0
 -5.433248472409207e-03    2   8    8    9    0    0
 +1.315721165678780e-03    2   8    8    10    0    0
 -8.730011509107521e-03    2   8    8    11    0    0
 +5.701591459633075e-04    2   8    9    7    0    0
 -5.433248472409208e-03    2   8    9    8    0    0
 +4.796520582906867e-07    2   8    9    10    0    0
 -3.499336687615331e-03    2   8    9    11    0    0
 -5.628513504698080e-03    2   8    10    7    0    0
 +1.315721165678780e-03    2   8    10    8    0    0
 +4.796520582903919e-07    2   8    10    9    0    0
 +7.686821006151970e-03    2   8    10    10    0    0
 +1.883774662194487e-04    2   8    10    11    0    0
 -2.267742554351320e-03    2   8    11    7    0    0
 -8.730011509107526e-03    2   8    11    8    0    0
 -3.499336687615332e-03    2   8    11    9    0    0
 +1.883774662194489e-04    2   8    11    10    0    0
 -4.470315827924443e-03    2   8    11    11    0    0
 -1.067012363368577e-03    2   8    12    3    0    0
 +2.896508126858784e-03    2   8    12    4    0    0
 +4.483494354346276e-03    2   8    12    5    0    0
 +3.195593750019361e-03    2   8    12    12    0    0
 +1.663957566422106e-03    2   8    12    13    0    0
 +1.589915794380307e-02    2   8    12    14    0    0
 -5.555973112922494e-04    2   8    13    3    0    0
 -1.528984427833333e-03    2   8    13    4    0    0
 -1.044864358388192e-04    2   8    13    5    0    0
 +1.663957566422105e-03    2   8    13    12    0    0
 -3.942535794009919e-03    2   8    13    13    0    0
 -2.350101789761096e-03    2   8    13    14    0    0
 -5.308746799584502e-03    2   8    14    3    0    0
 -5.870629470517076e-04    2   8    14    4    0    0
 +5.773357035621403e-04    2   8    14    5    0    0
 +1.589915794380308e-02    2   8    14    12    0    0
 -2.350101789761096e-03    2   8    14    13    0    0
 +7.469420439905583e-04    2   8    14    14    0    0
 +2.015619943474727e-02    2   9    1    9    0    0
 +8.335698247526361e-03    2   9    2    9    0    0
 +4.378034495555719e-03    2   9    3    3    0    0
 -3.665692655342270e-03    2   9    3    12    0    0
 +6.319146854015359e-05    2   9    4    4    0    0
 -6.168770096037169e-03    2   9    4    5    0    0
 +2.383185665010178e-03    2   9    4    13    0    0
 -4.582693603721594e-03    2   9    4    14    0    0
 -6.168770096037169e-03    2   9    5    4    0    0
 -4.441225964096052e-03    2   9    5    5    0    0
 -2.924814807257499e-03    2   9    5    13    0    0
 -5.652549600038675e-03    2   9    5    14    0    0
 -2.852345401393364e-03    2   9    6    9    0    0
 -2.246084668614610e-03    2   9    7    7    0    0
 +5.701591459633170e-04    2   9    7    8    0    0
 +7.157584764399778e-03    2   9    7    10    0    0
 -2.251090330155212e-03    2   9    7    11    0    0
 +5.701591459633167e-04    2   9    8    7    0    0
 -5.433248472409198e-03    2   9    8    8    0    0
 +4.796520583026542e-07    2   9    8    10    0    0
 -3.499336687615326e-03    2   9    8    11    0    0
 +1.243289354702999e-02    2   9    9    1    0    0
 +5.492719931806378e-03    2   9    9    2    0    0
 -4.467556232016104e-03    2   9    9    6    0    0
 -1.228539129558964e-02    2   9    9    9    0    0
 +7.157584764399779e-03    2   9    10    7    0    0
 +4.796520583025846e-07    2   9    10    8    0    0
 +8.755398525781787e-03    2   9    10    10    0    0
 +1.165823668916627e-03    2   9    10    11    0    0
 -2.251090330155212e-03    2   9    11    7    0    0
 -3.499336687615325e-03    2   9    11    8    0    0
 +1.165823668916627e-03    2   9    11    10    0    0
 +1.120932591083140e-02    2   9    11    11    0    0
 -3.192390627378611e-03    2   9    12    3    0    0
 +9.560885971616114e-03    2   9    12    12    0    0
 +2.075476668561881e-03    2   9    13    4    0    0
 -2.547172459725825e-03    2   9    13    5    0    0
 +8.993939037388496e-03    2   9    13    13    0    0
 -3.992507500818359e-03    2   9    13    14    0    0
 -3.990991467150955e-03    2   9    14    4    0    0
 -4.922711220117709e-03    2   9    14    5    0    0
 -3.992507500818360e-03    2   9    14    13    0    0
 -1.855482500900470e-02    2   9    14    14    0    0
 +2.015619943474723e-02    2   10    1    10    0    0
 +8.335698247526302e-03    2   10    2    10    0    0
 -1.232588721362974e-03    2   10    3    3    0    0
 +5.835981965204974e-03    2   10    3    4    0    0
 -3.356017722105247e-03    2   10    3    5    0    0
 +1.032036505775498e-03    2   10    3    12    0    0
 +5.628968800855676e-03    2   10    3    13    0    0
 -2.961814372690700e-04    2   10    3    14    0    0
 +5.835981965204977e-03    2   10    4    3    0    0
 -2.239401109255244e-03    2   10    4    4    0    0
 -1.698695043116189e-03    2   10    4    5    0    0
 -4.886420207122114e-03    2   10    4    12    0    0
 -1.029043223298932e-03    2   10    4    13    0    0
 -2.116545206711903e-03    2   10    4    14    0    0
 -3.356017722105248e-03    2   10    5    3    0    0
 -1.698695043116189e-03    2   10    5    4    0    0
 +3.471989830618220e-03    2   10    5    5    0    0
 +2.809966327950959e-03    2   10    5    12    0    0
 -2.583303225174943e-03    2   10    5    13    0    0
 +1.949497622741819e-03    2   10    5    14    0    0
 -2.852345401393655e-03    2   10    6    10    0    0
 +9.903630673639987e-04    2   10    7    7    0    0
 -5.628513504698019e-03    2   10    7    8    0    0
 +7.157584764399838e-03    2   10    7    9    0    0
 +5.878278059479387e-04    2   10    7    10    0    0
 -5.208719191944404e-03    2   10    7    11    0    0
 -5.628513504698019e-03    2   10    8    7    0    0
 +1.315721165678790e-03    2   10    8    8    0    0
 +4.796520583079509e-07    2   10    8    9    0    0
 +7.686821006151935e-03    2   10    8    10    0    0
 +1.883774662194655e-04    2   10    8    11    0    0
 +7.157584764399839e-03    2   10    9    7    0    0
 +4.796520583083850e-07    2   10    9    8    0    0
 +8.755398525781884e-03    2   10    9    10    0    0
 +1.165823668916620e-03    2   10    9    11    0    0
 +1.243289354703001e-02    2   10    10    1    0    0
 +5.492719931806452e-03    2   10    10    2    0    0
 -4.467556232016551e-03    2   10    10    6    0    0
 +5.878278059479386e-04    2   10    10    7    0    0
 +7.686821006151935e-03    2   10    10    8    0    0
 +8.755398525781879e-03    2   10    10    9    0    0
 -9.771646774079515e-04    2   10    10    10    0    0
 +3.726422738183152e-03    2   10    10    11    0    0
 -5.208719191944404e-03    2   10    11    7    0    0
 +1.883774662194653e-04    2   10    11    8    0    0
 +1.165823668916620e-03    2   10    11    9    0    0
 +3.726422738183152e-03    2   10    11    10    0    0
 -1.328919555634811e-03    2   10    11    11    0    0
 +8.987833890953113e-04    2   10    12    3    0    0
 -4.255501903007663e-03    2   10    12    4    0    0
 +2.447152833592545e-03    2   10    12    5    0    0
 -2.691765043609054e-03    2   10    12    12    0    0
 -1.468151694723591e-02    2   10    12    13    0    0
 +7.725025567847170e-04    2   10    12    14    0    0
 +4.902175095195090e-03    2   10    13    3    0    0
 -8.961765892837242e-04    2   10    13    4    0    0
 -2.249755715800855e-03    2   10    13    5    0    0
 -1.468151694723592e-02    2   10    13    12    0    0
 +6.535201429071529e-04    2   10    13    13    0    0
 -7.223181893273082e-03    2   10    13    14    0    0
 -2.579394764488322e-04    2   10    14    3    0    0
 -1.843263938258174e-03    2   10    14    4    0    0
 +1.697784982019131e-03    2   10    14    5    0    0
 +7.725025567847177e-04    2   10    14    12    0    0
 -7.223181893273082e-03    2   10    14    13    0    0
 +2.038244900701904e-03    2   10    14    14    0    0
 +2.015619943474755e-02    2   11    1    11    0    0
 +8.335698247526429e-03    2   11    2    11    0    0
 -7.314418079704278e-03    2   11    3    3    0    0
 -1.597815473762631e-03    2   11    3    4    0    0
 -8.851278167307699e-04    2   11    3    5    0    0
 +6.124302734501619e-03    2   11    3    12    0    0
 -8.580118884500990e-04    2   11    3    13    0    0
 -1.266045153858370e-03    2   11    3    14    0    0
 -1.597815473762632e-03    2   11    4    3    0    0
 +5.677131467860535e-03    2   11    4    4    0    0
 -3.155863129792432e-03    2   11    4    5    0    0
 +1.337837893399295e-03    2   11    4    12    0    0
 +5.434550017140514e-03    2   11    4    13    0    0
 -2.068666238340607e-04    2   11    4    14    0    0
 -8.851278167307698e-04    2   11    5    3    0    0
 -3.155863129792431e-03    2   11    5    4    0    0
 +1.637286611843757e-03    2   11    5    5    0    0
 +7.411103179115207e-04    2   11    5    12    0    0
 -2.976698304037836e-03    2   11    5    13    0    0
 +2.760307913608083e-05    2   11    5    14    0    0
 -2.852345401393424e-03    2   11    6    11    0    0
 +5.932863329363854e-03    2   11    7    7    0    0
 -2.267742554351308e-03    2   11    7    8    0    0
 -2.251090330155226e-03    2   11    7    9    0    0
 -5.208719191944371e-03    2   11    7    10    0    0
 +1.633569685935939e-03    2   11    7    11    0    0
 -2.267742554351309e-03    2   11    8    7    0    0
 -8.730011509107427e-03    2   11    8    8    0    0
 -3.499336687615330e-03    2   11    8    9    0    0
 +1.883774662194431e-04    2   11    8    10    0    0
 -4.470315827924426e-03    2   11    8    11    0    0
 -2.251090330155225e-03    2   11    9    7    0    0
 -3.499336687615329e-03    2   11    9    8    0    0
 +1.165823668916625e-03    2   11    9    10    0    0
 +1.120932591083145e-02    2   11    9    11    0    0
 -5.208719191944371e-03    2   11    10    7    0    0
 +1.883774662194427e-04    2   11    10    8    0    0
 +1.165823668916626e-03    2   11    10    9    0    0
 +3.726422738183140e-03    2   11    10    10    0    0
 -1.328919555634808e-03    2   11    10    11    0    0
 +1.243289354702981e-02    2   11    11    1    0    0
 +5.492719931806373e-03    2   11    11    2    0    0
 -4.467556232016119e-03    2   11    11    6    0    0
 +1.633569685935939e-03    2   11    11    7    0    0
 -4.470315827924426e-03    2   11    11    8    0    0
 +1.120932591083145e-02    2   11    11    9    0    0
 -1.328919555634808e-03    2   11    11    10    0    0
 -9.292745584394966e-04    2   11    11    11    0    0
 +5.333553160917395e-03    2   11    12    3    0    0
 +1.165100719945958e-03    2   11    12    4    0    0
 +6.454206217497061e-04    2   11    12    5    0    0
 -1.597345047869535e-02    2   11    12    12    0    0
 +2.237872783962703e-03    2   11    12    13    0    0
 +3.302108084079664e-03    2   11    12    14    0    0
 -7.472282508124752e-04    2   11    13    3    0    0
 +4.732859017368925e-03    2   11    13    4    0    0
 -2.592356932187185e-03    2   11    13    5    0    0
 +2.237872783962704e-03    2   11    13    12    0    0
 +1.615326200930260e-02    2   11    13    13    0    0
 -5.137765361207292e-04    2   11    13    14    0    0
 -1.102577619846371e-03    2   11    14    3    0    0
 -1.801566942833593e-04    2   11    14    4    0    0
 +2.403906148335996e-05    2   11    14    5    0    0
 +3.302108084079664e-03    2   11    14    12    0    0
 -5.137765361207291e-04    2   11    14    13    0    0
 -1.798115306072544e-04    2   11    14    14    0    0
 -3.712827053355332e-02    2   12    1    3    0    0
 +6.499374243792916e-02    2   12    1    12    0    0
 -4.985629015235565e-03    2   12    2    3    0    0
 +4.112537577631874e-02    2   12    2    12    0    0
 -4.311329476106542e-02    2   12    3    1    0    0
 -1.019412904534405e-02    2   12    3    2    0    0
 +1.320578127076230e-02    2   12    3    6    0    0
 -2.654959259030408e-03    2   12    3    7    0    0
 -6.659460636508500e-03    2   12    3    8    0    0
 -1.992441741937273e-02    2   12    3    9    0    0
 +5.609506324305295e-03    2   12    3    10    0    0
 +3.328788732655558e-02    2   12    3    11    0    0
 -1.028866528316174e-02    2   12    4    7    0    0
 +1.807774915863862e-02    2   12    4    8    0    0
 -2.655953050272000e-02    2   12    4    10    0    0
 +7.271651808750233e-03    2   12    4    11    0    0
 +1.258690138625863e-02    2   12    5    7    0    0
 +2.798248192037492e-02    2   12    5    8    0    0
 +1.527322318495082e-02    2   12    5    10    0    0
 +4.028213141751973e-03    2   12    5    11    0    0
 +1.347814731633964e-02    2   12    6    3    0    0
 +3.752007324348296e-02    2   12    6    12    0    0
 -2.493839709415343e-03    2   12    7    3    0    0
 -9.664284660022284e-03    2   12    7    4    0    0
 +1.182304940792585e-02    2   12    7    5    0    0
 +2.947240036549697e-03    2   12    7    12    0    0
 -1.650583610483555e-02    2   12    7    13    0    0
 +7.296371267541698e-03    2   12    7    14    0    0
 -6.255322872516842e-03    2   12    8    3    0    0
 +1.698067816118844e-02    2   12    8    4    0    0
 +2.628432972885344e-02    2   12    8    5    0    0
 +7.392591409072125e-03    2   12    8    12    0    0
 +3.849349877630071e-03    2   12    8    13    0    0
 +3.678063847325030e-02    2   12    8    14    0    0
 -1.871527903051312e-02    2   12    9    3    0    0
 +2.211786886129056e-02    2   12    9    12    0    0
 +5.269086361377124e-03    2   12    10    3    0    0
 -2.494773191182607e-02    2   12    10    4    0    0
 +1.434634838174633e-02    2   12    10    5    0    0
 -6.227049084854560e-03    2   12    10    12    0    0
 -3.396378405597607e-02    2   12    10    13    0    0
 +1.787084407940933e-03    2   12    10    14    0    0
 +3.126776991968797e-02    2   12    11    3    0    0
 +6.830362451710782e-03    2   12    11    4    0    0
 +3.783755949068116e-03    2   12    11    5    0    0
 -3.695250461086518e-02    2   12    11    12    0    0
 +5.177028249357075e-03    2   12    11    13    0    0
 +7.638998497242403e-03    2   12    11    14    0    0
 +4.614238773049979e-02    2   12    12    1    0    0
 +3.341436759569105e-02    2   12    12    2    0    0
 +4.038810445568613e-02    2   12    12    6    0    0
 +2.153355129118341e-03    2   12    12    7    0    0
 +5.401282023447841e-03    2   12    12    8    0    0
 +1.616007714572988e-02    2   12    12    9    0    0
 -4.549696638160854e-03    2   12    12    10    0    0
 -2.699877320841828e-02    2   12    12    11    0    0
 -1.205973262983493e-02    2   12    13    7    0    0
 +2.812467664652659e-03    2   12    13    8    0    0
 -2.481511098323140e-02    2   12    13    10    0    0
 +3.782515233266984e-03    2   12    13    11    0    0
 +5.330980272413126e-03    2   12    14    7    0    0
 +2.687320188597242e-02    2   12    14    8    0    0
 +1.305705449262318e-03    2   12    14    10    0    0
 +5.581315532962638e-03    2   12    14    11    0    0
 +3.311402238686832e-02    2   13    1    4    0    0
 -1.679196218953463e-02    2   13    1    5    0    0
 +6.499374243792880e-02    2   13    1    13    0    0
 +4.446590925207106e-03    2   13    2    4    0    0
 -2.254844966161930e-03    2   13    2    5    0    0
 +4.112537577631921e-02    2   13    2    13    0    0
 +1.486893563168168e-02    2   13    3    7    0    0
 -3.467605954086420e-03    2   13    3    8    0    0
 +3.059556121417547e-02    2   13    3    10    0    0
 -4.663617117859068e-03    2   13    3    11    0    0
 +3.845195554151615e-02    2   13    4    1    0    0
 +9.091956414104419e-03    2   13    4    2    0    0
 -1.177799370538752e-02    2   13    4    6    0    0
 +1.854843879755245e-02    2   13    4    7    0    0
 -9.542730675439835e-03    2   13    4    8    0    0
 +1.295350986622627e-02    2   13    4    9    0    0
 -5.593236708949087e-03    2   13    4    10    0    0
 +2.953882204776874e-02    2   13    4    11    0    0
 -1.949880253215185e-02    2   13    5    1    0    0
 -4.610487561761139e-03    2   13    5    2    0    0
 +5.972564210377344e-03    2   13    5    6    0    0
 +2.366564491876997e-02    2   13    5    7    0    0
 -6.521230028872909e-04    2   13    5    8    0    0
 -1.589746783850881e-02    2   13    5    9    0    0
 -1.404122402465651e-02    2   13    5    10    0    0
 -1.617947414515346e-02    2   13    5    11    0    0
 -1.202091197766531e-02    2   13    6    4    0    0
 +6.095746903062049e-03    2   13    6    5    0    0
 +3.752007324348323e-02    2   13    6    13    0    0
 +1.396659552831342e-02    2   13    7    3    0    0
 +1.742280340598876e-02    2   13    7    4    0    0
 +2.222946542272193e-02    2   13    7    5    0    0
 -1.650583610483577e-02    2   13    7    12    0    0
 +6.482669419340655e-03    2   13    7    13    0    0
 +3.274299161977041e-02    2   13    7    14    0    0
 -3.257169915316853e-03    2   13    8    3    0    0
 -8.963618034334278e-03    2   13    8    4    0    0
 -6.125480963566300e-04    2   13    8    5    0    0
 +3.849349877630076e-03    2   13    8    12    0    0
 -9.120544887966701e-03    2   13    8    13    0    0
 -5.436655488930043e-03    2   13    8    14    0    0
 +1.216740979012083e-02    2   13    9    4    0    0
 -1.493270996154765e-02    2   13    9    5    0    0
 +2.080631070864844e-02    2   13    9    13    0    0
 -9.236147946223544e-03    2   13    9    14    0    0
 +2.873883101152503e-02    2   13    10    3    0    0
 -5.253804088139121e-03    2   13    10    4    0    0
 -1.318911464361722e-02    2   13    10    5    0    0
 -3.396378405597650e-02    2   13    10    12    0    0
 +1.511834035249899e-03    2   13    10    13    0    0
 -1.670989386872261e-02    2   13    10    14    0    0
 -4.380599633861594e-03    2   13    11    3    0    0
 +2.774622139361253e-02    2   13    11    4    0    0
 -1.519760235996166e-02    2   13    11    5    0    0
 +5.177028249357133e-03    2   13    11    12    0    0
 +3.736847525056633e-02    2   13    11    13    0    0
 -1.188555337200131e-03    2   13    11    14    0    0
 -1.205973262983513e-02    2   13    12    7    0    0
 +2.812467664652664e-03    2   13    12    8    0    0
 -2.481511098323179e-02    2   13    12    10    0    0
 +3.782515233267040e-03    2   13    12    11    0    0
 +4.614238773050028e-02    2   13    13    1    0    0
 +3.341436759569150e-02    2   13    13    2    0    0
 +4.038810445568643e-02    2   13    13    6    0    0
 +4.736461662911584e-03    2   13    13    7    0    0
 -6.663784378366847e-03    2   13    13    8    0    0
 +1.520180756466276e-02    2   13    13    9    0    0
 +1.104598042171108e-03    2   13    13    10    0    0
 +2.730269569164158e-02    2   13    13    11    0    0
 +2.392315796227231e-02    2   13    14    7    0    0
 -3.972207840947434e-03    2   13    14    8    0    0
 -6.748247956274320e-03    2   13    14    9    0    0
 -1.220882426372070e-02    2   13    14    10    0    0
 -8.683994855733396e-04    2   13    14    11    0    0
 +1.679196218953442e-02    2   14    1    4    0    0
 +3.311402238686866e-02    2   14    1    5    0    0
 +6.499374243792848e-02    2   14    1    14    0    0
 +2.254844966161905e-03    2   14    2    4    0    0
 +4.446590925207004e-03    2   14    2    5    0    0
 +4.112537577631908e-02    2   14    2    14    0    0
 -6.572782743804428e-03    2   14    3    7    0    0
 -3.313306532776558e-02    2   14    3    8    0    0
 -1.609857438380231e-03    2   14    3    10    0    0
 -6.881431284340326e-03    2   14    3    11    0    0
 +1.949880253215174e-02    2   14    4    1    0    0
 +4.610487561761096e-03    2   14    4    2    0    0
 -5.972564210377290e-03    2   14    4    6    0    0
 +2.246488940681825e-02    2   14    4    7    0    0
 -3.663989960436127e-03    2   14    4    8    0    0
 -2.490866225038554e-02    2   14    4    9    0    0
 -1.150421875223027e-02    2   14    4    10    0    0
 -1.124397856268351e-03    2   14    4    11    0    0
 +3.845195554151589e-02    2   14    5    1    0    0
 +9.091956414104329e-03    2   14    5    2    0    0
 -1.177799370538745e-02    2   14    5    6    0    0
 -2.091634818509854e-02    2   14    5    7    0    0
 +3.603280078016361e-03    2   14    5    8    0    0
 -3.072373172113761e-02    2   14    5    9    0    0
 +1.059625234455364e-02    2   14    5    10    0    0
 +1.500331103770576e-04    2   14    5    11    0    0
 -6.095746903061951e-03    2   14    6    4    0    0
 -1.202091197766519e-02    2   14    6    5    0    0
 +3.752007324348318e-02    2   14    6    14    0    0
 -6.173905137002191e-03    2   14    7    3    0    0
 +2.110157927274834e-02    2   14    7    4    0    0
 -1.964701322724090e-02    2   14    7    5    0    0
 +7.296371267541707e-03    2   14    7    12    0    0
 +3.274299161977018e-02    2   14    7    13    0    0
 -9.429909455890340e-03    2   14    7    14    0    0
 -3.112234348907121e-02    2   14    8    3    0    0
 -3.441636110669257e-03    2   14    8    4    0    0
 +3.384610483998191e-03    2   14    8    5    0    0
 +3.678063847325045e-02    2   14    8    12    0    0
 -5.436655488930016e-03    2   14    8    13    0    0
 +1.727953478894491e-03    2   14    8    14    0    0
 -2.339704868055565e-02    2   14    9    4    0    0
 -2.885922332969377e-02    2   14    9    5    0    0
 -9.236147946223499e-03    2   14    9    13    0    0
 -4.292417956993896e-02    2   14    9    14    0    0
 -1.512161210261449e-03    2   14    10    3    0    0
 -1.080607073442998e-02    2   14    10    4    0    0
 +9.953205412833259e-03    2   14    10    5    0    0
 +1.787084407940900e-03    2   14    10    12    0    0
 -1.670989386872248e-02    2   14    10    13    0    0
 +4.715215049604704e-03    2   14    10    14    0    0
 -6.463822951757152e-03    2   14    11    3    0    0
 -1.056162354885831e-03    2   14    11    4    0    0
 +1.409281619342235e-04    2   14    11    5    0    0
 +7.638998497242448e-03    2   14    11    12    0    0
 -1.188555337200077e-03    2   14    11    13    0    0
 -4.159706397007498e-04    2   14    11    14    0    0
 +5.330980272413145e-03    2   14    12    7    0    0
 +2.687320188597260e-02    2   14    12    8    0    0
 +1.305705449262291e-03    2   14    12    10    0    0
 +5.581315532962682e-03    2   14    12    11    0    0
 +2.392315796227208e-02    2   14    13    7    0    0
 -3.972207840947406e-03    2   14    13    8    0    0
 -6.748247956274279e-03    2   14    13    9    0    0
 -1.220882426372059e-02    2   14    13    10    0    0
 -8.683994855732888e-04    2   14    13    11    0    0
 +4.614238773050002e-02    2   14    14    1    0    0
 +3.341436759569139e-02    2   14    14    2    0    0
 +4.038810445568634e-02    2   14    14    6    0    0
 -6.889816792029927e-03    2   14    14    7    0    0
 +1.262502354918929e-03    2   14    14    8    0    0
 -3.136188471039266e-02    2   14    14    9    0    0
 +3.445098595989798e-03    2   14    14    10    0    0
 -3.039224832229370e-04    2   14    14    11    0    0
 +6.460812095186011e-02    3   1    1    3    0    0
 -4.302059934421257e-02    3   1    1    12    0    0
 -1.010294969719448e-02    3   1    2    3    0    0
 -4.311329476106542e-02    3   1    2    12    0    0
 +7.469238109715098e-02    3   1    3    1    0    0
 -1.518141324519044e-03    3   1    3    2    0    0
 -4.193848256251531e-02    3   1    3    6    0    0
 +4.405975940587736e-03    3   1    3    7    0    0
 +1.105155314227413e-02    3   1    3    8    0    0
 +3.306510391125271e-02    3   1    3    9    0    0
 -9.309125863004593e-03    3   1    3    10    0    0
 -5.524213984637827e-02    3   1    3    11    0    0
 +1.707431537571885e-02    3   1    4    7    0    0
 -3.000050851327514e-02    3   1    4    8    0    0
 +4.407625163748236e-02    3   1    4    10    0    0
 -1.206750077565582e-02    3   1    4    11    0    0
 -2.088829969265061e-02    3   1    5    7    0    0
 -4.643767759514562e-02    3   1    5    8    0    0
 -2.534632260711013e-02    3   1    5    10    0    0
 -6.684927509057112e-03    3   1    5    11    0    0
 -4.151602720565682e-02    3   1    6    3    0    0
 -2.319133643078676e-02    3   1    6    12    0    0
 +4.459208821880718e-03    3   1    7    3    0    0
 +1.728060678897481e-02    3   1    7    4    0    0
 -2.114067156052876e-02    3   1    7    5    0    0
 -2.917047977921450e-03    3   1    7    12    0    0
 +1.633674734205905e-02    3   1    7    13    0    0
 -7.221625923982534e-03    3   1    7    14    0    0
 +1.118507770628876e-02    3   1    8    3    0    0
 -3.036297383990263e-02    3   1    8    4    0    0
 -4.699873635086299e-02    3   1    8    5    0    0
 -7.316860369024638e-03    3   1    8    12    0    0
 -3.809916443045570e-03    3   1    8    13    0    0
 -3.640385097735662e-02    3   1    8    14    0    0
 +3.346459559599691e-02    3   1    9    3    0    0
 -2.189128942252387e-02    3   1    9    12    0    0
 -9.421598468095784e-03    3   1    10    3    0    0
 +4.460877970910575e-02    3   1    10    4    0    0
 -2.565255618640184e-02    3   1    10    5    0    0
 +6.163258070644815e-03    3   1    10    12    0    0
 +3.361585292490474e-02    3   1    10    13    0    0
 -1.768777192868862e-03    3   1    10    14    0    0
 -5.590957387517762e-02    3   1    11    3    0    0
 -1.221329999130212e-02    3   1    11    4    0    0
 -6.765694621120539e-03    3   1    11    5    0    0
 +3.657395648725244e-02    3   1    11    12    0    0
 -5.123993838014113e-03    3   1    11    13    0    0
 -7.560743218530888e-03    3   1    11    14    0    0
 -3.354519369254224e-02    3   1    12    1    0    0
 -4.091325802140627e-02    3   1    12    2    0    0
 -4.146183178137659e-02    3   1    12    6    0    0
 -1.491111319600917e-03    3   1    12    7    0    0
 -3.740169309099296e-03    3   1    12    8    0    0
 -1.119019971753931e-02    3   1    12    9    0    0
 +3.150480878037745e-03    3   1    12    10    0    0
 +1.869555829506555e-02    3   1    12    11    0    0
 +8.350877007022051e-03    3   1    13    7    0    0
 -1.947520088101837e-03    3   1    13    8    0    0
 +1.718346053741688e-02    3   1    13    10    0    0
 -2.619238789096772e-03    3   1    13    11    0    0
 -3.691488190347394e-03    3   1    14    7    0    0
 -1.860860523387077e-02    3   1    14    8    0    0
 -9.041482053435467e-04    3   1    14    10    0    0
 -3.864835231740169e-03    3   1    14    11    0    0
 +6.344135293070691e-03    3   2    1    3    0    0
 -2.402348964987572e-02    3   2    1    12    0    0
 +8.618464564475729e-03    3   2    2    3    0    0
 -1.019412904534405e-02    3   2    2    12    0    0
 -1.518141324519044e-03    3   2    3    1    0    0
 +5.524898771397429e-03    3   2    3    2    0    0
 +1.157499289358152e-03    3   2    3    6    0    0
 +6.477358599408653e-04    3   2    3    7    0    0
 +1.624722280562040e-03    3   2    3    8    0    0
 +4.861001014257099e-03    3   2    3    9    0    0
 -1.368562771899025e-03    3   2    3    10    0    0
 -8.121314197098347e-03    3   2    3    11    0    0
 +2.510146787437488e-03    3   2    4    7    0    0
 -4.410465568252292e-03    3   2    4    8    0    0
 +6.479783172299210e-03    3   2    4    10    0    0
 -1.774079817424980e-03    3   2    4    11    0    0
 -3.070852166822578e-03    3   2    5    7    0    0
 -6.826943550385546e-03    3   2    5    8    0    0
 -3.726239609938848e-03    3   2    5    10    0    0
 -9.827714284213712e-04    3   2    5    11    0    0
 +3.624252718101871e-03    3   2    6    3    0    0
 -1.816107276021304e-02    3   2    6    12    0    0
 -8.887615601272748e-05    3   2    7    3    0    0
 -3.444184756352491e-04    3   2    7    4    0    0
 +4.213531365940428e-04    3   2    7    5    0    0
 -1.404917790814578e-04    3   2    7    12    0    0
 +7.868155463543313e-04    3   2    7    13    0    0
 -3.478102114192749e-04    3   2    7    14    0    0
 -2.229289434396412e-04    3   2    8    3    0    0
 +6.051621504613103e-04    3   2    8    4    0    0
 +9.367282832380135e-04    3   2    8    5    0    0
 -3.523969226133027e-04    3   2    8    12    0    0
 -1.834943899745322e-04    3   2    8    13    0    0
 -1.753293681809473e-03    3   2    8    14    0    0
 -6.669803406601194e-04    3   2    9    3    0    0
 -1.054335143143260e-03    3   2    9    12    0    0
 +1.877811712317572e-04    3   2    10    3    0    0
 -8.890942369663471e-04    3   2    10    4    0    0
 +5.112791700986545e-04    3   2    10    5    0    0
 +2.968367671141405e-04    3   2    10    12    0    0
 +1.619017245690114e-03    3   2    10    13    0    0
 -8.518840159835696e-05    3   2    10    14    0    0
 +1.114329516472291e-03    3   2    11    3    0    0
 +2.434223645528516e-04    3   2    11    4    0    0
 +1.348465511932550e-04    3   2    11    5    0    0
 +1.761486356697936e-03    3   2    11    12    0    0
 -2.467833973776285e-04    3   2    11    13    0    0
 -3.641428848579625e-04    3   2    11    14    0    0
 -7.713949676055113e-03    3   2    12    1    0    0
 -1.836002156694342e-04    3   2    12    2    0    0
 +6.899107960120120e-03    3   2    12    6    0    0
 -1.320705496260424e-03    3   2    12    7    0    0
 -3.312738692637686e-03    3   2    12    8    0    0
 -9.911371523328947e-03    3   2    12    9    0    0
 +2.790440496824495e-03    3   2    12    10    0    0
 +1.655900955976821e-02    3   2    12    11    0    0
 +7.396529700224280e-03    3   2    13    7    0    0
 -1.724955374305718e-03    3   2    13    8    0    0
 +1.521971597842504e-02    3   2    13    10    0    0
 -2.319909331587960e-03    3   2    13    11    0    0
 -3.269620905082443e-03    3   2    14    7    0    0
 -1.648199358897711e-02    3   2    14    8    0    0
 -8.008211650829721e-04    3   2    14    10    0    0
 -3.423157658052172e-03    3   2    14    11    0    0
 +3.920117645574889e-01    3   3    1    1    0    0
 +5.396900331114998e-02    3   3    1    2    0    0
 +5.419641422126034e-03    3   3    1    6    0    0
 +2.487396541362812e-03    3   3    1    7    0    0
 +6.239161410198914e-03    3   3    1    8    0    0
 +1.866692560687927e-02    3   3    1    9    0    0
 -5.255472972841480e-03    3   3    1    10    0    0
 -3.118698545889818e-02    3   3    1    11    0    0
 +7.240846468486475e-02    3   3    2    1    0    0
 +2.535820705327143e-01    3   3    2    2    0    0
 +3.616628514274559e-02    3   3    2    6    0    0
 +5.833798286633425e-04    3   3    2    7    0    0
 +1.463297409141912e-03    3   3    2    8    0    0
 +4.378034495555719e-03    3   3    2    9    0    0
 -1.232588721362974e-03    3   3    2    10    0    0
 -7.314418079704278e-03    3   3    2    11    0    0
 +3.900146906442833e-01    3   3    3    3    0    0
 -1.916281135179543e-02    3   3    3    12    0    0
 +3.414258270110934e-01    3   3    4    4    0    0
 +1.937876774669338e-02    3   3    4    13    0    0
 +9.826880331254732e-03    3   3    4    14    0    0
 +3.414258270110938e-01    3   3    5    5    0    0
 -9.826880331254716e-03    3   3    5    13    0    0
 +1.937876774669339e-02    3   3    5    14    0    0
 +2.085789146663940e-02    3   3    6    1    0    0
 +7.214605231578172e-02    3   3    6    2    0    0
 +3.826342382961013e-01    3   3    6    6    0    0
 -1.186176779015526e-03    3   3    6    7    0    0
 -2.975298977159874e-03    3   3    6    8    0    0
 -8.901786796872979e-03    3   3    6    9    0    0
 +2.506202730230075e-03    3   3    6    10    0    0
 +1.487228809065242e-02    3   3    6    11    0    0
 +1.589908879072377e-03    3   3    7    1    0    0
 +3.078919952813107e-04    3   3    7    2    0    0
 -1.330237128413074e-03    3   3    7    6    0    0
 +3.891575730977881e-01    3   3    7    7    0    0
 +5.642863323037607e-03    3   3    7    8    0    0
 +1.623182572705604e-03    3   3    7    9    0    0
 +1.382694726251476e-02    3   3    7    10    0    0
 -3.451763997226059e-03    3   3    7    11    0    0
 +3.987984207216998e-03    3   3    8    1    0    0
 +7.722885448798769e-04    3   3    8    2    0    0
 -3.336646980083644e-03    3   3    8    6    0    0
 +5.642863323037614e-03    3   3    8    7    0    0
 +4.162472921781732e-01    3   3    8    8    0    0
 +4.071444942905556e-03    3   3    8    9    0    0
 -2.765014869407981e-03    3   3    8    10    0    0
 +6.902592883891965e-04    3   3    8    11    0    0
 +1.193163626057809e-02    3   3    9    1    0    0
 +2.310607446499385e-03    3   3    9    2    0    0
 -9.982902646471925e-03    3   3    9    6    0    0
 +1.623182572705604e-03    3   3    9    7    0    0
 +4.071444942905555e-03    3   3    9    8    0    0
 +3.930130276746848e-01    3   3    9    9    0    0
 -3.429526414058608e-03    3   3    9    10    0    0
 -2.035146807125971e-02    3   3    9    11    0    0
 -3.359224395587396e-03    3   3    10    1    0    0
 -6.505267788418828e-04    3   3    10    2    0    0
 +2.810579318412555e-03    3   3    10    6    0    0
 +1.382694726251473e-02    3   3    10    7    0    0
 -2.765014869407980e-03    3   3    10    8    0    0
 -3.429526414058608e-03    3   3    10    9    0    0
 +4.106004787996562e-01    3   3    10    10    0    0
 +1.691371601905040e-03    3   3    10    11    0    0
 -1.993428239851016e-02    3   3    11    1    0    0
 -3.860350780454402e-03    3   3    11    2    0    0
 +1.667851719291030e-02    3   3    11    6    0    0
 -3.451763997226083e-03    3   3    11    7    0    0
 +6.902592883891786e-04    3   3    11    8    0    0
 -2.035146807125971e-02    3   3    11    9    0    0
 +1.691371601905043e-03    3   3    11    10    0    0
 +4.169534773691246e-01    3   3    11    11    0    0
 -5.217288458464966e-02    3   3    12    3    0    0
 +4.366206143689450e-01    3   3    12    12    0    0
 +4.707206072216542e-02    3   3    13    4    0    0
 -2.387001659283543e-02    3   3    13    5    0    0
 +4.036015358092562e-01    3   3    13    13    0    0
 +2.387001659283536e-02    3   3    14    4    0    0
 +4.707206072216538e-02    3   3    14    5    0    0
 +4.036015358092561e-01    3   3    14    14    0    0
 +9.639315689507716e-03    3   4    1    7    0    0
 -1.693680631063367e-02    3   4    1    8    0    0
 +2.488327611355178e-02    3   4    1    10    0    0
 -6.812715297817839e-03    3   4    1    11    0    0
 +2.260750243021541e-03    3   4    2    7    0    0
 -3.972262162183608e-03    3   4    2    8    0    0
 +5.835981965204974e-03    3   4    2    10    0    0
 -1.597815473762631e-03    3   4    2    11    0    0
 +2.429443181659500e-02    3   4    3    4    0    0
 -1.143904175804728e-03    3   4    3    13    0    0
 -5.800683300914703e-04    3   4    3    14    0    0
 +2.429443181659500e-02    3   4    4    3    0    0
 +1.282573986559307e-03    3   4    4    12    0    0
 -4.596746938560053e-03    3   4    6    7    0    0
 +8.076736468142985e-03    3   4    6    8    0    0
 -1.186620782850978e-02    3   4    6    10    0    0
 +3.248812384328580e-03    3   4    6    11    0    0
 +6.161314992636128e-03    3   4    7    1    0    0
 +1.193162445728406e-03    3   4    7    2    0    0
 -5.155018674928444e-03    3   4    7    6    0    0
 +4.770102528295333e-03    3   4    7    7    0    0
 -1.389924633050644e-02    3   4    7    8    0    0
 +8.612004301721623e-03    3   4    7    9    0    0
 +8.232497655866831e-03    3   4    7    10    0    0
 -2.397805735502991e-03    3   4    7    11    0    0
 -1.082576834397786e-02    3   4    8    1    0    0
 -2.096451853156010e-03    3   4    8    2    0    0
 +9.057650525959837e-03    3   4    8    6    0    0
 -1.389924633050644e-02    3   4    8    7    0    0
 +1.046401854844270e-03    3   4    8    8    0    0
 +6.446793753906903e-03    3   4    8    9    0    0
 +6.026163253401481e-03    3   4    8    10    0    0
 +8.559347521982178e-03    3   4    8    11    0    0
 +8.612004301721623e-03    3   4    9    7    0    0
 +6.446793753906900e-03    3   4    9    8    0    0
 +1.481467919404520e-02    3   4    9    10    0    0
 -5.198992253932162e-04    3   4    9    11    0    0
 +1.590504005914144e-02    3   4    10    1    0    0
 +3.080072438928181e-03    3   4    10    2    0    0
 -1.330735056207202e-02    3   4    10    6    0    0
 +8.232497655866831e-03    3   4    10    7    0    0
 +6.026163253401481e-03    3   4    10    8    0    0
 +1.481467919404520e-02    3   4    10    9    0    0
 -9.254361455584338e-03    3   4    10    10    0    0
 +2.569807598343763e-03    3   4    10    11    0    0
 -4.354591784009772e-03    3   4    11    1    0    0
 -8.432835181073843e-04    3   4    11    2    0    0
 +3.643378401378542e-03    3   4    11    6    0    0
 -2.397805735502989e-03    3   4    11    7    0    0
 +8.559347521982176e-03    3   4    11    8    0    0
 -5.198992253932152e-04    3   4    11    9    0    0
 +2.569807598343766e-03    3   4    11    10    0    0
 +3.437857072444865e-03    3   4    11    11    0    0
 +3.027439056875342e-04    3   4    12    4    0    0
 -1.472455477869824e-02    3   4    12    13    0    0
 -7.466751221370267e-03    3   4    12    14    0    0
 -2.700117276231908e-04    3   4    13    3    0    0
 -1.472455477869824e-02    3   4    13    12    0    0
 -1.369216541563043e-04    3   4    14    3    0    0
 -7.466751221370265e-03    3   4    14    12    0    0
 -1.179250298028593e-02    3   5    1    7    0    0
 -2.621642065155684e-02    3   5    1    8    0    0
 -1.430928267410866e-02    3   5    1    10    0    0
 -3.773980110084720e-03    3   5    1    11    0    0
 -2.765746536087906e-03    3   5    2    7    0    0
 -6.148650098022621e-03    3   5    2    8    0    0
 -3.356017722105247e-03    3   5    2    10    0    0
 -8.851278167307699e-04    3   5    2    11    0    0
 +2.429443181659509e-02    3   5    3    5    0    0
 +5.800683300915154e-04    3   5    3    13    0    0
 -1.143904175804693e-03    3   5    3    14    0    0
 +2.429443181659508e-02    3   5    5    3    0    0
 +1.282573986559322e-03    3   5    5    12    0    0
 +5.623547741215041e-03    3   5    6    7    0    0
 +1.250195089068620e-02    3   5    6    8    0    0
 +6.823736605783759e-03    3   5    6    10    0    0
 +1.799716087325733e-03    3   5    6    11    0    0
 -7.537602020050937e-03    3   5    7    1    0    0
 -1.459685744345208e-03    3   5    7    2    0    0
 +6.306523724883633e-03    3   5    7    6    0    0
 +1.399056467360072e-02    3   5    7    7    0    0
 +6.435613400075675e-03    3   5    7    8    0    0
 -4.376037136247696e-03    3   5    7    9    0    0
 +7.814932288121058e-03    3   5    7    10    0    0
 +3.073176199799701e-03    3   5    7    11    0    0
 -1.675716729451181e-02    3   5    8    1    0    0
 -3.245090169305809e-03    3   5    8    2    0    0
 +1.402030417944091e-02    3   5    8    6    0    0
 +6.435613400075677e-03    3   5    8    7    0    0
 -9.312071269721526e-03    3   5    8    8    0    0
 +7.909983045066241e-03    3   5    8    9    0    0
 -4.186842926683098e-03    3   5    8    10    0    0
 +1.433028858039052e-02    3   5    8    11    0    0
 -4.376037136247697e-03    3   5    9    7    0    0
 +7.909983045066238e-03    3   5    9    8    0    0
 -1.137243415921233e-02    3   5    9    10    0    0
 +3.149847291946596e-03    3   5    9    11    0    0
 -9.146292196843341e-03    3   5    10    1    0    0
 -1.771214810470687e-03    3   5    10    2    0    0
 +7.652474696948894e-03    3   5    10    6    0    0
 +7.814932288121058e-03    3   5    10    7    0    0
 -4.186842926683098e-03    3   5    10    8    0    0
 -1.137243415921233e-02    3   5    10    9    0    0
 -1.107668582266112e-02    3   5    10    10    0    0
 +4.343977219931388e-04    3   5    10    11    0    0
 -2.412274997849257e-03    3   5    11    1    0    0
 -4.671463704815197e-04    3   5    11    2    0    0
 +2.018290361365757e-03    3   5    11    6    0    0
 +3.073176199799701e-03    3   5    11    7    0    0
 +1.433028858039052e-02    3   5    11    8    0    0
 +3.149847291946597e-03    3   5    11    9    0    0
 +4.343977219931375e-04    3   5    11    10    0    0
 +6.398192418781964e-03    3   5    11    11    0    0
 +3.027439056875458e-04    3   5    12    5    0    0
 +7.466751221370172e-03    3   5    12    13    0    0
 -1.472455477869834e-02    3   5    12    14    0    0
 +1.369216541563333e-04    3   5    13    3    0    0
 +7.466751221370170e-03    3   5    13    12    0    0
 -2.700117276231558e-04    3   5    14    3    0    0
 -1.472455477869834e-02    3   5    14    12    0    0
 -3.539551970090737e-02    3   6    1    3    0    0
 +5.004176440559736e-03    3   6    1    12    0    0
 +6.365011715551641e-03    3   6    2    3    0    0
 +1.320578127076230e-02    3   6    2    12    0    0
 -4.193848256251531e-02    3   6    3    1    0    0
 +1.157499289358152e-03    3   6    3    2    0    0
 +2.962532350649365e-02    3   6    3    6    0    0
 -2.473830223432480e-03    3   6    3    7    0    0
 -6.205132880408094e-03    3   6    3    8    0    0
 -1.856511576540314e-02    3   6    3    9    0    0
 +5.226809502406339e-03    3   6    3    10    0    0
 +3.101689092310937e-02    3   6    3    11    0    0
 -9.586742640096369e-03    3   6    4    7    0    0
 +1.684443257958041e-02    3   6    4    8    0    0
 -2.474756215347699e-02    3   6    4    10    0    0
 +6.775558591935946e-03    3   6    4    11    0    0
 +1.172818639788155e-02    3   6    5    7    0    0
 +2.607343569051817e-02    3   6    5    8    0    0
 +1.423123951738482e-02    3   6    5    10    0    0
 +3.753396735787604e-03    3   6    5    11    0    0
 +2.926277757270924e-02    3   6    6    3    0    0
 -1.453425856638122e-03    3   6    6    12    0    0
 -2.727520316065081e-03    3   6    7    3    0    0
 -1.056985845999962e-02    3   6    7    4    0    0
 +1.293090623916596e-02    3   6    7    5    0    0
 +1.222120786728567e-03    3   6    7    12    0    0
 -6.844412112991505e-03    3   6    7    13    0    0
 +3.025558448978839e-03    3   6    7    14    0    0
 -6.841466255397825e-03    3   6    8    3    0    0
 +1.857182099167951e-02    3   6    8    4    0    0
 +2.874725390687118e-02    3   6    8    5    0    0
 +3.065457688134144e-03    3   6    8    12    0    0
 +1.596195234355611e-03    3   6    8    13    0    0
 +1.525168709364101e-02    3   6    8    14    0    0
 -2.046895940578249e-02    3   6    9    3    0    0
 +9.171532334761688e-03    3   6    9    12    0    0
 +5.762816288271660e-03    3   6    10    3    0    0
 -2.728541268003260e-02    3   6    10    4    0    0
 +1.569064624515657e-02    3   6    10    5    0    0
 -2.582146697317868e-03    3   6    10    12    0    0
 -1.408363281443514e-02    3   6    10    13    0    0
 +7.410434764383775e-04    3   6    10    14    0    0
 +3.419765808203892e-02    3   6    11    3    0    0
 +7.470388847684471e-03    3   6    11    4    0    0
 +4.138305755238322e-03    3   6    11    5    0    0
 -1.532295416951862e-02    3   6    11    12    0    0
 +2.146738561690785e-03    3   6    11    13    0    0
 +3.167634375718303e-03    3   6    11    14    0    0
 +1.107594099116112e-02    3   6    12    1    0    0
 +1.760513612333472e-02    3   6    12    2    0    0
 +1.732220820865354e-02    3   6    12    6    0    0
 +2.484204688030077e-04    3   6    12    7    0    0
 +6.231155252833430e-04    3   6    12    8    0    0
 +1.864297201213980e-03    3   6    12    9    0    0
 -5.248729094797026e-04    3   6    12    10    0    0
 -3.114696599203037e-03    3   6    12    11    0    0
 -1.391263518511708e-03    3   6    13    7    0    0
 +3.244585745744196e-04    3   6    13    8    0    0
 -2.862779771201382e-03    3   6    13    10    0    0
 +4.363675061286307e-04    3   6    13    11    0    0
 +6.150052077079530e-04    3   6    14    7    0    0
 +3.100210142060564e-03    3   6    14    8    0    0
 +1.506318931969223e-04    3   6    14    10    0    0
 +6.438849786025277e-04    3   6    14    11    0    0
 +3.940278409296535e-03    3   7    1    3    0    0
 +1.526961498103246e-02    3   7    1    4    0    0
 -1.868047338335916e-02    3   7    1    5    0    0
 -3.573772872024851e-03    3   7    1    12    0    0
 +2.001469461937892e-02    3   7    1    13    0    0
 -8.847455034808745e-03    3   7    1    14    0    0
 +1.591774546081139e-04    3   7    2    3    0    0
 +6.168544942895604e-04    3   7    2    4    0    0
 -7.546446964310804e-04    3   7    2    5    0    0
 -2.654959259030408e-03    3   7    2    12    0    0
 +1.486893563168168e-02    3   7    2    13    0    0
 -6.572782743804428e-03    3   7    2    14    0    0
 +4.405975940587736e-03    3   7    3    1    0    0
 +6.477358599408653e-04    3   7    3    2    0    0
 -2.473830223432480e-03    3   7    3    6    0    0
 +2.378085145749364e-02    3   7    3    7    0    0
 +8.632393674788160e-03    3   7    3    8    0    0
 +2.483127832716627e-03    3   7    3    9    0    0
 +2.115232024197081e-02    3   7    3    10    0    0
 -5.280472694574557e-03    3   7    3    11    0    0
 +1.707431537571883e-02    3   7    4    1    0    0
 +2.510146787437512e-03    3   7    4    2    0    0
 -9.586742640096277e-03    3   7    4    6    0    0
 +7.297253280127492e-03    3   7    4    7    0    0
 -1.310894997800451e-02    3   7    4    8    0    0
 +1.532302378137484e-02    3   7    4    9    0    0
 +6.763738439103701e-03    3   7    4    10    0    0
 +1.068367073445045e-02    3   7    4    11    0    0
 -2.088829969265093e-02    3   7    5    1    0    0
 -3.070852166822554e-03    3   7    5    2    0    0
 +1.172818639788166e-02    3   7    5    6    0    0
 +2.140262045724962e-02    3   7    5    7    0    0
 +8.324911864435981e-04    3   7    5    8    0    0
 -3.622830035119842e-03    3   7    5    9    0    0
 -4.333703774627628e-03    3   7    5    10    0    0
 -5.305158458087088e-03    3   7    5    11    0    0
 -2.368211451813579e-03    3   7    6    3    0    0
 -9.177442126308910e-03    3   7    6    4    0    0
 +1.122745816320794e-02    3   7    6    5    0    0
 -1.593042889343985e-03    3   7    6    12    0    0
 +8.921738478508081e-03    3   7    6    13    0    0
 -3.943836342349136e-03    3   7    6    14    0    0
 +2.111924516857066e-02    3   7    7    3    0    0
 +6.876860669732098e-03    3   7    7    4    0    0
 +2.016962180173802e-02    3   7    7    5    0    0
 -1.173137438986519e-02    3   7    7    12    0    0
 -2.111499322521632e-03    3   7    7    13    0    0
 +1.490616173338527e-02    3   7    7    14    0    0
 +8.135084019827149e-03    3   7    8    3    0    0
 -1.173087959093770e-02    3   7    8    4    0    0
 +9.607162601166602e-05    3   7    8    5    0    0
 -5.747299517331242e-03    3   7    8    12    0    0
 -5.281916835120036e-03    3   7    8    13    0    0
 -4.508236175683573e-03    3   7    8    14    0    0
 +2.340075570246312e-03    3   7    9    3    0    0
 +1.460438667737011e-02    3   7    9    4    0    0
 -3.179486798851119e-03    3   7    9    5    0    0
 -1.653223883443190e-03    3   7    9    12    0    0
 +1.031751961029606e-02    3   7    9    13    0    0
 +3.362956732815990e-03    3   7    9    14    0    0
 +1.993374130807833e-02    3   7    10    3    0    0
 +5.928718836315879e-03    3   7    10    4    0    0
 -5.328321287235450e-03    3   7    10    5    0    0
 -1.408285169757342e-02    3   7    10    12    0    0
 +5.846911651625299e-03    3   7    10    13    0    0
 -4.700376352758388e-03    3   7    10    14    0    0
 -4.976266219209511e-03    3   7    11    3    0    0
 +1.116449708971006e-02    3   7    11    4    0    0
 -5.763906618479502e-03    3   7    11    5    0    0
 +3.515648070759884e-03    3   7    11    12    0    0
 +1.214416541611453e-02    3   7    11    13    0    0
 -5.235623483472653e-04    3   7    11    14    0    0
 -2.780940404869787e-03    3   7    12    1    0    0
 -2.376954699445386e-03    3   7    12    2    0    0
 -2.316960358763298e-03    3   7    12    6    0    0
 -1.262667785703657e-02    3   7    12    7    0    0
 -4.327043874820691e-03    3   7    12    8    0    0
 -1.244684091543893e-03    3   7    12    9    0    0
 -1.060273907671496e-02    3   7    12    10    0    0
 +2.646871527181249e-03    3   7    12    11    0    0
 +1.557448527125480e-02    3   7    13    1    0    0
 +1.331198823683001e-02    3   7    13    2    0    0
 +1.297599363094925e-02    3   7    13    6    0    0
 -1.589711860788470e-03    3   7    13    7    0    0
 -6.523335623476850e-03    3   7    13    8    0    0
 +7.649623589561170e-03    3   7    13    9    0    0
 +3.915737121585622e-03    3   7    13    10    0    0
 +5.255144612186295e-03    3   7    13    11    0    0
 -6.884669526474028e-03    3   7    14    1    0    0
 -5.884537315659301e-03    3   7    14    2    0    0
 -5.736011583740766e-03    3   7    14    6    0    0
 +1.122259517379067e-02    3   7    14    7    0    0
 -2.417915070692037e-03    3   7    14    8    0    0
 +1.699104009119551e-03    3   7    14    9    0    0
 +3.130025654642920e-04    3   7    14    10    0    0
 +1.519571837084846e-04    3   7    14    11    0    0
 +9.883439406590890e-03    3   8    1    3    0    0
 -2.682955094553008e-02    3   8    1    4    0    0
 -4.152936395327312e-02    3   8    1    5    0    0
 -8.964129933113534e-03    3   8    1    12    0    0
 -4.667655839702556e-03    3   8    1    13    0    0
 -4.459957328258032e-02    3   8    1    14    0    0
 +3.992663878275382e-04    3   8    2    3    0    0
 -1.083847176309105e-03    3   8    2    4    0    0
 -1.677683087057663e-03    3   8    2    5    0    0
 -6.659460636508500e-03    3   8    2    12    0    0
 -3.467605954086420e-03    3   8    2    13    0    0
 -3.313306532776558e-02    3   8    2    14    0    0
 +1.105155314227413e-02    3   8    3    1    0    0
 +1.624722280562040e-03    3   8    3    2    0    0
 -6.205132880408094e-03    3   8    3    6    0    0
 +8.632393674788160e-03    3   8    3    7    0    0
 +6.522242220874559e-02    3   8    3    8    0    0
 +6.228454165972492e-03    3   8    3    9    0    0
 -4.229891015067849e-03    3   8    3    10    0    0
 +1.055951486673262e-03    3   8    3    11    0    0
 -3.000050851327539e-02    3   8    4    1    0    0
 -4.410465568252266e-03    3   8    4    2    0    0
 +1.684443257958041e-02    3   8    4    6    0    0
 -2.941689523179969e-02    3   8    4    7    0    0
 +1.600774684044935e-03    3   8    4    8    0    0
 +2.605537204552637e-02    3   8    4    9    0    0
 +2.003854605547837e-02    3   8    4    10    0    0
 +1.947819226418675e-03    3   8    4    11    0    0
 -4.643767759514585e-02    3   8    5    1    0    0
 -6.826943550385503e-03    3   8    5    2    0    0
 +2.607343569051812e-02    3   8    5    6    0    0
 +1.885777782340042e-02    3   8    5    7    0    0
 -1.424550986371407e-02    3   8    5    8    0    0
 +3.525132933847266e-02    3   8    5    9    0    0
 -1.400518308900145e-02    3   8    5    10    0    0
 +9.351731738194856e-03    3   8    5    11    0    0
 -5.940208268220518e-03    3   8    6    3    0    0
 +1.612526912979272e-02    3   8    6    4    0    0
 +2.496024521227420e-02    3   8    6    5    0    0
 -3.995845276258723e-03    3   8    6    12    0    0
 -2.080651516370766e-03    3   8    6    13    0    0
 -1.988067950309754e-02    3   8    6    14    0    0
 +8.135084019826943e-03    3   8    7    3    0    0
 -2.834506421203096e-02    3   8    7    4    0    0
 +1.845984679044153e-02    3   8    7    5    0    0
 -5.747299517331143e-03    3   8    7    12    0    0
 -2.589890127268978e-02    3   8    7    13    0    0
 +3.395228253246257e-03    3   8    7    14    0    0
 +6.017337924492354e-02    3   8    8    3    0    0
 +1.508554526370929e-03    3   8    8    4    0    0
 -1.342483023973434e-02    3   8    8    5    0    0
 -3.932246077320938e-02    3   8    8    12    0    0
 +5.240045554148901e-03    3   8    8    13    0    0
 -7.976962450704277e-03    3   8    8    14    0    0
 +5.869634757484653e-03    3   8    9    3    0    0
 +2.579129479501548e-02    3   8    9    4    0    0
 +3.498895343300258e-02    3   8    9    5    0    0
 -4.146797860524032e-03    3   8    9    12    0    0
 +5.820539546541759e-03    3   8    9    13    0    0
 +3.556292586034780e-02    3   8    9    14    0    0
 -3.986208240570490e-03    3   8    10    3    0    0
 +1.971063562433612e-02    3   8    10    4    0    0
 -1.377891410826834e-02    3   8    10    5    0    0
 +2.816188823763340e-03    3   8    10    12    0    0
 +1.929064528476582e-02    3   8    10    13    0    0
 -2.739661782112606e-03    3   8    10    14    0    0
 +9.951184327975130e-04    3   8    11    3    0    0
 +9.841687001830982e-04    3   8    11    4    0    0
 +7.852735576595918e-03    3   8    11    5    0    0
 -7.030343724251215e-04    3   8    11    12    0    0
 -2.691651753929565e-03    3   8    11    13    0    0
 +2.197134828289489e-03    3   8    11    14    0    0
 -6.975460393870487e-03    3   8    12    1    0    0
 -5.962139042955120e-03    3   8    12    2    0    0
 -5.811654643306922e-03    3   8    12    6    0    0
 -4.327043874820584e-03    3   8    12    7    0    0
 -3.339953665353358e-02    3   8    12    8    0    0
 -3.122053449344496e-03    3   8    12    9    0    0
 +2.120260578634695e-03    3   8    12    10    0    0
 -5.293025995629978e-04    3   8    12    11    0    0
 -3.632148204567072e-03    3   8    13    1    0    0
 -3.104508003411208e-03    3   8    13    2    0    0
 -3.026150216091796e-03    3   8    13    6    0    0
 -1.695217102071948e-02    3   8    13    7    0    0
 +3.945141009353548e-03    3   8    13    8    0    0
 +3.490844256770861e-03    3   8    13    9    0    0
 +1.158673541639921e-02    3   8    13    10    0    0
 -1.071476732606387e-03    3   8    13    11    0    0
 -3.470527082243127e-02    3   8    14    1    0    0
 -2.966365493933169e-02    3   8    14    2    0    0
 -2.891494423789422e-02    3   8    14    6    0    0
 +1.579950371116807e-03    3   8    14    7    0    0
 -6.005719104756557e-03    3   8    14    8    0    0
 +2.049779343758966e-02    3   8    14    9    0    0
 -1.639635277458341e-03    3   8    14    10    0    0
 +5.301349123220524e-03    3   8    14    11    0    0
 +2.957022843508218e-02    3   9    1    3    0    0
 -2.681974957697013e-02    3   9    1    12    0    0
 +1.194563735235441e-03    3   9    2    3    0    0
 -1.992441741937273e-02    3   9    2    12    0    0
 +3.306510391125271e-02    3   9    3    1    0    0
 +4.861001014257099e-03    3   9    3    2    0    0
 -1.856511576540314e-02    3   9    3    6    0    0
 +2.483127832716627e-03    3   9    3    7    0    0
 +6.228454165972492e-03    3   9    3    8    0    0
 +2.967888580597060e-02    3   9    3    9    0    0
 -5.246453870922782e-03    3   9    3    10    0    0
 -3.113346437680930e-02    3   9    3    11    0    0
 +1.102608559999982e-02    3   9    4    7    0    0
 -6.330895857457731e-03    3   9    4    8    0    0
 +2.398034705385929e-02    3   9    4    10    0    0
 -4.428170845256986e-03    3   9    4    11    0    0
 -9.766002241345212e-03    3   9    5    7    0    0
 -1.105010960410719e-02    3   9    5    8    0    0
 -1.551455902225256e-02    3   9    5    10    0    0
 -3.751241686020796e-04    3   9    5    11    0    0
 -1.777248872756872e-02    3   9    6    3    0    0
 -1.195515576606049e-02    3   9    6    12    0    0
 +2.340075570246309e-03    3   9    7    3    0    0
 +1.022675827969229e-02    3   9    7    4    0    0
 -9.438018796905557e-03    3   9    7    5    0    0
 -1.653223883443194e-03    3   9    7    12    0    0
 +9.360117505829147e-03    3   9    7    13    0    0
 -3.379182350432589e-03    3   9    7    14    0    0
 +5.869634757484665e-03    3   9    8    3    0    0
 -7.203139865791642e-03    3   9    8    4    0    0
 -1.218195883353672e-02    3   9    8    5    0    0
 -4.146797860524051e-03    3   9    8    12    0    0
 -1.395454665463528e-03    3   9    8    13    0    0
 -1.525296056215462e-02    3   9    8    14    0    0
 +2.667749549684509e-02    3   9    9    3    0    0
 -1.565818440818099e-02    3   9    9    12    0    0
 -4.944207209960305e-03    3   9    10    3    0    0
 +2.269945000924093e-02    3   9    10    4    0    0
 -1.447694052201944e-02    3   9    10    5    0    0
 +3.492998921969912e-03    3   9    10    12    0    0
 +1.898951362895524e-02    3   9    10    13    0    0
 -1.439906734632872e-03    3   9    10    14    0    0
 -2.933987467153531e-02    3   9    11    3    0    0
 -4.450571066367179e-03    3   9    11    4    0    0
 -7.502531193822274e-04    3   9    11    5    0    0
 +2.072812611735735e-02    3   9    11    12    0    0
 -2.732646883886585e-03    3   9    11    13    0    0
 -3.078324406218443e-03    3   9    11    14    0    0
 -2.086985600873602e-02    3   9    12    1    0    0
 -1.783810333721851e-02    3   9    12    2    0    0
 -1.738786957845769e-02    3   9    12    6    0    0
 -1.244684091543897e-03    3   9    12    7    0    0
 -3.122053449344512e-03    3   9    12    8    0    0
 -1.558310620849089e-02    3   9    12    9    0    0
 +2.629819368990094e-03    3   9    12    10    0    0
 +1.560585295444454e-02    3   9    12    11    0    0
 +7.165334095785123e-03    3   9    13    7    0    0
 -1.592732515551442e-04    3   9    13    8    0    0
 +1.422438754511809e-02    3   9    13    10    0    0
 -1.857396209458900e-03    3   9    13    11    0    0
 -1.711320000144777e-03    3   9    14    7    0    0
 -5.206766638593959e-03    3   9    14    8    0    0
 -1.594590416170288e-03    3   9    14    10    0    0
 -9.094262135529399e-04    3   9    14    11    0    0
 -8.325181104490596e-03    3   10    1    3    0    0
 +3.941753314856534e-02    3   10    1    4    0    0
 -2.266729756825283e-02    3   10    1    5    0    0
 +7.550813240944161e-03    3   10    1    12    0    0
 +4.118390378296220e-02    3   10    1    13    0    0
 -2.166987994840952e-03    3   10    1    14    0    0
 -3.363166253018573e-04    3   10    2    3    0    0
 +1.592370371270210e-03    3   10    2    4    0    0
 -9.157024846889379e-04    3   10    2    5    0    0
 +5.609506324305295e-03    3   10    2    12    0    0
 +3.059556121417547e-02    3   10    2    13    0    0
 -1.609857438380231e-03    3   10    2    14    0    0
 -9.309125863004593e-03    3   10    3    1    0    0
 -1.368562771899025e-03    3   10    3    2    0    0
 +5.226809502406339e-03    3   10    3    6    0    0
 +2.115232024197081e-02    3   10    3    7    0    0
 -4.229891015067849e-03    3   10    3    8    0    0
 -5.246453870922782e-03    3   10    3    9    0    0
 +5.658398578013123e-02    3   10    3    10    0    0
 +2.587442701011721e-03    3   10    3    11    0    0
 +4.407625163748252e-02    3   10    4    1    0    0
 +6.479783172299289e-03    3   10    4    2    0    0
 -2.474756215347685e-02    3   10    4    6    0    0
 +1.842424029576278e-02    3   10    4    7    0    0
 -1.601022204944189e-03    3   10    4    8    0    0
 +2.134633752011800e-02    3   10    4    9    0    0
 -1.415722598972804e-02    3   10    4    10    0    0
 +2.842485259911197e-02    3   10    4    11    0    0
 -2.534632260711032e-02    3   10    5    1    0    0
 -3.726239609938878e-03    3   10    5    2    0    0
 +1.423123951738483e-02    3   10    5    6    0    0
 +2.824410818844918e-02    3   10    5    7    0    0
 +1.195205484165310e-03    3   10    5    8    0    0
 -1.928030418208438e-02    3   10    5    9    0    0
 -1.694499887012772e-02    3   10    5    10    0    0
 -1.315866780381961e-02    3   10    5    11    0    0
 +5.003653849321875e-03    3   10    6    3    0    0
 -2.369097909031652e-02    3   10    6    4    0    0
 +1.362364485619781e-02    3   10    6    5    0    0
 +3.365846060450702e-03    3   10    6    12    0    0
 +1.835811267986417e-02    3   10    6    13    0    0
 -9.659552915346257e-04    3   10    6    14    0    0
 +1.993374130807832e-02    3   10    7    3    0    0
 +1.780818786850741e-02    3   10    7    4    0    0
 +2.786125435104787e-02    3   10    7    5    0    0
 -1.408285169757345e-02    3   10    7    12    0    0
 +1.909966422930441e-03    3   10    7    13    0    0
 +2.648278660676170e-02    3   10    7    14    0    0
 -3.986208240570357e-03    3   10    8    3    0    0
 -2.335292087847125e-03    3   10    8    4    0    0
 +1.706915537141915e-03    3   10    8    5    0    0
 +2.816188823763237e-03    3   10    8    12    0    0
 -4.485204114885775e-03    3   10    8    13    0    0
 +6.848795274559045e-04    3   10    8    14    0    0
 -4.944207209960279e-03    3   10    9    3    0    0
 +2.001597762775782e-02    3   10    9    4    0    0
 -1.831340086989031e-02    3   10    9    5    0    0
 +3.492998921969900e-03    3   10    9    12    0    0
 +1.840262916277398e-02    3   10    9    13    0    0
 -5.572816698304292e-03    3   10    9    14    0    0
 +5.203260059253706e-02    3   10    10    3    0    0
 -1.334163237370446e-02    3   10    10    4    0    0
 -1.596880248023957e-02    3   10    10    5    0    0
 -3.357113809411612e-02    3   10    10    12    0    0
 -3.304196124435194e-03    3   10    10    13    0    0
 -1.432485444648538e-02    3   10    10    14    0    0
 +2.438380889728938e-03    3   10    11    3    0    0
 +2.865832734630342e-02    3   10    11    4    0    0
 -1.345653116844856e-02    3   10    11    5    0    0
 -1.722674931992460e-03    3   10    11    12    0    0
 +2.765652789128267e-02    3   10    11    13    0    0
 +4.420261912787781e-04    3   10    11    14    0    0
 +5.875684433037295e-03    3   10    12    1    0    0
 +5.022126939904691e-03    3   10    12    2    0    0
 +4.895368447346284e-03    3   10    12    6    0    0
 -1.060273907671498e-02    3   10    12    7    0    0
 +2.120260578634600e-03    3   10    12    8    0    0
 +2.629819368990082e-03    3   10    12    9    0    0
 -2.906946380877545e-02    3   10    12    10    0    0
 -1.296972602577422e-03    3   10    12    11    0    0
 +3.204735895692749e-02    3   10    13    1    0    0
 +2.739185649001646e-02    3   10    13    2    0    0
 +2.670048598532794e-02    3   10    13    6    0    0
 +1.924284206522017e-03    3   10    13    7    0    0
 -4.399710386319050e-04    3   10    13    8    0    0
 +1.392751961501239e-02    3   10    13    9    0    0
 -2.487672959853393e-03    3   10    13    10    0    0
 +1.451696322186647e-02    3   10    13    11    0    0
 -1.686247192398350e-03    3   10    14    1    0    0
 -1.441286976656920e-03    3   10    14    2    0    0
 -1.404908890899358e-03    3   10    14    6    0    0
 +1.608660295086394e-02    3   10    14    7    0    0
 +9.262473062832410e-05    3   10    14    8    0    0
 -3.685169562372213e-03    3   10    14    9    0    0
 -1.078493882273683e-02    3   10    14    10    0    0
 +6.135196432905434e-04    3   10    14    11    0    0
 -4.940322277179619e-02    3   11    1    3    0    0
 -1.079200463226871e-02    3   11    1    4    0    0
 -5.978352103333895e-03    3   11    1    5    0    0
 +4.480797522222981e-02    3   11    1    12    0    0
 -6.277575930638462e-03    3   11    1    13    0    0
 -9.262918954793668e-03    3   11    1    14    0    0
 -1.995767413718405e-03    3   11    2    3    0    0
 -4.359701648062187e-04    3   11    2    4    0    0
 -2.415105664397755e-04    3   11    2    5    0    0
 +3.328788732655558e-02    3   11    2    12    0    0
 -4.663617117859068e-03    3   11    2    13    0    0
 -6.881431284340326e-03    3   11    2    14    0    0
 -5.524213984637827e-02    3   11    3    1    0    0
 -8.121314197098347e-03    3   11    3    2    0    0
 +3.101689092310937e-02    3   11    3    6    0    0
 -5.280472694574557e-03    3   11    3    7    0    0
 +1.055951486673262e-03    3   11    3    8    0    0
 -3.113346437680930e-02    3   11    3    9    0    0
 +2.587442701011721e-03    3   11    3    10    0    0
 +6.630273697566573e-02    3   11    3    11    0    0
 -1.206750077565598e-02    3   11    4    1    0    0
 -1.774079817424964e-03    3   11    4    2    0    0
 +6.775558591935987e-03    3   11    4    6    0    0
 -1.801994733006514e-02    3   11    4    7    0    0
 +2.424018256601107e-02    3   11    4    8    0    0
 +2.837497980121552e-03    3   11    4    9    0    0
 -2.056232267860126e-02    3   11    4    10    0    0
 +5.259198025555260e-03    3   11    4    11    0    0
 -6.684927509057105e-03    3   11    5    1    0    0
 -9.827714284213617e-04    3   11    5    2    0    0
 +3.753396735787568e-03    3   11    5    6    0    0
 +1.470778449028349e-02    3   11    5    7    0    0
 +3.449292138115839e-02    3   11    5    8    0    0
 +1.001233148090394e-02    3   11    5    9    0    0
 +1.448774204609856e-02    3   11    5    10    0    0
 +9.787888276592140e-03    3   11    5    11    0    0
 +2.969264244085464e-02    3   11    6    3    0    0
 +6.486279979065267e-03    3   11    6    4    0    0
 +3.593147601114841e-03    3   11    6    5    0    0
 +1.997357662889992e-02    3   11    6    12    0    0
 -2.798288547350927e-03    3   11    6    13    0    0
 -4.129033294481027e-03    3   11    6    14    0    0
 -4.976266219209487e-03    3   11    7    3    0    0
 -1.807813295322739e-02    3   11    7    4    0    0
 +1.462485013665226e-02    3   11    7    5    0    0
 +3.515648070759842e-03    3   11    7    12    0    0
 -1.933169435049763e-02    3   11    7    13    0    0
 +3.897789459686158e-03    3   11    7    14    0    0
 +9.951184327977320e-04    3   11    8    3    0    0
 +2.369515002864244e-02    3   11    8    4    0    0
 +3.346604000100875e-02    3   11    8    5    0    0
 -7.030343724252170e-04    3   11    8    12    0    0
 +5.039884125415055e-03    3   11    8    13    0    0
 +3.172334170446046e-02    3   11    8    14    0    0
 -2.933987467153459e-02    3   11    9    3    0    0
 +2.951536396096162e-03    3   11    9    4    0    0
 +9.832263759263079e-03    3   11    9    5    0    0
 +2.072812611735691e-02    3   11    9    12    0    0
 -1.113781000749460e-03    3   11    9    13    0    0
 +8.321920997789048e-03    3   11    9    14    0    0
 +2.438380889728679e-03    3   11    10    3    0    0
 -2.124875545680919e-02    3   11    10    4    0    0
 +1.470903783541221e-02    3   11    10    5    0    0
 -1.722674931992363e-03    3   11    10    12    0    0
 -2.338796309500156e-02    3   11    10    13    0    0
 +2.714686362102265e-03    3   11    10    14    0    0
 +6.119145739657483e-02    3   11    11    3    0    0
 +4.956217177601078e-03    3   11    11    4    0    0
 +9.224010918235862e-03    3   11    11    5    0    0
 -4.004171579938135e-02    3   11    11    12    0    0
 +1.756498928078713e-04    3   11    11    13    0    0
 +7.395655163804259e-03    3   11    11    14    0    0
 +3.486743931919182e-02    3   11    12    1    0    0
 +2.980226530645839e-02    3   11    12    2    0    0
 +2.905005607911784e-02    3   11    12    6    0    0
 +2.646871527181221e-03    3   11    12    7    0    0
 -5.293025995630908e-04    3   11    12    8    0    0
 +1.560585295444412e-02    3   11    12    9    0    0
 -1.296972602577309e-03    3   11    12    10    0    0
 -3.394105150690869e-02    3   11    12    11    0    0
 -4.884911597714252e-03    3   11    13    1    0    0
 -4.175283137398214e-03    3   11    13    2    0    0
 -4.069898983864366e-03    3   11    13    6    0    0
 -1.066651267414870e-02    3   11    13    7    0    0
 +2.839420872119397e-03    3   11    13    8    0    0
 -1.038513803228654e-03    3   11    13    9    0    0
 -1.130323352145211e-02    3   11    13    10    0    0
 +1.322438112882562e-04    3   11    13    11    0    0
 -7.207963827266159e-03    3   11    14    1    0    0
 -6.160866828591707e-03    3   11    14    2    0    0
 -6.005366539293871e-03    3   11    14    6    0    0
 +2.388440912883544e-03    3   11    14    7    0    0
 +2.023679966638495e-02    3   11    14    8    0    0
 +4.857240738472960e-03    3   11    14    9    0    0
 +1.763115448979647e-03    3   11    14    10    0    0
 +5.568062753702574e-03    3   11    14    11    0    0
 -8.022530846118062e-02    3   12    1    1    0    0
 -4.770325197337975e-02    3   12    1    2    0    0
 -6.025978065255596e-02    3   12    1    6    0    0
 -7.622137037791071e-04    3   12    1    7    0    0
 -1.911868191445643e-03    3   12    1    8    0    0
 -5.720111879384191e-03    3   12    1    9    0    0
 +1.610436234483888e-03    3   12    1    10    0    0
 +9.556637753990124e-03    3   12    1    11    0    0
 -4.701133885073663e-02    3   12    2    1    0    0
 -1.899348523734103e-02    3   12    2    2    0    0
 -3.563231360755819e-02    3   12    2    6    0    0
 -4.884591830824608e-04    3   12    2    7    0    0
 -1.225207012580185e-03    3   12    2    8    0    0
 -3.665692655342270e-03    3   12    2    9    0    0
 +1.032036505775498e-03    3   12    2    10    0    0
 +6.124302734501619e-03    3   12    2    11    0    0
 -1.916281135179543e-02    3   12    3    3    0    0
 +5.646049837084741e-02    3   12    3    12    0    0
 -2.172795932491390e-02    3   12    4    4    0    0
 -3.734653779955308e-02    3   12    4    13    0    0
 -1.893825048837340e-02    3   12    4    14    0    0
 -2.172795932491384e-02    3   12    5    5    0    0
 +1.893825048837331e-02    3   12    5    13    0    0
 -3.734653779955315e-02    3   12    5    14    0    0
 -4.693491028624434e-02    3   12    6    1    0    0
 -3.057371038647634e-02    3   12    6    2    0    0
 -9.202381255991161e-02    3   12    6    6    0    0
 -2.796918472821295e-04    3   12    6    7    0    0
 -7.015538340154814e-04    3   12    6    8    0    0
 -2.098976507865491e-03    3   12    6    9    0    0
 +5.909443547388703e-04    3   12    6    10    0    0
 +3.506777238413751e-03    3   12    6    11    0    0
 -3.251860632677614e-04    3   12    7    1    0    0
 -3.100680326715552e-04    3   12    7    2    0    0
 -1.753320756267817e-04    3   12    7    6    0    0
 -5.845820951327001e-02    3   12    7    7    0    0
 -1.270526443233509e-03    3   12    7    8    0    0
 -3.654698444314015e-04    3   12    7    9    0    0
 -3.113224815227715e-03    3   12    7    10    0    0
 +7.771865422244710e-04    3   12    7    11    0    0
 -8.156674271015815e-04    3   12    8    1    0    0
 -7.777467210438340e-04    3   12    8    2    0    0
 -4.397871839209650e-04    3   12    8    6    0    0
 -1.270526443233487e-03    3   12    8    7    0    0
 -6.455763146646194e-02    3   12    8    8    0    0
 -9.167116348559997e-04    3   12    8    9    0    0
 +6.225606232875263e-04    3   12    8    10    0    0
 -1.554162538379979e-04    3   12    8    11    0    0
 -2.440392575318064e-03    3   12    9    1    0    0
 -2.326937745028903e-03    3   12    9    2    0    0
 -1.315797765977374e-03    3   12    9    6    0    0
 -3.654698444314010e-04    3   12    9    7    0    0
 -9.167116348559997e-04    3   12    9    8    0    0
 -5.932628954821143e-02    3   12    9    9    0    0
 +7.721796094263084e-04    3   12    9    10    0    0
 +4.582262029560974e-03    3   12    9    11    0    0
 +6.870663917994203e-04    3   12    10    1    0    0
 +6.551243994874726e-04    3   12    10    2    0    0
 +3.704487681822934e-04    3   12    10    6    0    0
 -3.113224815227766e-03    3   12    10    7    0    0
 +6.225606232875243e-04    3   12    10    8    0    0
 +7.721796094263099e-04    3   12    10    9    0    0
 -6.328621564320053e-02    3   12    10    10    0    0
 -3.808230365568385e-04    3   12    10    11    0    0
 +4.077183857870862e-03    3   12    11    1    0    0
 +3.887633943922350e-03    3   12    11    2    0    0
 +2.198314101560585e-03    3   12    11    6    0    0
 +7.771865422244577e-04    3   12    11    7    0    0
 -1.554162538380195e-04    3   12    11    8    0    0
 +4.582262029560978e-03    3   12    11    9    0    0
 -3.808230365568491e-04    3   12    11    10    0    0
 -6.471663353820410e-02    3   12    11    11    0    0
 +4.241334465069232e-02    3   12    12    3    0    0
 -1.305316210750015e-01    3   12    12    12    0    0
 -2.706135635035933e-02    3   12    13    4    0    0
 +1.372268422494486e-02    3   12    13    5    0    0
 -1.065406800281750e-01    3   12    13    13    0    0
 -1.372268422494494e-02    3   12    14    4    0    0
 -2.706135635035938e-02    3   12    14    5    0    0
 -1.065406800281748e-01    3   12    14    14    0    0
 +4.268730851717702e-03    3   13    1    7    0    0
 -9.955168873197449e-04    3   13    1    8    0    0
 +8.783696379873144e-03    3   13    1    10    0    0
 -1.338880385572862e-03    3   13    1    11    0    0
 +2.735585537613513e-03    3   13    2    7    0    0
 -6.379698542732075e-04    3   13    2    8    0    0
 +5.628968800855676e-03    3   13    2    10    0    0
 -8.580118884500990e-04    3   13    2    11    0    0
 -1.143904175804728e-03    3   13    3    4    0    0
 +5.800683300915154e-04    3   13    3    5    0    0
 +7.293312821823237e-03    3   13    3    13    0    0
 -1.143904175804726e-03    3   13    4    3    0    0
 -6.504771716690331e-03    3   13    4    12    0    0
 +5.800683300915141e-04    3   13    5    3    0    0
 +3.298538590151234e-03    3   13    5    12    0    0
 +1.566396945564726e-03    3   13    6    7    0    0
 -3.653016940452505e-04    3   13    6    8    0    0
 +3.223148907283483e-03    3   13    6    10    0    0
 -4.912978164444180e-04    3   13    6    11    0    0
 +1.821184497126326e-03    3   13    7    1    0    0
 +1.736516898914452e-03    3   13    7    2    0    0
 +9.819364789858730e-04    3   13    7    6    0    0
 -4.667784784911712e-04    3   13    7    7    0    0
 -3.446492897069401e-03    3   13    7    8    0    0
 +2.175017868913714e-03    3   13    7    9    0    0
 +8.573869067500078e-04    3   13    7    10    0    0
 -7.944553389902380e-04    3   13    7    11    0    0
 -4.247210669383349e-04    3   13    8    1    0    0
 -4.049756140726865e-04    3   13    8    2    0    0
 -2.289988244895663e-04    3   13    8    6    0    0
 -3.446492897069402e-03    3   13    8    7    0    0
 +1.158390374508590e-03    3   13    8    8    0    0
 +4.891155696695992e-04    3   13    8    9    0    0
 +1.636482008058339e-03    3   13    8    10    0    0
 +2.595559282957569e-04    3   13    8    11    0    0
 +2.175017868913716e-03    3   13    9    7    0    0
 +4.891155696695994e-04    3   13    9    8    0    0
 +4.133045967309668e-03    3   13    9    10    0    0
 -4.251551815495029e-04    3   13    9    11    0    0
 +3.747421008764838e-03    3   13    10    1    0    0
 +3.573201902023321e-03    3   13    10    2    0    0
 +2.020514339118601e-03    3   13    10    6    0    0
 +8.573869067500079e-04    3   13    10    7    0    0
 +1.636482008058340e-03    3   13    10    8    0    0
 +4.133045967309662e-03    3   13    10    9    0    0
 -7.304419296514373e-04    3   13    10    10    0    0
 +4.718150178162456e-04    3   13    10    11    0    0
 -5.712115114333462e-04    3   13    11    1    0    0
 -5.446556590085325e-04    3   13    11    2    0    0
 -3.079827558262721e-04    3   13    11    6    0    0
 -7.944553389902396e-04    3   13    11    7    0    0
 +2.595559282957570e-04    3   13    11    8    0    0
 -4.251551815495027e-04    3   13    11    9    0    0
 +4.718150178162449e-04    3   13    11    10    0    0
 +3.883003363422515e-05    3   13    11    11    0    0
 -5.383163273423846e-03    3   13    12    4    0    0
 +2.729776319269210e-03    3   13    12    5    0    0
 -1.199547052341335e-02    3   13    12    13    0    0
 +6.035737368506203e-03    3   13    13    3    0    0
 -1.199547052341336e-02    3   13    13    12    0    0
 -1.886983787886837e-03    3   14    1    7    0    0
 -9.512189821795355e-03    3   14    1    8    0    0
 -4.621748512676966e-04    3   14    1    10    0    0
 -1.975593865969068e-03    3   14    1    11    0    0
 -1.209260021108432e-03    3   14    2    7    0    0
 -6.095818596074510e-03    3   14    2    8    0    0
 -2.961814372690700e-04    3   14    2    10    0    0
 -1.266045153858370e-03    3   14    2    11    0    0
 -5.800683300914703e-04    3   14    3    4    0    0
 -1.143904175804693e-03    3   14    3    5    0    0
 +7.293312821823229e-03    3   14    3    14    0    0
 -5.800683300914717e-04    3   14    4    3    0    0
 -3.298538590151243e-03    3   14    4    12    0    0
 -1.143904175804691e-03    3   14    5    3    0    0
 -6.504771716690317e-03    3   14    5    12    0    0
 -6.924225828121017e-04    3   14    6    7    0    0
 -3.490467213808125e-03    3   14    6    8    0    0
 -1.695935631667279e-04    3   14    6    10    0    0
 -7.249377636645987e-04    3   14    6    11    0    0
 -8.050509015918233e-04    3   14    7    1    0    0
 -7.676237620660707e-04    3   14    7    2    0    0
 -4.340630226980468e-04    3   14    7    6    0    0
 +3.295229801800010e-03    3   14    7    7    0    0
 -1.230235167595515e-04    3   14    7    8    0    0
 -1.793457621055404e-06    3   14    7    9    0    0
 +2.407663646345154e-03    3   14    7    10    0    0
 +3.729616629082722e-04    3   14    7    11    0    0
 -4.058220871481244e-03    3   14    8    1    0    0
 -3.869552554381096e-03    3   14    8    2    0    0
 -2.188089740373372e-03    3   14    8    6    0    0
 -1.230235167595518e-04    3   14    8    7    0    0
 -1.763426753684567e-03    3   14    8    8    0    0
 +2.244910665843544e-03    3   14    8    9    0    0
 -2.271201615433103e-04    3   14    8    10    0    0
 +3.749314114566285e-03    3   14    8    11    0    0
 -1.793457621055621e-06    3   14    9    7    0    0
 +2.244910665843544e-03    3   14    9    8    0    0
 -7.751336548374935e-04    3   14    9    10    0    0
 +5.795876921978277e-04    3   14    9    11    0    0
 -1.971793732911435e-04    3   14    10    1    0    0
 -1.880124250880357e-04    3   14    10    2    0    0
 -1.063141158096256e-04    3   14    10    6    0    0
 +2.407663646345154e-03    3   14    10    7    0    0
 -2.271201615433098e-04    3   14    10    8    0    0
 -7.751336548374924e-04    3   14    10    9    0    0
 -3.166723139249494e-03    3   14    10    10    0    0
 +3.489192411725939e-04    3   14    10    11    0    0
 -8.428549482975665e-04    3   14    11    1    0    0
 -8.036702834676349e-04    3   14    11    2    0    0
 -4.544460056260324e-04    3   14    11    6    0    0
 +3.729616629082721e-04    3   14    11    7    0    0
 +3.749314114566287e-03    3   14    11    8    0    0
 +5.795876921978272e-04    3   14    11    9    0    0
 +3.489192411725944e-04    3   14    11    10    0    0
 +1.634920091133995e-03    3   14    11    11    0    0
 -2.729776319269215e-03    3   14    12    4    0    0
 -5.383163273423829e-03    3   14    12    5    0    0
 -1.199547052341341e-02    3   14    12    14    0    0
 +6.035737368506193e-03    3   14    14    3    0    0
 -1.199547052341341e-02    3   14    14    12    0    0
 +6.460812095186136e-02    4   1    1    4    0    0
 +3.836928220217794e-02    4   1    1    13    0    0
 +1.945687927764526e-02    4   1    1    14    0    0
 -1.010294969719453e-02    4   1    2    4    0    0
 +3.845195554151615e-02    4   1    2    13    0    0
 +1.949880253215174e-02    4   1    2    14    0    0
 +1.707431537571883e-02    4   1    3    7    0    0
 -3.000050851327539e-02    4   1    3    8    0    0
 +4.407625163748252e-02    4   1    3    10    0    0
 -1.206750077565598e-02    4   1    3    11    0    0
 +7.469238109715251e-02    4   1    4    1    0    0
 -1.518141324519129e-03    4   1    4    2    0    0
 -4.193848256251540e-02    4   1    4    6    0    0
 +4.431464628989194e-02    4   1    4    7    0    0
 -1.687422559103357e-02    4   1    4    8    0    0
 +4.772535428184967e-04    4   1    4    9    0    0
 -1.691307605083110e-02    4   1    4    10    0    0
 +4.287653331493879e-02    4   1    4    11    0    0
 +1.932874065297870e-02    4   1    5    7    0    0
 +1.739242133914022e-03    4   1    5    8    0    0
 -4.658963387272355e-02    4   1    5    9    0    0
 -1.282939368595288e-02    4   1    5    10    0    0
 -2.383465512256833e-02    4   1    5    11    0    0
 -4.151602720565772e-02    4   1    6    4    0    0
 +2.068392690299048e-02    4   1    6    13    0    0
 +1.048872028980199e-02    4   1    6    14    0    0
 +1.728060678897532e-02    4   1    7    3    0    0
 +4.485005463921211e-02    4   1    7    4    0    0
 +1.956226997102274e-02    4   1    7    5    0    0
 -1.130432798833931e-02    4   1    7    12    0    0
 +2.037947878257041e-02    4   1    7    13    0    0
 +2.468254832743462e-02    4   1    7    14    0    0
 -3.036297383990291e-02    4   1    8    3    0    0
 -1.707809952496141e-02    4   1    8    4    0    0
 +1.760255609998083e-03    4   1    8    5    0    0
 +1.986232423311694e-02    4   1    8    12    0    0
 -1.048475720520336e-02    4   1    8    13    0    0
 -4.025686823201153e-03    4   1    8    14    0    0
 +4.830197071227651e-04    4   1    9    4    0    0
 -4.715252856004722e-02    4   1    9    5    0    0
 +1.423223713649763e-02    4   1    9    13    0    0
 -2.736756227165252e-02    4   1    9    14    0    0
 +4.460877970910686e-02    4   1    10    3    0    0
 -1.711741937495601e-02    4   1    10    4    0    0
 -1.298439807098701e-02    4   1    10    5    0    0
 -2.918139872918327e-02    4   1    10    12    0    0
 -6.145382373149474e-03    4   1    10    13    0    0
 -1.263987683977299e-02    4   1    10    14    0    0
 -1.221329999130233e-02    4   1    11    3    0    0
 +4.339456642247111e-02    4   1    11    4    0    0
 -2.412262477649043e-02    4   1    11    5    0    0
 +7.989485011009304e-03    4   1    11    12    0    0
 +3.245479599415504e-02    4   1    11    13    0    0
 -1.235394660709364e-03    4   1    11    14    0    0
 -5.778448469642699e-03    4   1    12    7    0    0
 +1.015305086572073e-02    4   1    12    8    0    0
 -1.491669465028089e-02    4   1    12    10    0    0
 +4.083995747710226e-03    4   1    12    11    0    0
 +2.991834197886540e-02    4   1    13    1    0    0
 +3.648978319138833e-02    4   1    13    2    0    0
 +3.697904604978294e-02    4   1    13    6    0    0
 +1.041740544902199e-02    4   1    13    7    0    0
 -5.359507375359033e-03    4   1    13    8    0    0
 +7.275111708172286e-03    4   1    13    9    0    0
 -3.141343333820820e-03    4   1    13    10    0    0
 +1.658996151194842e-02    4   1    13    11    0    0
 +1.517144795679924e-02    4   1    14    1    0    0
 +1.850379432904767e-02    4   1    14    2    0    0
 +1.875189718175839e-02    4   1    14    6    0    0
 +1.261701126830972e-02    4   1    14    7    0    0
 -2.057815722153756e-03    4   1    14    8    0    0
 -1.398951344030420e-02    4   1    14    9    0    0
 -6.461142763780358e-03    4   1    14    10    0    0
 -6.314983423998773e-04    4   1    14    11    0    0
 +6.344135293070526e-03    4   2    1    4    0    0
 +2.142610907119287e-02    4   2    1    13    0    0
 +1.086507731344013e-02    4   2    1    14    0    0
 +8.618464564475707e-03    4   2    2    4    0    0
 +9.091956414104419e-03    4   2    2    13    0    0
 +4.610487561761096e-03    4   2    2    14    0    0
 +2.510146787437512e-03    4   2    3    7    0    0
 -4.410465568252266e-03    4   2    3    8    0    0
 +6.479783172299289e-03    4   2    3    10    0    0
 -1.774079817424964e-03    4   2    3    11    0    0
 -1.518141324519129e-03    4   2    4    1    0    0
 +5.524898771397418e-03    4   2    4    2    0    0
 +1.157499289358172e-03    4   2    4    6    0    0
 +6.514830291771884e-03    4   2    4    7    0    0
 -2.480730982517860e-03    4   2    4    8    0    0
 +7.016248797910882e-05    4   2    4    9    0    0
 -2.486442506213342e-03    4   2    4    10    0    0
 +6.303408950147681e-03    4   2    4    11    0    0
 +2.841576671605924e-03    4   2    5    7    0    0
 +2.556912508028592e-04    4   2    5    8    0    0
 -6.849283102724601e-03    4   2    5    9    0    0
 -1.886088000422000e-03    4   2    5    10    0    0
 -3.504004797209862e-03    4   2    5    11    0    0
 +3.624252718101974e-03    4   2    6    4    0    0
 +1.619752714869236e-02    4   2    6    13    0    0
 +8.213688457028414e-03    4   2    6    14    0    0
 -3.444184756352717e-04    4   2    7    3    0    0
 -8.939030694715985e-04    4   2    7    4    0    0
 -3.898941330974209e-04    4   2    7    5    0    0
 -5.444425879939003e-04    4   2    7    12    0    0
 +9.815228452141967e-04    4   2    7    13    0    0
 +1.188768629460749e-03    4   2    7    14    0    0
 +6.051621504613937e-04    4   2    8    3    0    0
 +3.403823185704094e-04    4   2    8    4    0    0
 -3.508352231652689e-05    4   2    8    5    0    0
 +9.566154856977700e-04    4   2    8    12    0    0
 -5.049701630364227e-04    4   2    8    13    0    0
 -1.938863906582826e-04    4   2    8    14    0    0
 -9.627029493813744e-06    4   2    9    4    0    0
 +9.397935042051295e-04    4   2    9    5    0    0
 +6.854574661608689e-04    4   2    9    13    0    0
 -1.318085112678393e-03    4   2    9    14    0    0
 -8.890942369664083e-04    4   2    10    3    0    0
 +3.411659995465819e-04    4   2    10    4    0    0
 +2.587910624471778e-04    4   2    10    5    0    0
 -1.405443672705442e-03    4   2    10    12    0    0
 -2.959758321680557e-04    4   2    10    13    0    0
 -6.087657104136382e-04    4   2    10    14    0    0
 +2.434223645528790e-04    4   2    11    3    0    0
 -8.648938431732049e-04    4   2    11    4    0    0
 +4.807862221100667e-04    4   2    11    5    0    0
 +3.847920814593588e-04    4   2    11    12    0    0
 +1.563098057850053e-03    4   2    11    13    0    0
 -5.949946489206929e-05    4   2    11    14    0    0
 -5.118081093876279e-03    4   2    12    7    0    0
 +8.992749170301817e-03    4   2    12    8    0    0
 -1.321199856221085e-02    4   2    12    10    0    0
 +3.617272271897535e-03    4   2    12    11    0    0
 +6.879929999249804e-03    4   2    13    1    0    0
 +1.637496593442014e-04    4   2    13    2    0    0
 -6.153187642671872e-03    4   2    13    6    0    0
 +9.226893024310664e-03    4   2    13    7    0    0
 -4.747017043488876e-03    4   2    13    8    0    0
 +6.443704029731870e-03    4   2    13    9    0    0
 -2.782347201098681e-03    4   2    13    10    0    0
 +1.469404266707767e-02    4   2    13    11    0    0
 +3.488779558833045e-03    4   2    14    1    0    0
 +8.303666815622561e-05    4   2    14    2    0    0
 -3.120251989738043e-03    4   2    14    6    0    0
 +1.117512549827293e-02    4   2    14    7    0    0
 -1.822646303340278e-03    4   2    14    8    0    0
 -1.239077662931523e-02    4   2    14    9    0    0
 -5.722756341579807e-03    4   2    14    10    0    0
 -5.593300250111840e-04    4   2    14    11    0    0
 +9.639315689507716e-03    4   3    1    7    0    0
 -1.693680631063368e-02    4   3    1    8    0    0
 +2.488327611355179e-02    4   3    1    10    0    0
 -6.812715297817840e-03    4   3    1    11    0    0
 +2.260750243021542e-03    4   3    2    7    0    0
 -3.972262162183609e-03    4   3    2    8    0    0
 +5.835981965204977e-03    4   3    2    10    0    0
 -1.597815473762632e-03    4   3    2    11    0    0
 +2.429443181659500e-02    4   3    3    4    0    0
 -1.143904175804726e-03    4   3    3    13    0    0
 -5.800683300914717e-04    4   3    3    14    0    0
 +2.429443181659501e-02    4   3    4    3    0    0
 +1.282573986559284e-03    4   3    4    12    0    0
 -4.596746938560055e-03    4   3    6    7    0    0
 +8.076736468142991e-03    4   3    6    8    0    0
 -1.186620782850978e-02    4   3    6    10    0    0
 +3.248812384328582e-03    4   3    6    11    0    0
 +6.161314992636131e-03    4   3    7    1    0    0
 +1.193162445728408e-03    4   3    7    2    0    0
 -5.155018674928446e-03    4   3    7    6    0    0
 +4.770102528295335e-03    4   3    7    7    0    0
 -1.389924633050645e-02    4   3    7    8    0    0
 +8.612004301721626e-03    4   3    7    9    0    0
 +8.232497655866837e-03    4   3    7    10    0    0
 -2.397805735502992e-03    4   3    7    11    0    0
 -1.082576834397787e-02    4   3    8    1    0    0
 -2.096451853156012e-03    4   3    8    2    0    0
 +9.057650525959840e-03    4   3    8    6    0    0
 -1.389924633050645e-02    4   3    8    7    0    0
 +1.046401854844267e-03    4   3    8    8    0    0
 +6.446793753906907e-03    4   3    8    9    0    0
 +6.026163253401484e-03    4   3    8    10    0    0
 +8.559347521982183e-03    4   3    8    11    0    0
 +8.612004301721626e-03    4   3    9    7    0    0
 +6.446793753906903e-03    4   3    9    8    0    0
 +1.481467919404521e-02    4   3    9    10    0    0
 -5.198992253932163e-04    4   3    9    11    0    0
 +1.590504005914144e-02    4   3    10    1    0    0
 +3.080072438928183e-03    4   3    10    2    0    0
 -1.330735056207202e-02    4   3    10    6    0    0
 +8.232497655866837e-03    4   3    10    7    0    0
 +6.026163253401483e-03    4   3    10    8    0    0
 +1.481467919404520e-02    4   3    10    9    0    0
 -9.254361455584347e-03    4   3    10    10    0    0
 +2.569807598343764e-03    4   3    10    11    0    0
 -4.354591784009774e-03    4   3    11    1    0    0
 -8.432835181073852e-04    4   3    11    2    0    0
 +3.643378401378544e-03    4   3    11    6    0    0
 -2.397805735502990e-03    4   3    11    7    0    0
 +8.559347521982182e-03    4   3    11    8    0    0
 -5.198992253932153e-04    4   3    11    9    0    0
 +2.569807598343766e-03    4   3    11    10    0    0
 +3.437857072444865e-03    4   3    11    11    0    0
 +3.027439056875328e-04    4   3    12    4    0    0
 -1.472455477869823e-02    4   3    12    13    0    0
 -7.466751221370272e-03    4   3    12    14    0    0
 -2.700117276231890e-04    4   3    13    3    0    0
 -1.472455477869823e-02    4   3    13    12    0    0
 -1.369216541563041e-04    4   3    14    3    0    0
 -7.466751221370268e-03    4   3    14    12    0    0
 +3.920117645574892e-01    4   4    1    1    0    0
 +5.396900331114998e-02    4   4    1    2    0    0
 +5.419641422126174e-03    4   4    1    6    0    0
 +2.501786196737353e-02    4   4    1    7    0    0
 -9.526354873311620e-03    4   4    1    8    0    0
 +2.694337935041623e-04    4   4    1    9    0    0
 -9.548287925292439e-03    4   4    1    10    0    0
 +2.420597436557488e-02    4   4    1    11    0    0
 +7.240846468486484e-02    4   4    2    1    0    0
 +2.535820705327148e-01    4   4    2    2    0    0
 +3.616628514274542e-02    4   4    2    6    0    0
 +5.867546965412061e-03    4   4    2    7    0    0
 -2.234257056067902e-03    4   4    2    8    0    0
 +6.319146854015359e-05    4   4    2    9    0    0
 -2.239401109255244e-03    4   4    2    10    0    0
 +5.677131467860535e-03    4   4    2    11    0    0
 +3.414258270110934e-01    4   4    3    3    0    0
 -2.172795932491390e-02    4   4    3    12    0    0
 +3.900146906443032e-01    4   4    4    4    0    0
 +1.709095939508427e-02    4   4    4    13    0    0
 +8.666743671071704e-03    4   4    4    14    0    0
 +3.414258270111132e-01    4   4    5    5    0    0
 -9.826880331256690e-03    4   4    5    13    0    0
 +1.937876774669721e-02    4   4    5    14    0    0
 +2.085789146664549e-02    4   4    6    1    0    0
 +7.214605231578744e-02    4   4    6    2    0    0
 +3.826342382961295e-01    4   4    6    6    0    0
 -1.193038843338423e-02    4   4    6    7    0    0
 +4.542878769620215e-03    4   4    6    8    0    0
 -1.284861918966549e-04    4   4    6    9    0    0
 +4.553338089845212e-03    4   4    6    10    0    0
 -1.154321967906217e-02    4   4    6    11    0    0
 +1.599106544368731e-02    4   4    7    1    0    0
 +3.096731586909123e-03    4   4    7    2    0    0
 -1.337932585701824e-02    4   4    7    6    0    0
 +4.101225901085377e-01    4   4    7    7    0    0
 -1.366426030280392e-02    4   4    7    8    0    0
 -9.797760516909051e-03    4   4    7    9    0    0
 -2.728640022215929e-03    4   4    7    10    0    0
 +1.374140728914478e-02    4   4    7    11    0    0
 -6.089112027941600e-03    4   4    8    1    0    0
 -1.179180062739300e-03    4   4    8    2    0    0
 +5.094608254128613e-03    4   4    8    6    0    0
 -1.366426030280391e-02    4   4    8    7    0    0
 +3.940658594400023e-01    4   4    8    8    0    0
 -9.925554216406729e-04    4   4    8    9    0    0
 -1.180171012899034e-02    4   4    8    10    0    0
 -4.489380761475095e-03    4   4    8    11    0    0
 +1.722182906870749e-04    4   4    9    1    0    0
 +3.335073716577763e-05    4   4    9    2    0    0
 -1.440907510356324e-04    4   4    9    6    0    0
 -9.797760516909049e-03    4   4    9    7    0    0
 -9.925554216406738e-04    4   4    9    8    0    0
 +4.050185473401028e-01    4   4    9    9    0    0
 +6.569705866681608e-03    4   4    9    10    0    0
 +1.260038230999800e-02    4   4    9    11    0    0
 -6.103131326235777e-03    4   4    10    1    0    0
 -1.181894954001930e-03    4   4    10    2    0    0
 +5.106337851560655e-03    4   4    10    6    0    0
 -2.728640022215963e-03    4   4    10    7    0    0
 -1.180171012899034e-02    4   4    10    8    0    0
 +6.569705866681609e-03    4   4    10    9    0    0
 +4.074980400219047e-01    4   4    10    10    0    0
 -1.059897256124370e-02    4   4    10    11    0    0
 +1.547211830942750e-02    4   4    11    1    0    0
 +2.996235469983358e-03    4   4    11    2    0    0
 -1.294513572526770e-02    4   4    11    6    0    0
 +1.374140728914475e-02    4   4    11    7    0    0
 -4.489380761475111e-03    4   4    11    8    0    0
 +1.260038230999799e-02    4   4    11    9    0    0
 -1.059897256124370e-02    4   4    11    10    0    0
 +4.092668122089995e-01    4   4    11    11    0    0
 -5.277837239602888e-02    4   4    12    3    0    0
 +4.036015358092853e-01    4   4    12    12    0    0
 +4.653203726692303e-02    4   4    13    4    0    0
 -2.387001659283741e-02    4   4    13    5    0    0
 +4.298666555992223e-01    4   4    13    13    0    0
 +1.331891647784560e-02    4   4    13    14    0    0
 +2.359617328452476e-02    4   4    14    4    0    0
 +4.707206072216930e-02    4   4    14    5    0    0
 +1.331891647784557e-02    4   4    14    13    0    0
 +4.103554945790374e-01    4   4    14    14    0    0
 +1.091205292480623e-02    4   5    1    7    0    0
 +9.818902615054046e-04    4   5    1    8    0    0
 -2.630220766546271e-02    4   5    1    9    0    0
 -7.242842428677244e-03    4   5    1    10    0    0
 -1.345586982677493e-02    4   5    1    11    0    0
 +2.559250790849420e-03    4   5    2    7    0    0
 +2.302869538482825e-04    4   5    2    8    0    0
 -6.168770096037169e-03    4   5    2    9    0    0
 -1.698695043116189e-03    4   5    2    10    0    0
 -3.155863129792432e-03    4   5    2    11    0    0
 +2.429443181659512e-02    4   5    4    5    0    0
 +5.800683300914179e-04    4   5    4    13    0    0
 -1.143904175804659e-03    4   5    4    14    0    0
 +2.429443181659512e-02    4   5    5    4    0    0
 -1.143904175804642e-03    4   5    5    13    0    0
 -5.800683300914603e-04    4   5    5    14    0    0
 -5.203683279105242e-03    4   5    6    7    0    0
 -4.682387421432734e-04    4   5    6    8    0    0
 +1.254286055753835e-02    4   5    6    9    0    0
 +3.453929182621825e-03    4   5    6    10    0    0
 +6.416765507453721e-03    4   5    6    11    0    0
 +6.974830729864927e-03    4   5    7    1    0    0
 +1.350702910358225e-03    4   5    7    2    0    0
 -5.835667014248031e-03    4   5    7    6    0    0
 -4.922618629251281e-03    4   5    7    7    0    0
 -2.158766105607166e-03    4   5    7    8    0    0
 -2.416845896887646e-03    4   5    7    9    0    0
 -6.222636131678632e-03    4   5    7    10    0    0
 +7.301806052123556e-03    4   5    7    11    0    0
 +6.276104429199243e-04    4   5    8    1    0    0
 +1.215391863480642e-04    4   5    8    2    0    0
 -5.251060135213633e-04    4   5    8    6    0    0
 -2.158766105607167e-03    4   5    8    7    0    0
 +1.530808239953796e-02    4   5    8    8    0    0
 +2.548015971183216e-03    4   5    8    9    0    0
 -6.286318571601992e-03    4   5    8    10    0    0
 +6.241788718915100e-03    4   5    8    11    0    0
 -1.681200114703597e-02    4   5    9    1    0    0
 -3.255708956636982e-03    4   5    9    2    0    0
 +1.406618229703762e-02    4   5    9    6    0    0
 -2.416845896887646e-03    4   5    9    7    0    0
 +2.548015971183217e-03    4   5    9    8    0    0
 +1.716384355944783e-02    4   5    9    9    0    0
 -5.294321684030875e-05    4   5    9    10    0    0
 -9.947486614919470e-03    4   5    9    11    0    0
 -4.629522995463755e-03    4   5    10    1    0    0
 -8.965250090971564e-04    4   5    10    2    0    0
 +3.873406492956412e-03    4   5    10    6    0    0
 -6.222636131678627e-03    4   5    10    7    0    0
 -6.286318571601991e-03    4   5    10    8    0    0
 -5.294321684030758e-05    4   5    10    9    0    0
 -1.377796473102940e-02    4   5    10    10    0    0
 -5.121789324112641e-03    4   5    10    11    0    0
 -8.600802709772435e-03    4   5    11    1    0    0
 -1.665578664406100e-03    4   5    11    2    0    0
 +7.196077240206681e-03    4   5    11    6    0    0
 +7.301806052123554e-03    4   5    11    7    0    0
 +6.241788718915102e-03    4   5    11    8    0    0
 -9.947486614919464e-03    4   5    11    9    0    0
 -5.121789324112641e-03    4   5    11    10    0    0
 -1.377134259870594e-02    4   5    11    11    0    0
 +1.369216541562210e-04    4   5    13    4    0    0
 -2.700117276231138e-04    4   5    13    5    0    0
 -1.331891647784591e-02    4   5    13    13    0    0
 +9.755580510092406e-03    4   5    13    14    0    0
 -2.700117276231064e-04    4   5    14    4    0    0
 -1.369216541562694e-04    4   5    14    5    0    0
 +9.755580510092406e-03    4   5    14    13    0    0
 +1.331891647784560e-02    4   5    14    14    0    0
 -3.539551970090817e-02    4   6    1    4    0    0
 -4.463133033109473e-03    4   6    1    13    0    0
 -2.263233389869049e-03    4   6    1    14    0    0
 +6.365011715551735e-03    4   6    2    4    0    0
 -1.177799370538752e-02    4   6    2    13    0    0
 -5.972564210377290e-03    4   6    2    14    0    0
 -9.586742640096277e-03    4   6    3    7    0    0
 +1.684443257958041e-02    4   6    3    8    0    0
 -2.474756215347685e-02    4   6    3    10    0    0
 +6.775558591935987e-03    4   6    3    11    0    0
 -4.193848256251540e-02    4   6    4    1    0    0
 +1.157499289358172e-03    4   6    4    2    0    0
 +2.962532350649374e-02    4   6    4    6    0    0
 -2.488141397295738e-02    4   6    4    7    0    0
 +9.474397914789346e-03    4   6    4    8    0    0
 -2.679642953989635e-04    4   6    4    9    0    0
 +9.496211343400179e-03    4   6    4    10    0    0
 -2.407395442480683e-02    4   6    4    11    0    0
 -1.085253833724874e-02    4   6    5    7    0    0
 -9.765350094421843e-04    4   6    5    8    0    0
 +2.615875482007792e-02    4   6    5    9    0    0
 +7.203339799533457e-03    4   6    5    10    0    0
 +1.338248120334324e-02    4   6    5    11    0    0
 +2.926277757270922e-02    4   6    6    4    0    0
 +1.296283819923150e-03    4   6    6    13    0    0
 +6.573393179706429e-04    4   6    6    14    0    0
 -1.056985845999953e-02    4   6    7    3    0    0
 -2.743299093884647e-02    4   6    7    4    0    0
 -1.196546089353302e-02    4   6    7    5    0    0
 +4.736039420369931e-03    4   6    7    12    0    0
 -8.538147069017380e-03    4   6    7    13    0    0
 -1.034095277441518e-02    4   6    7    14    0    0
 +1.857182099167974e-02    4   6    8    3    0    0
 +1.044599283746183e-02    4   6    8    4    0    0
 -1.076678202236004e-03    4   6    8    5    0    0
 -8.321480997831089e-03    4   6    8    12    0    0
 +4.392673628018731e-03    4   6    8    13    0    0
 +1.686593976078126e-03    4   6    8    14    0    0
 -2.954439042573233e-04    4   6    9    4    0    0
 +2.884132247189183e-02    4   6    9    5    0    0
 -5.962710582003260e-03    4   6    9    13    0    0
 +1.146586103054351e-02    4   6    9    14    0    0
 -2.728541268003251e-02    4   6    10    3    0    0
 +1.047004322262414e-02    4   6    10    4    0    0
 +7.942038811170714e-03    4   6    10    5    0    0
 +1.222578244947490e-02    4   6    10    12    0    0
 +2.574657529621092e-03    4   6    10    13    0    0
 +5.295578387634902e-03    4   6    10    14    0    0
 +7.470388847684508e-03    4   6    11    3    0    0
 -2.654272680466279e-02    4   6    11    4    0    0
 +1.475484817661915e-02    4   6    11    5    0    0
 -3.347259209006268e-03    4   6    11    12    0    0
 -1.359719864523905e-02    4   6    11    13    0    0
 +5.175785609608741e-04    4   6    11    14    0    0
 +9.626946418505071e-04    4   6    12    7    0    0
 -1.691507282312293e-03    4   6    12    8    0    0
 +2.485134563263497e-03    4   6    12    10    0    0
 -6.803973150087646e-04    4   6    12    11    0    0
 -9.878428288370504e-03    4   6    13    1    0    0
 -1.570169747565030e-02    4   6    13    2    0    0
 -1.544935926635621e-02    4   6    13    6    0    0
 -1.735548990433333e-03    4   6    13    7    0    0
 +8.928986838461826e-04    4   6    13    8    0    0
 -1.212040065272887e-03    4   6    13    9    0    0
 +5.233505865060997e-04    4   6    13    10    0    0
 -2.763902306988582e-03    4   6    13    11    0    0
 -5.009303683267870e-03    4   6    14    1    0    0
 -7.962255604054704e-03    4   6    14    2    0    0
 -7.834296106415305e-03    4   6    14    6    0    0
 -2.102005271480831e-03    4   6    14    7    0    0
 +3.428339250649455e-04    4   6    14    8    0    0
 +2.330665351059496e-03    4   6    14    9    0    0
 +1.076432116960147e-03    4   6    14    10    0    0
 +1.052081841275937e-04    4   6    14    11    0    0
 +1.526961498103215e-02    4   7    1    3    0    0
 +3.963073025051186e-02    4   7    1    4    0    0
 +1.728575473420869e-02    4   7    1    5    0    0
 -1.384930964693427e-02    4   7    1    12    0    0
 +2.496757988569390e-02    4   7    1    13    0    0
 +3.023941405580836e-02    4   7    1    14    0    0
 +6.168544942895490e-04    4   7    2    3    0    0
 +1.600983004310891e-03    4   7    2    4    0    0
 +6.983015294247513e-04    4   7    2    5    0    0
 -1.028866528316174e-02    4   7    2    12    0    0
 +1.854843879755245e-02    4   7    2    13    0    0
 +2.246488940681825e-02    4   7    2    14    0    0
 +1.707431537571885e-02    4   7    3    1    0    0
 +2.510146787437488e-03    4   7    3    2    0    0
 -9.586742640096369e-03    4   7    3    6    0    0
 +7.297253280127492e-03    4   7    3    7    0    0
 -2.941689523179969e-02    4   7    3    8    0    0
 +1.102608559999982e-02    4   7    3    9    0    0
 +1.842424029576278e-02    4   7    3    10    0    0
 -1.801994733006514e-02    4   7    3    11    0    0
 +4.431464628989194e-02    4   7    4    1    0    0
 +6.514830291771884e-03    4   7    4    2    0    0
 -2.488141397295738e-02    4   7    4    6    0    0
 +5.585291662631564e-02    4   7    4    7    0    0
 -2.090344342153784e-02    4   7    4    8    0    0
 -1.498851222710965e-02    4   7    4    9    0    0
 -4.174245151816327e-03    4   7    4    10    0    0
 +2.102146207958274e-02    4   7    4    11    0    0
 +1.932874065297802e-02    4   7    5    1    0    0
 +2.841576671605897e-03    4   7    5    2    0    0
 -1.085253833724892e-02    4   7    5    6    0    0
 -7.530570826526262e-03    4   7    5    7    0    0
 -7.524707783152694e-03    4   7    5    8    0    0
 -2.943187656251147e-02    4   7    5    9    0    0
 -8.859099067107227e-03    4   7    5    10    0    0
 -5.189134140663534e-03    4   7    5    11    0    0
 -9.177442126309126e-03    4   7    6    3    0    0
 -2.381911618264297e-02    4   7    6    4    0    0
 -1.038919539751521e-02    4   7    6    5    0    0
 -6.173460106565537e-03    4   7    6    12    0    0
 +1.112953369599467e-02    4   7    6    13    0    0
 +1.347950338887656e-02    4   7    6    14    0    0
 +6.876860669732292e-03    4   7    7    3    0    0
 +5.134364811716940e-02    4   7    7    4    0    0
 -7.096736861059823e-03    4   7    7    5    0    0
 -4.858385962772939e-03    4   7    7    12    0    0
 +3.177492463929257e-02    4   7    7    13    0    0
 +1.049139844906945e-02    4   7    7    14    0    0
 -2.834506421203092e-02    4   7    8    3    0    0
 -1.969920220790688e-02    4   7    8    4    0    0
 -7.413741832021869e-03    4   7    8    5    0    0
 +2.156319808546592e-02    4   7    8    12    0    0
 -9.683451729905448e-03    4   7    8    13    0    0
 -1.167593227830893e-02    4   7    8    14    0    0
 +1.022675827969231e-02    4   7    9    3    0    0
 -1.412502845599559e-02    4   7    9    4    0    0
 -2.970213653672651e-02    4   7    9    5    0    0
 -6.819817748928228e-03    4   7    9    12    0    0
 +2.785445513427486e-03    4   7    9    13    0    0
 -2.755745913302867e-02    4   7    9    14    0    0
 +1.780818786850757e-02    4   7    10    3    0    0
 -3.933768119097365e-03    4   7    10    4    0    0
 -8.298295551570719e-03    4   7    10    5    0    0
 -1.368080481428011e-02    4   7    10    12    0    0
 +1.164920319354455e-04    4   7    10    13    0    0
 -6.374609986310922e-03    4   7    10    14    0    0
 -1.807813295322776e-02    4   7    11    3    0    0
 +1.981042184585138e-02    4   7    11    4    0    0
 -6.139852509635383e-03    4   7    11    5    0    0
 +1.547873407540750e-02    4   7    11    12    0    0
 +1.583980532546400e-02    4   7    11    13    0    0
 -2.907623946923426e-04    4   7    11    14    0    0
 -1.077687535159197e-02    4   7    12    1    0    0
 -9.211324510027787e-03    4   7    12    2    0    0
 -8.978830663629676e-03    4   7    12    6    0    0
 -3.657796006339555e-03    4   7    12    7    0    0
 +1.440476747522223e-02    4   7    12    8    0    0
 -5.616653022718513e-03    4   7    12    9    0    0
 -8.991704003576552e-03    4   7    12    10    0    0
 +8.433049142365692e-03    4   7    12    11    0    0
 +1.942858547599891e-02    4   7    13    1    0    0
 +1.660620539364427e-02    4   7    13    2    0    0
 +1.618706474108747e-02    4   7    13    6    0    0
 +2.730688895985209e-02    4   7    13    7    0    0
 -7.719028967230888e-03    4   7    13    8    0    0
 -5.147340186585130e-04    4   7    13    9    0    0
 +1.547122025439704e-04    4   7    13    10    0    0
 +1.026518073381922e-02    4   7    13    11    0    0
 +2.353087657743048e-02    4   7    14    1    0    0
 +2.011255889009661e-02    4   7    14    2    0    0
 +1.960491786928834e-02    4   7    14    6    0    0
 +9.614850770669226e-03    4   7    14    7    0    0
 -7.945555817764219e-03    4   7    14    8    0    0
 -1.559693374971932e-02    4   7    14    9    0    0
 -4.931474794904715e-03    4   7    14    10    0    0
 +3.055305032779266e-03    4   7    14    11    0    0
 -2.682955094552962e-02    4   8    1    3    0    0
 -1.509067404509694e-02    4   8    1    4    0    0
 +1.555409816397324e-03    4   8    1    5    0    0
 +2.433399658042462e-02    4   8    1    12    0    0
 -1.284522611672014e-02    4   8    1    13    0    0
 -4.932003336563264e-03    4   8    1    14    0    0
 -1.083847176309213e-03    4   8    2    3    0    0
 -6.096257252157033e-04    4   8    2    4    0    0
 +6.283469078288753e-05    4   8    2    5    0    0
 +1.807774915863862e-02    4   8    2    12    0    0
 -9.542730675439835e-03    4   8    2    13    0    0
 -3.663989960436127e-03    4   8    2    14    0    0
 -3.000050851327514e-02    4   8    3    1    0    0
 -4.410465568252292e-03    4   8    3    2    0    0
 +1.684443257958041e-02    4   8    3    6    0    0
 -1.310894997800451e-02    4   8    3    7    0    0
 +1.600774684044935e-03    4   8    3    8    0    0
 -6.330895857457731e-03    4   8    3    9    0    0
 -1.601022204944189e-03    4   8    3    10    0    0
 +2.424018256601107e-02    4   8    3    11    0    0
 -1.687422559103357e-02    4   8    4    1    0    0
 -2.480730982517860e-03    4   8    4    2    0    0
 +9.474397914789346e-03    4   8    4    6    0    0
 -2.090344342153784e-02    4   8    4    7    0    0
 +3.128949690020565e-02    4   8    4    8    0    0
 -1.518400970065495e-03    4   8    4    9    0    0
 -1.805413351999115e-02    4   8    4    10    0    0
 -6.867808038315592e-03    4   8    4    11    0    0
 +1.739242133914220e-03    4   8    5    1    0    0
 +2.556912508028558e-04    4   8    5    2    0    0
 -9.765350094422721e-04    4   8    5    6    0    0
 +9.197918712924370e-04    4   8    5    7    0    0
 +2.341814538364110e-02    4   8    5    8    0    0
 +9.044153348948114e-03    4   8    5    9    0    0
 +6.742616336110871e-03    4   8    5    10    0    0
 +1.020884854751259e-02    4   8    5    11    0    0
 +1.612526912979280e-02    4   8    6    3    0    0
 +9.069893895026692e-03    4   8    6    4    0    0
 -9.348424037156625e-04    4   8    6    5    0    0
 +1.084710797522011e-02    4   8    6    12    0    0
 -5.725880423862241e-03    4   8    6    13    0    0
 -2.198486900786542e-03    4   8    6    14    0    0
 -1.173087959093787e-02    4   8    7    3    0    0
 -1.969920220790699e-02    4   8    7    4    0    0
 +1.189333178857218e-03    4   8    7    5    0    0
 +6.749779618763368e-03    4   8    7    12    0    0
 -1.315263063290686e-02    4   8    7    13    0    0
 -4.834655090962954e-03    4   8    7    14    0    0
 +1.508554526370946e-03    4   8    8    3    0    0
 +2.819531976071465e-02    4   8    8    4    0    0
 +2.206903293125334e-02    4   8    8    5    0    0
 -1.065768304316048e-03    4   8    8    12    0    0
 +7.870122030049252e-03    4   8    8    13    0    0
 +2.147236811010881e-02    4   8    8    14    0    0
 -7.203139865791616e-03    4   8    9    3    0    0
 -1.430926337772026e-03    4   8    9    4    0    0
 +8.916233426269037e-03    4   8    9    5    0    0
 +8.143020122549201e-03    4   8    9    12    0    0
 -4.189520077955851e-03    4   8    9    13    0    0
 +6.026571075782488e-03    4   8    9    14    0    0
 -2.335292087847432e-03    4   8    10    3    0    0
 -1.701404020987340e-02    4   8    10    4    0    0
 +7.603839053736022e-03    4   8    10    5    0    0
 +3.690521437478454e-03    4   8    10    12    0    0
 -1.454558066237720e-02    4   8    10    13    0    0
 +2.106720134265094e-03    4   8    10    14    0    0
 +2.369515002864307e-02    4   8    11    3    0    0
 -6.472155641710078e-03    4   8    11    4    0    0
 +9.671153221790251e-03    4   8    11    5    0    0
 -1.884246101770278e-02    4   8    11    12    0    0
 -7.224548665330635e-03    4   8    11    13    0    0
 +4.136860887030083e-03    4   8    11    14    0    0
 +1.893556102353105e-02    4   8    12    1    0    0
 +1.618480233618107e-02    4   8    12    2    0    0
 +1.577629789751594e-02    4   8    12    6    0    0
 +6.911590996018164e-03    4   8    12    7    0    0
 -8.023987960366771e-04    4   8    12    8    0    0
 +2.496911523493820e-03    4   8    12    9    0    0
 +3.505108011036312e-04    4   8    12    10    0    0
 -1.168490249951621e-02    4   8    12    11    0    0
 -9.995545211421632e-03    4   8    13    1    0    0
 -8.543497775861180e-03    4   8    13    2    0    0
 -8.327859877376395e-03    4   8    13    6    0    0
 -9.473868325651310e-03    4   8    13    7    0    0
 +9.309370404014836e-03    4   8    13    8    0    0
 -2.631919339390561e-03    4   8    13    9    0    0
 -9.290781038072697e-03    4   8    13    10    0    0
 -5.372232249911643e-03    4   8    13    11    0    0
 -3.837850878259790e-03    4   8    14    1    0    0
 -3.280328361181599e-03    4   8    14    2    0    0
 -3.197532867731163e-03    4   8    14    6    0    0
 -4.484984078488459e-03    4   8    14    7    0    0
 +1.788223571695713e-02    4   8    14    8    0    0
 +3.507320673990341e-03    4   8    14    9    0    0
 -1.688101393877859e-03    4   8    14    10    0    0
 +2.982432514204254e-03    4   8    14    11    0    0
 +4.268093734252837e-04    4   9    1    4    0    0
 -4.166525893948468e-02    4   9    1    5    0    0
 +1.743638890124838e-02    4   9    1    13    0    0
 -3.352891428600074e-02    4   9    1    14    0    0
 +1.724203789881407e-05    4   9    2    4    0    0
 -1.683172906748632e-03    4   9    2    5    0    0
 +1.295350986622627e-02    4   9    2    13    0    0
 -2.490866225038554e-02    4   9    2    14    0    0
 +1.532302378137484e-02    4   9    3    7    0    0
 +2.605537204552637e-02    4   9    3    8    0    0
 +2.134633752011800e-02    4   9    3    10    0    0
 +2.837497980121552e-03    4   9    3    11    0    0
 +4.772535428184967e-04    4   9    4    1    0    0
 +7.016248797910882e-05    4   9    4    2    0    0
 -2.679642953989635e-04    4   9    4    6    0    0
 -1.498851222710965e-02    4   9    4    7    0    0
 -1.518400970065495e-03    4   9    4    8    0    0
 +4.804480503690203e-02    4   9    4    9    0    0
 +1.005026776693820e-02    4   9    4    10    0    0
 +1.927593392323880e-02    4   9    4    11    0    0
 -4.658963387272316e-02    4   9    5    1    0    0
 -6.849283102724681e-03    4   9    5    2    0    0
 +2.615875482007773e-02    4   9    5    6    0    0
 +2.203734508482872e-02    4   9    5    7    0    0
 -1.248296638010981e-03    4   9    5    8    0    0
 +2.625706952226456e-02    4   9    5    9    0    0
 -1.269100528869468e-02    4   9    5    10    0    0
 -1.206959348146867e-02    4   9    5    11    0    0
 -2.565237125126454e-04    4   9    6    4    0    0
 +2.504192169021839e-02    4   9    6    5    0    0
 +7.772434441036982e-03    4   9    6    13    0    0
 -1.494582907292456e-02    4   9    6    14    0    0
 +1.460438667736995e-02    4   9    7    3    0    0
 -1.412502845599579e-02    4   9    7    4    0    0
 +2.273360183772481e-02    4   9    7    5    0    0
 -1.072296694495864e-02    4   9    7    12    0    0
 -1.835919836122321e-02    4   9    7    13    0    0
 +1.414012228863082e-02    4   9    7    14    0    0
 +2.579129479501567e-02    4   9    8    3    0    0
 -1.430926337771846e-03    4   9    8    4    0    0
 -1.569493722398700e-03    4   9    8    5    0    0
 -2.127523776067477e-02    4   9    8    12    0    0
 +3.883587160711747e-05    4   9    8    13    0    0
 -2.311815587614034e-03    4   9    8    14    0    0
 +4.398535953475913e-02    4   9    9    4    0    0
 +2.474440748710426e-02    4   9    9    5    0    0
 +1.696457864587746e-02    4   9    9    13    0    0
 +2.820335872861703e-02    4   9    9    14    0    0
 +2.001597762775766e-02    4   9    10    3    0    0
 +9.471274803486902e-03    4   9    10    4    0    0
 -1.292313697665350e-02    4   9    10    5    0    0
 -1.389255517086500e-02    4   9    10    12    0    0
 +1.117269141104375e-02    4   9    10    13    0    0
 -7.237779206841177e-03    4   9    10    14    0    0
 +2.951536396096248e-03    4   9    11    3    0    0
 +1.816545305205018e-02    4   9    11    4    0    0
 -1.113380000074152e-02    4   9    11    5    0    0
 -2.770385268910499e-03    4   9    11    12    0    0
 +1.473499133293109e-02    4   9    11    13    0    0
 -6.816346769343093e-04    4   9    11    14    0    0
 -7.591010650990483e-03    4   9    12    7    0    0
 -1.238393441528998e-02    4   9    12    8    0    0
 -1.075501127936502e-02    4   9    12    10    0    0
 -1.270547559011356e-03    4   9    12    11    0    0
 +1.356817015151588e-02    4   9    13    1    0    0
 +1.159712942716943e-02    4   9    13    2    0    0
 +1.130441786057952e-02    4   9    13    6    0    0
 -1.121047912967537e-02    4   9    13    7    0    0
 -4.930600735035311e-04    4   9    13    8    0    0
 +1.615643182402149e-02    4   9    13    9    0    0
 +7.131917747665881e-03    4   9    13    10    0    0
 +1.141321642518569e-02    4   9    13    11    0    0
 -2.609060950662133e-02    4   9    14    1    0    0
 -2.230044080396668e-02    4   9    14    2    0    0
 -2.173757763990799e-02    4   9    14    6    0    0
 +5.495249465842568e-03    4   9    14    7    0    0
 -7.105445649561372e-04    4   9    14    8    0    0
 +2.294988386013502e-02    4   9    14    9    0    0
 -2.925392072817091e-03    4   9    14    10    0    0
 -1.143235594360934e-03    4   9    14    11    0    0
 +3.941753314856456e-02    4   10    1    3    0    0
 -1.512541813584924e-02    4   10    1    4    0    0
 -1.147336790458785e-02    4   10    1    5    0    0
 -3.575110589041622e-02    4   10    1    12    0    0
 -7.528913127109614e-03    4   10    1    13    0    0
 -1.548553513607338e-02    4   10    1    14    0    0
 +1.592370371270213e-03    4   10    2    3    0    0
 -6.110293001294817e-04    4   10    2    4    0    0
 -4.634955475546086e-04    4   10    2    5    0    0
 -2.655953050272000e-02    4   10    2    12    0    0
 -5.593236708949087e-03    4   10    2    13    0    0
 -1.150421875223027e-02    4   10    2    14    0    0
 +4.407625163748236e-02    4   10    3    1    0    0
 +6.479783172299210e-03    4   10    3    2    0    0
 -2.474756215347699e-02    4   10    3    6    0    0
 +6.763738439103701e-03    4   10    3    7    0    0
 +2.003854605547837e-02    4   10    3    8    0    0
 +2.398034705385929e-02    4   10    3    9    0    0
 -1.415722598972804e-02    4   10    3    10    0    0
 -2.056232267860126e-02    4   10    3    11    0    0
 -1.691307605083110e-02    4   10    4    1    0    0
 -2.486442506213342e-03    4   10    4    2    0    0
 +9.496211343400179e-03    4   10    4    6    0    0
 -4.174245151816327e-03    4   10    4    7    0    0
 -1.805413351999115e-02    4   10    4    8    0    0
 +1.005026776693820e-02    4   10    4    9    0    0
 +5.183790717632236e-02    4   10    4    10    0    0
 -1.621419808688238e-02    4   10    4    11    0    0
 -1.282939368595261e-02    4   10    5    1    0    0
 -1.886088000422013e-03    4   10    5    2    0    0
 +7.203339799533601e-03    4   10    5    6    0    0
 -1.017954911857867e-02    4   10    5    7    0    0
 -2.597610599149705e-02    4   10    5    8    0    0
 +1.252902132275008e-02    4   10    5    9    0    0
 -2.107738727429741e-02    4   10    5    10    0    0
 -3.613010258656558e-03    4   10    5    11    0    0
 -2.369097909031669e-02    4   10    6    3    0    0
 +9.090776011733880e-03    4   10    6    4    0    0
 +6.895797311785726e-03    4   10    6    5    0    0
 -1.593639189293018e-02    4   10    6    12    0    0
 -3.356083878613947e-03    4   10    6    13    0    0
 -6.902823016346663e-03    4   10    6    14    0    0
 +5.928718836315788e-03    4   10    7    3    0    0
 -3.933768119097568e-03    4   10    7    4    0    0
 -9.643541724320361e-03    4   10    7    5    0    0
 -3.088919028162483e-03    4   10    7    12    0    0
 +6.589608161717508e-04    4   10    7    13    0    0
 -7.444367246518393e-03    4   10    7    14    0    0
 +1.971063562433621e-02    4   10    8    3    0    0
 -1.701404020987333e-02    4   10    8    4    0    0
 -2.572929303969301e-02    4   10    8    5    0    0
 -1.596590830224127e-02    4   10    8    12    0    0
 -1.104038134472981e-03    4   10    8    13    0    0
 -2.440022021964250e-02    4   10    8    14    0    0
 +2.269945000924078e-02    4   10    9    3    0    0
 +9.471274803486900e-03    4   10    9    4    0    0
 +1.277048485923757e-02    4   10    9    5    0    0
 -1.628517330033249e-02    4   10    9    12    0    0
 +8.117715420375691e-04    4   10    9    13    0    0
 +1.319412318897607e-02    4   10    9    14    0    0
 -1.334163237370453e-02    4   10    10    3    0    0
 +4.755994217805209e-02    4   10    10    4    0    0
 -1.986312520658396e-02    4   10    10    5    0    0
 +9.425638028435889e-03    4   10    10    12    0    0
 +3.346993492844768e-02    4   10    10    13    0    0
 +1.238334896420660e-03    4   10    10    14    0    0
 -2.124875545680988e-02    4   10    11    3    0    0
 -1.528010291469282e-02    4   10    11    4    0    0
 -3.082335556557627e-03    4   10    11    5    0    0
 +1.963152638913166e-02    4   10    11    12    0    0
 -9.003274137676270e-03    4   10    11    13    0    0
 -6.114238498361764e-03    4   10    11    14    0    0
 -2.781981352751882e-02    4   10    12    1    0    0
 -2.377844429392804e-02    4   10    12    2    0    0
 -2.317827631925303e-02    4   10    12    6    0    0
 -3.633935327740272e-03    4   10    12    7    0    0
 -9.592440403702548e-03    4   10    12    8    0    0
 -1.196528626968834e-02    4   10    12    9    0    0
 +7.096402262354870e-03    4   10    12    10    0    0
 +9.283744030221645e-03    4   10    12    11    0    0
 -5.858642804032232e-03    4   10    13    1    0    0
 -5.007560939109136e-03    4   10    13    2    0    0
 -4.881170092435641e-03    4   10    13    6    0    0
 +4.291130333770163e-04    4   10    13    7    0    0
 -2.491550290577669e-03    4   10    13    8    0    0
 +1.890980199059815e-03    4   10    13    9    0    0
 +2.858303332423216e-02    4   10    13    10    0    0
 -6.349888523834397e-03    4   10    13    11    0    0
 -1.205010835692498e-02    4   10    14    1    0    0
 -1.029959564673229e-02    4   10    14    2    0    0
 -1.003963383498121e-02    4   10    14    6    0    0
 -5.472597693624039e-03    4   10    14    7    0    0
 -1.509629494771736e-02    4   10    14    8    0    0
 +7.409821963151004e-03    4   10    14    9    0    0
 +2.648376890531649e-03    4   10    14    10    0    0
 -5.448360622308841e-03    4   10    14    11    0    0
 -1.079200463226851e-02    4   11    1    3    0    0
 +3.834462120639844e-02    4   11    1    4    0    0
 -2.131540849039651e-02    4   11    1    5    0    0
 +9.788184839571707e-03    4   11    1    12    0    0
 +3.976145417178078e-02    4   11    1    13    0    0
 -1.513523246139125e-03    4   11    1    14    0    0
 -4.359701648062414e-04    4   11    2    3    0    0
 +1.549027395410966e-03    4   11    2    4    0    0
 -8.610895259147542e-04    4   11    2    5    0    0
 +7.271651808750233e-03    4   11    2    12    0    0
 +2.953882204776874e-02    4   11    2    13    0    0
 -1.124397856268351e-03    4   11    2    14    0    0
 -1.206750077565582e-02    4   11    3    1    0    0
 -1.774079817424980e-03    4   11    3    2    0    0
 +6.775558591935946e-03    4   11    3    6    0    0
 +1.068367073445045e-02    4   11    3    7    0    0
 +1.947819226418675e-03    4   11    3    8    0    0
 -4.428170845256986e-03    4   11    3    9    0    0
 +2.842485259911197e-02    4   11    3    10    0    0
 +5.259198025555260e-03    4   11    3    11    0    0
 +4.287653331493879e-02    4   11    4    1    0    0
 +6.303408950147681e-03    4   11    4    2    0    0
 -2.407395442480683e-02    4   11    4    6    0    0
 +2.102146207958274e-02    4   11    4    7    0    0
 -6.867808038315592e-03    4   11    4    8    0    0
 +1.927593392323880e-02    4   11    4    9    0    0
 -1.621419808688238e-02    4   11    4    10    0    0
 +5.454375648826259e-02    4   11    4    11    0    0
 -2.383465512256783e-02    4   11    5    1    0    0
 -3.504004797209911e-03    4   11    5    2    0    0
 +1.338248120334323e-02    4   11    5    6    0    0
 +2.752958818694422e-02    4   11    5    7    0    0
 +8.888398496040761e-03    4   11    5    8    0    0
 -1.836552983051906e-02    4   11    5    9    0    0
 -1.205750991310190e-02    4   11    5    10    0    0
 -2.106725680508172e-02    4   11    5    11    0    0
 +6.486279979065207e-03    4   11    6    3    0    0
 -2.304613065975082e-02    4   11    6    4    0    0
 +1.281112379468927e-02    4   11    6    5    0    0
 +4.363175505730777e-03    4   11    6    12    0    0
 +1.772404237945962e-02    4   11    6    13    0    0
 -6.746672302520277e-04    4   11    6    14    0    0
 +1.116449708971005e-02    4   11    7    3    0    0
 +1.981042184585128e-02    4   11    7    4    0    0
 +2.719327958379349e-02    4   11    7    5    0    0
 -1.059436705909194e-02    4   11    7    12    0    0
 +2.398262797559828e-03    4   11    7    13    0    0
 +2.621617795921520e-02    4   11    7    14    0    0
 +9.841687001831939e-04    4   11    8    3    0    0
 -6.472155641709807e-03    4   11    8    4    0    0
 +8.325907049040219e-03    4   11    8    5    0    0
 +1.406938990818874e-03    4   11    8    12    0    0
 -6.682079881093991e-03    4   11    8    13    0    0
 +3.067103626822510e-03    4   11    8    14    0    0
 -4.450571066367113e-03    4   11    9    3    0    0
 +1.816545305205027e-02    4   11    9    4    0    0
 -1.754796482886001e-02    4   11    9    5    0    0
 +3.829427955613346e-03    4   11    9    12    0    0
 +1.732149502770805e-02    4   11    9    13    0    0
 -5.782262005999058e-03    4   11    9    14    0    0
 +2.865832734630336e-02    4   11    10    3    0    0
 -1.528010291469271e-02    4   11    10    4    0    0
 -1.168541056743694e-02    4   11    10    5    0    0
 -2.486626383502991e-02    4   11    10    12    0    0
 -5.534095234674719e-03    4   11    10    13    0    0
 -1.295551568570790e-02    4   11    10    14    0    0
 +4.956217177601319e-03    4   11    11    3    0    0
 +5.010990830875740e-02    4   11    11    4    0    0
 -1.985357835071354e-02    4   11    11    5    0    0
 -3.501483761346804e-03    4   11    11    12    0    0
 +3.507361642118580e-02    4   11    11    13    0    0
 +2.059116420338359e-03    4   11    11    14    0    0
 +7.616700804848841e-03    4   11    12    1    0    0
 +6.510226806964819e-03    4   11    12    2    0    0
 +6.345908671214925e-03    4   11    12    6    0    0
 -4.755692443521059e-03    4   11    12    7    0    0
 -1.442004939920945e-03    4   11    12    8    0    0
 +2.067882752149001e-03    4   11    12    9    0    0
 -1.322488865532137e-02    4   11    12    10    0    0
 -2.636207459978539e-03    4   11    12    11    0    0
 +3.094047619205142e-02    4   11    13    1    0    0
 +2.644576998449475e-02    4   11    13    2    0    0
 +2.577827870482491e-02    4   11    13    6    0    0
 +3.465949986324214e-03    4   11    13    7    0    0
 -5.097831419078268e-03    4   11    13    8    0    0
 +1.272156592551487e-02    4   11    13    9    0    0
 -4.595049165413864e-03    4   11    13    10    0    0
 +2.979041779399749e-02    4   11    13    11    0    0
 -1.177751944407526e-03    4   11    14    1    0    0
 -1.006660557751675e-03    4   11    14    2    0    0
 -9.812524435511576e-04    4   11    14    6    0    0
 +1.646349858661868e-02    4   11    14    7    0    0
 +2.441309615484854e-03    4   11    14    8    0    0
 -3.723322075900896e-03    4   11    14    9    0    0
 -8.908932361584691e-03    4   11    14    10    0    0
 +3.266329314087123e-03    4   11    14    11    0    0
 -2.953778535677409e-03    4   12    1    7    0    0
 +5.189950879783933e-03    4   12    1    8    0    0
 -7.624990118494361e-03    4   12    1    10    0    0
 +2.087622489455301e-03    4   12    1    11    0    0
 -1.892907780836283e-03    4   12    2    7    0    0
 +3.325942782723908e-03    4   12    2    8    0    0
 -4.886420207122114e-03    4   12    2    10    0    0
 +1.337837893399295e-03    4   12    2    11    0    0
 +1.282573986559307e-03    4   12    3    4    0    0
 -6.504771716690331e-03    4   12    3    13    0    0
 -3.298538590151243e-03    4   12    3    14    0    0
 +1.282573986559284e-03    4   12    4    3    0    0
 +7.293312821823253e-03    4   12    4    12    0    0
 -1.083879456653481e-03    4   12    6    7    0    0
 +1.904435647998996e-03    4   12    6    8    0    0
 -2.797965401534894e-03    4   12    6    10    0    0
 +7.660463038233268e-04    4   12    6    11    0    0
 -1.260181506865338e-03    4   12    7    1    0    0
 -1.201595162831736e-03    4   12    7    2    0    0
 -6.794578987944415e-04    4   12    7    6    0    0
 -1.074018818494319e-03    4   12    7    7    0    0
 +3.129503408637947e-03    4   12    7    8    0    0
 -1.939047353833070e-03    4   12    7    9    0    0
 -1.853599027099221e-03    4   12    7    10    0    0
 +5.398811593142506e-04    4   12    7    11    0    0
 +2.214208019066449e-03    4   12    8    1    0    0
 +2.111268599577815e-03    4   12    8    2    0    0
 +1.193844791351472e-03    4   12    8    6    0    0
 +3.129503408637947e-03    4   12    8    7    0    0
 -2.356040100067884e-04    4   12    8    8    0    0
 -1.451536475280414e-03    4   12    8    9    0    0
 -1.356828852017439e-03    4   12    8    10    0    0
 -1.927191346121295e-03    4   12    8    11    0    0
 -1.939047353833072e-03    4   12    9    7    0    0
 -1.451536475280416e-03    4   12    9    8    0    0
 -3.335618920134137e-03    4   12    9    10    0    0
 +1.170586058644991e-04    4   12    9    11    0    0
 -3.253077853094304e-03    4   12    10    1    0    0
 -3.101840958066731e-03    4   12    10    2    0    0
 -1.753977050636387e-03    4   12    10    6    0    0
 -1.853599027099220e-03    4   12    10    7    0    0
 -1.356828852017440e-03    4   12    10    8    0    0
 -3.335618920134134e-03    4   12    10    9    0    0
 +2.083678138465253e-03    4   12    10    10    0    0
 -5.786084689289416e-04    4   12    10    11    0    0
 +8.906501360043351e-04    4   12    11    1    0    0
 +8.492434537151029e-04    4   12    11    2    0    0
 +4.802159583152318e-04    4   12    11    6    0    0
 +5.398811593142521e-04    4   12    11    7    0    0
 -1.927191346121298e-03    4   12    11    8    0    0
 +1.170586058644998e-04    4   12    11    9    0    0
 -5.786084689289410e-04    4   12    11    10    0    0
 -7.740553099639534e-04    4   12    11    11    0    0
 +6.035737368506216e-03    4   12    12    4    0    0
 +1.069853978505009e-02    4   12    12    13    0    0
 +5.425178296220333e-03    4   12    12    14    0    0
 -5.383163273423842e-03    4   12    13    3    0    0
 +1.069853978505009e-02    4   12    13    12    0    0
 -2.729776319269207e-03    4   12    14    3    0    0
 +5.425178296220337e-03    4   12    14    12    0    0
 +7.155147875730240e-02    4   13    1    1    0    0
 +4.254565405478144e-02    4   13    1    2    0    0
 +5.374459130147671e-02    4   13    1    6    0    0
 +5.325081425304057e-03    4   13    1    7    0    0
 -2.739627761726798e-03    4   13    1    8    0    0
 +3.718830222532664e-03    4   13    1    9    0    0
 -1.605765381724911e-03    4   13    1    10    0    0
 +8.480316555412568e-03    4   13    1    11    0    0
 +4.192854945217771e-02    4   13    2    1    0    0
 +1.693994054437776e-02    4   13    2    2    0    0
 +3.177980588754475e-02    4   13    2    6    0    0
 +3.412540223240917e-03    4   13    2    7    0    0
 -1.755670793910211e-03    4   13    2    8    0    0
 +2.383185665010178e-03    4   13    2    9    0    0
 -1.029043223298932e-03    4   13    2    10    0    0
 +5.434550017140514e-03    4   13    2    11    0    0
 +1.937876774669338e-02    4   13    3    3    0    0
 -3.734653779955308e-02    4   13    3    12    0    0
 +1.709095939508427e-02    4   13    4    4    0    0
 +5.800683300914179e-04    4   13    4    5    0    0
 +4.640349016504419e-02    4   13    4    13    0    0
 +1.983258365597359e-02    4   13    4    14    0    0
 +5.800683300914101e-04    4   13    5    4    0    0
 +1.937876774669349e-02    4   13    5    5    0    0
 -1.983258365597374e-02    4   13    5    13    0    0
 +3.181686452139759e-02    4   13    5    14    0    0
 +4.186038421961398e-02    4   13    6    1    0    0
 +2.726813060878879e-02    4   13    6    2    0    0
 +8.207434780674587e-02    4   13    6    6    0    0
 +1.954021363544920e-03    4   13    6    7    0    0
 -1.005297524491709e-03    4   13    6    8    0    0
 +1.364612692623899e-03    4   13    6    9    0    0
 -5.892304004632554e-04    4   13    6    10    0    0
 +3.111824664343758e-03    4   13    6    11    0    0
 +2.271859265569964e-03    4   13    7    1    0    0
 +2.166239616492822e-03    4   13    7    2    0    0
 +1.224928880904238e-03    4   13    7    6    0    0
 +5.684912311465099e-02    4   13    7    7    0    0
 -2.524128628960236e-03    4   13    7    8    0    0
 -1.721405396903267e-03    4   13    7    9    0    0
 +8.571272003733115e-05    4   13    7    10    0    0
 +2.015898749831934e-03    4   13    7    11    0    0
 -1.168817566829273e-03    4   13    8    1    0    0
 -1.114478769037218e-03    4   13    8    2    0    0
 -6.301967801506499e-04    4   13    8    6    0    0
 -2.524128628960262e-03    4   13    8    7    0    0
 +5.156460927580667e-02    4   13    8    8    0    0
 -4.587853848381284e-04    4   13    8    9    0    0
 -1.729791047774918e-03    4   13    8    10    0    0
 -1.537134027135392e-03    4   13    8    11    0    0
 +1.586578349393099e-03    4   13    9    1    0    0
 +1.512817685149393e-03    4   13    9    2    0    0
 +8.554427958819018e-04    4   13    9    6    0    0
 -1.721405396903268e-03    4   13    9    7    0    0
 -4.587853848381274e-04    4   13    9    8    0    0
 +5.357507481399629e-02    4   13    9    9    0    0
 +1.324672312964148e-03    4   13    9    10    0    0
 +3.543282673499675e-03    4   13    9    11    0    0
 -6.850736485395531e-04    4   13    10    1    0    0
 -6.532242996616313e-04    4   13    10    2    0    0
 -3.693743315706148e-04    4   13    10    6    0    0
 +8.571272003738258e-05    4   13    10    7    0    0
 -1.729791047774915e-03    4   13    10    8    0    0
 +1.324672312964148e-03    4   13    10    9    0    0
 +5.722383046850116e-02    4   13    10    10    0    0
 -1.606851369667361e-03    4   13    10    11    0    0
 +3.617988947517347e-03    4   13    11    1    0    0
 +3.449787189251137e-03    4   13    11    2    0    0
 +1.950727855272989e-03    4   13    11    6    0    0
 +2.015898749831950e-03    4   13    11    7    0    0
 -1.537134027135374e-03    4   13    11    8    0    0
 +3.543282673499677e-03    4   13    11    9    0    0
 -1.606851369667352e-03    4   13    11    10    0    0
 +5.757834822712897e-02    4   13    11    11    0    0
 -2.706135635035901e-02    4   13    12    3    0    0
 +9.502167520506442e-02    4   13    12    12    0    0
 +3.497240836647800e-02    4   13    13    4    0    0
 -1.467364730301164e-02    4   13    13    5    0    0
 +1.164187547751647e-01    4   13    13    13    0    0
 +5.425178296220278e-03    4   13    13    14    0    0
 +1.467364730301170e-02    4   13    14    4    0    0
 +2.290093362946559e-02    4   13    14    5    0    0
 +5.425178296220301e-03    4   13    14    13    0    0
 +9.502167520506435e-02    4   13    14    14    0    0
 +3.628341226145818e-02    4   14    1    1    0    0
 +2.157469744600442e-02    4   14    1    2    0    0
 +2.725362489892697e-02    4   14    1    6    0    0
 +6.449457369832361e-03    4   14    1    7    0    0
 -1.051896878965008e-03    4   14    1    8    0    0
 -7.151041450248946e-03    4   14    1    9    0    0
 -3.302752445031687e-03    4   14    1    10    0    0
 -3.228039946875520e-04    4   14    1    11    0    0
 +2.126176665696148e-02    4   14    2    1    0    0
 +8.590162735015746e-03    4   14    2    2    0    0
 +1.611538739147611e-02    4   14    2    6    0    0
 +4.133088479745402e-03    4   14    2    7    0    0
 -6.741005673851640e-04    4   14    2    8    0    0
 -4.582693603721594e-03    4   14    2    9    0    0
 -2.116545206711903e-03    4   14    2    10    0    0
 -2.068666238340607e-04    4   14    2    11    0    0
 +9.826880331254732e-03    4   14    3    3    0    0
 -1.893825048837340e-02    4   14    3    12    0    0
 +8.666743671071704e-03    4   14    4    4    0    0
 -1.143904175804659e-03    4   14    4    5    0    0
 +1.983258365597359e-02    4   14    4    13    0    0
 +1.735032102762650e-02    4   14    4    14    0    0
 -1.143904175804665e-03    4   14    5    4    0    0
 +9.826880331254490e-03    4   14    5    5    0    0
 -2.763695383979998e-03    4   14    5    13    0    0
 +1.983258365597354e-02    4   14    5    14    0    0
 +2.122720039393008e-02    4   14    6    1    0    0
 +1.382753846127875e-02    4   14    6    2    0    0
 +4.161950876883198e-02    4   14    6    6    0    0
 +2.366607470834118e-03    4   14    6    7    0    0
 -3.859901491790525e-04    4   14    6    8    0    0
 -2.624051474402458e-03    4   14    6    9    0    0
 -1.211934301215622e-03    4   14    6    10    0    0
 -1.184518792257927e-04    4   14    6    11    0    0
 +2.751555950661472e-03    4   14    7    1    0    0
 +2.623635010165988e-03    4   14    7    2    0    0
 +1.483569164018442e-03    4   14    7    6    0    0
 +2.758519851041222e-02    4   14    7    7    0    0
 -1.824956032195519e-03    4   14    7    8    0    0
 -1.483051405896981e-03    4   14    7    9    0    0
 -1.527445710790416e-03    4   14    7    10    0    0
 +2.865600263846909e-03    4   14    7    11    0    0
 -4.487746721665150e-04    4   14    8    1    0    0
 -4.279109575397844e-04    4   14    8    2    0    0
 -2.419679182095382e-04    4   14    8    6    0    0
 -1.824956032195532e-03    4   14    8    7    0    0
 +3.001270594840531e-02    4   14    8    8    0    0
 +4.106011061048963e-04    4   14    8    9    0    0
 -2.464155668700239e-03    4   14    8    10    0    0
 +7.962720042138785e-04    4   14    8    11    0    0
 -3.050875372538598e-03    4   14    9    1    0    0
 -2.909038951986710e-03    4   14    9    2    0    0
 -1.644954602821894e-03    4   14    9    6    0    0
 -1.483051405896981e-03    4   14    9    7    0    0
 +4.106011061048961e-04    4   14    9    8    0    0
 +3.150069200936850e-02    4   14    9    9    0    0
 +6.583694230199839e-04    4   14    9    10    0    0
 -7.144704775895795e-04    4   14    9    11    0    0
 -1.409065541885252e-03    4   14    10    1    0    0
 -1.343557519308273e-03    4   14    10    2    0    0
 -7.597323934188567e-04    4   14    10    6    0    0
 -1.527445710790393e-03    4   14    10    7    0    0
 -2.464155668700241e-03    4   14    10    8    0    0
 +6.583694230199832e-04    4   14    10    9    0    0
 +2.553967053869118e-02    4   14    10    10    0    0
 -2.107827065890720e-03    4   14    10    11    0    0
 -1.377190671318411e-04    4   14    11    1    0    0
 -1.313164524266900e-04    4   14    11    2    0    0
 -7.425462718483754e-05    4   14    11    6    0    0
 +2.865600263846915e-03    4   14    11    7    0    0
 +7.962720042138860e-04    4   14    11    8    0    0
 -7.144704775895816e-04    4   14    11    9    0    0
 -2.107827065890717e-03    4   14    11    10    0    0
 +2.572111655992428e-02    4   14    11    11    0    0
 -1.372268422494472e-02    4   14    12    3    0    0
 +4.818503649566899e-02    4   14    12    12    0    0
 +1.467364730301162e-02    4   14    13    4    0    0
 -1.405198915708126e-03    4   14    13    5    0    0
 +4.818503649566913e-02    4   14    13    13    0    0
 +1.069853978505014e-02    4   14    13    14    0    0
 +1.347667365272050e-02    4   14    14    4    0    0
 +1.467364730301151e-02    4   14    14    5    0    0
 +1.069853978505016e-02    4   14    14    13    0    0
 +5.903539308810947e-02    4   14    14    14    0    0
 +6.460812095186193e-02    5   1    1    5    0    0
 -1.945687927764559e-02    5   1    1    13    0    0
 +3.836928220217732e-02    5   1    1    14    0    0
 -1.010294969719464e-02    5   1    2    5    0    0
 -1.949880253215185e-02    5   1    2    13    0    0
 +3.845195554151589e-02    5   1    2    14    0    0
 -2.088829969265093e-02    5   1    3    7    0    0
 -4.643767759514585e-02    5   1    3    8    0    0
 -2.534632260711032e-02    5   1    3    10    0    0
 -6.684927509057105e-03    5   1    3    11    0    0
 +1.932874065297802e-02    5   1    4    7    0    0
 +1.739242133914220e-03    5   1    4    8    0    0
 -4.658963387272316e-02    5   1    4    9    0    0
 -1.282939368595261e-02    5   1    4    10    0    0
 -2.383465512256783e-02    5   1    4    11    0    0
 +7.469238109715283e-02    5   1    5    1    0    0
 -1.518141324519142e-03    5   1    5    2    0    0
 -4.193848256251567e-02    5   1    5    6    0    0
 -4.872062223048022e-02    5   1    5    7    0    0
 +5.822672448759167e-03    5   1    5    8    0    0
 -3.354235745407176e-02    5   1    5    9    0    0
 +2.622220191383579e-02    5   1    5    10    0    0
 +1.236560653144048e-02    5   1    5    11    0    0
 -4.151602720565790e-02    5   1    6    5    0    0
 -1.048872028980232e-02    5   1    6    13    0    0
 +2.068392690299064e-02    5   1    6    14    0    0
 -2.114067156052932e-02    5   1    7    3    0    0
 +1.956226997102239e-02    5   1    7    4    0    0
 -4.930926346109334e-02    5   1    7    5    0    0
 +1.382943829069979e-02    5   1    7    12    0    0
 +2.600183841680321e-02    5   1    7    13    0    0
 -2.298114028353316e-02    5   1    7    14    0    0
 -4.699873635086409e-02    5   1    8    3    0    0
 +1.760255609998164e-03    5   1    8    4    0    0
 +5.893021818672400e-03    5   1    8    5    0    0
 +3.074481916263532e-02    5   1    8    12    0    0
 -7.164984097055355e-04    5   1    8    13    0    0
 +3.958983863767808e-03    5   1    8    14    0    0
 -4.715252856004769e-02    5   1    9    4    0    0
 -3.394761530312011e-02    5   1    9    5    0    0
 -1.746681281630261e-02    5   1    9    13    0    0
 -3.375667599663139e-02    5   1    9    14    0    0
 -2.565255618640257e-02    5   1    10    3    0    0
 -1.298439807098684e-02    5   1    10    4    0    0
 +2.653901784305226e-02    5   1    10    5    0    0
 +1.678094481354691e-02    5   1    10    12    0    0
 -1.542732680712555e-02    5   1    10    13    0    0
 +1.164227901806453e-02    5   1    10    14    0    0
 -6.765694621120685e-03    5   1    11    3    0    0
 -2.412262477649052e-02    5   1    11    4    0    0
 +1.251500745270803e-02    5   1    11    5    0    0
 +4.425864901623991e-03    5   1    11    12    0    0
 -1.777665784453078e-02    5   1    11    13    0    0
 +1.648438783978393e-04    5   1    11    14    0    0
 +7.069212482983886e-03    5   1    12    7    0    0
 +1.571587036602517e-02    5   1    12    8    0    0
 +8.577938023120310e-03    5   1    12    10    0    0
 +2.262375286174915e-03    5   1    12    11    0    0
 -1.517144795679989e-02    5   1    13    1    0    0
 -1.850379432904813e-02    5   1    13    2    0    0
 -1.875189718175876e-02    5   1    13    6    0    0
 +1.329139454927875e-02    5   1    13    7    0    0
 -3.662534511856794e-04    5   1    13    8    0    0
 -8.928534088183953e-03    5   1    13    9    0    0
 -7.886007294840378e-03    5   1    13    10    0    0
 -9.086917986018361e-03    5   1    13    11    0    0
 +2.991834197886563e-02    5   1    14    1    0    0
 +3.648978319138842e-02    5   1    14    2    0    0
 +3.697904604978309e-02    5   1    14    6    0    0
 -1.174730024102345e-02    5   1    14    7    0    0
 +2.023719081092414e-03    5   1    14    8    0    0
 -1.725544525549586e-02    5   1    14    9    0    0
 +5.951199349884704e-03    5   1    14    10    0    0
 +8.426346597874924e-05    5   1    14    11    0    0
 +6.344135293070541e-03    5   2    1    5    0    0
 -1.086507731344011e-02    5   2    1    13    0    0
 +2.142610907119289e-02    5   2    1    14    0    0
 +8.618464564475726e-03    5   2    2    5    0    0
 -4.610487561761139e-03    5   2    2    13    0    0
 +9.091956414104329e-03    5   2    2    14    0    0
 -3.070852166822554e-03    5   2    3    7    0    0
 -6.826943550385503e-03    5   2    3    8    0    0
 -3.726239609938878e-03    5   2    3    10    0    0
 -9.827714284213617e-04    5   2    3    11    0    0
 +2.841576671605897e-03    5   2    4    7    0    0
 +2.556912508028558e-04    5   2    4    8    0    0
 -6.849283102724681e-03    5   2    4    9    0    0
 -1.886088000422013e-03    5   2    4    10    0    0
 -3.504004797209911e-03    5   2    4    11    0    0
 -1.518141324519142e-03    5   2    5    1    0    0
 +5.524898771397436e-03    5   2    5    2    0    0
 +1.157499289358186e-03    5   2    5    6    0    0
 -7.162566151712737e-03    5   2    5    7    0    0
 +8.560087019558170e-04    5   2    5    8    0    0
 -4.931163502236196e-03    5   2    5    9    0    0
 +3.855005278112309e-03    5   2    5    10    0    0
 +1.817905246950755e-03    5   2    5    11    0    0
 +3.624252718101942e-03    5   2    6    5    0    0
 -8.213688457028396e-03    5   2    6    13    0    0
 +1.619752714869243e-02    5   2    6    14    0    0
 +4.213531365940676e-04    5   2    7    3    0    0
 -3.898941330974591e-04    5   2    7    4    0    0
 +9.827792254843144e-04    5   2    7    5    0    0
 +6.660577418894091e-04    5   2    7    12    0    0
 +1.252308692285491e-03    5   2    7    13    0    0
 -1.106824881932293e-03    5   2    7    14    0    0
 +9.367282832380876e-04    5   2    8    3    0    0
 -3.508352231651598e-05    5   2    8    4    0    0
 -1.174533751307503e-04    5   2    8    5    0    0
 +1.480741617686250e-03    5   2    8    12    0    0
 -3.450822099958327e-05    5   2    8    13    0    0
 +1.906738218175534e-04    5   2    8    14    0    0
 +9.397935042050937e-04    5   2    9    4    0    0
 +6.766073701540367e-04    5   2    9    5    0    0
 -8.412421139516715e-04    5   2    9    13    0    0
 -1.625799610612556e-03    5   2    9    14    0    0
 +5.112791700986781e-04    5   2    10    3    0    0
 +2.587910624471902e-04    5   2    10    4    0    0
 -5.289471707783432e-04    5   2    10    5    0    0
 +8.082091242128325e-04    5   2    10    12    0    0
 -7.430157494866819e-04    5   2    10    13    0    0
 +5.607190914206004e-04    5   2    10    14    0    0
 +1.348465511932704e-04    5   2    11    3    0    0
 +4.807862221100511e-04    5   2    11    4    0    0
 -2.494356732991521e-04    5   2    11    5    0    0
 +2.131598927098633e-04    5   2    11    12    0    0
 -8.561649673242671e-04    5   2    11    13    0    0
 +7.939262542857605e-06    5   2    11    14    0    0
 +6.261335191934511e-03    5   2    12    7    0    0
 +1.391984360797426e-02    5   2    12    8    0    0
 +7.597641936450280e-03    5   2    12    10    0    0
 +2.003828577905601e-03    5   2    12    11    0    0
 -3.488779558833073e-03    5   2    13    1    0    0
 -8.303666815626050e-05    5   2    13    2    0    0
 +3.120251989738064e-03    5   2    13    6    0    0
 +1.177243952443185e-02    5   2    13    7    0    0
 -3.243976084459868e-04    5   2    13    8    0    0
 -7.908171501889317e-03    5   2    13    9    0    0
 -6.984785804343934e-03    5   2    13    10    0    0
 -8.048455115620438e-03    5   2    13    11    0    0
 +6.879929999249799e-03    5   2    14    1    0    0
 +1.637496593441955e-04    5   2    14    2    0    0
 -6.153187642671844e-03    5   2    14    6    0    0
 -1.040480599308483e-02    5   2    14    7    0    0
 +1.792446263503002e-03    5   2    14    8    0    0
 -1.528347420463056e-02    5   2    14    9    0    0
 +5.271089815639900e-03    5   2    14    10    0    0
 +7.463374544153101e-05    5   2    14    11    0    0
 -1.179250298028593e-02    5   3    1    7    0    0
 -2.621642065155683e-02    5   3    1    8    0    0
 -1.430928267410866e-02    5   3    1    10    0    0
 -3.773980110084720e-03    5   3    1    11    0    0
 -2.765746536087906e-03    5   3    2    7    0    0
 -6.148650098022622e-03    5   3    2    8    0    0
 -3.356017722105248e-03    5   3    2    10    0    0
 -8.851278167307698e-04    5   3    2    11    0    0
 +2.429443181659508e-02    5   3    3    5    0    0
 +5.800683300915141e-04    5   3    3    13    0    0
 -1.143904175804691e-03    5   3    3    14    0    0
 +2.429443181659508e-02    5   3    5    3    0    0
 +1.282573986559284e-03    5   3    5    12    0    0
 +5.623547741215039e-03    5   3    6    7    0    0
 +1.250195089068619e-02    5   3    6    8    0    0
 +6.823736605783761e-03    5   3    6    10    0    0
 +1.799716087325732e-03    5   3    6    11    0    0
 -7.537602020050937e-03    5   3    7    1    0    0
 -1.459685744345209e-03    5   3    7    2    0    0
 +6.306523724883633e-03    5   3    7    6    0    0
 +1.399056467360071e-02    5   3    7    7    0    0
 +6.435613400075675e-03    5   3    7    8    0    0
 -4.376037136247696e-03    5   3    7    9    0    0
 +7.814932288121053e-03    5   3    7    10    0    0
 +3.073176199799701e-03    5   3    7    11    0    0
 -1.675716729451181e-02    5   3    8    1    0    0
 -3.245090169305806e-03    5   3    8    2    0    0
 +1.402030417944090e-02    5   3    8    6    0    0
 +6.435613400075677e-03    5   3    8    7    0    0
 -9.312071269721526e-03    5   3    8    8    0    0
 +7.909983045066236e-03    5   3    8    9    0    0
 -4.186842926683098e-03    5   3    8    10    0    0
 +1.433028858039052e-02    5   3    8    11    0    0
 -4.376037136247698e-03    5   3    9    7    0    0
 +7.909983045066233e-03    5   3    9    8    0    0
 -1.137243415921233e-02    5   3    9    10    0    0
 +3.149847291946596e-03    5   3    9    11    0    0
 -9.146292196843342e-03    5   3    10    1    0    0
 -1.771214810470688e-03    5   3    10    2    0    0
 +7.652474696948895e-03    5   3    10    6    0    0
 +7.814932288121053e-03    5   3    10    7    0    0
 -4.186842926683097e-03    5   3    10    8    0    0
 -1.137243415921233e-02    5   3    10    9    0    0
 -1.107668582266112e-02    5   3    10    10    0    0
 +4.343977219931388e-04    5   3    10    11    0    0
 -2.412274997849255e-03    5   3    11    1    0    0
 -4.671463704815194e-04    5   3    11    2    0    0
 +2.018290361365756e-03    5   3    11    6    0    0
 +3.073176199799700e-03    5   3    11    7    0    0
 +1.433028858039051e-02    5   3    11    8    0    0
 +3.149847291946597e-03    5   3    11    9    0    0
 +4.343977219931368e-04    5   3    11    10    0    0
 +6.398192418781957e-03    5   3    11    11    0    0
 +3.027439056875459e-04    5   3    12    5    0    0
 +7.466751221370172e-03    5   3    12    13    0    0
 -1.472455477869833e-02    5   3    12    14    0    0
 +1.369216541563326e-04    5   3    13    3    0    0
 +7.466751221370170e-03    5   3    13    12    0    0
 -2.700117276231553e-04    5   3    14    3    0    0
 -1.472455477869833e-02    5   3    14    12    0    0
 +1.091205292480623e-02    5   4    1    7    0    0
 +9.818902615054048e-04    5   4    1    8    0    0
 -2.630220766546271e-02    5   4    1    9    0    0
 -7.242842428677244e-03    5   4    1    10    0    0
 -1.345586982677493e-02    5   4    1    11    0    0
 +2.559250790849420e-03    5   4    2    7    0    0
 +2.302869538482823e-04    5   4    2    8    0    0
 -6.168770096037169e-03    5   4    2    9    0    0
 -1.698695043116189e-03    5   4    2    10    0    0
 -3.155863129792431e-03    5   4    2    11    0    0
 +2.429443181659512e-02    5   4    4    5    0    0
 +5.800683300914101e-04    5   4    4    13    0    0
 -1.143904175804665e-03    5   4    4    14    0    0
 +2.429443181659513e-02    5   4    5    4    0    0
 -1.143904175804647e-03    5   4    5    13    0    0
 -5.800683300915183e-04    5   4    5    14    0    0
 -5.203683279105243e-03    5   4    6    7    0    0
 -4.682387421432742e-04    5   4    6    8    0    0
 +1.254286055753835e-02    5   4    6    9    0    0
 +3.453929182621826e-03    5   4    6    10    0    0
 +6.416765507453725e-03    5   4    6    11    0    0
 +6.974830729864928e-03    5   4    7    1    0    0
 +1.350702910358226e-03    5   4    7    2    0    0
 -5.835667014248032e-03    5   4    7    6    0    0
 -4.922618629251301e-03    5   4    7    7    0    0
 -2.158766105607164e-03    5   4    7    8    0    0
 -2.416845896887645e-03    5   4    7    9    0    0
 -6.222636131678622e-03    5   4    7    10    0    0
 +7.301806052123555e-03    5   4    7    11    0    0
 +6.276104429199260e-04    5   4    8    1    0    0
 +1.215391863480646e-04    5   4    8    2    0    0
 -5.251060135213641e-04    5   4    8    6    0    0
 -2.158766105607164e-03    5   4    8    7    0    0
 +1.530808239953795e-02    5   4    8    8    0    0
 +2.548015971183218e-03    5   4    8    9    0    0
 -6.286318571601994e-03    5   4    8    10    0    0
 +6.241788718915100e-03    5   4    8    11    0    0
 -1.681200114703595e-02    5   4    9    1    0    0
 -3.255708956636975e-03    5   4    9    2    0    0
 +1.406618229703761e-02    5   4    9    6    0    0
 -2.416845896887645e-03    5   4    9    7    0    0
 +2.548015971183218e-03    5   4    9    8    0    0
 +1.716384355944781e-02    5   4    9    9    0    0
 -5.294321684030959e-05    5   4    9    10    0    0
 -9.947486614919477e-03    5   4    9    11    0    0
 -4.629522995463757e-03    5   4    10    1    0    0
 -8.965250090971567e-04    5   4    10    2    0    0
 +3.873406492956412e-03    5   4    10    6    0    0
 -6.222636131678620e-03    5   4    10    7    0    0
 -6.286318571601992e-03    5   4    10    8    0    0
 -5.294321684030844e-05    5   4    10    9    0    0
 -1.377796473102941e-02    5   4    10    10    0    0
 -5.121789324112640e-03    5   4    10    11    0    0
 -8.600802709772442e-03    5   4    11    1    0    0
 -1.665578664406101e-03    5   4    11    2    0    0
 +7.196077240206686e-03    5   4    11    6    0    0
 +7.301806052123553e-03    5   4    11    7    0    0
 +6.241788718915100e-03    5   4    11    8    0    0
 -9.947486614919471e-03    5   4    11    9    0    0
 -5.121789324112639e-03    5   4    11    10    0    0
 -1.377134259870594e-02    5   4    11    11    0    0
 +1.369216541562086e-04    5   4    13    4    0    0
 -2.700117276231101e-04    5   4    13    5    0    0
 -1.331891647784591e-02    5   4    13    13    0    0
 +9.755580510092402e-03    5   4    13    14    0    0
 -2.700117276231191e-04    5   4    14    4    0    0
 -1.369216541562907e-04    5   4    14    5    0    0
 +9.755580510092402e-03    5   4    14    13    0    0
 +1.331891647784559e-02    5   4    14    14    0    0
 +3.920117645574895e-01    5   5    1    1    0    0
 +5.396900331115001e-02    5   5    1    2    0    0
 +5.419641422126094e-03    5   5    1    6    0    0
 -2.750525850873637e-02    5   5    1    7    0    0
 +3.287193463112697e-03    5   5    1    8    0    0
 -1.893635940038341e-02    5   5    1    9    0    0
 +1.480376089813395e-02    5   5    1    10    0    0
 +6.981011093323350e-03    5   5    1    11    0    0
 +7.240846468486486e-02    5   5    2    1    0    0
 +2.535820705327149e-01    5   5    2    2    0    0
 +3.616628514274560e-02    5   5    2    6    0    0
 -6.450926794075403e-03    5   5    2    7    0    0
 +7.709596469259850e-04    5   5    2    8    0    0
 -4.441225964096052e-03    5   5    2    9    0    0
 +3.471989830618220e-03    5   5    2    10    0    0
 +1.637286611843757e-03    5   5    2    11    0    0
 +3.414258270110938e-01    5   5    3    3    0    0
 -2.172795932491384e-02    5   5    3    12    0    0
 +3.414258270111132e-01    5   5    4    4    0    0
 +1.937876774669349e-02    5   5    4    13    0    0
 +9.826880331254490e-03    5   5    4    14    0    0
 +3.900146906442891e-01    5   5    5    5    0    0
 -8.666743671071090e-03    5   5    5    13    0    0
 +1.709095939508380e-02    5   5    5    14    0    0
 +2.085789146664196e-02    5   5    6    1    0    0
 +7.214605231578371e-02    5   5    6    2    0    0
 +3.826342382961101e-01    5   5    6    6    0    0
 +1.311656521239980e-02    5   5    6    7    0    0
 -1.567579792460340e-03    5   5    6    8    0    0
 +9.030272988769739e-03    5   5    6    9    0    0
 -7.059540820075310e-03    5   5    6    10    0    0
 -3.329068411590272e-03    5   5    6    11    0    0
 -1.758097432275974e-02    5   5    7    1    0    0
 -3.404623582190444e-03    5   5    7    2    0    0
 +1.470956298543135e-02    5   5    7    6    0    0
 +4.163029462653608e-01    5   5    7    7    0    0
 +8.021396979766515e-03    5   5    7    8    0    0
 +8.174577944203468e-03    5   5    7    9    0    0
 -1.109830724029875e-02    5   5    7    10    0    0
 -1.028964329191859e-02    5   5    7    11    0    0
 +2.101127820724589e-03    5   5    8    1    0    0
 +4.068915178594187e-04    5   5    8    2    0    0
 -1.757961274044965e-03    5   5    8    6    0    0
 +8.021396979766521e-03    5   5    8    7    0    0
 +4.052699578535112e-01    5   5    8    8    0    0
 -3.078889521264919e-03    5   5    8    9    0    0
 +1.456672499839840e-02    5   5    8    10    0    0
 +3.799121473085942e-03    5   5    8    11    0    0
 -1.210385455126508e-02    5   5    9    1    0    0
 -2.343958183665338e-03    5   5    9    2    0    0
 +1.012699339750761e-02    5   5    9    6    0    0
 +8.174577944203464e-03    5   5    9    7    0    0
 -3.078889521264919e-03    5   5    9    8    0    0
 +4.175515344568991e-01    5   5    9    9    0    0
 -3.140179452623011e-03    5   5    9    10    0    0
 +7.751085761261792e-03    5   5    9    11    0    0
 +9.462355721823211e-03    5   5    10    1    0    0
 +1.832421732843821e-03    5   5    10    2    0    0
 -7.916917169973236e-03    5   5    10    6    0    0
 -1.109830724029878e-02    5   5    10    7    0    0
 +1.456672499839840e-02    5   5    10    8    0    0
 -3.140179452623013e-03    5   5    10    9    0    0
 +3.974845906501256e-01    5   5    10    10    0    0
 +8.907600959338667e-03    5   5    10    11    0    0
 +4.462164089082755e-03    5   5    11    1    0    0
 +8.641153104710729e-04    5   5    11    2    0    0
 -3.733381467642629e-03    5   5    11    6    0    0
 -1.028964329191862e-02    5   5    11    7    0    0
 +3.799121473085928e-03    5   5    11    8    0    0
 +7.751085761261790e-03    5   5    11    9    0    0
 +8.907600959338667e-03    5   5    11    10    0    0
 +3.893628198935641e-01    5   5    11    11    0    0
 -5.277837239602640e-02    5   5    12    3    0    0
 +4.036015358092651e-01    5   5    12    12    0    0
 +4.707206072216708e-02    5   5    13    4    0    0
 -2.359617328452363e-02    5   5    13    5    0    0
 +4.103554945790173e-01    5   5    13    13    0    0
 -1.331891647784564e-02    5   5    13    14    0    0
 +2.387001659283620e-02    5   5    14    4    0    0
 +4.653203726692070e-02    5   5    14    5    0    0
 -1.331891647784566e-02    5   5    14    13    0    0
 +4.298666555992023e-01    5   5    14    14    0    0
 -3.539551970090848e-02    5   6    1    5    0    0
 +2.263233389869242e-03    5   6    1    13    0    0
 -4.463133033109189e-03    5   6    1    14    0    0
 +6.365011715551775e-03    5   6    2    5    0    0
 +5.972564210377344e-03    5   6    2    13    0    0
 -1.177799370538745e-02    5   6    2    14    0    0
 +1.172818639788166e-02    5   6    3    7    0    0
 +2.607343569051812e-02    5   6    3    8    0    0
 +1.423123951738483e-02    5   6    3    10    0    0
 +3.753396735787568e-03    5   6    3    11    0    0
 -1.085253833724892e-02    5   6    4    7    0    0
 -9.765350094422721e-04    5   6    4    8    0    0
 +2.615875482007773e-02    5   6    4    9    0    0
 +7.203339799533601e-03    5   6    4    10    0    0
 +1.338248120334323e-02    5   6    4    11    0    0
 -4.193848256251567e-02    5   6    5    1    0    0
 +1.157499289358186e-03    5   6    5    2    0    0
 +2.962532350649386e-02    5   6    5    6    0    0
 +2.735524419639019e-02    5   6    5    7    0    0
 -3.269265034381107e-03    5   6    5    8    0    0
 +1.883308006080253e-02    5   6    5    9    0    0
 -1.472302084580662e-02    5   6    5    10    0    0
 -6.942936498303002e-03    5   6    5    11    0    0
 +2.926277757270936e-02    5   6    6    5    0    0
 -6.573393179706914e-04    5   6    6    13    0    0
 +1.296283819922967e-03    5   6    6    14    0    0
 +1.293090623916607e-02    5   6    7    3    0    0
 -1.196546089353327e-02    5   6    7    4    0    0
 +3.016051125491166e-02    5   6    7    5    0    0
 -5.793954755549437e-03    5   6    7    12    0    0
 -1.089368000212846e-02    5   6    7    13    0    0
 +9.628134146508965e-03    5   6    7    14    0    0
 +2.874725390687130e-02    5   6    8    3    0    0
 -1.076678202236003e-03    5   6    8    4    0    0
 -3.604526582064011e-03    5   6    8    5    0    0
 -1.288079005462235e-02    5   6    8    12    0    0
 +3.001827898569724e-04    5   6    8    13    0    0
 -1.658648233026691e-03    5   6    8    14    0    0
 +2.884132247189181e-02    5   6    9    4    0    0
 +2.076440331004014e-02    5   6    9    5    0    0
 +7.317862161427539e-03    5   6    9    13    0    0
 +1.414263177657444e-02    5   6    9    14    0    0
 +1.569064624515674e-02    5   6    10    3    0    0
 +7.942038811170856e-03    5   6    10    4    0    0
 -1.623285951089587e-02    5   6    10    5    0    0
 -7.030512227705413e-03    5   6    10    12    0    0
 +6.463403042166352e-03    5   6    10    13    0    0
 -4.877626731051768e-03    5   6    10    14    0    0
 +4.138305755238331e-03    5   6    11    3    0    0
 +1.475484817661933e-02    5   6    11    4    0    0
 -7.654931277376171e-03    5   6    11    5    0    0
 -1.854251810894513e-03    5   6    11    12    0    0
 +7.447674236007068e-03    5   6    11    13    0    0
 -6.906267290760458e-05    5   6    11    14    0    0
 -1.177737071676765e-03    5   6    12    7    0    0
 -2.618277946558733e-03    5   6    12    8    0    0
 -1.429092085248801e-03    5   6    12    10    0    0
 -3.769137299221372e-04    5   6    12    11    0    0
 +5.009303683267764e-03    5   6    13    1    0    0
 +7.962255604054638e-03    5   6    13    2    0    0
 +7.834296106415305e-03    5   6    13    6    0    0
 -2.214358124423067e-03    5   6    13    7    0    0
 +6.101814991829033e-05    5   6    13    8    0    0
 +1.487501700747534e-03    5   6    13    9    0    0
 +1.313815812016269e-03    5   6    13    10    0    0
 +1.513888598649562e-03    5   6    13    11    0    0
 -9.878428288370818e-03    5   6    14    1    0    0
 -1.570169747565053e-02    5   6    14    2    0    0
 -1.544935926635634e-02    5   6    14    6    0    0
 +1.957110642702130e-03    5   6    14    7    0    0
 -3.371533944126282e-04    5   6    14    8    0    0
 +2.874772489100347e-03    5   6    14    9    0    0
 -9.914750917685493e-04    5   6    14    10    0    0
 -1.403836819307707e-05    5   6    14    11    0    0
 -1.868047338335863e-02    5   7    1    3    0    0
 +1.728575473420862e-02    5   7    1    4    0    0
 -4.357100865980889e-02    5   7    1    5    0    0
 +1.694290658663091e-02    5   7    1    12    0    0
 +3.185572039269537e-02    5   7    1    13    0    0
 -2.815496225468556e-02    5   7    1    14    0    0
 -7.546446964311153e-04    5   7    2    3    0    0
 +6.983015294248925e-04    5   7    2    4    0    0
 -1.760160458918977e-03    5   7    2    5    0    0
 +1.258690138625863e-02    5   7    2    12    0    0
 +2.366564491876997e-02    5   7    2    13    0    0
 -2.091634818509854e-02    5   7    2    14    0    0
 -2.088829969265061e-02    5   7    3    1    0    0
 -3.070852166822578e-03    5   7    3    2    0    0
 +1.172818639788155e-02    5   7    3    6    0    0
 +2.140262045724962e-02    5   7    3    7    0    0
 +1.885777782340042e-02    5   7    3    8    0    0
 -9.766002241345212e-03    5   7    3    9    0    0
 +2.824410818844918e-02    5   7    3    10    0    0
 +1.470778449028349e-02    5   7    3    11    0    0
 +1.932874065297870e-02    5   7    4    1    0    0
 +2.841576671605924e-03    5   7    4    2    0    0
 -1.085253833724874e-02    5   7    4    6    0    0
 -7.530570826526262e-03    5   7    4    7    0    0
 +9.197918712924370e-04    5   7    4    8    0    0
 +2.203734508482872e-02    5   7    4    9    0    0
 -1.017954911857867e-02    5   7    4    10    0    0
 +2.752958818694422e-02    5   7    4    11    0    0
 -4.872062223048022e-02    5   7    5    1    0    0
 -7.162566151712737e-03    5   7    5    2    0    0
 +2.735524419639019e-02    5   7    5    6    0    0
 +6.530756125299625e-02    5   7    5    7    0    0
 +1.227104974674937e-02    5   7    5    8    0    0
 +1.250538439439314e-02    5   7    5    9    0    0
 -1.697807509015489e-02    5   7    5    10    0    0
 -1.574098938500802e-02    5   7    5    11    0    0
 +1.122745816320788e-02    5   7    6    3    0    0
 -1.038919539751540e-02    5   7    6    4    0    0
 +2.618732763445690e-02    5   7    6    5    0    0
 +7.552460055291325e-03    5   7    6    12    0    0
 +1.419998714908846e-02    5   7    6    13    0    0
 -1.255033938241386e-02    5   7    6    14    0    0
 +2.016962180173821e-02    5   7    7    3    0    0
 -7.096736861059807e-03    5   7    7    4    0    0
 +6.025361345393211e-02    5   7    7    5    0    0
 -1.424949728403021e-02    5   7    7    12    0    0
 -2.228161168608518e-02    5   7    7    13    0    0
 +3.285398406423883e-02    5   7    7    14    0    0
 +1.845984679044185e-02    5   7    8    3    0    0
 +1.189333178857333e-03    5   7    8    4    0    0
 +1.156411818807982e-02    5   7    8    5    0    0
 -1.474140937465409e-02    5   7    8    12    0    0
 -2.235330242267386e-03    5   7    8    13    0    0
 +8.026719779910117e-03    5   7    8    14    0    0
 -9.438018796905513e-03    5   7    9    3    0    0
 +2.273360183772528e-02    5   7    9    4    0    0
 +1.178495288574937e-02    5   7    9    5    0    0
 +7.247120735285772e-03    5   7    9    12    0    0
 +1.488782404103360e-02    5   7    9    13    0    0
 +1.688471835178238e-02    5   7    9    14    0    0
 +2.786125435104838e-02    5   7    10    3    0    0
 -9.643541724320420e-03    5   7    10    4    0    0
 -1.599997318898126e-02    5   7    10    5    0    0
 -2.275569242694195e-02    5   7    10    12    0    0
 -1.075131356234597e-03    5   7    10    13    0    0
 -1.321919752213296e-02    5   7    10    14    0    0
 +1.462485013665271e-02    5   7    11    3    0    0
 +2.719327958379405e-02    5   7    11    4    0    0
 -1.483415562664203e-02    5   7    11    5    0    0
 -1.221949101051012e-02    5   7    11    12    0    0
 +2.462615966244194e-02    5   7    11    13    0    0
 +7.372791290236648e-04    5   7    11    14    0    0
 +1.318416563949138e-02    5   7    12    1    0    0
 +1.126890904248727e-02    5   7    12    2    0    0
 +1.098448175896839e-02    5   7    12    6    0    0
 -1.072820369918149e-02    5   7    12    7    0    0
 -9.076068503250550e-03    5   7    12    8    0    0
 +4.766952660715672e-03    5   7    12    9    0    0
 -1.347705172945064e-02    5   7    12    10    0    0
 -6.954338558379612e-03    5   7    12    11    0    0
 +2.478860944402702e-02    5   7    13    1    0    0
 +2.118758158481829e-02    5   7    13    2    0    0
 +2.065280698935529e-02    5   7    13    6    0    0
 -1.849150141610980e-02    5   7    13    7    0    0
 -2.527996691403379e-03    5   7    13    8    0    0
 +6.058181374675786e-03    5   7    13    9    0    0
 -6.773085211644557e-04    5   7    13    10    0    0
 +1.526640090427971e-02    5   7    13    11    0    0
 -2.190885513305686e-02    5   7    14    1    0    0
 -1.872616762185742e-02    5   7    14    2    0    0
 -1.825351911903222e-02    5   7    14    6    0    0
 +2.811929441413572e-02    5   7    14    7    0    0
 +5.614657387983710e-03    5   7    14    8    0    0
 +1.010036825514088e-02    5   7    14    9    0    0
 -9.885501227682281e-03    5   7    14    10    0    0
 -1.105253898230552e-03    5   7    14    11    0    0
 -4.152936395327201e-02    5   8    1    3    0    0
 +1.555409816397295e-03    5   8    1    4    0    0
 +5.207234638505891e-03    5   8    1    5    0    0
 +3.766650446285291e-02    5   8    1    12    0    0
 -8.778061241485815e-04    5   8    1    13    0    0
 +4.850283313885894e-03    5   8    1    14    0    0
 -1.677683087057810e-03    5   8    2    3    0    0
 +6.283469078286474e-05    5   8    2    4    0    0
 +2.103593373881632e-04    5   8    2    5    0    0
 +2.798248192037492e-02    5   8    2    12    0    0
 -6.521230028872909e-04    5   8    2    13    0    0
 +3.603280078016361e-03    5   8    2    14    0    0
 -4.643767759514562e-02    5   8    3    1    0    0
 -6.826943550385546e-03    5   8    3    2    0    0
 +2.607343569051817e-02    5   8    3    6    0    0
 +8.324911864435981e-04    5   8    3    7    0    0
 -1.424550986371407e-02    5   8    3    8    0    0
 -1.105010960410719e-02    5   8    3    9    0    0
 +1.195205484165310e-03    5   8    3    10    0    0
 +3.449292138115839e-02    5   8    3    11    0    0
 +1.739242133914022e-03    5   8    4    1    0    0
 +2.556912508028592e-04    5   8    4    2    0    0
 -9.765350094421843e-04    5   8    4    6    0    0
 -7.524707783152694e-03    5   8    4    7    0    0
 +2.341814538364110e-02    5   8    4    8    0    0
 -1.248296638010981e-03    5   8    4    9    0    0
 -2.597610599149705e-02    5   8    4    10    0    0
 +8.888398496040761e-03    5   8    4    11    0    0
 +5.822672448759167e-03    5   8    5    1    0    0
 +8.560087019558170e-04    5   8    5    2    0    0
 -3.269265034381107e-03    5   8    5    6    0    0
 +1.227104974674937e-02    5   8    5    7    0    0
 +4.842941022785357e-02    5   8    5    8    0    0
 -4.710053195906986e-03    5   8    5    9    0    0
 +2.228402453505899e-02    5   8    5    10    0    0
 +5.811856551642553e-03    5   8    5    11    0    0
 +2.496024521227413e-02    5   8    6    3    0    0
 -9.348424037155733e-04    5   8    6    4    0    0
 -3.129685626806051e-03    5   8    6    5    0    0
 +1.679019883180004e-02    5   8    6    12    0    0
 -3.912903405932210e-04    5   8    6    13    0    0
 +2.162059431637012e-03    5   8    6    14    0    0
 +9.607162601171143e-05    5   8    7    3    0    0
 -7.413741832021682e-03    5   8    7    4    0    0
 +1.156411818807974e-02    5   8    7    5    0    0
 +1.631966288559399e-03    5   8    7    12    0    0
 -9.076607429613321e-03    5   8    7    13    0    0
 +4.557540876908737e-03    5   8    7    14    0    0
 -1.342483023973435e-02    5   8    8    3    0    0
 +2.206903293125317e-02    5   8    8    4    0    0
 +4.434780773403325e-02    5   8    8    5    0    0
 +9.484415916176239e-03    5   8    8    12    0    0
 +1.177948349870576e-03    5   8    8    13    0    0
 +3.215080361781035e-02    5   8    8    14    0    0
 -1.218195883353648e-02    5   8    9    3    0    0
 -1.569493722398736e-03    5   8    9    4    0    0
 -4.438708419712818e-03    5   8    9    5    0    0
 +1.297271455470157e-02    5   8    9    12    0    0
 -4.363478677095475e-04    5   8    9    13    0    0
 -3.737288700513170e-03    5   8    9    14    0    0
 +1.706915537141892e-03    5   8    10    3    0    0
 -2.572929303969292e-02    5   8    10    4    0    0
 +2.100024845044379e-02    5   8    10    5    0    0
 -2.639349813652886e-03    5   8    10    12    0    0
 -2.567389484998875e-02    5   8    10    13    0    0
 +3.615745208775573e-03    5   8    10    14    0    0
 +3.346604000100936e-02    5   8    11    3    0    0
 +8.325907049040225e-03    5   8    11    4    0    0
 +5.477037208912278e-03    5   8    11    5    0    0
 -2.601408279551598e-02    5   8    11    12    0    0
 +3.385064211305939e-03    5   8    11    13    0    0
 +6.055056440123721e-03    5   8    11    14    0    0
 +2.931028577415066e-02    5   8    12    1    0    0
 +2.505239644508547e-02    5   8    12    2    0    0
 +2.442007391593494e-02    5   8    12    6    0    0
 -7.938078163912680e-04    5   8    12    7    0    0
 +7.140655132481904e-03    5   8    12    8    0    0
 +4.571785170070833e-03    5   8    12    9    0    0
 -2.815955146457202e-04    5   8    12    10    0    0
 -1.676464807871764e-02    5   8    12    11    0    0
 -6.830670570577719e-04    5   8    13    1    0    0
 -5.838382758820176e-04    5   8    13    2    0    0
 -5.691021967995098e-04    5   8    13    6    0    0
 -5.988568430679078e-03    5   8    13    7    0    0
 -8.291984069381608e-04    5   8    13    8    0    0
 +7.014631241097855e-04    5   8    13    9    0    0
 -1.605522287397812e-02    5   8    13    10    0    0
 +2.680696721616093e-03    5   8    13    11    0    0
 +3.774260235796441e-03    5   8    14    1    0    0
 +3.225975496884566e-03    5   8    14    2    0    0
 +3.144551869821992e-03    5   8    14    6    0    0
 +3.859818029563321e-03    5   8    14    7    0    0
 +2.758988183794458e-02    5   8    14    8    0    0
 -2.291442041163069e-03    5   8    14    9    0    0
 +4.382571748295529e-03    5   8    14    10    0    0
 +4.625756154610548e-03    5   8    14    11    0    0
 -4.166525893948429e-02    5   9    1    4    0    0
 -2.999703780850823e-02    5   9    1    5    0    0
 -2.139917556245191e-02    5   9    1    13    0    0
 -4.135643082992779e-02    5   9    1    14    0    0
 -1.683172906748648e-03    5   9    2    4    0    0
 -1.211805773134072e-03    5   9    2    5    0    0
 -1.589746783850881e-02    5   9    2    13    0    0
 -3.072373172113761e-02    5   9    2    14    0    0
 -3.622830035119842e-03    5   9    3    7    0    0
 +3.525132933847266e-02    5   9    3    8    0    0
 -1.928030418208438e-02    5   9    3    10    0    0
 +1.001233148090394e-02    5   9    3    11    0    0
 -4.658963387272355e-02    5   9    4    1    0    0
 -6.849283102724601e-03    5   9    4    2    0    0
 +2.615875482007792e-02    5   9    4    6    0    0
 -2.943187656251147e-02    5   9    4    7    0    0
 +9.044153348948114e-03    5   9    4    8    0    0
 +2.625706952226456e-02    5   9    4    9    0    0
 +1.252902132275008e-02    5   9    4    10    0    0
 -1.836552983051906e-02    5   9    4    11    0    0
 -3.354235745407176e-02    5   9    5    1    0    0
 -4.931163502236196e-03    5   9    5    2    0    0
 +1.883308006080253e-02    5   9    5    6    0    0
 +1.250538439439314e-02    5   9    5    7    0    0
 -4.710053195906986e-03    5   9    5    8    0    0
 +6.721763849393270e-02    5   9    5    9    0    0
 -4.803813896015500e-03    5   9    5    10    0    0
 +1.185753045357105e-02    5   9    5    11    0    0
 +2.504192169021856e-02    5   9    6    4    0    0
 +1.802901244008180e-02    5   9    6    5    0    0
 -9.538883887792461e-03    5   9    6    13    0    0
 -1.843501823464692e-02    5   9    6    14    0    0
 -3.179486798851236e-03    5   9    7    3    0    0
 -2.970213653672690e-02    5   9    7    4    0    0
 +1.178495288574958e-02    5   9    7    5    0    0
 +1.666933949789112e-03    5   9    7    12    0    0
 -2.680975738062625e-02    5   9    7    13    0    0
 -4.259925522868467e-03    5   9    7    14    0    0
 +3.498895343300314e-02    5   9    8    3    0    0
 +8.916233426268974e-03    5   9    8    4    0    0
 -4.438708419712812e-03    5   9    8    5    0    0
 -2.908547119419285e-02    5   9    8    12    0    0
 +7.902038795687011e-03    5   9    8    13    0    0
 +4.910672490497194e-04    5   9    8    14    0    0
 +2.474440748710446e-02    5   9    9    4    0    0
 +6.205365170806774e-02    5   9    9    5    0    0
 -2.793677346731744e-03    5   9    9    13    0    0
 +4.416208034370692e-02    5   9    9    14    0    0
 -1.831340086989046e-02    5   9    10    3    0    0
 +1.277048485923765e-02    5   9    10    4    0    0
 -4.527067593526666e-03    5   9    10    5    0    0
 +1.329322973847785e-02    5   9    10    12    0    0
 +1.161434839788262e-02    5   9    10    13    0    0
 +2.303570024838982e-03    5   9    10    14    0    0
 +9.832263759263176e-03    5   9    11    3    0    0
 -1.754796482886016e-02    5   9    11    4    0    0
 +1.117442161948498e-02    5   9    11    5    0    0
 -7.925896963301850e-03    5   9    11    12    0    0
 -1.515694886915392e-02    5   9    11    13    0    0
 +1.165539849601595e-03    5   9    11    14    0    0
 +1.944287219606516e-03    5   9    12    7    0    0
 -1.670280508875460e-02    5   9    12    8    0    0
 +9.585719050270629e-03    5   9    12    10    0    0
 -4.801771278525101e-03    5   9    12    11    0    0
 -1.665182262095125e-02    5   9    13    1    0    0
 -1.423282137362241e-02    5   9    13    2    0    0
 -1.387358493779309e-02    5   9    13    6    0    0
 -1.503400184088645e-02    5   9    13    7    0    0
 +4.919328363056288e-03    5   9    13    8    0    0
 -3.819367718932452e-03    5   9    13    9    0    0
 +6.220436441692866e-03    5   9    13    10    0    0
 -1.078136407410397e-02    5   9    13    11    0    0
 -3.218161131515576e-02    5   9    14    1    0    0
 -2.750660608092605e-02    5   9    14    2    0    0
 -2.681233929636672e-02    5   9    14    6    0    0
 -5.953768558761167e-04    5   9    14    7    0    0
 -1.525827752761055e-04    5   9    14    8    0    0
 +3.663296741732644e-02    5   9    14    9    0    0
 +4.545073824168722e-04    5   9    14    10    0    0
 +1.197007621632379e-03    5   9    14    11    0    0
 -2.266729756825218e-02    5   10    1    3    0    0
 -1.147336790458778e-02    5   10    1    4    0    0
 +2.345059924034025e-02    5   10    1    5    0    0
 +2.055889577254450e-02    5   10    1    12    0    0
 -1.890053315833757e-02    5   10    1    13    0    0
 +1.426334473694486e-02    5   10    1    14    0    0
 -9.157024846889550e-04    5   10    2    3    0    0
 -4.634955475546802e-04    5   10    2    4    0    0
 +9.473459254313095e-04    5   10    2    5    0    0
 +1.527322318495082e-02    5   10    2    12    0    0
 -1.404122402465651e-02    5   10    2    13    0    0
 +1.059625234455364e-02    5   10    2    14    0    0
 -2.534632260711013e-02    5   10    3    1    0    0
 -3.726239609938848e-03    5   10    3    2    0    0
 +1.423123951738482e-02    5   10    3    6    0    0
 -4.333703774627628e-03    5   10    3    7    0    0
 -1.400518308900145e-02    5   10    3    8    0    0
 -1.551455902225256e-02    5   10    3    9    0    0
 -1.694499887012772e-02    5   10    3    10    0    0
 +1.448774204609856e-02    5   10    3    11    0    0
 -1.282939368595288e-02    5   10    4    1    0    0
 -1.886088000422000e-03    5   10    4    2    0    0
 +7.203339799533457e-03    5   10    4    6    0    0
 -8.859099067107227e-03    5   10    4    7    0    0
 +6.742616336110871e-03    5   10    4    8    0    0
 -1.269100528869468e-02    5   10    4    9    0    0
 -2.107738727429741e-02    5   10    4    10    0    0
 -1.205750991310190e-02    5   10    4    11    0    0
 +2.622220191383579e-02    5   10    5    1    0    0
 +3.855005278112309e-03    5   10    5    2    0    0
 -1.472302084580662e-02    5   10    5    6    0    0
 -1.697807509015489e-02    5   10    5    7    0    0
 +2.228402453505899e-02    5   10    5    8    0    0
 -4.803813896015500e-03    5   10    5    9    0    0
 +3.651943638035107e-02    5   10    5    10    0    0
 +1.362675538587039e-02    5   10    5    11    0    0
 +1.362364485619765e-02    5   10    6    3    0    0
 +6.895797311785589e-03    5   10    6    4    0    0
 -1.409442986105585e-02    5   10    6    5    0    0
 +9.164321263835335e-03    5   10    6    12    0    0
 -8.425090522230028e-03    5   10    6    13    0    0
 +6.358020144290303e-03    5   10    6    14    0    0
 -5.328321287235414e-03    5   10    7    3    0    0
 -8.298295551570438e-03    5   10    7    4    0    0
 -1.599997318898115e-02    5   10    7    5    0    0
 +6.836555635474429e-03    5   10    7    12    0    0
 -5.374096027107391e-06    5   10    7    13    0    0
 -1.267672873789634e-02    5   10    7    14    0    0
 -1.377891410826850e-02    5   10    8    3    0    0
 +7.603839053735702e-03    5   10    8    4    0    0
 +2.100024845044367e-02    5   10    8    5    0    0
 +1.116801299549102e-02    5   10    8    12    0    0
 +8.330455039186744e-04    5   10    8    13    0    0
 +1.705728773667961e-02    5   10    8    14    0    0
 -1.447694052201922e-02    5   10    9    3    0    0
 -1.292313697665366e-02    5   10    9    4    0    0
 -4.527067593526709e-03    5   10    9    5    0    0
 +9.872592863420184e-03    5   10    9    12    0    0
 -8.817553997934572e-03    5   10    9    13    0    0
 -8.057349844167288e-03    5   10    9    14    0    0
 -1.596880248023964e-02    5   10    10    3    0    0
 -1.986312520658383e-02    5   10    10    4    0    0
 +3.312396396908215e-02    5   10    10    5    0    0
 +1.128168935481868e-02    5   10    10    12    0    0
 -2.165722926347019e-02    5   10    10    13    0    0
 +1.168048975647285e-02    5   10    10    14    0    0
 +1.470903783541233e-02    5   10    11    3    0    0
 -1.168541056743701e-02    5   10    11    4    0    0
 +1.284172202496382e-02    5   10    11    5    0    0
 -1.299882730905330e-02    5   10    11    12    0    0
 -1.217640338375634e-02    5   10    11    13    0    0
 +3.997673110952564e-03    5   10    11    14    0    0
 +1.599795677585457e-02    5   10    12    1    0    0
 +1.367394226546611e-02    5   10    12    2    0    0
 +1.332881193928313e-02    5   10    12    6    0    0
 +1.491804895136005e-03    5   10    12    7    0    0
 +6.702680699104259e-03    5   10    12    8    0    0
 +7.855434049972077e-03    5   10    12    9    0    0
 +8.493791679586180e-03    5   10    12    10    0    0
 -6.684591304503683e-03    5   10    12    11    0    0
 -1.470749771062584e-02    5   10    13    1    0    0
 -1.257094748925091e-02    5   10    13    2    0    0
 -1.225365675310730e-02    5   10    13    6    0    0
 -1.361856224451179e-04    5   10    13    7    0    0
 -2.647029320138821e-03    5   10    13    8    0    0
 -4.114777594275179e-03    5   10    13    9    0    0
 -1.802141452935977e-02    5   10    13    10    0    0
 -8.322351985219977e-03    5   10    13    11    0    0
 +1.109905780472381e-02    5   10    14    1    0    0
 +9.486703692806986e-03    5   10    14    2    0    0
 +9.247259275364196e-03    5   10    14    6    0    0
 -9.611100396848937e-03    5   10    14    7    0    0
 +1.118180249579038e-02    5   10    14    8    0    0
 -4.786430166189280e-03    5   10    14    9    0    0
 +1.217813133803548e-02    5   10    14    10    0    0
 +3.438303128506780e-03    5   10    14    11    0    0
 -5.978352103333738e-03    5   11    1    3    0    0
 -2.131540849039631e-02    5   11    1    4    0    0
 +1.105860156539890e-02    5   11    1    5    0    0
 +5.422274861567766e-03    5   11    1    12    0    0
 -2.177877705162673e-02    5   11    1    13    0    0
 +2.019557392255324e-04    5   11    1    14    0    0
 -2.415105664398061e-04    5   11    2    3    0    0
 -8.610895259147704e-04    5   11    2    4    0    0
 +4.467400183074000e-04    5   11    2    5    0    0
 +4.028213141751973e-03    5   11    2    12    0    0
 -1.617947414515346e-02    5   11    2    13    0    0
 +1.500331103770576e-04    5   11    2    14    0    0
 -6.684927509057112e-03    5   11    3    1    0    0
 -9.827714284213712e-04    5   11    3    2    0    0
 +3.753396735787604e-03    5   11    3    6    0    0
 -5.305158458087088e-03    5   11    3    7    0    0
 +9.351731738194856e-03    5   11    3    8    0    0
 -3.751241686020796e-04    5   11    3    9    0    0
 -1.315866780381961e-02    5   11    3    10    0    0
 +9.787888276592140e-03    5   11    3    11    0    0
 -2.383465512256833e-02    5   11    4    1    0    0
 -3.504004797209862e-03    5   11    4    2    0    0
 +1.338248120334324e-02    5   11    4    6    0    0
 -5.189134140663534e-03    5   11    4    7    0    0
 +1.020884854751259e-02    5   11    4    8    0    0
 -1.206959348146867e-02    5   11    4    9    0    0
 -3.613010258656558e-03    5   11    4    10    0    0
 -2.106725680508172e-02    5   11    4    11    0    0
 +1.236560653144048e-02    5   11    5    1    0    0
 +1.817905246950755e-03    5   11    5    2    0    0
 -6.942936498303002e-03    5   11    5    6    0    0
 -1.574098938500802e-02    5   11    5    7    0    0
 +5.811856551642553e-03    5   11    5    8    0    0
 +1.185753045357105e-02    5   11    5    9    0    0
 +1.362675538587039e-02    5   11    5    10    0    0
 +2.409483587287539e-02    5   11    5    11    0    0
 +3.593147601114877e-03    5   11    6    3    0    0
 +1.281112379468915e-02    5   11    6    4    0    0
 -6.646511781104193e-03    5   11    6    5    0    0
 +2.417030046846524e-03    5   11    6    12    0    0
 -9.708094823900705e-03    5   11    6    13    0    0
 +9.002367130094435e-05    5   11    6    14    0    0
 -5.763906618479417e-03    5   11    7    3    0    0
 -6.139852509635228e-03    5   11    7    4    0    0
 -1.483415562664162e-02    5   11    7    5    0    0
 +5.959384012109515e-03    5   11    7    12    0    0
 -1.880780691465910e-03    5   11    7    13    0    0
 -1.270426339888039e-02    5   11    7    14    0    0
 +7.852735576595892e-03    5   11    8    3    0    0
 +9.671153221790024e-03    5   11    8    4    0    0
 +5.477037208912296e-03    5   11    8    5    0    0
 -3.176934575062563e-03    5   11    8    12    0    0
 +4.454821471513426e-03    5   11    8    13    0    0
 +6.597525224360216e-03    5   11    8    14    0    0
 -7.502531193822081e-04    5   11    9    3    0    0
 -1.113380000074149e-02    5   11    9    4    0    0
 +1.117442161948486e-02    5   11    9    5    0    0
 +1.509609775638065e-03    5   11    9    12    0    0
 -1.005632154008903e-02    5   11    9    13    0    0
 +3.752043544378525e-03    5   11    9    14    0    0
 -1.345653116844842e-02    5   11    10    3    0    0
 -3.082335556557680e-03    5   11    10    4    0    0
 +1.284172202496376e-02    5   11    10    5    0    0
 +1.211395249461354e-02    5   11    10    12    0    0
 -5.335126196410217e-03    5   11    10    13    0    0
 +7.466852013953971e-03    5   11    10    14    0    0
 +9.224010918235917e-03    5   11    11    3    0    0
 -1.985357835071340e-02    5   11    11    4    0    0
 +2.141514103433808e-02    5   11    11    5    0    0
 -6.516607986964853e-03    5   11    11    12    0    0
 -1.791000665813786e-02    5   11    11    13    0    0
 +4.305818882624122e-03    5   11    11    14    0    0
 +4.219356906221054e-03    5   11    12    1    0    0
 +3.606413215226405e-03    5   11    12    2    0    0
 +3.515387339501799e-03    5   11    12    6    0    0
 +2.241210669104462e-03    5   11    12    7    0    0
 -5.212771495858151e-03    5   11    12    8    0    0
 -2.894201399579049e-05    5   11    12    9    0    0
 +6.018384134639189e-03    5   11    12    10    0    0
 -4.906243112886742e-03    5   11    12    11    0    0
 -1.694721048044777e-02    5   11    13    1    0    0
 -1.448529839886169e-02    5   11    13    2    0    0
 -1.411968944248325e-02    5   11    13    6    0    0
 +1.858207350439995e-03    5   11    13    7    0    0
 +3.221819620335417e-03    5   11    13    8    0    0
 -8.201277592563857e-03    5   11    13    9    0    0
 -4.861780245944111e-03    5   11    13    10    0    0
 -1.520019448104007e-02    5   11    13    11    0    0
 +1.571523695878812e-04    5   11    14    1    0    0
 +1.343229300299817e-04    5   11    14    2    0    0
 +1.309326190461413e-04    5   11    14    6    0    0
 -7.904484645725393e-03    5   11    14    7    0    0
 +4.900156985443763e-03    5   11    14    8    0    0
 +2.505357121961533e-03    5   11    14    9    0    0
 +5.193142486927173e-03    5   11    14    10    0    0
 +6.625867298676137e-03    5   11    14    11    0    0
 +3.613580393782025e-03    5   12    1    7    0    0
 +8.033506018186339e-03    5   12    1    8    0    0
 +4.384797986202435e-03    5   12    1    10    0    0
 +1.156461911022945e-03    5   12    1    11    0    0
 +2.315737067436817e-03    5   12    2    7    0    0
 +5.148214690284005e-03    5   12    2    8    0    0
 +2.809966327950959e-03    5   12    2    10    0    0
 +7.411103179115207e-04    5   12    2    11    0    0
 +1.282573986559322e-03    5   12    3    5    0    0
 +3.298538590151234e-03    5   12    3    13    0    0
 -6.504771716690317e-03    5   12    3    14    0    0
 +1.282573986559284e-03    5   12    5    3    0    0
 +7.293312821823242e-03    5   12    5    12    0    0
 +1.325991609214496e-03    5   12    6    7    0    0
 +2.947868986398893e-03    5   12    6    8    0    0
 +1.608987404240320e-03    5   12    6    10    0    0
 +4.243599486623349e-04    5   12    6    11    0    0
 +1.541675224060397e-03    5   12    7    1    0    0
 +1.470002124135644e-03    5   12    7    2    0    0
 +8.312321698555600e-04    5   12    7    6    0    0
 -3.150064312386949e-03    5   12    7    7    0    0
 -1.449019147751069e-03    5   12    7    8    0    0
 +9.852924977777780e-04    5   12    7    9    0    0
 -1.759581537904756e-03    5   12    7    10    0    0
 -6.919451000382162e-04    5   12    7    11    0    0
 +3.427364508588071e-03    5   12    8    1    0    0
 +3.268024956995835e-03    5   12    8    2    0    0
 +1.847947993777902e-03    5   12    8    6    0    0
 -1.449019147751070e-03    5   12    8    7    0    0
 +2.096671868899148e-03    5   12    8    8    0    0
 -1.780982818289345e-03    5   12    8    9    0    0
 +9.426942223282977e-04    5   12    8    10    0    0
 -3.226555303266120e-03    5   12    8    11    0    0
 +9.852924977777789e-04    5   12    9    7    0    0
 -1.780982818289346e-03    5   12    9    8    0    0
 +2.560575632626309e-03    5   12    9    10    0    0
 -7.092080823980037e-04    5   12    9    11    0    0
 +1.870702649779183e-03    5   12    10    1    0    0
 +1.783732932776157e-03    5   12    10    2    0    0
 +1.008635410663908e-03    5   12    10    6    0    0
 -1.759581537904756e-03    5   12    10    7    0    0
 +9.426942223282975e-04    5   12    10    8    0    0
 +2.560575632626305e-03    5   12    10    9    0    0
 +2.493986020115816e-03    5   12    10    10    0    0
 -9.780740044144345e-05    5   12    10    11    0    0
 +4.933856401428078e-04    5   12    11    1    0    0
 +4.704479437100485e-04    5   12    11    2    0    0
 +2.660210204009866e-04    5   12    11    6    0    0
 -6.919451000382170e-04    5   12    11    7    0    0
 -3.226555303266122e-03    5   12    11    8    0    0
 -7.092080823980036e-04    5   12    11    9    0    0
 -9.780740044144395e-05    5   12    11    10    0    0
 -1.440593576628161e-03    5   12    11    11    0    0
 +6.035737368506204e-03    5   12    12    5    0    0
 -5.425178296220261e-03    5   12    12    13    0    0
 +1.069853978505013e-02    5   12    12    14    0    0
 +2.729776319269197e-03    5   12    13    3    0    0
 -5.425178296220265e-03    5   12    13    12    0    0
 -5.383163273423837e-03    5   12    14    3    0    0
 +1.069853978505013e-02    5   12    14    12    0    0
 -3.628341226145811e-02    5   13    1    1    0    0
 -2.157469744600444e-02    5   13    1    2    0    0
 -2.725362489892690e-02    5   13    1    6    0    0
 +6.794182925595481e-03    5   13    1    7    0    0
 -1.872183490799327e-04    5   13    1    8    0    0
 -4.564012724746610e-03    5   13    1    9    0    0
 -4.031102674371624e-03    5   13    1    10    0    0
 -4.644974069349500e-03    5   13    1    11    0    0
 -2.126176665696146e-02    5   13    2    1    0    0
 -8.590162735015712e-03    5   13    2    2    0    0
 -1.611538739147609e-02    5   13    2    6    0    0
 +4.354003378704637e-03    5   13    2    7    0    0
 -1.199775356914067e-04    5   13    2    8    0    0
 -2.924814807257499e-03    5   13    2    9    0    0
 -2.583303225174943e-03    5   13    2    10    0    0
 -2.976698304037836e-03    5   13    2    11    0    0
 -9.826880331254716e-03    5   13    3    3    0    0
 +1.893825048837331e-02    5   13    3    12    0    0
 -9.826880331256690e-03    5   13    4    4    0    0
 -1.143904175804642e-03    5   13    4    5    0    0
 -1.983258365597374e-02    5   13    4    13    0    0
 -2.763695383979998e-03    5   13    4    14    0    0
 -1.143904175804647e-03    5   13    5    4    0    0
 -8.666743671071090e-03    5   13    5    5    0    0
 +1.735032102762649e-02    5   13    5    13    0    0
 -1.983258365597374e-02    5   13    5    14    0    0
 -2.122720039392982e-02    5   13    6    1    0    0
 -1.382753846127851e-02    5   13    6    2    0    0
 -4.161950876883120e-02    5   13    6    6    0    0
 +2.493103395820402e-03    5   13    6    7    0    0
 -6.869916617825924e-05    5   13    6    8    0    0
 -1.674749671482638e-03    5   13    6    9    0    0
 -1.479200056347588e-03    5   13    6    10    0    0
 -1.704458174384273e-03    5   13    6    11    0    0
 +2.898627494810546e-03    5   13    7    1    0    0
 +2.763869139199772e-03    5   13    7    2    0    0
 +1.562866409546676e-03    5   13    7    6    0    0
 -3.019160133382777e-02    5   13    7    7    0    0
 -1.250336431309477e-03    5   13    7    8    0    0
 -1.317760760226816e-03    5   13    7    9    0    0
 -1.194309383925183e-04    5   13    7    10    0    0
 +2.514102958863191e-03    5   13    7    11    0    0
 -7.987365958779295e-05    5   13    8    1    0    0
 -7.616030109593194e-05    5   13    8    2    0    0
 -4.306585092448688e-05    5   13    8    6    0    0
 -1.250336431309466e-03    5   13    8    7    0    0
 -2.500551501930331e-02    5   13    8    8    0    0
 +8.252012716929188e-04    5   13    8    9    0    0
 -2.745720478929933e-03    5   13    8    10    0    0
 +8.665619428665732e-04    5   13    8    11    0    0
 -1.947161699279155e-03    5   13    9    1    0    0
 -1.856637370377534e-03    5   13    9    2    0    0
 -1.049860190454982e-03    5   13    9    6    0    0
 -1.317760760226815e-03    5   13    9    7    0    0
 +8.252012716929180e-04    5   13    9    8    0    0
 -2.588350222963428e-02    5   13    9    9    0    0
 +3.091365980410191e-04    5   13    9    10    0    0
 -2.786885099579309e-03    5   13    9    11    0    0
 -1.719804305285733e-03    5   13    10    1    0    0
 -1.639849912881877e-03    5   13    10    2    0    0
 -9.272748514726265e-04    5   13    10    6    0    0
 -1.194309383925424e-04    5   13    10    7    0    0
 -2.745720478929936e-03    5   13    10    8    0    0
 +3.091365980410182e-04    5   13    10    9    0    0
 -3.005357226883291e-02    5   13    10    10    0    0
 -1.935592648858311e-03    5   13    10    11    0    0
 -1.981702538413524e-03    5   13    11    1    0    0
 -1.889572392037422e-03    5   13    11    2    0    0
 -1.068483734645294e-03    5   13    11    6    0    0
 +2.514102958863186e-03    5   13    11    7    0    0
 +8.665619428665628e-04    5   13    11    8    0    0
 -2.786885099579310e-03    5   13    11    9    0    0
 -1.935592648858317e-03    5   13    11    10    0    0
 -2.922519271520073e-02    5   13    11    11    0    0
 +1.372268422494452e-02    5   13    12    3    0    0
 -4.818503649566832e-02    5   13    12    12    0    0
 -1.467364730301152e-02    5   13    13    4    0    0
 +1.347667365272047e-02    5   13    13    5    0    0
 -5.903539308810886e-02    5   13    13    13    0    0
 +1.069853978505015e-02    5   13    13    14    0    0
 -1.405198915708103e-03    5   13    14    4    0    0
 -1.467364730301154e-02    5   13    14    5    0    0
 +1.069853978505014e-02    5   13    14    13    0    0
 -4.818503649566817e-02    5   13    14    14    0    0
 +7.155147875730228e-02    5   14    1    1    0    0
 +4.254565405478133e-02    5   14    1    2    0    0
 +5.374459130147682e-02    5   14    1    6    0    0
 -6.004885824695883e-03    5   14    1    7    0    0
 +1.034467645662193e-03    5   14    1    8    0    0
 -8.820492920722060e-03    5   14    1    9    0    0
 +3.042083873132419e-03    5   14    1    10    0    0
 +4.307308760429213e-05    5   14    1    11    0    0
 +4.192854945217763e-02    5   14    2    1    0    0
 +1.693994054437781e-02    5   14    2    2    0    0
 +3.177980588754475e-02    5   14    2    6    0    0
 -3.848187994904469e-03    5   14    2    7    0    0
 +6.629311682801147e-04    5   14    2    8    0    0
 -5.652549600038675e-03    5   14    2    9    0    0
 +1.949497622741819e-03    5   14    2    10    0    0
 +2.760307913608083e-05    5   14    2    11    0    0
 +1.937876774669339e-02    5   14    3    3    0    0
 -3.734653779955315e-02    5   14    3    12    0    0
 +1.937876774669721e-02    5   14    4    4    0    0
 -5.800683300914603e-04    5   14    4    5    0    0
 +3.181686452139759e-02    5   14    4    13    0    0
 +1.983258365597354e-02    5   14    4    14    0    0
 -5.800683300915183e-04    5   14    5    4    0    0
 +1.709095939508380e-02    5   14    5    5    0    0
 -1.983258365597374e-02    5   14    5    13    0    0
 +4.640349016504414e-02    5   14    5    14    0    0
 +4.186038421961432e-02    5   14    6    1    0    0
 +2.726813060878907e-02    5   14    6    2    0    0
 +8.207434780674590e-02    5   14    6    6    0    0
 -2.203473383777164e-03    5   14    6    7    0    0
 +3.795945485292994e-04    5   14    6    8    0    0
 -3.236651278642982e-03    5   14    6    9    0    0
 +1.116282813920849e-03    5   14    6    10    0    0
 +1.580552984071929e-05    5   14    6    11    0    0
 -2.561886741242870e-03    5   14    7    1    0    0
 -2.442783598417844e-03    5   14    7    2    0    0
 -1.381304338042583e-03    5   14    7    6    0    0
 +5.708766532548898e-02    5   14    7    7    0    0
 +1.390969435716457e-03    5   14    7    8    0    0
 +1.395449556884025e-03    5   14    7    9    0    0
 -2.862340738130650e-03    5   14    7    10    0    0
 -1.322740350904151e-03    5   14    7    11    0    0
 +4.413387736312086e-04    5   14    8    1    0    0
 +4.208207569118168e-04    5   14    8    2    0    0
 +2.379586703616253e-04    5   14    8    6    0    0
 +1.390969435716435e-03    5   14    8    7    0    0
 +5.693221677980988e-02    5   14    8    8    0    0
 -3.588128809224863e-04    5   14    8    9    0    0
 +2.285041430312848e-03    5   14    8    10    0    0
 +1.398521125567069e-03    5   14    8    11    0    0
 -3.763119653647791e-03    5   14    9    1    0    0
 -3.588170710604714e-03    5   14    9    2    0    0
 -2.028978650178937e-03    5   14    9    6    0    0
 +1.395449556884022e-03    5   14    9    7    0    0
 -3.588128809224861e-04    5   14    9    8    0    0
 +5.958748899091090e-02    5   14    9    9    0    0
 -6.359795054142361e-04    5   14    9    10    0    0
 +5.435526476405960e-04    5   14    9    11    0    0
 +1.297855540945507e-03    5   14    10    1    0    0
 +1.237517715946852e-03    5   14    10    2    0    0
 +6.997707822129842e-04    5   14    10    6    0    0
 -2.862340738130602e-03    5   14    10    7    0    0
 +2.285041430312849e-03    5   14    10    8    0    0
 -6.359795054142361e-04    5   14    10    9    0    0
 +5.240694800206662e-02    5   14    10    10    0    0
 +1.267202299652535e-03    5   14    10    11    0    0
 +1.837643133594805e-05    5   14    11    1    0    0
 +1.752210366765690e-05    5   14    11    2    0    0
 +9.908105582185112e-06    5   14    11    6    0    0
 -1.322740350904141e-03    5   14    11    7    0    0
 +1.398521125567085e-03    5   14    11    8    0    0
 +5.435526476405946e-04    5   14    11    9    0    0
 +1.267202299652544e-03    5   14    11    10    0    0
 +5.077666680180636e-02    5   14    11    11    0    0
 -2.706135635035917e-02    5   14    12    3    0    0
 +9.502167520506460e-02    5   14    12    12    0    0
 +2.290093362946566e-02    5   14    13    4    0    0
 -1.467364730301172e-02    5   14    13    5    0    0
 +9.502167520506480e-02    5   14    13    13    0    0
 -5.425178296220388e-03    5   14    13    14    0    0
 +1.467364730301164e-02    5   14    14    4    0    0
 +3.497240836647796e-02    5   14    14    5    0    0
 -5.425178296220365e-03    5   14    14    13    0    0
 +1.164187547751648e-01    5   14    14    14    0    0
 +9.163208141250602e-02    6   1    1    1    0    0
 +5.146554292828235e-02    6   1    1    2    0    0
 +1.068382934042274e-01    6   1    1    6    0    0
 +4.890122434409255e-02    6   1    2    1    0    0
 +2.913347319187968e-02    6   1    2    2    0    0
 +6.366579743770133e-02    6   1    2    6    0    0
 +2.085789146663940e-02    6   1    3    3    0    0
 -4.693491028624434e-02    6   1    3    12    0    0
 +2.085789146664549e-02    6   1    4    4    0    0
 +4.186038421961398e-02    6   1    4    13    0    0
 +2.122720039393008e-02    6   1    4    14    0    0
 +2.085789146664196e-02    6   1    5    5    0    0
 -2.122720039392982e-02    6   1    5    13    0    0
 +4.186038421961432e-02    6   1    5    14    0    0
 +6.321825516469595e-02    6   1    6    1    0    0
 +4.021217461199622e-02    6   1    6    2    0    0
 +1.458537150784139e-01    6   1    6    6    0    0
 +4.825871638713852e-02    6   1    7    7    0    0
 +4.825871638713843e-02    6   1    8    8    0    0
 +4.825871638713846e-02    6   1    9    9    0    0
 +4.825871638713836e-02    6   1    10    10    0    0
 +4.825871638713845e-02    6   1    11    11    0    0
 -1.868825874405636e-02    6   1    12    3    0    0
 +1.210669622526441e-01    6   1    12    12    0    0
 +1.666771464248533e-02    6   1    13    4    0    0
 -8.452118283689797e-03    6   1    13    5    0    0
 +1.210669622526440e-01    6   1    13    13    0    0
 +8.452118283689811e-03    6   1    14    4    0    0
 +1.666771464248535e-02    6   1    14    5    0    0
 +1.210669622526441e-01    6   1    14    14    0    0
 +1.193931338933925e-01    6   2    1    1    0    0
 +4.369748844275655e-02    6   2    1    2    0    0
 +6.023838185333634e-02    6   2    1    6    0    0
 +4.601296957463476e-02    6   2    2    1    0    0
 +4.599720090614424e-02    6   2    2    2    0    0
 +4.711837105762852e-02    6   2    2    6    0    0
 +7.214605231578172e-02    6   2    3    3    0    0
 -3.057371038647634e-02    6   2    3    12    0    0
 +7.214605231578744e-02    6   2    4    4    0    0
 +2.726813060878879e-02    6   2    4    13    0    0
 +1.382753846127875e-02    6   2    4    14    0    0
 +7.214605231578371e-02    6   2    5    5    0    0
 -1.382753846127851e-02    6   2    5    13    0    0
 +2.726813060878907e-02    6   2    5    14    0    0
 +4.021217461199622e-02    6   2    6    1    0    0
 +4.144177182885909e-02    6   2    6    2    0    0
 +1.489732257629354e-01    6   2    6    6    0    0
 +9.880819924732993e-02    6   2    7    7    0    0
 +9.880819924732988e-02    6   2    8    8    0    0
 +9.880819924732991e-02    6   2    9    9    0    0
 +9.880819924732988e-02    6   2    10    10    0    0
 +9.880819924732985e-02    6   2    11    11    0    0
 -2.272403211292491e-02    6   2    12    3    0    0
 +1.404384841594559e-01    6   2    12    12    0    0
 +2.026714676697022e-02    6   2    13    4    0    0
 -1.027737307853207e-02    6   2    13    5    0    0
 +1.404384841594558e-01    6   2    13    13    0    0
 +1.027737307853199e-02    6   2    14    4    0    0
 +2.026714676697006e-02    6   2    14    5    0    0
 +1.404384841594556e-01    6   2    14    14    0    0
 -3.497306434404920e-02    6   3    1    3    0    0
 +2.644771979136403e-03    6   3    1    12    0    0
 +8.831765144295354e-03    6   3    2    3    0    0
 +1.347814731633964e-02    6   3    2    12    0    0
 -4.151602720565682e-02    6   3    3    1    0    0
 +3.624252718101871e-03    6   3    3    2    0    0
 +2.926277757270924e-02    6   3    3    6    0    0
 -2.368211451813579e-03    6   3    3    7    0    0
 -5.940208268220518e-03    6   3    3    8    0    0
 -1.777248872756872e-02    6   3    3    9    0    0
 +5.003653849321875e-03    6   3    3    10    0    0
 +2.969264244085464e-02    6   3    3    11    0    0
 -9.177442126309126e-03    6   3    4    7    0    0
 +1.612526912979280e-02    6   3    4    8    0    0
 -2.369097909031669e-02    6   3    4    10    0    0
 +6.486279979065207e-03    6   3    4    11    0    0
 +1.122745816320788e-02    6   3    5    7    0    0
 +2.496024521227413e-02    6   3    5    8    0    0
 +1.362364485619765e-02    6   3    5    10    0    0
 +3.593147601114877e-03    6   3    5    11    0    0
 +2.890023163892453e-02    6   3    6    3    0    0
 -9.941748632781547e-04    6   3    6    12    0    0
 -2.621901544446145e-03    6   3    7    3    0    0
 -1.016055794621214e-02    6   3    7    4    0    0
 +1.243017800449210e-02    6   3    7    5    0    0
 +1.090863050489796e-03    6   3    7    12    0    0
 -6.109311254228333e-03    6   3    7    13    0    0
 +2.700608609991071e-03    6   3    7    14    0    0
 -6.576541643210160e-03    6   3    8    3    0    0
 +1.785265754189160e-02    6   3    8    4    0    0
 +2.763406342862692e-02    6   3    8    5    0    0
 +2.736222606749680e-03    6   3    8    12    0    0
 +1.424761301366490e-03    6   3    8    13    0    0
 +1.361363139286841e-02    6   3    8    14    0    0
 -1.967633236794779e-02    6   3    9    3    0    0
 +8.186495024886614e-03    6   3    9    12    0    0
 +5.539660635187126e-03    6   3    10    3    0    0
 -2.622882961687199e-02    6   3    10    4    0    0
 +1.508305158396939e-02    6   3    10    5    0    0
 -2.304819992947163e-03    6   3    10    12    0    0
 -1.257102802011752e-02    6   3    10    13    0    0
 +6.614542163357154e-04    6   3    10    14    0    0
 +3.287340959978376e-02    6   3    11    3    0    0
 +7.181110234813669e-03    6   3    11    4    0    0
 +3.978056620565544e-03    6   3    11    5    0    0
 -1.367724427028247e-02    6   3    11    12    0    0
 +1.916175390714629e-03    6   3    11    13    0    0
 +2.827425353906413e-03    6   3    11    14    0    0
 +8.716536529737367e-03    6   3    12    1    0    0
 +1.787750216891172e-02    6   3    12    2    0    0
 +1.778145920201341e-02    6   3    12    6    0    0
 +1.171627325642366e-04    6   3    12    7    0    0
 +2.938804438988807e-04    6   3    12    8    0    0
 +8.792598913389112e-04    6   3    12    9    0    0
 -2.475462051089994e-04    6   3    12    10    0    0
 -1.468986699966900e-03    6   3    12    11    0    0
 -6.561626597485331e-04    6   3    13    7    0    0
 +1.530246415852997e-04    6   3    13    8    0    0
 -1.350174976883775e-03    6   3    13    10    0    0
 +2.058043351524774e-04    6   3    13    11    0    0
 +2.900553687201829e-04    6   3    14    7    0    0
 +1.462154441287965e-03    6   3    14    8    0    0
 +7.104263309426054e-05    6   3    14    10    0    0
 +3.036759567906388e-04    6   3    14    11    0    0
 -3.497306434404997e-02    6   4    1    4    0    0
 -2.358823539764233e-03    6   4    1    13    0    0
 -1.196148122047697e-03    6   4    1    14    0    0
 +8.831765144295532e-03    6   4    2    4    0    0
 -1.202091197766531e-02    6   4    2    13    0    0
 -6.095746903061951e-03    6   4    2    14    0    0
 -9.177442126308910e-03    6   4    3    7    0    0
 +1.612526912979272e-02    6   4    3    8    0    0
 -2.369097909031652e-02    6   4    3    10    0    0
 +6.486279979065267e-03    6   4    3    11    0    0
 -4.151602720565772e-02    6   4    4    1    0    0
 +3.624252718101974e-03    6   4    4    2    0    0
 +2.926277757270922e-02    6   4    4    6    0    0
 -2.381911618264297e-02    6   4    4    7    0    0
 +9.069893895026692e-03    6   4    4    8    0    0
 -2.565237125126454e-04    6   4    4    9    0    0
 +9.090776011733880e-03    6   4    4    10    0    0
 -2.304613065975082e-02    6   4    4    11    0    0
 -1.038919539751540e-02    6   4    5    7    0    0
 -9.348424037155733e-04    6   4    5    8    0    0
 +2.504192169021856e-02    6   4    5    9    0    0
 +6.895797311785589e-03    6   4    5    10    0    0
 +1.281112379468915e-02    6   4    5    11    0    0
 +2.890023163892479e-02    6   4    6    4    0    0
 +8.866862960745061e-04    6   4    6    13    0    0
 +4.496343749397993e-04    6   4    6    14    0    0
 -1.016055794621229e-02    6   4    7    3    0    0
 -2.637069314853215e-02    6   4    7    4    0    0
 -1.150211795379950e-02    6   4    7    5    0    0
 +4.227381176597526e-03    6   4    7    12    0    0
 -7.621136354427782e-03    6   4    7    13    0    0
 -9.230317830258241e-03    6   4    7    14    0    0
 +1.785265754189199e-02    6   4    8    3    0    0
 +1.004148881769924e-02    6   4    8    4    0    0
 -1.034985596509385e-03    6   4    8    5    0    0
 -7.427740567433091e-03    6   4    8    12    0    0
 +3.920893422076293e-03    6   4    8    13    0    0
 +1.505451072972384e-03    6   4    8    14    0    0
 -2.840033213711773e-04    6   4    9    4    0    0
 +2.772448934203252e-02    6   4    9    5    0    0
 -5.322305884415678e-03    6   4    9    13    0    0
 +1.023440913213841e-02    6   4    9    14    0    0
 -2.622882961687242e-02    6   4    10    3    0    0
 +1.006460789095785e-02    6   4    10    4    0    0
 +7.634496323422950e-03    6   4    10    5    0    0
 +1.091271376960989e-02    6   4    10    12    0    0
 +2.298135173894873e-03    6   4    10    13    0    0
 +4.726824759692514e-03    6   4    10    14    0    0
 +7.181110234813807e-03    6   4    11    3    0    0
 -2.551490303960703e-02    6   4    11    4    0    0
 +1.418349076796530e-02    6   4    11    5    0    0
 -2.987758191472205e-03    6   4    11    12    0    0
 -1.213683766231208e-02    6   4    11    13    0    0
 +4.619897918513340e-04    6   4    11    14    0    0
 +4.540363980781021e-04    6   4    12    7    0    0
 -7.977668519143071e-04    6   4    12    8    0    0
 +1.172065883398485e-03    6   4    12    10    0    0
 -3.208962974747064e-04    6   4    12    11    0    0
 -7.774118795025531e-03    6   4    13    1    0    0
 -1.594461574792829e-02    6   4    13    2    0    0
 -1.585895679020479e-02    6   4    13    6    0    0
 -8.185382758437508e-04    6   4    13    7    0    0
 +4.211184779037453e-04    6   4    13    8    0    0
 -5.716353676853027e-04    6   4    13    9    0    0
 +2.468282307798884e-04    6   4    13    10    0    0
 -1.303541324061635e-03    6   4    13    11    0    0
 -3.942218415446470e-03    6   4    14    1    0    0
 -8.085438296739305e-03    6   4    14    2    0    0
 -8.042001049446204e-03    6   4    14    6    0    0
 -9.913703273239048e-04    6   4    14    7    0    0
 +1.616910219592032e-04    6   4    14    8    0    0
 +1.099213452654404e-03    6   4    14    9    0    0
 +5.076784890177585e-04    6   4    14    10    0    0
 +4.961941501805353e-05    6   4    14    11    0    0
 -3.497306434405029e-02    6   5    1    5    0    0
 +1.196148122048029e-03    6   5    1    13    0    0
 -2.358823539763904e-03    6   5    1    14    0    0
 +8.831765144295539e-03    6   5    2    5    0    0
 +6.095746903062049e-03    6   5    2    13    0    0
 -1.202091197766519e-02    6   5    2    14    0    0
 +1.122745816320794e-02    6   5    3    7    0    0
 +2.496024521227420e-02    6   5    3    8    0    0
 +1.362364485619781e-02    6   5    3    10    0    0
 +3.593147601114841e-03    6   5    3    11    0    0
 -1.038919539751521e-02    6   5    4    7    0    0
 -9.348424037156625e-04    6   5    4    8    0    0
 +2.504192169021839e-02    6   5    4    9    0    0
 +6.895797311785726e-03    6   5    4    10    0    0
 +1.281112379468927e-02    6   5    4    11    0    0
 -4.151602720565790e-02    6   5    5    1    0    0
 +3.624252718101942e-03    6   5    5    2    0    0
 +2.926277757270936e-02    6   5    5    6    0    0
 +2.618732763445690e-02    6   5    5    7    0    0
 -3.129685626806051e-03    6   5    5    8    0    0
 +1.802901244008180e-02    6   5    5    9    0    0
 -1.409442986105585e-02    6   5    5    10    0    0
 -6.646511781104193e-03    6   5    5    11    0    0
 +2.890023163892497e-02    6   5    6    5    0    0
 -4.496343749397224e-04    6   5    6    13    0    0
 +8.866862960746564e-04    6   5    6    14    0    0
 +1.243017800449233e-02    6   5    7    3    0    0
 -1.150211795379983e-02    6   5    7    4    0    0
 +2.899259469297842e-02    6   5    7    5    0    0
 -5.171674704885333e-03    6   5    7    12    0    0
 -9.723681265574661e-03    6   5    7    13    0    0
 +8.594057068369566e-03    6   5    7    14    0    0
 +2.763406342862766e-02    6   5    8    3    0    0
 -1.034985596509317e-03    6   5    8    4    0    0
 -3.464947174488980e-03    6   5    8    5    0    0
 -1.149737250547658e-02    6   5    8    12    0    0
 +2.679426758827160e-04    6   5    8    13    0    0
 -1.480506747628794e-03    6   5    8    14    0    0
 +2.772448934203259e-02    6   5    9    4    0    0
 +1.996033568931972e-02    6   5    9    5    0    0
 +6.531912006707326e-03    6   5    9    13    0    0
 +1.262369039892204e-02    6   5    9    14    0    0
 +1.508305158396959e-02    6   5    10    3    0    0
 +7.634496323423098e-03    6   5    10    4    0    0
 -1.560426852614511e-02    6   5    10    5    0    0
 -6.275423917590304e-03    6   5    10    12    0    0
 +5.769223169827972e-03    6   5    10    13    0    0
 -4.353761782604880e-03    6   5    10    14    0    0
 +3.978056620565681e-03    6   5    11    3    0    0
 +1.418349076796523e-02    6   5    11    4    0    0
 -7.358506560177281e-03    6   5    11    5    0    0
 -1.655102186931331e-03    6   5    11    12    0    0
 +6.647782055890647e-03    6   5    11    13    0    0
 -6.164523086514083e-05    6   5    11    14    0    0
 -5.554570210126576e-04    6   5    12    7    0    0
 -1.234860397412962e-03    6   5    12    8    0    0
 -6.740037751336882e-04    6   5    12    10    0    0
 -1.777641059589592e-04    6   5    12    11    0    0
 +3.942218415446419e-03    6   5    13    1    0    0
 +8.085438296739232e-03    6   5    13    2    0    0
 +8.042001049446083e-03    6   5    13    6    0    0
 -1.044359387869286e-03    6   5    13    7    0    0
 +2.877803594403618e-05    6   5    13    8    0    0
 +7.015515460273185e-04    6   5    13    9    0    0
 +6.196359396778942e-04    6   5    13    10    0    0
 +7.139964185331389e-04    6   5    13    11    0    0
 -7.774118795025739e-03    6   5    14    1    0    0
 -1.594461574792845e-02    6   5    14    2    0    0
 -1.585895679020491e-02    6   5    14    6    0    0
 +9.230335645627295e-04    6   5    14    7    0    0
 -1.590119090147302e-04    6   5    14    8    0    0
 +1.355831111447951e-03    6   5    14    9    0    0
 -4.676101433216610e-04    6   5    14    10    0    0
 -6.620926150613269e-06    6   5    14    11    0    0
 +5.407352033322566e-01    6   6    1    1    0    0
 +1.411329138150119e-01    6   6    1    2    0    0
 +1.923539257377080e-01    6   6    1    6    0    0
 +1.565479904487516e-01    6   6    2    1    0    0
 +2.976119509533038e-01    6   6    2    2    0    0
 +1.465227894977746e-01    6   6    2    6    0    0
 +3.826342382961013e-01    6   6    3    3    0    0
 -9.202381255991161e-02    6   6    3    12    0    0
 +3.826342382961295e-01    6   6    4    4    0    0
 +8.207434780674587e-02    6   6    4    13    0    0
 +4.161950876883198e-02    6   6    4    14    0    0
 +3.826342382961101e-01    6   6    5    5    0    0
 -4.161950876883120e-02    6   6    5    13    0    0
 +8.207434780674590e-02    6   6    5    14    0    0
 +1.458537150784139e-01    6   6    6    1    0    0
 +1.489732257629354e-01    6   6    6    2    0    0
 +6.443711201679806e-01    6   6    6    6    0    0
 +4.732927240423657e-01    6   6    7    7    0    0
 +4.732927240423657e-01    6   6    8    8    0    0
 +4.732927240423658e-01    6   6    9    9    0    0
 +4.732927240423658e-01    6   6    10    10    0    0
 +4.732927240423662e-01    6   6    11    11    0    0
 -8.715338402566813e-02    6   6    12    3    0    0
 +6.065945180984139e-01    6   6    12    12    0    0
 +7.773050207413122e-02    6   6    13    4    0    0
 -3.941676539784984e-02    6   6    13    5    0    0
 +6.065945180984139e-01    6   6    13    13    0    0
 +3.941676539784987e-02    6   6    14    4    0    0
 +7.773050207413103e-02    6   6    14    5    0    0
 +6.065945180984139e-01    6   6    14    14    0    0
 -1.781083900057547e-02    6   7    1    7    0    0
 -2.852345401393676e-03    6   7    2    7    0    0
 -1.186176779015526e-03    6   7    3    3    0    0
 -4.596746938560053e-03    6   7    3    4    0    0
 +5.623547741215041e-03    6   7    3    5    0    0
 -2.796918472821295e-04    6   7    3    12    0    0
 +1.566396945564726e-03    6   7    3    13    0    0
 -6.924225828121017e-04    6   7    3    14    0    0
 -4.596746938560055e-03    6   7    4    3    0    0
 -1.193038843338423e-02    6   7    4    4    0    0
 -5.203683279105242e-03    6   7    4    5    0    0
 -1.083879456653481e-03    6   7    4    12    0    0
 +1.954021363544920e-03    6   7    4    13    0    0
 +2.366607470834118e-03    6   7    4    14    0    0
 +5.623547741215039e-03    6   7    5    3    0    0
 -5.203683279105243e-03    6   7    5    4    0    0
 +1.311656521239980e-02    6   7    5    5    0    0
 +1.325991609214496e-03    6   7    5    12    0    0
 +2.493103395820402e-03    6   7    5    13    0    0
 -2.203473383777164e-03    6   7    5    14    0    0
 +1.299809819305652e-02    6   7    6    7    0    0
 -9.938437083609163e-03    6   7    7    1    0    0
 -5.923441480731167e-04    6   7    7    2    0    0
 +1.382434004898411e-02    6   7    7    6    0    0
 +5.147235651898901e-03    6   7    7    7    0    0
 +9.207517000837799e-03    6   7    7    8    0    0
 +2.262060212501347e-03    6   7    7    9    0    0
 -9.974071422680308e-04    6   7    7    10    0    0
 -5.975061524212471e-03    6   7    7    11    0    0
 +9.207517000837799e-03    6   7    8    7    0    0
 -2.910038206603881e-03    6   7    8    8    0    0
 -5.742144705849012e-04    6   7    8    9    0    0
 +5.668546975282740e-03    6   7    8    10    0    0
 +2.283872142521891e-03    6   7    8    11    0    0
 +2.262060212501341e-03    6   7    9    7    0    0
 -5.742144705849007e-04    6   7    9    8    0    0
 -7.208493935868262e-03    6   7    9    10    0    0
 +2.267101477404040e-03    6   7    9    11    0    0
 -9.974071422680323e-04    6   7    10    7    0    0
 +5.668546975282736e-03    6   7    10    8    0    0
 -7.208493935868266e-03    6   7    10    9    0    0
 -5.920088010114929e-04    6   7    10    10    0    0
 +5.245766825636759e-03    6   7    10    11    0    0
 -5.975061524212473e-03    6   7    11    7    0    0
 +2.283872142521892e-03    6   7    11    8    0    0
 +2.267101477404042e-03    6   7    11    9    0    0
 +5.245766825636758e-03    6   7    11    10    0    0
 -1.645188644283536e-03    6   7    11    11    0    0
 -1.447275201829558e-04    6   7    12    3    0    0
 -5.608571986028512e-04    6   7    12    4    0    0
 +6.861389749106483e-04    6   7    12    5    0    0
 -1.261477014356986e-04    6   7    12    12    0    0
 +7.064824239211351e-04    6   7    12    13    0    0
 -3.122991180926171e-04    6   7    12    14    0    0
 +8.105375532275337e-04    6   7    13    3    0    0
 +1.011115157908472e-03    6   7    13    4    0    0
 +1.290065032438496e-03    6   7    13    5    0    0
 +7.064824239211356e-04    6   7    13    12    0    0
 -2.774710699758554e-04    6   7    13    13    0    0
 -1.401464787305612e-03    6   7    13    14    0    0
 -3.582964762930297e-04    6   7    14    3    0    0
 +1.224609275631803e-03    6   7    14    4    0    0
 -1.140194974298059e-03    6   7    14    5    0    0
 -3.122991180926178e-04    6   7    14    12    0    0
 -1.401464787305613e-03    6   7    14    13    0    0
 +4.036187714115522e-04    6   7    14    14    0    0
 -1.781083900057552e-02    6   8    1    8    0    0
 -2.852345401393692e-03    6   8    2    8    0    0
 -2.975298977159874e-03    6   8    3    3    0    0
 +8.076736468142985e-03    6   8    3    4    0    0
 +1.250195089068620e-02    6   8    3    5    0    0
 -7.015538340154814e-04    6   8    3    12    0    0
 -3.653016940452505e-04    6   8    3    13    0    0
 -3.490467213808125e-03    6   8    3    14    0    0
 +8.076736468142991e-03    6   8    4    3    0    0
 +4.542878769620215e-03    6   8    4    4    0    0
 -4.682387421432734e-04    6   8    4    5    0    0
 +1.904435647998996e-03    6   8    4    12    0    0
 -1.005297524491709e-03    6   8    4    13    0    0
 -3.859901491790525e-04    6   8    4    14    0    0
 +1.250195089068619e-02    6   8    5    3    0    0
 -4.682387421432742e-04    6   8    5    4    0    0
 -1.567579792460340e-03    6   8    5    5    0    0
 +2.947868986398893e-03    6   8    5    12    0    0
 -6.869916617825924e-05    6   8    5    13    0    0
 +3.795945485292994e-04    6   8    5    14    0    0
 +1.299809819305652e-02    6   8    6    8    0    0
 +9.207517000837799e-03    6   8    7    7    0    0
 -2.910038206603893e-03    6   8    7    8    0    0
 -5.742144705848963e-04    6   8    7    9    0    0
 +5.668546975282785e-03    6   8    7    10    0    0
 +2.283872142521896e-03    6   8    7    11    0    0
 -9.938437083609234e-03    6   8    8    1    0    0
 -5.923441480731398e-04    6   8    8    2    0    0
 +1.382434004898412e-02    6   8    8    6    0    0
 -2.910038206603893e-03    6   8    8    7    0    0
 -5.968134047629236e-03    6   8    8    8    0    0
 +5.471893097267621e-03    6   8    8    9    0    0
 -1.325079388687391e-03    6   8    8    10    0    0
 +8.792104752494470e-03    6   8    8    11    0    0
 -5.742144705848957e-04    6   8    9    7    0    0
 +5.471893097267614e-03    6   8    9    8    0    0
 -4.830636405255896e-07    6   8    9    10    0    0
 +3.524226135287860e-03    6   8    9    11    0    0
 +5.668546975282782e-03    6   8    10    7    0    0
 -1.325079388687390e-03    6   8    10    8    0    0
 -4.830636405255375e-07    6   8    10    9    0    0
 -7.741494433226954e-03    6   8    10    10    0    0
 -1.897173233143006e-04    6   8    10    11    0    0
 +2.283872142521897e-03    6   8    11    7    0    0
 +8.792104752494470e-03    6   8    11    8    0    0
 +3.524226135287863e-03    6   8    11    9    0    0
 -1.897173233143008e-04    6   8    11    10    0    0
 +4.502111480018396e-03    6   8    11    11    0    0
 -3.630214740206153e-04    6   8    12    3    0    0
 +9.854568567559728e-04    6   8    12    4    0    0
 +1.525385070646736e-03    6   8    12    5    0    0
 -3.164175304158217e-04    6   8    12    12    0    0
 -1.647597864656083e-04    6   8    12    13    0    0
 -1.574284056676025e-03    6   8    12    14    0    0
 -1.890266334594713e-04    6   8    13    3    0    0
 -5.201947042059907e-04    6   8    13    4    0    0
 -3.554862272973601e-05    6   8    13    5    0    0
 -1.647597864656075e-04    6   8    13    12    0    0
 +3.903773561670877e-04    6   8    13    13    0    0
 +2.326996053667453e-04    6   8    13    14    0    0
 -1.806154412591092e-03    6   8    14    3    0    0
 -1.997319465997309e-04    6   8    14    4    0    0
 +1.964225207758741e-04    6   8    14    5    0    0
 -1.574284056676022e-03    6   8    14    12    0    0
 +2.326996053667454e-04    6   8    14    13    0    0
 -7.395982575126174e-05    6   8    14    14    0    0
 -1.781083900057503e-02    6   9    1    9    0    0
 -2.852345401393364e-03    6   9    2    9    0    0
 -8.901786796872979e-03    6   9    3    3    0    0
 -2.098976507865491e-03    6   9    3    12    0    0
 -1.284861918966549e-04    6   9    4    4    0    0
 +1.254286055753835e-02    6   9    4    5    0    0
 +1.364612692623899e-03    6   9    4    13    0    0
 -2.624051474402458e-03    6   9    4    14    0    0
 +1.254286055753835e-02    6   9    5    4    0    0
 +9.030272988769739e-03    6   9    5    5    0    0
 -1.674749671482638e-03    6   9    5    13    0    0
 -3.236651278642982e-03    6   9    5    14    0    0
 +1.299809819305656e-02    6   9    6    9    0    0
 +2.262060212501382e-03    6   9    7    7    0    0
 -5.742144705849032e-04    6   9    7    8    0    0
 -7.208493935868243e-03    6   9    7    10    0    0
 +2.267101477404048e-03    6   9    7    11    0    0
 -5.742144705849032e-04    6   9    8    7    0    0
 +5.471893097267598e-03    6   9    8    8    0    0
 -4.830636405197924e-07    6   9    8    10    0    0
 +3.524226135287896e-03    6   9    8    11    0    0
 -9.938437083609407e-03    6   9    9    1    0    0
 -5.923441480729235e-04    6   9    9    2    0    0
 +1.382434004898428e-02    6   9    9    6    0    0
 +1.237277259984393e-02    6   9    9    9    0    0
 -7.208493935868242e-03    6   9    10    7    0    0
 -4.830636405198103e-07    6   9    10    8    0    0
 -8.817672337339127e-03    6   9    10    10    0    0
 -1.174115728181920e-03    6   9    10    11    0    0
 +2.267101477404048e-03    6   9    11    7    0    0
 +3.524226135287896e-03    6   9    11    8    0    0
 -1.174115728181920e-03    6   9    11    10    0    0
 -1.128905357227361e-02    6   9    11    11    0    0
 -1.086122702029449e-03    6   9    12    3    0    0
 -9.466885231287779e-04    6   9    12    12    0    0
 +7.061235889884310e-04    6   9    13    4    0    0
 -8.666050485069259e-04    6   9    13    5    0    0
 -8.905512407211141e-04    6   9    13    13    0    0
 +3.953253956538422e-04    6   9    13    14    0    0
 -1.357824571624482e-03    6   9    14    4    0    0
 -1.674816473225620e-03    6   9    14    5    0    0
 +3.953253956538420e-04    6   9    14    13    0    0
 +1.837239763849925e-03    6   9    14    14    0    0
 -1.781083900057544e-02    6   10    1    10    0    0
 -2.852345401393655e-03    6   10    2    10    0    0
 +2.506202730230075e-03    6   10    3    3    0    0
 -1.186620782850978e-02    6   10    3    4    0    0
 +6.823736605783759e-03    6   10    3    5    0    0
 +5.909443547388703e-04    6   10    3    12    0    0
 +3.223148907283483e-03    6   10    3    13    0    0
 -1.695935631667279e-04    6   10    3    14    0    0
 -1.186620782850978e-02    6   10    4    3    0    0
 +4.553338089845212e-03    6   10    4    4    0    0
 +3.453929182621825e-03    6   10    4    5    0    0
 -2.797965401534894e-03    6   10    4    12    0    0
 -5.892304004632554e-04    6   10    4    13    0    0
 -1.211934301215622e-03    6   10    4    14    0    0
 +6.823736605783761e-03    6   10    5    3    0    0
 +3.453929182621826e-03    6   10    5    4    0    0
 -7.059540820075310e-03    6   10    5    5    0    0
 +1.608987404240320e-03    6   10    5    12    0    0
 -1.479200056347588e-03    6   10    5    13    0    0
 +1.116282813920849e-03    6   10    5    14    0    0
 +1.299809819305653e-02    6   10    6    10    0    0
 -9.974071422680123e-04    6   10    7    7    0    0
 +5.668546975282742e-03    6   10    7    8    0    0
 -7.208493935868266e-03    6   10    7    9    0    0
 -5.920088010114972e-04    6   10    7    10    0    0
 +5.245766825636764e-03    6   10    7    11    0    0
 +5.668546975282742e-03    6   10    8    7    0    0
 -1.325079388687415e-03    6   10    8    8    0    0
 -4.830636405302355e-07    6   10    8    9    0    0
 -7.741494433226895e-03    6   10    8    10    0    0
 -1.897173233143126e-04    6   10    8    11    0    0
 -7.208493935868265e-03    6   10    9    7    0    0
 -4.830636405303537e-07    6   10    9    8    0    0
 -8.817672337339178e-03    6   10    9    10    0    0
 -1.174115728181887e-03    6   10    9    11    0    0
 -9.938437083609170e-03    6   10    10    1    0    0
 -5.923441480731085e-04    6   10    10    2    0    0
 +1.382434004898410e-02    6   10    10    6    0    0
 -5.920088010114975e-04    6   10    10    7    0    0
 -7.741494433226897e-03    6   10    10    8    0    0
 -8.817672337339176e-03    6   10    10    9    0    0
 +9.841148771963675e-04    6   10    10    10    0    0
 -3.752927362352680e-03    6   10    10    11    0    0
 +5.245766825636763e-03    6   10    11    7    0    0
 -1.897173233143129e-04    6   10    11    8    0    0
 -1.174115728181889e-03    6   10    11    9    0    0
 -3.752927362352684e-03    6   10    11    10    0    0
 +1.338371653759038e-03    6   10    11    11    0    0
 +3.057862138584382e-04    6   10    12    3    0    0
 -1.447816938737551e-03    6   10    12    4    0    0
 +8.325761343569702e-04    6   10    12    5    0    0
 +2.665300141963507e-04    6   10    12    12    0    0
 +1.453717117569733e-03    6   10    12    13    0    0
 -7.649074643990726e-05    6   10    12    14    0    0
 +1.667829624154222e-03    6   10    13    3    0    0
 -3.048993222510280e-04    6   10    13    4    0    0
 -7.654172193075643e-04    6   10    13    5    0    0
 +1.453717117569733e-03    6   10    13    12    0    0
 -6.470948620878606e-05    6   10    13    13    0    0
 +7.152164997192521e-04    6   10    13    14    0    0
 -8.775677973677569e-05    6   10    14    3    0    0
 -6.271196237717956e-04    6   10    14    4    0    0
 +5.776244286400514e-04    6   10    14    5    0    0
 -7.649074643990736e-05    6   10    14    12    0    0
 +7.152164997192518e-04    6   10    14    13    0    0
 -2.018205279875645e-04    6   10    14    14    0    0
 -1.781083900057535e-02    6   11    1    11    0    0
 -2.852345401393424e-03    6   11    2    11    0    0
 +1.487228809065242e-02    6   11    3    3    0    0
 +3.248812384328580e-03    6   11    3    4    0    0
 +1.799716087325733e-03    6   11    3    5    0    0
 +3.506777238413751e-03    6   11    3    12    0    0
 -4.912978164444180e-04    6   11    3    13    0    0
 -7.249377636645987e-04    6   11    3    14    0    0
 +3.248812384328582e-03    6   11    4    3    0    0
 -1.154321967906217e-02    6   11    4    4    0    0
 +6.416765507453721e-03    6   11    4    5    0    0
 +7.660463038233268e-04    6   11    4    12    0    0
 +3.111824664343758e-03    6   11    4    13    0    0
 -1.184518792257927e-04    6   11    4    14    0    0
 +1.799716087325732e-03    6   11    5    3    0    0
 +6.416765507453725e-03    6   11    5    4    0    0
 -3.329068411590272e-03    6   11    5    5    0    0
 +4.243599486623349e-04    6   11    5    12    0    0
 -1.704458174384273e-03    6   11    5    13    0    0
 +1.580552984071929e-05    6   11    5    14    0    0
 +1.299809819305602e-02    6   11    6    11    0    0
 -5.975061524212344e-03    6   11    7    7    0    0
 +2.283872142521840e-03    6   11    7    8    0    0
 +2.267101477404040e-03    6   11    7    9    0    0
 +5.245766825636729e-03    6   11    7    10    0    0
 -1.645188644283528e-03    6   11    7    11    0    0
 +2.283872142521840e-03    6   11    8    7    0    0
 +8.792104752494241e-03    6   11    8    8    0    0
 +3.524226135287873e-03    6   11    8    9    0    0
 -1.897173233142776e-04    6   11    8    10    0    0
 +4.502111480018345e-03    6   11    8    11    0    0
 +2.267101477404037e-03    6   11    9    7    0    0
 +3.524226135287870e-03    6   11    9    8    0    0
 -1.174115728181891e-03    6   11    9    10    0    0
 -1.128905357227346e-02    6   11    9    11    0    0
 +5.245766825636729e-03    6   11    10    7    0    0
 -1.897173233142771e-04    6   11    10    8    0    0
 -1.174115728181891e-03    6   11    10    9    0    0
 -3.752927362352633e-03    6   11    10    10    0    0
 +1.338371653759029e-03    6   11    10    11    0    0
 -9.938437083609013e-03    6   11    11    1    0    0
 -5.923441480728917e-04    6   11    11    2    0    0
 +1.382434004898357e-02    6   11    11    6    0    0
 -1.645188644283527e-03    6   11    11    7    0    0
 +4.502111480018345e-03    6   11    11    8    0    0
 -1.128905357227347e-02    6   11    11    9    0    0
 +1.338371653759029e-03    6   11    11    10    0    0
 +9.358841340707077e-04    6   11    11    11    0    0
 +1.814594091610067e-03    6   11    12    3    0    0
 +3.963933270669741e-04    6   11    12    4    0    0
 +2.195865329350008e-04    6   11    12    5    0    0
 +1.581640267214164e-03    6   11    12    12    0    0
 -2.215870461262201e-04    6   11    12    13    0    0
 -3.269642410347766e-04    6   11    12    14    0    0
 -2.542237656772994e-04    6   11    13    3    0    0
 +1.610224507045976e-03    6   11    13    4    0    0
 -8.819778167698384e-04    6   11    13    5    0    0
 -2.215870461262200e-04    6   11    13    12    0    0
 -1.599444633133592e-03    6   11    13    13    0    0
 +5.087251868109280e-05    6   11    13    14    0    0
 -3.751215698336942e-04    6   11    14    3    0    0
 -6.129333732089290e-05    6   11    14    4    0    0
 +8.178626446373760e-06    6   11    14    5    0    0
 -3.269642410347757e-04    6   11    14    12    0    0
 +5.087251868109202e-05    6   11    14    13    0    0
 +1.780436591941855e-05    6   11    14    14    0    0
 -2.022916401677385e-02    6   12    1    3    0    0
 +7.464305385353073e-02    6   12    1    12    0    0
 -1.480797893504789e-02    6   12    2    3    0    0
 +3.752007324348296e-02    6   12    2    12    0    0
 -2.319133643078676e-02    6   12    3    1    0    0
 -1.816107276021304e-02    6   12    3    2    0    0
 -1.453425856638122e-03    6   12    3    6    0    0
 -1.593042889343985e-03    6   12    3    7    0    0
 -3.995845276258723e-03    6   12    3    8    0    0
 -1.195515576606049e-02    6   12    3    9    0    0
 +3.365846060450702e-03    6   12    3    10    0    0
 +1.997357662889992e-02    6   12    3    11    0    0
 -6.173460106565537e-03    6   12    4    7    0    0
 +1.084710797522011e-02    6   12    4    8    0    0
 -1.593639189293018e-02    6   12    4    10    0    0
 +4.363175505730777e-03    6   12    4    11    0    0
 +7.552460055291325e-03    6   12    5    7    0    0
 +1.679019883180004e-02    6   12    5    8    0    0
 +9.164321263835335e-03    6   12    5    10    0    0
 +2.417030046846524e-03    6   12    5    11    0    0
 -9.941748632781547e-04    6   12    6    3    0    0
 +5.043199763065705e-02    6   12    6    12    0    0
 -1.307103882190847e-03    6   12    7    3    0    0
 -5.065371262643831e-03    6   12    7    4    0    0
 +6.196851273996682e-03    6   12    7    5    0    0
 +2.616797119090276e-03    6   12    7    12    0    0
 -1.465521091993418e-02    6   12    7    13    0    0
 +6.478306169818597e-03    6   12    7    14    0    0
 -3.278621629190771e-03    6   12    8    3    0    0
 +8.900135106087543e-03    6   12    8    4    0    0
 +1.377648663611303e-02    6   12    8    5    0    0
 +6.563738162473643e-03    6   12    8    12    0    0
 +3.417762905374083e-03    6   12    8    13    0    0
 +3.265681369739353e-02    6   12    8    14    0    0
 -9.809296798310963e-03    6   12    9    3    0    0
 +1.963802567788100e-02    6   12    9    12    0    0
 +2.761702451265219e-03    6   12    10    3    0    0
 -1.307593150862494e-02    6   12    10    4    0    0
 +7.519395731107005e-03    6   12    10    5    0    0
 -5.528875796881970e-03    6   12    10    12    0    0
 -3.015578343429733e-02    6   12    10    13    0    0
 +1.586717495784874e-03    6   12    10    14    0    0
 +1.638847248087810e-02    6   12    11    3    0    0
 +3.580018893634027e-03    6   12    11    4    0    0
 +1.983191650857590e-03    6   12    11    5    0    0
 -3.280941029902831e-02    6   12    11    12    0    0
 +4.596582714798585e-03    6   12    11    13    0    0
 +6.782518224650848e-03    6   12    11    14    0    0
 +5.143756818266471e-02    6   12    12    1    0    0
 +2.644258632437379e-02    6   12    12    2    0    0
 +4.330677589915437e-02    6   12    12    6    0    0
 +2.265237368942492e-03    6   12    12    7    0    0
 +5.681917355044394e-03    6   12    12    8    0    0
 +1.699970903103611e-02    6   12    12    9    0    0
 -4.786086002606402e-03    6   12    12    10    0    0
 -2.840155307422651e-02    6   12    12    11    0    0
 -1.268632221557553e-02    6   12    13    7    0    0
 +2.958595526935749e-03    6   12    13    8    0    0
 -2.610443393825468e-02    6   12    13    10    0    0
 +3.979044022570896e-03    6   12    13    11    0    0
 +5.607962923937149e-03    6   12    14    7    0    0
 +2.826945742115704e-02    6   12    14    8    0    0
 +1.373546210054028e-03    6   12    14    10    0    0
 +5.871304896328332e-03    6   12    14    11    0    0
 +1.804201974648154e-02    6   13    1    4    0    0
 -9.149021821217939e-03    6   13    1    5    0    0
 +7.464305385353032e-02    6   13    1    13    0    0
 +1.320696436738949e-02    6   13    2    4    0    0
 -6.697188390610000e-03    6   13    2    5    0    0
 +3.752007324348323e-02    6   13    2    13    0    0
 +8.921738478508081e-03    6   13    3    7    0    0
 -2.080651516370766e-03    6   13    3    8    0    0
 +1.835811267986417e-02    6   13    3    10    0    0
 -2.798288547350927e-03    6   13    3    11    0    0
 +2.068392690299048e-02    6   13    4    1    0    0
 +1.619752714869236e-02    6   13    4    2    0    0
 +1.296283819923150e-03    6   13    4    6    0    0
 +1.112953369599467e-02    6   13    4    7    0    0
 -5.725880423862241e-03    6   13    4    8    0    0
 +7.772434441036982e-03    6   13    4    9    0    0
 -3.356083878613947e-03    6   13    4    10    0    0
 +1.772404237945962e-02    6   13    4    11    0    0
 -1.048872028980232e-02    6   13    5    1    0    0
 -8.213688457028396e-03    6   13    5    2    0    0
 -6.573393179706914e-04    6   13    5    6    0    0
 +1.419998714908846e-02    6   13    5    7    0    0
 -3.912903405932210e-04    6   13    5    8    0    0
 -9.538883887792461e-03    6   13    5    9    0    0
 -8.425090522230028e-03    6   13    5    10    0    0
 -9.708094823900705e-03    6   13    5    11    0    0
 +8.866862960745061e-04    6   13    6    4    0    0
 -4.496343749397224e-04    6   13    6    5    0    0
 +5.043199763065737e-02    6   13    6    13    0    0
 +7.320354699271247e-03    6   13    7    3    0    0
 +9.131867571374365e-03    6   13    7    4    0    0
 +1.165119812767719e-02    6   13    7    5    0    0
 -1.465521091993425e-02    6   13    7    12    0    0
 +5.755836121310541e-03    6   13    7    13    0    0
 +2.907186556861480e-02    6   13    7    14    0    0
 -1.707190492312684e-03    6   13    8    3    0    0
 -4.698128707679056e-03    6   13    8    4    0    0
 -3.210567189837832e-04    6   13    8    5    0    0
 +3.417762905374095e-03    6   13    8    12    0    0
 -8.097954456164734e-03    6   13    8    13    0    0
 -4.827100692339071e-03    6   13    8    14    0    0
 +6.377341940955210e-03    6   13    9    4    0    0
 -7.826727230574409e-03    6   13    9    5    0    0
 +1.847351869752272e-02    6   13    9    13    0    0
 -8.200596163678577e-03    6   13    9    14    0    0
 +1.506297194762278e-02    6   13    10    3    0    0
 -2.753692506358660e-03    6   13    10    4    0    0
 -6.912851250321097e-03    6   13    10    5    0    0
 -3.015578343429748e-02    6   13    10    12    0    0
 +1.342328042142066e-03    6   13    10    13    0    0
 -1.483638984056677e-02    6   13    10    14    0    0
 -2.296017168275277e-03    6   13    11    3    0    0
 +1.454271241362993e-02    6   13    11    4    0    0
 -7.965566098615011e-03    6   13    11    5    0    0
 +4.596582714798604e-03    6   13    11    12    0    0
 +3.317874254143026e-02    6   13    11    13    0    0
 -1.055295172328655e-03    6   13    11    14    0    0
 -1.268632221557561e-02    6   13    12    7    0    0
 +2.958595526935752e-03    6   13    12    8    0    0
 -2.610443393825483e-02    6   13    12    10    0    0
 +3.979044022570911e-03    6   13    12    11    0    0
 +5.143756818266500e-02    6   13    13    1    0    0
 +2.644258632437408e-02    6   13    13    2    0    0
 +4.330677589915467e-02    6   13    13    6    0    0
 +4.982554809611837e-03    6   13    13    7    0    0
 -7.010015760211445e-03    6   13    13    8    0    0
 +1.599165047385648e-02    6   13    13    9    0    0
 +1.161989831101885e-03    6   13    13    10    0    0
 +2.872126650976225e-02    6   13    13    11    0    0
 +2.516613756201062e-02    6   13    14    7    0    0
 -4.178592521431710e-03    6   13    14    8    0    0
 -7.098867826646456e-03    6   13    14    9    0    0
 -1.284316022891923e-02    6   13    14    10    0    0
 -9.135190658015242e-04    6   13    14    11    0    0
 +9.149021821217768e-03    6   14    1    4    0    0
 +1.804201974648188e-02    6   14    1    5    0    0
 +7.464305385353032e-02    6   14    1    14    0    0
 +6.697188390609982e-03    6   14    2    4    0    0
 +1.320696436738951e-02    6   14    2    5    0    0
 +3.752007324348318e-02    6   14    2    14    0    0
 -3.943836342349136e-03    6   14    3    7    0    0
 -1.988067950309754e-02    6   14    3    8    0    0
 -9.659552915346257e-04    6   14    3    10    0    0
 -4.129033294481027e-03    6   14    3    11    0    0
 +1.048872028980199e-02    6   14    4    1    0    0
 +8.213688457028414e-03    6   14    4    2    0    0
 +6.573393179706429e-04    6   14    4    6    0    0
 +1.347950338887656e-02    6   14    4    7    0    0
 -2.198486900786542e-03    6   14    4    8    0    0
 -1.494582907292456e-02    6   14    4    9    0    0
 -6.902823016346663e-03    6   14    4    10    0    0
 -6.746672302520277e-04    6   14    4    11    0    0
 +2.068392690299064e-02    6   14    5    1    0    0
 +1.619752714869243e-02    6   14    5    2    0    0
 +1.296283819922967e-03    6   14    5    6    0    0
 -1.255033938241386e-02    6   14    5    7    0    0
 +2.162059431637012e-03    6   14    5    8    0    0
 -1.843501823464692e-02    6   14    5    9    0    0
 +6.358020144290303e-03    6   14    5    10    0    0
 +9.002367130094435e-05    6   14    5    11    0    0
 +4.496343749397993e-04    6   14    6    4    0    0
 +8.866862960746564e-04    6   14    6    5    0    0
 +5.043199763065732e-02    6   14    6    14    0    0
 -3.235947900895935e-03    6   14    7    3    0    0
 +1.106003568859415e-02    6   14    7    4    0    0
 -1.029764951044180e-02    6   14    7    5    0    0
 +6.478306169818616e-03    6   14    7    12    0    0
 +2.907186556861474e-02    6   14    7    13    0    0
 -8.372633240400832e-03    6   14    7    14    0    0
 -1.631224967821955e-02    6   14    8    3    0    0
 -1.803875327014741e-03    6   14    8    4    0    0
 +1.773986309799758e-03    6   14    8    5    0    0
 +3.265681369739368e-02    6   14    8    12    0    0
 -4.827100692339063e-03    6   14    8    13    0    0
 +1.534216293691047e-03    6   14    8    14    0    0
 -1.226316713407863e-02    6   14    9    4    0    0
 -1.512607354387618e-02    6   14    9    5    0    0
 -8.200596163678561e-03    6   14    9    13    0    0
 -3.811154437540361e-02    6   14    9    14    0    0
 -7.925737091156237e-04    6   14    10    3    0    0
 -5.663819111900176e-03    6   14    10    4    0    0
 +5.216804186026536e-03    6   14    10    5    0    0
 +1.586717495784858e-03    6   14    10    12    0    0
 -1.483638984056672e-02    6   14    10    13    0    0
 +4.186547754739937e-03    6   14    10    14    0    0
 -3.387903417424032e-03    6   14    11    3    0    0
 -5.535696256191078e-04    6   14    11    4    0    0
 +7.386511124945027e-05    6   14    11    5    0    0
 +6.782518224650891e-03    6   14    11    12    0    0
 -1.055295172328637e-03    6   14    11    13    0    0
 -3.693322424017358e-04    6   14    11    14    0    0
 +5.607962923937161e-03    6   14    12    7    0    0
 +2.826945742115717e-02    6   14    12    8    0    0
 +1.373546210054010e-03    6   14    12    10    0    0
 +5.871304896328360e-03    6   14    12    11    0    0
 +2.516613756201055e-02    6   14    13    7    0    0
 -4.178592521431703e-03    6   14    13    8    0    0
 -7.098867826646454e-03    6   14    13    9    0    0
 -1.284316022891918e-02    6   14    13    10    0    0
 -9.135190658015101e-04    6   14    13    11    0    0
 +5.143756818266480e-02    6   14    14    1    0    0
 +2.644258632437391e-02    6   14    14    2    0    0
 +4.330677589915450e-02    6   14    14    6    0    0
 -7.247792178554351e-03    6   14    14    7    0    0
 +1.328098405167010e-03    6   14    14    8    0    0
 -3.299135950489245e-02    6   14    14    9    0    0
 +3.624096171504547e-03    6   14    14    10    0    0
 -3.197134355354954e-04    6   14    14    11    0    0
 +3.885962879459216e-02    7   1    1    7    0    0
 +1.243289354703008e-02    7   1    2    7    0    0
 +1.589908879072377e-03    7   1    3    3    0    0
 +6.161314992636128e-03    7   1    3    4    0    0
 -7.537602020050937e-03    7   1    3    5    0    0
 -3.251860632677614e-04    7   1    3    12    0    0
 +1.821184497126326e-03    7   1    3    13    0    0
 -8.050509015918233e-04    7   1    3    14    0    0
 +6.161314992636131e-03    7   1    4    3    0    0
 +1.599106544368731e-02    7   1    4    4    0    0
 +6.974830729864927e-03    7   1    4    5    0    0
 -1.260181506865338e-03    7   1    4    12    0    0
 +2.271859265569964e-03    7   1    4    13    0    0
 +2.751555950661472e-03    7   1    4    14    0    0
 -7.537602020050937e-03    7   1    5    3    0    0
 +6.974830729864928e-03    7   1    5    4    0    0
 -1.758097432275974e-02    7   1    5    5    0    0
 +1.541675224060397e-03    7   1    5    12    0    0
 +2.898627494810546e-03    7   1    5    13    0    0
 -2.561886741242870e-03    7   1    5    14    0    0
 -9.938437083609163e-03    7   1    6    7    0    0
 +1.802720203207071e-02    7   1    7    1    0    0
 +5.271866876327576e-03    7   1    7    2    0    0
 -1.385655949740472e-02    7   1    7    6    0    0
 -9.101581805391839e-03    7   1    7    7    0    0
 -1.628116038882828e-02    7   1    7    8    0    0
 -3.999880220212584e-03    7   1    7    9    0    0
 +1.763661761879048e-03    7   1    7    10    0    0
 +1.056538206771367e-02    7   1    7    11    0    0
 -1.628116038882825e-02    7   1    8    7    0    0
 +5.145665088104139e-03    7   1    8    8    0    0
 +1.015352770169021e-03    7   1    8    9    0    0
 -1.002338876678572e-02    7   1    8    10    0    0
 -4.038449090736655e-03    7   1    8    11    0    0
 -3.999880220212524e-03    7   1    9    7    0    0
 +1.015352770169021e-03    7   1    9    8    0    0
 +1.274639470348933e-02    7   1    9    10    0    0
 -4.008794419603769e-03    7   1    9    11    0    0
 +1.763661761879039e-03    7   1    10    7    0    0
 -1.002338876678572e-02    7   1    10    8    0    0
 +1.274639470348932e-02    7   1    10    9    0    0
 +1.046817533976741e-03    7   1    10    10    0    0
 -9.275809215754435e-03    7   1    10    11    0    0
 +1.056538206771365e-02    7   1    11    7    0    0
 -4.038449090736656e-03    7   1    11    8    0    0
 -4.008794419603771e-03    7   1    11    9    0    0
 -9.275809215754429e-03    7   1    11    10    0    0
 +2.909099183310984e-03    7   1    11    11    0    0
 -2.949250265750520e-04    7   1    12    3    0    0
 -1.142912032166701e-03    7   1    12    4    0    0
 +1.398210617813980e-03    7   1    12    5    0    0
 +1.834006862631060e-03    7   1    12    12    0    0
 -1.027124235363273e-02    7   1    12    13    0    0
 +4.540381784661512e-03    7   1    12    14    0    0
 +1.651709426952854e-03    7   1    13    3    0    0
 +2.060445480165865e-03    7   1    13    4    0    0
 +2.628888158205757e-03    7   1    13    5    0    0
 -1.027124235363273e-02    7   1    13    12    0    0
 +4.034031858890465e-03    7   1    13    13    0    0
 +2.037529030177999e-02    7   1    13    14    0    0
 -7.301347916338582e-04    7   1    14    3    0    0
 +2.495502739929416e-03    7   1    14    4    0    0
 -2.323483693153146e-03    7   1    14    5    0    0
 +4.540381784661514e-03    7   1    14    12    0    0
 +2.037529030177999e-02    7   1    14    13    0    0
 -5.868038721521531e-03    7   1    14    14    0    0
 +1.299517276404477e-02    7   2    1    7    0    0
 +5.492719931806467e-03    7   2    2    7    0    0
 +3.078919952813107e-04    7   2    3    3    0    0
 +1.193162445728406e-03    7   2    3    4    0    0
 -1.459685744345208e-03    7   2    3    5    0    0
 -3.100680326715552e-04    7   2    3    12    0    0
 +1.736516898914452e-03    7   2    3    13    0    0
 -7.676237620660707e-04    7   2    3    14    0    0
 +1.193162445728408e-03    7   2    4    3    0    0
 +3.096731586909123e-03    7   2    4    4    0    0
 +1.350702910358225e-03    7   2    4    5    0    0
 -1.201595162831736e-03    7   2    4    12    0    0
 +2.166239616492822e-03    7   2    4    13    0    0
 +2.623635010165988e-03    7   2    4    14    0    0
 -1.459685744345209e-03    7   2    5    3    0    0
 +1.350702910358226e-03    7   2    5    4    0    0
 -3.404623582190444e-03    7   2    5    5    0    0
 +1.470002124135644e-03    7   2    5    12    0    0
 +2.763869139199772e-03    7   2    5    13    0    0
 -2.442783598417844e-03    7   2    5    14    0    0
 -5.923441480731167e-04    7   2    6    7    0    0
 +5.271866876327576e-03    7   2    7    1    0    0
 +2.649741616086612e-03    7   2    7    2    0    0
 -2.207554978696044e-03    7   2    7    6    0    0
 -2.807352516551363e-03    7   2    7    7    0    0
 -5.021869557100135e-03    7   2    7    8    0    0
 -1.233749697823490e-03    7   2    7    9    0    0
 +5.439955813640477e-04    7   2    7    10    0    0
 +3.258856819652122e-03    7   2    7    11    0    0
 -5.021869557100136e-03    7   2    8    7    0    0
 +1.587163214405426e-03    7   2    8    8    0    0
 +3.131821715685459e-04    7   2    8    9    0    0
 -3.091680795764419e-03    7   2    8    10    0    0
 -1.245646137150351e-03    7   2    8    11    0    0
 -1.233749697823473e-03    7   2    9    7    0    0
 +3.131821715685457e-04    7   2    9    8    0    0
 +3.931582884482742e-03    7   2    9    10    0    0
 -1.236499252860052e-03    7   2    9    11    0    0
 +5.439955813640417e-04    7   2    10    7    0    0
 -3.091680795764422e-03    7   2    10    8    0    0
 +3.931582884482740e-03    7   2    10    9    0    0
 +3.228873729002583e-04    7   2    10    10    0    0
 -2.861092379510584e-03    7   2    10    11    0    0
 +3.258856819652124e-03    7   2    11    7    0    0
 -1.245646137150352e-03    7   2    11    8    0    0
 -1.236499252860052e-03    7   2    11    9    0    0
 -2.861092379510587e-03    7   2    11    10    0    0
 +8.973019292457016e-04    7   2    11    11    0    0
 -2.469998096459723e-04    7   2    12    3    0    0
 -9.571892140372334e-04    7   2    12    4    0    0
 +1.171001865984961e-03    7   2    12    5    0    0
 +7.794552167647913e-04    7   2    12    12    0    0
 -4.365290882122900e-03    7   2    12    13    0    0
 +1.929667952867440e-03    7   2    12    14    0    0
 +1.383307204497340e-03    7   2    13    3    0    0
 +1.725623787499753e-03    7   2    13    4    0    0
 +2.201694722886345e-03    7   2    13    5    0    0
 -4.365290882122900e-03    7   2    13    12    0    0
 +1.714468599368542e-03    7   2    13    13    0    0
 +8.659523932225178e-03    7   2    13    14    0    0
 -6.114881352857326e-04    7   2    14    3    0    0
 +2.089984389903048e-03    7   2    14    4    0    0
 -1.945918379966087e-03    7   2    14    5    0    0
 +1.929667952867441e-03    7   2    14    12    0    0
 +8.659523932225176e-03    7   2    14    13    0    0
 -2.493923816133337e-03    7   2    14    14    0    0
 +3.993511290589571e-03    7   3    1    3    0    0
 +1.547590639428840e-02    7   3    1    4    0    0
 -1.893284525123730e-02    7   3    1    5    0    0
 -2.434068423066536e-03    7   3    1    12    0    0
 +1.363185012447287e-02    7   3    1    13    0    0
 -6.025931612303935e-03    7   3    1    14    0    0
 -5.774345613454907e-04    7   3    2    3    0    0
 -2.237710768783187e-03    7   3    2    4    0    0
 +2.737560606985549e-03    7   3    2    5    0    0
 -2.493839709415343e-03    7   3    2    12    0    0
 +1.396659552831342e-02    7   3    2    13    0    0
 -6.173905137002191e-03    7   3    2    14    0    0
 +4.459208821880718e-03    7   3    3    1    0    0
 -8.887615601272748e-05    7   3    3    2    0    0
 -2.727520316065081e-03    7   3    3    6    0    0
 +2.111924516857066e-02    7   3    3    7    0    0
 +8.135084019826943e-03    7   3    3    8    0    0
 +2.340075570246309e-03    7   3    3    9    0    0
 +1.993374130807832e-02    7   3    3    10    0    0
 -4.976266219209487e-03    7   3    3    11    0    0
 +1.728060678897532e-02    7   3    4    1    0    0
 -3.444184756352717e-04    7   3    4    2    0    0
 -1.056985845999953e-02    7   3    4    6    0    0
 +6.876860669732292e-03    7   3    4    7    0    0
 -1.173087959093787e-02    7   3    4    8    0    0
 +1.460438667736995e-02    7   3    4    9    0    0
 +5.928718836315788e-03    7   3    4    10    0    0
 +1.116449708971005e-02    7   3    4    11    0    0
 -2.114067156052932e-02    7   3    5    1    0    0
 +4.213531365940676e-04    7   3    5    2    0    0
 +1.293090623916607e-02    7   3    5    6    0    0
 +2.016962180173821e-02    7   3    5    7    0    0
 +9.607162601171143e-05    7   3    5    8    0    0
 -3.179486798851236e-03    7   3    5    9    0    0
 -5.328321287235414e-03    7   3    5    10    0    0
 -5.763906618479417e-03    7   3    5    11    0    0
 -2.621901544446145e-03    7   3    6    3    0    0
 -1.016055794621229e-02    7   3    6    4    0    0
 +1.243017800449233e-02    7   3    6    5    0    0
 -1.307103882190847e-03    7   3    6    12    0    0
 +7.320354699271247e-03    7   3    6    13    0    0
 -3.235947900895935e-03    7   3    6    14    0    0
 +1.845763887964770e-02    7   3    7    3    0    0
 +6.456468059336830e-03    7   3    7    4    0    0
 +1.893662314622655e-02    7   3    7    5    0    0
 -8.193968513917588e-03    7   3    7    12    0    0
 -1.576118612741956e-03    7   3    7    13    0    0
 +1.112663343148711e-02    7   3    7    14    0    0
 +7.637774364865922e-03    7   3    8    3    0    0
 -1.035280920387090e-02    7   3    8    4    0    0
 -6.403479344202398e-04    7   3    8    5    0    0
 -4.290044351731601e-03    7   3    8    12    0    0
 -3.564882054659955e-03    7   3    8    13    0    0
 -3.509972199074497e-03    7   3    8    14    0    0
 +2.197023307775982e-03    7   3    9    3    0    0
 +1.388574957336540e-02    7   3    9    4    0    0
 -2.736143562582413e-03    7   3    9    5    0    0
 -1.234041093895622e-03    7   3    9    12    0    0
 +7.719006530247333e-03    7   3    9    13    0    0
 +2.633804026666941e-03    7   3    9    14    0    0
 +1.871516237418588e-02    7   3    10    3    0    0
 +5.093699233528034e-03    7   3    10    4    0    0
 -6.322938799843273e-03    7   3    10    5    0    0
 -1.051207757647938e-02    7   3    10    12    0    0
 +4.436538791212426e-03    7   3    10    13    0    0
 -4.079964726104984e-03    7   3    10    14    0    0
 -4.672059743844431e-03    7   3    11    3    0    0
 +1.164532344496972e-02    7   3    11    4    0    0
 -6.222654778871939e-03    7   3    11    5    0    0
 +2.624238758247794e-03    7   3    11    12    0    0
 +9.641708910438480e-03    7   3    11    13    0    0
 -4.718261824852944e-04    7   3    11    14    0    0
 -1.641235955911475e-03    7   3    12    1    0    0
 -2.215835149830308e-03    7   3    12    2    0    0
 -2.031021351610177e-03    7   3    12    6    0    0
 -9.089271981088980e-03    7   3    12    7    0    0
 -2.869788709221050e-03    7   3    12    8    0    0
 -8.255013019963258e-04    7   3    12    9    0    0
 -7.031964955620909e-03    7   3    12    10    0    0
 +1.755462214669158e-03    7   3    12    11    0    0
 +9.191640776348762e-03    7   3    13    1    0    0
 +1.240964813346178e-02    7   3    13    2    0    0
 +1.137460985171225e-02    7   3    13    6    0    0
 -1.054331151008874e-03    7   3    13    7    0    0
 -4.806300843016768e-03    7   3    13    8    0    0
 +5.051110509512442e-03    7   3    13    9    0    0
 +2.505364261172747e-03    7   3    13    10    0    0
 +2.752688106510245e-03    7   3    13    11    0    0
 -4.063146103969217e-03    7   3    14    1    0    0
 -5.485659708857061e-03    7   3    14    2    0    0
 -5.028123142287668e-03    7   3    14    6    0    0
 +7.443066871892439e-03    7   3    14    7    0    0
 -1.419651094082961e-03    7   3    14    8    0    0
 +9.699513029705008e-04    7   3    14    9    0    0
 +9.334141921176992e-04    7   3    14    10    0    0
 +2.036933495704557e-04    7   3    14    11    0    0
 +1.547590639428811e-02    7   4    1    3    0    0
 +4.016613859983165e-02    7   4    1    4    0    0
 +1.751928405225275e-02    7   4    1    5    0    0
 -9.432655207820658e-03    7   4    1    12    0    0
 +1.700522108606341e-02    7   4    1    13    0    0
 +2.059582562211722e-02    7   4    1    14    0    0
 -2.237710768783187e-03    7   4    2    3    0    0
 -5.807750356932508e-03    7   4    2    4    0    0
 -2.533169275278563e-03    7   4    2    5    0    0
 -9.664284660022284e-03    7   4    2    12    0    0
 +1.742280340598876e-02    7   4    2    13    0    0
 +2.110157927274834e-02    7   4    2    14    0    0
 +1.728060678897481e-02    7   4    3    1    0    0
 -3.444184756352491e-04    7   4    3    2    0    0
 -1.056985845999962e-02    7   4    3    6    0    0
 +6.876860669732098e-03    7   4    3    7    0    0
 -2.834506421203096e-02    7   4    3    8    0    0
 +1.022675827969229e-02    7   4    3    9    0    0
 +1.780818786850741e-02    7   4    3    10    0    0
 -1.807813295322739e-02    7   4    3    11    0    0
 +4.485005463921211e-02    7   4    4    1    0    0
 -8.939030694715985e-04    7   4    4    2    0    0
 -2.743299093884647e-02    7   4    4    6    0    0
 +5.134364811716940e-02    7   4    4    7    0    0
 -1.969920220790699e-02    7   4    4    8    0    0
 -1.412502845599579e-02    7   4    4    9    0    0
 -3.933768119097568e-03    7   4    4    10    0    0
 +1.981042184585128e-02    7   4    4    11    0    0
 +1.956226997102239e-02    7   4    5    1    0    0
 -3.898941330974591e-04    7   4    5    2    0    0
 -1.196546089353327e-02    7   4    5    6    0    0
 -7.096736861059807e-03    7   4    5    7    0    0
 -7.413741832021682e-03    7   4    5    8    0    0
 -2.970213653672690e-02    7   4    5    9    0    0
 -8.298295551570438e-03    7   4    5    10    0    0
 -6.139852509635228e-03    7   4    5    11    0    0
 -1.016055794621214e-02    7   4    6    3    0    0
 -2.637069314853215e-02    7   4    6    4    0    0
 -1.150211795379983e-02    7   4    6    5    0    0
 -5.065371262643831e-03    7   4    6    12    0    0
 +9.131867571374365e-03    7   4    6    13    0    0
 +1.106003568859415e-02    7   4    6    14    0    0
 +6.456468059336830e-03    7   4    7    3    0    0
 +4.683437960802350e-02    7   4    7    4    0    0
 -6.662902895593466e-03    7   4    7    5    0    0
 -3.626519062609070e-03    7   4    7    12    0    0
 +2.321623664444528e-02    7   4    7    13    0    0
 +7.576690317888584e-03    7   4    7    14    0    0
 -2.727323319226277e-02    7   4    8    3    0    0
 -1.849496099427596e-02    7   4    8    4    0    0
 -7.302775880890733e-03    7   4    8    5    0    0
 +1.636718327070822e-02    7   4    8    12    0    0
 -7.164598201353642e-03    7   4    8    13    0    0
 -8.840801607641471e-03    7   4    8    14    0    0
 +9.427430959384595e-03    7   4    9    3    0    0
 -1.326154468488207e-02    7   4    9    4    0    0
 -2.997239651094213e-02    7   4    9    5    0    0
 -5.019100309946935e-03    7   4    9    12    0    0
 +2.466630825189067e-03    7   4    9    13    0    0
 -2.133418844239935e-02    7   4    9    14    0    0
 +1.719213544125233e-02    7   4    10    3    0    0
 -3.693291086379060e-03    7   4    10    4    0    0
 -7.737492036033961e-03    7   4    10    5    0    0
 -1.040605422159909e-02    7   4    10    12    0    0
 +7.701488260915866e-05    7   4    10    13    0    0
 -4.738695343505522e-03    7   4    10    14    0    0
 -1.813631857638982e-02    7   4    11    3    0    0
 +1.859938161212009e-02    7   4    11    4    0    0
 -7.090570878607262e-03    7   4    11    5    0    0
 +1.203178323082963e-02    7   4    11    12    0    0
 +1.206984614949140e-02    7   4    11    13    0    0
 -7.027436496888162e-04    7   4    11    14    0    0
 -6.360220912478147e-03    7   4    12    1    0    0
 -8.586943886888103e-03    7   4    12    2    0    0
 -7.870741819707917e-03    7   4    12    6    0    0
 -2.425929106175736e-03    7   4    12    7    0    0
 +9.208752660464536e-03    7   4    12    8    0    0
 -3.815935583737222e-03    7   4    12    9    0    0
 -5.716953410895530e-03    7   4    12    10    0    0
 +4.986098297787833e-03    7   4    12    11    0    0
 +1.146622667636857e-02    7   4    13    1    0    0
 +1.548057000208067e-02    7   4    13    2    0    0
 +1.418939861646718e-02    7   4    13    6    0    0
 +1.874820096500497e-02    7   4    13    7    0    0
 -5.200175438679076e-03    7   4    13    8    0    0
 -8.335487068969280e-04    7   4    13    9    0    0
 +1.152350532176921e-04    7   4    13    10    0    0
 +6.495221557846612e-03    7   4    13    11    0    0
 +1.388728814373975e-02    7   4    14    1    0    0
 +1.874924875602709e-02    7   4    14    2    0    0
 +1.718545016900621e-02    7   4    14    6    0    0
 +6.700142639488383e-03    7   4    14    7    0    0
 -5.110425147096756e-03    7   4    14    8    0    0
 -9.373663059089999e-03    7   4    14    9    0    0
 -3.295560152099316e-03    7   4    14    10    0    0
 +2.643323777782790e-03    7   4    14    11    0    0
 -1.893284525123677e-02    7   5    1    3    0    0
 +1.751928405225265e-02    7   5    1    4    0    0
 -4.415964989042173e-02    7   5    1    5    0    0
 +1.153967960311874e-02    7   5    1    12    0    0
 +2.169667907797500e-02    7   5    1    13    0    0
 -1.917612199510901e-02    7   5    1    14    0    0
 +2.737560606985506e-03    7   5    2    3    0    0
 -2.533169275278456e-03    7   5    2    4    0    0
 +6.385184918278048e-03    7   5    2    5    0    0
 +1.182304940792585e-02    7   5    2    12    0    0
 +2.222946542272193e-02    7   5    2    13    0    0
 -1.964701322724090e-02    7   5    2    14    0    0
 -2.114067156052876e-02    7   5    3    1    0    0
 +4.213531365940428e-04    7   5    3    2    0    0
 +1.293090623916596e-02    7   5    3    6    0    0
 +2.016962180173802e-02    7   5    3    7    0    0
 +1.845984679044153e-02    7   5    3    8    0    0
 -9.438018796905557e-03    7   5    3    9    0    0
 +2.786125435104787e-02    7   5    3    10    0    0
 +1.462485013665226e-02    7   5    3    11    0    0
 +1.956226997102274e-02    7   5    4    1    0    0
 -3.898941330974209e-04    7   5    4    2    0    0
 -1.196546089353302e-02    7   5    4    6    0    0
 -7.096736861059823e-03    7   5    4    7    0    0
 +1.189333178857218e-03    7   5    4    8    0    0
 +2.273360183772481e-02    7   5    4    9    0    0
 -9.643541724320361e-03    7   5    4    10    0    0
 +2.719327958379349e-02    7   5    4    11    0    0
 -4.930926346109334e-02    7   5    5    1    0    0
 +9.827792254843144e-04    7   5    5    2    0    0
 +3.016051125491166e-02    7   5    5    6    0    0
 +6.025361345393211e-02    7   5    5    7    0    0
 +1.156411818807974e-02    7   5    5    8    0    0
 +1.178495288574958e-02    7   5    5    9    0    0
 -1.599997318898115e-02    7   5    5    10    0    0
 -1.483415562664162e-02    7   5    5    11    0    0
 +1.243017800449210e-02    7   5    6    3    0    0
 -1.150211795379950e-02    7   5    6    4    0    0
 +2.899259469297842e-02    7   5    6    5    0    0
 +6.196851273996682e-03    7   5    6    12    0    0
 +1.165119812767719e-02    7   5    6    13    0    0
 -1.029764951044180e-02    7   5    6    14    0    0
 +1.893662314622655e-02    7   5    7    3    0    0
 -6.662902895593466e-03    7   5    7    4    0    0
 +5.519966565486788e-02    7   5    7    5    0    0
 -1.063646938079786e-02    7   5    7    12    0    0
 -1.637743883476010e-02    7   5    7    13    0    0
 +2.402169541290050e-02    7   5    7    14    0    0
 +1.806191575748300e-02    7   5    8    3    0    0
 +1.458874486422146e-03    7   5    8    4    0    0
 +1.085718662941016e-02    7   5    8    5    0    0
 -1.130367577878049e-02    7   5    8    12    0    0
 -1.543194044905499e-03    7   5    8    13    0    0
 +6.055074972937840e-03    7   5    8    14    0    0
 -9.110035352465835e-03    7   5    9    3    0    0
 +2.342985859062131e-02    7   5    9    4    0    0
 +1.106452137710592e-02    7   5    9    5    0    0
 +5.511828471936897e-03    7   5    9    12    0    0
 +1.187699967034890e-02    7   5    9    13    0    0
 +1.299096588399495e-02    7   5    9    14    0    0
 +2.747840051364691e-02    7   5    10    3    0    0
 -9.107534330062049e-03    7   5    10    4    0    0
 -1.502187128780748e-02    7   5    10    5    0    0
 -1.752811795600333e-02    7   5    10    12    0    0
 -8.221286003436891e-04    7   5    10    13    0    0
 -9.877347070400942e-03    7   5    10    14    0    0
 +1.454191578302148e-02    7   5    11    3    0    0
 +2.685697098064318e-02    7   5    11    4    0    0
 -1.392732186827556e-02    7   5    11    5    0    0
 -9.454285270880713e-03    7   5    11    12    0    0
 +1.886778503666206e-02    7   5    11    13    0    0
 +7.966373997926812e-04    7   5    11    14    0    0
 +7.780938655979194e-03    7   5    12    1    0    0
 +1.050505706415445e-02    7   5    12    2    0    0
 +9.628872977673836e-03    7   5    12    6    0    0
 -7.115175795949205e-03    7   5    12    7    0    0
 -5.638334907376941e-03    7   5    12    8    0    0
 +3.031660397366798e-03    7   5    12    9    0    0
 -8.249477258512017e-03    7   5    12    10    0    0
 -4.189132818750213e-03    7   5    12    11    0    0
 +1.462956812930652e-02    7   5    13    1    0    0
 +1.975140208877014e-02    7   5    13    2    0    0
 +1.810401796794392e-02    7   5    13    6    0    0
 -1.258732856478487e-02    7   5    13    7    0    0
 -1.835860494041493e-03    7   5    13    8    0    0
 +3.047357003991091e-03    7   5    13    9    0    0
 -4.243057652735542e-04    7   5    13    10    0    0
 +9.508026278499827e-03    7   5    13    11    0    0
 -1.293001487348028e-02    7   5    14    1    0    0
 -1.745683266399979e-02    7   5    14    2    0    0
 -1.600082924706038e-02    7   5    14    6    0    0
 +1.928700576279743e-02    7   5    14    7    0    0
 +3.643012581011434e-03    7   5    14    8    0    0
 +6.206615787353442e-03    7   5    14    9    0    0
 -6.543650775950266e-03    7   5    14    10    0    0
 -1.045895627461536e-03    7   5    14    11    0    0
 -2.172896141437098e-02    7   6    1    7    0    0
 -4.467556232016587e-03    7   6    2    7    0    0
 -1.330237128413074e-03    7   6    3    3    0    0
 -5.155018674928444e-03    7   6    3    4    0    0
 +6.306523724883633e-03    7   6    3    5    0    0
 -1.753320756267817e-04    7   6    3    12    0    0
 +9.819364789858730e-04    7   6    3    13    0    0
 -4.340630226980468e-04    7   6    3    14    0    0
 -5.155018674928446e-03    7   6    4    3    0    0
 -1.337932585701824e-02    7   6    4    4    0    0
 -5.835667014248031e-03    7   6    4    5    0    0
 -6.794578987944415e-04    7   6    4    12    0    0
 +1.224928880904238e-03    7   6    4    13    0    0
 +1.483569164018442e-03    7   6    4    14    0    0
 +6.306523724883633e-03    7   6    5    3    0    0
 -5.835667014248032e-03    7   6    5    4    0    0
 +1.470956298543135e-02    7   6    5    5    0    0
 +8.312321698555600e-04    7   6    5    12    0    0
 +1.562866409546676e-03    7   6    5    13    0    0
 -1.381304338042583e-03    7   6    5    14    0    0
 +1.382434004898411e-02    7   6    6    7    0    0
 -1.385655949740472e-02    7   6    7    1    0    0
 -2.207554978696044e-03    7   6    7    2    0    0
 +1.465058190491171e-02    7   6    7    6    0    0
 +6.348762436777774e-03    7   6    7    7    0    0
 +1.135684122978637e-02    7   6    7    8    0    0
 +2.790096253230631e-03    7   6    7    9    0    0
 -1.230233357718723e-03    7   6    7    10    0    0
 -7.369828919404875e-03    7   6    7    11    0    0
 +1.135684122978634e-02    7   6    8    7    0    0
 -3.589332703051787e-03    7   6    8    8    0    0
 -7.082541985733153e-04    7   6    8    9    0    0
 +6.991764228728995e-03    7   6    8    10    0    0
 +2.816999774140302e-03    7   6    8    11    0    0
 +2.790096253230599e-03    7   6    9    7    0    0
 -7.082541985733154e-04    7   6    9    8    0    0
 -8.891183272111728e-03    7   6    9    10    0    0
 +2.796314308010403e-03    7   6    9    11    0    0
 -1.230233357718726e-03    7   6    10    7    0    0
 +6.991764228728993e-03    7   6    10    8    0    0
 -8.891183272111729e-03    7   6    10    9    0    0
 -7.302022857098125e-04    7   6    10    10    0    0
 +6.470293887246279e-03    7   6    10    11    0    0
 -7.369828919404854e-03    7   6    11    7    0    0
 +2.816999774140303e-03    7   6    11    8    0    0
 +2.796314308010405e-03    7   6    11    9    0    0
 +6.470293887246279e-03    7   6    11    10    0    0
 -2.029227448016170e-03    7   6    11    11    0    0
 -4.036774852760783e-05    7   6    12    3    0    0
 -1.564356407438058e-04    7   6    12    4    0    0
 +1.913795355517075e-04    7   6    12    5    0    0
 -4.480400047150453e-04    7   6    12    12    0    0
 +2.509220421317643e-03    7   6    12    13    0    0
 -1.109195782009939e-03    7   6    12    14    0    0
 +2.260770866486730e-04    7   6    13    3    0    0
 +2.820226752677855e-04    7   6    13    4    0    0
 +3.598280461647662e-04    7   6    13    5    0    0
 +2.509220421317645e-03    7   6    13    12    0    0
 -9.854966684719917e-04    7   6    13    13    0    0
 -4.977595966998038e-03    7   6    13    14    0    0
 -9.993691617897322e-05    7   6    14    3    0    0
 +3.415709688161220e-04    7   6    14    4    0    0
 -3.180259285634740e-04    7   6    14    5    0    0
 -1.109195782009939e-03    7   6    14    12    0    0
 -4.977595966998033e-03    7   6    14    13    0    0
 +1.433536673187035e-03    7   6    14    14    0    0
 +4.836327034825045e-01    7   7    1    1    0    0
 +9.753037278391881e-02    7   7    1    2    0    0
 +4.163464384184857e-02    7   7    1    6    0    0
 -1.590148068819834e-02    7   7    1    7    0    0
 -2.844500692737192e-02    7   7    1    8    0    0
 -6.988237807095888e-03    7   7    1    9    0    0
 +3.081314220613784e-03    7   7    1    10    0    0
 +1.845890335388289e-02    7   7    1    11    0    0
 +1.157059119570901e-01    7   7    2    1    0    0
 +2.783440233430544e-01    7   7    2    2    0    0
 +6.493803100022506e-02    7   7    2    6    0    0
 -5.110883883454328e-03    7   7    2    7    0    0
 -9.142489955526491e-03    7   7    2    8    0    0
 -2.246084668614610e-03    7   7    2    9    0    0
 +9.903630673639987e-04    7   7    2    10    0    0
 +5.932863329363854e-03    7   7    2    11    0    0
 +3.891575730977881e-01    7   7    3    3    0    0
 +4.770102528295333e-03    7   7    3    4    0    0
 +1.399056467360072e-02    7   7    3    5    0    0
 -5.845820951327001e-02    7   7    3    12    0    0
 -4.667784784911712e-04    7   7    3    13    0    0
 +3.295229801800010e-03    7   7    3    14    0    0
 +4.770102528295335e-03    7   7    4    3    0    0
 +4.101225901085377e-01    7   7    4    4    0    0
 -4.922618629251281e-03    7   7    4    5    0    0
 -1.074018818494319e-03    7   7    4    12    0    0
 +5.684912311465099e-02    7   7    4    13    0    0
 +2.758519851041222e-02    7   7    4    14    0    0
 +1.399056467360071e-02    7   7    5    3    0    0
 -4.922618629251301e-03    7   7    5    4    0    0
 +4.163029462653608e-01    7   7    5    5    0    0
 -3.150064312386949e-03    7   7    5    12    0    0
 -3.019160133382777e-02    7   7    5    13    0    0
 +5.708766532548898e-02    7   7    5    14    0    0
 +4.825871638713852e-02    7   7    6    1    0    0
 +9.880819924732993e-02    7   7    6    2    0    0
 +4.732927240423657e-01    7   7    6    6    0    0
 +5.147235651898901e-03    7   7    6    7    0    0
 +9.207517000837799e-03    7   7    6    8    0    0
 +2.262060212501382e-03    7   7    6    9    0    0
 -9.974071422680123e-04    7   7    6    10    0    0
 -5.975061524212344e-03    7   7    6    11    0    0
 -9.101581805391839e-03    7   7    7    1    0    0
 -2.807352516551363e-03    7   7    7    2    0    0
 +6.348762436777774e-03    7   7    7    6    0    0
 +5.174801579676339e-01    7   7    7    7    0    0
 -1.628116038882838e-02    7   7    8    1    0    0
 -5.021869557100133e-03    7   7    8    2    0    0
 +1.135684122978635e-02    7   7    8    6    0    0
 +4.768755343923468e-01    7   7    8    8    0    0
 +4.089144299875358e-03    7   7    8    9    0    0
 +4.005502367612421e-03    7   7    8    10    0    0
 +1.147039547613771e-02    7   7    8    11    0    0
 -3.999880220212516e-03    7   7    9    1    0    0
 -1.233749697823488e-03    7   7    9    2    0    0
 +2.790096253230605e-03    7   7    9    6    0    0
 +4.089144299875355e-03    7   7    9    8    0    0
 +4.980814862219456e-01    7   7    9    9    0    0
 -3.302652498268663e-03    7   7    9    10    0    0
 +1.748280108917941e-02    7   7    9    11    0    0
 +1.763661761879111e-03    7   7    10    1    0    0
 +5.439955813640489e-04    7   7    10    2    0    0
 -1.230233357718714e-03    7   7    10    6    0    0
 +4.005502367612408e-03    7   7    10    8    0    0
 -3.302652498268663e-03    7   7    10    9    0    0
 +4.824476791494919e-01    7   7    10    10    0    0
 +2.844697460806666e-03    7   7    10    11    0    0
 +1.056538206771386e-02    7   7    11    1    0    0
 +3.258856819652029e-03    7   7    11    2    0    0
 -7.369828919404680e-03    7   7    11    6    0    0
 +1.147039547613769e-02    7   7    11    8    0    0
 +1.748280108917942e-02    7   7    11    9    0    0
 +2.844697460806668e-03    7   7    11    10    0    0
 +4.938223400761395e-01    7   7    11    11    0    0
 -8.047762752669946e-02    7   7    12    3    0    0
 -1.089251465322065e-03    7   7    12    4    0    0
 -3.194741199168661e-03    7   7    12    5    0    0
 +5.157514145236926e-01    7   7    12    12    0    0
 +2.221549326563130e-03    7   7    12    13    0    0
 -1.568306141860274e-02    7   7    12    14    0    0
 -4.733987272123116e-04    7   7    13    3    0    0
 +7.655465745190621e-02    7   7    13    4    0    0
 -4.020352435176768e-02    7   7    13    5    0    0
 +2.221549326563131e-03    7   7    13    12    0    0
 +5.438276166614067e-01    7   7    13    13    0    0
 -5.788497508856423e-03    7   7    13    14    0    0
 +3.341965548811859e-03    7   7    14    3    0    0
 +3.756015531042669e-02    7   7    14    4    0    0
 +7.679658287092361e-02    7   7    14    5    0    0
 -1.568306141860274e-02    7   7    14    12    0    0
 -5.788497508856465e-03    7   7    14    13    0    0
 +5.392299039266879e-01    7   7    14    14    0    0
 -2.844500692737181e-02    7   8    1    7    0    0
 +8.990052034466310e-03    7   8    1    8    0    0
 +1.773934774391242e-03    7   8    1    9    0    0
 -1.751198047914319e-02    7   8    1    10    0    0
 -7.055621934703606e-03    7   8    1    11    0    0
 -9.142489955526474e-03    7   8    2    7    0    0
 +2.889486391570466e-03    7   8    2    8    0    0
 +5.701591459633170e-04    7   8    2    9    0    0
 -5.628513504698019e-03    7   8    2    10    0    0
 -2.267742554351308e-03    7   8    2    11    0    0
 +5.642863323037607e-03    7   8    3    3    0    0
 -1.389924633050644e-02    7   8    3    4    0    0
 +6.435613400075675e-03    7   8    3    5    0    0
 -1.270526443233509e-03    7   8    3    12    0    0
 -3.446492897069401e-03    7   8    3    13    0    0
 -1.230235167595515e-04    7   8    3    14    0    0
 -1.389924633050645e-02    7   8    4    3    0    0
 -1.366426030280392e-02    7   8    4    4    0    0
 -2.158766105607166e-03    7   8    4    5    0    0
 +3.129503408637947e-03    7   8    4    12    0    0
 -2.524128628960236e-03    7   8    4    13    0    0
 -1.824956032195519e-03    7   8    4    14    0    0
 +6.435613400075675e-03    7   8    5    3    0    0
 -2.158766105607164e-03    7   8    5    4    0    0
 +8.021396979766515e-03    7   8    5    5    0    0
 -1.449019147751069e-03    7   8    5    12    0    0
 -1.250336431309477e-03    7   8    5    13    0    0
 +1.390969435716457e-03    7   8    5    14    0    0
 +9.207517000837799e-03    7   8    6    7    0    0
 -2.910038206603893e-03    7   8    6    8    0    0
 -5.742144705849032e-04    7   8    6    9    0    0
 +5.668546975282742e-03    7   8    6    10    0    0
 +2.283872142521840e-03    7   8    6    11    0    0
 -1.628116038882828e-02    7   8    7    1    0    0
 -5.021869557100135e-03    7   8    7    2    0    0
 +1.135684122978637e-02    7   8    7    6    0    0
 +2.030231178764359e-02    7   8    7    8    0    0
 -2.044572149937637e-03    7   8    7    9    0    0
 -2.002751183806172e-03    7   8    7    10    0    0
 -5.735197738068846e-03    7   8    7    11    0    0
 +5.145665088104152e-03    7   8    8    1    0    0
 +1.587163214405427e-03    7   8    8    2    0    0
 -3.589332703051809e-03    7   8    8    6    0    0
 +2.030231178764359e-02    7   8    8    7    0    0
 -2.041376372972283e-03    7   8    8    9    0    0
 +1.819453828100754e-03    7   8    8    10    0    0
 +4.073017324162820e-04    7   8    8    11    0    0
 +1.015352770169028e-03    7   8    9    1    0    0
 +3.131821715685399e-04    7   8    9    2    0    0
 -7.082541985733083e-04    7   8    9    6    0    0
 -2.044572149937655e-03    7   8    9    7    0    0
 -2.041376372972282e-03    7   8    9    8    0    0
 -1.101702590259005e-03    7   8    9    9    0    0
 -1.845869377821751e-02    7   8    9    10    0    0
 -3.383520761323821e-03    7   8    9    11    0    0
 -1.002338876678562e-02    7   8    10    1    0    0
 -3.091680795764360e-03    7   8    10    2    0    0
 +6.991764228728965e-03    7   8    10    6    0    0
 -2.002751183806158e-03    7   8    10    7    0    0
 +1.819453828100752e-03    7   8    10    8    0    0
 -1.845869377821750e-02    7   8    10    9    0    0
 +2.969193791722545e-03    7   8    10    10    0    0
 +4.855158057488637e-03    7   8    10    11    0    0
 -4.038449090736737e-03    7   8    11    1    0    0
 -1.245646137150317e-03    7   8    11    2    0    0
 +2.816999774140226e-03    7   8    11    6    0    0
 -5.735197738068857e-03    7   8    11    7    0    0
 +4.073017324162814e-04    7   8    11    8    0    0
 -3.383520761323821e-03    7   8    11    9    0    0
 +4.855158057488634e-03    7   8    11    10    0    0
 -1.867491201463228e-03    7   8    11    11    0    0
 -1.288546128048911e-03    7   8    12    3    0    0
 +3.173888683224544e-03    7   8    12    4    0    0
 -1.469570367659219e-03    7   8    12    5    0    0
 +6.046845119058211e-03    7   8    12    12    0    0
 +1.640297127502056e-02    7   8    12    13    0    0
 +5.855085943378915e-04    7   8    12    14    0    0
 -3.495373985735076e-03    7   8    13    3    0    0
 -2.559927964400808e-03    7   8    13    4    0    0
 -1.268069764232579e-03    7   8    13    5    0    0
 +1.640297127502057e-02    7   8    13    12    0    0
 -8.022959724347365e-03    7   8    13    13    0    0
 -1.074053913531164e-02    7   8    13    14    0    0
 -1.247683407328505e-04    7   8    14    3    0    0
 -1.850839108204919e-03    7   8    14    4    0    0
 +1.410697345318797e-03    7   8    14    5    0    0
 +5.855085943378913e-04    7   8    14    12    0    0
 -1.074053913531164e-02    7   8    14    13    0    0
 +1.976114605289472e-03    7   8    14    14    0    0
 -6.988237807095951e-03    7   9    1    7    0    0
 +1.773934774391224e-03    7   9    1    8    0    0
 +2.226937619806007e-02    7   9    1    10    0    0
 -7.003811909763068e-03    7   9    1    11    0    0
 -2.246084668614582e-03    7   9    2    7    0    0
 +5.701591459633077e-04    7   9    2    8    0    0
 +7.157584764399838e-03    7   9    2    10    0    0
 -2.251090330155226e-03    7   9    2    11    0    0
 +1.623182572705604e-03    7   9    3    3    0    0
 +8.612004301721623e-03    7   9    3    4    0    0
 -4.376037136247696e-03    7   9    3    5    0    0
 -3.654698444314015e-04    7   9    3    12    0    0
 +2.175017868913714e-03    7   9    3    13    0    0
 -1.793457621055404e-06    7   9    3    14    0    0
 +8.612004301721626e-03    7   9    4    3    0    0
 -9.797760516909051e-03    7   9    4    4    0    0
 -2.416845896887646e-03    7   9    4    5    0    0
 -1.939047353833070e-03    7   9    4    12    0    0
 -1.721405396903267e-03    7   9    4    13    0    0
 -1.483051405896981e-03    7   9    4    14    0    0
 -4.376037136247696e-03    7   9    5    3    0    0
 -2.416845896887645e-03    7   9    5    4    0    0
 +8.174577944203468e-03    7   9    5    5    0    0
 +9.852924977777780e-04    7   9    5    12    0    0
 -1.317760760226816e-03    7   9    5    13    0    0
 +1.395449556884025e-03    7   9    5    14    0    0
 +2.262060212501347e-03    7   9    6    7    0    0
 -5.742144705848963e-04    7   9    6    8    0    0
 -7.208493935868266e-03    7   9    6    10    0    0
 +2.267101477404040e-03    7   9    6    11    0    0
 -3.999880220212584e-03    7   9    7    1    0    0
 -1.233749697823490e-03    7   9    7    2    0    0
 +2.790096253230631e-03    7   9    7    6    0    0
 -2.044572149937637e-03    7   9    7    8    0    0
 +9.699335872844269e-03    7   9    7    9    0    0
 +1.651326249134363e-03    7   9    7    10    0    0
 -8.741400544589623e-03    7   9    7    11    0    0
 +1.015352770169023e-03    7   9    8    1    0    0
 +3.131821715685488e-04    7   9    8    2    0    0
 -7.082541985733127e-04    7   9    8    6    0    0
 -2.044572149937637e-03    7   9    8    7    0    0
 +4.082752745944569e-03    7   9    8    8    0    0
 +5.508512951295553e-04    7   9    8    9    0    0
 +1.069318592266622e-02    7   9    8    10    0    0
 +1.813062775244482e-03    7   9    8    11    0    0
 +9.699335872844267e-03    7   9    9    7    0    0
 +5.508512951295558e-04    7   9    9    8    0    0
 +6.915200545994661e-03    7   9    9    10    0    0
 -2.174859480197604e-03    7   9    9    11    0    0
 +1.274639470348932e-02    7   9    10    1    0    0
 +3.931582884482732e-03    7   9    10    2    0    0
 -8.891183272111733e-03    7   9    10    6    0    0
 +1.651326249134349e-03    7   9    10    7    0    0
 +1.069318592266621e-02    7   9    10    8    0    0
 +6.915200545994658e-03    7   9    10    9    0    0
 -1.937755174434214e-03    7   9    10    10    0    0
 +6.522540963001449e-03    7   9    10    11    0    0
 -4.008794419603752e-03    7   9    11    1    0    0
 -1.236499252860041e-03    7   9    11    2    0    0
 +2.796314308010402e-03    7   9    11    6    0    0
 -8.741400544589634e-03    7   9    11    7    0    0
 +1.813062775244483e-03    7   9    11    8    0    0
 -2.174859480197604e-03    7   9    11    9    0    0
 +6.522540963001450e-03    7   9    11    10    0    0
 -2.144997571510364e-03    7   9    11    11    0    0
 -3.706532480836944e-04    7   9    12    3    0    0
 -1.966548569840299e-03    7   9    12    4    0    0
 +9.992667525880788e-04    7   9    12    5    0    0
 +1.739388862571538e-03    7   9    12    12    0    0
 -1.035161153437584e-02    7   9    12    13    0    0
 +8.535643252372495e-06    7   9    12    14    0    0
 +2.205865819127164e-03    7   9    13    3    0    0
 -1.745819829878650e-03    7   9    13    4    0    0
 -1.336450362232264e-03    7   9    13    5    0    0
 -1.035161153437584e-02    7   9    13    12    0    0
 -4.470467984909267e-03    7   9    13    13    0    0
 -9.298882110431611e-03    7   9    13    14    0    0
 -1.818893959866149e-06    7   9    14    3    0    0
 -1.504085300186753e-03    7   9    14    4    0    0
 +1.415241007368816e-03    7   9    14    5    0    0
 +8.535643252372702e-06    7   9    14    12    0    0
 -9.298882110431610e-03    7   9    14    13    0    0
 +2.731079122337724e-03    7   9    14    14    0    0
 +3.081314220613756e-03    7   10    1    7    0    0
 -1.751198047914319e-02    7   10    1    8    0    0
 +2.226937619806010e-02    7   10    1    9    0    0
 +1.828907233546749e-03    7   10    1    10    0    0
 -1.620587544731537e-02    7   10    1    11    0    0
 +9.903630673639952e-04    7   10    2    7    0    0
 -5.628513504698080e-03    7   10    2    8    0    0
 +7.157584764399778e-03    7   10    2    9    0    0
 +5.878278059479387e-04    7   10    2    10    0    0
 -5.208719191944371e-03    7   10    2    11    0    0
 +1.382694726251476e-02    7   10    3    3    0    0
 +8.232497655866831e-03    7   10    3    4    0    0
 +7.814932288121058e-03    7   10    3    5    0    0
 -3.113224815227715e-03    7   10    3    12    0    0
 +8.573869067500078e-04    7   10    3    13    0    0
 +2.407663646345154e-03    7   10    3    14    0    0
 +8.232497655866837e-03    7   10    4    3    0    0
 -2.728640022215929e-03    7   10    4    4    0    0
 -6.222636131678632e-03    7   10    4    5    0    0
 -1.853599027099221e-03    7   10    4    12    0    0
 +8.571272003733115e-05    7   10    4    13    0    0
 -1.527445710790416e-03    7   10    4    14    0    0
 +7.814932288121053e-03    7   10    5    3    0    0
 -6.222636131678622e-03    7   10    5    4    0    0
 -1.109830724029875e-02    7   10    5    5    0    0
 -1.759581537904756e-03    7   10    5    12    0    0
 -1.194309383925183e-04    7   10    5    13    0    0
 -2.862340738130650e-03    7   10    5    14    0    0
 -9.974071422680308e-04    7   10    6    7    0    0
 +5.668546975282785e-03    7   10    6    8    0    0
 -7.208493935868243e-03    7   10    6    9    0    0
 -5.920088010114972e-04    7   10    6    10    0    0
 +5.245766825636729e-03    7   10    6    11    0    0
 +1.763661761879048e-03    7   10    7    1    0    0
 +5.439955813640477e-04    7   10    7    2    0    0
 -1.230233357718723e-03    7   10    7    6    0    0
 -2.002751183806172e-03    7   10    7    8    0    0
 +1.651326249134363e-03    7   10    7    9    0    0
 +1.751623940907116e-02    7   10    7    10    0    0
 -1.422348730403344e-03    7   10    7    11    0    0
 -1.002338876678572e-02    7   10    8    1    0    0
 -3.091680795764423e-03    7   10    8    2    0    0
 +6.991764228729045e-03    7   10    8    6    0    0
 -2.002751183806170e-03    7   10    8    7    0    0
 -3.638907656201430e-03    7   10    8    8    0    0
 +7.765507855551350e-03    7   10    8    9    0    0
 -1.484596895861227e-03    7   10    8    10    0    0
 +7.115387436578443e-03    7   10    8    11    0    0
 +1.274639470348954e-02    7   10    9    1    0    0
 +3.931582884482645e-03    7   10    9    2    0    0
 -8.891183272111676e-03    7   10    9    6    0    0
 +1.651326249134363e-03    7   10    9    7    0    0
 +7.765507855551345e-03    7   10    9    8    0    0
 -1.383040109198948e-02    7   10    9    9    0    0
 +9.688775872171084e-04    7   10    9    10    0    0
 -6.328128706407372e-03    7   10    9    11    0    0
 +1.046817533976744e-03    7   10    10    1    0    0
 +3.228873729002703e-04    7   10    10    2    0    0
 -7.302022857098167e-04    7   10    10    6    0    0
 +1.751623940907116e-02    7   10    10    7    0    0
 -1.484596895861226e-03    7   10    10    8    0    0
 +9.688775872171078e-04    7   10    10    9    0    0
 +1.767557747781326e-03    7   10    10    11    0    0
 -9.275809215754523e-03    7   10    11    1    0    0
 -2.861092379510531e-03    7   10    11    2    0    0
 +6.470293887246230e-03    7   10    11    6    0    0
 -1.422348730403346e-03    7   10    11    7    0    0
 +7.115387436578443e-03    7   10    11    8    0    0
 -6.328128706407370e-03    7   10    11    9    0    0
 +1.767557747781325e-03    7   10    11    10    0    0
 +1.746930874819090e-02    7   10    11    11    0    0
 -3.157379212980535e-03    7   10    12    3    0    0
 -1.879888342382977e-03    7   10    12    4    0    0
 -1.784537417326963e-03    7   10    12    5    0    0
 +1.481684098646641e-02    7   10    12    12    0    0
 -4.080580817374622e-03    7   10    12    13    0    0
 -1.145884782309932e-02    7   10    12    14    0    0
 +8.695470958643728e-04    7   10    13    3    0    0
 +8.692837061121846e-05    7   10    13    4    0    0
 -1.211248093690518e-04    7   10    13    5    0    0
 -4.080580817374622e-03    7   10    13    12    0    0
 +6.209035954140573e-04    7   10    13    13    0    0
 -3.224586738359558e-04    7   10    13    14    0    0
 +2.441811176512467e-03    7   10    14    3    0    0
 -1.549109242807125e-03    7   10    14    4    0    0
 -2.902936884877567e-03    7   10    14    5    0    0
 -1.145884782309932e-02    7   10    14    12    0    0
 -3.224586738359558e-04    7   10    14    13    0    0
 -1.543774458188047e-02    7   10    14    14    0    0
 +1.845890335388272e-02    7   11    1    7    0    0
 -7.055621934703528e-03    7   11    1    8    0    0
 -7.003811909763042e-03    7   11    1    9    0    0
 -1.620587544731527e-02    7   11    1    10    0    0
 +5.082521420185350e-03    7   11    1    11    0    0
 +5.932863329363928e-03    7   11    2    7    0    0
 -2.267742554351321e-03    7   11    2    8    0    0
 -2.251090330155212e-03    7   11    2    9    0    0
 -5.208719191944404e-03    7   11    2    10    0    0
 +1.633569685935939e-03    7   11    2    11    0    0
 -3.451763997226059e-03    7   11    3    3    0    0
 -2.397805735502991e-03    7   11    3    4    0    0
 +3.073176199799701e-03    7   11    3    5    0    0
 +7.771865422244710e-04    7   11    3    12    0    0
 -7.944553389902380e-04    7   11    3    13    0    0
 +3.729616629082722e-04    7   11    3    14    0    0
 -2.397805735502992e-03    7   11    4    3    0    0
 +1.374140728914478e-02    7   11    4    4    0    0
 +7.301806052123556e-03    7   11    4    5    0    0
 +5.398811593142506e-04    7   11    4    12    0    0
 +2.015898749831934e-03    7   11    4    13    0    0
 +2.865600263846909e-03    7   11    4    14    0    0
 +3.073176199799701e-03    7   11    5    3    0    0
 +7.301806052123555e-03    7   11    5    4    0    0
 -1.028964329191859e-02    7   11    5    5    0    0
 -6.919451000382162e-04    7   11    5    12    0    0
 +2.514102958863191e-03    7   11    5    13    0    0
 -1.322740350904151e-03    7   11    5    14    0    0
 -5.975061524212471e-03    7   11    6    7    0    0
 +2.283872142521896e-03    7   11    6    8    0    0
 +2.267101477404048e-03    7   11    6    9    0    0
 +5.245766825636764e-03    7   11    6    10    0    0
 -1.645188644283528e-03    7   11    6    11    0    0
 +1.056538206771367e-02    7   11    7    1    0    0
 +3.258856819652122e-03    7   11    7    2    0    0
 -7.369828919404875e-03    7   11    7    6    0    0
 -5.735197738068846e-03    7   11    7    8    0    0
 -8.741400544589623e-03    7   11    7    9    0    0
 -1.422348730403344e-03    7   11    7    10    0    0
 +1.182890894574756e-02    7   11    7    11    0    0
 -4.038449090736685e-03    7   11    8    1    0    0
 -1.245646137150353e-03    7   11    8    2    0    0
 +2.816999774140310e-03    7   11    8    6    0    0
 -5.735197738068846e-03    7   11    8    7    0    0
 -8.146034648325092e-04    7   11    8    8    0    0
 +1.570457986079317e-03    7   11    8    9    0    0
 -1.197054549406704e-02    7   11    8    10    0    0
 +9.337456007316774e-04    7   11    8    11    0    0
 -4.008794419603786e-03    7   11    9    1    0    0
 -1.236499252860029e-03    7   11    9    2    0    0
 +2.796314308010398e-03    7   11    9    6    0    0
 -8.741400544589620e-03    7   11    9    7    0    0
 +1.570457986079316e-03    7   11    9    8    0    0
 +4.349718960395273e-03    7   11    9    9    0    0
 -1.944122565941012e-04    7   11    9    10    0    0
 +1.072498785755185e-03    7   11    9    11    0    0
 -9.275809215754416e-03    7   11    10    1    0    0
 -2.861092379510572e-03    7   11    10    2    0    0
 +6.470293887246286e-03    7   11    10    6    0    0
 -1.422348730403343e-03    7   11    10    7    0    0
 -1.197054549406703e-02    7   11    10    8    0    0
 -1.944122565940988e-04    7   11    10    9    0    0
 -3.535115495562603e-03    7   11    10    10    0    0
 -8.734654374095445e-03    7   11    10    11    0    0
 +2.909099183310991e-03    7   11    11    1    0    0
 +8.973019292456911e-04    7   11    11    2    0    0
 -2.029227448016154e-03    7   11    11    6    0    0
 +1.182890894574756e-02    7   11    11    7    0    0
 +9.337456007316779e-04    7   11    11    8    0    0
 +1.072498785755184e-03    7   11    11    9    0    0
 -8.734654374095449e-03    7   11    11    10    0    0
 +7.882092616714304e-04    7   11    12    3    0    0
 +5.475382123259706e-04    7   11    12    4    0    0
 -7.017588529739991e-04    7   11    12    5    0    0
 -3.698881416027503e-03    7   11    12    12    0    0
 +3.781069189443124e-03    7   11    12    13    0    0
 -1.775044842996839e-03    7   11    12    14    0    0
 -8.057229791757513e-04    7   11    13    3    0    0
 +2.044489937591316e-03    7   11    13    4    0    0
 +2.549760101737728e-03    7   11    13    5    0    0
 +3.781069189443125e-03    7   11    13    12    0    0
 +3.145400429667869e-03    7   11    13    13    0    0
 +1.501095348875116e-02    7   11    13    14    0    0
 +3.782513218914790e-04    7   11    14    3    0    0
 +2.906242639955243e-03    7   11    14    4    0    0
 -1.341500577692745e-03    7   11    14    5    0    0
 -1.775044842996840e-03    7   11    14    12    0    0
 +1.501095348875116e-02    7   11    14    13    0    0
 +5.534809863598427e-04    7   11    14    14    0    0
 -2.971650872814061e-03    7   12    1    3    0    0
 -1.151592856455552e-02    7   12    1    4    0    0
 +1.408830525865033e-02    7   12    1    5    0    0
 +4.076413617234410e-03    7   12    1    12    0    0
 -2.282970312128372e-02    7   12    1    13    0    0
 +1.009182381568909e-02    7   12    1    14    0    0
 +1.106777738511002e-05    7   12    2    3    0    0
 +4.289054777642588e-05    7   12    2    4    0    0
 -5.247124679511399e-05    7   12    2    5    0    0
 +2.947240036549697e-03    7   12    2    12    0    0
 -1.650583610483577e-02    7   12    2    13    0    0
 +7.296371267541707e-03    7   12    2    14    0    0
 -2.917047977921450e-03    7   12    3    1    0    0
 -1.404917790814578e-04    7   12    3    2    0    0
 +1.222120786728567e-03    7   12    3    6    0    0
 -1.173137438986519e-02    7   12    3    7    0    0
 -5.747299517331143e-03    7   12    3    8    0    0
 -1.653223883443194e-03    7   12    3    9    0    0
 -1.408285169757345e-02    7   12    3    10    0    0
 +3.515648070759842e-03    7   12    3    11    0    0
 -1.130432798833931e-02    7   12    4    1    0    0
 -5.444425879939003e-04    7   12    4    2    0    0
 +4.736039420369931e-03    7   12    4    6    0    0
 -4.858385962772939e-03    7   12    4    7    0    0
 +6.749779618763368e-03    7   12    4    8    0    0
 -1.072296694495864e-02    7   12    4    9    0    0
 -3.088919028162483e-03    7   12    4    10    0    0
 -1.059436705909194e-02    7   12    4    11    0    0
 +1.382943829069979e-02    7   12    5    1    0    0
 +6.660577418894091e-04    7   12    5    2    0    0
 -5.793954755549437e-03    7   12    5    6    0    0
 -1.424949728403021e-02    7   12    5    7    0    0
 +1.631966288559399e-03    7   12    5    8    0    0
 +1.666933949789112e-03    7   12    5    9    0    0
 +6.836555635474429e-03    7   12    5    10    0    0
 +5.959384012109515e-03    7   12    5    11    0    0
 +1.090863050489796e-03    7   12    6    3    0    0
 +4.227381176597526e-03    7   12    6    4    0    0
 -5.171674704885333e-03    7   12    6    5    0    0
 +2.616797119090276e-03    7   12    6    12    0    0
 -1.465521091993425e-02    7   12    6    13    0    0
 +6.478306169818616e-03    7   12    6    14    0    0
 -8.193968513917588e-03    7   12    7    3    0    0
 -3.626519062609070e-03    7   12    7    4    0    0
 -1.063646938079786e-02    7   12    7    5    0    0
 +1.181355002187096e-02    7   12    7    12    0    0
 +1.611633233213963e-03    7   12    7    13    0    0
 -1.137734943741198e-02    7   12    7    14    0    0
 -4.290044351731584e-03    7   12    8    3    0    0
 +4.766904088833923e-03    7   12    8    4    0    0
 +1.518194424232491e-03    7   12    8    5    0    0
 +4.386711757171824e-03    7   12    8    12    0    0
 +5.950672449464805e-03    7   12    8    13    0    0
 +2.705269334909183e-03    7   12    8    14    0    0
 -1.234041093895608e-03    7   12    9    3    0    0
 -8.075627772816923e-03    7   12    9    4    0    0
 +1.142025192277432e-03    7   12    9    5    0    0
 +1.261847694707415e-03    7   12    9    12    0    0
 -7.785878569848737e-03    7   12    9    13    0    0
 -1.939221945571803e-03    7   12    9    14    0    0
 -1.051207757647939e-02    7   12    10    3    0    0
 -2.111626270503882e-03    7   12    10    4    0    0
 +5.645354116963004e-03    7   12    10    5    0    0
 +1.074894581880775e-02    7   12    10    12    0    0
 -4.096264215736860e-03    7   12    10    13    0    0
 +6.848884694506285e-04    7   12    10    14    0    0
 +2.624238758247754e-03    7   12    11    3    0    0
 -8.385870734545105e-03    7   12    11    4    0    0
 +4.781458217281430e-03    7   12    11    5    0    0
 -2.683370629906243e-03    7   12    11    12    0    0
 -6.339224846028490e-03    7   12    11    13    0    0
 -1.195314240784298e-05    7   12    11    14    0    0
 +2.071072357014883e-03    7   12    12    1    0    0
 +1.966394177136985e-03    7   12    12    2    0    0
 +1.490896802730956e-03    7   12    12    6    0    0
 +1.353143168877542e-02    7   12    12    7    0    0
 +4.866443335190193e-03    7   12    12    8    0    0
 +1.399843583042489e-03    7   12    12    9    0    0
 +1.192445244544216e-02    7   12    12    10    0    0
 -2.976824519277587e-03    7   12    12    11    0    0
 -1.159891303803105e-02    7   12    13    1    0    0
 -1.101266934583427e-02    7   12    13    2    0    0
 -8.349675618518538e-03    7   12    13    6    0    0
 +1.787881730255682e-03    7   12    13    7    0    0
 +6.887327398776788e-03    7   12    13    8    0    0
 -8.624067682429772e-03    7   12    13    9    0    0
 -4.489640187090384e-03    7   12    13    10    0    0
 -6.596019109217217e-03    7   12    13    11    0    0
 +5.127275909434936e-03    7   12    14    1    0    0
 +4.868128078064629e-03    7   12    14    2    0    0
 +3.690957119003804e-03    7   12    14    6    0    0
 -1.262157839554956e-02    7   12    14    7    0    0
 +2.891523555120629e-03    7   12    14    8    0    0
 -2.057804770378975e-03    7   12    14    9    0    0
 +3.273822227466171e-04    7   12    14    10    0    0
 -7.456964490108449e-05    7   12    14    11    0    0
 +1.664254748821957e-02    7   13    1    3    0    0
 +2.076095298057927e-02    7   13    1    4    0    0
 +2.648855500865674e-02    7   13    1    5    0    0
 -2.282970312128383e-02    7   13    1    12    0    0
 +8.966369067097016e-03    7   13    1    13    0    0
 +4.528778628566615e-02    7   13    1    14    0    0
 -6.198440483231014e-05    7   13    2    3    0    0
 -7.732321720361872e-05    7   13    2    4    0    0
 -9.865540826860166e-05    7   13    2    5    0    0
 -1.650583610483555e-02    7   13    2    12    0    0
 +6.482669419340655e-03    7   13    2    13    0    0
 +3.274299161977018e-02    7   13    2    14    0    0
 +1.633674734205905e-02    7   13    3    1    0    0
 +7.868155463543313e-04    7   13    3    2    0    0
 -6.844412112991505e-03    7   13    3    6    0    0
 -2.111499322521632e-03    7   13    3    7    0    0
 -2.589890127268978e-02    7   13    3    8    0    0
 +9.360117505829147e-03    7   13    3    9    0    0
 +1.909966422930441e-03    7   13    3    10    0    0
 -1.933169435049763e-02    7   13    3    11    0    0
 +2.037947878257041e-02    7   13    4    1    0    0
 +9.815228452141967e-04    7   13    4    2    0    0
 -8.538147069017380e-03    7   13    4    6    0    0
 +3.177492463929257e-02    7   13    4    7    0    0
 -1.315263063290686e-02    7   13    4    8    0    0
 -1.835919836122321e-02    7   13    4    9    0    0
 +6.589608161717508e-04    7   13    4    10    0    0
 +2.398262797559828e-03    7   13    4    11    0    0
 +2.600183841680321e-02    7   13    5    1    0    0
 +1.252308692285491e-03    7   13    5    2    0    0
 -1.089368000212846e-02    7   13    5    6    0    0
 -2.228161168608518e-02    7   13    5    7    0    0
 -9.076607429613321e-03    7   13    5    8    0    0
 -2.680975738062625e-02    7   13    5    9    0    0
 -5.374096027107391e-06    7   13    5    10    0    0
 -1.880780691465910e-03    7   13    5    11    0    0
 -6.109311254228333e-03    7   13    6    3    0    0
 -7.621136354427782e-03    7   13    6    4    0    0
 -9.723681265574661e-03    7   13    6    5    0    0
 -1.465521091993418e-02    7   13    6    12    0    0
 +5.755836121310541e-03    7   13    6    13    0    0
 +2.907186556861474e-02    7   13    6    14    0    0
 -1.576118612741956e-03    7   13    7    3    0    0
 +2.321623664444528e-02    7   13    7    4    0    0
 -1.637743883476010e-02    7   13    7    5    0    0
 +1.611633233213963e-03    7   13    7    12    0    0
 +3.218156070996785e-02    7   13    7    13    0    0
 -4.199292288540626e-03    7   13    7    14    0    0
 -1.970989111531312e-02    7   13    8    3    0    0
 -9.881286715698948e-03    7   13    8    4    0    0
 -6.900547954280530e-03    7   13    8    5    0    0
 +1.784855029493815e-02    7   13    8    12    0    0
 -5.820293236747071e-03    7   13    8    13    0    0
 -1.000509443827065e-02    7   13    8    14    0    0
 +6.969271975316961e-03    7   13    9    3    0    0
 -1.409158446445477e-02    7   13    9    4    0    0
 -2.077607003043850e-02    7   13    9    5    0    0
 -7.233370353991996e-03    7   13    9    12    0    0
 -3.243121674747996e-03    7   13    9    13    0    0
 -2.023610540957437e-02    7   13    9    14    0    0
 +1.353545903428883e-03    7   13    10    3    0    0
 +5.018182025681415e-04    7   13    10    4    0    0
 +1.559045168579540e-05    7   13    10    5    0    0
 -1.824288236069747e-03    7   13    10    12    0    0
 +4.504373848584722e-04    7   13    10    13    0    0
 +1.121635258639202e-04    7   13    10    14    0    0
 -1.500680565106851e-02    7   13    11    3    0    0
 +1.543872937487196e-03    7   13    11    4    0    0
 -1.889605234447700e-03    7   13    11    5    0    0
 +1.182521310649638e-02    7   13    11    12    0    0
 +2.281845288603438e-03    7   13    11    13    0    0
 +2.314121517715705e-03    7   13    11    14    0    0
 -1.159891303803096e-02    7   13    12    1    0    0
 -1.101266934583419e-02    7   13    12    2    0    0
 -8.349675618518560e-03    7   13    12    6    0    0
 +1.787881730255654e-03    7   13    12    7    0    0
 +1.951458257806564e-02    7   13    12    8    0    0
 -8.037688975160480e-03    7   13    12    9    0    0
 -2.078384933920476e-03    7   13    12    10    0    0
 +1.268195602162969e-02    7   13    12    11    0    0
 +4.555474704320335e-03    7   13    13    1    0    0
 +4.325227412904917e-03    7   13    13    2    0    0
 +3.279336257175574e-03    7   13    13    6    0    0
 +3.612689164853256e-02    7   13    13    7    0    0
 -6.456801540359533e-03    7   13    13    8    0    0
 -3.597790037944832e-03    7   13    13    9    0    0
 +4.996972973848390e-04    7   13    13    10    0    0
 +2.531388295231529e-03    7   13    13    11    0    0
 +2.300901996060825e-02    7   13    14    1    0    0
 +2.184607540094935e-02    7   13    14    2    0    0
 +1.656343593069236e-02    7   13    14    6    0    0
 -4.658527640133590e-03    7   13    14    7    0    0
 -1.099288772299088e-02    7   13    14    8    0    0
 -2.180083107376465e-02    7   13    14    9    0    0
 +1.077975626534465e-04    7   13    14    10    0    0
 +2.979314267322213e-03    7   13    14    11    0    0
 -7.356804256415019e-03    7   14    1    3    0    0
 +2.514456972790687e-02    7   14    1    4    0    0
 -2.341131380035958e-02    7   14    1    5    0    0
 +1.009182381568921e-02    7   14    1    12    0    0
 +4.528778628566644e-02    7   14    1    13    0    0
 -1.304278268433137e-02    7   14    1    14    0    0
 +2.740008004331258e-05    7   14    2    3    0    0
 -9.364979673042598e-05    7   14    2    4    0    0
 +8.719436452176772e-05    7   14    2    5    0    0
 +7.296371267541698e-03    7   14    2    12    0    0
 +3.274299161977041e-02    7   14    2    13    0    0
 -9.429909455890340e-03    7   14    2    14    0    0
 -7.221625923982534e-03    7   14    3    1    0    0
 -3.478102114192749e-04    7   14    3    2    0    0
 +3.025558448978839e-03    7   14    3    6    0    0
 +1.490616173338527e-02    7   14    3    7    0    0
 +3.395228253246257e-03    7   14    3    8    0    0
 -3.379182350432589e-03    7   14    3    9    0    0
 +2.648278660676170e-02    7   14    3    10    0    0
 +3.897789459686158e-03    7   14    3    11    0    0
 +2.468254832743462e-02    7   14    4    1    0    0
 +1.188768629460749e-03    7   14    4    2    0    0
 -1.034095277441518e-02    7   14    4    6    0    0
 +1.049139844906945e-02    7   14    4    7    0    0
 -4.834655090962954e-03    7   14    4    8    0    0
 +1.414012228863082e-02    7   14    4    9    0    0
 -7.444367246518393e-03    7   14    4    10    0    0
 +2.621617795921520e-02    7   14    4    11    0    0
 -2.298114028353316e-02    7   14    5    1    0    0
 -1.106824881932293e-03    7   14    5    2    0    0
 +9.628134146508965e-03    7   14    5    6    0    0
 +3.285398406423883e-02    7   14    5    7    0    0
 +4.557540876908737e-03    7   14    5    8    0    0
 -4.259925522868467e-03    7   14    5    9    0    0
 -1.267672873789634e-02    7   14    5    10    0    0
 -1.270426339888039e-02    7   14    5    11    0    0
 +2.700608609991071e-03    7   14    6    3    0    0
 -9.230317830258241e-03    7   14    6    4    0    0
 +8.594057068369566e-03    7   14    6    5    0    0
 +6.478306169818597e-03    7   14    6    12    0    0
 +2.907186556861480e-02    7   14    6    13    0    0
 -8.372633240400832e-03    7   14    6    14    0    0
 +1.112663343148711e-02    7   14    7    3    0    0
 +7.576690317888584e-03    7   14    7    4    0    0
 +2.402169541290050e-02    7   14    7    5    0    0
 -1.137734943741198e-02    7   14    7    12    0    0
 -4.199292288540626e-03    7   14    7    13    0    0
 +2.884612874298718e-02    7   14    7    14    0    0
 +2.679172736355469e-03    7   14    8    3    0    0
 -3.483447698266510e-03    7   14    8    4    0    0
 +3.338386458592416e-03    7   14    8    5    0    0
 -1.855749499644349e-03    7   14    8    12    0    0
 -5.578453139205473e-03    7   14    8    13    0    0
 +1.433581479575228e-03    7   14    8    14    0    0
 -2.645915561658164e-03    7   14    9    3    0    0
 +1.131888125838839e-02    7   14    9    4    0    0
 -3.567249405649078e-03    7   14    9    5    0    0
 +1.951606389318226e-03    7   14    9    12    0    0
 +6.744271344296129e-03    7   14    9    13    0    0
 +1.981273980040619e-03    7   14    9    14    0    0
 +2.033934111591951e-02    7   14    10    3    0    0
 -5.576414395535023e-03    7   14    10    4    0    0
 -9.452543750442109e-03    7   14    10    5    0    0
 -1.731063676613032e-02    7   14    10    12    0    0
 -5.800217983570590e-04    7   14    10    13    0    0
 -1.119938320366636e-02    7   14    10    14    0    0
 +2.990501939126748e-03    7   14    11    3    0    0
 +2.005464662142090e-02    7   14    11    4    0    0
 -9.729335812211573e-03    7   14    11    5    0    0
 -2.563475838810803e-03    7   14    11    12    0    0
 +1.946540974493453e-02    7   14    11    13    0    0
 +4.015253413028565e-04    7   14    11    14    0    0
 +5.127275909434885e-03    7   14    12    1    0    0
 +4.868128078064560e-03    7   14    12    2    0    0
 +3.690957119003751e-03    7   14    12    6    0    0
 -1.262157839554962e-02    7   14    12    7    0    0
 -1.949100079569140e-03    7   14    12    8    0    0
 +2.071543579096292e-03    7   14    12    9    0    0
 -1.877132531033378e-02    7   14    12    10    0    0
 -2.782508707789101e-03    7   14    12    11    0    0
 +2.300901996060855e-02    7   14    13    1    0    0
 +2.184607540094948e-02    7   14    13    2    0    0
 +1.656343593069233e-02    7   14    13    6    0    0
 -4.658527640133633e-03    7   14    13    7    0    0
 -6.294879389366830e-03    7   14    13    8    0    0
 +6.833527635346872e-03    7   14    13    9    0    0
 -6.268208990432923e-04    7   14    13    10    0    0
 +2.118203040808512e-02    7   14    13    11    0    0
 -6.626547061335248e-03    7   14    14    1    0    0
 -6.291621590041929e-03    7   14    14    2    0    0
 -4.770233059906551e-03    7   14    14    6    0    0
 +3.242669624837741e-02    7   14    14    7    0    0
 +1.590358205169332e-03    7   14    14    8    0    0
 +2.197946454902382e-03    7   14    14    9    0    0
 -1.242414974282712e-02    7   14    14    10    0    0
 +4.454362240461052e-04    7   14    14    11    0    0
 +3.885962879459225e-02    8   1    1    8    0    0
 +1.243289354703010e-02    8   1    2    8    0    0
 +3.987984207216998e-03    8   1    3    3    0    0
 -1.082576834397786e-02    8   1    3    4    0    0
 -1.675716729451181e-02    8   1    3    5    0    0
 -8.156674271015815e-04    8   1    3    12    0    0
 -4.247210669383349e-04    8   1    3    13    0    0
 -4.058220871481244e-03    8   1    3    14    0    0
 -1.082576834397787e-02    8   1    4    3    0    0
 -6.089112027941600e-03    8   1    4    4    0    0
 +6.276104429199243e-04    8   1    4    5    0    0
 +2.214208019066449e-03    8   1    4    12    0    0
 -1.168817566829273e-03    8   1    4    13    0    0
 -4.487746721665150e-04    8   1    4    14    0    0
 -1.675716729451181e-02    8   1    5    3    0    0
 +6.276104429199260e-04    8   1    5    4    0    0
 +2.101127820724589e-03    8   1    5    5    0    0
 +3.427364508588071e-03    8   1    5    12    0    0
 -7.987365958779295e-05    8   1    5    13    0    0
 +4.413387736312086e-04    8   1    5    14    0    0
 -9.938437083609234e-03    8   1    6    8    0    0
 -1.628116038882838e-02    8   1    7    7    0    0
 +5.145665088104152e-03    8   1    7    8    0    0
 +1.015352770169023e-03    8   1    7    9    0    0
 -1.002338876678572e-02    8   1    7    10    0    0
 -4.038449090736685e-03    8   1    7    11    0    0
 +1.802720203207081e-02    8   1    8    1    0    0
 +5.271866876327625e-03    8   1    8    2    0    0
 -1.385655949740473e-02    8   1    8    6    0    0
 +5.145665088104155e-03    8   1    8    7    0    0
 +1.055313258098119e-02    8   1    8    8    0    0
 -9.675656220784586e-03    8   1    8    9    0    0
 +2.343067088899969e-03    8   1    8    10    0    0
 -1.554660910403063e-02    8   1    8    11    0    0
 +1.015352770168995e-03    8   1    9    7    0    0
 -9.675656220784583e-03    8   1    9    8    0    0
 +8.541756271650681e-07    8   1    9    10    0    0
 -6.231700788595098e-03    8   1    9    11    0    0
 -1.002338876678570e-02    8   1    10    7    0    0
 +2.343067088899926e-03    8   1    10    8    0    0
 +8.541756271643651e-07    8   1    10    9    0    0
 +1.368887100671335e-02    8   1    10    10    0    0
 +3.354670069181793e-04    8   1    10    11    0    0
 -4.038449090736670e-03    8   1    11    7    0    0
 -1.554660910403059e-02    8   1    11    8    0    0
 -6.231700788595100e-03    8   1    11    9    0    0
 +3.354670069181788e-04    8   1    11    10    0    0
 -7.960843198866195e-03    8   1    11    11    0    0
 -7.397633686910421e-04    8   1    12    3    0    0
 +2.008159120669816e-03    8   1    12    4    0    0
 +3.108422171049177e-03    8   1    12    5    0    0
 +4.600257599899445e-03    8   1    12    12    0    0
 +2.395371264196891e-03    8   1    12    13    0    0
 +2.288783490158545e-02    8   1    12    14    0    0
 -3.851975410478781e-04    8   1    13    3    0    0
 -1.060050201704576e-03    8   1    13    4    0    0
 -7.244080800959306e-05    8   1    13    5    0    0
 +2.395371264196890e-03    8   1    13    12    0    0
 -5.675527513207780e-03    8   1    13    13    0    0
 -3.383118902025729e-03    8   1    13    14    0    0
 -3.680572550809186e-03    8   1    14    3    0    0
 -4.070127753474253e-04    8   1    14    4    0    0
 +4.002688437314938e-04    8   1    14    5    0    0
 +2.288783490158545e-02    8   1    14    12    0    0
 -3.383118902025729e-03    8   1    14    13    0    0
 +1.075269913308335e-03    8   1    14    14    0    0
 +1.299517276404481e-02    8   2    1    8    0    0
 +5.492719931806479e-03    8   2    2    8    0    0
 +7.722885448798769e-04    8   2    3    3    0    0
 -2.096451853156010e-03    8   2    3    4    0    0
 -3.245090169305809e-03    8   2    3    5    0    0
 -7.777467210438340e-04    8   2    3    12    0    0
 -4.049756140726865e-04    8   2    3    13    0    0
 -3.869552554381096e-03    8   2    3    14    0    0
 -2.096451853156012e-03    8   2    4    3    0    0
 -1.179180062739300e-03    8   2    4    4    0    0
 +1.215391863480642e-04    8   2    4    5    0    0
 +2.111268599577815e-03    8   2    4    12    0    0
 -1.114478769037218e-03    8   2    4    13    0    0
 -4.279109575397844e-04    8   2    4    14    0    0
 -3.245090169305806e-03    8   2    5    3    0    0
 +1.215391863480646e-04    8   2    5    4    0    0
 +4.068915178594187e-04    8   2    5    5    0    0
 +3.268024956995835e-03    8   2    5    12    0    0
 -7.616030109593194e-05    8   2    5    13    0    0
 +4.208207569118168e-04    8   2    5    14    0    0
 -5.923441480731398e-04    8   2    6    8    0    0
 -5.021869557100133e-03    8   2    7    7    0    0
 +1.587163214405427e-03    8   2    7    8    0    0
 +3.131821715685488e-04    8   2    7    9    0    0
 -3.091680795764423e-03    8   2    7    10    0    0
 -1.245646137150353e-03    8   2    7    11    0    0
 +5.271866876327625e-03    8   2    8    1    0    0
 +2.649741616086623e-03    8   2    8    2    0    0
 -2.207554978696028e-03    8   2    8    6    0    0
 +1.587163214405429e-03    8   2    8    7    0    0
 +3.255078506372019e-03    8   2    8    8    0    0
 -2.984423853072900e-03    8   2    8    9    0    0
 +7.227112197766949e-04    8   2    8    10    0    0
 -4.795299666063065e-03    8   2    8    11    0    0
 +3.131821715685339e-04    8   2    9    7    0    0
 -2.984423853072924e-03    8   2    9    8    0    0
 +2.634676200042784e-07    8   2    9    10    0    0
 -1.922147299812579e-03    8   2    9    11    0    0
 -3.091680795764439e-03    8   2    10    7    0    0
 +7.227112197766804e-04    8   2    10    8    0    0
 +2.634676200041881e-07    8   2    10    9    0    0
 +4.222286553165782e-03    8   2    10    10    0    0
 +1.034736781175523e-04    8   2    10    11    0    0
 -1.245646137150349e-03    8   2    11    7    0    0
 -4.795299666063081e-03    8   2    11    8    0    0
 -1.922147299812580e-03    8   2    11    9    0    0
 +1.034736781175518e-04    8   2    11    10    0    0
 -2.455495502437661e-03    8   2    11    11    0    0
 -6.195520718322279e-04    8   2    12    3    0    0
 +1.681833943712695e-03    8   2    12    4    0    0
 +2.603304621058087e-03    8   2    12    5    0    0
 +1.955115249437750e-03    8   2    12    12    0    0
 +1.018035791473627e-03    8   2    12    13    0    0
 +9.727358538287120e-03    8   2    12    14    0    0
 -3.226030710917398e-04    8   2    13    3    0    0
 -8.877924029603408e-04    8   2    13    4    0    0
 -6.066920124333867e-05    8   2    13    5    0    0
 +1.018035791473625e-03    8   2    13    12    0    0
 -2.412106311159300e-03    8   2    13    13    0    0
 -1.437829776349034e-03    8   2    13    14    0    0
 -3.082480757891075e-03    8   2    14    3    0    0
 -3.408733372063212e-04    8   2    14    4    0    0
 +3.352252921938383e-04    8   2    14    5    0    0
 +9.727358538287122e-03    8   2    14    12    0    0
 -1.437829776349034e-03    8   2    14    13    0    0
 +4.569910617215496e-04    8   2    14    14    0    0
 +1.001696397060562e-02    8   3    1    3    0    0
 -2.719201627215757e-02    8   3    1    4    0    0
 -4.209042270899048e-02    8   3    1    5    0    0
 -6.105397962264644e-03    8   3    1    12    0    0
 -3.179103456209520e-03    8   3    1    13    0    0
 -3.037641643629747e-02    8   3    1    14    0    0
 -1.448384836174161e-03    8   3    2    3    0    0
 +3.931780542404490e-03    8   3    2    4    0    0
 +6.085988746565870e-03    8   3    2    5    0    0
 -6.255322872516842e-03    8   3    2    12    0    0
 -3.257169915316853e-03    8   3    2    13    0    0
 -3.112234348907121e-02    8   3    2    14    0    0
 +1.118507770628876e-02    8   3    3    1    0    0
 -2.229289434396412e-04    8   3    3    2    0    0
 -6.841466255397825e-03    8   3    3    6    0    0
 +8.135084019827149e-03    8   3    3    7    0    0
 +6.017337924492354e-02    8   3    3    8    0    0
 +5.869634757484665e-03    8   3    3    9    0    0
 -3.986208240570357e-03    8   3    3    10    0    0
 +9.951184327977320e-04    8   3    3    11    0    0
 -3.036297383990291e-02    8   3    4    1    0    0
 +6.051621504613937e-04    8   3    4    2    0    0
 +1.857182099167974e-02    8   3    4    6    0    0
 -2.834506421203092e-02    8   3    4    7    0    0
 +1.508554526370946e-03    8   3    4    8    0    0
 +2.579129479501567e-02    8   3    4    9    0    0
 +1.971063562433621e-02    8   3    4    10    0    0
 +9.841687001831939e-04    8   3    4    11    0    0
 -4.699873635086409e-02    8   3    5    1    0    0
 +9.367282832380876e-04    8   3    5    2    0    0
 +2.874725390687130e-02    8   3    5    6    0    0
 +1.845984679044185e-02    8   3    5    7    0    0
 -1.342483023973435e-02    8   3    5    8    0    0
 +3.498895343300314e-02    8   3    5    9    0    0
 -1.377891410826850e-02    8   3    5    10    0    0
 +7.852735576595892e-03    8   3    5    11    0    0
 -6.576541643210160e-03    8   3    6    3    0    0
 +1.785265754189199e-02    8   3    6    4    0    0
 +2.763406342862766e-02    8   3    6    5    0    0
 -3.278621629190771e-03    8   3    6    12    0    0
 -1.707190492312684e-03    8   3    6    13    0    0
 -1.631224967821955e-02    8   3    6    14    0    0
 +7.637774364865922e-03    8   3    7    3    0    0
 -2.727323319226277e-02    8   3    7    4    0    0
 +1.806191575748300e-02    8   3    7    5    0    0
 -4.290044351731584e-03    8   3    7    12    0    0
 -1.970989111531312e-02    8   3    7    13    0    0
 +2.679172736355469e-03    8   3    7    14    0    0
 +5.512433628110167e-02    8   3    8    3    0    0
 +1.416334368697106e-03    8   3    8    4    0    0
 -1.260415061575469e-02    8   3    8    5    0    0
 -2.878920353517653e-02    8   3    8    12    0    0
 +3.911407046840554e-03    8   3    8    13    0    0
 -5.954365629009284e-03    8   3    8    14    0    0
 +5.510815348996802e-03    8   3    9    3    0    0
 +2.552721754450472e-02    8   3    9    4    0    0
 +3.472657752753272e-02    8   3    9    5    0    0
 -3.095357512805336e-03    8   3    9    12    0    0
 +4.476937796299446e-03    8   3    9    13    0    0
 +2.747691211465301e-02    8   3    9    14    0    0
 -3.742525466073023e-03    8   3    10    3    0    0
 +1.938272519319388e-02    8   3    10    4    0    0
 -1.355264512753524e-02    8   3    10    5    0    0
 +2.102130734680379e-03    8   3    10    12    0    0
 +1.483507202699859e-02    8   3    10    13    0    0
 -2.107757785199862e-03    8   3    10    14    0    0
 +9.342853789220772e-04    8   3    11    3    0    0
 +2.051817394750109e-05    8   3    11    4    0    0
 +6.353739414997010e-03    8   3    11    5    0    0
 -5.247766589162060e-04    8   3    11    12    0    0
 -2.150841040798834e-03    8   3    11    13    0    0
 +1.099011223895483e-03    8   3    11    14    0    0
 -4.116728423021570e-03    8   3    12    1    0    0
 -5.558001278963427e-03    8   3    12    2    0    0
 -5.094430996238990e-03    8   3    12    6    0    0
 -2.869788709220965e-03    8   3    12    7    0    0
 -2.286627941550072e-02    8   3    12    8    0    0
 -2.070613101625800e-03    8   3    12    9    0    0
 +1.406202489551733e-03    8   3    12    10    0    0
 -3.510448860540820e-04    8   3    12    11    0    0
 -2.143595821074075e-03    8   3    13    1    0    0
 -2.894071964641678e-03    8   3    13    2    0    0
 -2.652689192033863e-03    8   3    13    6    0    0
 -1.076316086334281e-02    8   3    13    7    0    0
 +2.616502502045231e-03    8   3    13    8    0    0
 +2.147242506528549e-03    8   3    13    9    0    0
 +7.131162158631980e-03    8   3    13    10    0    0
 -5.306660194756590e-04    8   3    13    11    0    0
 -2.048211397614860e-02    8   3    14    1    0    0
 -2.765293310063747e-02    8   3    14    2    0    0
 -2.534651441301629e-02    8   3    14    6    0    0
 +8.638948542259194e-04    8   3    14    7    0    0
 -3.983122283061558e-03    8   3    14    8    0    0
 +1.241177969189485e-02    8   3    14    9    0    0
 -1.007731280545596e-03    8   3    14    10    0    0
 +4.203225518826518e-03    8   3    14    11    0    0
 -2.719201627215711e-02    8   4    1    3    0    0
 -1.529454797902487e-02    8   4    1    4    0    0
 +1.576423292481385e-03    8   4    1    5    0    0
 +1.657369251053194e-02    8   4    1    12    0    0
 -8.748781860930905e-03    8   4    1    13    0    0
 -3.359148444480064e-03    8   4    1    14    0    0
 +3.931780542404394e-03    8   4    2    3    0    0
 +2.211487575872558e-03    8   4    2    4    0    0
 -2.279400823365054e-04    8   4    2    5    0    0
 +1.698067816118844e-02    8   4    2    12    0    0
 -8.963618034334278e-03    8   4    2    13    0    0
 -3.441636110669257e-03    8   4    2    14    0    0
 -3.036297383990263e-02    8   4    3    1    0    0
 +6.051621504613103e-04    8   4    3    2    0    0
 +1.857182099167951e-02    8   4    3    6    0    0
 -1.173087959093770e-02    8   4    3    7    0    0
 +1.508554526370929e-03    8   4    3    8    0    0
 -7.203139865791642e-03    8   4    3    9    0    0
 -2.335292087847125e-03    8   4    3    10    0    0
 +2.369515002864244e-02    8   4    3    11    0    0
 -1.707809952496141e-02    8   4    4    1    0    0
 +3.403823185704094e-04    8   4    4    2    0    0
 +1.044599283746183e-02    8   4    4    6    0    0
 -1.969920220790688e-02    8   4    4    7    0    0
 +2.819531976071465e-02    8   4    4    8    0    0
 -1.430926337771846e-03    8   4    4    9    0    0
 -1.701404020987333e-02    8   4    4    10    0    0
 -6.472155641709807e-03    8   4    4    11    0    0
 +1.760255609998164e-03    8   4    5    1    0    0
 -3.508352231651598e-05    8   4    5    2    0    0
 -1.076678202236003e-03    8   4    5    6    0    0
 +1.189333178857333e-03    8   4    5    7    0    0
 +2.206903293125317e-02    8   4    5    8    0    0
 +8.916233426268974e-03    8   4    5    9    0    0
 +7.603839053735702e-03    8   4    5    10    0    0
 +9.671153221790024e-03    8   4    5    11    0    0
 +1.785265754189160e-02    8   4    6    3    0    0
 +1.004148881769924e-02    8   4    6    4    0    0
 -1.034985596509317e-03    8   4    6    5    0    0
 +8.900135106087543e-03    8   4    6    12    0    0
 -4.698128707679056e-03    8   4    6    13    0    0
 -1.803875327014741e-03    8   4    6    14    0    0
 -1.035280920387090e-02    8   4    7    3    0    0
 -1.849496099427596e-02    8   4    7    4    0    0
 +1.458874486422146e-03    8   4    7    5    0    0
 +4.766904088833923e-03    8   4    7    12    0    0
 -9.881286715698948e-03    8   4    7    13    0    0
 -3.483447698266510e-03    8   4    7    14    0    0
 +1.416334368697106e-03    8   4    8    3    0    0
 +2.510114262122356e-02    8   4    8    4    0    0
 +2.071992047886544e-02    8   4    8    5    0    0
 -7.955376747633266e-04    8   4    8    12    0    0
 +5.372610589497044e-03    8   4    8    13    0    0
 +1.577338282170148e-02    8   4    8    14    0    0
 -8.075383874125442e-03    8   4    9    3    0    0
 -1.343451705478233e-03    8   4    9    4    0    0
 +8.788313503590066e-03    8   4    9    5    0    0
 +6.617370165665556e-03    8   4    9    12    0    0
 -3.204726469864084e-03    8   4    9    13    0    0
 +4.651295441986936e-03    8   4    9    14    0    0
 -3.069561970750303e-03    8   4    10    3    0    0
 -1.597394689975544e-02    8   4    10    4    0    0
 +8.465061771361039e-03    8   4    10    5    0    0
 +3.114950836231532e-03    8   4    10    12    0    0
 -1.110377831380524e-02    8   4    10    13    0    0
 +2.058256655430844e-03    8   4    10    14    0    0
 +2.315011749127432e-02    8   4    11    3    0    0
 -6.076503245104242e-03    8   4    11    4    0    0
 +9.133457896067865e-03    8   4    11    5    0    0
 -1.443590938519330e-02    8   4    11    12    0    0
 -5.402669982285530e-03    8   4    11    13    0    0
 +3.107542026337929e-03    8   4    11    14    0    0
 +1.117525695363828e-02    8   4    12    1    0    0
 +1.508773133873079e-02    8   4    12    2    0    0
 +1.382932502838347e-02    8   4    12    6    0    0
 +4.928715466088782e-03    8   4    12    7    0    0
 -5.321681664839729e-04    8   4    12    8    0    0
 +9.712615666101789e-04    8   4    12    9    0    0
 -2.250598001432920e-04    8   4    12    10    0    0
 -7.278350867006729e-03    8   4    12    11    0    0
 -5.899100955632359e-03    8   4    13    1    0    0
 -7.964385134755572e-03    8   4    13    2    0    0
 -7.300108161193247e-03    8   4    13    6    0    0
 -6.202524408443494e-03    8   4    13    7    0    0
 +6.811858963462659e-03    8   4    13    8    0    0
 -1.647125731298797e-03    8   4    13    9    0    0
 -5.848978689500735e-03    8   4    13    10    0    0
 -3.550353566866539e-03    8   4    13    11    0    0
 -2.264995986176691e-03    8   4    14    1    0    0
 -3.057974511414838e-03    8   4    14    2    0    0
 -2.802921293959441e-03    8   4    14    6    0    0
 -3.133776685792035e-03    8   4    14    7    0    0
 +1.218325042854993e-02    8   4    14    8    0    0
 +2.132045040194788e-03    8   4    14    9    0    0
 -1.736564872712108e-03    8   4    14    10    0    0
 +1.953113653512098e-03    8   4    14    11    0    0
 -4.209042270898937e-02    8   5    1    3    0    0
 +1.576423292481358e-03    8   5    1    4    0    0
 +5.277584008419087e-03    8   5    1    5    0    0
 +2.565435812611632e-02    8   5    1    12    0    0
 -5.978668048800406e-04    8   5    1    13    0    0
 +3.303489583703452e-03    8   5    1    14    0    0
 +6.085988746565739e-03    8   5    2    3    0    0
 -2.279400823365215e-04    8   5    2    4    0    0
 -7.631027396983959e-04    8   5    2    5    0    0
 +2.628432972885344e-02    8   5    2    12    0    0
 -6.125480963566300e-04    8   5    2    13    0    0
 +3.384610483998191e-03    8   5    2    14    0    0
 -4.699873635086299e-02    8   5    3    1    0    0
 +9.367282832380135e-04    8   5    3    2    0    0
 +2.874725390687118e-02    8   5    3    6    0    0
 +9.607162601166602e-05    8   5    3    7    0    0
 -1.342483023973434e-02    8   5    3    8    0    0
 -1.218195883353672e-02    8   5    3    9    0    0
 +1.706915537141915e-03    8   5    3    10    0    0
 +3.346604000100875e-02    8   5    3    11    0    0
 +1.760255609998083e-03    8   5    4    1    0    0
 -3.508352231652689e-05    8   5    4    2    0    0
 -1.076678202236004e-03    8   5    4    6    0    0
 -7.413741832021869e-03    8   5    4    7    0    0
 +2.206903293125334e-02    8   5    4    8    0    0
 -1.569493722398700e-03    8   5    4    9    0    0
 -2.572929303969301e-02    8   5    4    10    0    0
 +8.325907049040219e-03    8   5    4    11    0    0
 +5.893021818672400e-03    8   5    5    1    0    0
 -1.174533751307503e-04    8   5    5    2    0    0
 -3.604526582064011e-03    8   5    5    6    0    0
 +1.156411818807982e-02    8   5    5    7    0    0
 +4.434780773403325e-02    8   5    5    8    0    0
 -4.438708419712812e-03    8   5    5    9    0    0
 +2.100024845044367e-02    8   5    5    10    0    0
 +5.477037208912296e-03    8   5    5    11    0    0
 +2.763406342862692e-02    8   5    6    3    0    0
 -1.034985596509385e-03    8   5    6    4    0    0
 -3.464947174488980e-03    8   5    6    5    0    0
 +1.377648663611303e-02    8   5    6    12    0    0
 -3.210567189837832e-04    8   5    6    13    0    0
 +1.773986309799758e-03    8   5    6    14    0    0
 -6.403479344202398e-04    8   5    7    3    0    0
 -7.302775880890733e-03    8   5    7    4    0    0
 +1.085718662941016e-02    8   5    7    5    0    0
 +1.518194424232491e-03    8   5    7    12    0    0
 -6.900547954280530e-03    8   5    7    13    0    0
 +3.338386458592416e-03    8   5    7    14    0    0
 -1.260415061575469e-02    8   5    8    3    0    0
 +2.071992047886544e-02    8   5    8    4    0    0
 +4.026620524021301e-02    8   5    8    5    0    0
 +7.079597088679021e-03    8   5    8    12    0    0
 +1.133838021938801e-03    8   5    8    13    0    0
 +2.349680971774014e-02    8   5    8    14    0    0
 -1.331380806296605e-02    8   5    9    3    0    0
 -1.890690806786488e-03    8   5    9    4    0    0
 -4.167363643518694e-03    8   5    9    5    0    0
 +1.045408292400550e-02    8   5    9    12    0    0
 -4.784999531851187e-04    8   5    9    13    0    0
 -2.867160512039357e-03    8   5    9    14    0    0
 +2.218625590118516e-03    8   5    10    3    0    0
 -2.548248008788896e-02    8   5    10    4    0    0
 +1.971647236582853e-02    8   5    10    5    0    0
 -2.223132187388912e-03    8   5    10    12    0    0
 -1.964986197730027e-02    8   5    10    13    0    0
 +2.452656884768527e-03    8   5    10    14    0    0
 +3.243915862085980e-02    8   5    11    3    0    0
 +7.763415602039709e-03    8   5    11    4    0    0
 +5.142217866182026e-03    8   5    11    5    0    0
 -1.983654944815100e-02    8   5    11    12    0    0
 +2.507163138227568e-03    8   5    11    13    0    0
 +4.509828001173407e-03    8   5    11    14    0    0
 +1.729813943741413e-02    8   5    12    1    0    0
 +2.335424425356404e-02    8   5    12    2    0    0
 +2.140636172024808e-02    8   5    12    6    0    0
 -9.075796807181611e-04    8   5    12    7    0    0
 +4.735836304984790e-03    8   5    12    8    0    0
 +2.053153539374767e-03    8   5    12    9    0    0
 +1.346221116182542e-04    8   5    12    10    0    0
 -1.058711473135267e-02    8   5    12    11    0    0
 -4.031277377892211e-04    8   5    13    1    0    0
 -5.442633693513495e-04    8   5    13    2    0    0
 -4.988685751900426e-04    8   5    13    6    0    0
 -3.812508955346289e-03    8   5    13    7    0    0
 -8.733087348699754e-04    8   5    13    8    0    0
 +6.593110386342158e-04    8   5    13    9    0    0
 -1.003119000128965e-02    8   5    13    10    0    0
 +1.802795648537723e-03    8   5    13    11    0    0
 +2.227466505614019e-03    8   5    14    1    0    0
 +3.007305902866432e-03    8   5    14    2    0    0
 +2.756478747984803e-03    8   5    14    6    0    0
 +2.640663611247037e-03    8   5    14    7    0    0
 +1.893588793787450e-02    8   5    14    8    0    0
 -1.421313852689255e-03    8   5    14    9    0    0
 +3.219483424288481e-03    8   5    14    10    0    0
 +3.080527715660235e-03    8   5    14    11    0    0
 -2.172896141437103e-02    8   6    1    8    0    0
 -4.467556232016590e-03    8   6    2    8    0    0
 -3.336646980083644e-03    8   6    3    3    0    0
 +9.057650525959837e-03    8   6    3    4    0    0
 +1.402030417944091e-02    8   6    3    5    0    0
 -4.397871839209650e-04    8   6    3    12    0    0
 -2.289988244895663e-04    8   6    3    13    0    0
 -2.188089740373372e-03    8   6    3    14    0    0
 +9.057650525959840e-03    8   6    4    3    0    0
 +5.094608254128613e-03    8   6    4    4    0    0
 -5.251060135213633e-04    8   6    4    5    0    0
 +1.193844791351472e-03    8   6    4    12    0    0
 -6.301967801506499e-04    8   6    4    13    0    0
 -2.419679182095382e-04    8   6    4    14    0    0
 +1.402030417944090e-02    8   6    5    3    0    0
 -5.251060135213641e-04    8   6    5    4    0    0
 -1.757961274044965e-03    8   6    5    5    0    0
 +1.847947993777902e-03    8   6    5    12    0    0
 -4.306585092448688e-05    8   6    5    13    0    0
 +2.379586703616253e-04    8   6    5    14    0    0
 +1.382434004898412e-02    8   6    6    8    0    0
 +1.135684122978635e-02    8   6    7    7    0    0
 -3.589332703051809e-03    8   6    7    8    0    0
 -7.082541985733127e-04    8   6    7    9    0    0
 +6.991764228729045e-03    8   6    7    10    0    0
 +2.816999774140310e-03    8   6    7    11    0    0
 -1.385655949740473e-02    8   6    8    1    0    0
 -2.207554978696028e-03    8   6    8    2    0    0
 +1.465058190491171e-02    8   6    8    6    0    0
 -3.589332703051811e-03    8   6    8    7    0    0
 -7.361284351779104e-03    8   6    8    8    0    0
 +6.749205146879197e-03    8   6    8    9    0    0
 -1.634394618311954e-03    8   6    8    10    0    0
 +1.084445868963850e-02    8   6    8    11    0    0
 -7.082541985733078e-04    8   6    9    7    0    0
 +6.749205146879157e-03    8   6    9    8    0    0
 -5.958258962542814e-07    8   6    9    10    0    0
 +4.346891422810960e-03    8   6    9    11    0    0
 +6.991764228729000e-03    8   6    10    7    0    0
 -1.634394618311936e-03    8   6    10    8    0    0
 -5.958258962544538e-07    8   6    10    9    0    0
 -9.548602859102310e-03    8   6    10    10    0    0
 -2.340033169881180e-04    8   6    10    11    0    0
 +2.816999774140298e-03    8   6    11    7    0    0
 +1.084445868963844e-02    8   6    11    8    0    0
 +4.346891422810964e-03    8   6    11    9    0    0
 -2.340033169881178e-04    8   6    11    10    0    0
 +5.553045981095092e-03    8   6    11    11    0    0
 -1.012548239260952e-04    8   6    12    3    0    0
 +2.748660001084536e-04    8   6    12    4    0    0
 +4.254640780257500e-04    8   6    12    5    0    0
 -1.123823186676909e-03    8   6    12    12    0    0
 -5.851789185593915e-04    8   6    12    13    0    0
 -5.591399828521484e-03    8   6    12    14    0    0
 -5.272376390378875e-05    8   6    13    3    0    0
 -1.450939598649322e-04    8   6    13    4    0    0
 -9.915307475968110e-06    8   6    13    5    0    0
 -5.851789185593919e-04    8   6    13    12    0    0
 +1.386507011282370e-03    8   6    13    13    0    0
 +8.264814269235894e-04    8   6    13    14    0    0
 -5.037769391563470e-04    8   6    14    3    0    0
 -5.570971563021935e-05    8   6    14    4    0    0
 +5.478664260820263e-05    8   6    14    5    0    0
 -5.591399828521483e-03    8   6    14    12    0    0
 +8.264814269235885e-04    8   6    14    13    0    0
 -2.626838246054577e-04    8   6    14    14    0    0
 -2.844500692737181e-02    8   7    1    7    0    0
 +8.990052034466310e-03    8   7    1    8    0    0
 +1.773934774391242e-03    8   7    1    9    0    0
 -1.751198047914319e-02    8   7    1    10    0    0
 -7.055621934703606e-03    8   7    1    11    0    0
 -9.142489955526474e-03    8   7    2    7    0    0
 +2.889486391570465e-03    8   7    2    8    0    0
 +5.701591459633167e-04    8   7    2    9    0    0
 -5.628513504698019e-03    8   7    2    10    0    0
 -2.267742554351309e-03    8   7    2    11    0    0
 +5.642863323037614e-03    8   7    3    3    0    0
 -1.389924633050644e-02    8   7    3    4    0    0
 +6.435613400075677e-03    8   7    3    5    0    0
 -1.270526443233487e-03    8   7    3    12    0    0
 -3.446492897069402e-03    8   7    3    13    0    0
 -1.230235167595518e-04    8   7    3    14    0    0
 -1.389924633050645e-02    8   7    4    3    0    0
 -1.366426030280391e-02    8   7    4    4    0    0
 -2.158766105607167e-03    8   7    4    5    0    0
 +3.129503408637947e-03    8   7    4    12    0    0
 -2.524128628960262e-03    8   7    4    13    0    0
 -1.824956032195532e-03    8   7    4    14    0    0
 +6.435613400075677e-03    8   7    5    3    0    0
 -2.158766105607164e-03    8   7    5    4    0    0
 +8.021396979766521e-03    8   7    5    5    0    0
 -1.449019147751070e-03    8   7    5    12    0    0
 -1.250336431309466e-03    8   7    5    13    0    0
 +1.390969435716435e-03    8   7    5    14    0    0
 +9.207517000837799e-03    8   7    6    7    0    0
 -2.910038206603893e-03    8   7    6    8    0    0
 -5.742144705849032e-04    8   7    6    9    0    0
 +5.668546975282742e-03    8   7    6    10    0    0
 +2.283872142521840e-03    8   7    6    11    0    0
 -1.628116038882825e-02    8   7    7    1    0    0
 -5.021869557100136e-03    8   7    7    2    0    0
 +1.135684122978634e-02    8   7    7    6    0    0
 +2.030231178764359e-02    8   7    7    8    0    0
 -2.044572149937637e-03    8   7    7    9    0    0
 -2.002751183806170e-03    8   7    7    10    0    0
 -5.735197738068846e-03    8   7    7    11    0    0
 +5.145665088104155e-03    8   7    8    1    0    0
 +1.587163214405429e-03    8   7    8    2    0    0
 -3.589332703051811e-03    8   7    8    6    0    0
 +2.030231178764359e-02    8   7    8    7    0    0
 -2.041376372972288e-03    8   7    8    9    0    0
 +1.819453828100756e-03    8   7    8    10    0    0
 +4.073017324162670e-04    8   7    8    11    0    0
 +1.015352770169030e-03    8   7    9    1    0    0
 +3.131821715685402e-04    8   7    9    2    0    0
 -7.082541985733089e-04    8   7    9    6    0    0
 -2.044572149937652e-03    8   7    9    7    0    0
 -2.041376372972286e-03    8   7    9    8    0    0
 -1.101702590259025e-03    8   7    9    9    0    0
 -1.845869377821750e-02    8   7    9    10    0    0
 -3.383520761323817e-03    8   7    9    11    0    0
 -1.002338876678560e-02    8   7    10    1    0    0
 -3.091680795764357e-03    8   7    10    2    0    0
 +6.991764228728957e-03    8   7    10    6    0    0
 -2.002751183806162e-03    8   7    10    7    0    0
 +1.819453828100761e-03    8   7    10    8    0    0
 -1.845869377821750e-02    8   7    10    9    0    0
 +2.969193791722530e-03    8   7    10    10    0    0
 +4.855158057488641e-03    8   7    10    11    0    0
 -4.038449090736730e-03    8   7    11    1    0    0
 -1.245646137150314e-03    8   7    11    2    0    0
 +2.816999774140224e-03    8   7    11    6    0    0
 -5.735197738068862e-03    8   7    11    7    0    0
 +4.073017324162782e-04    8   7    11    8    0    0
 -3.383520761323817e-03    8   7    11    9    0    0
 +4.855158057488639e-03    8   7    11    10    0    0
 -1.867491201463250e-03    8   7    11    11    0    0
 -1.288546128048894e-03    8   7    12    3    0    0
 +3.173888683224544e-03    8   7    12    4    0    0
 -1.469570367659219e-03    8   7    12    5    0    0
 +6.046845119058191e-03    8   7    12    12    0    0
 +1.640297127502056e-02    8   7    12    13    0    0
 +5.855085943378965e-04    8   7    12    14    0    0
 -3.495373985735074e-03    8   7    13    3    0    0
 -2.559927964400820e-03    8   7    13    4    0    0
 -1.268069764232574e-03    8   7    13    5    0    0
 +1.640297127502057e-02    8   7    13    12    0    0
 -8.022959724347366e-03    8   7    13    13    0    0
 -1.074053913531165e-02    8   7    13    14    0    0
 -1.247683407328512e-04    8   7    14    3    0    0
 -1.850839108204926e-03    8   7    14    4    0    0
 +1.410697345318784e-03    8   7    14    5    0    0
 +5.855085943378953e-04    8   7    14    12    0    0
 -1.074053913531165e-02    8   7    14    13    0    0
 +1.976114605289460e-03    8   7    14    14    0    0
 +4.836327034825045e-01    8   8    1    1    0    0
 +9.753037278391886e-02    8   8    1    2    0    0
 +4.163464384184858e-02    8   8    1    6    0    0
 +8.990052034466270e-03    8   8    1    7    0    0
 +1.843750213144886e-02    8   8    1    8    0    0
 -1.690445285558007e-02    8   8    1    9    0    0
 +4.093600086440277e-03    8   8    1    10    0    0
 -2.716166373280973e-02    8   8    1    11    0    0
 +1.157059119570902e-01    8   8    2    1    0    0
 +2.783440233430542e-01    8   8    2    2    0    0
 +6.493803100022495e-02    8   8    2    6    0    0
 +2.889486391570445e-03    8   8    2    7    0    0
 +5.925984777298950e-03    8   8    2    8    0    0
 -5.433248472409198e-03    8   8    2    9    0    0
 +1.315721165678790e-03    8   8    2    10    0    0
 -8.730011509107427e-03    8   8    2    11    0    0
 +4.162472921781732e-01    8   8    3    3    0    0
 +1.046401854844270e-03    8   8    3    4    0    0
 -9.312071269721526e-03    8   8    3    5    0    0
 -6.455763146646194e-02    8   8    3    12    0    0
 +1.158390374508590e-03    8   8    3    13    0    0
 -1.763426753684567e-03    8   8    3    14    0    0
 +1.046401854844267e-03    8   8    4    3    0    0
 +3.940658594400023e-01    8   8    4    4    0    0
 +1.530808239953796e-02    8   8    4    5    0    0
 -2.356040100067884e-04    8   8    4    12    0    0
 +5.156460927580667e-02    8   8    4    13    0    0
 +3.001270594840531e-02    8   8    4    14    0    0
 -9.312071269721526e-03    8   8    5    3    0    0
 +1.530808239953795e-02    8   8    5    4    0    0
 +4.052699578535112e-01    8   8    5    5    0    0
 +2.096671868899148e-03    8   8    5    12    0    0
 -2.500551501930331e-02    8   8    5    13    0    0
 +5.693221677980988e-02    8   8    5    14    0    0
 +4.825871638713843e-02    8   8    6    1    0    0
 +9.880819924732988e-02    8   8    6    2    0    0
 +4.732927240423657e-01    8   8    6    6    0    0
 -2.910038206603881e-03    8   8    6    7    0    0
 -5.968134047629236e-03    8   8    6    8    0    0
 +5.471893097267598e-03    8   8    6    9    0    0
 -1.325079388687415e-03    8   8    6    10    0    0
 +8.792104752494241e-03    8   8    6    11    0    0
 +5.145665088104139e-03    8   8    7    1    0    0
 +1.587163214405426e-03    8   8    7    2    0    0
 -3.589332703051787e-03    8   8    7    6    0    0
 +4.768755343923468e-01    8   8    7    7    0    0
 +4.082752745944569e-03    8   8    7    9    0    0
 -3.638907656201430e-03    8   8    7    10    0    0
 -8.146034648325092e-04    8   8    7    11    0    0
 +1.055313258098119e-02    8   8    8    1    0    0
 +3.255078506372019e-03    8   8    8    2    0    0
 -7.361284351779104e-03    8   8    8    6    0    0
 +5.174801579676328e-01    8   8    8    8    0    0
 -9.675656220784664e-03    8   8    9    1    0    0
 -2.984423853072880e-03    8   8    9    2    0    0
 +6.749205146879164e-03    8   8    9    6    0    0
 +4.082752745944576e-03    8   8    9    7    0    0
 +5.042399538060924e-01    8   8    9    9    0    0
 +3.464389024378769e-03    8   8    9    10    0    0
 -1.943458646725601e-02    8   8    9    11    0    0
 +2.343067088899844e-03    8   8    10    1    0    0
 +7.227112197766728e-04    8   8    10    2    0    0
 -1.634394618311966e-03    8   8    10    6    0    0
 -3.638907656201363e-03    8   8    10    7    0    0
 +3.464389024378766e-03    8   8    10    9    0    0
 +4.883722786164216e-01    8   8    10    10    0    0
 -5.920089528273150e-04    8   8    10    11    0    0
 -1.554660910403091e-02    8   8    11    1    0    0
 -4.795299666062965e-03    8   8    11    2    0    0
 +1.084445868963821e-02    8   8    11    6    0    0
 -8.146034648325099e-04    8   8    11    7    0    0
 -1.943458646725602e-02    8   8    11    9    0    0
 -5.920089528273110e-04    8   8    11    10    0    0
 +4.817392730250577e-01    8   8    11    11    0    0
 -8.666355666101844e-02    8   8    12    3    0    0
 -2.389455461268429e-04    8   8    12    4    0    0
 +2.126408649617184e-03    8   8    12    5    0    0
 +5.447805308110036e-01    8   8    12    12    0    0
 -5.513153401383939e-03    8   8    12    13    0    0
 +8.392716668845059e-03    8   8    12    14    0    0
 +1.174819650383200e-03    8   8    13    3    0    0
 +7.119519415074513e-02    8   8    13    4    0    0
 -3.494388455765101e-02    8   8    13    5    0    0
 -5.513153401383941e-03    8   8    13    12    0    0
 +5.102331467793235e-01    8   8    13    13    0    0
 +4.850272325298453e-03    8   8    13    14    0    0
 -1.788437169221930e-03    8   8    14    3    0    0
 +4.002209172008896e-02    8   8    14    4    0    0
 +7.663892962197819e-02    8   8    14    5    0    0
 +8.392716668845052e-03    8   8    14    12    0    0
 +4.850272325298412e-03    8   8    14    13    0    0
 +5.437952575214489e-01    8   8    14    14    0    0
 +1.773934774391253e-03    8   9    1    7    0    0
 -1.690445285558011e-02    8   9    1    8    0    0
 +1.492340291063771e-06    8   9    1    10    0    0
 -1.088747778828633e-02    8   9    1    11    0    0
 +5.701591459633226e-04    8   9    2    7    0    0
 -5.433248472409207e-03    8   9    2    8    0    0
 +4.796520583079509e-07    8   9    2    10    0    0
 -3.499336687615330e-03    8   9    2    11    0    0
 +4.071444942905556e-03    8   9    3    3    0    0
 +6.446793753906903e-03    8   9    3    4    0    0
 +7.909983045066241e-03    8   9    3    5    0    0
 -9.167116348559997e-04    8   9    3    12    0    0
 +4.891155696695992e-04    8   9    3    13    0    0
 +2.244910665843544e-03    8   9    3    14    0    0
 +6.446793753906907e-03    8   9    4    3    0    0
 -9.925554216406729e-04    8   9    4    4    0    0
 +2.548015971183216e-03    8   9    4    5    0    0
 -1.451536475280414e-03    8   9    4    12    0    0
 -4.587853848381284e-04    8   9    4    13    0    0
 +4.106011061048963e-04    8   9    4    14    0    0
 +7.909983045066236e-03    8   9    5    3    0    0
 +2.548015971183218e-03    8   9    5    4    0    0
 -3.078889521264919e-03    8   9    5    5    0    0
 -1.780982818289345e-03    8   9    5    12    0    0
 +8.252012716929188e-04    8   9    5    13    0    0
 -3.588128809224863e-04    8   9    5    14    0    0
 -5.742144705849012e-04    8   9    6    7    0    0
 +5.471893097267621e-03    8   9    6    8    0    0
 -4.830636405302355e-07    8   9    6    10    0    0
 +3.524226135287873e-03    8   9    6    11    0    0
 +1.015352770169021e-03    8   9    7    1    0    0
 +3.131821715685459e-04    8   9    7    2    0    0
 -7.082541985733153e-04    8   9    7    6    0    0
 +4.089144299875358e-03    8   9    7    7    0    0
 -2.041376372972283e-03    8   9    7    8    0    0
 +5.508512951295553e-04    8   9    7    9    0    0
 +7.765507855551350e-03    8   9    7    10    0    0
 +1.570457986079317e-03    8   9    7    11    0    0
 -9.675656220784586e-03    8   9    8    1    0    0
 -2.984423853072900e-03    8   9    8    2    0    0
 +6.749205146879197e-03    8   9    8    6    0    0
 -2.041376372972288e-03    8   9    8    7    0    0
 +6.620102080770057e-03    8   9    8    9    0    0
 -1.732194512189442e-03    8   9    8    10    0    0
 +9.717293233627945e-03    8   9    8    11    0    0
 +5.508512951295628e-04    8   9    9    7    0    0
 +6.620102080770054e-03    8   9    9    8    0    0
 +4.634091365743948e-07    8   9    9    10    0    0
 -3.380835263478215e-03    8   9    9    11    0    0
 +8.541756272148923e-07    8   9    10    1    0    0
 +2.634676200271583e-07    8   9    10    2    0    0
 -5.958258962568386e-07    8   9    10    6    0    0
 +7.765507855551346e-03    8   9    10    7    0    0
 -1.732194512189433e-03    8   9    10    8    0    0
 +4.634091365740629e-07    8   9    10    9    0    0
 -8.567113112939119e-03    8   9    10    10    0    0
 +1.036211985380334e-04    8   9    10    11    0    0
 -6.231700788595111e-03    8   9    11    1    0    0
 -1.922147299812585e-03    8   9    11    2    0    0
 +4.346891422810972e-03    8   9    11    6    0    0
 +1.570457986079315e-03    8   9    11    7    0    0
 +9.717293233627928e-03    8   9    11    8    0    0
 -3.380835263478215e-03    8   9    11    9    0    0
 +1.036211985380335e-04    8   9    11    10    0    0
 +4.477968813063700e-03    8   9    11    11    0    0
 -9.297132176366623e-04    8   9    12    3    0    0
 -1.472123398065023e-03    8   9    12    4    0    0
 -1.806242228841685e-03    8   9    12    5    0    0
 +4.362926332100070e-03    8   9    12    12    0    0
 -2.327858747736833e-03    8   9    12    13    0    0
 -1.068425389709352e-02    8   9    12    14    0    0
 +4.960526219841849e-04    8   9    13    3    0    0
 -4.652922687182122e-04    8   9    13    4    0    0
 +8.369049768022262e-04    8   9    13    5    0    0
 -2.327858747736832e-03    8   9    13    12    0    0
 -3.723670765986602e-03    8   9    13    13    0    0
 +2.515242421001350e-03    8   9    13    14    0    0
 +2.276749895048659e-03    8   9    14    3    0    0
 +4.164245996309632e-04    8   9    14    4    0    0
 -3.639018698659076e-04    8   9    14    5    0    0
 -1.068425389709352e-02    8   9    14    12    0    0
 +2.515242421001350e-03    8   9    14    13    0    0
 -6.392555661135320e-04    8   9    14    14    0    0
 -1.751198047914321e-02    8   10    1    7    0    0
 +4.093600086440289e-03    8   10    1    8    0    0
 +1.492340291057952e-06    8   10    1    9    0    0
 +2.391598763937258e-02    8   10    1    10    0    0
 +5.860983558788993e-04    8   10    1    11    0    0
 -5.628513504698086e-03    8   10    2    7    0    0
 +1.315721165678780e-03    8   10    2    8    0    0
 +4.796520583026542e-07    8   10    2    9    0    0
 +7.686821006151935e-03    8   10    2    10    0    0
 +1.883774662194431e-04    8   10    2    11    0    0
 -2.765014869407981e-03    8   10    3    3    0    0
 +6.026163253401481e-03    8   10    3    4    0    0
 -4.186842926683098e-03    8   10    3    5    0    0
 +6.225606232875263e-04    8   10    3    12    0    0
 +1.636482008058339e-03    8   10    3    13    0    0
 -2.271201615433103e-04    8   10    3    14    0    0
 +6.026163253401484e-03    8   10    4    3    0    0
 -1.180171012899034e-02    8   10    4    4    0    0
 -6.286318571601992e-03    8   10    4    5    0    0
 -1.356828852017439e-03    8   10    4    12    0    0
 -1.729791047774918e-03    8   10    4    13    0    0
 -2.464155668700239e-03    8   10    4    14    0    0
 -4.186842926683098e-03    8   10    5    3    0    0
 -6.286318571601994e-03    8   10    5    4    0    0
 +1.456672499839840e-02    8   10    5    5    0    0
 +9.426942223282977e-04    8   10    5    12    0    0
 -2.745720478929933e-03    8   10    5    13    0    0
 +2.285041430312848e-03    8   10    5    14    0    0
 +5.668546975282740e-03    8   10    6    7    0    0
 -1.325079388687391e-03    8   10    6    8    0    0
 -4.830636405197924e-07    8   10    6    9    0    0
 -7.741494433226895e-03    8   10    6    10    0    0
 -1.897173233142776e-04    8   10    6    11    0    0
 -1.002338876678572e-02    8   10    7    1    0    0
 -3.091680795764419e-03    8   10    7    2    0    0
 +6.991764228728995e-03    8   10    7    6    0    0
 +4.005502367612421e-03    8   10    7    7    0    0
 +1.819453828100754e-03    8   10    7    8    0    0
 +1.069318592266622e-02    8   10    7    9    0    0
 -1.484596895861227e-03    8   10    7    10    0    0
 -1.197054549406704e-02    8   10    7    11    0    0
 +2.343067088899969e-03    8   10    8    1    0    0
 +7.227112197766949e-04    8   10    8    2    0    0
 -1.634394618311954e-03    8   10    8    6    0    0
 +1.819453828100756e-03    8   10    8    7    0    0
 -1.732194512189442e-03    8   10    8    9    0    0
 +1.455393967560532e-02    8   10    8    10    0    0
 +2.960044764136566e-04    8   10    8    11    0    0
 +8.541756272210229e-07    8   10    9    1    0    0
 +2.634676200171929e-07    8   10    9    2    0    0
 -5.958258962541164e-07    8   10    9    6    0    0
 +1.069318592266624e-02    8   10    9    7    0    0
 -1.732194512189440e-03    8   10    9    8    0    0
 -9.268182731069708e-07    8   10    9    9    0    0
 +4.283556556469524e-03    8   10    9    10    0    0
 +3.010253960189434e-03    8   10    9    11    0    0
 +1.368887100671337e-02    8   10    10    1    0    0
 +4.222286553165746e-03    8   10    10    2    0    0
 -9.548602859102303e-03    8   10    10    6    0    0
 -1.484596895861239e-03    8   10    10    7    0    0
 +1.455393967560532e-02    8   10    10    8    0    0
 +4.283556556469521e-03    8   10    10    9    0    0
 +9.116033001547038e-03    8   10    10    11    0    0
 +3.354670069182256e-04    8   10    11    1    0    0
 +1.034736781175398e-04    8   10    11    2    0    0
 -2.340033169880853e-04    8   10    11    6    0    0
 -1.197054549406708e-02    8   10    11    7    0    0
 +2.960044764136481e-04    8   10    11    8    0    0
 +3.010253960189435e-03    8   10    11    9    0    0
 +9.116033001547039e-03    8   10    11    10    0    0
 -4.004575549339204e-03    8   10    11    11    0    0
 +6.313903066599982e-04    8   10    12    3    0    0
 -1.376072550873182e-03    8   10    12    4    0    0
 +9.560643122262025e-04    8   10    12    5    0    0
 -2.962966797183123e-03    8   10    12    12    0    0
 -7.788545681638915e-03    8   10    12    13    0    0
 +1.080938100566196e-03    8   10    12    14    0    0
 +1.659691985425111e-03    8   10    13    3    0    0
 -1.754324413171180e-03    8   10    13    4    0    0
 -2.784662618139302e-03    8   10    13    5    0    0
 -7.788545681638916e-03    8   10    13    12    0    0
 -1.432388872130499e-03    8   10    13    13    0    0
 -1.537826750401061e-02    8   10    13    14    0    0
 -2.303413725208938e-04    8   10    14    3    0    0
 -2.499104416695676e-03    8   10    14    4    0    0
 +2.317449828094521e-03    8   10    14    5    0    0
 +1.080938100566197e-03    8   10    14    12    0    0
 -1.537826750401061e-02    8   10    14    13    0    0
 +4.395355669313749e-03    8   10    14    14    0    0
 -7.055621934703515e-03    8   11    1    7    0    0
 -2.716166373280951e-02    8   11    1    8    0    0
 -1.088747778828630e-02    8   11    1    9    0    0
 +5.860983558788760e-04    8   11    1    10    0    0
 -1.390848284344972e-02    8   11    1    11    0    0
 -2.267742554351324e-03    8   11    2    7    0    0
 -8.730011509107521e-03    8   11    2    8    0    0
 -3.499336687615326e-03    8   11    2    9    0    0
 +1.883774662194655e-04    8   11    2    10    0    0
 -4.470315827924426e-03    8   11    2    11    0    0
 +6.902592883891965e-04    8   11    3    3    0    0
 +8.559347521982178e-03    8   11    3    4    0    0
 +1.433028858039052e-02    8   11    3    5    0    0
 -1.554162538379979e-04    8   11    3    12    0    0
 +2.595559282957569e-04    8   11    3    13    0    0
 +3.749314114566285e-03    8   11    3    14    0    0
 +8.559347521982183e-03    8   11    4    3    0    0
 -4.489380761475095e-03    8   11    4    4    0    0
 +6.241788718915100e-03    8   11    4    5    0    0
 -1.927191346121295e-03    8   11    4    12    0    0
 -1.537134027135392e-03    8   11    4    13    0    0
 +7.962720042138785e-04    8   11    4    14    0    0
 +1.433028858039052e-02    8   11    5    3    0    0
 +6.241788718915100e-03    8   11    5    4    0    0
 +3.799121473085942e-03    8   11    5    5    0    0
 -3.226555303266120e-03    8   11    5    12    0    0
 +8.665619428665732e-04    8   11    5    13    0    0
 +1.398521125567069e-03    8   11    5    14    0    0
 +2.283872142521891e-03    8   11    6    7    0    0
 +8.792104752494470e-03    8   11    6    8    0    0
 +3.524226135287896e-03    8   11    6    9    0    0
 -1.897173233143126e-04    8   11    6    10    0    0
 +4.502111480018345e-03    8   11    6    11    0    0
 -4.038449090736655e-03    8   11    7    1    0    0
 -1.245646137150351e-03    8   11    7    2    0    0
 +2.816999774140302e-03    8   11    7    6    0    0
 +1.147039547613771e-02    8   11    7    7    0    0
 +4.073017324162820e-04    8   11    7    8    0    0
 +1.813062775244482e-03    8   11    7    9    0    0
 +7.115387436578443e-03    8   11    7    10    0    0
 +9.337456007316774e-04    8   11    7    11    0    0
 -1.554660910403063e-02    8   11    8    1    0    0
 -4.795299666063065e-03    8   11    8    2    0    0
 +1.084445868963850e-02    8   11    8    6    0    0
 +4.073017324162670e-04    8   11    8    7    0    0
 +9.717293233627945e-03    8   11    8    9    0    0
 +2.960044764136566e-04    8   11    8    10    0    0
 +1.787044247128774e-02    8   11    8    11    0    0
 -6.231700788595118e-03    8   11    9    1    0    0
 -1.922147299812569e-03    8   11    9    2    0    0
 +4.346891422810989e-03    8   11    9    6    0    0
 +1.813062775244494e-03    8   11    9    7    0    0
 +9.717293233627940e-03    8   11    9    8    0    0
 +6.761670526956441e-03    8   11    9    9    0    0
 -3.113875158727415e-03    8   11    9    10    0    0
 -2.238984406531903e-03    8   11    9    11    0    0
 +3.354670069182128e-04    8   11    10    1    0    0
 +1.034736781175831e-04    8   11    10    2    0    0
 -2.340033169881367e-04    8   11    10    6    0    0
 +7.115387436578457e-03    8   11    10    7    0    0
 +2.960044764136572e-04    8   11    10    8    0    0
 -3.113875158727416e-03    8   11    10    9    0    0
 -1.823206600309400e-02    8   11    10    10    0    0
 +2.002287774669618e-03    8   11    10    11    0    0
 -7.960843198866295e-03    8   11    11    1    0    0
 -2.455495502437632e-03    8   11    11    2    0    0
 +5.553045981095055e-03    8   11    11    6    0    0
 +9.337456007316690e-04    8   11    11    7    0    0
 +1.787044247128775e-02    8   11    11    8    0    0
 -2.238984406531903e-03    8   11    11    9    0    0
 +2.002287774669617e-03    8   11    11    10    0    0
 -1.576204991130586e-04    8   11    12    3    0    0
 -1.954524410160292e-03    8   11    12    4    0    0
 -3.272317050228587e-03    8   11    12    5    0    0
 +7.396760775404010e-04    8   11    12    12    0    0
 -1.235310375865572e-03    8   11    12    13    0    0
 -1.784419511630335e-02    8   11    12    14    0    0
 +2.632371708584758e-04    8   11    13    3    0    0
 -1.558934967080830e-03    8   11    13    4    0    0
 +8.788522601335861e-04    8   11    13    5    0    0
 -1.235310375865570e-03    8   11    13    12    0    0
 -8.390022250071846e-03    8   11    13    13    0    0
 +3.696696989448161e-04    8   11    13    14    0    0
 +3.802490070862454e-03    8   11    14    3    0    0
 +8.075654098880941e-04    8   11    14    4    0    0
 +1.418356139646958e-03    8   11    14    5    0    0
 -1.784419511630335e-02    8   11    14    12    0    0
 +3.696696989448163e-04    8   11    14    13    0    0
 +7.650346172531661e-03    8   11    14    14    0    0
 -7.453821351736497e-03    8   12    1    3    0    0
 +2.023411805023365e-02    8   12    1    4    0    0
 +3.132031745472227e-02    8   12    1    5    0    0
 +1.022490869860426e-02    8   12    1    12    0    0
 +5.324148038189873e-03    8   12    1    13    0    0
 +5.087237336069074e-02    8   12    1    14    0    0
 +2.776141576526507e-05    8   12    2    3    0    0
 -7.536104466810594e-05    8   12    2    4    0    0
 -1.166510858968444e-04    8   12    2    5    0    0
 +7.392591409072125e-03    8   12    2    12    0    0
 +3.849349877630076e-03    8   12    2    13    0    0
 +3.678063847325045e-02    8   12    2    14    0    0
 -7.316860369024638e-03    8   12    3    1    0    0
 -3.523969226133027e-04    8   12    3    2    0    0
 +3.065457688134144e-03    8   12    3    6    0    0
 -5.747299517331242e-03    8   12    3    7    0    0
 -3.932246077320938e-02    8   12    3    8    0    0
 -4.146797860524051e-03    8   12    3    9    0    0
 +2.816188823763237e-03    8   12    3    10    0    0
 -7.030343724252170e-04    8   12    3    11    0    0
 +1.986232423311694e-02    8   12    4    1    0    0
 +9.566154856977700e-04    8   12    4    2    0    0
 -8.321480997831089e-03    8   12    4    6    0    0
 +2.156319808546592e-02    8   12    4    7    0    0
 -1.065768304316048e-03    8   12    4    8    0    0
 -2.127523776067477e-02    8   12    4    9    0    0
 -1.596590830224127e-02    8   12    4    10    0    0
 +1.406938990818874e-03    8   12    4    11    0    0
 +3.074481916263532e-02    8   12    5    1    0    0
 +1.480741617686250e-03    8   12    5    2    0    0
 -1.288079005462235e-02    8   12    5    6    0    0
 -1.474140937465409e-02    8   12    5    7    0    0
 +9.484415916176239e-03    8   12    5    8    0    0
 -2.908547119419285e-02    8   12    5    9    0    0
 +1.116801299549102e-02    8   12    5    10    0    0
 -3.176934575062563e-03    8   12    5    11    0    0
 +2.736222606749680e-03    8   12    6    3    0    0
 -7.427740567433091e-03    8   12    6    4    0    0
 -1.149737250547658e-02    8   12    6    5    0    0
 +6.563738162473643e-03    8   12    6    12    0    0
 +3.417762905374095e-03    8   12    6    13    0    0
 +3.265681369739368e-02    8   12    6    14    0    0
 -4.290044351731601e-03    8   12    7    3    0    0
 +1.636718327070822e-02    8   12    7    4    0    0
 -1.130367577878049e-02    8   12    7    5    0    0
 +4.386711757171824e-03    8   12    7    12    0    0
 +1.784855029493815e-02    8   12    7    13    0    0
 -1.855749499644349e-03    8   12    7    14    0    0
 -2.878920353517653e-02    8   12    8    3    0    0
 -7.955376747633266e-04    8   12    8    4    0    0
 +7.079597088679021e-03    8   12    8    5    0    0
 +3.287285668684925e-02    8   12    8    12    0    0
 -3.999542632358676e-03    8   12    8    13    0    0
 +6.088535122191068e-03    8   12    8    14    0    0
 -3.095357512805315e-03    8   12    9    3    0    0
 -1.641985147610742e-02    8   12    9    4    0    0
 -2.248137337643927e-02    8   12    9    5    0    0
 +3.165105085357129e-03    8   12    9    12    0    0
 -3.770898846265268e-03    8   12    9    13    0    0
 -2.241363882776036e-02    8   12    9    14    0    0
 +2.102130734680352e-03    8   12    10    3    0    0
 -1.227785489677176e-02    8   12    10    4    0    0
 +8.589312199537531e-03    8   12    10    5    0    0
 -2.149497966195277e-03    8   12    10    12    0    0
 -1.251065180665216e-02    8   12    10    13    0    0
 +1.772307668114162e-03    8   12    10    14    0    0
 -5.247766589162564e-04    8   12    11    3    0    0
 +1.421247009348100e-03    8   12    11    4    0    0
 -1.952946438449321e-03    8   12    11    5    0    0
 +5.366014313180156e-04    8   12    11    12    0    0
 +1.334738575714130e-03    8   12    11    13    0    0
 -4.425498544499662e-03    8   12    11    14    0    0
 +5.194891330249037e-03    8   12    12    1    0    0
 +4.932326013652523e-03    8   12    12    2    0    0
 +3.739631234307189e-03    8   12    12    6    0    0
 +4.866443335190164e-03    8   12    12    7    0    0
 +3.689378787640490e-02    8   12    12    8    0    0
 +3.511241540461559e-03    8   12    12    9    0    0
 -2.384567446104515e-03    8   12    12    10    0    0
 +5.952842592909745e-04    8   12    12    11    0    0
 +2.704999262079631e-03    8   12    13    1    0    0
 +2.568280523902066e-03    8   12    13    2    0    0
 +1.947239910553833e-03    8   12    13    6    0    0
 +1.951458257806568e-02    8   12    13    7    0    0
 -4.436933326022666e-03    8   12    13    8    0    0
 -4.083223403079844e-03    8   12    13    9    0    0
 -1.354912771065158e-02    8   12    13    10    0    0
 +1.373495380052753e-03    8   12    13    11    0    0
 +2.584633849657013e-02    8   12    14    1    0    0
 +2.453998738760725e-02    8   12    14    2    0    0
 +1.860592813009190e-02    8   12    14    6    0    0
 -1.949100079569082e-03    8   12    14    7    0    0
 +6.754378406107239e-03    8   12    14    8    0    0
 -2.416015262829845e-02    8   12    14    9    0    0
 +1.918640660004817e-03    8   12    14    10    0    0
 -5.318901206441433e-03    8   12    14    11    0    0
 -3.881232536803305e-03    8   13    1    3    0    0
 -1.068101660853963e-02    8   13    1    4    0    0
 -7.299102176881288e-04    8   13    1    5    0    0
 +5.324148038189936e-03    8   13    1    12    0    0
 -1.261489153134258e-02    8   13    1    13    0    0
 -7.519596704865303e-03    8   13    1    14    0    0
 +1.445547257593396e-05    8   13    2    3    0    0
 +3.978095648833160e-05    8   13    2    4    0    0
 +2.718517129462645e-06    8   13    2    5    0    0
 +3.849349877630071e-03    8   13    2    12    0    0
 -9.120544887966701e-03    8   13    2    13    0    0
 -5.436655488930016e-03    8   13    2    14    0    0
 -3.809916443045570e-03    8   13    3    1    0    0
 -1.834943899745322e-04    8   13    3    2    0    0
 +1.596195234355611e-03    8   13    3    6    0    0
 -5.281916835120036e-03    8   13    3    7    0    0
 +5.240045554148901e-03    8   13    3    8    0    0
 -1.395454665463528e-03    8   13    3    9    0    0
 -4.485204114885775e-03    8   13    3    10    0    0
 +5.039884125415055e-03    8   13    3    11    0    0
 -1.048475720520336e-02    8   13    4    1    0    0
 -5.049701630364227e-04    8   13    4    2    0    0
 +4.392673628018731e-03    8   13    4    6    0    0
 -9.683451729905448e-03    8   13    4    7    0    0
 +7.870122030049252e-03    8   13    4    8    0    0
 +3.883587160711747e-05    8   13    4    9    0    0
 -1.104038134472981e-03    8   13    4    10    0    0
 -6.682079881093991e-03    8   13    4    11    0    0
 -7.164984097055355e-04    8   13    5    1    0    0
 -3.450822099958327e-05    8   13    5    2    0    0
 +3.001827898569724e-04    8   13    5    6    0    0
 -2.235330242267386e-03    8   13    5    7    0    0
 +1.177948349870576e-03    8   13    5    8    0    0
 +7.902038795687011e-03    8   13    5    9    0    0
 +8.330455039186744e-04    8   13    5    10    0    0
 +4.454821471513426e-03    8   13    5    11    0    0
 +1.424761301366490e-03    8   13    6    3    0    0
 +3.920893422076293e-03    8   13    6    4    0    0
 +2.679426758827160e-04    8   13    6    5    0    0
 +3.417762905374083e-03    8   13    6    12    0    0
 -8.097954456164734e-03    8   13    6    13    0    0
 -4.827100692339063e-03    8   13    6    14    0    0
 -3.564882054659955e-03    8   13    7    3    0    0
 -7.164598201353642e-03    8   13    7    4    0    0
 -1.543194044905499e-03    8   13    7    5    0    0
 +5.950672449464805e-03    8   13    7    12    0    0
 -5.820293236747071e-03    8   13    7    13    0    0
 -5.578453139205473e-03    8   13    7    14    0    0
 +3.911407046840554e-03    8   13    8    3    0    0
 +5.372610589497044e-03    8   13    8    4    0    0
 +1.133838021938801e-03    8   13    8    5    0    0
 -3.999542632358676e-03    8   13    8    12    0    0
 +7.810297165743675e-03    8   13    8    13    0    0
 +3.518652490008870e-03    8   13    8    14    0    0
 -1.173854262414376e-03    8   13    9    3    0    0
 +1.064680127275991e-04    8   13    9    4    0    0
 +6.051229389116018e-03    8   13    9    5    0    0
 +3.933870573332785e-04    8   13    9    12    0    0
 -2.701354178480210e-03    8   13    9    13    0    0
 +4.522366462211403e-03    8   13    9    14    0    0
 -3.783620980432611e-03    8   13    10    3    0    0
 -5.778051018011786e-04    8   13    10    4    0    0
 +1.107528293809182e-03    8   13    10    5    0    0
 +1.210178835967861e-03    8   13    10    12    0    0
 -1.039133131823289e-03    8   13    10    13    0    0
 -2.580591168845621e-03    8   13    10    14    0    0
 +3.903667910438412e-03    8   13    11    3    0    0
 -4.977866662326557e-03    8   13    11    4    0    0
 +3.344882190257157e-03    8   13    11    5    0    0
 -3.127061826225838e-03    8   13    11    12    0    0
 -6.086580443630835e-03    8   13    11    13    0    0
 +6.142712548646939e-04    8   13    11    14    0    0
 +2.704999262079587e-03    8   13    12    1    0    0
 +2.568280523902012e-03    8   13    12    2    0    0
 +1.947239910553773e-03    8   13    12    6    0    0
 +6.887327398776804e-03    8   13    12    7    0    0
 -4.436933326022634e-03    8   13    12    8    0    0
 +3.363463241602102e-04    8   13    12    9    0    0
 +1.012833005904783e-03    8   13    12    10    0    0
 -3.361827420036725e-03    8   13    12    11    0    0
 -6.409151668723480e-03    8   13    13    1    0    0
 -6.085214009582333e-03    8   13    13    2    0    0
 -4.613737274196516e-03    8   13    13    6    0    0
 -6.456801540359532e-03    8   13    13    7    0    0
 +9.090382388252933e-03    8   13    13    8    0    0
 -2.996774751922301e-03    8   13    13    9    0    0
 -1.152772915947644e-03    8   13    13    10    0    0
 -6.752209963551992e-03    8   13    13    11    0    0
 -3.820424111406171e-03    8   13    14    1    0    0
 -3.627328471367799e-03    8   13    14    2    0    0
 -2.750197535822202e-03    8   13    14    6    0    0
 -6.294879389366833e-03    8   13    14    7    0    0
 +3.903452952170682e-03    8   13    14    8    0    0
 +4.887291141276093e-03    8   13    14    9    0    0
 -3.274925086896027e-03    8   13    14    10    0    0
 +6.648158822064536e-04    8   13    14    11    0    0
 -3.708527811316233e-02    8   14    1    3    0    0
 -4.101041824607175e-03    8   14    1    4    0    0
 +4.033090282802042e-03    8   14    1    5    0    0
 +5.087237336069138e-02    8   14    1    12    0    0
 -7.519596704865346e-03    8   14    1    13    0    0
 +2.389982832738382e-03    8   14    1    14    0    0
 +1.381224174672222e-04    8   14    2    3    0    0
 +1.527414218710273e-05    8   14    2    4    0    0
 -1.502105978616550e-05    8   14    2    5    0    0
 +3.678063847325030e-02    8   14    2    12    0    0
 -5.436655488930043e-03    8   14    2    13    0    0
 +1.727953478894491e-03    8   14    2    14    0    0
 -3.640385097735662e-02    8   14    3    1    0    0
 -1.753293681809473e-03    8   14    3    2    0    0
 +1.525168709364101e-02    8   14    3    6    0    0
 -4.508236175683573e-03    8   14    3    7    0    0
 -7.976962450704277e-03    8   14    3    8    0    0
 -1.525296056215462e-02    8   14    3    9    0    0
 +6.848795274559045e-04    8   14    3    10    0    0
 +3.172334170446046e-02    8   14    3    11    0    0
 -4.025686823201153e-03    8   14    4    1    0    0
 -1.938863906582826e-04    8   14    4    2    0    0
 +1.686593976078126e-03    8   14    4    6    0    0
 -1.167593227830893e-02    8   14    4    7    0    0
 +2.147236811010881e-02    8   14    4    8    0    0
 -2.311815587614034e-03    8   14    4    9    0    0
 -2.440022021964250e-02    8   14    4    10    0    0
 +3.067103626822510e-03    8   14    4    11    0    0
 +3.958983863767808e-03    8   14    5    1    0    0
 +1.906738218175534e-04    8   14    5    2    0    0
 -1.658648233026691e-03    8   14    5    6    0    0
 +8.026719779910117e-03    8   14    5    7    0    0
 +3.215080361781035e-02    8   14    5    8    0    0
 +4.910672490497194e-04    8   14    5    9    0    0
 +1.705728773667961e-02    8   14    5    10    0    0
 +6.597525224360216e-03    8   14    5    11    0    0
 +1.361363139286841e-02    8   14    6    3    0    0
 +1.505451072972384e-03    8   14    6    4    0    0
 -1.480506747628794e-03    8   14    6    5    0    0
 +3.265681369739353e-02    8   14    6    12    0    0
 -4.827100692339071e-03    8   14    6    13    0    0
 +1.534216293691047e-03    8   14    6    14    0    0
 -3.509972199074497e-03    8   14    7    3    0    0
 -8.840801607641471e-03    8   14    7    4    0    0
 +6.055074972937840e-03    8   14    7    5    0    0
 +2.705269334909183e-03    8   14    7    12    0    0
 -1.000509443827065e-02    8   14    7    13    0    0
 +1.433581479575228e-03    8   14    7    14    0    0
 -5.954365629009284e-03    8   14    8    3    0    0
 +1.577338282170148e-02    8   14    8    4    0    0
 +2.349680971774014e-02    8   14    8    5    0    0
 +6.088535122191068e-03    8   14    8    12    0    0
 +3.518652490008870e-03    8   14    8    13    0    0
 +3.215808562223289e-02    8   14    8    14    0    0
 -1.231663524920801e-02    8   14    9    3    0    0
 -1.878433900314294e-03    8   14    9    4    0    0
 +4.440339705522884e-04    8   14    9    5    0    0
 +6.911756023032531e-03    8   14    9    12    0    0
 -8.729779685095724e-04    8   14    9    13    0    0
 -4.637509068769738e-04    8   14    9    14    0    0
 +5.739753576361227e-04    8   14    10    3    0    0
 -1.869913361567856e-02    8   14    10    4    0    0
 +1.297863009677254e-02    8   14    10    5    0    0
 -2.039645797212746e-04    8   14    10    12    0    0
 -1.973187939606406e-02    8   14    10    13    0    0
 +3.188631098018502e-03    8   14    10    14    0    0
 +2.422076692905198e-02    8   14    11    3    0    0
 +2.269822974308329e-03    8   14    11    4    0    0
 +4.934631321132230e-03    8   14    11    5    0    0
 -2.146480920201294e-02    8   14    11    12    0    0
 -7.791406935640785e-05    8   14    11    13    0    0
 +5.549979012312817e-03    8   14    11    14    0    0
 +2.584633849656994e-02    8   14    12    1    0    0
 +2.453998738760700e-02    8   14    12    2    0    0
 +1.860592813009157e-02    8   14    12    6    0    0
 +2.891523555120598e-03    8   14    12    7    0    0
 +6.754378406107234e-03    8   14    12    8    0    0
 +6.962981162762261e-03    8   14    12    9    0    0
 -1.787832925077815e-04    8   14    12    10    0    0
 -2.340277520027763e-02    8   14    12    11    0    0
 -3.820424111406168e-03    8   14    13    1    0    0
 -3.627328471367766e-03    8   14    13    2    0    0
 -2.750197535822147e-03    8   14    13    6    0    0
 -1.099288772299086e-02    8   14    13    7    0    0
 +3.903452952170637e-03    8   14    13    8    0    0
 -8.388048727949059e-04    8   14    13    9    0    0
 -2.147764122765867e-02    8   14    13    10    0    0
 -6.980257949038181e-05    8   14    13    11    0    0
 +1.214260338474397e-03    8   14    14    1    0    0
 +1.152887995929775e-03    8   14    14    2    0    0
 +8.741060398893061e-04    8   14    14    6    0    0
 +1.590358205169373e-03    8   14    14    7    0    0
 +3.610084932102743e-02    8   14    14    8    0    0
 -5.144667885393132e-04    8   14    14    9    0    0
 +3.537340362052093e-03    8   14    14    10    0    0
 +6.156925704260999e-03    8   14    14    11    0    0
 +3.885962879459239e-02    9   1    1    9    0    0
 +1.243289354702999e-02    9   1    2    9    0    0
 +1.193163626057809e-02    9   1    3    3    0    0
 -2.440392575318064e-03    9   1    3    12    0    0
 +1.722182906870749e-04    9   1    4    4    0    0
 -1.681200114703597e-02    9   1    4    5    0    0
 +1.586578349393099e-03    9   1    4    13    0    0
 -3.050875372538598e-03    9   1    4    14    0    0
 -1.681200114703595e-02    9   1    5    4    0    0
 -1.210385455126508e-02    9   1    5    5    0    0
 -1.947161699279155e-03    9   1    5    13    0    0
 -3.763119653647791e-03    9   1    5    14    0    0
 -9.938437083609407e-03    9   1    6    9    0    0
 -3.999880220212516e-03    9   1    7    7    0    0
 +1.015352770169028e-03    9   1    7    8    0    0
 +1.274639470348954e-02    9   1    7    10    0    0
 -4.008794419603786e-03    9   1    7    11    0    0
 +1.015352770169030e-03    9   1    8    7    0    0
 -9.675656220784664e-03    9   1    8    8    0    0
 +8.541756272210229e-07    9   1    8    10    0    0
 -6.231700788595118e-03    9   1    8    11    0    0
 +1.802720203207097e-02    9   1    9    1    0    0
 +5.271866876327491e-03    9   1    9    2    0    0
 -1.385655949740495e-02    9   1    9    6    0    0
 -2.187811275659136e-02    9   1    9    9    0    0
 +1.274639470348954e-02    9   1    10    7    0    0
 +8.541756272188706e-07    9   1    10    8    0    0
 +1.559181889832987e-02    9   1    10    10    0    0
 +2.076126113461075e-03    9   1    10    11    0    0
 -4.008794419603783e-03    9   1    11    7    0    0
 -6.231700788595128e-03    9   1    11    8    0    0
 +2.076126113461076e-03    9   1    11    10    0    0
 +1.996183029925899e-02    9   1    11    11    0    0
 -2.213295483504768e-03    9   1    12    3    0    0
 +1.376349492247974e-02    9   1    12    12    0    0
 +1.438935165781882e-03    9   1    13    4    0    0
 -1.765963492208370e-03    9   1    13    5    0    0
 +1.294733925722837e-02    9   1    13    13    0    0
 -5.747464918900882e-03    9   1    13    14    0    0
 -2.766968212848162e-03    9   1    14    4    0    0
 -3.412932745962551e-03    9   1    14    5    0    0
 -5.747464918900885e-03    9   1    14    13    0    0
 -2.671083417970775e-02    9   1    14    14    0    0
 +1.299517276404480e-02    9   2    1    9    0    0
 +5.492719931806378e-03    9   2    2    9    0    0
 +2.310607446499385e-03    9   2    3    3    0    0
 -2.326937745028903e-03    9   2    3    12    0    0
 +3.335073716577763e-05    9   2    4    4    0    0
 -3.255708956636982e-03    9   2    4    5    0    0
 +1.512817685149393e-03    9   2    4    13    0    0
 -2.909038951986710e-03    9   2    4    14    0    0
 -3.255708956636975e-03    9   2    5    4    0    0
 -2.343958183665338e-03    9   2    5    5    0    0
 -1.856637370377534e-03    9   2    5    13    0    0
 -3.588170710604714e-03    9   2    5    14    0    0
 -5.923441480729235e-04    9   2    6    9    0    0
 -1.233749697823488e-03    9   2    7    7    0    0
 +3.131821715685399e-04    9   2    7    8    0    0
 +3.931582884482645e-03    9   2    7    10    0    0
 -1.236499252860029e-03    9   2    7    11    0    0
 +3.131821715685402e-04    9   2    8    7    0    0
 -2.984423853072880e-03    9   2    8    8    0    0
 +2.634676200171929e-07    9   2    8    10    0    0
 -1.922147299812569e-03    9   2    8    11    0    0
 +5.271866876327491e-03    9   2    9    1    0    0
 +2.649741616086387e-03    9   2    9    2    0    0
 -2.207554978695658e-03    9   2    9    6    0    0
 -6.748230826011459e-03    9   2    9    9    0    0
 +3.931582884482636e-03    9   2    10    7    0    0
 +2.634676200153161e-07    9   2    10    8    0    0
 +4.809244476153222e-03    9   2    10    10    0    0
 +6.403741672518960e-04    9   2    10    11    0    0
 -1.236499252860023e-03    9   2    11    7    0    0
 -1.922147299812573e-03    9   2    11    8    0    0
 +6.403741672518960e-04    9   2    11    10    0    0
 +6.157159900754324e-03    9   2    11    11    0    0
 -1.853635717065254e-03    9   2    12    3    0    0
 +5.849502603742632e-03    9   2    12    12    0    0
 +1.205108688701100e-03    9   2    13    4    0    0
 -1.478995022845866e-03    9   2    13    5    0    0
 +5.502635422417220e-03    9   2    13    13    0    0
 -2.442679798800222e-03    9   2    13    14    0    0
 -2.317336815416082e-03    9   2    14    4    0    0
 -2.858332330683761e-03    9   2    14    5    0    0
 -2.442679798800223e-03    9   2    14    13    0    0
 -1.135213802615997e-02    9   2    14    14    0    0
 +2.996972011982680e-02    9   3    1    3    0    0
 -1.826671920615587e-02    9   3    1    12    0    0
 -4.333417619681848e-03    9   3    2    3    0    0
 -1.871527903051312e-02    9   3    2    12    0    0
 +3.346459559599691e-02    9   3    3    1    0    0
 -6.669803406601194e-04    9   3    3    2    0    0
 -2.046895940578249e-02    9   3    3    6    0    0
 +2.340075570246312e-03    9   3    3    7    0    0
 +5.869634757484653e-03    9   3    3    8    0    0
 +2.667749549684509e-02    9   3    3    9    0    0
 -4.944207209960279e-03    9   3    3    10    0    0
 -2.933987467153459e-02    9   3    3    11    0    0
 +1.022675827969231e-02    9   3    4    7    0    0
 -7.203139865791616e-03    9   3    4    8    0    0
 +2.269945000924078e-02    9   3    4    10    0    0
 -4.450571066367113e-03    9   3    4    11    0    0
 -9.438018796905513e-03    9   3    5    7    0    0
 -1.218195883353648e-02    9   3    5    8    0    0
 -1.447694052201922e-02    9   3    5    10    0    0
 -7.502531193822081e-04    9   3    5    11    0    0
 -1.967633236794779e-02    9   3    6    3    0    0
 -9.809296798310963e-03    9   3    6    12    0    0
 +2.197023307775982e-03    9   3    7    3    0    0
 +9.427430959384595e-03    9   3    7    4    0    0
 -9.110035352465835e-03    9   3    7    5    0    0
 -1.234041093895608e-03    9   3    7    12    0    0
 +6.969271975316961e-03    9   3    7    13    0    0
 -2.645915561658164e-03    9   3    7    14    0    0
 +5.510815348996802e-03    9   3    8    3    0    0
 -8.075383874125442e-03    9   3    8    4    0    0
 -1.331380806296605e-02    9   3    8    5    0    0
 -3.095357512805315e-03    9   3    8    12    0    0
 -1.173854262414376e-03    9   3    8    13    0    0
 -1.231663524920801e-02    9   3    8    14    0    0
 +2.367610518771967e-02    9   3    9    3    0    0
 -1.112511714965484e-02    9   3    9    12    0    0
 -4.641960548997829e-03    9   3    10    3    0    0
 +2.141855296462267e-02    9   3    10    4    0    0
 -1.343932202178638e-02    9   3    10    5    0    0
 +2.607332409005882e-03    9   3    10    12    0    0
 +1.418538590573908e-02    9   3    10    13    0    0
 -9.990812872224634e-04    9   3    10    14    0    0
 -2.754628496626074e-02    9   3    11    3    0    0
 -4.472971287477395e-03    9   3    11    4    0    0
 -1.125382070162390e-03    9   3    11    5    0    0
 +1.547241101731225e-02    9   3    11    12    0    0
 -2.069434877892578e-03    9   3    11    13    0    0
 -2.506695363921036e-03    9   3    11    14    0    0
 -1.231682563792174e-02    9   3    12    1    0    0
 -1.662896494835897e-02    9   3    12    2    0    0
 -1.524201061070839e-02    9   3    12    6    0    0
 -8.255013019963316e-04    9   3    12    7    0    0
 -2.070613101625827e-03    9   3    12    8    0    0
 -1.105003894996476e-02    9   3    12    9    0    0
 +1.744152856026064e-03    9   3    12    10    0    0
 +1.035013785439944e-02    9   3    12    11    0    0
 +4.774488565272998e-03    9   3    13    7    0    0
 +6.232715149402189e-05    9   3    13    8    0    0
 +9.420259821901922e-03    9   3    13    10    0    0
 -1.194184203464893e-03    9   3    13    11    0    0
 -9.780532113703858e-04    9   3    14    7    0    0
 -2.270441325647525e-03    9   3    14    8    0    0
 -1.153764968759879e-03    9   3    14    10    0    0
 -3.377971712555333e-04    9   3    14    11    0    0
 +4.325755377289744e-04    9   4    1    4    0    0
 -4.222815362680836e-02    9   4    1    5    0    0
 +1.187578650256802e-02    9   4    1    13    0    0
 -2.283627819834510e-02    9   4    1    14    0    0
 -6.254747957409240e-05    9   4    2    4    0    0
 +6.105903700181088e-03    9   4    2    5    0    0
 +1.216740979012083e-02    9   4    2    13    0    0
 -2.339704868055565e-02    9   4    2    14    0    0
 +1.460438667737011e-02    9   4    3    7    0    0
 +2.579129479501548e-02    9   4    3    8    0    0
 +2.001597762775782e-02    9   4    3    10    0    0
 +2.951536396096162e-03    9   4    3    11    0    0
 +4.830197071227651e-04    9   4    4    1    0    0
 -9.627029493813744e-06    9   4    4    2    0    0
 -2.954439042573233e-04    9   4    4    6    0    0
 -1.412502845599559e-02    9   4    4    7    0    0
 -1.430926337772026e-03    9   4    4    8    0    0
 +4.398535953475913e-02    9   4    4    9    0    0
 +9.471274803486900e-03    9   4    4    10    0    0
 +1.816545305205027e-02    9   4    4    11    0    0
 -4.715252856004769e-02    9   4    5    1    0    0
 +9.397935042050937e-04    9   4    5    2    0    0
 +2.884132247189181e-02    9   4    5    6    0    0
 +2.273360183772528e-02    9   4    5    7    0    0
 -1.569493722398736e-03    9   4    5    8    0    0
 +2.474440748710446e-02    9   4    5    9    0    0
 -1.292313697665366e-02    9   4    5    10    0    0
 -1.113380000074149e-02    9   4    5    11    0    0
 -2.840033213711773e-04    9   4    6    4    0    0
 +2.772448934203259e-02    9   4    6    5    0    0
 +6.377341940955210e-03    9   4    6    13    0    0
 -1.226316713407863e-02    9   4    6    14    0    0
 +1.388574957336540e-02    9   4    7    3    0    0
 -1.326154468488207e-02    9   4    7    4    0    0
 +2.342985859062131e-02    9   4    7    5    0    0
 -8.075627772816923e-03    9   4    7    12    0    0
 -1.409158446445477e-02    9   4    7    13    0    0
 +1.131888125838839e-02    9   4    7    14    0    0
 +2.552721754450472e-02    9   4    8    3    0    0
 -1.343451705478233e-03    9   4    8    4    0    0
 -1.890690806786488e-03    9   4    8    5    0    0
 -1.641985147610742e-02    9   4    8    12    0    0
 +1.064680127275991e-04    9   4    8    13    0    0
 -1.878433900314294e-03    9   4    8    14    0    0
 +3.992591403261628e-02    9   4    9    4    0    0
 +2.323174545194390e-02    9   4    9    5    0    0
 +1.216112441571220e-02    9   4    9    13    0    0
 +2.079769871082693e-02    9   4    9    14    0    0
 +1.868561773539755e-02    9   4    10    3    0    0
 +8.892281840035609e-03    9   4    10    4    0    0
 -1.315526866461234e-02    9   4    10    5    0    0
 -1.032619000359276e-02    9   4    10    12    0    0
 +8.529652765173130e-03    9   4    10    13    0    0
 -5.776994038256536e-03    9   4    10    14    0    0
 +3.065574812070852e-03    9   4    11    3    0    0
 +1.705497218086172e-02    9   4    11    4    0    0
 -1.019800652001441e-02    9   4    11    5    0    0
 -2.188873942177741e-03    9   4    11    12    0    0
 +1.095146976189270e-02    9   4    11    13    0    0
 -4.153405504230804e-04    9   4    11    14    0    0
 -4.943671478848726e-03    9   4    12    7    0    0
 -7.528548130722617e-03    9   4    12    8    0    0
 -7.188646112092778e-03    9   4    12    10    0    0
 -6.890362322785968e-04    9   4    12    11    0    0
 +8.007567752835584e-03    9   4    13    1    0    0
 +1.081102935106405e-02    9   4    13    2    0    0
 +9.909325360497521e-03    9   4    13    6    0    0
 -6.942865232906966e-03    9   4    13    7    0    0
 -4.254279323830397e-04    9   4    13    8    0    0
 +1.135297759385612e-02    9   4    13    9    0    0
 +4.488879101795261e-03    9   4    13    10    0    0
 +7.629694854147291e-03    9   4    13    11    0    0
 -1.539797341896571e-02    9   4    14    1    0    0
 -2.078882723413682e-02    9   4    14    2    0    0
 -1.905491570106212e-02    9   4    14    6    0    0
 +2.674008435600026e-03    9   4    14    7    0    0
 -2.771628776564118e-04    9   4    14    8    0    0
 +1.554422384234504e-02    9   4    14    9    0    0
 -1.464606904232446e-03    9   4    14    10    0    0
 -8.769414678497047e-04    9   4    14    11    0    0
 -4.222815362680795e-02    9   5    1    4    0    0
 -3.040229565755655e-02    9   5    1    5    0    0
 -1.457480913909038e-02    9   5    1    13    0    0
 -2.816753777551251e-02    9   5    1    14    0    0
 +6.105903700181081e-03    9   5    2    4    0    0
 +4.395965099256139e-03    9   5    2    5    0    0
 -1.493270996154765e-02    9   5    2    13    0    0
 -2.885922332969377e-02    9   5    2    14    0    0
 -3.179486798851119e-03    9   5    3    7    0    0
 +3.498895343300258e-02    9   5    3    8    0    0
 -1.831340086989031e-02    9   5    3    10    0    0
 +9.832263759263079e-03    9   5    3    11    0    0
 -4.715252856004722e-02    9   5    4    1    0    0
 +9.397935042051295e-04    9   5    4    2    0    0
 +2.884132247189183e-02    9   5    4    6    0    0
 -2.970213653672651e-02    9   5    4    7    0    0
 +8.916233426269037e-03    9   5    4    8    0    0
 +2.474440748710426e-02    9   5    4    9    0    0
 +1.277048485923757e-02    9   5    4    10    0    0
 -1.754796482886001e-02    9   5    4    11    0    0
 -3.394761530312011e-02    9   5    5    1    0    0
 +6.766073701540367e-04    9   5    5    2    0    0
 +2.076440331004014e-02    9   5    5    6    0    0
 +1.178495288574937e-02    9   5    5    7    0    0
 -4.438708419712818e-03    9   5    5    8    0    0
 +6.205365170806774e-02    9   5    5    9    0    0
 -4.527067593526709e-03    9   5    5    10    0    0
 +1.117442161948486e-02    9   5    5    11    0    0
 +2.772448934203252e-02    9   5    6    4    0    0
 +1.996033568931972e-02    9   5    6    5    0    0
 -7.826727230574409e-03    9   5    6    13    0    0
 -1.512607354387618e-02    9   5    6    14    0    0
 -2.736143562582413e-03    9   5    7    3    0    0
 -2.997239651094213e-02    9   5    7    4    0    0
 +1.106452137710592e-02    9   5    7    5    0    0
 +1.142025192277432e-03    9   5    7    12    0    0
 -2.077607003043850e-02    9   5    7    13    0    0
 -3.567249405649078e-03    9   5    7    14    0    0
 +3.472657752753272e-02    9   5    8    3    0    0
 +8.788313503590066e-03    9   5    8    4    0    0
 -4.167363643518694e-03    9   5    8    5    0    0
 -2.248137337643927e-02    9   5    8    12    0    0
 +6.051229389116018e-03    9   5    8    13    0    0
 +4.440339705522884e-04    9   5    8    14    0    0
 +2.323174545194390e-02    9   5    9    4    0    0
 +5.688966492220248e-02    9   5    9    5    0    0
 -1.830763063409298e-03    9   5    9    13    0    0
 +3.246257002301566e-02    9   5    9    14    0    0
 -1.734649755769641e-02    9   5    10    3    0    0
 +1.301194839572503e-02    9   5    10    4    0    0
 -4.250321291037768e-03    9   5    10    5    0    0
 +9.985346778449349e-03    9   5    10    12    0    0
 +9.043863266381891e-03    9   5    10    13    0    0
 +1.909339347894068e-03    9   5    10    14    0    0
 +9.652196037622253e-03    9   5    11    3    0    0
 -1.673039982720113e-02    9   5    11    4    0    0
 +1.049131278539880e-02    9   5    11    5    0    0
 -6.089141513019870e-03    9   5    11    12    0    0
 -1.140729470225933e-02    9   5    11    13    0    0
 +8.226173301361217e-04    9   5    11    14    0    0
 +1.419378462094928e-03    9   5    12    7    0    0
 -1.009870727100084e-02    9   5    12    8    0    0
 +6.277836090242125e-03    9   5    12    10    0    0
 -2.965015828243124e-03    9   5    12    11    0    0
 -9.827456197589757e-03    9   5    13    1    0    0
 -1.326806349666127e-02    9   5    13    2    0    0
 -1.216142828057504e-02    9   5    13    6    0    0
 -9.000314490698583e-03    9   5    13    7    0    0
 +3.068518956485313e-03    9   5    13    8    0    0
 -2.856453435610104e-03    9   5    13    9    0    0
 +3.649951310192127e-03    9   5    13    10    0    0
 -7.031709907209383e-03    9   5    13    11    0    0
 -1.899271826074006e-02    9   5    14    1    0    0
 -2.564209768948192e-02    9   5    14    2    0    0
 -2.350339460559595e-02    9   5    14    6    0    0
 +9.729926134321076e-05    9   5    14    7    0    0
 -1.996160537734803e-04    9   5    14    8    0    0
 +2.493345709663519e-02    9   5    14    9    0    0
 +6.027670547195916e-05    9   5    14    10    0    0
 +8.540851021669054e-04    9   5    14    11    0    0
 -2.172896141437058e-02    9   6    1    9    0    0
 -4.467556232016104e-03    9   6    2    9    0    0
 -9.982902646471925e-03    9   6    3    3    0    0
 -1.315797765977374e-03    9   6    3    12    0    0
 -1.440907510356324e-04    9   6    4    4    0    0
 +1.406618229703762e-02    9   6    4    5    0    0
 +8.554427958819018e-04    9   6    4    13    0    0
 -1.644954602821894e-03    9   6    4    14    0    0
 +1.406618229703761e-02    9   6    5    4    0    0
 +1.012699339750761e-02    9   6    5    5    0    0
 -1.049860190454982e-03    9   6    5    13    0    0
 -2.028978650178937e-03    9   6    5    14    0    0
 +1.382434004898428e-02    9   6    6    9    0    0
 +2.790096253230605e-03    9   6    7    7    0    0
 -7.082541985733083e-04    9   6    7    8    0    0
 -8.891183272111676e-03    9   6    7    10    0    0
 +2.796314308010398e-03    9   6    7    11    0    0
 -7.082541985733089e-04    9   6    8    7    0    0
 +6.749205146879164e-03    9   6    8    8    0    0
 -5.958258962541164e-07    9   6    8    10    0    0
 +4.346891422810989e-03    9   6    8    11    0    0
 -1.385655949740495e-02    9   6    9    1    0    0
 -2.207554978695658e-03    9   6    9    2    0    0
 +1.465058190491200e-02    9   6    9    6    0    0
 +1.526096709632924e-02    9   6    9    9    0    0
 -8.891183272111700e-03    9   6    10    7    0    0
 -5.958258962545862e-07    9   6    10    8    0    0
 -1.087599455339889e-02    9   6    10    10    0    0
 -1.448191288611661e-03    9   6    10    11    0    0
 +2.796314308010408e-03    9   6    11    7    0    0
 +4.346891422810994e-03    9   6    11    8    0    0
 -1.448191288611661e-03    9   6    11    10    0    0
 -1.392427394304004e-02    9   6    11    11    0    0
 -3.029439601413328e-04    9   6    12    3    0    0
 -3.362362734628028e-03    9   6    12    12    0    0
 +1.969536922464333e-04    9   6    13    4    0    0
 -2.417155674792706e-04    9   6    13    5    0    0
 -3.162979408666652e-03    9   6    13    13    0    0
 +1.404081010727240e-03    9   6    13    14    0    0
 -3.787277000439184e-04    9   6    14    4    0    0
 -4.671438447615741e-04    9   6    14    5    0    0
 +1.404081010727241e-03    9   6    14    13    0    0
 +6.525342143294736e-03    9   6    14    14    0    0
 -6.988237807095947e-03    9   7    1    7    0    0
 +1.773934774391223e-03    9   7    1    8    0    0
 +2.226937619806007e-02    9   7    1    10    0    0
 -7.003811909763067e-03    9   7    1    11    0    0
 -2.246084668614579e-03    9   7    2    7    0    0
 +5.701591459633075e-04    9   7    2    8    0    0
 +7.157584764399839e-03    9   7    2    10    0    0
 -2.251090330155225e-03    9   7    2    11    0    0
 +1.623182572705604e-03    9   7    3    3    0    0
 +8.612004301721623e-03    9   7    3    4    0    0
 -4.376037136247697e-03    9   7    3    5    0    0
 -3.654698444314010e-04    9   7    3    12    0    0
 +2.175017868913716e-03    9   7    3    13    0    0
 -1.793457621055621e-06    9   7    3    14    0    0
 +8.612004301721626e-03    9   7    4    3    0    0
 -9.797760516909049e-03    9   7    4    4    0    0
 -2.416845896887646e-03    9   7    4    5    0    0
 -1.939047353833072e-03    9   7    4    12    0    0
 -1.721405396903268e-03    9   7    4    13    0    0
 -1.483051405896981e-03    9   7    4    14    0    0
 -4.376037136247698e-03    9   7    5    3    0    0
 -2.416845896887645e-03    9   7    5    4    0    0
 +8.174577944203464e-03    9   7    5    5    0    0
 +9.852924977777789e-04    9   7    5    12    0    0
 -1.317760760226815e-03    9   7    5    13    0    0
 +1.395449556884022e-03    9   7    5    14    0    0
 +2.262060212501341e-03    9   7    6    7    0    0
 -5.742144705848957e-04    9   7    6    8    0    0
 -7.208493935868265e-03    9   7    6    10    0    0
 +2.267101477404037e-03    9   7    6    11    0    0
 -3.999880220212524e-03    9   7    7    1    0    0
 -1.233749697823473e-03    9   7    7    2    0    0
 +2.790096253230599e-03    9   7    7    6    0    0
 -2.044572149937655e-03    9   7    7    8    0    0
 +9.699335872844267e-03    9   7    7    9    0    0
 +1.651326249134363e-03    9   7    7    10    0    0
 -8.741400544589620e-03    9   7    7    11    0    0
 +1.015352770168995e-03    9   7    8    1    0    0
 +3.131821715685339e-04    9   7    8    2    0    0
 -7.082541985733078e-04    9   7    8    6    0    0
 -2.044572149937652e-03    9   7    8    7    0    0
 +4.082752745944576e-03    9   7    8    8    0    0
 +5.508512951295628e-04    9   7    8    9    0    0
 +1.069318592266624e-02    9   7    8    10    0    0
 +1.813062775244494e-03    9   7    8    11    0    0
 +9.699335872844267e-03    9   7    9    7    0    0
 +5.508512951295622e-04    9   7    9    8    0    0
 +6.915200545994695e-03    9   7    9    10    0    0
 -2.174859480197603e-03    9   7    9    11    0    0
 +1.274639470348932e-02    9   7    10    1    0    0
 +3.931582884482733e-03    9   7    10    2    0    0
 -8.891183272111735e-03    9   7    10    6    0    0
 +1.651326249134350e-03    9   7    10    7    0    0
 +1.069318592266621e-02    9   7    10    8    0    0
 +6.915200545994662e-03    9   7    10    9    0    0
 -1.937755174434214e-03    9   7    10    10    0    0
 +6.522540963001444e-03    9   7    10    11    0    0
 -4.008794419603752e-03    9   7    11    1    0    0
 -1.236499252860042e-03    9   7    11    2    0    0
 +2.796314308010401e-03    9   7    11    6    0    0
 -8.741400544589628e-03    9   7    11    7    0    0
 +1.813062775244481e-03    9   7    11    8    0    0
 -2.174859480197606e-03    9   7    11    9    0    0
 +6.522540963001446e-03    9   7    11    10    0    0
 -2.144997571510363e-03    9   7    11    11    0    0
 -3.706532480836944e-04    9   7    12    3    0    0
 -1.966548569840301e-03    9   7    12    4    0    0
 +9.992667525880799e-04    9   7    12    5    0    0
 +1.739388862571539e-03    9   7    12    12    0    0
 -1.035161153437584e-02    9   7    12    13    0    0
 +8.535643252372046e-06    9   7    12    14    0    0
 +2.205865819127165e-03    9   7    13    3    0    0
 -1.745819829878649e-03    9   7    13    4    0    0
 -1.336450362232264e-03    9   7    13    5    0    0
 -1.035161153437584e-02    9   7    13    12    0    0
 -4.470467984909269e-03    9   7    13    13    0    0
 -9.298882110431617e-03    9   7    13    14    0    0
 -1.818893959866516e-06    9   7    14    3    0    0
 -1.504085300186753e-03    9   7    14    4    0    0
 +1.415241007368816e-03    9   7    14    5    0    0
 +8.535643252372619e-06    9   7    14    12    0    0
 -9.298882110431615e-03    9   7    14    13    0    0
 +2.731079122337725e-03    9   7    14    14    0    0
 +1.773934774391252e-03    9   8    1    7    0    0
 -1.690445285558011e-02    9   8    1    8    0    0
 +1.492340291064454e-06    9   8    1    10    0    0
 -1.088747778828632e-02    9   8    1    11    0    0
 +5.701591459633220e-04    9   8    2    7    0    0
 -5.433248472409208e-03    9   8    2    8    0    0
 +4.796520583083850e-07    9   8    2    10    0    0
 -3.499336687615329e-03    9   8    2    11    0    0
 +4.071444942905555e-03    9   8    3    3    0    0
 +6.446793753906900e-03    9   8    3    4    0    0
 +7.909983045066238e-03    9   8    3    5    0    0
 -9.167116348559997e-04    9   8    3    12    0    0
 +4.891155696695994e-04    9   8    3    13    0    0
 +2.244910665843544e-03    9   8    3    14    0    0
 +6.446793753906903e-03    9   8    4    3    0    0
 -9.925554216406738e-04    9   8    4    4    0    0
 +2.548015971183217e-03    9   8    4    5    0    0
 -1.451536475280416e-03    9   8    4    12    0    0
 -4.587853848381274e-04    9   8    4    13    0    0
 +4.106011061048961e-04    9   8    4    14    0    0
 +7.909983045066233e-03    9   8    5    3    0    0
 +2.548015971183218e-03    9   8    5    4    0    0
 -3.078889521264919e-03    9   8    5    5    0    0
 -1.780982818289346e-03    9   8    5    12    0    0
 +8.252012716929180e-04    9   8    5    13    0    0
 -3.588128809224861e-04    9   8    5    14    0    0
 -5.742144705849007e-04    9   8    6    7    0    0
 +5.471893097267614e-03    9   8    6    8    0    0
 -4.830636405303537e-07    9   8    6    10    0    0
 +3.524226135287870e-03    9   8    6    11    0    0
 +1.015352770169021e-03    9   8    7    1    0    0
 +3.131821715685457e-04    9   8    7    2    0    0
 -7.082541985733154e-04    9   8    7    6    0    0
 +4.089144299875355e-03    9   8    7    7    0    0
 -2.041376372972282e-03    9   8    7    8    0    0
 +5.508512951295558e-04    9   8    7    9    0    0
 +7.765507855551345e-03    9   8    7    10    0    0
 +1.570457986079316e-03    9   8    7    11    0    0
 -9.675656220784583e-03    9   8    8    1    0    0
 -2.984423853072924e-03    9   8    8    2    0    0
 +6.749205146879157e-03    9   8    8    6    0    0
 -2.041376372972286e-03    9   8    8    7    0    0
 +6.620102080770054e-03    9   8    8    9    0    0
 -1.732194512189440e-03    9   8    8    10    0    0
 +9.717293233627940e-03    9   8    8    11    0    0
 +5.508512951295622e-04    9   8    9    7    0    0
 +6.620102080770047e-03    9   8    9    8    0    0
 +4.634091365711294e-07    9   8    9    10    0    0
 -3.380835263478200e-03    9   8    9    11    0    0
 +8.541756272146534e-07    9   8    10    1    0    0
 +2.634676200271029e-07    9   8    10    2    0    0
 -5.958258962567954e-07    9   8    10    6    0    0
 +7.765507855551339e-03    9   8    10    7    0    0
 -1.732194512189433e-03    9   8    10    8    0    0
 +4.634091365748471e-07    9   8    10    9    0    0
 -8.567113112939111e-03    9   8    10    10    0    0
 +1.036211985380327e-04    9   8    10    11    0    0
 -6.231700788595106e-03    9   8    11    1    0    0
 -1.922147299812584e-03    9   8    11    2    0    0
 +4.346891422810968e-03    9   8    11    6    0    0
 +1.570457986079314e-03    9   8    11    7    0    0
 +9.717293233627919e-03    9   8    11    8    0    0
 -3.380835263478215e-03    9   8    11    9    0    0
 +1.036211985380328e-04    9   8    11    10    0    0
 +4.477968813063696e-03    9   8    11    11    0    0
 -9.297132176366624e-04    9   8    12    3    0    0
 -1.472123398065023e-03    9   8    12    4    0    0
 -1.806242228841686e-03    9   8    12    5    0    0
 +4.362926332100069e-03    9   8    12    12    0    0
 -2.327858747736834e-03    9   8    12    13    0    0
 -1.068425389709352e-02    9   8    12    14    0    0
 +4.960526219841846e-04    9   8    13    3    0    0
 -4.652922687182120e-04    9   8    13    4    0    0
 +8.369049768022258e-04    9   8    13    5    0    0
 -2.327858747736832e-03    9   8    13    12    0    0
 -3.723670765986601e-03    9   8    13    13    0    0
 +2.515242421001351e-03    9   8    13    14    0    0
 +2.276749895048660e-03    9   8    14    3    0    0
 +4.164245996309628e-04    9   8    14    4    0    0
 -3.639018698659077e-04    9   8    14    5    0    0
 -1.068425389709352e-02    9   8    14    12    0    0
 +2.515242421001351e-03    9   8    14    13    0    0
 -6.392555661135322e-04    9   8    14    14    0    0
 +4.836327034825045e-01    9   9    1    1    0    0
 +9.753037278391893e-02    9   9    1    2    0    0
 +4.163464384184819e-02    9   9    1    6    0    0
 -3.822350827930419e-02    9   9    1    9    0    0
 +1.157059119570902e-01    9   9    2    1    0    0
 +2.783440233430539e-01    9   9    2    2    0    0
 +6.493803100022526e-02    9   9    2    6    0    0
 -1.228539129558964e-02    9   9    2    9    0    0
 +3.930130276746848e-01    9   9    3    3    0    0
 -5.932628954821143e-02    9   9    3    12    0    0
 +4.050185473401028e-01    9   9    4    4    0    0
 +1.716384355944783e-02    9   9    4    5    0    0
 +5.357507481399629e-02    9   9    4    13    0    0
 +3.150069200936850e-02    9   9    4    14    0    0
 +1.716384355944781e-02    9   9    5    4    0    0
 +4.175515344568991e-01    9   9    5    5    0    0
 -2.588350222963428e-02    9   9    5    13    0    0
 +5.958748899091090e-02    9   9    5    14    0    0
 +4.825871638713846e-02    9   9    6    1    0    0
 +9.880819924732991e-02    9   9    6    2    0    0
 +4.732927240423658e-01    9   9    6    6    0    0
 +1.237277259984393e-02    9   9    6    9    0    0
 +4.980814862219456e-01    9   9    7    7    0    0
 -1.101702590259005e-03    9   9    7    8    0    0
 -1.383040109198948e-02    9   9    7    10    0    0
 +4.349718960395273e-03    9   9    7    11    0    0
 -1.101702590259025e-03    9   9    8    7    0    0
 +5.042399538060924e-01    9   9    8    8    0    0
 -9.268182731069708e-07    9   9    8    10    0    0
 +6.761670526956441e-03    9   9    8    11    0    0
 -2.187811275659136e-02    9   9    9    1    0    0
 -6.748230826011459e-03    9   9    9    2    0    0
 +1.526096709632924e-02    9   9    9    6    0    0
 +5.174801579676322e-01    9   9    9    9    0    0
 -1.383040109198943e-02    9   9    10    7    0    0
 -9.268182731171486e-07    9   9    10    8    0    0
 +4.768236275735810e-01    9   9    10    10    0    0
 -2.252688507979385e-03    9   9    10    11    0    0
 +4.349718960395270e-03    9   9    11    7    0    0
 +6.761670526956423e-03    9   9    11    8    0    0
 -2.252688507979382e-03    9   9    11    10    0    0
 +4.720819722382993e-01    9   9    11    11    0    0
 -8.135801940977842e-02    9   9    12    3    0    0
 +5.198828873869219e-01    9   9    12    12    0    0
 +7.323417381827382e-02    9   9    13    4    0    0
 -3.583432412809362e-02    9   9    13    5    0    0
 +5.206569368756058e-01    9   9    13    13    0    0
 +5.450948233429811e-03    9   9    13    14    0    0
 +4.153118166281056e-02    9   9    14    4    0    0
 +7.933186115815583e-02    9   9    14    5    0    0
 +5.450948233429770e-03    9   9    14    13    0    0
 +5.582691108492510e-01    9   9    14    14    0    0
 +2.226937619806003e-02    9   10    1    7    0    0
 +1.492340291008292e-06    9   10    1    8    0    0
 +2.724065029650080e-02    9   10    1    10    0    0
 +3.627224366637921e-03    9   10    1    11    0    0
 +7.157584764399832e-03    9   10    2    7    0    0
 +4.796520582906867e-07    9   10    2    8    0    0
 +8.755398525781884e-03    9   10    2    10    0    0
 +1.165823668916625e-03    9   10    2    11    0    0
 -3.429526414058608e-03    9   10    3    3    0    0
 +1.481467919404520e-02    9   10    3    4    0    0
 -1.137243415921233e-02    9   10    3    5    0    0
 +7.721796094263084e-04    9   10    3    12    0    0
 +4.133045967309668e-03    9   10    3    13    0    0
 -7.751336548374935e-04    9   10    3    14    0    0
 +1.481467919404521e-02    9   10    4    3    0    0
 +6.569705866681608e-03    9   10    4    4    0    0
 -5.294321684030875e-05    9   10    4    5    0    0
 -3.335618920134137e-03    9   10    4    12    0    0
 +1.324672312964148e-03    9   10    4    13    0    0
 +6.583694230199839e-04    9   10    4    14    0    0
 -1.137243415921233e-02    9   10    5    3    0    0
 -5.294321684030959e-05    9   10    5    4    0    0
 -3.140179452623011e-03    9   10    5    5    0    0
 +2.560575632626309e-03    9   10    5    12    0    0
 +3.091365980410191e-04    9   10    5    13    0    0
 -6.359795054142361e-04    9   10    5    14    0    0
 -7.208493935868262e-03    9   10    6    7    0    0
 -4.830636405255896e-07    9   10    6    8    0    0
 -8.817672337339178e-03    9   10    6    10    0    0
 -1.174115728181891e-03    9   10    6    11    0    0
 +1.274639470348933e-02    9   10    7    1    0    0
 +3.931582884482742e-03    9   10    7    2    0    0
 -8.891183272111728e-03    9   10    7    6    0    0
 -3.302652498268663e-03    9   10    7    7    0    0
 -1.845869377821751e-02    9   10    7    8    0    0
 +6.915200545994661e-03    9   10    7    9    0    0
 +9.688775872171084e-04    9   10    7    10    0    0
 -1.944122565941012e-04    9   10    7    11    0    0
 +8.541756271650681e-07    9   10    8    1    0    0
 +2.634676200042784e-07    9   10    8    2    0    0
 -5.958258962542814e-07    9   10    8    6    0    0
 -1.845869377821750e-02    9   10    8    7    0    0
 +3.464389024378769e-03    9   10    8    8    0    0
 +4.634091365743948e-07    9   10    8    9    0    0
 +4.283556556469524e-03    9   10    8    10    0    0
 -3.113875158727415e-03    9   10    8    11    0    0
 +6.915200545994695e-03    9   10    9    7    0    0
 +4.634091365711294e-07    9   10    9    8    0    0
 +2.032826519702547e-02    9   10    9    10    0    0
 +1.126344253989731e-03    9   10    9    11    0    0
 +1.559181889832953e-02    9   10    10    1    0    0
 +4.809244476153375e-03    9   10    10    2    0    0
 -1.087599455339892e-02    9   10    10    6    0    0
 +9.688775872171021e-04    9   10    10    7    0    0
 +4.283556556469526e-03    9   10    10    8    0    0
 +2.032826519702546e-02    9   10    10    9    0    0
 -9.758926890382697e-04    9   10    10    11    0    0
 +2.076126113461094e-03    9   10    11    1    0    0
 +6.403741672518831e-04    9   10    11    2    0    0
 -1.448191288611620e-03    9   10    11    6    0    0
 -1.944122565941042e-04    9   10    11    7    0    0
 -3.113875158727429e-03    9   10    11    8    0    0
 +1.126344253989699e-03    9   10    11    9    0    0
 -9.758926890382669e-04    9   10    11    10    0    0
 -1.617365261101473e-04    9   10    11    11    0    0
 +7.831313163009200e-04    9   10    12    3    0    0
 -3.382927499916423e-03    9   10    12    4    0    0
 +2.596891890419887e-03    9   10    12    5    0    0
 -3.675051807983196e-03    9   10    12    12    0    0
 -1.967049876637390e-02    9   10    12    13    0    0
 +3.689111062846729e-03    9   10    12    14    0    0
 +4.191664334566203e-03    9   10    13    3    0    0
 +1.343459940479061e-03    9   10    13    4    0    0
 +3.135210357607452e-04    9   10    13    5    0    0
 -1.967049876637390e-02    9   10    13    12    0    0
 +4.957491336493916e-03    9   10    13    13    0    0
 +4.163556939120669e-03    9   10    13    14    0    0
 -7.861272584924373e-04    9   10    14    3    0    0
 +6.677069771953501e-04    9   10    14    4    0    0
 -6.449995067669546e-04    9   10    14    5    0    0
 +3.689111062846730e-03    9   10    14    12    0    0
 +4.163556939120668e-03    9   10    14    13    0    0
 -1.282439528510710e-03    9   10    14    14    0    0
 -7.003811909763069e-03    9   11    1    7    0    0
 -1.088747778828631e-02    9   11    1    8    0    0
 +3.627224366637900e-03    9   11    1    10    0    0
 +3.487554864547972e-02    9   11    1    11    0    0
 -2.251090330155234e-03    9   11    2    7    0    0
 -3.499336687615331e-03    9   11    2    8    0    0
 +1.165823668916620e-03    9   11    2    10    0    0
 +1.120932591083145e-02    9   11    2    11    0    0
 -2.035146807125971e-02    9   11    3    3    0    0
 -5.198992253932162e-04    9   11    3    4    0    0
 +3.149847291946596e-03    9   11    3    5    0    0
 +4.582262029560974e-03    9   11    3    12    0    0
 -4.251551815495029e-04    9   11    3    13    0    0
 +5.795876921978277e-04    9   11    3    14    0    0
 -5.198992253932163e-04    9   11    4    3    0    0
 +1.260038230999800e-02    9   11    4    4    0    0
 -9.947486614919470e-03    9   11    4    5    0    0
 +1.170586058644991e-04    9   11    4    12    0    0
 +3.543282673499675e-03    9   11    4    13    0    0
 -7.144704775895795e-04    9   11    4    14    0    0
 +3.149847291946596e-03    9   11    5    3    0    0
 -9.947486614919477e-03    9   11    5    4    0    0
 +7.751085761261792e-03    9   11    5    5    0    0
 -7.092080823980037e-04    9   11    5    12    0    0
 -2.786885099579309e-03    9   11    5    13    0    0
 +5.435526476405960e-04    9   11    5    14    0    0
 +2.267101477404040e-03    9   11    6    7    0    0
 +3.524226135287860e-03    9   11    6    8    0    0
 -1.174115728181887e-03    9   11    6    10    0    0
 -1.128905357227346e-02    9   11    6    11    0    0
 -4.008794419603769e-03    9   11    7    1    0    0
 -1.236499252860052e-03    9   11    7    2    0    0
 +2.796314308010403e-03    9   11    7    6    0    0
 +1.748280108917941e-02    9   11    7    7    0    0
 -3.383520761323821e-03    9   11    7    8    0    0
 -2.174859480197604e-03    9   11    7    9    0    0
 -6.328128706407372e-03    9   11    7    10    0    0
 +1.072498785755185e-03    9   11    7    11    0    0
 -6.231700788595098e-03    9   11    8    1    0    0
 -1.922147299812579e-03    9   11    8    2    0    0
 +4.346891422810960e-03    9   11    8    6    0    0
 -3.383520761323817e-03    9   11    8    7    0    0
 -1.943458646725601e-02    9   11    8    8    0    0
 -3.380835263478215e-03    9   11    8    9    0    0
 +3.010253960189434e-03    9   11    8    10    0    0
 -2.238984406531903e-03    9   11    8    11    0    0
 -2.174859480197603e-03    9   11    9    7    0    0
 -3.380835263478200e-03    9   11    9    8    0    0
 +1.126344253989731e-03    9   11    9    10    0    0
 +2.269909286466687e-02    9   11    9    11    0    0
 +2.076126113461132e-03    9   11    10    1    0    0
 +6.403741672518941e-04    9   11    10    2    0    0
 -1.448191288611640e-03    9   11    10    6    0    0
 -6.328128706407368e-03    9   11    10    7    0    0
 +3.010253960189426e-03    9   11    10    8    0    0
 +1.126344253989732e-03    9   11    10    9    0    0
 +1.951785378076580e-03    9   11    10    10    0    0
 +8.086826305506974e-05    9   11    10    11    0    0
 +1.996183029925897e-02    9   11    11    1    0    0
 +6.157159900754367e-03    9   11    11    2    0    0
 -1.392427394303988e-02    9   11    11    6    0    0
 +1.072498785755185e-03    9   11    11    7    0    0
 -2.238984406531896e-03    9   11    11    8    0    0
 +2.269909286466687e-02    9   11    11    9    0    0
 +8.086826305506918e-05    9   11    11    10    0    0
 +4.647251560439325e-03    9   11    12    3    0    0
 +1.187188304067256e-04    9   11    12    4    0    0
 -7.192666736075151e-04    9   11    12    5    0    0
 -2.180846288974424e-02    9   11    12    12    0    0
 +2.023450631890888e-03    9   11    12    13    0    0
 -2.758444758310768e-03    9   11    12    14    0    0
 -4.311850933313125e-04    9   11    13    3    0    0
 +3.593536516958368e-03    9   11    13    4    0    0
 -2.826411070391342e-03    9   11    13    5    0    0
 +2.023450631890888e-03    9   11    13    12    0    0
 +2.103910964019525e-02    9   11    13    13    0    0
 -4.202743803089938e-03    9   11    13    14    0    0
 +5.878078969735163e-04    9   11    14    3    0    0
 -7.246037045559556e-04    9   11    14    4    0    0
 +5.512617728171967e-04    9   11    14    5    0    0
 -2.758444758310768e-03    9   11    14    12    0    0
 -4.202743803089939e-03    9   11    14    13    0    0
 +7.693532495491815e-04    9   11    14    14    0    0
 -2.230106251657272e-02    9   12    1    3    0    0
 +3.059186923774319e-02    9   12    1    12    0    0
 +8.305928453533485e-05    9   12    2    3    0    0
 +2.211786886129056e-02    9   12    2    12    0    0
 -2.189128942252387e-02    9   12    3    1    0    0
 -1.054335143143260e-03    9   12    3    2    0    0
 +9.171532334761688e-03    9   12    3    6    0    0
 -1.653223883443190e-03    9   12    3    7    0    0
 -4.146797860524032e-03    9   12    3    8    0    0
 -1.565818440818099e-02    9   12    3    9    0    0
 +3.492998921969900e-03    9   12    3    10    0    0
 +2.072812611735691e-02    9   12    3    11    0    0
 -6.819817748928228e-03    9   12    4    7    0    0
 +8.143020122549201e-03    9   12    4    8    0    0
 -1.628517330033249e-02    9   12    4    10    0    0
 +3.829427955613346e-03    9   12    4    11    0    0
 +7.247120735285772e-03    9   12    5    7    0    0
 +1.297271455470157e-02    9   12    5    8    0    0
 +9.872592863420184e-03    9   12    5    10    0    0
 +1.509609775638065e-03    9   12    5    11    0    0
 +8.186495024886614e-03    9   12    6    3    0    0
 +1.963802567788100e-02    9   12    6    12    0    0
 -1.234041093895622e-03    9   12    7    3    0    0
 -5.019100309946935e-03    9   12    7    4    0    0
 +5.511828471936897e-03    9   12    7    5    0    0
 +1.261847694707415e-03    9   12    7    12    0    0
 -7.233370353991996e-03    9   12    7    13    0    0
 +1.951606389318226e-03    9   12    7    14    0    0
 -3.095357512805336e-03    9   12    8    3    0    0
 +6.617370165665556e-03    9   12    8    4    0    0
 +1.045408292400550e-02    9   12    8    5    0    0
 +3.165105085357129e-03    9   12    8    12    0    0
 +3.933870573332785e-04    9   12    8    13    0    0
 +6.911756023032531e-03    9   12    8    14    0    0
 -1.112511714965484e-02    9   12    9    3    0    0
 +1.481074611780797e-02    9   12    9    12    0    0
 +2.607332409005869e-03    9   12    10    3    0    0
 -1.219983168460128e-02    9   12    10    4    0    0
 +7.306671169596866e-03    9   12    10    5    0    0
 -2.666083330542882e-03    9   12    10    12    0    0
 -1.443939719815955e-02    9   12    10    13    0    0
 +1.483749941753927e-03    9   12    10    14    0    0
 +1.547241101731217e-02    9   12    11    3    0    0
 +2.979391311706101e-03    9   12    11    4    0    0
 +1.299734500993058e-03    9   12    11    5    0    0
 -1.582105026351129e-02    9   12    11    12    0    0
 +1.935038150611104e-03    9   12    11    13    0    0
 +1.288363467322537e-03    9   12    11    14    0    0
 +1.554257753919689e-02    9   12    12    1    0    0
 +1.475700926974298e-02    9   12    12    2    0    0
 +1.118858985341592e-02    9   12    12    6    0    0
 +1.399843583042491e-03    9   12    12    7    0    0
 +3.511241540461576e-03    9   12    12    8    0    0
 +1.685640168286830e-02    9   12    12    9    0    0
 -2.957646677781002e-03    9   12    12    10    0    0
 -1.755124313438175e-02    9   12    12    11    0    0
 -8.037688975160539e-03    9   12    13    7    0    0
 +3.363463241602070e-04    9   12    13    8    0    0
 -1.601035412699375e-02    9   12    13    10    0    0
 +2.124206032549875e-03    9   12    13    11    0    0
 +2.071543579096317e-03    9   12    14    7    0    0
 +6.962981162762418e-03    9   12    14    8    0    0
 +1.703322684082304e-03    9   12    14    10    0    0
 +1.271175998289437e-03    9   12    14    11    0    0
 +1.449864391291416e-02    9   13    1    4    0    0
 -1.779376614430269e-02    9   13    1    5    0    0
 +2.877781492017034e-02    9   13    1    13    0    0
 -1.277478549146390e-02    9   13    1    14    0    0
 -5.399953429317522e-05    9   13    2    4    0    0
 +6.627206591779065e-05    9   13    2    5    0    0
 +2.080631070864844e-02    9   13    2    13    0    0
 -9.236147946223499e-03    9   13    2    14    0    0
 +1.031751961029606e-02    9   13    3    7    0    0
 +5.820539546541759e-03    9   13    3    8    0    0
 +1.840262916277398e-02    9   13    3    10    0    0
 -1.113781000749460e-03    9   13    3    11    0    0
 +1.423223713649763e-02    9   13    4    1    0    0
 +6.854574661608689e-04    9   13    4    2    0    0
 -5.962710582003260e-03    9   13    4    6    0    0
 +2.785445513427486e-03    9   13    4    7    0    0
 -4.189520077955851e-03    9   13    4    8    0    0
 +1.696457864587746e-02    9   13    4    9    0    0
 +8.117715420375691e-04    9   13    4    10    0    0
 +1.732149502770805e-02    9   13    4    11    0    0
 -1.746681281630261e-02    9   13    5    1    0    0
 -8.412421139516715e-04    9   13    5    2    0    0
 +7.317862161427539e-03    9   13    5    6    0    0
 +1.488782404103360e-02    9   13    5    7    0    0
 -4.363478677095475e-04    9   13    5    8    0    0
 -2.793677346731744e-03    9   13    5    9    0    0
 -8.817553997934572e-03    9   13    5    10    0    0
 -1.005632154008903e-02    9   13    5    11    0    0
 -5.322305884415678e-03    9   13    6    4    0    0
 +6.531912006707326e-03    9   13    6    5    0    0
 +1.847351869752272e-02    9   13    6    13    0    0
 -8.200596163678561e-03    9   13    6    14    0    0
 +7.719006530247333e-03    9   13    7    3    0    0
 +2.466630825189067e-03    9   13    7    4    0    0
 +1.187699967034890e-02    9   13    7    5    0    0
 -7.785878569848737e-03    9   13    7    12    0    0
 -3.243121674747996e-03    9   13    7    13    0    0
 +6.744271344296129e-03    9   13    7    14    0    0
 +4.476937796299446e-03    9   13    8    3    0    0
 -3.204726469864084e-03    9   13    8    4    0    0
 -4.784999531851187e-04    9   13    8    5    0    0
 -3.770898846265268e-03    9   13    8    12    0    0
 -2.701354178480210e-03    9   13    8    13    0    0
 -8.729779685095724e-04    9   13    8    14    0    0
 +1.216112441571220e-02    9   13    9    4    0    0
 -1.830763063409298e-03    9   13    9    5    0    0
 +1.537228389921095e-02    9   13    9    13    0    0
 +3.954415605578737e-03    9   13    9    14    0    0
 +1.372580099152701e-02    9   13    10    3    0    0
 +4.160925270919346e-04    9   13    10    4    0    0
 -6.956209406987731e-03    9   13    10    5    0    0
 -1.410071140688044e-02    9   13    10    12    0    0
 +3.596435017548937e-03    9   13    10    13    0    0
 -3.589748975659485e-03    9   13    10    14    0    0
 -8.017128969997964e-04    9   13    11    3    0    0
 +1.297694180481142e-02    9   13    11    4    0    0
 -7.413030910086998e-03    9   13    11    5    0    0
 +1.000805087376548e-03    9   13    11    12    0    0
 +1.526291939050810e-02    9   13    11    13    0    0
 -1.398722120863940e-03    9   13    11    14    0    0
 -8.624067682429844e-03    9   13    12    7    0    0
 -4.083223403079924e-03    9   13    12    8    0    0
 -1.565090583145522e-02    9   13    12    10    0    0
 +1.132701544135608e-03    9   13    12    11    0    0
 +1.462092480617599e-02    9   13    13    1    0    0
 +1.388193961733979e-02    9   13    13    2    0    0
 +1.052512239500714e-02    9   13    13    6    0    0
 -3.597790037944899e-03    9   13    13    7    0    0
 -2.996774751922297e-03    9   13    13    8    0    0
 +1.747934933592492e-02    9   13    13    9    0    0
 +3.989741790757497e-03    9   13    13    10    0    0
 +1.693207496983350e-02    9   13    13    11    0    0
 -6.490387772798184e-03    9   13    14    1    0    0
 -6.162344198435861e-03    9   13    14    2    0    0
 -4.672216470937840e-03    9   13    14    6    0    0
 +6.833527635346934e-03    9   13    14    7    0    0
 -8.388048727949477e-04    9   13    14    8    0    0
 +4.386871199567502e-03    9   13    14    9    0    0
 -3.664656974585816e-03    9   13    14    10    0    0
 -1.630989269521202e-03    9   13    14    11    0    0
 -2.787984322743266e-02    9   14    1    4    0    0
 -3.438855186748393e-02    9   14    1    5    0    0
 -1.277478549146395e-02    9   14    1    13    0    0
 -5.936968415791292e-02    9   14    1    14    0    0
 +1.038371974298173e-04    9   14    2    4    0    0
 +1.280785842467043e-04    9   14    2    5    0    0
 -9.236147946223544e-03    9   14    2    13    0    0
 -4.292417956993896e-02    9   14    2    14    0    0
 +3.362956732815990e-03    9   14    3    7    0    0
 +3.556292586034780e-02    9   14    3    8    0    0
 -5.572816698304292e-03    9   14    3    10    0    0
 +8.321920997789048e-03    9   14    3    11    0    0
 -2.736756227165252e-02    9   14    4    1    0    0
 -1.318085112678393e-03    9   14    4    2    0    0
 +1.146586103054351e-02    9   14    4    6    0    0
 -2.755745913302867e-02    9   14    4    7    0    0
 +6.026571075782488e-03    9   14    4    8    0    0
 +2.820335872861703e-02    9   14    4    9    0    0
 +1.319412318897607e-02    9   14    4    10    0    0
 -5.782262005999058e-03    9   14    4    11    0    0
 -3.375667599663139e-02    9   14    5    1    0    0
 -1.625799610612556e-03    9   14    5    2    0    0
 +1.414263177657444e-02    9   14    5    6    0    0
 +1.688471835178238e-02    9   14    5    7    0    0
 -3.737288700513170e-03    9   14    5    8    0    0
 +4.416208034370692e-02    9   14    5    9    0    0
 -8.057349844167288e-03    9   14    5    10    0    0
 +3.752043544378525e-03    9   14    5    11    0    0
 +1.023440913213841e-02    9   14    6    4    0    0
 +1.262369039892204e-02    9   14    6    5    0    0
 -8.200596163678577e-03    9   14    6    13    0    0
 -3.811154437540361e-02    9   14    6    14    0    0
 +2.633804026666941e-03    9   14    7    3    0    0
 -2.133418844239935e-02    9   14    7    4    0    0
 +1.299096588399495e-02    9   14    7    5    0    0
 -1.939221945571803e-03    9   14    7    12    0    0
 -2.023610540957437e-02    9   14    7    13    0    0
 +1.981273980040619e-03    9   14    7    14    0    0
 +2.747691211465301e-02    9   14    8    3    0    0
 +4.651295441986936e-03    9   14    8    4    0    0
 -2.867160512039357e-03    9   14    8    5    0    0
 -2.241363882776036e-02    9   14    8    12    0    0
 +4.522366462211403e-03    9   14    8    13    0    0
 -4.637509068769738e-04    9   14    8    14    0    0
 +2.079769871082693e-02    9   14    9    4    0    0
 +3.246257002301566e-02    9   14    9    5    0    0
 +3.954415605578737e-03    9   14    9    13    0    0
 +4.265820945780661e-02    9   14    9    14    0    0
 -4.235532719408988e-03    9   14    10    3    0    0
 +1.022307863511308e-02    9   14    10    4    0    0
 -6.204220890187148e-03    9   14    10    5    0    0
 +3.868815422256396e-03    9   14    10    12    0    0
 +9.630692250006073e-03    9   14    10    13    0    0
 -9.303516870059959e-04    9   14    10    14    0    0
 +6.420753065732308e-03    9   14    11    3    0    0
 -4.409604342595442e-03    9   14    11    4    0    0
 +2.848089373054790e-03    9   14    11    5    0    0
 -5.290616481759161e-03    9   14    11    12    0    0
 -4.699077736879887e-03    9   14    11    13    0    0
 +5.581308730032984e-04    9   14    11    14    0    0
 -2.057804770378923e-03    9   14    12    7    0    0
 -2.416015262829836e-02    9   14    12    8    0    0
 +4.234600180184350e-03    9   14    12    10    0    0
 -5.711116114256161e-03    9   14    12    11    0    0
 -6.490387772798163e-03    9   14    13    1    0    0
 -6.162344198435840e-03    9   14    13    2    0    0
 -4.672216470937834e-03    9   14    13    6    0    0
 -2.180083107376461e-02    9   14    13    7    0    0
 +4.887291141276113e-03    9   14    13    8    0    0
 +4.386871199567418e-03    9   14    13    9    0    0
 +1.036623887990327e-02    9   14    13    10    0    0
 -5.133667065266748e-03    9   14    13    11    0    0
 -3.016350234537258e-02    9   14    14    1    0    0
 -2.863894888708265e-02    9   14    14    2    0    0
 -2.171371224842297e-02    9   14    14    6    0    0
 +2.197946454902329e-03    9   14    14    7    0    0
 -5.144667885392980e-04    9   14    14    8    0    0
 +4.774926856689195e-02    9   14    14    9    0    0
 -1.032095112976441e-03    9   14    14    10    0    0
 +6.191681645483614e-04    9   14    14    11    0    0
 +3.885962879459214e-02    10   1    1    10    0    0
 +1.243289354703001e-02    10   1    2    10    0    0
 -3.359224395587396e-03    10   1    3    3    0    0
 +1.590504005914144e-02    10   1    3    4    0    0
 -9.146292196843341e-03    10   1    3    5    0    0
 +6.870663917994203e-04    10   1    3    12    0    0
 +3.747421008764838e-03    10   1    3    13    0    0
 -1.971793732911435e-04    10   1    3    14    0    0
 +1.590504005914144e-02    10   1    4    3    0    0
 -6.103131326235777e-03    10   1    4    4    0    0
 -4.629522995463755e-03    10   1    4    5    0    0
 -3.253077853094304e-03    10   1    4    12    0    0
 -6.850736485395531e-04    10   1    4    13    0    0
 -1.409065541885252e-03    10   1    4    14    0    0
 -9.146292196843342e-03    10   1    5    3    0    0
 -4.629522995463757e-03    10   1    5    4    0    0
 +9.462355721823211e-03    10   1    5    5    0    0
 +1.870702649779183e-03    10   1    5    12    0    0
 -1.719804305285733e-03    10   1    5    13    0    0
 +1.297855540945507e-03    10   1    5    14    0    0
 -9.938437083609170e-03    10   1    6    10    0    0
 +1.763661761879111e-03    10   1    7    7    0    0
 -1.002338876678562e-02    10   1    7    8    0    0
 +1.274639470348932e-02    10   1    7    9    0    0
 +1.046817533976744e-03    10   1    7    10    0    0
 -9.275809215754416e-03    10   1    7    11    0    0
 -1.002338876678560e-02    10   1    8    7    0    0
 +2.343067088899844e-03    10   1    8    8    0    0
 +8.541756272148923e-07    10   1    8    9    0    0
 +1.368887100671337e-02    10   1    8    10    0    0
 +3.354670069182128e-04    10   1    8    11    0    0
 +1.274639470348932e-02    10   1    9    7    0    0
 +8.541756272146534e-07    10   1    9    8    0    0
 +1.559181889832953e-02    10   1    9    10    0    0
 +2.076126113461132e-03    10   1    9    11    0    0
 +1.802720203207070e-02    10   1    10    1    0    0
 +5.271866876327545e-03    10   1    10    2    0    0
 -1.385655949740466e-02    10   1    10    6    0    0
 +1.046817533976744e-03    10   1    10    7    0    0
 +1.368887100671338e-02    10   1    10    8    0    0
 +1.559181889832953e-02    10   1    10    9    0    0
 -1.740157759709618e-03    10   1    10    10    0    0
 +6.636100949748612e-03    10   1    10    11    0    0
 -9.275809215754419e-03    10   1    11    7    0    0
 +3.354670069181889e-04    10   1    11    8    0    0
 +2.076126113461101e-03    10   1    11    9    0    0
 +6.636100949748615e-03    10   1    11    10    0    0
 -2.366571091069329e-03    10   1    11    11    0    0
 +6.231296379187515e-04    10   1    12    3    0    0
 -2.950354214548766e-03    10   1    12    4    0    0
 +1.696619538844960e-03    10   1    12    5    0    0
 -3.874964581756103e-03    10   1    12    12    0    0
 -2.113496432835537e-02    10   1    12    13    0    0
 +1.112065874383783e-03    10   1    12    14    0    0
 +3.398694979396586e-03    10   1    13    3    0    0
 -6.213223345768943e-04    10   1    13    4    0    0
 -1.559763433104541e-03    10   1    13    5    0    0
 -2.113496432835538e-02    10   1    13    12    0    0
 +9.407832281803028e-04    10   1    13    13    0    0
 -1.039822330350473e-02    10   1    13    14    0    0
 -1.788303327749594e-04    10   1    14    3    0    0
 -1.277941275251718e-03    10   1    14    4    0    0
 +1.177080210810720e-03    10   1    14    5    0    0
 +1.112065874383783e-03    10   1    14    12    0    0
 -1.039822330350473e-02    10   1    14    13    0    0
 +2.934181353575802e-03    10   1    14    14    0    0
 +1.299517276404477e-02    10   2    1    10    0    0
 +5.492719931806452e-03    10   2    2    10    0    0
 -6.505267788418828e-04    10   2    3    3    0    0
 +3.080072438928181e-03    10   2    3    4    0    0
 -1.771214810470687e-03    10   2    3    5    0    0
 +6.551243994874726e-04    10   2    3    12    0    0
 +3.573201902023321e-03    10   2    3    13    0    0
 -1.880124250880357e-04    10   2    3    14    0    0
 +3.080072438928183e-03    10   2    4    3    0    0
 -1.181894954001930e-03    10   2    4    4    0    0
 -8.965250090971564e-04    10   2    4    5    0    0
 -3.101840958066731e-03    10   2    4    12    0    0
 -6.532242996616313e-04    10   2    4    13    0    0
 -1.343557519308273e-03    10   2    4    14    0    0
 -1.771214810470688e-03    10   2    5    3    0    0
 -8.965250090971567e-04    10   2    5    4    0    0
 +1.832421732843821e-03    10   2    5    5    0    0
 +1.783732932776157e-03    10   2    5    12    0    0
 -1.639849912881877e-03    10   2    5    13    0    0
 +1.237517715946852e-03    10   2    5    14    0    0
 -5.923441480731085e-04    10   2    6    10    0    0
 +5.439955813640489e-04    10   2    7    7    0    0
 -3.091680795764360e-03    10   2    7    8    0    0
 +3.931582884482732e-03    10   2    7    9    0    0
 +3.228873729002703e-04    10   2    7    10    0    0
 -2.861092379510572e-03    10   2    7    11    0    0
 -3.091680795764357e-03    10   2    8    7    0    0
 +7.227112197766728e-04    10   2    8    8    0    0
 +2.634676200271583e-07    10   2    8    9    0    0
 +4.222286553165746e-03    10   2    8    10    0    0
 +1.034736781175831e-04    10   2    8    11    0    0
 +3.931582884482733e-03    10   2    9    7    0    0
 +2.634676200271029e-07    10   2    9    8    0    0
 +4.809244476153375e-03    10   2    9    10    0    0
 +6.403741672518941e-04    10   2    9    11    0    0
 +5.271866876327545e-03    10   2    10    1    0    0
 +2.649741616086599e-03    10   2    10    2    0    0
 -2.207554978696005e-03    10   2    10    6    0    0
 +3.228873729002699e-04    10   2    10    7    0    0
 +4.222286553165754e-03    10   2    10    8    0    0
 +4.809244476153376e-03    10   2    10    9    0    0
 -5.367458503777087e-04    10   2    10    10    0    0
 +2.046883179177639e-03    10   2    10    11    0    0
 -2.861092379510591e-03    10   2    11    7    0    0
 +1.034736781175696e-04    10   2    11    8    0    0
 +6.403741672518820e-04    10   2    11    9    0    0
 +2.046883179177650e-03    10   2    11    10    0    0
 -7.299609507630250e-04    10   2    11    11    0    0
 +5.218712828072827e-04    10   2    12    3    0    0
 -2.470922653952267e-03    10   2    12    4    0    0
 +1.420919438417748e-03    10   2    12    5    0    0
 -1.646864807089966e-03    10   2    12    12    0    0
 -8.982386346275965e-03    10   2    12    13    0    0
 +4.726293913268041e-04    10   2    12    14    0    0
 +2.846408196362721e-03    10   2    13    3    0    0
 -5.203576656464239e-04    10   2    13    4    0    0
 -1.306302403507783e-03    10   2    13    5    0    0
 -8.982386346275970e-03    10   2    13    12    0    0
 +3.998340518737346e-04    10   2    13    13    0    0
 -4.419257945073556e-03    10   2    13    14    0    0
 -1.497704642678110e-04    10   2    14    3    0    0
 -1.070276250854538e-03    10   2    14    4    0    0
 +9.858050752241585e-04    10   2    14    5    0    0
 +4.726293913268045e-04    10   2    14    12    0    0
 -4.419257945073555e-03    10   2    14    13    0    0
 +1.247030755216232e-03    10   2    14    14    0    0
 -8.437653709581846e-03    10   3    1    3    0    0
 +3.995006122018871e-02    10   3    1    4    0    0
 -2.297353114754454e-02    10   3    1    5    0    0
 +5.142799147121364e-03    10   3    1    12    0    0
 +2.805003096906974e-02    10   3    1    13    0    0
 -1.475918375422122e-03    10   3    1    14    0    0
 +1.220027317828928e-03    10   3    2    3    0    0
 -5.776507037995355e-03    10   3    2    4    0    0
 +3.321816295348583e-03    10   3    2    5    0    0
 +5.269086361377124e-03    10   3    2    12    0    0
 +2.873883101152503e-02    10   3    2    13    0    0
 -1.512161210261449e-03    10   3    2    14    0    0
 -9.421598468095784e-03    10   3    3    1    0    0
 +1.877811712317572e-04    10   3    3    2    0    0
 +5.762816288271660e-03    10   3    3    6    0    0
 +1.993374130807833e-02    10   3    3    7    0    0
 -3.986208240570490e-03    10   3    3    8    0    0
 -4.944207209960305e-03    10   3    3    9    0    0
 +5.203260059253706e-02    10   3    3    10    0    0
 +2.438380889728679e-03    10   3    3    11    0    0
 +4.460877970910686e-02    10   3    4    1    0    0
 -8.890942369664083e-04    10   3    4    2    0    0
 -2.728541268003251e-02    10   3    4    6    0    0
 +1.780818786850757e-02    10   3    4    7    0    0
 -2.335292087847432e-03    10   3    4    8    0    0
 +2.001597762775766e-02    10   3    4    9    0    0
 -1.334163237370453e-02    10   3    4    10    0    0
 +2.865832734630336e-02    10   3    4    11    0    0
 -2.565255618640257e-02    10   3    5    1    0    0
 +5.112791700986781e-04    10   3    5    2    0    0
 +1.569064624515674e-02    10   3    5    6    0    0
 +2.786125435104838e-02    10   3    5    7    0    0
 +1.706915537141892e-03    10   3    5    8    0    0
 -1.831340086989046e-02    10   3    5    9    0    0
 -1.596880248023964e-02    10   3    5    10    0    0
 -1.345653116844842e-02    10   3    5    11    0    0
 +5.539660635187126e-03    10   3    6    3    0    0
 -2.622882961687242e-02    10   3    6    4    0    0
 +1.508305158396959e-02    10   3    6    5    0    0
 +2.761702451265219e-03    10   3    6    12    0    0
 +1.506297194762278e-02    10   3    6    13    0    0
 -7.925737091156237e-04    10   3    6    14    0    0
 +1.871516237418588e-02    10   3    7    3    0    0
 +1.719213544125233e-02    10   3    7    4    0    0
 +2.747840051364691e-02    10   3    7    5    0    0
 -1.051207757647939e-02    10   3    7    12    0    0
 +1.353545903428883e-03    10   3    7    13    0    0
 +2.033934111591951e-02    10   3    7    14    0    0
 -3.742525466073023e-03    10   3    8    3    0    0
 -3.069561970750303e-03    10   3    8    4    0    0
 +2.218625590118516e-03    10   3    8    5    0    0
 +2.102130734680352e-03    10   3    8    12    0    0
 -3.783620980432611e-03    10   3    8    13    0    0
 +5.739753576361227e-04    10   3    8    14    0    0
 -4.641960548997829e-03    10   3    9    3    0    0
 +1.868561773539755e-02    10   3    9    4    0    0
 -1.734649755769641e-02    10   3    9    5    0    0
 +2.607332409005869e-03    10   3    9    12    0    0
 +1.372580099152701e-02    10   3    9    13    0    0
 -4.235532719408988e-03    10   3    9    14    0    0
 +4.748121540494289e-02    10   3    10    3    0    0
 -1.252603875768098e-02    10   3    10    4    0    0
 -1.499260609035144e-02    10   3    10    5    0    0
 -2.449615611350896e-02    10   3    10    12    0    0
 -2.466401460007586e-03    10   3    10    13    0    0
 -1.069271937580490e-02    10   3    10    14    0    0
 +2.289319078445923e-03    10   3    11    3    0    0
 +2.889180209349486e-02    10   3    11    4    0    0
 -1.375439453307751e-02    10   3    11    5    0    0
 -1.285882498306893e-03    10   3    11    12    0    0
 +2.157940789024204e-02    10   3    11    13    0    0
 +2.883047830082547e-04    10   3    11    14    0    0
 +3.467670339214495e-03    10   3    12    1    0    0
 +4.681706976976529e-03    10   3    12    2    0    0
 +4.291224838160834e-03    10   3    12    6    0    0
 -7.031964955620923e-03    10   3    12    7    0    0
 +1.406202489551619e-03    10   3    12    8    0    0
 +1.744152856026049e-03    10   3    12    9    0    0
 -1.999448182816818e-02    10   3    12    10    0    0
 -8.601801688918533e-04    10   3    12    11    0    0
 +1.891348614303498e-02    10   3    13    1    0    0
 +2.553512628736600e-02    10   3    13    2    0    0
 +2.340534525308620e-02    10   3    13    6    0    0
 +1.367863687020354e-03    10   3    13    7    0    0
 +2.616120958212563e-04    10   3    13    8    0    0
 +9.250691443765361e-03    10   3    13    9    0    0
 -1.649878295425768e-03    10   3    13    10    0    0
 +8.439843220825837e-03    10   3    13    11    0    0
 -9.951775729795304e-04    10   3    14    1    0    0
 -1.343590748538147e-03    10   3    14    2    0    0
 -1.231527308480426e-03    10   3    14    6    0    0
 +9.943157460021610e-03    10   3    14    7    0    0
 -1.827943919147256e-05    10   3    14    8    0    0
 -2.347885583476807e-03    10   3    14    9    0    0
 -7.152803752056315e-03    10   3    14    10    0    0
 +4.597982350200202e-04    10   3    14    11    0    0
 +3.995006122018795e-02    10   4    1    3    0    0
 -1.532976145997415e-02    10   4    1    4    0    0
 -1.162837228962198e-02    10   4    1    5    0    0
 -2.434979531541000e-02    10   4    1    12    0    0
 -5.127883152889150e-03    10   4    1    13    0    0
 -1.054707544065243e-02    10   4    1    14    0    0
 -5.776507037995347e-03    10   4    2    3    0    0
 +2.216579205630394e-03    10   4    2    4    0    0
 +1.681383515314557e-03    10   4    2    5    0    0
 -2.494773191182607e-02    10   4    2    12    0    0
 -5.253804088139121e-03    10   4    2    13    0    0
 -1.080607073442998e-02    10   4    2    14    0    0
 +4.460877970910575e-02    10   4    3    1    0    0
 -8.890942369663471e-04    10   4    3    2    0    0
 -2.728541268003260e-02    10   4    3    6    0    0
 +5.928718836315879e-03    10   4    3    7    0    0
 +1.971063562433612e-02    10   4    3    8    0    0
 +2.269945000924093e-02    10   4    3    9    0    0
 -1.334163237370446e-02    10   4    3    10    0    0
 -2.124875545680919e-02    10   4    3    11    0    0
 -1.711741937495601e-02    10   4    4    1    0    0
 +3.411659995465819e-04    10   4    4    2    0    0
 +1.047004322262414e-02    10   4    4    6    0    0
 -3.933768119097365e-03    10   4    4    7    0    0
 -1.701404020987340e-02    10   4    4    8    0    0
 +9.471274803486902e-03    10   4    4    9    0    0
 +4.755994217805209e-02    10   4    4    10    0    0
 -1.528010291469271e-02    10   4    4    11    0    0
 -1.298439807098684e-02    10   4    5    1    0    0
 +2.587910624471902e-04    10   4    5    2    0    0
 +7.942038811170856e-03    10   4    5    6    0    0
 -9.643541724320420e-03    10   4    5    7    0    0
 -2.572929303969292e-02    10   4    5    8    0    0
 +1.277048485923765e-02    10   4    5    9    0    0
 -1.986312520658383e-02    10   4    5    10    0    0
 -3.082335556557680e-03    10   4    5    11    0    0
 -2.622882961687199e-02    10   4    6    3    0    0
 +1.006460789095785e-02    10   4    6    4    0    0
 +7.634496323423098e-03    10   4    6    5    0    0
 -1.307593150862494e-02    10   4    6    12    0    0
 -2.753692506358660e-03    10   4    6    13    0    0
 -5.663819111900176e-03    10   4    6    14    0    0
 +5.093699233528034e-03    10   4    7    3    0    0
 -3.693291086379060e-03    10   4    7    4    0    0
 -9.107534330062049e-03    10   4    7    5    0    0
 -2.111626270503882e-03    10   4    7    12    0    0
 +5.018182025681415e-04    10   4    7    13    0    0
 -5.576414395535023e-03    10   4    7    14    0    0
 +1.938272519319388e-02    10   4    8    3    0    0
 -1.597394689975544e-02    10   4    8    4    0    0
 -2.548248008788896e-02    10   4    8    5    0    0
 -1.227785489677176e-02    10   4    8    12    0    0
 -5.778051018011786e-04    10   4    8    13    0    0
 -1.869913361567856e-02    10   4    8    14    0    0
 +2.141855296462267e-02    10   4    9    3    0    0
 +8.892281840035609e-03    10   4    9    4    0    0
 +1.301194839572503e-02    10   4    9    5    0    0
 -1.219983168460128e-02    10   4    9    12    0    0
 +4.160925270919346e-04    10   4    9    13    0    0
 +1.022307863511308e-02    10   4    9    14    0    0
 -1.252603875768098e-02    10   4    10    3    0    0
 +4.328197717978201e-02    10   4    10    4    0    0
 -1.864886313887060e-02    10   4    10    5    0    0
 +7.035722614319938e-03    10   4    10    12    0    0
 +2.448146900186610e-02    10   4    10    13    0    0
 +6.697850990898418e-04    10   4    10    14    0    0
 -2.193518823501815e-02    10   4    11    3    0    0
 -1.434600774250320e-02    10   4    11    4    0    0
 -2.551660854458743e-03    10   4    11    5    0    0
 +1.546922390448477e-02    10   4    11    12    0    0
 -6.784019322203117e-03    10   4    11    13    0    0
 -4.438586638376952e-03    10   4    11    14    0    0
 -1.641850295251284e-02    10   4    12    1    0    0
 -2.216664570303433e-02    10   4    12    2    0    0
 -2.031781593494815e-02    10   4    12    6    0    0
 -2.656642570081678e-03    10   4    12    7    0    0
 -5.904386998233107e-03    10   4    12    8    0    0
 -7.879944653957218e-03    10   4    12    9    0    0
 +4.706486848239004e-03    10   4    12    10    0    0
 +5.121441545574753e-03    10   4    12    11    0    0
 -3.457612829811747e-03    10   4    13    1    0    0
 -4.668128318299152e-03    10   4    13    2    0    0
 -4.278778720180358e-03    10   4    13    6    0    0
 +2.719704197735291e-04    10   4    13    7    0    0
 -1.965317257905848e-03    10   4    13    8    0    0
 +1.495301184114151e-03    10   4    13    9    0    0
 +1.959456739765073e-02    10   4    13    10    0    0
 -4.130633708361246e-03    10   4    13    11    0    0
 -7.111648661503937e-03    10   4    14    1    0    0
 -9.601447628931937e-03    10   4    14    2    0    0
 -8.800629930534728e-03    10   4    14    6    0    0
 -3.604644842640752e-03    10   4    14    7    0    0
 -9.395208343753736e-03    10   4    14    8    0    0
 +4.438777409288060e-03    10   4    14    9    0    0
 +2.079827093200846e-03    10   4    14    10    0    0
 -3.772708762324027e-03    10   4    14    11    0    0
 -2.297353114754389e-02    10   5    1    3    0    0
 -1.162837228962191e-02    10   5    1    4    0    0
 +2.376741516955640e-02    10   5    1    5    0    0
 +1.400250122350770e-02    10   5    1    12    0    0
 -1.287300356996817e-02    10   5    1    13    0    0
 +9.714651231273878e-03    10   5    1    14    0    0
 +3.321816295348548e-03    10   5    2    3    0    0
 +1.681383515314500e-03    10   5    2    4    0    0
 -3.436606523459349e-03    10   5    2    5    0    0
 +1.434634838174633e-02    10   5    2    12    0    0
 -1.318911464361722e-02    10   5    2    13    0    0
 +9.953205412833259e-03    10   5    2    14    0    0
 -2.565255618640184e-02    10   5    3    1    0    0
 +5.112791700986545e-04    10   5    3    2    0    0
 +1.569064624515657e-02    10   5    3    6    0    0
 -5.328321287235450e-03    10   5    3    7    0    0
 -1.377891410826834e-02    10   5    3    8    0    0
 -1.447694052201944e-02    10   5    3    9    0    0
 -1.596880248023957e-02    10   5    3    10    0    0
 +1.470903783541221e-02    10   5    3    11    0    0
 -1.298439807098701e-02    10   5    4    1    0    0
 +2.587910624471778e-04    10   5    4    2    0    0
 +7.942038811170714e-03    10   5    4    6    0    0
 -8.298295551570719e-03    10   5    4    7    0    0
 +7.603839053736022e-03    10   5    4    8    0    0
 -1.292313697665350e-02    10   5    4    9    0    0
 -1.986312520658396e-02    10   5    4    10    0    0
 -1.168541056743694e-02    10   5    4    11    0    0
 +2.653901784305226e-02    10   5    5    1    0    0
 -5.289471707783432e-04    10   5    5    2    0    0
 -1.623285951089587e-02    10   5    5    6    0    0
 -1.599997318898126e-02    10   5    5    7    0    0
 +2.100024845044379e-02    10   5    5    8    0    0
 -4.527067593526666e-03    10   5    5    9    0    0
 +3.312396396908215e-02    10   5    5    10    0    0
 +1.284172202496376e-02    10   5    5    11    0    0
 +1.508305158396939e-02    10   5    6    3    0    0
 +7.634496323422950e-03    10   5    6    4    0    0
 -1.560426852614511e-02    10   5    6    5    0    0
 +7.519395731107005e-03    10   5    6    12    0    0
 -6.912851250321097e-03    10   5    6    13    0    0
 +5.216804186026536e-03    10   5    6    14    0    0
 -6.322938799843273e-03    10   5    7    3    0    0
 -7.737492036033961e-03    10   5    7    4    0    0
 -1.502187128780748e-02    10   5    7    5    0    0
 +5.645354116963004e-03    10   5    7    12    0    0
 +1.559045168579540e-05    10   5    7    13    0    0
 -9.452543750442109e-03    10   5    7    14    0    0
 -1.355264512753524e-02    10   5    8    3    0    0
 +8.465061771361039e-03    10   5    8    4    0    0
 +1.971647236582853e-02    10   5    8    5    0    0
 +8.589312199537531e-03    10   5    8    12    0    0
 +1.107528293809182e-03    10   5    8    13    0    0
 +1.297863009677254e-02    10   5    8    14    0    0
 -1.343932202178638e-02    10   5    9    3    0    0
 -1.315526866461234e-02    10   5    9    4    0    0
 -4.250321291037768e-03    10   5    9    5    0    0
 +7.306671169596866e-03    10   5    9    12    0    0
 -6.956209406987731e-03    10   5    9    13    0    0
 -6.204220890187148e-03    10   5    9    14    0    0
 -1.499260609035144e-02    10   5    10    3    0    0
 -1.864886313887060e-02    10   5    10    4    0    0
 +2.972849155781334e-02    10   5    10    5    0    0
 +8.421163286980532e-03    10   5    10    12    0    0
 -1.591137154917996e-02    10   5    10    13    0    0
 +8.216841431037538e-03    10   5    10    14    0    0
 +1.493033362472626e-02    10   5    11    3    0    0
 -1.131331122177198e-02    10   5    11    4    0    0
 +1.205668866405722e-02    10   5    11    5    0    0
 -1.016307198825940e-02    10   5    11    12    0    0
 -9.214375880681481e-03    10   5    11    13    0    0
 +2.920475831207560e-03    10   5    11    14    0    0
 +9.441562226817884e-03    10   5    12    1    0    0
 +1.274706746226179e-02    10   5    12    2    0    0
 +1.168388640655490e-02    10   5    12    6    0    0
 +3.006033766245620e-04    10   5    12    7    0    0
 +4.123979903150855e-03    10   5    12    8    0    0
 +5.289512356148740e-03    10   5    12    9    0    0
 +5.633265611747914e-03    10   5    12    10    0    0
 -3.848835983709769e-03    10   5    12    11    0    0
 -8.679968122256430e-03    10   5    13    1    0    0
 -1.171883810821160e-02    10   5    13    2    0    0
 -1.074141748119813e-02    10   5    13    6    0    0
 -1.152210747321817e-04    10   5    13    7    0    0
 -2.372546530248341e-03    10   5    13    8    0    0
 -2.253433003328262e-03    10   5    13    9    0    0
 -1.227555681506954e-02    10   5    13    10    0    0
 -5.360324482145113e-03    10   5    13    11    0    0
 +6.550364299052823e-03    10   5    14    1    0    0
 +8.843656761086584e-03    10   5    14    2    0    0
 +8.106043317100499e-03    10   5    14    6    0    0
 -6.386915409394564e-03    10   5    14    7    0    0
 +7.103144855883432e-03    10   5    14    8    0    0
 -2.933301212209236e-03    10   5    14    9    0    0
 +8.714483012600121e-03    10   5    14    10    0    0
 +2.361105848761775e-03    10   5    14    11    0    0
 -2.172896141437093e-02    10   6    1    10    0    0
 -4.467556232016551e-03    10   6    2    10    0    0
 +2.810579318412555e-03    10   6    3    3    0    0
 -1.330735056207202e-02    10   6    3    4    0    0
 +7.652474696948894e-03    10   6    3    5    0    0
 +3.704487681822934e-04    10   6    3    12    0    0
 +2.020514339118601e-03    10   6    3    13    0    0
 -1.063141158096256e-04    10   6    3    14    0    0
 -1.330735056207202e-02    10   6    4    3    0    0
 +5.106337851560655e-03    10   6    4    4    0    0
 +3.873406492956412e-03    10   6    4    5    0    0
 -1.753977050636387e-03    10   6    4    12    0    0
 -3.693743315706148e-04    10   6    4    13    0    0
 -7.597323934188567e-04    10   6    4    14    0    0
 +7.652474696948895e-03    10   6    5    3    0    0
 +3.873406492956412e-03    10   6    5    4    0    0
 -7.916917169973236e-03    10   6    5    5    0    0
 +1.008635410663908e-03    10   6    5    12    0    0
 -9.272748514726265e-04    10   6    5    13    0    0
 +6.997707822129842e-04    10   6    5    14    0    0
 +1.382434004898410e-02    10   6    6    10    0    0
 -1.230233357718714e-03    10   6    7    7    0    0
 +6.991764228728965e-03    10   6    7    8    0    0
 -8.891183272111733e-03    10   6    7    9    0    0
 -7.302022857098167e-04    10   6    7    10    0    0
 +6.470293887246286e-03    10   6    7    11    0    0
 +6.991764228728957e-03    10   6    8    7    0    0
 -1.634394618311966e-03    10   6    8    8    0    0
 -5.958258962568386e-07    10   6    8    9    0    0
 -9.548602859102303e-03    10   6    8    10    0    0
 -2.340033169881367e-04    10   6    8    11    0    0
 -8.891183272111735e-03    10   6    9    7    0    0
 -5.958258962567954e-07    10   6    9    8    0    0
 -1.087599455339892e-02    10   6    9    10    0    0
 -1.448191288611640e-03    10   6    9    11    0    0
 -1.385655949740466e-02    10   6    10    1    0    0
 -2.207554978696005e-03    10   6    10    2    0    0
 +1.465058190491167e-02    10   6    10    6    0    0
 -7.302022857098164e-04    10   6    10    7    0    0
 -9.548602859102306e-03    10   6    10    8    0    0
 -1.087599455339892e-02    10   6    10    9    0    0
 +1.213838259671190e-03    10   6    10    10    0    0
 -4.628978713510072e-03    10   6    10    11    0    0
 +6.470293887246264e-03    10   6    11    7    0    0
 -2.340033169881345e-04    10   6    11    8    0    0
 -1.448191288611633e-03    10   6    11    9    0    0
 -4.628978713510061e-03    10   6    11    10    0    0
 +1.650789716359460e-03    10   6    11    11    0    0
 +8.529062730186157e-05    10   6    12    3    0    0
 -4.038285878390417e-04    10   6    12    4    0    0
 +2.322241407805572e-04    10   6    12    5    0    0
 +9.466372154082189e-04    10   6    12    12    0    0
 +5.163181071058278e-03    10   6    12    13    0    0
 -2.716729199625313e-04    10   6    12    14    0    0
 +4.651950559893414e-04    10   6    13    3    0    0
 -8.504325335838847e-05    10   6    13    4    0    0
 -2.134920144326057e-04    10   6    13    5    0    0
 +5.163181071058279e-03    10   6    13    12    0    0
 -2.298293046652968e-04    10   6    13    13    0    0
 +2.540241322350546e-03    10   6    13    14    0    0
 -2.447733237967312e-05    10   6    14    3    0    0
 -1.749177159750315e-04    10   6    14    4    0    0
 +1.611123969321871e-04    10   6    14    5    0    0
 -2.716729199625319e-04    10   6    14    12    0    0
 +2.540241322350544e-03    10   6    14    13    0    0
 -7.168079107429232e-04    10   6    14    14    0    0
 +3.081314220613757e-03    10   7    1    7    0    0
 -1.751198047914320e-02    10   7    1    8    0    0
 +2.226937619806009e-02    10   7    1    9    0    0
 +1.828907233546748e-03    10   7    1    10    0    0
 -1.620587544731536e-02    10   7    1    11    0    0
 +9.903630673639956e-04    10   7    2    7    0    0
 -5.628513504698080e-03    10   7    2    8    0    0
 +7.157584764399779e-03    10   7    2    9    0    0
 +5.878278059479386e-04    10   7    2    10    0    0
 -5.208719191944371e-03    10   7    2    11    0    0
 +1.382694726251473e-02    10   7    3    3    0    0
 +8.232497655866831e-03    10   7    3    4    0    0
 +7.814932288121058e-03    10   7    3    5    0    0
 -3.113224815227766e-03    10   7    3    12    0    0
 +8.573869067500079e-04    10   7    3    13    0    0
 +2.407663646345154e-03    10   7    3    14    0    0
 +8.232497655866837e-03    10   7    4    3    0    0
 -2.728640022215963e-03    10   7    4    4    0    0
 -6.222636131678627e-03    10   7    4    5    0    0
 -1.853599027099220e-03    10   7    4    12    0    0
 +8.571272003738258e-05    10   7    4    13    0    0
 -1.527445710790393e-03    10   7    4    14    0    0
 +7.814932288121053e-03    10   7    5    3    0    0
 -6.222636131678620e-03    10   7    5    4    0    0
 -1.109830724029878e-02    10   7    5    5    0    0
 -1.759581537904756e-03    10   7    5    12    0    0
 -1.194309383925424e-04    10   7    5    13    0    0
 -2.862340738130602e-03    10   7    5    14    0    0
 -9.974071422680323e-04    10   7    6    7    0    0
 +5.668546975282782e-03    10   7    6    8    0    0
 -7.208493935868242e-03    10   7    6    9    0    0
 -5.920088010114975e-04    10   7    6    10    0    0
 +5.245766825636729e-03    10   7    6    11    0    0
 +1.763661761879039e-03    10   7    7    1    0    0
 +5.439955813640417e-04    10   7    7    2    0    0
 -1.230233357718726e-03    10   7    7    6    0    0
 -2.002751183806158e-03    10   7    7    8    0    0
 +1.651326249134349e-03    10   7    7    9    0    0
 +1.751623940907116e-02    10   7    7    10    0    0
 -1.422348730403343e-03    10   7    7    11    0    0
 -1.002338876678570e-02    10   7    8    1    0    0
 -3.091680795764439e-03    10   7    8    2    0    0
 +6.991764228729000e-03    10   7    8    6    0    0
 -2.002751183806162e-03    10   7    8    7    0    0
 -3.638907656201363e-03    10   7    8    8    0    0
 +7.765507855551346e-03    10   7    8    9    0    0
 -1.484596895861239e-03    10   7    8    10    0    0
 +7.115387436578457e-03    10   7    8    11    0    0
 +1.274639470348954e-02    10   7    9    1    0    0
 +3.931582884482636e-03    10   7    9    2    0    0
 -8.891183272111700e-03    10   7    9    6    0    0
 +1.651326249134350e-03    10   7    9    7    0    0
 +7.765507855551339e-03    10   7    9    8    0    0
 -1.383040109198943e-02    10   7    9    9    0    0
 +9.688775872171021e-04    10   7    9    10    0    0
 -6.328128706407368e-03    10   7    9    11    0    0
 +1.046817533976744e-03    10   7    10    1    0    0
 +3.228873729002699e-04    10   7    10    2    0    0
 -7.302022857098164e-04    10   7    10    6    0    0
 +1.751623940907115e-02    10   7    10    7    0    0
 -1.484596895861236e-03    10   7    10    8    0    0
 +9.688775872171000e-04    10   7    10    9    0    0
 +1.767557747781326e-03    10   7    10    11    0    0
 -9.275809215754527e-03    10   7    11    1    0    0
 -2.861092379510531e-03    10   7    11    2    0    0
 +6.470293887246230e-03    10   7    11    6    0    0
 -1.422348730403346e-03    10   7    11    7    0    0
 +7.115387436578442e-03    10   7    11    8    0    0
 -6.328128706407375e-03    10   7    11    9    0    0
 +1.767557747781325e-03    10   7    11    10    0    0
 +1.746930874819093e-02    10   7    11    11    0    0
 -3.157379212980583e-03    10   7    12    3    0    0
 -1.879888342382976e-03    10   7    12    4    0    0
 -1.784537417326962e-03    10   7    12    5    0    0
 +1.481684098646641e-02    10   7    12    12    0    0
 -4.080580817374621e-03    10   7    12    13    0    0
 -1.145884782309932e-02    10   7    12    14    0    0
 +8.695470958643728e-04    10   7    13    3    0    0
 +8.692837061126190e-05    10   7    13    4    0    0
 -1.211248093690748e-04    10   7    13    5    0    0
 -4.080580817374621e-03    10   7    13    12    0    0
 +6.209035954140578e-04    10   7    13    13    0    0
 -3.224586738359552e-04    10   7    13    14    0    0
 +2.441811176512467e-03    10   7    14    3    0    0
 -1.549109242807104e-03    10   7    14    4    0    0
 -2.902936884877523e-03    10   7    14    5    0    0
 -1.145884782309932e-02    10   7    14    12    0    0
 -3.224586738359552e-04    10   7    14    13    0    0
 -1.543774458188045e-02    10   7    14    14    0    0
 -1.751198047914321e-02    10   8    1    7    0    0
 +4.093600086440290e-03    10   8    1    8    0    0
 +1.492340291057939e-06    10   8    1    9    0    0
 +2.391598763937258e-02    10   8    1    10    0    0
 +5.860983558788982e-04    10   8    1    11    0    0
 -5.628513504698084e-03    10   8    2    7    0    0
 +1.315721165678780e-03    10   8    2    8    0    0
 +4.796520583025846e-07    10   8    2    9    0    0
 +7.686821006151935e-03    10   8    2    10    0    0
 +1.883774662194427e-04    10   8    2    11    0    0
 -2.765014869407980e-03    10   8    3    3    0    0
 +6.026163253401481e-03    10   8    3    4    0    0
 -4.186842926683098e-03    10   8    3    5    0    0
 +6.225606232875243e-04    10   8    3    12    0    0
 +1.636482008058340e-03    10   8    3    13    0    0
 -2.271201615433098e-04    10   8    3    14    0    0
 +6.026163253401483e-03    10   8    4    3    0    0
 -1.180171012899034e-02    10   8    4    4    0    0
 -6.286318571601991e-03    10   8    4    5    0    0
 -1.356828852017440e-03    10   8    4    12    0    0
 -1.729791047774915e-03    10   8    4    13    0    0
 -2.464155668700241e-03    10   8    4    14    0    0
 -4.186842926683097e-03    10   8    5    3    0    0
 -6.286318571601992e-03    10   8    5    4    0    0
 +1.456672499839840e-02    10   8    5    5    0    0
 +9.426942223282975e-04    10   8    5    12    0    0
 -2.745720478929936e-03    10   8    5    13    0    0
 +2.285041430312849e-03    10   8    5    14    0    0
 +5.668546975282736e-03    10   8    6    7    0    0
 -1.325079388687390e-03    10   8    6    8    0    0
 -4.830636405198103e-07    10   8    6    9    0    0
 -7.741494433226897e-03    10   8    6    10    0    0
 -1.897173233142771e-04    10   8    6    11    0    0
 -1.002338876678572e-02    10   8    7    1    0    0
 -3.091680795764422e-03    10   8    7    2    0    0
 +6.991764228728993e-03    10   8    7    6    0    0
 +4.005502367612408e-03    10   8    7    7    0    0
 +1.819453828100752e-03    10   8    7    8    0    0
 +1.069318592266621e-02    10   8    7    9    0    0
 -1.484596895861226e-03    10   8    7    10    0    0
 -1.197054549406703e-02    10   8    7    11    0    0
 +2.343067088899926e-03    10   8    8    1    0    0
 +7.227112197766804e-04    10   8    8    2    0    0
 -1.634394618311936e-03    10   8    8    6    0    0
 +1.819453828100761e-03    10   8    8    7    0    0
 -1.732194512189433e-03    10   8    8    9    0    0
 +1.455393967560532e-02    10   8    8    10    0    0
 +2.960044764136572e-04    10   8    8    11    0    0
 +8.541756272188706e-07    10   8    9    1    0    0
 +2.634676200153161e-07    10   8    9    2    0    0
 -5.958258962545862e-07    10   8    9    6    0    0
 +1.069318592266621e-02    10   8    9    7    0    0
 -1.732194512189433e-03    10   8    9    8    0    0
 -9.268182731171486e-07    10   8    9    9    0    0
 +4.283556556469526e-03    10   8    9    10    0    0
 +3.010253960189426e-03    10   8    9    11    0    0
 +1.368887100671338e-02    10   8    10    1    0    0
 +4.222286553165754e-03    10   8    10    2    0    0
 -9.548602859102306e-03    10   8    10    6    0    0
 -1.484596895861236e-03    10   8    10    7    0    0
 +1.455393967560532e-02    10   8    10    8    0    0
 +4.283556556469525e-03    10   8    10    9    0    0
 +9.116033001546998e-03    10   8    10    11    0    0
 +3.354670069182248e-04    10   8    11    1    0    0
 +1.034736781175389e-04    10   8    11    2    0    0
 -2.340033169880838e-04    10   8    11    6    0    0
 -1.197054549406708e-02    10   8    11    7    0    0
 +2.960044764136473e-04    10   8    11    8    0    0
 +3.010253960189433e-03    10   8    11    9    0    0
 +9.116033001547038e-03    10   8    11    10    0    0
 -4.004575549339215e-03    10   8    11    11    0    0
 +6.313903066600160e-04    10   8    12    3    0    0
 -1.376072550873187e-03    10   8    12    4    0    0
 +9.560643122262061e-04    10   8    12    5    0    0
 -2.962966797183124e-03    10   8    12    12    0    0
 -7.788545681638934e-03    10   8    12    13    0    0
 +1.080938100566199e-03    10   8    12    14    0    0
 +1.659691985425117e-03    10   8    13    3    0    0
 -1.754324413171195e-03    10   8    13    4    0    0
 -2.784662618139295e-03    10   8    13    5    0    0
 -7.788545681638935e-03    10   8    13    12    0    0
 -1.432388872130497e-03    10   8    13    13    0    0
 -1.537826750401060e-02    10   8    13    14    0    0
 -2.303413725208946e-04    10   8    14    3    0    0
 -2.499104416695685e-03    10   8    14    4    0    0
 +2.317449828094507e-03    10   8    14    5    0    0
 +1.080938100566200e-03    10   8    14    12    0    0
 -1.537826750401060e-02    10   8    14    13    0    0
 +4.395355669313747e-03    10   8    14    14    0    0
 +2.226937619806003e-02    10   9    1    7    0    0
 +1.492340291008226e-06    10   9    1    8    0    0
 +2.724065029650079e-02    10   9    1    10    0    0
 +3.627224366637923e-03    10   9    1    11    0    0
 +7.157584764399830e-03    10   9    2    7    0    0
 +4.796520582903919e-07    10   9    2    8    0    0
 +8.755398525781879e-03    10   9    2    10    0    0
 +1.165823668916626e-03    10   9    2    11    0    0
 -3.429526414058608e-03    10   9    3    3    0    0
 +1.481467919404520e-02    10   9    3    4    0    0
 -1.137243415921233e-02    10   9    3    5    0    0
 +7.721796094263099e-04    10   9    3    12    0    0
 +4.133045967309662e-03    10   9    3    13    0    0
 -7.751336548374924e-04    10   9    3    14    0    0
 +1.481467919404520e-02    10   9    4    3    0    0
 +6.569705866681609e-03    10   9    4    4    0    0
 -5.294321684030758e-05    10   9    4    5    0    0
 -3.335618920134134e-03    10   9    4    12    0    0
 +1.324672312964148e-03    10   9    4    13    0    0
 +6.583694230199832e-04    10   9    4    14    0    0
 -1.137243415921233e-02    10   9    5    3    0    0
 -5.294321684030844e-05    10   9    5    4    0    0
 -3.140179452623013e-03    10   9    5    5    0    0
 +2.560575632626305e-03    10   9    5    12    0    0
 +3.091365980410182e-04    10   9    5    13    0    0
 -6.359795054142361e-04    10   9    5    14    0    0
 -7.208493935868266e-03    10   9    6    7    0    0
 -4.830636405255375e-07    10   9    6    8    0    0
 -8.817672337339176e-03    10   9    6    10    0    0
 -1.174115728181891e-03    10   9    6    11    0    0
 +1.274639470348932e-02    10   9    7    1    0    0
 +3.931582884482740e-03    10   9    7    2    0    0
 -8.891183272111729e-03    10   9    7    6    0    0
 -3.302652498268663e-03    10   9    7    7    0    0
 -1.845869377821750e-02    10   9    7    8    0    0
 +6.915200545994658e-03    10   9    7    9    0    0
 +9.688775872171078e-04    10   9    7    10    0    0
 -1.944122565940988e-04    10   9    7    11    0    0
 +8.541756271643651e-07    10   9    8    1    0    0
 +2.634676200041881e-07    10   9    8    2    0    0
 -5.958258962544538e-07    10   9    8    6    0    0
 -1.845869377821750e-02    10   9    8    7    0    0
 +3.464389024378766e-03    10   9    8    8    0    0
 +4.634091365740629e-07    10   9    8    9    0    0
 +4.283556556469521e-03    10   9    8    10    0    0
 -3.113875158727416e-03    10   9    8    11    0    0
 +6.915200545994662e-03    10   9    9    7    0    0
 +4.634091365748471e-07    10   9    9    8    0    0
 +2.032826519702546e-02    10   9    9    10    0    0
 +1.126344253989732e-03    10   9    9    11    0    0
 +1.559181889832953e-02    10   9    10    1    0    0
 +4.809244476153376e-03    10   9    10    2    0    0
 -1.087599455339892e-02    10   9    10    6    0    0
 +9.688775872171000e-04    10   9    10    7    0    0
 +4.283556556469525e-03    10   9    10    8    0    0
 +2.032826519702546e-02    10   9    10    9    0    0
 -9.758926890382695e-04    10   9    10    11    0    0
 +2.076126113461106e-03    10   9    11    1    0    0
 +6.403741672518873e-04    10   9    11    2    0    0
 -1.448191288611623e-03    10   9    11    6    0    0
 -1.944122565941020e-04    10   9    11    7    0    0
 -3.113875158727430e-03    10   9    11    8    0    0
 +1.126344253989706e-03    10   9    11    9    0    0
 -9.758926890382684e-04    10   9    11    10    0    0
 -1.617365261101465e-04    10   9    11    11    0    0
 +7.831313163009232e-04    10   9    12    3    0    0
 -3.382927499916421e-03    10   9    12    4    0    0
 +2.596891890419885e-03    10   9    12    5    0    0
 -3.675051807983205e-03    10   9    12    12    0    0
 -1.967049876637390e-02    10   9    12    13    0    0
 +3.689111062846728e-03    10   9    12    14    0    0
 +4.191664334566201e-03    10   9    13    3    0    0
 +1.343459940479064e-03    10   9    13    4    0    0
 +3.135210357607424e-04    10   9    13    5    0    0
 -1.967049876637390e-02    10   9    13    12    0    0
 +4.957491336493924e-03    10   9    13    13    0    0
 +4.163556939120665e-03    10   9    13    14    0    0
 -7.861272584924369e-04    10   9    14    3    0    0
 +6.677069771953491e-04    10   9    14    4    0    0
 -6.449995067669544e-04    10   9    14    5    0    0
 +3.689111062846729e-03    10   9    14    12    0    0
 +4.163556939120665e-03    10   9    14    13    0    0
 -1.282439528510709e-03    10   9    14    14    0    0
 +4.836327034825043e-01    10   10    1    1    0    0
 +9.753037278391877e-02    10   10    1    2    0    0
 +4.163464384184837e-02    10   10    1    6    0    0
 +1.828907233546745e-03    10   10    1    7    0    0
 +2.391598763937263e-02    10   10    1    8    0    0
 +2.724065029650089e-02    10   10    1    9    0    0
 -3.040250101806275e-03    10   10    1    10    0    0
 +1.159401006920027e-02    10   10    1    11    0    0
 +1.157059119570902e-01    10   10    2    1    0    0
 +2.783440233430539e-01    10   10    2    2    0    0
 +6.493803100022506e-02    10   10    2    6    0    0
 +5.878278059479396e-04    10   10    2    7    0    0
 +7.686821006151970e-03    10   10    2    8    0    0
 +8.755398525781787e-03    10   10    2    9    0    0
 -9.771646774079515e-04    10   10    2    10    0    0
 +3.726422738183140e-03    10   10    2    11    0    0
 +4.106004787996562e-01    10   10    3    3    0    0
 -9.254361455584338e-03    10   10    3    4    0    0
 -1.107668582266112e-02    10   10    3    5    0    0
 -6.328621564320053e-02    10   10    3    12    0    0
 -7.304419296514373e-04    10   10    3    13    0    0
 -3.166723139249494e-03    10   10    3    14    0    0
 -9.254361455584347e-03    10   10    4    3    0    0
 +4.074980400219047e-01    10   10    4    4    0    0
 -1.377796473102940e-02    10   10    4    5    0    0
 +2.083678138465253e-03    10   10    4    12    0    0
 +5.722383046850116e-02    10   10    4    13    0    0
 +2.553967053869118e-02    10   10    4    14    0    0
 -1.107668582266112e-02    10   10    5    3    0    0
 -1.377796473102941e-02    10   10    5    4    0    0
 +3.974845906501256e-01    10   10    5    5    0    0
 +2.493986020115816e-03    10   10    5    12    0    0
 -3.005357226883291e-02    10   10    5    13    0    0
 +5.240694800206662e-02    10   10    5    14    0    0
 +4.825871638713836e-02    10   10    6    1    0    0
 +9.880819924732988e-02    10   10    6    2    0    0
 +4.732927240423658e-01    10   10    6    6    0    0
 -5.920088010114929e-04    10   10    6    7    0    0
 -7.741494433226954e-03    10   10    6    8    0    0
 -8.817672337339127e-03    10   10    6    9    0    0
 +9.841148771963675e-04    10   10    6    10    0    0
 -3.752927362352633e-03    10   10    6    11    0    0
 +1.046817533976741e-03    10   10    7    1    0    0
 +3.228873729002583e-04    10   10    7    2    0    0
 -7.302022857098125e-04    10   10    7    6    0    0
 +4.824476791494919e-01    10   10    7    7    0    0
 +2.969193791722545e-03    10   10    7    8    0    0
 -1.937755174434214e-03    10   10    7    9    0    0
 -3.535115495562603e-03    10   10    7    11    0    0
 +1.368887100671335e-02    10   10    8    1    0    0
 +4.222286553165782e-03    10   10    8    2    0    0
 -9.548602859102310e-03    10   10    8    6    0    0
 +2.969193791722530e-03    10   10    8    7    0    0
 +4.883722786164216e-01    10   10    8    8    0    0
 -8.567113112939119e-03    10   10    8    9    0    0
 -1.823206600309400e-02    10   10    8    11    0    0
 +1.559181889832987e-02    10   10    9    1    0    0
 +4.809244476153222e-03    10   10    9    2    0    0
 -1.087599455339889e-02    10   10    9    6    0    0
 -1.937755174434214e-03    10   10    9    7    0    0
 -8.567113112939111e-03    10   10    9    8    0    0
 +4.768236275735810e-01    10   10    9    9    0    0
 +1.951785378076580e-03    10   10    9    11    0    0
 -1.740157759709618e-03    10   10    10    1    0    0
 -5.367458503777087e-04    10   10    10    2    0    0
 +1.213838259671190e-03    10   10    10    6    0    0
 +5.174801579676067e-01    10   10    10    10    0    0
 +6.636100949748720e-03    10   10    11    1    0    0
 +2.046883179177631e-03    10   10    11    2    0    0
 -4.628978713510011e-03    10   10    11    6    0    0
 -3.535115495562582e-03    10   10    11    7    0    0
 -1.823206600309400e-02    10   10    11    8    0    0
 +1.951785378076596e-03    10   10    11    9    0    0
 +5.035834545003979e-01    10   10    11    11    0    0
 -8.537410853899532e-02    10   10    12    3    0    0
 +2.113230631065408e-03    10   10    12    4    0    0
 +2.529357847483797e-03    10   10    12    5    0    0
 +5.387294528455187e-01    10   10    12    12    0    0
 +3.476408728517088e-03    10   10    12    13    0    0
 +1.507145676499739e-02    10   10    12    14    0    0
 -7.408016773122500e-04    10   10    13    3    0    0
 +7.693467922360687e-02    10   10    13    4    0    0
 -4.006353764137127e-02    10   10    13    5    0    0
 +3.476408728517087e-03    10   10    13    12    0    0
 +5.451210498963458e-01    10   10    13    13    0    0
 -4.396043141799081e-03    10   10    13    14    0    0
 -3.211636295658683e-03    10   10    14    3    0    0
 +3.548561592416138e-02    10   10    14    4    0    0
 +7.204947964004338e-02    10   10    14    5    0    0
 +1.507145676499738e-02    10   10    14    12    0    0
 -4.396043141799123e-03    10   10    14    13    0    0
 +5.149584323698273e-01    10   10    14    14    0    0
 -1.620587544731528e-02    10   11    1    7    0    0
 +5.860983558788636e-04    10   11    1    8    0    0
 +3.627224366637872e-03    10   11    1    9    0    0
 +1.159401006920017e-02    10   11    1    10    0    0
 -4.134664205247723e-03    10   11    1    11    0    0
 -5.208719191944410e-03    10   11    2    7    0    0
 +1.883774662194487e-04    10   11    2    8    0    0
 +1.165823668916627e-03    10   11    2    9    0    0
 +3.726422738183152e-03    10   11    2    10    0    0
 -1.328919555634808e-03    10   11    2    11    0    0
 +1.691371601905040e-03    10   11    3    3    0    0
 +2.569807598343763e-03    10   11    3    4    0    0
 +4.343977219931388e-04    10   11    3    5    0    0
 -3.808230365568385e-04    10   11    3    12    0    0
 +4.718150178162456e-04    10   11    3    13    0    0
 +3.489192411725939e-04    10   11    3    14    0    0
 +2.569807598343764e-03    10   11    4    3    0    0
 -1.059897256124370e-02    10   11    4    4    0    0
 -5.121789324112641e-03    10   11    4    5    0    0
 -5.786084689289416e-04    10   11    4    12    0    0
 -1.606851369667361e-03    10   11    4    13    0    0
 -2.107827065890720e-03    10   11    4    14    0    0
 +4.343977219931388e-04    10   11    5    3    0    0
 -5.121789324112640e-03    10   11    5    4    0    0
 +8.907600959338667e-03    10   11    5    5    0    0
 -9.780740044144345e-05    10   11    5    12    0    0
 -1.935592648858311e-03    10   11    5    13    0    0
 +1.267202299652535e-03    10   11    5    14    0    0
 +5.245766825636759e-03    10   11    6    7    0    0
 -1.897173233143006e-04    10   11    6    8    0    0
 -1.174115728181920e-03    10   11    6    9    0    0
 -3.752927362352680e-03    10   11    6    10    0    0
 +1.338371653759029e-03    10   11    6    11    0    0
 -9.275809215754435e-03    10   11    7    1    0    0
 -2.861092379510584e-03    10   11    7    2    0    0
 +6.470293887246279e-03    10   11    7    6    0    0
 +2.844697460806666e-03    10   11    7    7    0    0
 +4.855158057488637e-03    10   11    7    8    0    0
 +6.522540963001449e-03    10   11    7    9    0    0
 +1.767557747781326e-03    10   11    7    10    0    0
 -8.734654374095445e-03    10   11    7    11    0    0
 +3.354670069181793e-04    10   11    8    1    0    0
 +1.034736781175523e-04    10   11    8    2    0    0
 -2.340033169881180e-04    10   11    8    6    0    0
 +4.855158057488641e-03    10   11    8    7    0    0
 -5.920089528273150e-04    10   11    8    8    0    0
 +1.036211985380334e-04    10   11    8    9    0    0
 +9.116033001547038e-03    10   11    8    10    0    0
 +2.002287774669618e-03    10   11    8    11    0    0
 +2.076126113461075e-03    10   11    9    1    0    0
 +6.403741672518960e-04    10   11    9    2    0    0
 -1.448191288611661e-03    10   11    9    6    0    0
 +6.522540963001444e-03    10   11    9    7    0    0
 +1.036211985380327e-04    10   11    9    8    0    0
 -2.252688507979385e-03    10   11    9    9    0    0
 -9.758926890382697e-04    10   11    9    10    0    0
 +8.086826305506974e-05    10   11    9    11    0    0
 +6.636100949748612e-03    10   11    10    1    0    0
 +2.046883179177639e-03    10   11    10    2    0    0
 -4.628978713510072e-03    10   11    10    6    0    0
 +1.767557747781326e-03    10   11    10    7    0    0
 +9.116033001546998e-03    10   11    10    8    0    0
 -9.758926890382695e-04    10   11    10    9    0    0
 +6.948351733604664e-03    10   11    10    11    0    0
 -2.366571091069339e-03    10   11    11    1    0    0
 -7.299609507630177e-04    10   11    11    2    0    0
 +1.650789716359453e-03    10   11    11    6    0    0
 -8.734654374095445e-03    10   11    11    7    0    0
 +2.002287774669616e-03    10   11    11    8    0    0
 +8.086826305507392e-05    10   11    11    9    0    0
 +6.948351733604665e-03    10   11    11    10    0    0
 -3.862241922162068e-04    10   11    12    3    0    0
 -5.868147855287771e-04    10   11    12    4    0    0
 -9.919458804226362e-05    10   11    12    5    0    0
 +1.812459655674849e-03    10   11    12    12    0    0
 -2.245519841617514e-03    10   11    12    13    0    0
 -1.660619203690427e-03    10   11    12    14    0    0
 +4.785066990146279e-04    10   11    13    3    0    0
 -1.629641100161208e-03    10   11    13    4    0    0
 -1.963044867306225e-03    10   11    13    5    0    0
 -2.245519841617514e-03    10   11    13    12    0    0
 -2.654335339213617e-03    10   11    13    13    0    0
 -1.167484864734584e-02    10   11    13    14    0    0
 +3.538679101164404e-04    10   11    14    3    0    0
 -2.137722059084308e-03    10   11    14    4    0    0
 +1.285174838641199e-03    10   11    14    5    0    0
 -1.660619203690427e-03    10   11    14    12    0    0
 -1.167484864734584e-02    10   11    14    13    0    0
 +8.418756835386871e-04    10   11    14    14    0    0
 +6.278625296406820e-03    10   12    1    3    0    0
 -2.972763206496943e-02    10   12    1    4    0    0
 +1.709505969022627e-02    10   12    1    5    0    0
 -8.612813130214197e-03    10   12    1    12    0    0
 -4.697629989468796e-02    10   12    1    13    0    0
 +2.471768544582475e-03    10   12    1    14    0    0
 -2.338445195594082e-05    10   12    2    3    0    0
 +1.107192022089523e-04    10   12    2    4    0    0
 -6.366976577487022e-05    10   12    2    5    0    0
 -6.227049084854560e-03    10   12    2    12    0    0
 -3.396378405597650e-02    10   12    2    13    0    0
 +1.787084407940900e-03    10   12    2    14    0    0
 +6.163258070644815e-03    10   12    3    1    0    0
 +2.968367671141405e-04    10   12    3    2    0    0
 -2.582146697317868e-03    10   12    3    6    0    0
 -1.408285169757342e-02    10   12    3    7    0    0
 +2.816188823763340e-03    10   12    3    8    0    0
 +3.492998921969912e-03    10   12    3    9    0    0
 -3.357113809411612e-02    10   12    3    10    0    0
 -1.722674931992363e-03    10   12    3    11    0    0
 -2.918139872918327e-02    10   12    4    1    0    0
 -1.405443672705442e-03    10   12    4    2    0    0
 +1.222578244947490e-02    10   12    4    6    0    0
 -1.368080481428011e-02    10   12    4    7    0    0
 +3.690521437478454e-03    10   12    4    8    0    0
 -1.389255517086500e-02    10   12    4    9    0    0
 +9.425638028435889e-03    10   12    4    10    0    0
 -2.486626383502991e-02    10   12    4    11    0    0
 +1.678094481354691e-02    10   12    5    1    0    0
 +8.082091242128325e-04    10   12    5    2    0    0
 -7.030512227705413e-03    10   12    5    6    0    0
 -2.275569242694195e-02    10   12    5    7    0    0
 -2.639349813652886e-03    10   12    5    8    0    0
 +1.329322973847785e-02    10   12    5    9    0    0
 +1.128168935481868e-02    10   12    5    10    0    0
 +1.211395249461354e-02    10   12    5    11    0    0
 -2.304819992947163e-03    10   12    6    3    0    0
 +1.091271376960989e-02    10   12    6    4    0    0
 -6.275423917590304e-03    10   12    6    5    0    0
 -5.528875796881970e-03    10   12    6    12    0    0
 -3.015578343429748e-02    10   12    6    13    0    0
 +1.586717495784858e-03    10   12    6    14    0    0
 -1.051207757647938e-02    10   12    7    3    0    0
 -1.040605422159909e-02    10   12    7    4    0    0
 -1.752811795600333e-02    10   12    7    5    0    0
 +1.074894581880775e-02    10   12    7    12    0    0
 -1.824288236069747e-03    10   12    7    13    0    0
 -1.731063676613032e-02    10   12    7    14    0    0
 +2.102130734680379e-03    10   12    8    3    0    0
 +3.114950836231532e-03    10   12    8    4    0    0
 -2.223132187388912e-03    10   12    8    5    0    0
 -2.149497966195277e-03    10   12    8    12    0    0
 +1.210178835967861e-03    10   12    8    13    0    0
 -2.039645797212746e-04    10   12    8    14    0    0
 +2.607332409005882e-03    10   12    9    3    0    0
 -1.032619000359276e-02    10   12    9    4    0    0
 +9.985346778449349e-03    10   12    9    5    0    0
 -2.666083330542882e-03    10   12    9    12    0    0
 -1.410071140688044e-02    10   12    9    13    0    0
 +3.868815422256396e-03    10   12    9    14    0    0
 -2.449615611350896e-02    10   12    10    3    0    0
 +7.035722614319938e-03    10   12    10    4    0    0
 +8.421163286980532e-03    10   12    10    5    0    0
 +2.848307419168149e-02    10   12    10    12    0    0
 +2.521976789856306e-03    10   12    10    13    0    0
 +1.093365801289443e-02    10   12    10    14    0    0
 -1.285882498306892e-03    10   12    11    3    0    0
 -1.937666873920283e-02    10   12    11    4    0    0
 +9.502561397462981e-03    10   12    11    5    0    0
 +1.314857239503269e-03    10   12    11    12    0    0
 -1.635768300708562e-02    10   12    11    13    0    0
 -5.489379234936981e-04    10   12    11    14    0    0
 -4.375846237660068e-03    10   12    12    1    0    0
 -4.154677905210305e-03    10   12    12    2    0    0
 -3.150027638036214e-03    10   12    12    6    0    0
 +1.192445244544217e-02    10   12    12    7    0    0
 -2.384567446104437e-03    10   12    12    8    0    0
 -2.957646677780998e-03    10   12    12    9    0    0
 +3.202393798676530e-02    10   12    12    10    0    0
 +1.458650261085911e-03    10   12    12    11    0    0
 -2.386689018391028e-02    10   12    13    1    0    0
 -2.266058630209024e-02    10   12    13    2    0    0
 -1.718098846030180e-02    10   12    13    6    0    0
 -2.078384933920395e-03    10   12    13    7    0    0
 +1.012833005904746e-03    10   12    13    8    0    0
 -1.565090583145511e-02    10   12    13    9    0    0
 +2.797780620173037e-03    10   12    13    10    0    0
 -1.743874642416527e-02    10   12    13    11    0    0
 +1.255812580936536e-03    10   12    14    1    0    0
 +1.192340064008322e-03    10   12    14    2    0    0
 +9.040181311898534e-04    10   12    14    6    0    0
 -1.877132531033369e-02    10   12    14    7    0    0
 -1.787832925077835e-04    10   12    14    8    0    0
 +4.234600180184261e-03    10   12    14    9    0    0
 +1.212936479792849e-02    10   12    14    10    0    0
 -6.404840384679661e-04    10   12    14    11    0    0
 +3.424509279270149e-02    10   13    1    3    0    0
 -6.260414991857116e-03    10   13    1    4    0    0
 -1.571610392375137e-02    10   13    1    5    0    0
 -4.697629989468818e-02    10   13    1    12    0    0
 +2.091061729571828e-03    10   13    1    13    0    0
 -2.311194136353564e-02    10   13    1    14    0    0
 -1.275442775023222e-04    10   13    2    3    0    0
 +2.331662851187507e-05    10   13    2    4    0    0
 +5.853390826651642e-05    10   13    2    5    0    0
 -3.396378405597607e-02    10   13    2    12    0    0
 +1.511834035249899e-03    10   13    2    13    0    0
 -1.670989386872248e-02    10   13    2    14    0    0
 +3.361585292490474e-02    10   13    3    1    0    0
 +1.619017245690114e-03    10   13    3    2    0    0
 -1.408363281443514e-02    10   13    3    6    0    0
 +5.846911651625299e-03    10   13    3    7    0    0
 +1.929064528476582e-02    10   13    3    8    0    0
 +1.898951362895524e-02    10   13    3    9    0    0
 -3.304196124435194e-03    10   13    3    10    0    0
 -2.338796309500156e-02    10   13    3    11    0    0
 -6.145382373149474e-03    10   13    4    1    0    0
 -2.959758321680557e-04    10   13    4    2    0    0
 +2.574657529621092e-03    10   13    4    6    0    0
 +1.164920319354455e-04    10   13    4    7    0    0
 -1.454558066237720e-02    10   13    4    8    0    0
 +1.117269141104375e-02    10   13    4    9    0    0
 +3.346993492844768e-02    10   13    4    10    0    0
 -5.534095234674719e-03    10   13    4    11    0    0
 -1.542732680712555e-02    10   13    5    1    0    0
 -7.430157494866819e-04    10   13    5    2    0    0
 +6.463403042166352e-03    10   13    5    6    0    0
 -1.075131356234597e-03    10   13    5    7    0    0
 -2.567389484998875e-02    10   13    5    8    0    0
 +1.161434839788262e-02    10   13    5    9    0    0
 -2.165722926347019e-02    10   13    5    10    0    0
 -5.335126196410217e-03    10   13    5    11    0    0
 -1.257102802011752e-02    10   13    6    3    0    0
 +2.298135173894873e-03    10   13    6    4    0    0
 +5.769223169827972e-03    10   13    6    5    0    0
 -3.015578343429733e-02    10   13    6    12    0    0
 +1.342328042142066e-03    10   13    6    13    0    0
 -1.483638984056672e-02    10   13    6    14    0    0
 +4.436538791212426e-03    10   13    7    3    0    0
 +7.701488260915866e-05    10   13    7    4    0    0
 -8.221286003436891e-04    10   13    7    5    0    0
 -4.096264215736860e-03    10   13    7    12    0    0
 +4.504373848584722e-04    10   13    7    13    0    0
 -5.800217983570590e-04    10   13    7    14    0    0
 +1.483507202699859e-02    10   13    8    3    0    0
 -1.110377831380524e-02    10   13    8    4    0    0
 -1.964986197730027e-02    10   13    8    5    0    0
 -1.251065180665216e-02    10   13    8    12    0    0
 -1.039133131823289e-03    10   13    8    13    0    0
 -1.973187939606406e-02    10   13    8    14    0    0
 +1.418538590573908e-02    10   13    9    3    0    0
 +8.529652765173130e-03    10   13    9    4    0    0
 +9.043863266381891e-03    10   13    9    5    0    0
 -1.443939719815955e-02    10   13    9    12    0    0
 +3.596435017548937e-03    10   13    9    13    0    0
 +9.630692250006073e-03    10   13    9    14    0    0
 -2.466401460007586e-03    10   13    10    3    0    0
 +2.448146900186610e-02    10   13    10    4    0    0
 -1.591137154917996e-02    10   13    10    5    0    0
 +2.521976789856306e-03    10   13    10    12    0    0
 +3.311988783216922e-02    10   13    10    13    0    0
 -3.189129828112481e-03    10   13    10    14    0    0
 -1.839315802818730e-02    10   13    11    3    0    0
 -4.067330807857597e-03    10   13    11    4    0    0
 -3.857021971306301e-03    10   13    11    5    0    0
 +1.309963749864670e-02    10   13    11    12    0    0
 -1.925599847647255e-03    10   13    11    13    0    0
 -6.256252295720992e-03    10   13    11    14    0    0
 -2.386689018391024e-02    10   13    12    1    0    0
 -2.266058630209015e-02    10   13    12    2    0    0
 -1.718098846030189e-02    10   13    12    6    0    0
 -4.489640187090371e-03    10   13    12    7    0    0
 -1.354912771065157e-02    10   13    12    8    0    0
 -1.601035412699367e-02    10   13    12    9    0    0
 +2.797780620173029e-03    10   13    12    10    0    0
 +1.382440047942268e-02    10   13    12    11    0    0
 +1.062389774830085e-03    10   13    13    1    0    0
 +1.008693423964594e-03    10   13    13    2    0    0
 +7.647794212420307e-04    10   13    13    6    0    0
 +4.996972973848564e-04    10   13    13    7    0    0
 -1.152772915947616e-03    10   13    13    8    0    0
 +3.989741790757464e-03    10   13    13    9    0    0
 +3.716783439171596e-02    10   13    13    10    0    0
 -2.136183789487847e-03    10   13    13    11    0    0
 -1.174230766784714e-02    10   13    14    1    0    0
 -1.114881638297092e-02    10   13    14    2    0    0
 -8.452900691460914e-03    10   13    14    6    0    0
 -6.268208990433109e-04    10   13    14    7    0    0
 -2.147764122765877e-02    10   13    14    8    0    0
 +1.036623887990329e-02    10   13    14    9    0    0
 -3.537893633357843e-03    10   13    14    10    0    0
 -7.046802782197433e-03    10   13    14    11    0    0
 -1.801886128985669e-03    10   14    1    3    0    0
 -1.287647694774554e-02    10   14    1    4    0    0
 +1.186020554596026e-02    10   14    1    5    0    0
 +2.471768544582502e-03    10   14    1    12    0    0
 -2.311194136353580e-02    10   14    1    13    0    0
 +6.521751400642305e-03    10   14    1    14    0    0
 +6.711042246375966e-06    10   14    2    3    0    0
 +4.795784782994227e-05    10   14    2    4    0    0
 -4.417279160393130e-05    10   14    2    5    0    0
 +1.787084407940933e-03    10   14    2    12    0    0
 -1.670989386872261e-02    10   14    2    13    0    0
 +4.715215049604704e-03    10   14    2    14    0    0
 -1.768777192868862e-03    10   14    3    1    0    0
 -8.518840159835696e-05    10   14    3    2    0    0
 +7.410434764383775e-04    10   14    3    6    0    0
 -4.700376352758388e-03    10   14    3    7    0    0
 -2.739661782112606e-03    10   14    3    8    0    0
 -1.439906734632872e-03    10   14    3    9    0    0
 -1.432485444648538e-02    10   14    3    10    0    0
 +2.714686362102265e-03    10   14    3    11    0    0
 -1.263987683977299e-02    10   14    4    1    0    0
 -6.087657104136382e-04    10   14    4    2    0    0
 +5.295578387634902e-03    10   14    4    6    0    0
 -6.374609986310922e-03    10   14    4    7    0    0
 +2.106720134265094e-03    10   14    4    8    0    0
 -7.237779206841177e-03    10   14    4    9    0    0
 +1.238334896420660e-03    10   14    4    10    0    0
 -1.295551568570790e-02    10   14    4    11    0    0
 +1.164227901806453e-02    10   14    5    1    0    0
 +5.607190914206004e-04    10   14    5    2    0    0
 -4.877626731051768e-03    10   14    5    6    0    0
 -1.321919752213296e-02    10   14    5    7    0    0
 +3.615745208775573e-03    10   14    5    8    0    0
 +2.303570024838982e-03    10   14    5    9    0    0
 +1.168048975647285e-02    10   14    5    10    0    0
 +7.466852013953971e-03    10   14    5    11    0    0
 +6.614542163357154e-04    10   14    6    3    0    0
 +4.726824759692514e-03    10   14    6    4    0    0
 -4.353761782604880e-03    10   14    6    5    0    0
 +1.586717495784874e-03    10   14    6    12    0    0
 -1.483638984056677e-02    10   14    6    13    0    0
 +4.186547754739937e-03    10   14    6    14    0    0
 -4.079964726104984e-03    10   14    7    3    0    0
 -4.738695343505522e-03    10   14    7    4    0    0
 -9.877347070400942e-03    10   14    7    5    0    0
 +6.848884694506285e-04    10   14    7    12    0    0
 +1.121635258639202e-04    10   14    7    13    0    0
 -1.119938320366636e-02    10   14    7    14    0    0
 -2.107757785199862e-03    10   14    8    3    0    0
 +2.058256655430844e-03    10   14    8    4    0    0
 +2.452656884768527e-03    10   14    8    5    0    0
 +1.772307668114162e-03    10   14    8    12    0    0
 -2.580591168845621e-03    10   14    8    13    0    0
 +3.188631098018502e-03    10   14    8    14    0    0
 -9.990812872224634e-04    10   14    9    3    0    0
 -5.776994038256536e-03    10   14    9    4    0    0
 +1.909339347894068e-03    10   14    9    5    0    0
 +1.483749941753927e-03    10   14    9    12    0    0
 -3.589748975659485e-03    10   14    9    13    0    0
 -9.303516870059959e-04    10   14    9    14    0    0
 -1.069271937580490e-02    10   14    10    3    0    0
 +6.697850990898418e-04    10   14    10    4    0    0
 +8.216841431037538e-03    10   14    10    5    0    0
 +1.093365801289443e-02    10   14    10    12    0    0
 -3.189129828112481e-03    10   14    10    13    0    0
 +1.123827745097507e-02    10   14    10    14    0    0
 +2.068008267814097e-03    10   14    11    3    0    0
 -9.795940547752180e-03    10   14    11    4    0    0
 +5.637164345553025e-03    10   14    11    5    0    0
 -1.860469839260037e-03    10   14    11    12    0    0
 -1.068289359478639e-02    10   14    11    13    0    0
 +6.107426081440096e-04    10   14    11    14    0    0
 +1.255812580936481e-03    10   14    12    1    0    0
 +1.192340064008267e-03    10   14    12    2    0    0
 +9.040181311898539e-04    10   14    12    6    0    0
 +3.273822227466210e-04    10   14    12    7    0    0
 +1.918640660004854e-03    10   14    12    8    0    0
 +1.703322684082302e-03    10   14    12    9    0    0
 +1.212936479792849e-02    10   14    12    10    0    0
 -2.032416985776190e-03    10   14    12    11    0    0
 -1.174230766784717e-02    10   14    13    1    0    0
 -1.114881638297091e-02    10   14    13    2    0    0
 -8.452900691460834e-03    10   14    13    6    0    0
 +1.077975626534751e-04    10   14    13    7    0    0
 -3.274925086896043e-03    10   14    13    8    0    0
 -3.664656974585742e-03    10   14    13    9    0    0
 -3.537893633357846e-03    10   14    13    10    0    0
 -1.174481111582165e-02    10   14    13    11    0    0
 +3.313456462830016e-03    10   14    14    1    0    0
 +3.145984481245755e-03    10   14    14    2    0    0
 +2.385248216794207e-03    10   14    14    6    0    0
 -1.242414974282706e-02    10   14    14    7    0    0
 +3.537340362052115e-03    10   14    14    8    0    0
 -1.032095112976479e-03    10   14    14    9    0    0
 +1.289324720720400e-02    10   14    14    10    0    0
 +6.775335284019810e-04    10   14    14    11    0    0
 +3.885962879459263e-02    11   1    1    11    0    0
 +1.243289354702981e-02    11   1    2    11    0    0
 -1.993428239851016e-02    11   1    3    3    0    0
 -4.354591784009772e-03    11   1    3    4    0    0
 -2.412274997849257e-03    11   1    3    5    0    0
 +4.077183857870862e-03    11   1    3    12    0    0
 -5.712115114333462e-04    11   1    3    13    0    0
 -8.428549482975665e-04    11   1    3    14    0    0
 -4.354591784009774e-03    11   1    4    3    0    0
 +1.547211830942750e-02    11   1    4    4    0    0
 -8.600802709772435e-03    11   1    4    5    0    0
 +8.906501360043351e-04    11   1    4    12    0    0
 +3.617988947517347e-03    11   1    4    13    0    0
 -1.377190671318411e-04    11   1    4    14    0    0
 -2.412274997849255e-03    11   1    5    3    0    0
 -8.600802709772442e-03    11   1    5    4    0    0
 +4.462164089082755e-03    11   1    5    5    0    0
 +4.933856401428078e-04    11   1    5    12    0    0
 -1.981702538413524e-03    11   1    5    13    0    0
 +1.837643133594805e-05    11   1    5    14    0    0
 -9.938437083609013e-03    11   1    6    11    0    0
 +1.056538206771386e-02    11   1    7    7    0    0
 -4.038449090736737e-03    11   1    7    8    0    0
 -4.008794419603752e-03    11   1    7    9    0    0
 -9.275809215754523e-03    11   1    7    10    0    0
 +2.909099183310991e-03    11   1    7    11    0    0
 -4.038449090736730e-03    11   1    8    7    0    0
 -1.554660910403091e-02    11   1    8    8    0    0
 -6.231700788595111e-03    11   1    8    9    0    0
 +3.354670069182256e-04    11   1    8    10    0    0
 -7.960843198866295e-03    11   1    8    11    0    0
 -4.008794419603752e-03    11   1    9    7    0    0
 -6.231700788595106e-03    11   1    9    8    0    0
 +2.076126113461094e-03    11   1    9    10    0    0
 +1.996183029925897e-02    11   1    9    11    0    0
 -9.275809215754527e-03    11   1    10    7    0    0
 +3.354670069182248e-04    11   1    10    8    0    0
 +2.076126113461106e-03    11   1    10    9    0    0
 +6.636100949748720e-03    11   1    10    10    0    0
 -2.366571091069339e-03    11   1    10    11    0    0
 +1.802720203207103e-02    11   1    11    1    0    0
 +5.271866876327317e-03    11   1    11    2    0    0
 -1.385655949740462e-02    11   1    11    6    0    0
 +2.909099183310990e-03    11   1    11    7    0    0
 -7.960843198866290e-03    11   1    11    8    0    0
 +1.996183029925896e-02    11   1    11    9    0    0
 -2.366571091069338e-03    11   1    11    10    0    0
 -1.654873913431582e-03    11   1    11    11    0    0
 +3.697770887074616e-03    11   1    12    3    0    0
 +8.077683661795296e-04    11   1    12    4    0    0
 +4.474723534232414e-04    11   1    12    5    0    0
 -2.299478366447256e-02    11   1    12    12    0    0
 +3.221558210260675e-03    11   1    12    13    0    0
 +4.753591663328571e-03    11   1    12    14    0    0
 -5.180559354130136e-04    11   1    13    3    0    0
 +3.281307555964285e-03    11   1    13    4    0    0
 -1.797290043528693e-03    11   1    13    5    0    0
 +3.221558210260675e-03    11   1    13    12    0    0
 +2.325363363882257e-02    11   1    13    13    0    0
 -7.396135428431890e-04    11   1    13    14    0    0
 -7.644208842397072e-04    11   1    14    3    0    0
 -1.249032603845026e-04    11   1    14    4    0    0
 +1.666636462106071e-05    11   1    14    5    0    0
 +4.753591663328571e-03    11   1    14    12    0    0
 -7.396135428431894e-04    11   1    14    13    0    0
 -2.588499743500047e-04    11   1    14    14    0    0
 +1.299517276404506e-02    11   2    1    11    0    0
 +5.492719931806373e-03    11   2    2    11    0    0
 -3.860350780454402e-03    11   2    3    3    0    0
 -8.432835181073843e-04    11   2    3    4    0    0
 -4.671463704815197e-04    11   2    3    5    0    0
 +3.887633943922350e-03    11   2    3    12    0    0
 -5.446556590085325e-04    11   2    3    13    0    0
 -8.036702834676349e-04    11   2    3    14    0    0
 -8.432835181073852e-04    11   2    4    3    0    0
 +2.996235469983358e-03    11   2    4    4    0    0
 -1.665578664406100e-03    11   2    4    5    0    0
 +8.492434537151029e-04    11   2    4    12    0    0
 +3.449787189251137e-03    11   2    4    13    0    0
 -1.313164524266900e-04    11   2    4    14    0    0
 -4.671463704815194e-04    11   2    5    3    0    0
 -1.665578664406101e-03    11   2    5    4    0    0
 +8.641153104710729e-04    11   2    5    5    0    0
 +4.704479437100485e-04    11   2    5    12    0    0
 -1.889572392037422e-03    11   2    5    13    0    0
 +1.752210366765690e-05    11   2    5    14    0    0
 -5.923441480728917e-04    11   2    6    11    0    0
 +3.258856819652029e-03    11   2    7    7    0    0
 -1.245646137150317e-03    11   2    7    8    0    0
 -1.236499252860041e-03    11   2    7    9    0    0
 -2.861092379510531e-03    11   2    7    10    0    0
 +8.973019292456911e-04    11   2    7    11    0    0
 -1.245646137150314e-03    11   2    8    7    0    0
 -4.795299666062965e-03    11   2    8    8    0    0
 -1.922147299812585e-03    11   2    8    9    0    0
 +1.034736781175398e-04    11   2    8    10    0    0
 -2.455495502437632e-03    11   2    8    11    0    0
 -1.236499252860042e-03    11   2    9    7    0    0
 -1.922147299812584e-03    11   2    9    8    0    0
 +6.403741672518831e-04    11   2    9    10    0    0
 +6.157159900754367e-03    11   2    9    11    0    0
 -2.861092379510531e-03    11   2    10    7    0    0
 +1.034736781175389e-04    11   2    10    8    0    0
 +6.403741672518873e-04    11   2    10    9    0    0
 +2.046883179177631e-03    11   2    10    10    0    0
 -7.299609507630177e-04    11   2    10    11    0    0
 +5.271866876327317e-03    11   2    11    1    0    0
 +2.649741616086317e-03    11   2    11    2    0    0
 -2.207554978695592e-03    11   2    11    6    0    0
 +8.973019292456904e-04    11   2    11    7    0    0
 -2.455495502437632e-03    11   2    11    8    0    0
 +6.157159900754366e-03    11   2    11    9    0    0
 -7.299609507630173e-04    11   2    11    10    0    0
 -5.104403327666768e-04    11   2    11    11    0    0
 +3.096884370338132e-03    11   2    12    3    0    0
 +6.765062802617656e-04    11   2    12    4    0    0
 +3.747582475482300e-04    11   2    12    5    0    0
 -9.772811896645776e-03    11   2    12    12    0    0
 +1.369166279725185e-03    11   2    12    13    0    0
 +2.020282418701222e-03    11   2    12    14    0    0
 -4.338720213709088e-04    11   2    13    3    0    0
 +2.748096189479558e-03    11   2    13    4    0    0
 -1.505231020186770e-03    11   2    13    5    0    0
 +1.369166279725186e-03    11   2    13    12    0    0
 +9.882823460385019e-03    11   2    13    13    0    0
 -3.143366833055595e-04    11   2    13    14    0    0
 -6.402027494556314e-04    11   2    14    3    0    0
 -1.046065228759886e-04    11   2    14    4    0    0
 +1.395808601493801e-05    11   2    14    5    0    0
 +2.020282418701222e-03    11   2    14    12    0    0
 -3.143366833055596e-04    11   2    14    13    0    0
 -1.100115637392405e-04    11   2    14    14    0    0
 -5.007065680059469e-02    11   3    1    3    0    0
 -1.093780384791500e-02    11   3    1    4    0    0
 -6.059119215397320e-03    11   3    1    5    0    0
 +3.051835734826154e-02    11   3    1    12    0    0
 -4.275607290485716e-03    11   3    1    13    0    0
 -6.308900800546103e-03    11   3    1    14    0    0
 +7.239876299852279e-03    11   3    2    3    0    0
 +1.581532017171616e-03    11   3    2    4    0    0
 +8.761074131748451e-04    11   3    2    5    0    0
 +3.126776991968797e-02    11   3    2    12    0    0
 -4.380599633861594e-03    11   3    2    13    0    0
 -6.463822951757152e-03    11   3    2    14    0    0
 -5.590957387517762e-02    11   3    3    1    0    0
 +1.114329516472291e-03    11   3    3    2    0    0
 +3.419765808203892e-02    11   3    3    6    0    0
 -4.976266219209511e-03    11   3    3    7    0    0
 +9.951184327975130e-04    11   3    3    8    0    0
 -2.933987467153531e-02    11   3    3    9    0    0
 +2.438380889728938e-03    11   3    3    10    0    0
 +6.119145739657483e-02    11   3    3    11    0    0
 -1.221329999130233e-02    11   3    4    1    0    0
 +2.434223645528790e-04    11   3    4    2    0    0
 +7.470388847684508e-03    11   3    4    6    0    0
 -1.807813295322776e-02    11   3    4    7    0    0
 +2.369515002864307e-02    11   3    4    8    0    0
 +2.951536396096248e-03    11   3    4    9    0    0
 -2.124875545680988e-02    11   3    4    10    0    0
 +4.956217177601319e-03    11   3    4    11    0    0
 -6.765694621120685e-03    11   3    5    1    0    0
 +1.348465511932704e-04    11   3    5    2    0    0
 +4.138305755238331e-03    11   3    5    6    0    0
 +1.462485013665271e-02    11   3    5    7    0    0
 +3.346604000100936e-02    11   3    5    8    0    0
 +9.832263759263176e-03    11   3    5    9    0    0
 +1.470903783541233e-02    11   3    5    10    0    0
 +9.224010918235917e-03    11   3    5    11    0    0
 +3.287340959978376e-02    11   3    6    3    0    0
 +7.181110234813807e-03    11   3    6    4    0    0
 +3.978056620565681e-03    11   3    6    5    0    0
 +1.638847248087810e-02    11   3    6    12    0    0
 -2.296017168275277e-03    11   3    6    13    0    0
 -3.387903417424032e-03    11   3    6    14    0    0
 -4.672059743844431e-03    11   3    7    3    0    0
 -1.813631857638982e-02    11   3    7    4    0    0
 +1.454191578302148e-02    11   3    7    5    0    0
 +2.624238758247754e-03    11   3    7    12    0    0
 -1.500680565106851e-02    11   3    7    13    0    0
 +2.990501939126748e-03    11   3    7    14    0    0
 +9.342853789220772e-04    11   3    8    3    0    0
 +2.315011749127432e-02    11   3    8    4    0    0
 +3.243915862085980e-02    11   3    8    5    0    0
 -5.247766589162564e-04    11   3    8    12    0    0
 +3.903667910438412e-03    11   3    8    13    0    0
 +2.422076692905198e-02    11   3    8    14    0    0
 -2.754628496626074e-02    11   3    9    3    0    0
 +3.065574812070852e-03    11   3    9    4    0    0
 +9.652196037622253e-03    11   3    9    5    0    0
 +1.547241101731217e-02    11   3    9    12    0    0
 -8.017128969997964e-04    11   3    9    13    0    0
 +6.420753065732308e-03    11   3    9    14    0    0
 +2.289319078445923e-03    11   3    10    3    0    0
 -2.193518823501815e-02    11   3    10    4    0    0
 +1.493033362472626e-02    11   3    10    5    0    0
 -1.285882498306892e-03    11   3    10    12    0    0
 -1.839315802818730e-02    11   3    10    13    0    0
 +2.068008267814097e-03    11   3    10    14    0    0
 +5.608017781748406e-02    11   3    11    3    0    0
 +4.653236329647170e-03    11   3    11    4    0    0
 +8.660133559879712e-03    11   3    11    5    0    0
 -2.932608802382765e-02    11   3    11    12    0    0
 +1.311130259090308e-04    11   3    11    13    0    0
 +5.520451573327111e-03    11   3    11    14    0    0
 +2.057782144522370e-02    11   3    12    1    0    0
 +2.778214789959088e-02    11   3    12    2    0    0
 +2.546495193109568e-02    11   3    12    6    0    0
 +1.755462214669137e-03    11   3    12    7    0    0
 -3.510448860541590e-04    11   3    12    8    0    0
 +1.035013785439908e-02    11   3    12    9    0    0
 -8.601801688917516e-04    11   3    12    10    0    0
 -2.322542373135420e-02    11   3    12    11    0    0
 -2.882942957561513e-03    11   3    13    1    0    0
 -3.892265653400742e-03    11   3    13    2    0    0
 -3.567627604788729e-03    11   3    13    6    0    0
 -6.341623974719472e-03    11   3    13    7    0    0
 +1.703204657142690e-03    11   3    13    8    0    0
 -7.264456994790111e-04    11   3    13    9    0    0
 -6.308428454637445e-03    11   3    13    10    0    0
 +8.770694438937323e-05    11   3    13    11    0    0
 -4.253945673018668e-03    11   3    14    1    0    0
 -5.743258496008594e-03    11   3    14    2    0    0
 -5.264236662236911e-03    11   3    14    6    0    0
 +1.481153392324077e-03    11   3    14    7    0    0
 +1.273422489097622e-02    11   3    14    8    0    0
 +2.956072806416264e-03    11   3    14    9    0    0
 +1.116437354691466e-03    11   3    14    10    0    0
 +3.692859163225349e-03    11   3    14    11    0    0
 -1.093780384791480e-02    11   4    1    3    0    0
 +3.886265431392980e-02    11   4    1    4    0    0
 -2.160337814431861e-02    11   4    1    5    0    0
 +6.666655238121234e-03    11   4    1    12    0    0
 +2.708121179505825e-02    11   4    1    13    0    0
 -1.030848706095044e-03    11   4    1    14    0    0
 +1.581532017171590e-03    11   4    2    3    0    0
 -5.619275397909814e-03    11   4    2    4    0    0
 +3.123701493405188e-03    11   4    2    5    0    0
 +6.830362451710782e-03    11   4    2    12    0    0
 +2.774622139361253e-02    11   4    2    13    0    0
 -1.056162354885831e-03    11   4    2    14    0    0
 -1.221329999130212e-02    11   4    3    1    0    0
 +2.434223645528516e-04    11   4    3    2    0    0
 +7.470388847684471e-03    11   4    3    6    0    0
 +1.116449708971006e-02    11   4    3    7    0    0
 +9.841687001830982e-04    11   4    3    8    0    0
 -4.450571066367179e-03    11   4    3    9    0    0
 +2.865832734630342e-02    11   4    3    10    0    0
 +4.956217177601078e-03    11   4    3    11    0    0
 +4.339456642247111e-02    11   4    4    1    0    0
 -8.648938431732049e-04    11   4    4    2    0    0
 -2.654272680466279e-02    11   4    4    6    0    0
 +1.981042184585138e-02    11   4    4    7    0    0
 -6.472155641710078e-03    11   4    4    8    0    0
 +1.816545305205018e-02    11   4    4    9    0    0
 -1.528010291469282e-02    11   4    4    10    0    0
 +5.010990830875740e-02    11   4    4    11    0    0
 -2.412262477649052e-02    11   4    5    1    0    0
 +4.807862221100511e-04    11   4    5    2    0    0
 +1.475484817661933e-02    11   4    5    6    0    0
 +2.719327958379405e-02    11   4    5    7    0    0
 +8.325907049040225e-03    11   4    5    8    0    0
 -1.754796482886016e-02    11   4    5    9    0    0
 -1.168541056743701e-02    11   4    5    10    0    0
 -1.985357835071340e-02    11   4    5    11    0    0
 +7.181110234813669e-03    11   4    6    3    0    0
 -2.551490303960703e-02    11   4    6    4    0    0
 +1.418349076796523e-02    11   4    6    5    0    0
 +3.580018893634027e-03    11   4    6    12    0    0
 +1.454271241362993e-02    11   4    6    13    0    0
 -5.535696256191078e-04    11   4    6    14    0    0
 +1.164532344496972e-02    11   4    7    3    0    0
 +1.859938161212009e-02    11   4    7    4    0    0
 +2.685697098064318e-02    11   4    7    5    0    0
 -8.385870734545105e-03    11   4    7    12    0    0
 +1.543872937487196e-03    11   4    7    13    0    0
 +2.005464662142090e-02    11   4    7    14    0    0
 +2.051817394750109e-05    11   4    8    3    0    0
 -6.076503245104242e-03    11   4    8    4    0    0
 +7.763415602039709e-03    11   4    8    5    0    0
 +1.421247009348100e-03    11   4    8    12    0    0
 -4.977866662326557e-03    11   4    8    13    0    0
 +2.269822974308329e-03    11   4    8    14    0    0
 -4.472971287477395e-03    11   4    9    3    0    0
 +1.705497218086172e-02    11   4    9    4    0    0
 -1.673039982720113e-02    11   4    9    5    0    0
 +2.979391311706101e-03    11   4    9    12    0    0
 +1.297694180481142e-02    11   4    9    13    0    0
 -4.409604342595442e-03    11   4    9    14    0    0
 +2.889180209349486e-02    11   4    10    3    0    0
 -1.434600774250320e-02    11   4    10    4    0    0
 -1.131331122177198e-02    11   4    10    5    0    0
 -1.937666873920283e-02    11   4    10    12    0    0
 -4.067330807857597e-03    11   4    10    13    0    0
 -9.795940547752180e-03    11   4    10    14    0    0
 +4.653236329647170e-03    11   4    11    3    0    0
 +4.567606012925202e-02    11   4    11    4    0    0
 -1.863989989634567e-02    11   4    11    5    0    0
 -2.613665876947613e-03    11   4    11    12    0    0
 +2.567852941417852e-02    11   4    11    13    0    0
 +1.282453558436790e-03    11   4    11    14    0    0
 +4.495171203398394e-03    11   4    12    1    0    0
 +6.068937449925382e-03    11   4    12    2    0    0
 +5.562752059118190e-03    11   4    12    6    0    0
 -2.547196118974122e-03    11   4    12    7    0    0
 -1.427696921391758e-03    11   4    12    8    0    0
 +1.217846108241735e-03    11   4    12    9    0    0
 -7.735293559493987e-03    11   4    12    10    0    0
 -1.748389575579284e-03    11   4    12    11    0    0
 +1.826023381532860e-02    11   4    13    1    0    0
 +2.465316933033835e-02    11   4    13    2    0    0
 +2.259694873899470e-02    11   4    13    6    0    0
 +2.611560126251518e-03    11   4    13    7    0    0
 -3.393618200310800e-03    11   4    13    8    0    0
 +8.377012702618019e-03    11   4    13    9    0    0
 -3.128284738596744e-03    11   4    13    10    0    0
 +2.039533078698976e-02    11   4    13    11    0    0
 -6.950774043633818e-04    11   4    14    1    0    0
 -9.384250563691001e-04    11   4    14    2    0    0
 -8.601548389182191e-04    11   4    14    6    0    0
 +1.030196724882402e-02    11   4    14    7    0    0
 +1.644028962970680e-03    11   4    14    8    0    0
 -2.350664412497231e-03    11   4    14    9    0    0
 -5.749357223628852e-03    11   4    14    10    0    0
 +2.489666452185563e-03    11   4    14    11    0    0
 -6.059119215397165e-03    11   5    1    3    0    0
 -2.160337814431841e-02    11   5    1    4    0    0
 +1.120800248666602e-02    11   5    1    5    0    0
 +3.693068500531662e-03    11   5    1    12    0    0
 -1.483335270949531e-02    11   5    1    13    0    0
 +1.375504558652655e-04    11   5    1    14    0    0
 +8.761074131748201e-04    11   5    2    3    0    0
 +3.123701493405163e-03    11   5    2    4    0    0
 -1.620600901942504e-03    11   5    2    5    0    0
 +3.783755949068116e-03    11   5    2    12    0    0
 -1.519760235996166e-02    11   5    2    13    0    0
 +1.409281619342235e-04    11   5    2    14    0    0
 -6.765694621120539e-03    11   5    3    1    0    0
 +1.348465511932550e-04    11   5    3    2    0    0
 +4.138305755238322e-03    11   5    3    6    0    0
 -5.763906618479502e-03    11   5    3    7    0    0
 +7.852735576595918e-03    11   5    3    8    0    0
 -7.502531193822274e-04    11   5    3    9    0    0
 -1.345653116844856e-02    11   5    3    10    0    0
 +9.224010918235862e-03    11   5    3    11    0    0
 -2.412262477649043e-02    11   5    4    1    0    0
 +4.807862221100667e-04    11   5    4    2    0    0
 +1.475484817661915e-02    11   5    4    6    0    0
 -6.139852509635383e-03    11   5    4    7    0    0
 +9.671153221790251e-03    11   5    4    8    0    0
 -1.113380000074152e-02    11   5    4    9    0    0
 -3.082335556557627e-03    11   5    4    10    0    0
 -1.985357835071354e-02    11   5    4    11    0    0
 +1.251500745270803e-02    11   5    5    1    0    0
 -2.494356732991521e-04    11   5    5    2    0    0
 -7.654931277376171e-03    11   5    5    6    0    0
 -1.483415562664203e-02    11   5    5    7    0    0
 +5.477037208912278e-03    11   5    5    8    0    0
 +1.117442161948498e-02    11   5    5    9    0    0
 +1.284172202496382e-02    11   5    5    10    0    0
 +2.141514103433808e-02    11   5    5    11    0    0
 +3.978056620565544e-03    11   5    6    3    0    0
 +1.418349076796530e-02    11   5    6    4    0    0
 -7.358506560177281e-03    11   5    6    5    0    0
 +1.983191650857590e-03    11   5    6    12    0    0
 -7.965566098615011e-03    11   5    6    13    0    0
 +7.386511124945027e-05    11   5    6    14    0    0
 -6.222654778871939e-03    11   5    7    3    0    0
 -7.090570878607262e-03    11   5    7    4    0    0
 -1.392732186827556e-02    11   5    7    5    0    0
 +4.781458217281430e-03    11   5    7    12    0    0
 -1.889605234447700e-03    11   5    7    13    0    0
 -9.729335812211573e-03    11   5    7    14    0    0
 +6.353739414997010e-03    11   5    8    3    0    0
 +9.133457896067865e-03    11   5    8    4    0    0
 +5.142217866182026e-03    11   5    8    5    0    0
 -1.952946438449321e-03    11   5    8    12    0    0
 +3.344882190257157e-03    11   5    8    13    0    0
 +4.934631321132230e-03    11   5    8    14    0    0
 -1.125382070162390e-03    11   5    9    3    0    0
 -1.019800652001441e-02    11   5    9    4    0    0
 +1.049131278539880e-02    11   5    9    5    0    0
 +1.299734500993058e-03    11   5    9    12    0    0
 -7.413030910086998e-03    11   5    9    13    0    0
 +2.848089373054790e-03    11   5    9    14    0    0
 -1.375439453307751e-02    11   5    10    3    0    0
 -2.551660854458743e-03    11   5    10    4    0    0
 +1.205668866405722e-02    11   5    10    5    0    0
 +9.502561397462981e-03    11   5    10    12    0    0
 -3.857021971306301e-03    11   5    10    13    0    0
 +5.637164345553025e-03    11   5    10    14    0    0
 +8.660133559879712e-03    11   5    11    3    0    0
 -1.863989989634567e-02    11   5    11    4    0    0
 +1.873544619580104e-02    11   5    11    5    0    0
 -4.864290994861769e-03    11   5    11    12    0    0
 -1.311427508253357e-02    11   5    11    13    0    0
 +2.712053481004705e-03    11   5    11    14    0    0
 +2.490150545184961e-03    11   5    12    1    0    0
 +3.361956022542554e-03    11   5    12    2    0    0
 +3.081548943512892e-03    11   5    12    6    0    0
 +1.063284874276446e-03    11   5    12    7    0    0
 -3.988783359244855e-03    11   5    12    8    0    0
 -2.388172886407977e-04    11   5    12    9    0    0
 +3.406993037488705e-03    11   5    12    10    0    0
 -3.253926120783645e-03    11   5    12    11    0    0
 -1.000178613831672e-02    11   5    13    1    0    0
 -1.350342661367028e-02    11   5    13    2    0    0
 -1.237716071719757e-02    11   5    13    6    0    0
 +1.849382807458238e-03    11   5    13    7    0    0
 +2.111880339079178e-03    11   5    13    8    0    0
 -5.557986962561860e-03    11   5    13    9    0    0
 -3.383676020840230e-03    11   5    13    10    0    0
 -1.040446290543578e-02    11   5    13    11    0    0
 +9.274708622767226e-05    11   5    14    1    0    0
 +1.252179815872019e-04    11   5    14    2    0    0
 +1.147740589946886e-04    11   5    14    6    0    0
 -4.929557059056620e-03    11   5    14    7    0    0
 +3.237263082215857e-03    11   5    14    8    0    0
 +1.601402950637784e-03    11   5    14    9    0    0
 +3.363454818526284e-03    11   5    14    10    0    0
 +5.032101897056737e-03    11   5    14    11    0    0
 -2.172896141437095e-02    11   6    1    11    0    0
 -4.467556232016119e-03    11   6    2    11    0    0
 +1.667851719291030e-02    11   6    3    3    0    0
 +3.643378401378542e-03    11   6    3    4    0    0
 +2.018290361365757e-03    11   6    3    5    0    0
 +2.198314101560585e-03    11   6    3    12    0    0
 -3.079827558262721e-04    11   6    3    13    0    0
 -4.544460056260324e-04    11   6    3    14    0    0
 +3.643378401378544e-03    11   6    4    3    0    0
 -1.294513572526770e-02    11   6    4    4    0    0
 +7.196077240206681e-03    11   6    4    5    0    0
 +4.802159583152318e-04    11   6    4    12    0    0
 +1.950727855272989e-03    11   6    4    13    0    0
 -7.425462718483754e-05    11   6    4    14    0    0
 +2.018290361365756e-03    11   6    5    3    0    0
 +7.196077240206686e-03    11   6    5    4    0    0
 -3.733381467642629e-03    11   6    5    5    0    0
 +2.660210204009866e-04    11   6    5    12    0    0
 -1.068483734645294e-03    11   6    5    13    0    0
 +9.908105582185112e-06    11   6    5    14    0    0
 +1.382434004898357e-02    11   6    6    11    0    0
 -7.369828919404680e-03    11   6    7    7    0    0
 +2.816999774140226e-03    11   6    7    8    0    0
 +2.796314308010402e-03    11   6    7    9    0    0
 +6.470293887246230e-03    11   6    7    10    0    0
 -2.029227448016154e-03    11   6    7    11    0    0
 +2.816999774140224e-03    11   6    8    7    0    0
 +1.084445868963821e-02    11   6    8    8    0    0
 +4.346891422810972e-03    11   6    8    9    0    0
 -2.340033169880853e-04    11   6    8    10    0    0
 +5.553045981095055e-03    11   6    8    11    0    0
 +2.796314308010401e-03    11   6    9    7    0    0
 +4.346891422810968e-03    11   6    9    8    0    0
 -1.448191288611620e-03    11   6    9    10    0    0
 -1.392427394303988e-02    11   6    9    11    0    0
 +6.470293887246230e-03    11   6    10    7    0    0
 -2.340033169880838e-04    11   6    10    8    0    0
 -1.448191288611623e-03    11   6    10    9    0    0
 -4.628978713510011e-03    11   6    10    10    0    0
 +1.650789716359453e-03    11   6    10    11    0    0
 -1.385655949740462e-02    11   6    11    1    0    0
 -2.207554978695592e-03    11   6    11    2    0    0
 +1.465058190491111e-02    11   6    11    6    0    0
 -2.029227448016153e-03    11   6    11    7    0    0
 +5.553045981095052e-03    11   6    11    8    0    0
 -1.392427394303988e-02    11   6    11    9    0    0
 +1.650789716359453e-03    11   6    11    10    0    0
 +1.154348943276450e-03    11   6    11    11    0    0
 +5.061309547568973e-04    11   6    12    3    0    0
 +1.105629815588791e-04    11   6    12    4    0    0
 +6.124760467364982e-05    11   6    12    5    0    0
 +5.617526952255601e-03    11   6    12    12    0    0
 -7.870128433675324e-04    11   6    12    13    0    0
 -1.161282040240317e-03    11   6    12    14    0    0
 -7.090870505915434e-05    11   6    13    3    0    0
 +4.491276979752025e-04    11   6    13    4    0    0
 -2.460033770308572e-04    11   6    13    5    0    0
 -7.870128433675329e-04    11   6    13    12    0    0
 -5.680762889967403e-03    11   6    13    13    0    0
 +1.806844139871609e-04    11   6    13    14    0    0
 -1.046298117951258e-04    11   6    14    3    0    0
 -1.709608527993670e-05    11   6    14    4    0    0
 +2.281202187838333e-06    11   6    14    5    0    0
 -1.161282040240316e-03    11   6    14    12    0    0
 +1.806844139871607e-04    11   6    14    13    0    0
 +6.323593771178536e-05    11   6    14    14    0    0
 +1.845890335388272e-02    11   7    1    7    0    0
 -7.055621934703527e-03    11   7    1    8    0    0
 -7.003811909763042e-03    11   7    1    9    0    0
 -1.620587544731527e-02    11   7    1    10    0    0
 +5.082521420185351e-03    11   7    1    11    0    0
 +5.932863329363927e-03    11   7    2    7    0    0
 -2.267742554351320e-03    11   7    2    8    0    0
 -2.251090330155212e-03    11   7    2    9    0    0
 -5.208719191944404e-03    11   7    2    10    0    0
 +1.633569685935939e-03    11   7    2    11    0    0
 -3.451763997226083e-03    11   7    3    3    0    0
 -2.397805735502989e-03    11   7    3    4    0    0
 +3.073176199799701e-03    11   7    3    5    0    0
 +7.771865422244577e-04    11   7    3    12    0    0
 -7.944553389902396e-04    11   7    3    13    0    0
 +3.729616629082721e-04    11   7    3    14    0    0
 -2.397805735502990e-03    11   7    4    3    0    0
 +1.374140728914475e-02    11   7    4    4    0    0
 +7.301806052123554e-03    11   7    4    5    0    0
 +5.398811593142521e-04    11   7    4    12    0    0
 +2.015898749831950e-03    11   7    4    13    0    0
 +2.865600263846915e-03    11   7    4    14    0    0
 +3.073176199799700e-03    11   7    5    3    0    0
 +7.301806052123553e-03    11   7    5    4    0    0
 -1.028964329191862e-02    11   7    5    5    0    0
 -6.919451000382170e-04    11   7    5    12    0    0
 +2.514102958863186e-03    11   7    5    13    0    0
 -1.322740350904141e-03    11   7    5    14    0    0
 -5.975061524212473e-03    11   7    6    7    0    0
 +2.283872142521897e-03    11   7    6    8    0    0
 +2.267101477404048e-03    11   7    6    9    0    0
 +5.245766825636763e-03    11   7    6    10    0    0
 -1.645188644283527e-03    11   7    6    11    0    0
 +1.056538206771365e-02    11   7    7    1    0    0
 +3.258856819652124e-03    11   7    7    2    0    0
 -7.369828919404854e-03    11   7    7    6    0    0
 -5.735197738068857e-03    11   7    7    8    0    0
 -8.741400544589634e-03    11   7    7    9    0    0
 -1.422348730403346e-03    11   7    7    10    0    0
 +1.182890894574756e-02    11   7    7    11    0    0
 -4.038449090736670e-03    11   7    8    1    0    0
 -1.245646137150349e-03    11   7    8    2    0    0
 +2.816999774140298e-03    11   7    8    6    0    0
 -5.735197738068862e-03    11   7    8    7    0    0
 -8.146034648325099e-04    11   7    8    8    0    0
 +1.570457986079315e-03    11   7    8    9    0    0
 -1.197054549406708e-02    11   7    8    10    0    0
 +9.337456007316690e-04    11   7    8    11    0    0
 -4.008794419603783e-03    11   7    9    1    0    0
 -1.236499252860023e-03    11   7    9    2    0    0
 +2.796314308010408e-03    11   7    9    6    0    0
 -8.741400544589628e-03    11   7    9    7    0    0
 +1.570457986079314e-03    11   7    9    8    0    0
 +4.349718960395270e-03    11   7    9    9    0    0
 -1.944122565941042e-04    11   7    9    10    0    0
 +1.072498785755185e-03    11   7    9    11    0    0
 -9.275809215754419e-03    11   7    10    1    0    0
 -2.861092379510591e-03    11   7    10    2    0    0
 +6.470293887246264e-03    11   7    10    6    0    0
 -1.422348730403346e-03    11   7    10    7    0    0
 -1.197054549406708e-02    11   7    10    8    0    0
 -1.944122565941020e-04    11   7    10    9    0    0
 -3.535115495562582e-03    11   7    10    10    0    0
 -8.734654374095445e-03    11   7    10    11    0    0
 +2.909099183310990e-03    11   7    11    1    0    0
 +8.973019292456904e-04    11   7    11    2    0    0
 -2.029227448016153e-03    11   7    11    6    0    0
 +1.182890894574757e-02    11   7    11    7    0    0
 +9.337456007316649e-04    11   7    11    8    0    0
 +1.072498785755185e-03    11   7    11    9    0    0
 -8.734654374095442e-03    11   7    11    10    0    0
 +7.882092616713951e-04    11   7    12    3    0    0
 +5.475382123259716e-04    11   7    12    4    0    0
 -7.017588529739990e-04    11   7    12    5    0    0
 -3.698881416027496e-03    11   7    12    12    0    0
 +3.781069189443123e-03    11   7    12    13    0    0
 -1.775044842996839e-03    11   7    12    14    0    0
 -8.057229791757521e-04    11   7    13    3    0    0
 +2.044489937591345e-03    11   7    13    4    0    0
 +2.549760101737709e-03    11   7    13    5    0    0
 +3.781069189443125e-03    11   7    13    12    0    0
 +3.145400429667870e-03    11   7    13    13    0    0
 +1.501095348875114e-02    11   7    13    14    0    0
 +3.782513218914787e-04    11   7    14    3    0    0
 +2.906242639955257e-03    11   7    14    4    0    0
 -1.341500577692711e-03    11   7    14    5    0    0
 -1.775044842996839e-03    11   7    14    12    0    0
 +1.501095348875114e-02    11   7    14    13    0    0
 +5.534809863598517e-04    11   7    14    14    0    0
 -7.055621934703515e-03    11   8    1    7    0    0
 -2.716166373280951e-02    11   8    1    8    0    0
 -1.088747778828630e-02    11   8    1    9    0    0
 +5.860983558788762e-04    11   8    1    10    0    0
 -1.390848284344972e-02    11   8    1    11    0    0
 -2.267742554351324e-03    11   8    2    7    0    0
 -8.730011509107526e-03    11   8    2    8    0    0
 -3.499336687615325e-03    11   8    2    9    0    0
 +1.883774662194653e-04    11   8    2    10    0    0
 -4.470315827924426e-03    11   8    2    11    0    0
 +6.902592883891786e-04    11   8    3    3    0    0
 +8.559347521982176e-03    11   8    3    4    0    0
 +1.433028858039052e-02    11   8    3    5    0    0
 -1.554162538380195e-04    11   8    3    12    0    0
 +2.595559282957570e-04    11   8    3    13    0    0
 +3.749314114566287e-03    11   8    3    14    0    0
 +8.559347521982182e-03    11   8    4    3    0    0
 -4.489380761475111e-03    11   8    4    4    0    0
 +6.241788718915102e-03    11   8    4    5    0    0
 -1.927191346121298e-03    11   8    4    12    0    0
 -1.537134027135374e-03    11   8    4    13    0    0
 +7.962720042138860e-04    11   8    4    14    0    0
 +1.433028858039051e-02    11   8    5    3    0    0
 +6.241788718915100e-03    11   8    5    4    0    0
 +3.799121473085928e-03    11   8    5    5    0    0
 -3.226555303266122e-03    11   8    5    12    0    0
 +8.665619428665628e-04    11   8    5    13    0    0
 +1.398521125567085e-03    11   8    5    14    0    0
 +2.283872142521892e-03    11   8    6    7    0    0
 +8.792104752494470e-03    11   8    6    8    0    0
 +3.524226135287896e-03    11   8    6    9    0    0
 -1.897173233143129e-04    11   8    6    10    0    0
 +4.502111480018345e-03    11   8    6    11    0    0
 -4.038449090736656e-03    11   8    7    1    0    0
 -1.245646137150352e-03    11   8    7    2    0    0
 +2.816999774140303e-03    11   8    7    6    0    0
 +1.147039547613769e-02    11   8    7    7    0    0
 +4.073017324162814e-04    11   8    7    8    0    0
 +1.813062775244483e-03    11   8    7    9    0    0
 +7.115387436578443e-03    11   8    7    10    0    0
 +9.337456007316779e-04    11   8    7    11    0    0
 -1.554660910403059e-02    11   8    8    1    0    0
 -4.795299666063081e-03    11   8    8    2    0    0
 +1.084445868963844e-02    11   8    8    6    0    0
 +4.073017324162782e-04    11   8    8    7    0    0
 +9.717293233627928e-03    11   8    8    9    0    0
 +2.960044764136481e-04    11   8    8    10    0    0
 +1.787044247128775e-02    11   8    8    11    0    0
 -6.231700788595128e-03    11   8    9    1    0    0
 -1.922147299812573e-03    11   8    9    2    0    0
 +4.346891422810994e-03    11   8    9    6    0    0
 +1.813062775244481e-03    11   8    9    7    0    0
 +9.717293233627919e-03    11   8    9    8    0    0
 +6.761670526956423e-03    11   8    9    9    0    0
 -3.113875158727429e-03    11   8    9    10    0    0
 -2.238984406531896e-03    11   8    9    11    0    0
 +3.354670069181889e-04    11   8    10    1    0    0
 +1.034736781175696e-04    11   8    10    2    0    0
 -2.340033169881345e-04    11   8    10    6    0    0
 +7.115387436578442e-03    11   8    10    7    0    0
 +2.960044764136473e-04    11   8    10    8    0    0
 -3.113875158727430e-03    11   8    10    9    0    0
 -1.823206600309400e-02    11   8    10    10    0    0
 +2.002287774669616e-03    11   8    10    11    0    0
 -7.960843198866290e-03    11   8    11    1    0    0
 -2.455495502437632e-03    11   8    11    2    0    0
 +5.553045981095052e-03    11   8    11    6    0    0
 +9.337456007316649e-04    11   8    11    7    0    0
 +1.787044247128771e-02    11   8    11    8    0    0
 -2.238984406531894e-03    11   8    11    9    0    0
 +2.002287774669613e-03    11   8    11    10    0    0
 -1.576204991130403e-04    11   8    12    3    0    0
 -1.954524410160287e-03    11   8    12    4    0    0
 -3.272317050228579e-03    11   8    12    5    0    0
 +7.396760775404041e-04    11   8    12    12    0    0
 -1.235310375865563e-03    11   8    12    13    0    0
 -1.784419511630328e-02    11   8    12    14    0    0
 +2.632371708584743e-04    11   8    13    3    0    0
 -1.558934967080853e-03    11   8    13    4    0    0
 +8.788522601335981e-04    11   8    13    5    0    0
 -1.235310375865561e-03    11   8    13    12    0    0
 -8.390022250071865e-03    11   8    13    13    0    0
 +3.696696989448163e-04    11   8    13    14    0    0
 +3.802490070862446e-03    11   8    14    3    0    0
 +8.075654098880828e-04    11   8    14    4    0    0
 +1.418356139646935e-03    11   8    14    5    0    0
 -1.784419511630328e-02    11   8    14    12    0    0
 +3.696696989448165e-04    11   8    14    13    0    0
 +7.650346172531646e-03    11   8    14    14    0    0
 -7.003811909763070e-03    11   9    1    7    0    0
 -1.088747778828631e-02    11   9    1    8    0    0
 +3.627224366637901e-03    11   9    1    10    0    0
 +3.487554864547972e-02    11   9    1    11    0    0
 -2.251090330155234e-03    11   9    2    7    0    0
 -3.499336687615332e-03    11   9    2    8    0    0
 +1.165823668916620e-03    11   9    2    10    0    0
 +1.120932591083145e-02    11   9    2    11    0    0
 -2.035146807125971e-02    11   9    3    3    0    0
 -5.198992253932152e-04    11   9    3    4    0    0
 +3.149847291946597e-03    11   9    3    5    0    0
 +4.582262029560978e-03    11   9    3    12    0    0
 -4.251551815495027e-04    11   9    3    13    0    0
 +5.795876921978272e-04    11   9    3    14    0    0
 -5.198992253932153e-04    11   9    4    3    0    0
 +1.260038230999799e-02    11   9    4    4    0    0
 -9.947486614919464e-03    11   9    4    5    0    0
 +1.170586058644998e-04    11   9    4    12    0    0
 +3.543282673499677e-03    11   9    4    13    0    0
 -7.144704775895816e-04    11   9    4    14    0    0
 +3.149847291946597e-03    11   9    5    3    0    0
 -9.947486614919471e-03    11   9    5    4    0    0
 +7.751085761261790e-03    11   9    5    5    0    0
 -7.092080823980036e-04    11   9    5    12    0    0
 -2.786885099579310e-03    11   9    5    13    0    0
 +5.435526476405946e-04    11   9    5    14    0    0
 +2.267101477404042e-03    11   9    6    7    0    0
 +3.524226135287863e-03    11   9    6    8    0    0
 -1.174115728181889e-03    11   9    6    10    0    0
 -1.128905357227347e-02    11   9    6    11    0    0
 -4.008794419603771e-03    11   9    7    1    0    0
 -1.236499252860052e-03    11   9    7    2    0    0
 +2.796314308010405e-03    11   9    7    6    0    0
 +1.748280108917942e-02    11   9    7    7    0    0
 -3.383520761323821e-03    11   9    7    8    0    0
 -2.174859480197604e-03    11   9    7    9    0    0
 -6.328128706407370e-03    11   9    7    10    0    0
 +1.072498785755184e-03    11   9    7    11    0    0
 -6.231700788595100e-03    11   9    8    1    0    0
 -1.922147299812580e-03    11   9    8    2    0    0
 +4.346891422810964e-03    11   9    8    6    0    0
 -3.383520761323817e-03    11   9    8    7    0    0
 -1.943458646725602e-02    11   9    8    8    0    0
 -3.380835263478215e-03    11   9    8    9    0    0
 +3.010253960189435e-03    11   9    8    10    0    0
 -2.238984406531903e-03    11   9    8    11    0    0
 -2.174859480197606e-03    11   9    9    7    0    0
 -3.380835263478215e-03    11   9    9    8    0    0
 +1.126344253989699e-03    11   9    9    10    0    0
 +2.269909286466687e-02    11   9    9    11    0    0
 +2.076126113461101e-03    11   9    10    1    0    0
 +6.403741672518820e-04    11   9    10    2    0    0
 -1.448191288611633e-03    11   9    10    6    0    0
 -6.328128706407375e-03    11   9    10    7    0    0
 +3.010253960189433e-03    11   9    10    8    0    0
 +1.126344253989706e-03    11   9    10    9    0    0
 +1.951785378076596e-03    11   9    10    10    0    0
 +8.086826305507392e-05    11   9    10    11    0    0
 +1.996183029925896e-02    11   9    11    1    0    0
 +6.157159900754366e-03    11   9    11    2    0    0
 -1.392427394303988e-02    11   9    11    6    0    0
 +1.072498785755185e-03    11   9    11    7    0    0
 -2.238984406531894e-03    11   9    11    8    0    0
 +2.269909286466687e-02    11   9    11    9    0    0
 +8.086826305507288e-05    11   9    11    10    0    0
 +4.647251560439327e-03    11   9    12    3    0    0
 +1.187188304067256e-04    11   9    12    4    0    0
 -7.192666736075151e-04    11   9    12    5    0    0
 -2.180846288974423e-02    11   9    12    12    0    0
 +2.023450631890886e-03    11   9    12    13    0    0
 -2.758444758310768e-03    11   9    12    14    0    0
 -4.311850933313128e-04    11   9    13    3    0    0
 +3.593536516958371e-03    11   9    13    4    0    0
 -2.826411070391344e-03    11   9    13    5    0    0
 +2.023450631890886e-03    11   9    13    12    0    0
 +2.103910964019523e-02    11   9    13    13    0    0
 -4.202743803089934e-03    11   9    13    14    0    0
 +5.878078969735163e-04    11   9    14    3    0    0
 -7.246037045559572e-04    11   9    14    4    0    0
 +5.512617728171955e-04    11   9    14    5    0    0
 -2.758444758310768e-03    11   9    14    12    0    0
 -4.202743803089934e-03    11   9    14    13    0    0
 +7.693532495491827e-04    11   9    14    14    0    0
 -1.620587544731528e-02    11   10    1    7    0    0
 +5.860983558788636e-04    11   10    1    8    0    0
 +3.627224366637871e-03    11   10    1    9    0    0
 +1.159401006920017e-02    11   10    1    10    0    0
 -4.134664205247723e-03    11   10    1    11    0    0
 -5.208719191944411e-03    11   10    2    7    0    0
 +1.883774662194489e-04    11   10    2    8    0    0
 +1.165823668916627e-03    11   10    2    9    0    0
 +3.726422738183152e-03    11   10    2    10    0    0
 -1.328919555634808e-03    11   10    2    11    0    0
 +1.691371601905043e-03    11   10    3    3    0    0
 +2.569807598343766e-03    11   10    3    4    0    0
 +4.343977219931375e-04    11   10    3    5    0    0
 -3.808230365568491e-04    11   10    3    12    0    0
 +4.718150178162449e-04    11   10    3    13    0    0
 +3.489192411725944e-04    11   10    3    14    0    0
 +2.569807598343766e-03    11   10    4    3    0    0
 -1.059897256124370e-02    11   10    4    4    0    0
 -5.121789324112641e-03    11   10    4    5    0    0
 -5.786084689289410e-04    11   10    4    12    0    0
 -1.606851369667352e-03    11   10    4    13    0    0
 -2.107827065890717e-03    11   10    4    14    0    0
 +4.343977219931368e-04    11   10    5    3    0    0
 -5.121789324112639e-03    11   10    5    4    0    0
 +8.907600959338667e-03    11   10    5    5    0    0
 -9.780740044144395e-05    11   10    5    12    0    0
 -1.935592648858317e-03    11   10    5    13    0    0
 +1.267202299652544e-03    11   10    5    14    0    0
 +5.245766825636758e-03    11   10    6    7    0    0
 -1.897173233143008e-04    11   10    6    8    0    0
 -1.174115728181920e-03    11   10    6    9    0    0
 -3.752927362352684e-03    11   10    6    10    0    0
 +1.338371653759029e-03    11   10    6    11    0    0
 -9.275809215754429e-03    11   10    7    1    0    0
 -2.861092379510587e-03    11   10    7    2    0    0
 +6.470293887246279e-03    11   10    7    6    0    0
 +2.844697460806668e-03    11   10    7    7    0    0
 +4.855158057488634e-03    11   10    7    8    0    0
 +6.522540963001450e-03    11   10    7    9    0    0
 +1.767557747781325e-03    11   10    7    10    0    0
 -8.734654374095449e-03    11   10    7    11    0    0
 +3.354670069181788e-04    11   10    8    1    0    0
 +1.034736781175518e-04    11   10    8    2    0    0
 -2.340033169881178e-04    11   10    8    6    0    0
 +4.855158057488639e-03    11   10    8    7    0    0
 -5.920089528273110e-04    11   10    8    8    0    0
 +1.036211985380335e-04    11   10    8    9    0    0
 +9.116033001547039e-03    11   10    8    10    0    0
 +2.002287774669617e-03    11   10    8    11    0    0
 +2.076126113461076e-03    11   10    9    1    0    0
 +6.403741672518960e-04    11   10    9    2    0    0
 -1.448191288611661e-03    11   10    9    6    0    0
 +6.522540963001446e-03    11   10    9    7    0    0
 +1.036211985380328e-04    11   10    9    8    0    0
 -2.252688507979382e-03    11   10    9    9    0    0
 -9.758926890382669e-04    11   10    9    10    0    0
 +8.086826305506918e-05    11   10    9    11    0    0
 +6.636100949748615e-03    11   10    10    1    0    0
 +2.046883179177650e-03    11   10    10    2    0    0
 -4.628978713510061e-03    11   10    10    6    0    0
 +1.767557747781325e-03    11   10    10    7    0    0
 +9.116033001547038e-03    11   10    10    8    0    0
 -9.758926890382684e-04    11   10    10    9    0    0
 +6.948351733604665e-03    11   10    10    11    0    0
 -2.366571091069338e-03    11   10    11    1    0    0
 -7.299609507630173e-04    11   10    11    2    0    0
 +1.650789716359453e-03    11   10    11    6    0    0
 -8.734654374095442e-03    11   10    11    7    0    0
 +2.002287774669613e-03    11   10    11    8    0    0
 +8.086826305507288e-05    11   10    11    9    0    0
 +6.948351733604663e-03    11   10    11    10    0    0
 -3.862241922161926e-04    11   10    12    3    0    0
 -5.868147855287754e-04    11   10    12    4    0    0
 -9.919458804226369e-05    11   10    12    5    0    0
 +1.812459655674848e-03    11   10    12    12    0    0
 -2.245519841617508e-03    11   10    12    13    0    0
 -1.660619203690427e-03    11   10    12    14    0    0
 +4.785066990146265e-04    11   10    13    3    0    0
 -1.629641100161221e-03    11   10    13    4    0    0
 -1.963044867306219e-03    11   10    13    5    0    0
 -2.245519841617508e-03    11   10    13    12    0    0
 -2.654335339213618e-03    11   10    13    13    0    0
 -1.167484864734584e-02    11   10    13    14    0    0
 +3.538679101164397e-04    11   10    14    3    0    0
 -2.137722059084314e-03    11   10    14    4    0    0
 +1.285174838641187e-03    11   10    14    5    0    0
 -1.660619203690426e-03    11   10    14    12    0    0
 -1.167484864734583e-02    11   10    14    13    0    0
 +8.418756835386837e-04    11   10    14    14    0    0
 +4.836327034825049e-01    11   11    1    1    0    0
 +9.753037278391892e-02    11   11    1    2    0    0
 +4.163464384184851e-02    11   11    1    6    0    0
 +5.082521420185333e-03    11   11    1    7    0    0
 -1.390848284344963e-02    11   11    1    8    0    0
 +3.487554864547955e-02    11   11    1    9    0    0
 -4.134664205247700e-03    11   11    1    10    0    0
 -2.891249690273224e-03    11   11    1    11    0    0
 +1.157059119570903e-01    11   11    2    1    0    0
 +2.783440233430544e-01    11   11    2    2    0    0
 +6.493803100022520e-02    11   11    2    6    0    0
 +1.633569685935948e-03    11   11    2    7    0    0
 -4.470315827924443e-03    11   11    2    8    0    0
 +1.120932591083140e-02    11   11    2    9    0    0
 -1.328919555634811e-03    11   11    2    10    0    0
 -9.292745584394966e-04    11   11    2    11    0    0
 +4.169534773691246e-01    11   11    3    3    0    0
 +3.437857072444865e-03    11   11    3    4    0    0
 +6.398192418781964e-03    11   11    3    5    0    0
 -6.471663353820410e-02    11   11    3    12    0    0
 +3.883003363422515e-05    11   11    3    13    0    0
 +1.634920091133995e-03    11   11    3    14    0    0
 +3.437857072444865e-03    11   11    4    3    0    0
 +4.092668122089995e-01    11   11    4    4    0    0
 -1.377134259870594e-02    11   11    4    5    0    0
 -7.740553099639534e-04    11   11    4    12    0    0
 +5.757834822712897e-02    11   11    4    13    0    0
 +2.572111655992428e-02    11   11    4    14    0    0
 +6.398192418781957e-03    11   11    5    3    0    0
 -1.377134259870594e-02    11   11    5    4    0    0
 +3.893628198935641e-01    11   11    5    5    0    0
 -1.440593576628161e-03    11   11    5    12    0    0
 -2.922519271520073e-02    11   11    5    13    0    0
 +5.077666680180636e-02    11   11    5    14    0    0
 +4.825871638713845e-02    11   11    6    1    0    0
 +9.880819924732985e-02    11   11    6    2    0    0
 +4.732927240423662e-01    11   11    6    6    0    0
 -1.645188644283536e-03    11   11    6    7    0    0
 +4.502111480018396e-03    11   11    6    8    0    0
 -1.128905357227361e-02    11   11    6    9    0    0
 +1.338371653759038e-03    11   11    6    10    0    0
 +9.358841340707077e-04    11   11    6    11    0    0
 +2.909099183310984e-03    11   11    7    1    0    0
 +8.973019292457016e-04    11   11    7    2    0    0
 -2.029227448016170e-03    11   11    7    6    0    0
 +4.938223400761395e-01    11   11    7    7    0    0
 -1.867491201463228e-03    11   11    7    8    0    0
 -2.144997571510364e-03    11   11    7    9    0    0
 +1.746930874819090e-02    11   11    7    10    0    0
 -7.960843198866195e-03    11   11    8    1    0    0
 -2.455495502437661e-03    11   11    8    2    0    0
 +5.553045981095092e-03    11   11    8    6    0    0
 -1.867491201463250e-03    11   11    8    7    0    0
 +4.817392730250577e-01    11   11    8    8    0    0
 +4.477968813063700e-03    11   11    8    9    0    0
 -4.004575549339204e-03    11   11    8    10    0    0
 +1.996183029925899e-02    11   11    9    1    0    0
 +6.157159900754324e-03    11   11    9    2    0    0
 -1.392427394304004e-02    11   11    9    6    0    0
 -2.144997571510363e-03    11   11    9    7    0    0
 +4.477968813063696e-03    11   11    9    8    0    0
 +4.720819722382993e-01    11   11    9    9    0    0
 -1.617365261101473e-04    11   11    9    10    0    0
 -2.366571091069329e-03    11   11    10    1    0    0
 -7.299609507630250e-04    11   11    10    2    0    0
 +1.650789716359460e-03    11   11    10    6    0    0
 +1.746930874819093e-02    11   11    10    7    0    0
 -4.004575549339215e-03    11   11    10    8    0    0
 -1.617365261101465e-04    11   11    10    9    0    0
 +5.035834545003979e-01    11   11    10    10    0    0
 -1.654873913431582e-03    11   11    11    1    0    0
 -5.104403327666768e-04    11   11    11    2    0    0
 +1.154348943276450e-03    11   11    11    6    0    0
 +5.174801579676274e-01    11   11    11    11    0    0
 -8.682481383514969e-02    11   11    12    3    0    0
 -7.850336196162531e-04    11   11    12    4    0    0
 -1.461025297932532e-03    11   11    12    5    0    0
 +5.455372729524607e-01    11   11    12    12    0    0
 -1.848046536962666e-04    11   11    12    13    0    0
 -7.781112015239776e-03    11   11    12    14    0    0
 +3.938075414163437e-05    11   11    13    3    0    0
 +7.729422505410989e-02    11   11    13    4    0    0
 -3.922340930553821e-02    11   11    13    5    0    0
 -1.848046536962660e-04    11   11    13    12    0    0
 +5.448428083069159e-01    11   11    13    13    0    0
 -1.166799080728044e-04    11   11    13    14    0    0
 +1.658107916068734e-03    11   11    14    3    0    0
 +3.566963536693395e-02    11   11    14    4    0    0
 +7.039607640754064e-02    11   11    14    5    0    0
 -7.781112015239783e-03    11   11    14    12    0    0
 -1.166799080728466e-04    11   11    14    13    0    0
 +5.084288538523841e-01    11   11    14    14    0    0
 +3.725856775076117e-02    11   12    1    3    0    0
 +8.139036548592526e-03    11   12    1    4    0    0
 +4.508710654543162e-03    11   12    1    5    0    0
 -5.111008642614451e-02    11   12    1    12    0    0
 +7.160498700741136e-03    11   12    1    13    0    0
 +1.056572152590829e-02    11   12    1    14    0    0
 -1.387678267746629e-04    11   12    2    3    0    0
 -3.031346833950876e-05    11   12    2    4    0    0
 -1.679248604703325e-05    11   12    2    5    0    0
 -3.695250461086518e-02    11   12    2    12    0    0
 +5.177028249357133e-03    11   12    2    13    0    0
 +7.638998497242448e-03    11   12    2    14    0    0
 +3.657395648725244e-02    11   12    3    1    0    0
 +1.761486356697936e-03    11   12    3    2    0    0
 -1.532295416951862e-02    11   12    3    6    0    0
 +3.515648070759884e-03    11   12    3    7    0    0
 -7.030343724251215e-04    11   12    3    8    0    0
 +2.072812611735735e-02    11   12    3    9    0    0
 -1.722674931992460e-03    11   12    3    10    0    0
 -4.004171579938135e-02    11   12    3    11    0    0
 +7.989485011009304e-03    11   12    4    1    0    0
 +3.847920814593588e-04    11   12    4    2    0    0
 -3.347259209006268e-03    11   12    4    6    0    0
 +1.547873407540750e-02    11   12    4    7    0    0
 -1.884246101770278e-02    11   12    4    8    0    0
 -2.770385268910499e-03    11   12    4    9    0    0
 +1.963152638913166e-02    11   12    4    10    0    0
 -3.501483761346804e-03    11   12    4    11    0    0
 +4.425864901623991e-03    11   12    5    1    0    0
 +2.131598927098633e-04    11   12    5    2    0    0
 -1.854251810894513e-03    11   12    5    6    0    0
 -1.221949101051012e-02    11   12    5    7    0    0
 -2.601408279551598e-02    11   12    5    8    0    0
 -7.925896963301850e-03    11   12    5    9    0    0
 -1.299882730905330e-02    11   12    5    10    0    0
 -6.516607986964853e-03    11   12    5    11    0    0
 -1.367724427028247e-02    11   12    6    3    0    0
 -2.987758191472205e-03    11   12    6    4    0    0
 -1.655102186931331e-03    11   12    6    5    0    0
 -3.280941029902831e-02    11   12    6    12    0    0
 +4.596582714798604e-03    11   12    6    13    0    0
 +6.782518224650891e-03    11   12    6    14    0    0
 +2.624238758247794e-03    11   12    7    3    0    0
 +1.203178323082963e-02    11   12    7    4    0    0
 -9.454285270880713e-03    11   12    7    5    0    0
 -2.683370629906243e-03    11   12    7    12    0    0
 +1.182521310649638e-02    11   12    7    13    0    0
 -2.563475838810803e-03    11   12    7    14    0    0
 -5.247766589162060e-04    11   12    8    3    0    0
 -1.443590938519330e-02    11   12    8    4    0    0
 -1.983654944815100e-02    11   12    8    5    0    0
 +5.366014313180156e-04    11   12    8    12    0    0
 -3.127061826225838e-03    11   12    8    13    0    0
 -2.146480920201294e-02    11   12    8    14    0    0
 +1.547241101731225e-02    11   12    9    3    0    0
 -2.188873942177741e-03    11   12    9    4    0    0
 -6.089141513019870e-03    11   12    9    5    0    0
 -1.582105026351129e-02    11   12    9    12    0    0
 +1.000805087376548e-03    11   12    9    13    0    0
 -5.290616481759161e-03    11   12    9    14    0    0
 -1.285882498306893e-03    11   12    10    3    0    0
 +1.546922390448477e-02    11   12    10    4    0    0
 -1.016307198825940e-02    11   12    10    5    0    0
 +1.314857239503269e-03    11   12    10    12    0    0
 +1.309963749864670e-02    11   12    10    13    0    0
 -1.860469839260037e-03    11   12    10    14    0    0
 -2.932608802382765e-02    11   12    11    3    0    0
 -2.613665876947613e-03    11   12    11    4    0    0
 -4.864290994861769e-03    11   12    11    5    0    0
 +3.342183877316698e-02    11   12    11    12    0    0
 -1.340673907115714e-04    11   12    11    13    0    0
 -5.644843697673575e-03    11   12    11    14    0    0
 -2.596711155960774e-02    11   12    12    1    0    0
 -2.465465621948459e-02    11   12    12    2    0    0
 -1.869286868189283e-02    11   12    12    6    0    0
 -2.976824519277606e-03    11   12    12    7    0    0
 +5.952842592909020e-04    11   12    12    8    0    0
 -1.755124313438181e-02    11   12    12    9    0    0
 +1.458650261085917e-03    11   12    12    10    0    0
 +3.750280674132849e-02    11   12    12    11    0    0
 +3.637979928937456e-03    11   12    13    1    0    0
 +3.454105562547678e-03    11   12    13    2    0    0
 +2.618861975575720e-03    11   12    13    6    0    0
 +1.268195602162981e-02    11   12    13    7    0    0
 -3.361827420036726e-03    11   12    13    8    0    0
 +1.132701544135612e-03    11   12    13    9    0    0
 +1.382440047942290e-02    11   12    13    10    0    0
 -1.487290244061018e-04    11   12    13    11    0    0
 +5.368045502475728e-03    11   12    14    1    0    0
 +5.096728457082535e-03    11   12    14    2    0    0
 +3.864279222040710e-03    11   12    14    6    0    0
 -2.782508707789162e-03    11   12    14    7    0    0
 -2.340277520027797e-02    11   12    14    8    0    0
 -5.711116114256160e-03    11   12    14    9    0    0
 -2.032416985776205e-03    11   12    14    10    0    0
 -6.262164808486211e-03    11   12    14    11    0    0
 -5.219907549096383e-03    11   13    1    3    0    0
 +3.306230256512751e-02    11   13    1    4    0    0
 -1.810941102074635e-02    11   13    1    5    0    0
 +7.160498700741176e-03    11   13    1    12    0    0
 +5.168542754495951e-02    11   13    1    13    0    0
 -1.643925537558570e-03    11   13    1    14    0    0
 +1.944130626272761e-05    11   13    2    3    0    0
 -1.231390295465885e-04    11   13    2    4    0    0
 +6.744767078348414e-05    11   13    2    5    0    0
 +5.177028249357075e-03    11   13    2    12    0    0
 +3.736847525056633e-02    11   13    2    13    0    0
 -1.188555337200077e-03    11   13    2    14    0    0
 -5.123993838014113e-03    11   13    3    1    0    0
 -2.467833973776285e-04    11   13    3    2    0    0
 +2.146738561690785e-03    11   13    3    6    0    0
 +1.214416541611453e-02    11   13    3    7    0    0
 -2.691651753929565e-03    11   13    3    8    0    0
 -2.732646883886585e-03    11   13    3    9    0    0
 +2.765652789128267e-02    11   13    3    10    0    0
 +1.756498928078713e-04    11   13    3    11    0    0
 +3.245479599415504e-02    11   13    4    1    0    0
 +1.563098057850053e-03    11   13    4    2    0    0
 -1.359719864523905e-02    11   13    4    6    0    0
 +1.583980532546400e-02    11   13    4    7    0    0
 -7.224548665330635e-03    11   13    4    8    0    0
 +1.473499133293109e-02    11   13    4    9    0    0
 -9.003274137676270e-03    11   13    4    10    0    0
 +3.507361642118580e-02    11   13    4    11    0    0
 -1.777665784453078e-02    11   13    5    1    0    0
 -8.561649673242671e-04    11   13    5    2    0    0
 +7.447674236007068e-03    11   13    5    6    0    0
 +2.462615966244194e-02    11   13    5    7    0    0
 +3.385064211305939e-03    11   13    5    8    0    0
 -1.515694886915392e-02    11   13    5    9    0    0
 -1.217640338375634e-02    11   13    5    10    0    0
 -1.791000665813786e-02    11   13    5    11    0    0
 +1.916175390714629e-03    11   13    6    3    0    0
 -1.213683766231208e-02    11   13    6    4    0    0
 +6.647782055890647e-03    11   13    6    5    0    0
 +4.596582714798585e-03    11   13    6    12    0    0
 +3.317874254143026e-02    11   13    6    13    0    0
 -1.055295172328637e-03    11   13    6    14    0    0
 +9.641708910438480e-03    11   13    7    3    0    0
 +1.206984614949140e-02    11   13    7    4    0    0
 +1.886778503666206e-02    11   13    7    5    0    0
 -6.339224846028490e-03    11   13    7    12    0    0
 +2.281845288603438e-03    11   13    7    13    0    0
 +1.946540974493453e-02    11   13    7    14    0    0
 -2.150841040798834e-03    11   13    8    3    0    0
 -5.402669982285530e-03    11   13    8    4    0    0
 +2.507163138227568e-03    11   13    8    5    0    0
 +1.334738575714130e-03    11   13    8    12    0    0
 -6.086580443630835e-03    11   13    8    13    0    0
 -7.791406935640785e-05    11   13    8    14    0    0
 -2.069434877892578e-03    11   13    9    3    0    0
 +1.095146976189270e-02    11   13    9    4    0    0
 -1.140729470225933e-02    11   13    9    5    0    0
 +1.935038150611104e-03    11   13    9    12    0    0
 +1.526291939050810e-02    11   13    9    13    0    0
 -4.699077736879887e-03    11   13    9    14    0    0
 +2.157940789024204e-02    11   13    10    3    0    0
 -6.784019322203117e-03    11   13    10    4    0    0
 -9.214375880681481e-03    11   13    10    5    0    0
 -1.635768300708562e-02    11   13    10    12    0    0
 -1.925599847647255e-03    11   13    10    13    0    0
 -1.068289359478639e-02    11   13    10    14    0    0
 +1.311130259090308e-04    11   13    11    3    0    0
 +2.567852941417852e-02    11   13    11    4    0    0
 -1.311427508253357e-02    11   13    11    5    0    0
 -1.340673907115714e-04    11   13    11    12    0    0
 +3.291803618428471e-02    11   13    11    13    0    0
 -8.464597893458530e-05    11   13    11    14    0    0
 +3.637979928937404e-03    11   13    12    1    0    0
 +3.454105562547640e-03    11   13    12    2    0    0
 +2.618861975575699e-03    11   13    12    6    0    0
 -6.596019109217399e-03    11   13    12    7    0    0
 +1.373495380052646e-03    11   13    12    8    0    0
 +2.124206032549856e-03    11   13    12    9    0    0
 -1.743874642416560e-02    11   13    12    10    0    0
 -1.487290244060318e-04    11   13    12    11    0    0
 +2.625942073108027e-02    11   13    13    1    0    0
 +2.493219121277450e-02    11   13    13    2    0    0
 +1.890329243057597e-02    11   13    13    6    0    0
 +2.531388295231468e-03    11   13    13    7    0    0
 -6.752209963552025e-03    11   13    13    8    0    0
 +1.693207496983357e-02    11   13    13    9    0    0
 -2.136183789487789e-03    11   13    13    10    0    0
 +3.694390821171582e-02    11   13    13    11    0    0
 -8.352167021114801e-04    11   13    14    1    0    0
 -7.930023565409286e-04    11   13    14    2    0    0
 -6.012450055391693e-04    11   13    14    6    0    0
 +2.118203040808532e-02    11   13    14    7    0    0
 -6.980257949046825e-05    11   13    14    8    0    0
 -5.133667065266685e-03    11   13    14    9    0    0
 -1.174481111582183e-02    11   13    14    10    0    0
 -9.390287824665843e-05    11   13    14    11    0    0
 -7.702269333423807e-03    11   14    1    3    0    0
 -1.258519451703596e-03    11   14    1    4    0    0
 +1.679295160129789e-04    11   14    1    5    0    0
 +1.056572152590842e-02    11   14    1    12    0    0
 -1.643925537558578e-03    11   14    1    13    0    0
 -5.753411188153255e-04    11   14    1    14    0    0
 +2.868674887835425e-05    11   14    2    3    0    0
 +4.687297977588495e-06    11   14    2    4    0    0
 -6.254457805235225e-07    11   14    2    5    0    0
 +7.638998497242403e-03    11   14    2    12    0    0
 -1.188555337200131e-03    11   14    2    13    0    0
 -4.159706397007498e-04    11   14    2    14    0    0
 -7.560743218530888e-03    11   14    3    1    0    0
 -3.641428848579625e-04    11   14    3    2    0    0
 +3.167634375718303e-03    11   14    3    6    0    0
 -5.235623483472653e-04    11   14    3    7    0    0
 +2.197134828289489e-03    11   14    3    8    0    0
 -3.078324406218443e-03    11   14    3    9    0    0
 +4.420261912787781e-04    11   14    3    10    0    0
 +7.395655163804259e-03    11   14    3    11    0    0
 -1.235394660709364e-03    11   14    4    1    0    0
 -5.949946489206929e-05    11   14    4    2    0    0
 +5.175785609608741e-04    11   14    4    6    0    0
 -2.907623946923426e-04    11   14    4    7    0    0
 +4.136860887030083e-03    11   14    4    8    0    0
 -6.816346769343093e-04    11   14    4    9    0    0
 -6.114238498361764e-03    11   14    4    10    0    0
 +2.059116420338359e-03    11   14    4    11    0    0
 +1.648438783978393e-04    11   14    5    1    0    0
 +7.939262542857605e-06    11   14    5    2    0    0
 -6.906267290760458e-05    11   14    5    6    0    0
 +7.372791290236648e-04    11   14    5    7    0    0
 +6.055056440123721e-03    11   14    5    8    0    0
 +1.165539849601595e-03    11   14    5    9    0    0
 +3.997673110952564e-03    11   14    5    10    0    0
 +4.305818882624122e-03    11   14    5    11    0    0
 +2.827425353906413e-03    11   14    6    3    0    0
 +4.619897918513340e-04    11   14    6    4    0    0
 -6.164523086514083e-05    11   14    6    5    0    0
 +6.782518224650848e-03    11   14    6    12    0    0
 -1.055295172328655e-03    11   14    6    13    0    0
 -3.693322424017358e-04    11   14    6    14    0    0
 -4.718261824852944e-04    11   14    7    3    0    0
 -7.027436496888162e-04    11   14    7    4    0    0
 +7.966373997926812e-04    11   14    7    5    0    0
 -1.195314240784298e-05    11   14    7    12    0    0
 +2.314121517715705e-03    11   14    7    13    0    0
 +4.015253413028565e-04    11   14    7    14    0    0
 +1.099011223895483e-03    11   14    8    3    0    0
 +3.107542026337929e-03    11   14    8    4    0    0
 +4.509828001173407e-03    11   14    8    5    0    0
 -4.425498544499662e-03    11   14    8    12    0    0
 +6.142712548646939e-04    11   14    8    13    0    0
 +5.549979012312817e-03    11   14    8    14    0    0
 -2.506695363921036e-03    11   14    9    3    0    0
 -4.153405504230804e-04    11   14    9    4    0    0
 +8.226173301361217e-04    11   14    9    5    0    0
 +1.288363467322537e-03    11   14    9    12    0    0
 -1.398722120863940e-03    11   14    9    13    0    0
 +5.581308730032984e-04    11   14    9    14    0    0
 +2.883047830082547e-04    11   14    10    3    0    0
 -4.438586638376952e-03    11   14    10    4    0    0
 +2.920475831207560e-03    11   14    10    5    0    0
 -5.489379234936981e-04    11   14    10    12    0    0
 -6.256252295720992e-03    11   14    10    13    0    0
 +6.107426081440096e-04    11   14    10    14    0    0
 +5.520451573327111e-03    11   14    11    3    0    0
 +1.282453558436790e-03    11   14    11    4    0    0
 +2.712053481004705e-03    11   14    11    5    0    0
 -5.644843697673575e-03    11   14    11    12    0    0
 -8.464597893458530e-05    11   14    11    13    0    0
 +6.501364517374660e-03    11   14    11    14    0    0
 +5.368045502475737e-03    11   14    12    1    0    0
 +5.096728457082499e-03    11   14    12    2    0    0
 +3.864279222040654e-03    11   14    12    6    0    0
 -7.456964490107995e-05    11   14    12    7    0    0
 -5.318901206441420e-03    11   14    12    8    0    0
 +1.271175998289423e-03    11   14    12    9    0    0
 -6.404840384679467e-04    11   14    12    10    0    0
 -6.262164808486163e-03    11   14    12    11    0    0
 -8.352167021113805e-04    11   14    13    1    0    0
 -7.930023565408432e-04    11   14    13    2    0    0
 -6.012450055391340e-04    11   14    13    6    0    0
 +2.979314267322206e-03    11   14    13    7    0    0
 +6.648158822064510e-04    11   14    13    8    0    0
 -1.630989269521208e-03    11   14    13    9    0    0
 -7.046802782197432e-03    11   14    13    10    0    0
 -9.390287824666320e-05    11   14    13    11    0    0
 -2.923091714723601e-04    11   14    14    1    0    0
 -2.775349932898834e-04    11   14    14    2    0    0
 -2.104237486831348e-04    11   14    14    6    0    0
 +4.454362240460951e-04    11   14    14    7    0    0
 +6.156925704261023e-03    11   14    14    8    0    0
 +6.191681645483608e-04    11   14    14    9    0    0
 +6.775335284019904e-04    11   14    14    10    0    0
 +7.638304632641525e-03    11   14    14    11    0    0
 -3.636069845079089e-02    12   1    1    3    0    0
 +7.487115758321279e-02    12   1    1    12    0    0
 -5.704498860654276e-03    12   1    2    3    0    0
 +4.614238773049979e-02    12   1    2    12    0    0
 -3.354519369254224e-02    12   1    3    1    0    0
 -7.713949676055113e-03    12   1    3    2    0    0
 +1.107594099116112e-02    12   1    3    6    0    0
 -2.780940404869787e-03    12   1    3    7    0    0
 -6.975460393870487e-03    12   1    3    8    0    0
 -2.086985600873602e-02    12   1    3    9    0    0
 +5.875684433037295e-03    12   1    3    10    0    0
 +3.486743931919182e-02    12   1    3    11    0    0
 -1.077687535159197e-02    12   1    4    7    0    0
 +1.893556102353105e-02    12   1    4    8    0    0
 -2.781981352751882e-02    12   1    4    10    0    0
 +7.616700804848841e-03    12   1    4    11    0    0
 +1.318416563949138e-02    12   1    5    7    0    0
 +2.931028577415066e-02    12   1    5    8    0    0
 +1.599795677585457e-02    12   1    5    10    0    0
 +4.219356906221054e-03    12   1    5    11    0    0
 +8.716536529737367e-03    12   1    6    3    0    0
 +5.143756818266471e-02    12   1    6    12    0    0
 -1.641235955911475e-03    12   1    7    3    0    0
 -6.360220912478147e-03    12   1    7    4    0    0
 +7.780938655979194e-03    12   1    7    5    0    0
 +2.071072357014883e-03    12   1    7    12    0    0
 -1.159891303803096e-02    12   1    7    13    0    0
 +5.127275909434885e-03    12   1    7    14    0    0
 -4.116728423021570e-03    12   1    8    3    0    0
 +1.117525695363828e-02    12   1    8    4    0    0
 +1.729813943741413e-02    12   1    8    5    0    0
 +5.194891330249037e-03    12   1    8    12    0    0
 +2.704999262079587e-03    12   1    8    13    0    0
 +2.584633849656994e-02    12   1    8    14    0    0
 -1.231682563792174e-02    12   1    9    3    0    0
 +1.554257753919689e-02    12   1    9    12    0    0
 +3.467670339214495e-03    12   1    10    3    0    0
 -1.641850295251284e-02    12   1    10    4    0    0
 +9.441562226817884e-03    12   1    10    5    0    0
 -4.375846237660068e-03    12   1    10    12    0    0
 -2.386689018391024e-02    12   1    10    13    0    0
 +1.255812580936481e-03    12   1    10    14    0    0
 +2.057782144522370e-02    12   1    11    3    0    0
 +4.495171203398394e-03    12   1    11    4    0    0
 +2.490150545184961e-03    12   1    11    5    0    0
 -2.596711155960774e-02    12   1    11    12    0    0
 +3.637979928937404e-03    12   1    11    13    0    0
 +5.368045502475737e-03    12   1    11    14    0    0
 +2.872340553516165e-02    12   1    12    1    0    0
 +2.285742129449553e-02    12   1    12    2    0    0
 +2.103040265380368e-02    12   1    12    6    0    0
 +2.633120191059296e-03    12   1    12    7    0    0
 +6.604681485756232e-03    12   1    12    8    0    0
 +1.976052386626976e-02    12   1    12    9    0    0
 -5.563363849808112e-03    12   1    12    10    0    0
 -3.301406902540217e-02    12   1    12    11    0    0
 -1.474662727805456e-02    12   1    13    7    0    0
 +3.439082246285342e-03    12   1    13    8    0    0
 -3.034388935190518e-02    12   1    13    10    0    0
 +4.625255304629030e-03    12   1    13    11    0    0
 +6.518716584930972e-03    12   1    14    7    0    0
 +3.286052055581704e-02    12   1    14    8    0    0
 +1.596615131214539e-03    12   1    14    10    0    0
 +6.824826255450991e-03    12   1    14    11    0    0
 -3.492823379389400e-02    12   2    1    3    0    0
 +4.170877600192478e-02    12   2    1    12    0    0
 +5.024899814439069e-03    12   2    2    3    0    0
 +3.341436759569105e-02    12   2    2    12    0    0
 -4.091325802140627e-02    12   2    3    1    0    0
 -1.836002156694342e-04    12   2    3    2    0    0
 +1.760513612333472e-02    12   2    3    6    0    0
 -2.376954699445386e-03    12   2    3    7    0    0
 -5.962139042955120e-03    12   2    3    8    0    0
 -1.783810333721851e-02    12   2    3    9    0    0
 +5.022126939904691e-03    12   2    3    10    0    0
 +2.980226530645839e-02    12   2    3    11    0    0
 -9.211324510027787e-03    12   2    4    7    0    0
 +1.618480233618107e-02    12   2    4    8    0    0
 -2.377844429392804e-02    12   2    4    10    0    0
 +6.510226806964819e-03    12   2    4    11    0    0
 +1.126890904248727e-02    12   2    5    7    0    0
 +2.505239644508547e-02    12   2    5    8    0    0
 +1.367394226546611e-02    12   2    5    10    0    0
 +3.606413215226405e-03    12   2    5    11    0    0
 +1.787750216891172e-02    12   2    6    3    0    0
 +2.644258632437379e-02    12   2    6    12    0    0
 -2.215835149830308e-03    12   2    7    3    0    0
 -8.586943886888103e-03    12   2    7    4    0    0
 +1.050505706415445e-02    12   2    7    5    0    0
 +1.966394177136985e-03    12   2    7    12    0    0
 -1.101266934583419e-02    12   2    7    13    0    0
 +4.868128078064560e-03    12   2    7    14    0    0
 -5.558001278963427e-03    12   2    8    3    0    0
 +1.508773133873079e-02    12   2    8    4    0    0
 +2.335424425356404e-02    12   2    8    5    0    0
 +4.932326013652523e-03    12   2    8    12    0    0
 +2.568280523902012e-03    12   2    8    13    0    0
 +2.453998738760700e-02    12   2    8    14    0    0
 -1.662896494835897e-02    12   2    9    3    0    0
 +1.475700926974298e-02    12   2    9    12    0    0
 +4.681706976976529e-03    12   2    10    3    0    0
 -2.216664570303433e-02    12   2    10    4    0    0
 +1.274706746226179e-02    12   2    10    5    0    0
 -4.154677905210305e-03    12   2    10    12    0    0
 -2.266058630209015e-02    12   2    10    13    0    0
 +1.192340064008267e-03    12   2    10    14    0    0
 +2.778214789959088e-02    12   2    11    3    0    0
 +6.068937449925382e-03    12   2    11    4    0    0
 +3.361956022542554e-03    12   2    11    5    0    0
 -2.465465621948459e-02    12   2    11    12    0    0
 +3.454105562547640e-03    12   2    11    13    0    0
 +5.096728457082499e-03    12   2    11    14    0    0
 +2.285742129449553e-02    12   2    12    1    0    0
 +2.570335941506353e-02    12   2    12    2    0    0
 +2.931061753657681e-02    12   2    12    6    0    0
 +1.172509269705649e-03    12   2    12    7    0    0
 +2.941016628028300e-03    12   2    12    8    0    0
 +8.799217554182434e-03    12   2    12    9    0    0
 -2.477325458516577e-03    12   2    12    10    0    0
 -1.470092481703745e-02    12   2    12    11    0    0
 -6.566565870833580e-03    12   2    13    7    0    0
 +1.531398310924572e-03    12   2    13    8    0    0
 -1.351191322934539e-02    12   2    13    10    0    0
 +2.059592546457561e-03    12   2    13    11    0    0
 +2.902737082936005e-03    12   2    14    7    0    0
 +1.463255080032921e-02    12   2    14    8    0    0
 +7.109611053296388e-04    12   2    14    10    0    0
 +3.039045492802727e-03    12   2    14    11    0    0
 -8.724758388886905e-02    12   3    1    1    0    0
 -3.633781461952169e-02    12   3    1    2    0    0
 -3.201312911036965e-02    12   3    1    6    0    0
 -7.319526670863930e-04    12   3    1    7    0    0
 -1.835964133035094e-03    12   3    1    8    0    0
 -5.493014787570870e-03    12   3    1    9    0    0
 +1.546499480603224e-03    12   3    1    10    0    0
 +9.177224783193832e-03    12   3    1    11    0    0
 -3.564590149687849e-02    12   3    2    1    0    0
 -2.861108619206507e-02    12   3    2    2    0    0
 -2.778263533400532e-02    12   3    2    6    0    0
 -4.253909600568750e-04    12   3    2    7    0    0
 -1.067012363368577e-03    12   3    2    8    0    0
 -3.192390627378611e-03    12   3    2    9    0    0
 +8.987833890953113e-04    12   3    2    10    0    0
 +5.333553160917395e-03    12   3    2    11    0    0
 -5.217288458464966e-02    12   3    3    3    0    0
 +4.241334465069232e-02    12   3    3    12    0    0
 -5.277837239602888e-02    12   3    4    4    0    0
 -2.706135635035901e-02    12   3    4    13    0    0
 -1.372268422494472e-02    12   3    4    14    0    0
 -5.277837239602640e-02    12   3    5    5    0    0
 +1.372268422494452e-02    12   3    5    13    0    0
 -2.706135635035917e-02    12   3    5    14    0    0
 -1.868825874405636e-02    12   3    6    1    0    0
 -2.272403211292491e-02    12   3    6    2    0    0
 -8.715338402566813e-02    12   3    6    6    0    0
 -1.447275201829558e-04    12   3    6    7    0    0
 -3.630214740206153e-04    12   3    6    8    0    0
 -1.086122702029449e-03    12   3    6    9    0    0
 +3.057862138584382e-04    12   3    6    10    0    0
 +1.814594091610067e-03    12   3    6    11    0    0
 -2.949250265750520e-04    12   3    7    1    0    0
 -2.469998096459723e-04    12   3    7    2    0    0
 -4.036774852760783e-05    12   3    7    6    0    0
 -8.047762752669946e-02    12   3    7    7    0    0
 -1.288546128048911e-03    12   3    7    8    0    0
 -3.706532480836944e-04    12   3    7    9    0    0
 -3.157379212980535e-03    12   3    7    10    0    0
 +7.882092616714304e-04    12   3    7    11    0    0
 -7.397633686910421e-04    12   3    8    1    0    0
 -6.195520718322279e-04    12   3    8    2    0    0
 -1.012548239260952e-04    12   3    8    6    0    0
 -1.288546128048894e-03    12   3    8    7    0    0
 -8.666355666101844e-02    12   3    8    8    0    0
 -9.297132176366623e-04    12   3    8    9    0    0
 +6.313903066599982e-04    12   3    8    10    0    0
 -1.576204991130586e-04    12   3    8    11    0    0
 -2.213295483504768e-03    12   3    9    1    0    0
 -1.853635717065254e-03    12   3    9    2    0    0
 -3.029439601413328e-04    12   3    9    6    0    0
 -3.706532480836944e-04    12   3    9    7    0    0
 -9.297132176366624e-04    12   3    9    8    0    0
 -8.135801940977842e-02    12   3    9    9    0    0
 +7.831313163009200e-04    12   3    9    10    0    0
 +4.647251560439325e-03    12   3    9    11    0    0
 +6.231296379187515e-04    12   3    10    1    0    0
 +5.218712828072827e-04    12   3    10    2    0    0
 +8.529062730186157e-05    12   3    10    6    0    0
 -3.157379212980583e-03    12   3    10    7    0    0
 +6.313903066600160e-04    12   3    10    8    0    0
 +7.831313163009232e-04    12   3    10    9    0    0
 -8.537410853899532e-02    12   3    10    10    0    0
 -3.862241922162068e-04    12   3    10    11    0    0
 +3.697770887074616e-03    12   3    11    1    0    0
 +3.096884370338132e-03    12   3    11    2    0    0
 +5.061309547568973e-04    12   3    11    6    0    0
 +7.882092616713951e-04    12   3    11    7    0    0
 -1.576204991130403e-04    12   3    11    8    0    0
 +4.647251560439327e-03    12   3    11    9    0    0
 -3.862241922161926e-04    12   3    11    10    0    0
 -8.682481383514969e-02    12   3    11    11    0    0
 +2.836619093053662e-02    12   3    12    3    0    0
 -1.211153563552434e-01    12   3    12    12    0    0
 -1.677617490116491e-02    12   3    13    4    0    0
 +8.507117961516215e-03    12   3    13    5    0    0
 -1.025576325570930e-01    12   3    13    13    0    0
 -8.507117961516295e-03    12   3    14    4    0    0
 -1.677617490116513e-02    12   3    14    5    0    0
 -1.025576325570936e-01    12   3    14    14    0    0
 -2.836509060978789e-03    12   4    1    7    0    0
 +4.983901981387318e-03    12   4    1    8    0    0
 -7.322266479948818e-03    12   4    1    10    0    0
 +2.004740719630502e-03    12   4    1    11    0    0
 -1.648501832041787e-03    12   4    2    7    0    0
 +2.896508126858784e-03    12   4    2    8    0    0
 -4.255501903007663e-03    12   4    2    10    0    0
 +1.165100719945958e-03    12   4    2    11    0    0
 +3.027439056875342e-04    12   4    3    4    0    0
 -5.383163273423846e-03    12   4    3    13    0    0
 -2.729776319269215e-03    12   4    3    14    0    0
 +3.027439056875328e-04    12   4    4    3    0    0
 +6.035737368506216e-03    12   4    4    12    0    0
 -5.608571986028512e-04    12   4    6    7    0    0
 +9.854568567559728e-04    12   4    6    8    0    0
 -1.447816938737551e-03    12   4    6    10    0    0
 +3.963933270669741e-04    12   4    6    11    0    0
 -1.142912032166701e-03    12   4    7    1    0    0
 -9.571892140372334e-04    12   4    7    2    0    0
 -1.564356407438058e-04    12   4    7    6    0    0
 -1.089251465322065e-03    12   4    7    7    0    0
 +3.173888683224544e-03    12   4    7    8    0    0
 -1.966548569840299e-03    12   4    7    9    0    0
 -1.879888342382977e-03    12   4    7    10    0    0
 +5.475382123259706e-04    12   4    7    11    0    0
 +2.008159120669816e-03    12   4    8    1    0    0
 +1.681833943712695e-03    12   4    8    2    0    0
 +2.748660001084536e-04    12   4    8    6    0    0
 +3.173888683224544e-03    12   4    8    7    0    0
 -2.389455461268429e-04    12   4    8    8    0    0
 -1.472123398065023e-03    12   4    8    9    0    0
 -1.376072550873182e-03    12   4    8    10    0    0
 -1.954524410160292e-03    12   4    8    11    0    0
 -1.966548569840301e-03    12   4    9    7    0    0
 -1.472123398065023e-03    12   4    9    8    0    0
 -3.382927499916423e-03    12   4    9    10    0    0
 +1.187188304067256e-04    12   4    9    11    0    0
 -2.950354214548766e-03    12   4    10    1    0    0
 -2.470922653952267e-03    12   4    10    2    0    0
 -4.038285878390417e-04    12   4    10    6    0    0
 -1.879888342382976e-03    12   4    10    7    0    0
 -1.376072550873187e-03    12   4    10    8    0    0
 -3.382927499916421e-03    12   4    10    9    0    0
 +2.113230631065408e-03    12   4    10    10    0    0
 -5.868147855287771e-04    12   4    10    11    0    0
 +8.077683661795296e-04    12   4    11    1    0    0
 +6.765062802617656e-04    12   4    11    2    0    0
 +1.105629815588791e-04    12   4    11    6    0    0
 +5.475382123259716e-04    12   4    11    7    0    0
 -1.954524410160287e-03    12   4    11    8    0    0
 +1.187188304067256e-04    12   4    11    9    0    0
 -5.868147855287754e-04    12   4    11    10    0    0
 -7.850336196162531e-04    12   4    11    11    0    0
 +4.778161915189177e-03    12   4    12    4    0    0
 +8.275646461175800e-03    12   4    12    13    0    0
 +4.196540693441323e-03    12   4    12    14    0    0
 -4.261554830157353e-03    12   4    13    3    0    0
 +8.275646461175791e-03    12   4    13    12    0    0
 -2.161014048387181e-03    12   4    14    3    0    0
 +4.196540693441319e-03    12   4    14    12    0    0
 +3.470115787535618e-03    12   5    1    7    0    0
 +7.714563680647526e-03    12   5    1    8    0    0
 +4.210714875268192e-03    12   5    1    10    0    0
 +1.110548624303389e-03    12   5    1    11    0    0
 +2.016736809286136e-03    12   5    2    7    0    0
 +4.483494354346276e-03    12   5    2    8    0    0
 +2.447152833592545e-03    12   5    2    10    0    0
 +6.454206217497061e-04    12   5    2    11    0    0
 +3.027439056875458e-04    12   5    3    5    0    0
 +2.729776319269210e-03    12   5    3    13    0    0
 -5.383163273423829e-03    12   5    3    14    0    0
 +3.027439056875459e-04    12   5    5    3    0    0
 +6.035737368506204e-03    12   5    5    12    0    0
 +6.861389749106483e-04    12   5    6    7    0    0
 +1.525385070646736e-03    12   5    6    8    0    0
 +8.325761343569702e-04    12   5    6    10    0    0
 +2.195865329350008e-04    12   5    6    11    0    0
 +1.398210617813980e-03    12   5    7    1    0    0
 +1.171001865984961e-03    12   5    7    2    0    0
 +1.913795355517075e-04    12   5    7    6    0    0
 -3.194741199168661e-03    12   5    7    7    0    0
 -1.469570367659219e-03    12   5    7    8    0    0
 +9.992667525880788e-04    12   5    7    9    0    0
 -1.784537417326963e-03    12   5    7    10    0    0
 -7.017588529739991e-04    12   5    7    11    0    0
 +3.108422171049177e-03    12   5    8    1    0    0
 +2.603304621058087e-03    12   5    8    2    0    0
 +4.254640780257500e-04    12   5    8    6    0    0
 -1.469570367659219e-03    12   5    8    7    0    0
 +2.126408649617184e-03    12   5    8    8    0    0
 -1.806242228841685e-03    12   5    8    9    0    0
 +9.560643122262025e-04    12   5    8    10    0    0
 -3.272317050228587e-03    12   5    8    11    0    0
 +9.992667525880799e-04    12   5    9    7    0    0
 -1.806242228841686e-03    12   5    9    8    0    0
 +2.596891890419887e-03    12   5    9    10    0    0
 -7.192666736075151e-04    12   5    9    11    0    0
 +1.696619538844960e-03    12   5    10    1    0    0
 +1.420919438417748e-03    12   5    10    2    0    0
 +2.322241407805572e-04    12   5    10    6    0    0
 -1.784537417326962e-03    12   5    10    7    0    0
 +9.560643122262061e-04    12   5    10    8    0    0
 +2.596891890419885e-03    12   5    10    9    0    0
 +2.529357847483797e-03    12   5    10    10    0    0
 -9.919458804226362e-05    12   5    10    11    0    0
 +4.474723534232414e-04    12   5    11    1    0    0
 +3.747582475482300e-04    12   5    11    2    0    0
 +6.124760467364982e-05    12   5    11    6    0    0
 -7.017588529739990e-04    12   5    11    7    0    0
 -3.272317050228579e-03    12   5    11    8    0    0
 -7.192666736075151e-04    12   5    11    9    0    0
 -9.919458804226369e-05    12   5    11    10    0    0
 -1.461025297932532e-03    12   5    11    11    0    0
 +4.778161915189172e-03    12   5    12    5    0    0
 -4.196540693441265e-03    12   5    12    13    0    0
 +8.275646461175786e-03    12   5    12    14    0    0
 +2.161014048387171e-03    12   5    13    3    0    0
 -4.196540693441246e-03    12   5    13    12    0    0
 -4.261554830157357e-03    12   5    14    3    0    0
 +8.275646461175859e-03    12   5    14    12    0    0
 -3.849965936736367e-02    12   6    1    3    0    0
 +4.423588832466988e-02    12   6    1    12    0    0
 +1.025220178528526e-02    12   6    2    3    0    0
 +4.038810445568613e-02    12   6    2    12    0    0
 -4.146183178137659e-02    12   6    3    1    0    0
 +6.899107960120120e-03    12   6    3    2    0    0
 +1.732220820865354e-02    12   6    3    6    0    0
 -2.316960358763298e-03    12   6    3    7    0    0
 -5.811654643306922e-03    12   6    3    8    0    0
 -1.738786957845769e-02    12   6    3    9    0    0
 +4.895368447346284e-03    12   6    3    10    0    0
 +2.905005607911784e-02    12   6    3    11    0    0
 -8.978830663629676e-03    12   6    4    7    0    0
 +1.577629789751594e-02    12   6    4    8    0    0
 -2.317827631925303e-02    12   6    4    10    0    0
 +6.345908671214925e-03    12   6    4    11    0    0
 +1.098448175896839e-02    12   6    5    7    0    0
 +2.442007391593494e-02    12   6    5    8    0    0
 +1.332881193928313e-02    12   6    5    10    0    0
 +3.515387339501799e-03    12   6    5    11    0    0
 +1.778145920201341e-02    12   6    6    3    0    0
 +4.330677589915437e-02    12   6    6    12    0    0
 -2.031021351610177e-03    12   6    7    3    0    0
 -7.870741819707917e-03    12   6    7    4    0    0
 +9.628872977673836e-03    12   6    7    5    0    0
 +1.490896802730956e-03    12   6    7    12    0    0
 -8.349675618518560e-03    12   6    7    13    0    0
 +3.690957119003751e-03    12   6    7    14    0    0
 -5.094430996238990e-03    12   6    8    3    0    0
 +1.382932502838347e-02    12   6    8    4    0    0
 +2.140636172024808e-02    12   6    8    5    0    0
 +3.739631234307189e-03    12   6    8    12    0    0
 +1.947239910553773e-03    12   6    8    13    0    0
 +1.860592813009157e-02    12   6    8    14    0    0
 -1.524201061070839e-02    12   6    9    3    0    0
 +1.118858985341592e-02    12   6    9    12    0    0
 +4.291224838160834e-03    12   6    10    3    0    0
 -2.031781593494815e-02    12   6    10    4    0    0
 +1.168388640655490e-02    12   6    10    5    0    0
 -3.150027638036214e-03    12   6    10    12    0    0
 -1.718098846030189e-02    12   6    10    13    0    0
 +9.040181311898539e-04    12   6    10    14    0    0
 +2.546495193109568e-02    12   6    11    3    0    0
 +5.562752059118190e-03    12   6    11    4    0    0
 +3.081548943512892e-03    12   6    11    5    0    0
 -1.869286868189283e-02    12   6    11    12    0    0
 +2.618861975575699e-03    12   6    11    13    0    0
 +3.864279222040654e-03    12   6    11    14    0    0
 +2.103040265380368e-02    12   6    12    1    0    0
 +2.931061753657681e-02    12   6    12    2    0    0
 +3.618155416765154e-02    12   6    12    6    0    0
 +1.139337052583186e-03    12   6    12    7    0    0
 +2.857810426877988e-03    12   6    12    8    0    0
 +8.550273206571127e-03    12   6    12    9    0    0
 -2.407237843760625e-03    12   6    12    10    0    0
 -1.428501145709087e-02    12   6    12    11    0    0
 -6.380786914159844e-03    12   6    13    7    0    0
 +1.488072532115400e-03    12   6    13    8    0    0
 -1.312963896425902e-02    12   6    13    10    0    0
 +2.001323283347999e-03    12   6    13    11    0    0
 +2.820613873122278e-03    12   6    14    7    0    0
 +1.421857185385497e-02    12   6    14    8    0    0
 +6.908468454589894e-04    12   6    14    10    0    0
 +2.953065893718099e-03    12   6    14    11    0    0
 -1.545714214493529e-03    12   7    1    3    0    0
 -5.990049045858916e-03    12   7    1    4    0    0
 +7.328079450934426e-03    12   7    1    5    0    0
 +4.638461451278814e-03    12   7    1    12    0    0
 -2.597741736130720e-02    12   7    1    13    0    0
 +1.148326449118511e-02    12   7    1    14    0    0
 -1.169145939793856e-03    12   7    2    3    0    0
 -4.530747958105949e-03    12   7    2    4    0    0
 +5.542806203249992e-03    12   7    2    5    0    0
 +2.153355129118341e-03    12   7    2    12    0    0
 -1.205973262983513e-02    12   7    2    13    0    0
 +5.330980272413145e-03    12   7    2    14    0    0
 -1.491111319600917e-03    12   7    3    1    0    0
 -1.320705496260424e-03    12   7    3    2    0    0
 +2.484204688030077e-04    12   7    3    6    0    0
 -1.262667785703657e-02    12   7    3    7    0    0
 -4.327043874820584e-03    12   7    3    8    0    0
 -1.244684091543897e-03    12   7    3    9    0    0
 -1.060273907671498e-02    12   7    3    10    0    0
 +2.646871527181221e-03    12   7    3    11    0    0
 -5.778448469642699e-03    12   7    4    1    0    0
 -5.118081093876279e-03    12   7    4    2    0    0
 +9.626946418505071e-04    12   7    4    6    0    0
 -3.657796006339555e-03    12   7    4    7    0    0
 +6.911590996018164e-03    12   7    4    8    0    0
 -7.591010650990483e-03    12   7    4    9    0    0
 -3.633935327740272e-03    12   7    4    10    0    0
 -4.755692443521059e-03    12   7    4    11    0    0
 +7.069212482983886e-03    12   7    5    1    0    0
 +6.261335191934511e-03    12   7    5    2    0    0
 -1.177737071676765e-03    12   7    5    6    0    0
 -1.072820369918149e-02    12   7    5    7    0    0
 -7.938078163912680e-04    12   7    5    8    0    0
 +1.944287219606516e-03    12   7    5    9    0    0
 +1.491804895136005e-03    12   7    5    10    0    0
 +2.241210669104462e-03    12   7    5    11    0    0
 +1.171627325642366e-04    12   7    6    3    0    0
 +4.540363980781021e-04    12   7    6    4    0    0
 -5.554570210126576e-04    12   7    6    5    0    0
 +2.265237368942492e-03    12   7    6    12    0    0
 -1.268632221557561e-02    12   7    6    13    0    0
 +5.607962923937161e-03    12   7    6    14    0    0
 -9.089271981088980e-03    12   7    7    3    0    0
 -2.425929106175736e-03    12   7    7    4    0    0
 -7.115175795949205e-03    12   7    7    5    0    0
 +1.353143168877542e-02    12   7    7    12    0    0
 +1.787881730255654e-03    12   7    7    13    0    0
 -1.262157839554962e-02    12   7    7    14    0    0
 -2.869788709220965e-03    12   7    8    3    0    0
 +4.928715466088782e-03    12   7    8    4    0    0
 -9.075796807181611e-04    12   7    8    5    0    0
 +4.866443335190164e-03    12   7    8    12    0    0
 +6.887327398776804e-03    12   7    8    13    0    0
 +2.891523555120598e-03    12   7    8    14    0    0
 -8.255013019963316e-04    12   7    9    3    0    0
 -4.943671478848726e-03    12   7    9    4    0    0
 +1.419378462094928e-03    12   7    9    5    0    0
 +1.399843583042491e-03    12   7    9    12    0    0
 -8.624067682429844e-03    12   7    9    13    0    0
 -2.057804770378923e-03    12   7    9    14    0    0
 -7.031964955620923e-03    12   7    10    3    0    0
 -2.656642570081678e-03    12   7    10    4    0    0
 +3.006033766245620e-04    12   7    10    5    0    0
 +1.192445244544217e-02    12   7    10    12    0    0
 -4.489640187090371e-03    12   7    10    13    0    0
 +3.273822227466210e-04    12   7    10    14    0    0
 +1.755462214669137e-03    12   7    11    3    0    0
 -2.547196118974122e-03    12   7    11    4    0    0
 +1.063284874276446e-03    12   7    11    5    0    0
 -2.976824519277606e-03    12   7    11    12    0    0
 -6.596019109217399e-03    12   7    11    13    0    0
 -7.456964490107995e-05    12   7    11    14    0    0
 +2.633120191059296e-03    12   7    12    1    0    0
 +1.172509269705649e-03    12   7    12    2    0    0
 +1.139337052583186e-03    12   7    12    6    0    0
 +1.524931335567992e-02    12   7    12    7    0    0
 +5.346174913208550e-03    12   7    12    8    0    0
 +1.537839471377574e-03    12   7    12    9    0    0
 +1.309995907207655e-02    12   7    12    10    0    0
 -3.270278408648951e-03    12   7    12    11    0    0
 -1.474662727805461e-02    12   7    13    1    0    0
 -6.566565870833716e-03    12   7    13    2    0    0
 -6.380786914159955e-03    12   7    13    6    0    0
 +1.964130227297343e-03    12   7    13    7    0    0
 +7.823982348088796e-03    12   7    13    8    0    0
 -9.462256795010877e-03    12   7    13    9    0    0
 -4.883016158443909e-03    12   7    13    10    0    0
 -6.852813372406079e-03    12   7    13    11    0    0
 +6.518716584930939e-03    12   7    14    1    0    0
 +2.902737082936049e-03    12   7    14    2    0    0
 +2.820613873122335e-03    12   7    14    6    0    0
 -1.386580735368725e-02    12   7    14    7    0    0
 +3.077777775332082e-03    12   7    14    8    0    0
 -2.176387595186127e-03    12   7    14    9    0    0
 -3.012402395735897e-05    12   7    14    10    0    0
 -1.371861473943177e-04    12   7    14    11    0    0
 -3.877130291811156e-03    12   8    1    3    0    0
 +1.052484468283745e-02    12   8    1    4    0    0
 +1.629136865811212e-02    12   8    1    5    0    0
 +1.163469885411139e-02    12   8    1    12    0    0
 +6.058231022395636e-03    12   8    1    13    0    0
 +5.788655541993748e-02    12   8    1    14    0    0
 -2.932580354259118e-03    12   8    2    3    0    0
 +7.960772639935941e-03    12   8    2    4    0    0
 +1.232245090439116e-02    12   8    2    5    0    0
 +5.401282023447841e-03    12   8    2    12    0    0
 +2.812467664652664e-03    12   8    2    13    0    0
 +2.687320188597260e-02    12   8    2    14    0    0
 -3.740169309099296e-03    12   8    3    1    0    0
 -3.312738692637686e-03    12   8    3    2    0    0
 +6.231155252833430e-04    12   8    3    6    0    0
 -4.327043874820691e-03    12   8    3    7    0    0
 -3.339953665353358e-02    12   8    3    8    0    0
 -3.122053449344512e-03    12   8    3    9    0    0
 +2.120260578634600e-03    12   8    3    10    0    0
 -5.293025995630908e-04    12   8    3    11    0    0
 +1.015305086572073e-02    12   8    4    1    0    0
 +8.992749170301817e-03    12   8    4    2    0    0
 -1.691507282312293e-03    12   8    4    6    0    0
 +1.440476747522223e-02    12   8    4    7    0    0
 -8.023987960366771e-04    12   8    4    8    0    0
 -1.238393441528998e-02    12   8    4    9    0    0
 -9.592440403702548e-03    12   8    4    10    0    0
 -1.442004939920945e-03    12   8    4    11    0    0
 +1.571587036602517e-02    12   8    5    1    0    0
 +1.391984360797426e-02    12   8    5    2    0    0
 -2.618277946558733e-03    12   8    5    6    0    0
 -9.076068503250550e-03    12   8    5    7    0    0
 +7.140655132481904e-03    12   8    5    8    0    0
 -1.670280508875460e-02    12   8    5    9    0    0
 +6.702680699104259e-03    12   8    5    10    0    0
 -5.212771495858151e-03    12   8    5    11    0    0
 +2.938804438988807e-04    12   8    6    3    0    0
 -7.977668519143071e-04    12   8    6    4    0    0
 -1.234860397412962e-03    12   8    6    5    0    0
 +5.681917355044394e-03    12   8    6    12    0    0
 +2.958595526935752e-03    12   8    6    13    0    0
 +2.826945742115717e-02    12   8    6    14    0    0
 -2.869788709221050e-03    12   8    7    3    0    0
 +9.208752660464536e-03    12   8    7    4    0    0
 -5.638334907376941e-03    12   8    7    5    0    0
 +4.866443335190193e-03    12   8    7    12    0    0
 +1.951458257806564e-02    12   8    7    13    0    0
 -1.949100079569140e-03    12   8    7    14    0    0
 -2.286627941550072e-02    12   8    8    3    0    0
 -5.321681664839729e-04    12   8    8    4    0    0
 +4.735836304984790e-03    12   8    8    5    0    0
 +3.689378787640490e-02    12   8    8    12    0    0
 -4.436933326022634e-03    12   8    8    13    0    0
 +6.754378406107234e-03    12   8    8    14    0    0
 -2.070613101625827e-03    12   8    9    3    0    0
 -7.528548130722617e-03    12   8    9    4    0    0
 -1.009870727100084e-02    12   8    9    5    0    0
 +3.511241540461576e-03    12   8    9    12    0    0
 -4.083223403079924e-03    12   8    9    13    0    0
 -2.416015262829836e-02    12   8    9    14    0    0
 +1.406202489551619e-03    12   8    10    3    0    0
 -5.904386998233107e-03    12   8    10    4    0    0
 +4.123979903150855e-03    12   8    10    5    0    0
 -2.384567446104437e-03    12   8    10    12    0    0
 -1.354912771065157e-02    12   8    10    13    0    0
 +1.918640660004854e-03    12   8    10    14    0    0
 -3.510448860541590e-04    12   8    11    3    0    0
 -1.427696921391758e-03    12   8    11    4    0    0
 -3.988783359244855e-03    12   8    11    5    0    0
 +5.952842592909020e-04    12   8    11    12    0    0
 +1.373495380052646e-03    12   8    11    13    0    0
 -5.318901206441420e-03    12   8    11    14    0    0
 +6.604681485756232e-03    12   8    12    1    0    0
 +2.941016628028300e-03    12   8    12    2    0    0
 +2.857810426877988e-03    12   8    12    6    0    0
 +5.346174913208550e-03    12   8    12    7    0    0
 +4.091471906596065e-02    12   8    12    8    0    0
 +3.857377995566028e-03    12   8    12    9    0    0
 -2.619636926013678e-03    12   8    12    10    0    0
 +6.539670872638737e-04    12   8    12    11    0    0
 +3.439082246285420e-03    12   8    13    1    0    0
 +1.531398310924683e-03    12   8    13    2    0    0
 +1.488072532115513e-03    12   8    13    6    0    0
 +2.118061486119325e-02    12   8    13    7    0    0
 -4.874324019686636e-03    12   8    13    8    0    0
 -4.395547959894466e-03    12   8    13    9    0    0
 -1.458760361465105e-02    12   8    13    10    0    0
 +1.412252184391397e-03    12   8    13    11    0    0
 +3.286052055581702e-02    12   8    14    1    0    0
 +1.463255080032957e-02    12   8    14    2    0    0
 +1.421857185385551e-02    12   8    14    6    0    0
 -2.042450659493872e-03    12   8    14    7    0    0
 +7.420221690023450e-03    12   8    14    8    0    0
 -2.590666642883673e-02    12   8    14    9    0    0
 +2.064973651895474e-03    12   8    14    10    0    0
 -6.212303868383198e-03    12   8    14    11    0    0
 -1.159997281158815e-02    12   9    1    3    0    0
 +3.480981556481590e-02    12   9    1    12    0    0
 -8.773977095650354e-03    12   9    2    3    0    0
 +1.616007714572988e-02    12   9    2    12    0    0
 -1.119019971753931e-02    12   9    3    1    0    0
 -9.911371523328947e-03    12   9    3    2    0    0
 +1.864297201213980e-03    12   9    3    6    0    0
 -1.244684091543893e-03    12   9    3    7    0    0
 -3.122053449344496e-03    12   9    3    8    0    0
 -1.558310620849089e-02    12   9    3    9    0    0
 +2.629819368990082e-03    12   9    3    10    0    0
 +1.560585295444412e-02    12   9    3    11    0    0
 -5.616653022718513e-03    12   9    4    7    0    0
 +2.496911523493820e-03    12   9    4    8    0    0
 -1.196528626968834e-02    12   9    4    10    0    0
 +2.067882752149001e-03    12   9    4    11    0    0
 +4.766952660715672e-03    12   9    5    7    0    0
 +4.571785170070833e-03    12   9    5    8    0    0
 +7.855434049972077e-03    12   9    5    10    0    0
 -2.894201399579049e-05    12   9    5    11    0    0
 +8.792598913389112e-04    12   9    6    3    0    0
 +1.699970903103611e-02    12   9    6    12    0    0
 -8.255013019963258e-04    12   9    7    3    0    0
 -3.815935583737222e-03    12   9    7    4    0    0
 +3.031660397366798e-03    12   9    7    5    0    0
 +1.399843583042489e-03    12   9    7    12    0    0
 -8.037688975160480e-03    12   9    7    13    0    0
 +2.071543579096292e-03    12   9    7    14    0    0
 -2.070613101625800e-03    12   9    8    3    0    0
 +9.712615666101789e-04    12   9    8    4    0    0
 +2.053153539374767e-03    12   9    8    5    0    0
 +3.511241540461559e-03    12   9    8    12    0    0
 +3.363463241602102e-04    12   9    8    13    0    0
 +6.962981162762261e-03    12   9    8    14    0    0
 -1.105003894996476e-02    12   9    9    3    0    0
 +1.685640168286830e-02    12   9    9    12    0    0
 +1.744152856026049e-03    12   9    10    3    0    0
 -7.879944653957218e-03    12   9    10    4    0    0
 +5.289512356148740e-03    12   9    10    5    0    0
 -2.957646677780998e-03    12   9    10    12    0    0
 -1.601035412699367e-02    12   9    10    13    0    0
 +1.703322684082302e-03    12   9    10    14    0    0
 +1.035013785439908e-02    12   9    11    3    0    0
 +1.217846108241735e-03    12   9    11    4    0    0
 -2.388172886407977e-04    12   9    11    5    0    0
 -1.755124313438181e-02    12   9    11    12    0    0
 +2.124206032549856e-03    12   9    11    13    0    0
 +1.271175998289423e-03    12   9    11    14    0    0
 +1.976052386626976e-02    12   9    12    1    0    0
 +8.799217554182434e-03    12   9    12    2    0    0
 +8.550273206571127e-03    12   9    12    6    0    0
 +1.537839471377574e-03    12   9    12    7    0    0
 +3.857377995566028e-03    12   9    12    8    0    0
 +1.890205724792871e-02    12   9    12    9    0    0
 -3.249210025019109e-03    12   9    12    10    0    0
 -1.928143600525221e-02    12   9    12    11    0    0
 -8.842007596329070e-03    12   9    13    7    0    0
 +2.793055909871508e-04    12   9    13    8    0    0
 -1.758131105582795e-02    12   9    13    10    0    0
 +2.313373914488654e-03    12   9    13    11    0    0
 +2.191480768874407e-03    12   9    14    7    0    0
 +7.014206302492255e-03    12   9    14    8    0    0
 +1.922895426410680e-03    12   9    14    10    0    0
 +1.253988529256349e-03    12   9    14    11    0    0
 +3.265848103799748e-03    12   10    1    3    0    0
 -1.546292798606706e-02    12   10    1    4    0    0
 +8.892052899799677e-03    12   10    1    5    0    0
 -9.800330742362267e-03    12   10    1    12    0    0
 -5.345329906268273e-02    12   10    1    13    0    0
 +2.812571094860534e-03    12   10    1    14    0    0
 +2.470219277754415e-03    12   10    2    3    0    0
 -1.169583568729645e-02    12   10    2    4    0    0
 +6.725763046462581e-03    12   10    2    5    0    0
 -4.549696638160854e-03    12   10    2    12    0    0
 -2.481511098323179e-02    12   10    2    13    0    0
 +1.305705449262291e-03    12   10    2    14    0    0
 +3.150480878037745e-03    12   10    3    1    0    0
 +2.790440496824495e-03    12   10    3    2    0    0
 -5.248729094797026e-04    12   10    3    6    0    0
 -1.060273907671496e-02    12   10    3    7    0    0
 +2.120260578634695e-03    12   10    3    8    0    0
 +2.629819368990094e-03    12   10    3    9    0    0
 -2.906946380877545e-02    12   10    3    10    0    0
 -1.296972602577309e-03    12   10    3    11    0    0
 -1.491669465028089e-02    12   10    4    1    0    0
 -1.321199856221085e-02    12   10    4    2    0    0
 +2.485134563263497e-03    12   10    4    6    0    0
 -8.991704003576552e-03    12   10    4    7    0    0
 +3.505108011036312e-04    12   10    4    8    0    0
 -1.075501127936502e-02    12   10    4    9    0    0
 +7.096402262354870e-03    12   10    4    10    0    0
 -1.322488865532137e-02    12   10    4    11    0    0
 +8.577938023120310e-03    12   10    5    1    0    0
 +7.597641936450280e-03    12   10    5    2    0    0
 -1.429092085248801e-03    12   10    5    6    0    0
 -1.347705172945064e-02    12   10    5    7    0    0
 -2.815955146457202e-04    12   10    5    8    0    0
 +9.585719050270629e-03    12   10    5    9    0    0
 +8.493791679586180e-03    12   10    5    10    0    0
 +6.018384134639189e-03    12   10    5    11    0    0
 -2.475462051089994e-04    12   10    6    3    0    0
 +1.172065883398485e-03    12   10    6    4    0    0
 -6.740037751336882e-04    12   10    6    5    0    0
 -4.786086002606402e-03    12   10    6    12    0    0
 -2.610443393825483e-02    12   10    6    13    0    0
 +1.373546210054010e-03    12   10    6    14    0    0
 -7.031964955620909e-03    12   10    7    3    0    0
 -5.716953410895530e-03    12   10    7    4    0    0
 -8.249477258512017e-03    12   10    7    5    0    0
 +1.192445244544216e-02    12   10    7    12    0    0
 -2.078384933920476e-03    12   10    7    13    0    0
 -1.877132531033378e-02    12   10    7    14    0    0
 +1.406202489551733e-03    12   10    8    3    0    0
 -2.250598001432920e-04    12   10    8    4    0    0
 +1.346221116182542e-04    12   10    8    5    0    0
 -2.384567446104515e-03    12   10    8    12    0    0
 +1.012833005904783e-03    12   10    8    13    0    0
 -1.787832925077815e-04    12   10    8    14    0    0
 +1.744152856026064e-03    12   10    9    3    0    0
 -7.188646112092778e-03    12   10    9    4    0    0
 +6.277836090242125e-03    12   10    9    5    0    0
 -2.957646677781002e-03    12   10    9    12    0    0
 -1.565090583145522e-02    12   10    9    13    0    0
 +4.234600180184350e-03    12   10    9    14    0    0
 -1.999448182816818e-02    12   10    10    3    0    0
 +4.706486848239004e-03    12   10    10    4    0    0
 +5.633265611747914e-03    12   10    10    5    0    0
 +3.202393798676530e-02    12   10    10    12    0    0
 +2.797780620173029e-03    12   10    10    13    0    0
 +1.212936479792849e-02    12   10    10    14    0    0
 -8.601801688917516e-04    12   10    11    3    0    0
 -7.735293559493987e-03    12   10    11    4    0    0
 +3.406993037488705e-03    12   10    11    5    0    0
 +1.458650261085917e-03    12   10    11    12    0    0
 -1.743874642416560e-02    12   10    11    13    0    0
 -6.404840384679467e-04    12   10    11    14    0    0
 -5.563363849808112e-03    12   10    12    1    0    0
 -2.477325458516577e-03    12   10    12    2    0    0
 -2.407237843760625e-03    12   10    12    6    0    0
 +1.309995907207655e-02    12   10    12    7    0    0
 -2.619636926013678e-03    12   10    12    8    0    0
 -3.249210025019109e-03    12   10    12    9    0    0
 +3.556480178184907e-02    12   10    12    10    0    0
 +1.602443282668526e-03    12   10    12    11    0    0
 -3.034388935190500e-02    12   10    13    1    0    0
 -1.351191322934542e-02    12   10    13    2    0    0
 -1.312963896425907e-02    12   10    13    6    0    0
 -2.332481631771130e-03    12   10    13    7    0    0
 +8.154871758416583e-04    12   10    13    8    0    0
 -1.720110025602984e-02    12   10    13    9    0    0
 +3.073584450489752e-03    12   10    13    10    0    0
 -1.851980984124503e-02    12   10    13    11    0    0
 +1.596615131214578e-03    12   10    14    1    0    0
 +7.109611053296841e-04    12   10    14    2    0    0
 +6.908468454589878e-04    12   10    14    6    0    0
 -2.023201385453707e-02    12   10    14    7    0    0
 -1.536020052942818e-04    12   10    14    8    0    0
 +4.600384938112217e-03    12   10    14    9    0    0
 +1.332507158296253e-02    12   10    14    10    0    0
 -7.320301534422133e-04    12   10    14    11    0    0
 +1.938016955857428e-02    12   11    1    3    0    0
 +4.233547285293447e-03    12   11    1    4    0    0
 +2.345221039094084e-03    12   11    1    5    0    0
 -5.815704389193906e-02    12   11    1    12    0    0
 +8.147774076432709e-03    12   11    1    13    0    0
 +1.202250227888350e-02    12   11    1    14    0    0
 +1.465875537629562e-02    12   11    2    3    0    0
 +3.202166722098666e-03    12   11    2    4    0    0
 +1.773876199148707e-03    12   11    2    5    0    0
 -2.699877320841828e-02    12   11    2    12    0    0
 +3.782515233267040e-03    12   11    2    13    0    0
 +5.581315532962682e-03    12   11    2    14    0    0
 +1.869555829506555e-02    12   11    3    1    0    0
 +1.655900955976821e-02    12   11    3    2    0    0
 -3.114696599203037e-03    12   11    3    6    0    0
 +2.646871527181249e-03    12   11    3    7    0    0
 -5.293025995629978e-04    12   11    3    8    0    0
 +1.560585295444454e-02    12   11    3    9    0    0
 -1.296972602577422e-03    12   11    3    10    0    0
 -3.394105150690869e-02    12   11    3    11    0    0
 +4.083995747710226e-03    12   11    4    1    0    0
 +3.617272271897535e-03    12   11    4    2    0    0
 -6.803973150087646e-04    12   11    4    6    0    0
 +8.433049142365692e-03    12   11    4    7    0    0
 -1.168490249951621e-02    12   11    4    8    0    0
 -1.270547559011356e-03    12   11    4    9    0    0
 +9.283744030221645e-03    12   11    4    10    0    0
 -2.636207459978539e-03    12   11    4    11    0    0
 +2.262375286174915e-03    12   11    5    1    0    0
 +2.003828577905601e-03    12   11    5    2    0    0
 -3.769137299221372e-04    12   11    5    6    0    0
 -6.954338558379612e-03    12   11    5    7    0    0
 -1.676464807871764e-02    12   11    5    8    0    0
 -4.801771278525101e-03    12   11    5    9    0    0
 -6.684591304503683e-03    12   11    5    10    0    0
 -4.906243112886742e-03    12   11    5    11    0    0
 -1.468986699966900e-03    12   11    6    3    0    0
 -3.208962974747064e-04    12   11    6    4    0    0
 -1.777641059589592e-04    12   11    6    5    0    0
 -2.840155307422651e-02    12   11    6    12    0    0
 +3.979044022570911e-03    12   11    6    13    0    0
 +5.871304896328360e-03    12   11    6    14    0    0
 +1.755462214669158e-03    12   11    7    3    0    0
 +4.986098297787833e-03    12   11    7    4    0    0
 -4.189132818750213e-03    12   11    7    5    0    0
 -2.976824519277587e-03    12   11    7    12    0    0
 +1.268195602162969e-02    12   11    7    13    0    0
 -2.782508707789101e-03    12   11    7    14    0    0
 -3.510448860540820e-04    12   11    8    3    0    0
 -7.278350867006729e-03    12   11    8    4    0    0
 -1.058711473135267e-02    12   11    8    5    0    0
 +5.952842592909745e-04    12   11    8    12    0    0
 -3.361827420036725e-03    12   11    8    13    0    0
 -2.340277520027763e-02    12   11    8    14    0    0
 +1.035013785439944e-02    12   11    9    3    0    0
 -6.890362322785968e-04    12   11    9    4    0    0
 -2.965015828243124e-03    12   11    9    5    0    0
 -1.755124313438175e-02    12   11    9    12    0    0
 +1.132701544135608e-03    12   11    9    13    0    0
 -5.711116114256161e-03    12   11    9    14    0    0
 -8.601801688918533e-04    12   11    10    3    0    0
 +5.121441545574753e-03    12   11    10    4    0    0
 -3.848835983709769e-03    12   11    10    5    0    0
 +1.458650261085911e-03    12   11    10    12    0    0
 +1.382440047942268e-02    12   11    10    13    0    0
 -2.032416985776190e-03    12   11    10    14    0    0
 -2.322542373135420e-02    12   11    11    3    0    0
 -1.748389575579284e-03    12   11    11    4    0    0
 -3.253926120783645e-03    12   11    11    5    0    0
 +3.750280674132849e-02    12   11    11    12    0    0
 -1.487290244060318e-04    12   11    11    13    0    0
 -6.262164808486163e-03    12   11    11    14    0    0
 -3.301406902540217e-02    12   11    12    1    0    0
 -1.470092481703745e-02    12   11    12    2    0    0
 -1.428501145709087e-02    12   11    12    6    0    0
 -3.270278408648951e-03    12   11    12    7    0    0
 +6.539670872638737e-04    12   11    12    8    0    0
 -1.928143600525221e-02    12   11    12    9    0    0
 +1.602443282668526e-03    12   11    12    10    0    0
 +4.158377470948987e-02    12   11    12    11    0    0
 +4.625255304629050e-03    12   11    13    1    0    0
 +2.059592546457606e-03    12   11    13    2    0    0
 +2.001323283348042e-03    12   11    13    6    0    0
 +1.353869893676306e-02    12   11    13    7    0    0
 -3.596593013847604e-03    12   11    13    8    0    0
 +1.264598000894685e-03    12   11    13    9    0    0
 +1.454916346019877e-02    12   11    13    10    0    0
 -1.633906581005272e-04    12   11    13    11    0    0
 +6.824826255450933e-03    12   11    14    1    0    0
 +3.039045492802745e-03    12   11    14    2    0    0
 +2.953065893718159e-03    12   11    14    6    0    0
 -3.001541576767420e-03    12   11    14    7    0    0
 -2.534074119854253e-02    12   11    14    8    0    0
 -6.131615746753145e-03    12   11    14    9    0    0
 -2.204364132292359e-03    12   11    14    10    0    0
 -6.879485919298772e-03    12   11    14    11    0    0
 +5.731981176942513e-01    12   12    1    1    0    0
 +1.515876230780481e-01    12   12    1    2    0    0
 +1.534002653829910e-01    12   12    1    6    0    0
 +3.154171876270798e-03    12   12    1    7    0    0
 +7.911640594620151e-03    12   12    1    8    0    0
 +2.367081033786449e-02    12   12    1    9    0    0
 -6.664263124831771e-03    12   12    1    10    0    0
 -3.954701665148627e-02    12   12    1    11    0    0
 +1.673815232155104e-01    12   12    2    1    0    0
 +3.088743980327082e-01    12   12    2    2    0    0
 +1.266200139053082e-01    12   12    2    6    0    0
 +1.274002757550914e-03    12   12    2    7    0    0
 +3.195593750019361e-03    12   12    2    8    0    0
 +9.560885971616114e-03    12   12    2    9    0    0
 -2.691765043609054e-03    12   12    2    10    0    0
 -1.597345047869535e-02    12   12    2    11    0    0
 +4.366206143689450e-01    12   12    3    3    0    0
 -1.305316210750015e-01    12   12    3    12    0    0
 +4.036015358092853e-01    12   12    4    4    0    0
 +9.502167520506442e-02    12   12    4    13    0    0
 +4.818503649566899e-02    12   12    4    14    0    0
 +4.036015358092651e-01    12   12    5    5    0    0
 -4.818503649566832e-02    12   12    5    13    0    0
 +9.502167520506460e-02    12   12    5    14    0    0
 +1.210669622526441e-01    12   12    6    1    0    0
 +1.404384841594559e-01    12   12    6    2    0    0
 +6.065945180984139e-01    12   12    6    6    0    0
 -1.261477014356986e-04    12   12    6    7    0    0
 -3.164175304158217e-04    12   12    6    8    0    0
 -9.466885231287779e-04    12   12    6    9    0    0
 +2.665300141963507e-04    12   12    6    10    0    0
 +1.581640267214164e-03    12   12    6    11    0    0
 +1.834006862631060e-03    12   12    7    1    0    0
 +7.794552167647913e-04    12   12    7    2    0    0
 -4.480400047150453e-04    12   12    7    6    0    0
 +5.157514145236926e-01    12   12    7    7    0    0
 +6.046845119058211e-03    12   12    7    8    0    0
 +1.739388862571538e-03    12   12    7    9    0    0
 +1.481684098646641e-02    12   12    7    10    0    0
 -3.698881416027503e-03    12   12    7    11    0    0
 +4.600257599899445e-03    12   12    8    1    0    0
 +1.955115249437750e-03    12   12    8    2    0    0
 -1.123823186676909e-03    12   12    8    6    0    0
 +6.046845119058191e-03    12   12    8    7    0    0
 +5.447805308110036e-01    12   12    8    8    0    0
 +4.362926332100070e-03    12   12    8    9    0    0
 -2.962966797183123e-03    12   12    8    10    0    0
 +7.396760775404010e-04    12   12    8    11    0    0
 +1.376349492247974e-02    12   12    9    1    0    0
 +5.849502603742632e-03    12   12    9    2    0    0
 -3.362362734628028e-03    12   12    9    6    0    0
 +1.739388862571539e-03    12   12    9    7    0    0
 +4.362926332100069e-03    12   12    9    8    0    0
 +5.198828873869219e-01    12   12    9    9    0    0
 -3.675051807983196e-03    12   12    9    10    0    0
 -2.180846288974424e-02    12   12    9    11    0    0
 -3.874964581756103e-03    12   12    10    1    0    0
 -1.646864807089966e-03    12   12    10    2    0    0
 +9.466372154082189e-04    12   12    10    6    0    0
 +1.481684098646641e-02    12   12    10    7    0    0
 -2.962966797183124e-03    12   12    10    8    0    0
 -3.675051807983205e-03    12   12    10    9    0    0
 +5.387294528455187e-01    12   12    10    10    0    0
 +1.812459655674849e-03    12   12    10    11    0    0
 -2.299478366447256e-02    12   12    11    1    0    0
 -9.772811896645776e-03    12   12    11    2    0    0
 +5.617526952255601e-03    12   12    11    6    0    0
 -3.698881416027496e-03    12   12    11    7    0    0
 +7.396760775404041e-04    12   12    11    8    0    0
 -2.180846288974423e-02    12   12    11    9    0    0
 +1.812459655674848e-03    12   12    11    10    0    0
 +5.455372729524607e-01    12   12    11    11    0    0
 -1.211153563552434e-01    12   12    12    3    0    0
 +7.198412474255085e-01    12   12    12    12    0    0
 +9.146926834016550e-02    12   12    13    4    0    0
 -4.638362798478792e-02    12   12    13    5    0    0
 +6.390326850105421e-01    12   12    13    13    0    0
 +4.638362798478787e-02    12   12    14    4    0    0
 +9.146926834016554e-02    12   12    14    5    0    0
 +6.390326850105422e-01    12   12    14    14    0    0
 -1.766474511426477e-02    12   13    1    7    0    0
 +4.119620721548456e-03    12   13    1    8    0    0
 -3.634845182359375e-02    12   13    1    10    0    0
 +5.540518147241885e-03    12   13    1    11    0    0
 -7.134973891662176e-03    12   13    2    7    0    0
 +1.663957566422106e-03    12   13    2    8    0    0
 -1.468151694723591e-02    12   13    2    10    0    0
 +2.237872783962703e-03    12   13    2    11    0    0
 -1.472455477869824e-02    12   13    3    4    0    0
 +7.466751221370172e-03    12   13    3    5    0    0
 -1.199547052341335e-02    12   13    3    13    0    0
 -1.472455477869823e-02    12   13    4    3    0    0
 +1.069853978505009e-02    12   13    4    12    0    0
 +7.466751221370172e-03    12   13    5    3    0    0
 -5.425178296220261e-03    12   13    5    12    0    0
 +7.064824239211351e-04    12   13    6    7    0    0
 -1.647597864656083e-04    12   13    6    8    0    0
 +1.453717117569733e-03    12   13    6    10    0    0
 -2.215870461262201e-04    12   13    6    11    0    0
 -1.027124235363273e-02    12   13    7    1    0    0
 -4.365290882122900e-03    12   13    7    2    0    0
 +2.509220421317643e-03    12   13    7    6    0    0
 +2.221549326563130e-03    12   13    7    7    0    0
 +1.640297127502056e-02    12   13    7    8    0    0
 -1.035161153437584e-02    12   13    7    9    0    0
 -4.080580817374622e-03    12   13    7    10    0    0
 +3.781069189443124e-03    12   13    7    11    0    0
 +2.395371264196891e-03    12   13    8    1    0    0
 +1.018035791473627e-03    12   13    8    2    0    0
 -5.851789185593915e-04    12   13    8    6    0    0
 +1.640297127502056e-02    12   13    8    7    0    0
 -5.513153401383939e-03    12   13    8    8    0    0
 -2.327858747736833e-03    12   13    8    9    0    0
 -7.788545681638915e-03    12   13    8    10    0    0
 -1.235310375865572e-03    12   13    8    11    0    0
 -1.035161153437584e-02    12   13    9    7    0    0
 -2.327858747736834e-03    12   13    9    8    0    0
 -1.967049876637390e-02    12   13    9    10    0    0
 +2.023450631890888e-03    12   13    9    11    0    0
 -2.113496432835537e-02    12   13    10    1    0    0
 -8.982386346275965e-03    12   13    10    2    0    0
 +5.163181071058278e-03    12   13    10    6    0    0
 -4.080580817374621e-03    12   13    10    7    0    0
 -7.788545681638934e-03    12   13    10    8    0    0
 -1.967049876637390e-02    12   13    10    9    0    0
 +3.476408728517088e-03    12   13    10    10    0    0
 -2.245519841617514e-03    12   13    10    11    0    0
 +3.221558210260675e-03    12   13    11    1    0    0
 +1.369166279725185e-03    12   13    11    2    0    0
 -7.870128433675324e-04    12   13    11    6    0    0
 +3.781069189443123e-03    12   13    11    7    0    0
 -1.235310375865563e-03    12   13    11    8    0    0
 +2.023450631890886e-03    12   13    11    9    0    0
 -2.245519841617508e-03    12   13    11    10    0    0
 -1.848046536962666e-04    12   13    11    11    0    0
 +8.275646461175800e-03    12   13    12    4    0    0
 -4.196540693441265e-03    12   13    12    5    0    0
 +4.040428120748263e-02    12   13    12    13    0    0
 -9.278861899073572e-03    12   13    13    3    0    0
 +4.040428120748262e-02    12   13    13    12    0    0
 +7.808664637255802e-03    12   14    1    7    0    0
 +3.936308343565503e-02    12   14    1    8    0    0
 +1.912559313169531e-03    12   14    1    10    0    0
 +8.175348435848539e-03    12   14    1    11    0    0
 +3.154000692066300e-03    12   14    2    7    0    0
 +1.589915794380307e-02    12   14    2    8    0    0
 +7.725025567847170e-04    12   14    2    10    0    0
 +3.302108084079664e-03    12   14    2    11    0    0
 -7.466751221370267e-03    12   14    3    4    0    0
 -1.472455477869834e-02    12   14    3    5    0    0
 -1.199547052341341e-02    12   14    3    14    0    0
 -7.466751221370272e-03    12   14    4    3    0    0
 +5.425178296220333e-03    12   14    4    12    0    0
 -1.472455477869833e-02    12   14    5    3    0    0
 +1.069853978505013e-02    12   14    5    12    0    0
 -3.122991180926171e-04    12   14    6    7    0    0
 -1.574284056676025e-03    12   14    6    8    0    0
 -7.649074643990726e-05    12   14    6    10    0    0
 -3.269642410347766e-04    12   14    6    11    0    0
 +4.540381784661512e-03    12   14    7    1    0    0
 +1.929667952867440e-03    12   14    7    2    0    0
 -1.109195782009939e-03    12   14    7    6    0    0
 -1.568306141860274e-02    12   14    7    7    0    0
 +5.855085943378915e-04    12   14    7    8    0    0
 +8.535643252372495e-06    12   14    7    9    0    0
 -1.145884782309932e-02    12   14    7    10    0    0
 -1.775044842996839e-03    12   14    7    11    0    0
 +2.288783490158545e-02    12   14    8    1    0    0
 +9.727358538287120e-03    12   14    8    2    0    0
 -5.591399828521484e-03    12   14    8    6    0    0
 +5.855085943378965e-04    12   14    8    7    0    0
 +8.392716668845059e-03    12   14    8    8    0    0
 -1.068425389709352e-02    12   14    8    9    0    0
 +1.080938100566196e-03    12   14    8    10    0    0
 -1.784419511630335e-02    12   14    8    11    0    0
 +8.535643252372046e-06    12   14    9    7    0    0
 -1.068425389709352e-02    12   14    9    8    0    0
 +3.689111062846729e-03    12   14    9    10    0    0
 -2.758444758310768e-03    12   14    9    11    0    0
 +1.112065874383783e-03    12   14    10    1    0    0
 +4.726293913268041e-04    12   14    10    2    0    0
 -2.716729199625313e-04    12   14    10    6    0    0
 -1.145884782309932e-02    12   14    10    7    0    0
 +1.080938100566199e-03    12   14    10    8    0    0
 +3.689111062846728e-03    12   14    10    9    0    0
 +1.507145676499739e-02    12   14    10    10    0    0
 -1.660619203690427e-03    12   14    10    11    0    0
 +4.753591663328571e-03    12   14    11    1    0    0
 +2.020282418701222e-03    12   14    11    2    0    0
 -1.161282040240317e-03    12   14    11    6    0    0
 -1.775044842996839e-03    12   14    11    7    0    0
 -1.784419511630328e-02    12   14    11    8    0    0
 -2.758444758310768e-03    12   14    11    9    0    0
 -1.660619203690427e-03    12   14    11    10    0    0
 -7.781112015239776e-03    12   14    11    11    0    0
 +4.196540693441323e-03    12   14    12    4    0    0
 +8.275646461175786e-03    12   14    12    5    0    0
 +4.040428120748283e-02    12   14    12    14    0    0
 -9.278861899073619e-03    12   14    14    3    0    0
 +4.040428120748283e-02    12   14    14    12    0    0
 +3.242943894770239e-02    13   1    1    4    0    0
 -1.644481320558611e-02    13   1    1    5    0    0
 +7.487115758321228e-02    13   1    1    13    0    0
 +5.087737733618834e-03    13   1    2    4    0    0
 -2.579967442646681e-03    13   1    2    5    0    0
 +4.614238773050028e-02    13   1    2    13    0    0
 +1.557448527125480e-02    13   1    3    7    0    0
 -3.632148204567072e-03    13   1    3    8    0    0
 +3.204735895692749e-02    13   1    3    10    0    0
 -4.884911597714252e-03    13   1    3    11    0    0
 +2.991834197886540e-02    13   1    4    1    0    0
 +6.879929999249804e-03    13   1    4    2    0    0
 -9.878428288370504e-03    13   1    4    6    0    0
 +1.942858547599891e-02    13   1    4    7    0    0
 -9.995545211421632e-03    13   1    4    8    0    0
 +1.356817015151588e-02    13   1    4    9    0    0
 -5.858642804032232e-03    13   1    4    10    0    0
 +3.094047619205142e-02    13   1    4    11    0    0
 -1.517144795679989e-02    13   1    5    1    0    0
 -3.488779558833073e-03    13   1    5    2    0    0
 +5.009303683267764e-03    13   1    5    6    0    0
 +2.478860944402702e-02    13   1    5    7    0    0
 -6.830670570577719e-04    13   1    5    8    0    0
 -1.665182262095125e-02    13   1    5    9    0    0
 -1.470749771062584e-02    13   1    5    10    0    0
 -1.694721048044777e-02    13   1    5    11    0    0
 -7.774118795025531e-03    13   1    6    4    0    0
 +3.942218415446419e-03    13   1    6    5    0    0
 +5.143756818266500e-02    13   1    6    13    0    0
 +9.191640776348762e-03    13   1    7    3    0    0
 +1.146622667636857e-02    13   1    7    4    0    0
 +1.462956812930652e-02    13   1    7    5    0    0
 -1.159891303803105e-02    13   1    7    12    0    0
 +4.555474704320335e-03    13   1    7    13    0    0
 +2.300901996060855e-02    13   1    7    14    0    0
 -2.143595821074075e-03    13   1    8    3    0    0
 -5.899100955632359e-03    13   1    8    4    0    0
 -4.031277377892211e-04    13   1    8    5    0    0
 +2.704999262079631e-03    13   1    8    12    0    0
 -6.409151668723480e-03    13   1    8    13    0    0
 -3.820424111406168e-03    13   1    8    14    0    0
 +8.007567752835584e-03    13   1    9    4    0    0
 -9.827456197589757e-03    13   1    9    5    0    0
 +1.462092480617599e-02    13   1    9    13    0    0
 -6.490387772798163e-03    13   1    9    14    0    0
 +1.891348614303498e-02    13   1    10    3    0    0
 -3.457612829811747e-03    13   1    10    4    0    0
 -8.679968122256430e-03    13   1    10    5    0    0
 -2.386689018391028e-02    13   1    10    12    0    0
 +1.062389774830085e-03    13   1    10    13    0    0
 -1.174230766784717e-02    13   1    10    14    0    0
 -2.882942957561513e-03    13   1    11    3    0    0
 +1.826023381532860e-02    13   1    11    4    0    0
 -1.000178613831672e-02    13   1    11    5    0    0
 +3.637979928937456e-03    13   1    11    12    0    0
 +2.625942073108027e-02    13   1    11    13    0    0
 -8.352167021113805e-04    13   1    11    14    0    0
 -1.474662727805461e-02    13   1    12    7    0    0
 +3.439082246285420e-03    13   1    12    8    0    0
 -3.034388935190500e-02    13   1    12    10    0    0
 +4.625255304629050e-03    13   1    12    11    0    0
 +2.872340553516131e-02    13   1    13    1    0    0
 +2.285742129449604e-02    13   1    13    2    0    0
 +2.103040265380391e-02    13   1    13    6    0    0
 +5.791739908640695e-03    13   1    13    7    0    0
 -8.148467922579613e-03    13   1    13    8    0    0
 +1.858875291763881e-02    13   1    13    9    0    0
 +1.350701223646291e-03    13   1    13    10    0    0
 +3.338570509056864e-02    13   1    13    11    0    0
 +2.925321021718828e-02    13   1    14    7    0    0
 -4.857211208522319e-03    13   1    14    8    0    0
 -8.251749889120953e-03    13   1    14    9    0    0
 -1.492893635758979e-02    13   1    14    10    0    0
 -1.061877898563260e-03    13   1    14    11    0    0
 +3.115185003674027e-02    13   2    1    4    0    0
 -1.579695398643075e-02    13   2    1    5    0    0
 +4.170877600192439e-02    13   2    1    13    0    0
 -4.481615829553097e-03    13   2    2    4    0    0
 +2.272605927442965e-03    13   2    2    5    0    0
 +3.341436759569150e-02    13   2    2    13    0    0
 +1.331198823683001e-02    13   2    3    7    0    0
 -3.104508003411208e-03    13   2    3    8    0    0
 +2.739185649001646e-02    13   2    3    10    0    0
 -4.175283137398214e-03    13   2    3    11    0    0
 +3.648978319138833e-02    13   2    4    1    0    0
 +1.637496593442014e-04    13   2    4    2    0    0
 -1.570169747565030e-02    13   2    4    6    0    0
 +1.660620539364427e-02    13   2    4    7    0    0
 -8.543497775861180e-03    13   2    4    8    0    0
 +1.159712942716943e-02    13   2    4    9    0    0
 -5.007560939109136e-03    13   2    4    10    0    0
 +2.644576998449475e-02    13   2    4    11    0    0
 -1.850379432904813e-02    13   2    5    1    0    0
 -8.303666815626050e-05    13   2    5    2    0    0
 +7.962255604054638e-03    13   2    5    6    0    0
 +2.118758158481829e-02    13   2    5    7    0    0
 -5.838382758820176e-04    13   2    5    8    0    0
 -1.423282137362241e-02    13   2    5    9    0    0
 -1.257094748925091e-02    13   2    5    10    0    0
 -1.448529839886169e-02    13   2    5    11    0    0
 -1.594461574792829e-02    13   2    6    4    0    0
 +8.085438296739232e-03    13   2    6    5    0    0
 +2.644258632437408e-02    13   2    6    13    0    0
 +1.240964813346178e-02    13   2    7    3    0    0
 +1.548057000208067e-02    13   2    7    4    0    0
 +1.975140208877014e-02    13   2    7    5    0    0
 -1.101266934583427e-02    13   2    7    12    0    0
 +4.325227412904917e-03    13   2    7    13    0    0
 +2.184607540094948e-02    13   2    7    14    0    0
 -2.894071964641678e-03    13   2    8    3    0    0
 -7.964385134755572e-03    13   2    8    4    0    0
 -5.442633693513495e-04    13   2    8    5    0    0
 +2.568280523902066e-03    13   2    8    12    0    0
 -6.085214009582333e-03    13   2    8    13    0    0
 -3.627328471367766e-03    13   2    8    14    0    0
 +1.081102935106405e-02    13   2    9    4    0    0
 -1.326806349666127e-02    13   2    9    5    0    0
 +1.388193961733979e-02    13   2    9    13    0    0
 -6.162344198435840e-03    13   2    9    14    0    0
 +2.553512628736600e-02    13   2    10    3    0    0
 -4.668128318299152e-03    13   2    10    4    0    0
 -1.171883810821160e-02    13   2    10    5    0    0
 -2.266058630209024e-02    13   2    10    12    0    0
 +1.008693423964594e-03    13   2    10    13    0    0
 -1.114881638297091e-02    13   2    10    14    0    0
 -3.892265653400742e-03    13   2    11    3    0    0
 +2.465316933033835e-02    13   2    11    4    0    0
 -1.350342661367028e-02    13   2    11    5    0    0
 +3.454105562547678e-03    13   2    11    12    0    0
 +2.493219121277450e-02    13   2    11    13    0    0
 -7.930023565408432e-04    13   2    11    14    0    0
 -6.566565870833716e-03    13   2    12    7    0    0
 +1.531398310924683e-03    13   2    12    8    0    0
 -1.351191322934542e-02    13   2    12    10    0    0
 +2.059592546457606e-03    13   2    12    11    0    0
 +2.285742129449604e-02    13   2    13    1    0    0
 +2.570335941506392e-02    13   2    13    2    0    0
 +2.931061753657715e-02    13   2    13    6    0    0
 +2.579019656475837e-03    13   2    13    7    0    0
 -3.628453499982506e-03    13   2    13    8    0    0
 +8.277436473354129e-03    13   2    13    9    0    0
 +6.014574308858050e-04    13   2    13    10    0    0
 +1.486641165384971e-02    13   2    13    11    0    0
 +1.302624174345151e-02    13   2    14    7    0    0
 -2.162880823385247e-03    13   2    14    8    0    0
 -3.674444208486602e-03    13   2    14    9    0    0
 -6.647746777969134e-03    13   2    14    10    0    0
 -4.728465049140568e-04    13   2    14    11    0    0
 +4.099255781544261e-03    13   3    1    7    0    0
 -9.559933614292665e-04    13   3    1    8    0    0
 +8.434970350504910e-03    13   3    1    10    0    0
 -1.285724809552533e-03    13   3    1    11    0    0
 +2.382375843196412e-03    13   3    2    7    0    0
 -5.555973112922494e-04    13   3    2    8    0    0
 +4.902175095195090e-03    13   3    2    10    0    0
 -7.472282508124752e-04    13   3    2    11    0    0
 -2.700117276231908e-04    13   3    3    4    0    0
 +1.369216541563333e-04    13   3    3    5    0    0
 +6.035737368506203e-03    13   3    3    13    0    0
 -2.700117276231890e-04    13   3    4    3    0    0
 -5.383163273423842e-03    13   3    4    12    0    0
 +1.369216541563326e-04    13   3    5    3    0    0
 +2.729776319269197e-03    13   3    5    12    0    0
 +8.105375532275337e-04    13   3    6    7    0    0
 -1.890266334594713e-04    13   3    6    8    0    0
 +1.667829624154222e-03    13   3    6    10    0    0
 -2.542237656772994e-04    13   3    6    11    0    0
 +1.651709426952854e-03    13   3    7    1    0    0
 +1.383307204497340e-03    13   3    7    2    0    0
 +2.260770866486730e-04    13   3    7    6    0    0
 -4.733987272123116e-04    13   3    7    7    0    0
 -3.495373985735076e-03    13   3    7    8    0    0
 +2.205865819127164e-03    13   3    7    9    0    0
 +8.695470958643728e-04    13   3    7    10    0    0
 -8.057229791757513e-04    13   3    7    11    0    0
 -3.851975410478781e-04    13   3    8    1    0    0
 -3.226030710917398e-04    13   3    8    2    0    0
 -5.272376390378875e-05    13   3    8    6    0    0
 -3.495373985735074e-03    13   3    8    7    0    0
 +1.174819650383200e-03    13   3    8    8    0    0
 +4.960526219841849e-04    13   3    8    9    0    0
 +1.659691985425111e-03    13   3    8    10    0    0
 +2.632371708584758e-04    13   3    8    11    0    0
 +2.205865819127165e-03    13   3    9    7    0    0
 +4.960526219841846e-04    13   3    9    8    0    0
 +4.191664334566203e-03    13   3    9    10    0    0
 -4.311850933313125e-04    13   3    9    11    0    0
 +3.398694979396586e-03    13   3    10    1    0    0
 +2.846408196362721e-03    13   3    10    2    0    0
 +4.651950559893414e-04    13   3    10    6    0    0
 +8.695470958643728e-04    13   3    10    7    0    0
 +1.659691985425117e-03    13   3    10    8    0    0
 +4.191664334566201e-03    13   3    10    9    0    0
 -7.408016773122500e-04    13   3    10    10    0    0
 +4.785066990146279e-04    13   3    10    11    0    0
 -5.180559354130136e-04    13   3    11    1    0    0
 -4.338720213709088e-04    13   3    11    2    0    0
 -7.090870505915434e-05    13   3    11    6    0    0
 -8.057229791757521e-04    13   3    11    7    0    0
 +2.632371708584743e-04    13   3    11    8    0    0
 -4.311850933313128e-04    13   3    11    9    0    0
 +4.785066990146265e-04    13   3    11    10    0    0
 +3.938075414163437e-05    13   3    11    11    0    0
 -4.261554830157353e-03    13   3    12    4    0    0
 +2.161014048387171e-03    13   3    12    5    0    0
 -9.278861899073572e-03    13   3    12    13    0    0
 +4.778161915189167e-03    13   3    13    3    0    0
 -9.278861899073577e-03    13   3    13    12    0    0
 +7.781451720152732e-02    13   4    1    1    0    0
 +3.240902927900363e-02    13   4    1    2    0    0
 +2.855192172434918e-02    13   4    1    6    0    0
 +5.113667639900022e-03    13   4    1    7    0    0
 -2.630860396602101e-03    13   4    1    8    0    0
 +3.571187038921434e-03    13   4    1    9    0    0
 -1.542014067762282e-03    13   4    1    10    0    0
 +8.143635163859459e-03    13   4    1    11    0    0
 +3.179192467639983e-02    13   4    2    1    0    0
 +2.551770214614353e-02    13   4    2    2    0    0
 +2.477882204572461e-02    13   4    2    6    0    0
 +2.971924394247865e-03    13   4    2    7    0    0
 -1.528984427833333e-03    13   4    2    8    0    0
 +2.075476668561881e-03    13   4    2    9    0    0
 -8.961765892837242e-04    13   4    2    10    0    0
 +4.732859017368925e-03    13   4    2    11    0    0
 +4.707206072216542e-02    13   4    3    3    0    0
 -2.706135635035933e-02    13   4    3    12    0    0
 +4.653203726692303e-02    13   4    4    4    0    0
 +1.369216541562210e-04    13   4    4    5    0    0
 +3.497240836647800e-02    13   4    4    13    0    0
 +1.467364730301162e-02    13   4    4    14    0    0
 +1.369216541562086e-04    13   4    5    4    0    0
 +4.707206072216708e-02    13   4    5    5    0    0
 -1.467364730301152e-02    13   4    5    13    0    0
 +2.290093362946566e-02    13   4    5    14    0    0
 +1.666771464248533e-02    13   4    6    1    0    0
 +2.026714676697022e-02    13   4    6    2    0    0
 +7.773050207413122e-02    13   4    6    6    0    0
 +1.011115157908472e-03    13   4    6    7    0    0
 -5.201947042059907e-04    13   4    6    8    0    0
 +7.061235889884310e-04    13   4    6    9    0    0
 -3.048993222510280e-04    13   4    6    10    0    0
 +1.610224507045976e-03    13   4    6    11    0    0
 +2.060445480165865e-03    13   4    7    1    0    0
 +1.725623787499753e-03    13   4    7    2    0    0
 +2.820226752677855e-04    13   4    7    6    0    0
 +7.655465745190621e-02    13   4    7    7    0    0
 -2.559927964400808e-03    13   4    7    8    0    0
 -1.745819829878650e-03    13   4    7    9    0    0
 +8.692837061121846e-05    13   4    7    10    0    0
 +2.044489937591316e-03    13   4    7    11    0    0
 -1.060050201704576e-03    13   4    8    1    0    0
 -8.877924029603408e-04    13   4    8    2    0    0
 -1.450939598649322e-04    13   4    8    6    0    0
 -2.559927964400820e-03    13   4    8    7    0    0
 +7.119519415074513e-02    13   4    8    8    0    0
 -4.652922687182122e-04    13   4    8    9    0    0
 -1.754324413171180e-03    13   4    8    10    0    0
 -1.558934967080830e-03    13   4    8    11    0    0
 +1.438935165781882e-03    13   4    9    1    0    0
 +1.205108688701100e-03    13   4    9    2    0    0
 +1.969536922464333e-04    13   4    9    6    0    0
 -1.745819829878649e-03    13   4    9    7    0    0
 -4.652922687182120e-04    13   4    9    8    0    0
 +7.323417381827382e-02    13   4    9    9    0    0
 +1.343459940479061e-03    13   4    9    10    0    0
 +3.593536516958368e-03    13   4    9    11    0    0
 -6.213223345768943e-04    13   4    10    1    0    0
 -5.203576656464239e-04    13   4    10    2    0    0
 -8.504325335838847e-05    13   4    10    6    0    0
 +8.692837061126190e-05    13   4    10    7    0    0
 -1.754324413171195e-03    13   4    10    8    0    0
 +1.343459940479064e-03    13   4    10    9    0    0
 +7.693467922360687e-02    13   4    10    10    0    0
 -1.629641100161208e-03    13   4    10    11    0    0
 +3.281307555964285e-03    13   4    11    1    0    0
 +2.748096189479558e-03    13   4    11    2    0    0
 +4.491276979752025e-04    13   4    11    6    0    0
 +2.044489937591345e-03    13   4    11    7    0    0
 -1.558934967080853e-03    13   4    11    8    0    0
 +3.593536516958371e-03    13   4    11    9    0    0
 -1.629641100161221e-03    13   4    11    10    0    0
 +7.729422505410989e-02    13   4    11    11    0    0
 -1.677617490116491e-02    13   4    12    3    0    0
 +9.146926834016550e-02    13   4    12    12    0    0
 +2.354132656791117e-02    13   4    13    4    0    0
 -9.514710950049606e-03    13   4    13    5    0    0
 +1.080205612625107e-01    13   4    13    13    0    0
 +4.196540693441267e-03    13   4    13    14    0    0
 +9.514710950049502e-03    13   4    14    4    0    0
 +1.398500273753306e-02    13   4    14    5    0    0
 +4.196540693441268e-03    13   4    14    13    0    0
 +9.146926834016232e-02    13   4    14    14    0    0
 -3.945936906665532e-02    13   5    1    1    0    0
 -1.643446356031802e-02    13   5    1    2    0    0
 -1.447854278868712e-02    13   5    1    6    0    0
 +6.524443588990746e-03    13   5    1    7    0    0
 -1.797854975017552e-04    13   5    1    8    0    0
 -4.382814517675797e-03    13   5    1    9    0    0
 -3.871061802190463e-03    13   5    1    10    0    0
 -4.460561574464656e-03    13   5    1    11    0    0
 -1.612153277127499e-02    13   5    2    1    0    0
 -1.293990456960508e-02    13   5    2    2    0    0
 -1.256522200872862e-02    13   5    2    6    0    0
 +3.791828962391222e-03    13   5    2    7    0    0
 -1.044864358388192e-04    13   5    2    8    0    0
 -2.547172459725825e-03    13   5    2    9    0    0
 -2.249755715800855e-03    13   5    2    10    0    0
 -2.592356932187185e-03    13   5    2    11    0    0
 -2.387001659283543e-02    13   5    3    3    0    0
 +1.372268422494486e-02    13   5    3    12    0    0
 -2.387001659283741e-02    13   5    4    4    0    0
 -2.700117276231138e-04    13   5    4    5    0    0
 -1.467364730301164e-02    13   5    4    13    0    0
 -1.405198915708126e-03    13   5    4    14    0    0
 -2.700117276231101e-04    13   5    5    4    0    0
 -2.359617328452363e-02    13   5    5    5    0    0
 +1.347667365272047e-02    13   5    5    13    0    0
 -1.467364730301172e-02    13   5    5    14    0    0
 -8.452118283689797e-03    13   5    6    1    0    0
 -1.027737307853207e-02    13   5    6    2    0    0
 -3.941676539784984e-02    13   5    6    6    0    0
 +1.290065032438496e-03    13   5    6    7    0    0
 -3.554862272973601e-05    13   5    6    8    0    0
 -8.666050485069259e-04    13   5    6    9    0    0
 -7.654172193075643e-04    13   5    6    10    0    0
 -8.819778167698384e-04    13   5    6    11    0    0
 +2.628888158205757e-03    13   5    7    1    0    0
 +2.201694722886345e-03    13   5    7    2    0    0
 +3.598280461647662e-04    13   5    7    6    0    0
 -4.020352435176768e-02    13   5    7    7    0    0
 -1.268069764232579e-03    13   5    7    8    0    0
 -1.336450362232264e-03    13   5    7    9    0    0
 -1.211248093690518e-04    13   5    7    10    0    0
 +2.549760101737728e-03    13   5    7    11    0    0
 -7.244080800959306e-05    13   5    8    1    0    0
 -6.066920124333867e-05    13   5    8    2    0    0
 -9.915307475968110e-06    13   5    8    6    0    0
 -1.268069764232574e-03    13   5    8    7    0    0
 -3.494388455765101e-02    13   5    8    8    0    0
 +8.369049768022262e-04    13   5    8    9    0    0
 -2.784662618139302e-03    13   5    8    10    0    0
 +8.788522601335861e-04    13   5    8    11    0    0
 -1.765963492208370e-03    13   5    9    1    0    0
 -1.478995022845866e-03    13   5    9    2    0    0
 -2.417155674792706e-04    13   5    9    6    0    0
 -1.336450362232264e-03    13   5    9    7    0    0
 +8.369049768022258e-04    13   5    9    8    0    0
 -3.583432412809362e-02    13   5    9    9    0    0
 +3.135210357607452e-04    13   5    9    10    0    0
 -2.826411070391342e-03    13   5    9    11    0    0
 -1.559763433104541e-03    13   5    10    1    0    0
 -1.306302403507783e-03    13   5    10    2    0    0
 -2.134920144326057e-04    13   5    10    6    0    0
 -1.211248093690748e-04    13   5    10    7    0    0
 -2.784662618139295e-03    13   5    10    8    0    0
 +3.135210357607424e-04    13   5    10    9    0    0
 -4.006353764137127e-02    13   5    10    10    0    0
 -1.963044867306225e-03    13   5    10    11    0    0
 -1.797290043528693e-03    13   5    11    1    0    0
 -1.505231020186770e-03    13   5    11    2    0    0
 -2.460033770308572e-04    13   5    11    6    0    0
 +2.549760101737709e-03    13   5    11    7    0    0
 +8.788522601335981e-04    13   5    11    8    0    0
 -2.826411070391344e-03    13   5    11    9    0    0
 -1.963044867306219e-03    13   5    11    10    0    0
 -3.922340930553821e-02    13   5    11    11    0    0
 +8.507117961516215e-03    13   5    12    3    0    0
 -4.638362798478792e-02    13   5    12    12    0    0
 -9.514710950049606e-03    13   5    13    4    0    0
 +9.603026277814595e-03    13   5    13    5    0    0
 -5.477670937166718e-02    13   5    13    13    0    0
 +8.275646461175810e-03    13   5    13    14    0    0
 -4.670244743637972e-05    13   5    14    4    0    0
 -9.514710950049800e-03    13   5    14    5    0    0
 +8.275646461175859e-03    13   5    14    13    0    0
 -4.638362798478832e-02    13   5    14    14    0    0
 +3.433713889327401e-02    13   6    1    4    0    0
 -1.741219871317438e-02    13   6    1    5    0    0
 +4.423588832466945e-02    13   6    1    13    0    0
 -9.143750423974750e-03    13   6    2    4    0    0
 +4.636752056156459e-03    13   6    2    5    0    0
 +4.038810445568643e-02    13   6    2    13    0    0
 +1.297599363094925e-02    13   6    3    7    0    0
 -3.026150216091796e-03    13   6    3    8    0    0
 +2.670048598532794e-02    13   6    3    10    0    0
 -4.069898983864366e-03    13   6    3    11    0    0
 +3.697904604978294e-02    13   6    4    1    0    0
 -6.153187642671872e-03    13   6    4    2    0    0
 -1.544935926635621e-02    13   6    4    6    0    0
 +1.618706474108747e-02    13   6    4    7    0    0
 -8.327859877376395e-03    13   6    4    8    0    0
 +1.130441786057952e-02    13   6    4    9    0    0
 -4.881170092435641e-03    13   6    4    10    0    0
 +2.577827870482491e-02    13   6    4    11    0    0
 -1.875189718175876e-02    13   6    5    1    0    0
 +3.120251989738064e-03    13   6    5    2    0    0
 +7.834296106415305e-03    13   6    5    6    0    0
 +2.065280698935529e-02    13   6    5    7    0    0
 -5.691021967995098e-04    13   6    5    8    0    0
 -1.387358493779309e-02    13   6    5    9    0    0
 -1.225365675310730e-02    13   6    5    10    0    0
 -1.411968944248325e-02    13   6    5    11    0    0
 -1.585895679020479e-02    13   6    6    4    0    0
 +8.042001049446083e-03    13   6    6    5    0    0
 +4.330677589915467e-02    13   6    6    13    0    0
 +1.137460985171225e-02    13   6    7    3    0    0
 +1.418939861646718e-02    13   6    7    4    0    0
 +1.810401796794392e-02    13   6    7    5    0    0
 -8.349675618518538e-03    13   6    7    12    0    0
 +3.279336257175574e-03    13   6    7    13    0    0
 +1.656343593069233e-02    13   6    7    14    0    0
 -2.652689192033863e-03    13   6    8    3    0    0
 -7.300108161193247e-03    13   6    8    4    0    0
 -4.988685751900426e-04    13   6    8    5    0    0
 +1.947239910553833e-03    13   6    8    12    0    0
 -4.613737274196516e-03    13   6    8    13    0    0
 -2.750197535822147e-03    13   6    8    14    0    0
 +9.909325360497521e-03    13   6    9    4    0    0
 -1.216142828057504e-02    13   6    9    5    0    0
 +1.052512239500714e-02    13   6    9    13    0    0
 -4.672216470937834e-03    13   6    9    14    0    0
 +2.340534525308620e-02    13   6    10    3    0    0
 -4.278778720180358e-03    13   6    10    4    0    0
 -1.074141748119813e-02    13   6    10    5    0    0
 -1.718098846030180e-02    13   6    10    12    0    0
 +7.647794212420307e-04    13   6    10    13    0    0
 -8.452900691460834e-03    13   6    10    14    0    0
 -3.567627604788729e-03    13   6    11    3    0    0
 +2.259694873899470e-02    13   6    11    4    0    0
 -1.237716071719757e-02    13   6    11    5    0    0
 +2.618861975575720e-03    13   6    11    12    0    0
 +1.890329243057597e-02    13   6    11    13    0    0
 -6.012450055391340e-04    13   6    11    14    0    0
 -6.380786914159955e-03    13   6    12    7    0    0
 +1.488072532115513e-03    13   6    12    8    0    0
 -1.312963896425907e-02    13   6    12    10    0    0
 +2.001323283348042e-03    13   6    12    11    0    0
 +2.103040265380391e-02    13   6    13    1    0    0
 +2.931061753657715e-02    13   6    13    2    0    0
 +3.618155416765180e-02    13   6    13    6    0    0
 +2.506054945476859e-03    13   6    13    7    0    0
 -3.525798578243244e-03    13   6    13    8    0    0
 +8.043254171340917e-03    13   6    13    9    0    0
 +5.844412102018522e-04    13   6    13    10    0    0
 +1.444581639890790e-02    13   6    13    11    0    0
 +1.265770792408808e-02    13   6    14    7    0    0
 -2.101689364914830e-03    13   6    14    8    0    0
 -3.570488133905684e-03    13   6    14    9    0    0
 -6.459671079813328e-03    13   6    14    10    0    0
 -4.594688990120024e-04    13   6    14    11    0    0
 +8.656677153182564e-03    13   7    1    3    0    0
 +1.079887964703086e-02    13   7    1    4    0    0
 +1.377811114113229e-02    13   7    1    5    0    0
 -2.597741736130731e-02    13   7    1    12    0    0
 +1.020263427141740e-02    13   7    1    13    0    0
 +5.153197654224605e-02    13   7    1    14    0    0
 +6.547729749037640e-03    13   7    2    3    0    0
 +8.168046961892850e-03    13   7    2    4    0    0
 +1.042147542387776e-02    13   7    2    5    0    0
 -1.205973262983493e-02    13   7    2    12    0    0
 +4.736461662911584e-03    13   7    2    13    0    0
 +2.392315796227208e-02    13   7    2    14    0    0
 +8.350877007022051e-03    13   7    3    1    0    0
 +7.396529700224280e-03    13   7    3    2    0    0
 -1.391263518511708e-03    13   7    3    6    0    0
 -1.589711860788470e-03    13   7    3    7    0    0
 -1.695217102071948e-02    13   7    3    8    0    0
 +7.165334095785123e-03    13   7    3    9    0    0
 +1.924284206522017e-03    13   7    3    10    0    0
 -1.066651267414870e-02    13   7    3    11    0    0
 +1.041740544902199e-02    13   7    4    1    0    0
 +9.226893024310664e-03    13   7    4    2    0    0
 -1.735548990433333e-03    13   7    4    6    0    0
 +2.730688895985209e-02    13   7    4    7    0    0
 -9.473868325651310e-03    13   7    4    8    0    0
 -1.121047912967537e-02    13   7    4    9    0    0
 +4.291130333770163e-04    13   7    4    10    0    0
 +3.465949986324214e-03    13   7    4    11    0    0
 +1.329139454927875e-02    13   7    5    1    0    0
 +1.177243952443185e-02    13   7    5    2    0    0
 -2.214358124423067e-03    13   7    5    6    0    0
 -1.849150141610980e-02    13   7    5    7    0    0
 -5.988568430679078e-03    13   7    5    8    0    0
 -1.503400184088645e-02    13   7    5    9    0    0
 -1.361856224451179e-04    13   7    5    10    0    0
 +1.858207350439995e-03    13   7    5    11    0    0
 -6.561626597485331e-04    13   7    6    3    0    0
 -8.185382758437508e-04    13   7    6    4    0    0
 -1.044359387869286e-03    13   7    6    5    0    0
 -1.268632221557553e-02    13   7    6    12    0    0
 +4.982554809611837e-03    13   7    6    13    0    0
 +2.516613756201055e-02    13   7    6    14    0    0
 -1.054331151008874e-03    13   7    7    3    0    0
 +1.874820096500497e-02    13   7    7    4    0    0
 -1.258732856478487e-02    13   7    7    5    0    0
 +1.787881730255682e-03    13   7    7    12    0    0
 +3.612689164853256e-02    13   7    7    13    0    0
 -4.658527640133633e-03    13   7    7    14    0    0
 -1.076316086334281e-02    13   7    8    3    0    0
 -6.202524408443494e-03    13   7    8    4    0    0
 -3.812508955346289e-03    13   7    8    5    0    0
 +1.951458257806568e-02    13   7    8    12    0    0
 -6.456801540359532e-03    13   7    8    13    0    0
 -1.099288772299086e-02    13   7    8    14    0    0
 +4.774488565272998e-03    13   7    9    3    0    0
 -6.942865232906966e-03    13   7    9    4    0    0
 -9.000314490698583e-03    13   7    9    5    0    0
 -8.037688975160539e-03    13   7    9    12    0    0
 -3.597790037944899e-03    13   7    9    13    0    0
 -2.180083107376461e-02    13   7    9    14    0    0
 +1.367863687020354e-03    13   7    10    3    0    0
 +2.719704197735291e-04    13   7    10    4    0    0
 -1.152210747321817e-04    13   7    10    5    0    0
 -2.078384933920395e-03    13   7    10    12    0    0
 +4.996972973848564e-04    13   7    10    13    0    0
 +1.077975626534751e-04    13   7    10    14    0    0
 -6.341623974719472e-03    13   7    11    3    0    0
 +2.611560126251518e-03    13   7    11    4    0    0
 +1.849382807458238e-03    13   7    11    5    0    0
 +1.268195602162981e-02    13   7    11    12    0    0
 +2.531388295231468e-03    13   7    11    13    0    0
 +2.979314267322206e-03    13   7    11    14    0    0
 -1.474662727805456e-02    13   7    12    1    0    0
 -6.566565870833580e-03    13   7    12    2    0    0
 -6.380786914159844e-03    13   7    12    6    0    0
 +1.964130227297343e-03    13   7    12    7    0    0
 +2.118061486119325e-02    13   7    12    8    0    0
 -8.842007596329070e-03    13   7    12    9    0    0
 -2.332481631771130e-03    13   7    12    10    0    0
 +1.353869893676306e-02    13   7    12    11    0    0
 +5.791739908640695e-03    13   7    13    1    0    0
 +2.579019656475837e-03    13   7    13    2    0    0
 +2.506054945476859e-03    13   7    13    6    0    0
 +4.007222258709719e-02    13   7    13    7    0    0
 -7.093309843971998e-03    13   7    13    8    0    0
 -3.952458401141709e-03    13   7    13    9    0    0
 +5.489572099113115e-04    13   7    13    10    0    0
 +2.780931301859549e-03    13   7    13    11    0    0
 +2.925321021718804e-02    13   7    14    1    0    0
 +1.302624174345117e-02    13   7    14    2    0    0
 +1.265770792408806e-02    13   7    14    6    0    0
 -5.117762991726587e-03    13   7    14    7    0    0
 -1.198068100771113e-02    13   7    14    8    0    0
 -2.336555673795489e-02    13   7    14    9    0    0
 +1.034315994429614e-04    13   7    14    10    0    0
 +3.644507016928713e-03    13   7    14    11    0    0
 -2.018836181859572e-03    13   8    1    3    0    0
 -5.555766778695303e-03    13   8    1    4    0    0
 -3.796652591682722e-04    13   8    1    5    0    0
 +6.058231022395684e-03    13   8    1    12    0    0
 -1.435420778519870e-02    13   8    1    13    0    0
 -8.556383801981404e-03    13   8    1    14    0    0
 -1.527005511755252e-03    13   8    2    3    0    0
 -4.202265923964124e-03    13   8    2    4    0    0
 -2.871708703169426e-04    13   8    2    5    0    0
 +2.812467664652659e-03    13   8    2    12    0    0
 -6.663784378366847e-03    13   8    2    13    0    0
 -3.972207840947406e-03    13   8    2    14    0    0
 -1.947520088101837e-03    13   8    3    1    0    0
 -1.724955374305718e-03    13   8    3    2    0    0
 +3.244585745744196e-04    13   8    3    6    0    0
 -6.523335623476850e-03    13   8    3    7    0    0
 +3.945141009353548e-03    13   8    3    8    0    0
 -1.592732515551442e-04    13   8    3    9    0    0
 -4.399710386319050e-04    13   8    3    10    0    0
 +2.839420872119397e-03    13   8    3    11    0    0
 -5.359507375359033e-03    13   8    4    1    0    0
 -4.747017043488876e-03    13   8    4    2    0    0
 +8.928986838461826e-04    13   8    4    6    0    0
 -7.719028967230888e-03    13   8    4    7    0    0
 +9.309370404014836e-03    13   8    4    8    0    0
 -4.930600735035311e-04    13   8    4    9    0    0
 -2.491550290577669e-03    13   8    4    10    0    0
 -5.097831419078268e-03    13   8    4    11    0    0
 -3.662534511856794e-04    13   8    5    1    0    0
 -3.243976084459868e-04    13   8    5    2    0    0
 +6.101814991829033e-05    13   8    5    6    0    0
 -2.527996691403379e-03    13   8    5    7    0    0
 -8.291984069381608e-04    13   8    5    8    0    0
 +4.919328363056288e-03    13   8    5    9    0    0
 -2.647029320138821e-03    13   8    5    10    0    0
 +3.221819620335417e-03    13   8    5    11    0    0
 +1.530246415852997e-04    13   8    6    3    0    0
 +4.211184779037453e-04    13   8    6    4    0    0
 +2.877803594403618e-05    13   8    6    5    0    0
 +2.958595526935749e-03    13   8    6    12    0    0
 -7.010015760211445e-03    13   8    6    13    0    0
 -4.178592521431703e-03    13   8    6    14    0    0
 -4.806300843016768e-03    13   8    7    3    0    0
 -5.200175438679076e-03    13   8    7    4    0    0
 -1.835860494041493e-03    13   8    7    5    0    0
 +6.887327398776788e-03    13   8    7    12    0    0
 -6.456801540359533e-03    13   8    7    13    0    0
 -6.294879389366830e-03    13   8    7    14    0    0
 +2.616502502045231e-03    13   8    8    3    0    0
 +6.811858963462659e-03    13   8    8    4    0    0
 -8.733087348699754e-04    13   8    8    5    0    0
 -4.436933326022666e-03    13   8    8    12    0    0
 +9.090382388252933e-03    13   8    8    13    0    0
 +3.903452952170637e-03    13   8    8    14    0    0
 +6.232715149402189e-05    13   8    9    3    0    0
 -4.254279323830397e-04    13   8    9    4    0    0
 +3.068518956485313e-03    13   8    9    5    0    0
 +3.363463241602070e-04    13   8    9    12    0    0
 -2.996774751922297e-03    13   8    9    13    0    0
 +4.887291141276113e-03    13   8    9    14    0    0
 +2.616120958212563e-04    13   8    10    3    0    0
 -1.965317257905848e-03    13   8    10    4    0    0
 -2.372546530248341e-03    13   8    10    5    0    0
 +1.012833005904746e-03    13   8    10    12    0    0
 -1.152772915947616e-03    13   8    10    13    0    0
 -3.274925086896043e-03    13   8    10    14    0    0
 +1.703204657142690e-03    13   8    11    3    0    0
 -3.393618200310800e-03    13   8    11    4    0    0
 +2.111880339079178e-03    13   8    11    5    0    0
 -3.361827420036726e-03    13   8    11    12    0    0
 -6.752209963552025e-03    13   8    11    13    0    0
 +6.648158822064510e-04    13   8    11    14    0    0
 +3.439082246285342e-03    13   8    12    1    0    0
 +1.531398310924572e-03    13   8    12    2    0    0
 +1.488072532115400e-03    13   8    12    6    0    0
 +7.823982348088796e-03    13   8    12    7    0    0
 -4.874324019686636e-03    13   8    12    8    0    0
 +2.793055909871508e-04    13   8    12    9    0    0
 +8.154871758416583e-04    13   8    12    10    0    0
 -3.596593013847604e-03    13   8    12    11    0    0
 -8.148467922579613e-03    13   8    13    1    0    0
 -3.628453499982506e-03    13   8    13    2    0    0
 -3.525798578243244e-03    13   8    13    6    0    0
 -7.093309843971998e-03    13   8    13    7    0    0
 +1.037046761076220e-02    13   8    13    8    0    0
 -3.292195325364394e-03    13   8    13    9    0    0
 -1.266412700071989e-03    13   8    13    10    0    0
 -7.417839483473168e-03    13   8    13    11    0    0
 -4.857211208522279e-03    13   8    14    1    0    0
 -2.162880823385196e-03    13   8    14    2    0    0
 -2.101689364914845e-03    13   8    14    6    0    0
 -7.011305639528198e-03    13   8    14    7    0    0
 +4.288253414332445e-03    13   8    14    8    0    0
 +5.252215820340794e-03    13   8    14    9    0    0
 -3.969259004946434e-03    13   8    14    10    0    0
 +7.153605095482144e-04    13   8    14    11    0    0
 +7.541518484588822e-03    13   9    1    4    0    0
 -9.255487416184023e-03    13   9    1    5    0    0
 +3.274564303163317e-02    13   9    1    13    0    0
 -1.453614760778674e-02    13   9    1    14    0    0
 +5.704247029277824e-03    13   9    2    4    0    0
 -7.000657322019857e-03    13   9    2    5    0    0
 +1.520180756466276e-02    13   9    2    13    0    0
 -6.748247956274279e-03    13   9    2    14    0    0
 +7.649623589561170e-03    13   9    3    7    0    0
 +3.490844256770861e-03    13   9    3    8    0    0
 +1.392751961501239e-02    13   9    3    10    0    0
 -1.038513803228654e-03    13   9    3    11    0    0
 +7.275111708172286e-03    13   9    4    1    0    0
 +6.443704029731870e-03    13   9    4    2    0    0
 -1.212040065272887e-03    13   9    4    6    0    0
 -5.147340186585130e-04    13   9    4    7    0    0
 -2.631919339390561e-03    13   9    4    8    0    0
 +1.615643182402149e-02    13   9    4    9    0    0
 +1.890980199059815e-03    13   9    4    10    0    0
 +1.272156592551487e-02    13   9    4    11    0    0
 -8.928534088183953e-03    13   9    5    1    0    0
 -7.908171501889317e-03    13   9    5    2    0    0
 +1.487501700747534e-03    13   9    5    6    0    0
 +6.058181374675786e-03    13   9    5    7    0    0
 +7.014631241097855e-04    13   9    5    8    0    0
 -3.819367718932452e-03    13   9    5    9    0    0
 -4.114777594275179e-03    13   9    5    10    0    0
 -8.201277592563857e-03    13   9    5    11    0    0
 -5.716353676853027e-04    13   9    6    4    0    0
 +7.015515460273185e-04    13   9    6    5    0    0
 +1.599165047385648e-02    13   9    6    13    0    0
 -7.098867826646454e-03    13   9    6    14    0    0
 +5.051110509512442e-03    13   9    7    3    0    0
 -8.335487068969280e-04    13   9    7    4    0    0
 +3.047357003991091e-03    13   9    7    5    0    0
 -8.624067682429772e-03    13   9    7    12    0    0
 -3.597790037944832e-03    13   9    7    13    0    0
 +6.833527635346872e-03    13   9    7    14    0    0
 +2.147242506528549e-03    13   9    8    3    0    0
 -1.647125731298797e-03    13   9    8    4    0    0
 +6.593110386342158e-04    13   9    8    5    0    0
 -4.083223403079844e-03    13   9    8    12    0    0
 -2.996774751922301e-03    13   9    8    13    0    0
 -8.388048727949059e-04    13   9    8    14    0    0
 +1.135297759385612e-02    13   9    9    4    0    0
 -2.856453435610104e-03    13   9    9    5    0    0
 +1.747934933592492e-02    13   9    9    13    0    0
 +4.386871199567418e-03    13   9    9    14    0    0
 +9.250691443765361e-03    13   9    10    3    0    0
 +1.495301184114151e-03    13   9    10    4    0    0
 -2.253433003328262e-03    13   9    10    5    0    0
 -1.565090583145511e-02    13   9    10    12    0    0
 +3.989741790757464e-03    13   9    10    13    0    0
 -3.664656974585742e-03    13   9    10    14    0    0
 -7.264456994790111e-04    13   9    11    3    0    0
 +8.377012702618019e-03    13   9    11    4    0    0
 -5.557986962561860e-03    13   9    11    5    0    0
 +1.132701544135612e-03    13   9    11    12    0    0
 +1.693207496983357e-02    13   9    11    13    0    0
 -1.630989269521208e-03    13   9    11    14    0    0
 -9.462256795010877e-03    13   9    12    7    0    0
 -4.395547959894466e-03    13   9    12    8    0    0
 -1.720110025602984e-02    13   9    12    10    0    0
 +1.264598000894685e-03    13   9    12    11    0    0
 +1.858875291763881e-02    13   9    13    1    0    0
 +8.277436473354129e-03    13   9    13    2    0    0
 +8.043254171340917e-03    13   9    13    6    0    0
 -3.952458401141709e-03    13   9    13    7    0    0
 -3.292195325364394e-03    13   9    13    8    0    0
 +1.958641477263889e-02    13   9    13    9    0    0
 +4.383048563966005e-03    13   9    13    10    0    0
 +1.860123054915892e-02    13   9    13    11    0    0
 -8.251749889120976e-03    13   9    14    1    0    0
 -3.674444208486598e-03    13   9    14    2    0    0
 -3.570488133905696e-03    13   9    14    6    0    0
 +6.922783926397683e-03    13   9    14    7    0    0
 -8.046317770802825e-04    13   9    14    8    0    0
 +4.819326793556153e-03    13   9    14    9    0    0
 -3.739564973512110e-03    13   9    14    10    0    0
 -1.863256418178472e-03    13   9    14    11    0    0
 +1.781270040521362e-02    13   10    1    3    0    0
 -3.256375952528458e-03    13   10    1    4    0    0
 -8.174784411466190e-03    13   10    1    5    0    0
 -5.345329906268299e-02    13   10    1    12    0    0
 +2.379373178388038e-03    13   10    1    13    0    0
 -2.629857005327825e-02    13   10    1    14    0    0
 +1.347315445523261e-02    13   10    2    3    0    0
 -2.463054740418752e-03    13   10    2    4    0    0
 -6.183236146590748e-03    13   10    2    5    0    0
 -2.481511098323140e-02    13   10    2    12    0    0
 +1.104598042171108e-03    13   10    2    13    0    0
 -1.220882426372059e-02    13   10    2    14    0    0
 +1.718346053741688e-02    13   10    3    1    0    0
 +1.521971597842504e-02    13   10    3    2    0    0
 -2.862779771201382e-03    13   10    3    6    0    0
 +3.915737121585622e-03    13   10    3    7    0    0
 +1.158673541639921e-02    13   10    3    8    0    0
 +1.422438754511809e-02    13   10    3    9    0    0
 -2.487672959853393e-03    13   10    3    10    0    0
 -1.130323352145211e-02    13   10    3    11    0    0
 -3.141343333820820e-03    13   10    4    1    0    0
 -2.782347201098681e-03    13   10    4    2    0    0
 +5.233505865060997e-04    13   10    4    6    0    0
 +1.547122025439704e-04    13   10    4    7    0    0
 -9.290781038072697e-03    13   10    4    8    0    0
 +7.131917747665881e-03    13   10    4    9    0    0
 +2.858303332423216e-02    13   10    4    10    0    0
 -4.595049165413864e-03    13   10    4    11    0    0
 -7.886007294840378e-03    13   10    5    1    0    0
 -6.984785804343934e-03    13   10    5    2    0    0
 +1.313815812016269e-03    13   10    5    6    0    0
 -6.773085211644557e-04    13   10    5    7    0    0
 -1.605522287397812e-02    13   10    5    8    0    0
 +6.220436441692866e-03    13   10    5    9    0    0
 -1.802141452935977e-02    13   10    5    10    0    0
 -4.861780245944111e-03    13   10    5    11    0    0
 -1.350174976883775e-03    13   10    6    3    0    0
 +2.468282307798884e-04    13   10    6    4    0    0
 +6.196359396778942e-04    13   10    6    5    0    0
 -2.610443393825468e-02    13   10    6    12    0    0
 +1.161989831101885e-03    13   10    6    13    0    0
 -1.284316022891918e-02    13   10    6    14    0    0
 +2.505364261172747e-03    13   10    7    3    0    0
 +1.152350532176921e-04    13   10    7    4    0    0
 -4.243057652735542e-04    13   10    7    5    0    0
 -4.489640187090384e-03    13   10    7    12    0    0
 +4.996972973848390e-04    13   10    7    13    0    0
 -6.268208990432923e-04    13   10    7    14    0    0
 +7.131162158631980e-03    13   10    8    3    0    0
 -5.848978689500735e-03    13   10    8    4    0    0
 -1.003119000128965e-02    13   10    8    5    0    0
 -1.354912771065158e-02    13   10    8    12    0    0
 -1.152772915947644e-03    13   10    8    13    0    0
 -2.147764122765867e-02    13   10    8    14    0    0
 +9.420259821901922e-03    13   10    9    3    0    0
 +4.488879101795261e-03    13   10    9    4    0    0
 +3.649951310192127e-03    13   10    9    5    0    0
 -1.601035412699375e-02    13   10    9    12    0    0
 +3.989741790757497e-03    13   10    9    13    0    0
 +1.036623887990327e-02    13   10    9    14    0    0
 -1.649878295425768e-03    13   10    10    3    0    0
 +1.959456739765073e-02    13   10    10    4    0    0
 -1.227555681506954e-02    13   10    10    5    0    0
 +2.797780620173037e-03    13   10    10    12    0    0
 +3.716783439171596e-02    13   10    10    13    0    0
 -3.537893633357846e-03    13   10    10    14    0    0
 -6.308428454637445e-03    13   10    11    3    0    0
 -3.128284738596744e-03    13   10    11    4    0    0
 -3.383676020840230e-03    13   10    11    5    0    0
 +1.382440047942290e-02    13   10    11    12    0    0
 -2.136183789487789e-03    13   10    11    13    0    0
 -7.046802782197432e-03    13   10    11    14    0    0
 -3.034388935190518e-02    13   10    12    1    0    0
 -1.351191322934539e-02    13   10    12    2    0    0
 -1.312963896425902e-02    13   10    12    6    0    0
 -4.883016158443909e-03    13   10    12    7    0    0
 -1.458760361465105e-02    13   10    12    8    0    0
 -1.758131105582795e-02    13   10    12    9    0    0
 +3.073584450489752e-03    13   10    12    10    0    0
 +1.454916346019877e-02    13   10    12    11    0    0
 +1.350701223646291e-03    13   10    13    1    0    0
 +6.014574308858050e-04    13   10    13    2    0    0
 +5.844412102018522e-04    13   10    13    6    0    0
 +5.489572099113115e-04    13   10    13    7    0    0
 -1.266412700071989e-03    13   10    13    8    0    0
 +4.383048563966005e-03    13   10    13    9    0    0
 +4.121578095126265e-02    13   10    13    10    0    0
 -2.346767731328403e-03    13   10    13    11    0    0
 -1.492893635758963e-02    13   10    14    1    0    0
 -6.647746777968900e-03    13   10    14    2    0    0
 -6.459671079813258e-03    13   10    14    6    0    0
 -6.736199997295707e-04    13   10    14    7    0    0
 -2.322340305925341e-02    13   10    14    8    0    0
 +1.110178550980041e-02    13   10    14    9    0    0
 -3.886657438603201e-03    13   10    14    10    0    0
 -7.837353268673894e-03    13   10    14    11    0    0
 -2.715152500179043e-03    13   11    1    3    0    0
 +1.719746808292090e-02    13   11    1    4    0    0
 -9.419671162233936e-03    13   11    1    5    0    0
 +8.147774076432747e-03    13   11    1    12    0    0
 +5.881171190444798e-02    13   11    1    13    0    0
 -1.870586734010442e-03    13   11    1    14    0    0
 -2.053684627947604e-03    13   11    2    3    0    0
 +1.300780557968102e-02    13   11    2    4    0    0
 -7.124842477512683e-03    13   11    2    5    0    0
 +3.782515233266984e-03    13   11    2    12    0    0
 +2.730269569164158e-02    13   11    2    13    0    0
 -8.683994855732888e-04    13   11    2    14    0    0
 -2.619238789096772e-03    13   11    3    1    0    0
 -2.319909331587960e-03    13   11    3    2    0    0
 +4.363675061286307e-04    13   11    3    6    0    0
 +5.255144612186295e-03    13   11    3    7    0    0
 -1.071476732606387e-03    13   11    3    8    0    0
 -1.857396209458900e-03    13   11    3    9    0    0
 +1.451696322186647e-02    13   11    3    10    0    0
 +1.322438112882562e-04    13   11    3    11    0    0
 +1.658996151194842e-02    13   11    4    1    0    0
 +1.469404266707767e-02    13   11    4    2    0    0
 -2.763902306988582e-03    13   11    4    6    0    0
 +1.026518073381922e-02    13   11    4    7    0    0
 -5.372232249911643e-03    13   11    4    8    0    0
 +1.141321642518569e-02    13   11    4    9    0    0
 -6.349888523834397e-03    13   11    4    10    0    0
 +2.979041779399749e-02    13   11    4    11    0    0
 -9.086917986018361e-03    13   11    5    1    0    0
 -8.048455115620438e-03    13   11    5    2    0    0
 +1.513888598649562e-03    13   11    5    6    0    0
 +1.526640090427971e-02    13   11    5    7    0    0
 +2.680696721616093e-03    13   11    5    8    0    0
 -1.078136407410397e-02    13   11    5    9    0    0
 -8.322351985219977e-03    13   11    5    10    0    0
 -1.520019448104007e-02    13   11    5    11    0    0
 +2.058043351524774e-04    13   11    6    3    0    0
 -1.303541324061635e-03    13   11    6    4    0    0
 +7.139964185331389e-04    13   11    6    5    0    0
 +3.979044022570896e-03    13   11    6    12    0    0
 +2.872126650976225e-02    13   11    6    13    0    0
 -9.135190658015101e-04    13   11    6    14    0    0
 +2.752688106510245e-03    13   11    7    3    0    0
 +6.495221557846612e-03    13   11    7    4    0    0
 +9.508026278499827e-03    13   11    7    5    0    0
 -6.596019109217217e-03    13   11    7    12    0    0
 +2.531388295231529e-03    13   11    7    13    0    0
 +2.118203040808512e-02    13   11    7    14    0    0
 -5.306660194756590e-04    13   11    8    3    0    0
 -3.550353566866539e-03    13   11    8    4    0    0
 +1.802795648537723e-03    13   11    8    5    0    0
 +1.373495380052753e-03    13   11    8    12    0    0
 -6.752209963551992e-03    13   11    8    13    0    0
 -6.980257949038181e-05    13   11    8    14    0    0
 -1.194184203464893e-03    13   11    9    3    0    0
 +7.629694854147291e-03    13   11    9    4    0    0
 -7.031709907209383e-03    13   11    9    5    0    0
 +2.124206032549875e-03    13   11    9    12    0    0
 +1.693207496983350e-02    13   11    9    13    0    0
 -5.133667065266748e-03    13   11    9    14    0    0
 +8.439843220825837e-03    13   11    10    3    0    0
 -4.130633708361246e-03    13   11    10    4    0    0
 -5.360324482145113e-03    13   11    10    5    0    0
 -1.743874642416527e-02    13   11    10    12    0    0
 -2.136183789487847e-03    13   11    10    13    0    0
 -1.174481111582165e-02    13   11    10    14    0    0
 +8.770694438937323e-05    13   11    11    3    0    0
 +2.039533078698976e-02    13   11    11    4    0    0
 -1.040446290543578e-02    13   11    11    5    0    0
 -1.487290244061018e-04    13   11    11    12    0    0
 +3.694390821171582e-02    13   11    11    13    0    0
 -9.390287824666320e-05    13   11    11    14    0    0
 +4.625255304629030e-03    13   11    12    1    0    0
 +2.059592546457561e-03    13   11    12    2    0    0
 +2.001323283347999e-03    13   11    12    6    0    0
 -6.852813372406079e-03    13   11    12    7    0    0
 +1.412252184391397e-03    13   11    12    8    0    0
 +2.313373914488654e-03    13   11    12    9    0    0
 -1.851980984124503e-02    13   11    12    10    0    0
 -1.633906581005272e-04    13   11    12    11    0    0
 +3.338570509056864e-02    13   11    13    1    0    0
 +1.486641165384971e-02    13   11    13    2    0    0
 +1.444581639890790e-02    13   11    13    6    0    0
 +2.780931301859549e-03    13   11    13    7    0    0
 -7.417839483473168e-03    13   11    13    8    0    0
 +1.860123054915892e-02    13   11    13    9    0    0
 -2.346767731328403e-03    13   11    13    10    0    0
 +4.096978023914691e-02    13   11    13    11    0    0
 -1.061877898563342e-03    13   11    14    1    0    0
 -4.728465049141294e-04    13   11    14    2    0    0
 -4.594688990120340e-04    13   11    14    6    0    0
 +2.289865107123587e-02    13   11    14    7    0    0
 -6.169108962442124e-05    13   11    14    8    0    0
 -5.568256393653542e-03    13   11    14    9    0    0
 -1.280672863685707e-02    13   11    14    10    0    0
 -1.031597775587312e-04    13   11    14    11    0    0
 -1.766474511426477e-02    13   12    1    7    0    0
 +4.119620721548455e-03    13   12    1    8    0    0
 -3.634845182359375e-02    13   12    1    10    0    0
 +5.540518147241884e-03    13   12    1    11    0    0
 -7.134973891662179e-03    13   12    2    7    0    0
 +1.663957566422105e-03    13   12    2    8    0    0
 -1.468151694723592e-02    13   12    2    10    0    0
 +2.237872783962704e-03    13   12    2    11    0    0
 -1.472455477869824e-02    13   12    3    4    0    0
 +7.466751221370170e-03    13   12    3    5    0    0
 -1.199547052341336e-02    13   12    3    13    0    0
 -1.472455477869823e-02    13   12    4    3    0    0
 +1.069853978505009e-02    13   12    4    12    0    0
 +7.466751221370170e-03    13   12    5    3    0    0
 -5.425178296220265e-03    13   12    5    12    0    0
 +7.064824239211356e-04    13   12    6    7    0    0
 -1.647597864656075e-04    13   12    6    8    0    0
 +1.453717117569733e-03    13   12    6    10    0    0
 -2.215870461262200e-04    13   12    6    11    0    0
 -1.027124235363273e-02    13   12    7    1    0    0
 -4.365290882122900e-03    13   12    7    2    0    0
 +2.509220421317645e-03    13   12    7    6    0    0
 +2.221549326563131e-03    13   12    7    7    0    0
 +1.640297127502057e-02    13   12    7    8    0    0
 -1.035161153437584e-02    13   12    7    9    0    0
 -4.080580817374622e-03    13   12    7    10    0    0
 +3.781069189443125e-03    13   12    7    11    0    0
 +2.395371264196890e-03    13   12    8    1    0    0
 +1.018035791473625e-03    13   12    8    2    0    0
 -5.851789185593919e-04    13   12    8    6    0    0
 +1.640297127502057e-02    13   12    8    7    0    0
 -5.513153401383941e-03    13   12    8    8    0    0
 -2.327858747736832e-03    13   12    8    9    0    0
 -7.788545681638916e-03    13   12    8    10    0    0
 -1.235310375865570e-03    13   12    8    11    0    0
 -1.035161153437584e-02    13   12    9    7    0    0
 -2.327858747736832e-03    13   12    9    8    0    0
 -1.967049876637390e-02    13   12    9    10    0    0
 +2.023450631890888e-03    13   12    9    11    0    0
 -2.113496432835538e-02    13   12    10    1    0    0
 -8.982386346275970e-03    13   12    10    2    0    0
 +5.163181071058279e-03    13   12    10    6    0    0
 -4.080580817374621e-03    13   12    10    7    0    0
 -7.788545681638935e-03    13   12    10    8    0    0
 -1.967049876637390e-02    13   12    10    9    0    0
 +3.476408728517087e-03    13   12    10    10    0    0
 -2.245519841617514e-03    13   12    10    11    0    0
 +3.221558210260675e-03    13   12    11    1    0    0
 +1.369166279725186e-03    13   12    11    2    0    0
 -7.870128433675329e-04    13   12    11    6    0    0
 +3.781069189443125e-03    13   12    11    7    0    0
 -1.235310375865561e-03    13   12    11    8    0    0
 +2.023450631890886e-03    13   12    11    9    0    0
 -2.245519841617508e-03    13   12    11    10    0    0
 -1.848046536962660e-04    13   12    11    11    0    0
 +8.275646461175791e-03    13   12    12    4    0    0
 -4.196540693441246e-03    13   12    12    5    0    0
 +4.040428120748262e-02    13   12    12    13    0    0
 -9.278861899073577e-03    13   12    13    3    0    0
 +4.040428120748261e-02    13   12    13    12    0    0
 +5.731981176942514e-01    13   13    1    1    0    0
 +1.515876230780480e-01    13   13    1    2    0    0
 +1.534002653829911e-01    13   13    1    6    0    0
 +6.937831093521072e-03    13   13    1    7    0    0
 -9.760917273493505e-03    13   13    1    8    0    0
 +2.226716496529378e-02    13   13    1    9    0    0
 +1.617983040552306e-03    13   13    1    10    0    0
 +3.999219345311335e-02    13   13    1    11    0    0
 +1.673815232155103e-01    13   13    2    1    0    0
 +3.088743980327084e-01    13   13    2    2    0    0
 +1.266200139053084e-01    13   13    2    6    0    0
 +2.802261985487771e-03    13   13    2    7    0    0
 -3.942535794009919e-03    13   13    2    8    0    0
 +8.993939037388496e-03    13   13    2    9    0    0
 +6.535201429071529e-04    13   13    2    10    0    0
 +1.615326200930260e-02    13   13    2    11    0    0
 +4.036015358092562e-01    13   13    3    3    0    0
 -1.065406800281750e-01    13   13    3    12    0    0
 +4.298666555992223e-01    13   13    4    4    0    0
 -1.331891647784591e-02    13   13    4    5    0    0
 +1.164187547751647e-01    13   13    4    13    0    0
 +4.818503649566913e-02    13   13    4    14    0    0
 -1.331891647784591e-02    13   13    5    4    0    0
 +4.103554945790173e-01    13   13    5    5    0    0
 -5.903539308810886e-02    13   13    5    13    0    0
 +9.502167520506480e-02    13   13    5    14    0    0
 +1.210669622526440e-01    13   13    6    1    0    0
 +1.404384841594558e-01    13   13    6    2    0    0
 +6.065945180984139e-01    13   13    6    6    0    0
 -2.774710699758554e-04    13   13    6    7    0    0
 +3.903773561670877e-04    13   13    6    8    0    0
 -8.905512407211141e-04    13   13    6    9    0    0
 -6.470948620878606e-05    13   13    6    10    0    0
 -1.599444633133592e-03    13   13    6    11    0    0
 +4.034031858890465e-03    13   13    7    1    0    0
 +1.714468599368542e-03    13   13    7    2    0    0
 -9.854966684719917e-04    13   13    7    6    0    0
 +5.438276166614067e-01    13   13    7    7    0    0
 -8.022959724347365e-03    13   13    7    8    0    0
 -4.470467984909267e-03    13   13    7    9    0    0
 +6.209035954140573e-04    13   13    7    10    0    0
 +3.145400429667869e-03    13   13    7    11    0    0
 -5.675527513207780e-03    13   13    8    1    0    0
 -2.412106311159300e-03    13   13    8    2    0    0
 +1.386507011282370e-03    13   13    8    6    0    0
 -8.022959724347366e-03    13   13    8    7    0    0
 +5.102331467793235e-01    13   13    8    8    0    0
 -3.723670765986602e-03    13   13    8    9    0    0
 -1.432388872130499e-03    13   13    8    10    0    0
 -8.390022250071846e-03    13   13    8    11    0    0
 +1.294733925722837e-02    13   13    9    1    0    0
 +5.502635422417220e-03    13   13    9    2    0    0
 -3.162979408666652e-03    13   13    9    6    0    0
 -4.470467984909269e-03    13   13    9    7    0    0
 -3.723670765986601e-03    13   13    9    8    0    0
 +5.206569368756058e-01    13   13    9    9    0    0
 +4.957491336493916e-03    13   13    9    10    0    0
 +2.103910964019525e-02    13   13    9    11    0    0
 +9.407832281803028e-04    13   13    10    1    0    0
 +3.998340518737346e-04    13   13    10    2    0    0
 -2.298293046652968e-04    13   13    10    6    0    0
 +6.209035954140578e-04    13   13    10    7    0    0
 -1.432388872130497e-03    13   13    10    8    0    0
 +4.957491336493924e-03    13   13    10    9    0    0
 +5.451210498963458e-01    13   13    10    10    0    0
 -2.654335339213617e-03    13   13    10    11    0    0
 +2.325363363882257e-02    13   13    11    1    0    0
 +9.882823460385019e-03    13   13    11    2    0    0
 -5.680762889967403e-03    13   13    11    6    0    0
 +3.145400429667870e-03    13   13    11    7    0    0
 -8.390022250071865e-03    13   13    11    8    0    0
 +2.103910964019523e-02    13   13    11    9    0    0
 -2.654335339213618e-03    13   13    11    10    0    0
 +5.448428083069159e-01    13   13    11    11    0    0
 -1.025576325570930e-01    13   13    12    3    0    0
 +6.390326850105421e-01    13   13    12    12    0    0
 +1.080205612625107e-01    13   13    13    4    0    0
 -5.477670937166718e-02    13   13    13    5    0    0
 +7.198412474254663e-01    13   13    13    13    0    0
 +4.638362798478442e-02    13   13    14    4    0    0
 +9.146926834015881e-02    13   13    14    5    0    0
 +6.390326850104996e-01    13   13    14    14    0    0
 +3.504194501678712e-02    13   14    1    7    0    0
 -5.818374354140223e-03    13   14    1    8    0    0
 -9.884637062395301e-03    13   14    1    9    0    0
 -1.788313019725932e-02    13   14    1    10    0    0
 -1.272006274174066e-03    13   14    1    11    0    0
 +1.415380528790861e-02    13   14    2    7    0    0
 -2.350101789761096e-03    13   14    2    8    0    0
 -3.992507500818359e-03    13   14    2    9    0    0
 -7.223181893273082e-03    13   14    2    10    0    0
 -5.137765361207292e-04    13   14    2    11    0    0
 +1.331891647784560e-02    13   14    4    4    0    0
 +9.755580510092406e-03    13   14    4    5    0    0
 +5.425178296220278e-03    13   14    4    13    0    0
 +1.069853978505014e-02    13   14    4    14    0    0
 +9.755580510092402e-03    13   14    5    4    0    0
 -1.331891647784564e-02    13   14    5    5    0    0
 +1.069853978505015e-02    13   14    5    13    0    0
 -5.425178296220388e-03    13   14    5    14    0    0
 -1.401464787305612e-03    13   14    6    7    0    0
 +2.326996053667453e-04    13   14    6    8    0    0
 +3.953253956538422e-04    13   14    6    9    0    0
 +7.152164997192521e-04    13   14    6    10    0    0
 +5.087251868109280e-05    13   14    6    11    0    0
 +2.037529030177999e-02    13   14    7    1    0    0
 +8.659523932225178e-03    13   14    7    2    0    0
 -4.977595966998038e-03    13   14    7    6    0    0
 -5.788497508856423e-03    13   14    7    7    0    0
 -1.074053913531164e-02    13   14    7    8    0    0
 -9.298882110431611e-03    13   14    7    9    0    0
 -3.224586738359558e-04    13   14    7    10    0    0
 +1.501095348875116e-02    13   14    7    11    0    0
 -3.383118902025729e-03    13   14    8    1    0    0
 -1.437829776349034e-03    13   14    8    2    0    0
 +8.264814269235894e-04    13   14    8    6    0    0
 -1.074053913531165e-02    13   14    8    7    0    0
 +4.850272325298453e-03    13   14    8    8    0    0
 +2.515242421001350e-03    13   14    8    9    0    0
 -1.537826750401061e-02    13   14    8    10    0    0
 +3.696696989448161e-04    13   14    8    11    0    0
 -5.747464918900882e-03    13   14    9    1    0    0
 -2.442679798800222e-03    13   14    9    2    0    0
 +1.404081010727240e-03    13   14    9    6    0    0
 -9.298882110431617e-03    13   14    9    7    0    0
 +2.515242421001351e-03    13   14    9    8    0    0
 +5.450948233429811e-03    13   14    9    9    0    0
 +4.163556939120669e-03    13   14    9    10    0    0
 -4.202743803089938e-03    13   14    9    11    0    0
 -1.039822330350473e-02    13   14    10    1    0    0
 -4.419257945073556e-03    13   14    10    2    0    0
 +2.540241322350546e-03    13   14    10    6    0    0
 -3.224586738359552e-04    13   14    10    7    0    0
 -1.537826750401060e-02    13   14    10    8    0    0
 +4.163556939120665e-03    13   14    10    9    0    0
 -4.396043141799081e-03    13   14    10    10    0    0
 -1.167484864734584e-02    13   14    10    11    0    0
 -7.396135428431890e-04    13   14    11    1    0    0
 -3.143366833055595e-04    13   14    11    2    0    0
 +1.806844139871609e-04    13   14    11    6    0    0
 +1.501095348875114e-02    13   14    11    7    0    0
 +3.696696989448163e-04    13   14    11    8    0    0
 -4.202743803089934e-03    13   14    11    9    0    0
 -1.167484864734584e-02    13   14    11    10    0    0
 -1.166799080728044e-04    13   14    11    11    0    0
 +4.196540693441267e-03    13   14    13    4    0    0
 +8.275646461175810e-03    13   14    13    5    0    0
 +4.040428120748297e-02    13   14    13    14    0    0
 +8.275646461175847e-03    13   14    14    4    0    0
 -4.196540693441253e-03    13   14    14    5    0    0
 +4.040428120748296e-02    13   14    14    13    0    0
 +1.644481320558566e-02    14   1    1    4    0    0
 +3.242943894770279e-02    14   1    1    5    0    0
 +7.487115758321194e-02    14   1    1    14    0    0
 +2.579967442646695e-03    14   1    2    4    0    0
 +5.087737733618772e-03    14   1    2    5    0    0
 +4.614238773050002e-02    14   1    2    14    0    0
 -6.884669526474028e-03    14   1    3    7    0    0
 -3.470527082243127e-02    14   1    3    8    0    0
 -1.686247192398350e-03    14   1    3    10    0    0
 -7.207963827266159e-03    14   1    3    11    0    0
 +1.517144795679924e-02    14   1    4    1    0    0
 +3.488779558833045e-03    14   1    4    2    0    0
 -5.009303683267870e-03    14   1    4    6    0    0
 +2.353087657743048e-02    14   1    4    7    0    0
 -3.837850878259790e-03    14   1    4    8    0    0
 -2.609060950662133e-02    14   1    4    9    0    0
 -1.205010835692498e-02    14   1    4    10    0    0
 -1.177751944407526e-03    14   1    4    11    0    0
 +2.991834197886563e-02    14   1    5    1    0    0
 +6.879929999249799e-03    14   1    5    2    0    0
 -9.878428288370818e-03    14   1    5    6    0    0
 -2.190885513305686e-02    14   1    5    7    0    0
 +3.774260235796441e-03    14   1    5    8    0    0
 -3.218161131515576e-02    14   1    5    9    0    0
 +1.109905780472381e-02    14   1    5    10    0    0
 +1.571523695878812e-04    14   1    5    11    0    0
 -3.942218415446470e-03    14   1    6    4    0    0
 -7.774118795025739e-03    14   1    6    5    0    0
 +5.143756818266480e-02    14   1    6    14    0    0
 -4.063146103969217e-03    14   1    7    3    0    0
 +1.388728814373975e-02    14   1    7    4    0    0
 -1.293001487348028e-02    14   1    7    5    0    0
 +5.127275909434936e-03    14   1    7    12    0    0
 +2.300901996060825e-02    14   1    7    13    0    0
 -6.626547061335248e-03    14   1    7    14    0    0
 -2.048211397614860e-02    14   1    8    3    0    0
 -2.264995986176691e-03    14   1    8    4    0    0
 +2.227466505614019e-03    14   1    8    5    0    0
 +2.584633849657013e-02    14   1    8    12    0    0
 -3.820424111406171e-03    14   1    8    13    0    0
 +1.214260338474397e-03    14   1    8    14    0    0
 -1.539797341896571e-02    14   1    9    4    0    0
 -1.899271826074006e-02    14   1    9    5    0    0
 -6.490387772798184e-03    14   1    9    13    0    0
 -3.016350234537258e-02    14   1    9    14    0    0
 -9.951775729795304e-04    14   1    10    3    0    0
 -7.111648661503937e-03    14   1    10    4    0    0
 +6.550364299052823e-03    14   1    10    5    0    0
 +1.255812580936536e-03    14   1    10    12    0    0
 -1.174230766784714e-02    14   1    10    13    0    0
 +3.313456462830016e-03    14   1    10    14    0    0
 -4.253945673018668e-03    14   1    11    3    0    0
 -6.950774043633818e-04    14   1    11    4    0    0
 +9.274708622767226e-05    14   1    11    5    0    0
 +5.368045502475728e-03    14   1    11    12    0    0
 -8.352167021114801e-04    14   1    11    13    0    0
 -2.923091714723601e-04    14   1    11    14    0    0
 +6.518716584930939e-03    14   1    12    7    0    0
 +3.286052055581702e-02    14   1    12    8    0    0
 +1.596615131214578e-03    14   1    12    10    0    0
 +6.824826255450933e-03    14   1    12    11    0    0
 +2.925321021718804e-02    14   1    13    7    0    0
 -4.857211208522279e-03    14   1    13    8    0    0
 -8.251749889120976e-03    14   1    13    9    0    0
 -1.492893635758963e-02    14   1    13    10    0    0
 -1.061877898563342e-03    14   1    13    11    0    0
 +2.872340553516131e-02    14   1    14    1    0    0
 +2.285742129449582e-02    14   1    14    2    0    0
 +2.103040265380414e-02    14   1    14    6    0    0
 -8.424860099700027e-03    14   1    14    7    0    0
 +1.543786436823377e-03    14   1    14    8    0    0
 -3.834927678390799e-02    14   1    14    9    0    0
 +4.212662626161876e-03    14   1    14    10    0    0
 -3.716360651662903e-04    14   1    14    11    0    0
 +1.579695398643052e-02    14   2    1    4    0    0
 +3.115185003674061e-02    14   2    1    5    0    0
 +4.170877600192415e-02    14   2    1    14    0    0
 -2.272605927442983e-03    14   2    2    4    0    0
 -4.481615829553177e-03    14   2    2    5    0    0
 +3.341436759569139e-02    14   2    2    14    0    0
 -5.884537315659301e-03    14   2    3    7    0    0
 -2.966365493933169e-02    14   2    3    8    0    0
 -1.441286976656920e-03    14   2    3    10    0    0
 -6.160866828591707e-03    14   2    3    11    0    0
 +1.850379432904767e-02    14   2    4    1    0    0
 +8.303666815622561e-05    14   2    4    2    0    0
 -7.962255604054704e-03    14   2    4    6    0    0
 +2.011255889009661e-02    14   2    4    7    0    0
 -3.280328361181599e-03    14   2    4    8    0    0
 -2.230044080396668e-02    14   2    4    9    0    0
 -1.029959564673229e-02    14   2    4    10    0    0
 -1.006660557751675e-03    14   2    4    11    0    0
 +3.648978319138842e-02    14   2    5    1    0    0
 +1.637496593441955e-04    14   2    5    2    0    0
 -1.570169747565053e-02    14   2    5    6    0    0
 -1.872616762185742e-02    14   2    5    7    0    0
 +3.225975496884566e-03    14   2    5    8    0    0
 -2.750660608092605e-02    14   2    5    9    0    0
 +9.486703692806986e-03    14   2    5    10    0    0
 +1.343229300299817e-04    14   2    5    11    0    0
 -8.085438296739305e-03    14   2    6    4    0    0
 -1.594461574792845e-02    14   2    6    5    0    0
 +2.644258632437391e-02    14   2    6    14    0    0
 -5.485659708857061e-03    14   2    7    3    0    0
 +1.874924875602709e-02    14   2    7    4    0    0
 -1.745683266399979e-02    14   2    7    5    0    0
 +4.868128078064629e-03    14   2    7    12    0    0
 +2.184607540094935e-02    14   2    7    13    0    0
 -6.291621590041929e-03    14   2    7    14    0    0
 -2.765293310063747e-02    14   2    8    3    0    0
 -3.057974511414838e-03    14   2    8    4    0    0
 +3.007305902866432e-03    14   2    8    5    0    0
 +2.453998738760725e-02    14   2    8    12    0    0
 -3.627328471367799e-03    14   2    8    13    0    0
 +1.152887995929775e-03    14   2    8    14    0    0
 -2.078882723413682e-02    14   2    9    4    0    0
 -2.564209768948192e-02    14   2    9    5    0    0
 -6.162344198435861e-03    14   2    9    13    0    0
 -2.863894888708265e-02    14   2    9    14    0    0
 -1.343590748538147e-03    14   2    10    3    0    0
 -9.601447628931937e-03    14   2    10    4    0    0
 +8.843656761086584e-03    14   2    10    5    0    0
 +1.192340064008322e-03    14   2    10    12    0    0
 -1.114881638297092e-02    14   2    10    13    0    0
 +3.145984481245755e-03    14   2    10    14    0    0
 -5.743258496008594e-03    14   2    11    3    0    0
 -9.384250563691001e-04    14   2    11    4    0    0
 +1.252179815872019e-04    14   2    11    5    0    0
 +5.096728457082535e-03    14   2    11    12    0    0
 -7.930023565409286e-04    14   2    11    13    0    0
 -2.775349932898834e-04    14   2    11    14    0    0
 +2.902737082936049e-03    14   2    12    7    0    0
 +1.463255080032957e-02    14   2    12    8    0    0
 +7.109611053296841e-04    14   2    12    10    0    0
 +3.039045492802745e-03    14   2    12    11    0    0
 +1.302624174345117e-02    14   2    13    7    0    0
 -2.162880823385196e-03    14   2    13    8    0    0
 -3.674444208486598e-03    14   2    13    9    0    0
 -6.647746777968900e-03    14   2    13    10    0    0
 -4.728465049141294e-04    14   2    13    11    0    0
 +2.285742129449582e-02    14   2    14    1    0    0
 +2.570335941506383e-02    14   2    14    2    0    0
 +2.931061753657738e-02    14   2    14    6    0    0
 -3.751528926181532e-03    14   2    14    7    0    0
 +6.874368719542079e-04    14   2    14    8    0    0
 -1.707665402753620e-02    14   2    14    9    0    0
 +1.875868027630841e-03    14   2    14    10    0    0
 -1.654868368120710e-04    14   2    14    11    0    0
 -1.812067677928867e-03    14   3    1    7    0    0
 -9.134541501123384e-03    14   3    1    8    0    0
 -4.438258107514799e-04    14   3    1    10    0    0
 -1.897159801911224e-03    14   3    1    11    0    0
 -1.053124394328089e-03    14   3    2    7    0    0
 -5.308746799584502e-03    14   3    2    8    0    0
 -2.579394764488322e-04    14   3    2    10    0    0
 -1.102577619846371e-03    14   3    2    11    0    0
 -1.369216541563043e-04    14   3    3    4    0    0
 -2.700117276231558e-04    14   3    3    5    0    0
 +6.035737368506193e-03    14   3    3    14    0    0
 -1.369216541563041e-04    14   3    4    3    0    0
 -2.729776319269207e-03    14   3    4    12    0    0
 -2.700117276231553e-04    14   3    5    3    0    0
 -5.383163273423837e-03    14   3    5    12    0    0
 -3.582964762930297e-04    14   3    6    7    0    0
 -1.806154412591092e-03    14   3    6    8    0    0
 -8.775677973677569e-05    14   3    6    10    0    0
 -3.751215698336942e-04    14   3    6    11    0    0
 -7.301347916338582e-04    14   3    7    1    0    0
 -6.114881352857326e-04    14   3    7    2    0    0
 -9.993691617897322e-05    14   3    7    6    0    0
 +3.341965548811859e-03    14   3    7    7    0    0
 -1.247683407328505e-04    14   3    7    8    0    0
 -1.818893959866149e-06    14   3    7    9    0    0
 +2.441811176512467e-03    14   3    7    10    0    0
 +3.782513218914790e-04    14   3    7    11    0    0
 -3.680572550809186e-03    14   3    8    1    0    0
 -3.082480757891075e-03    14   3    8    2    0    0
 -5.037769391563470e-04    14   3    8    6    0    0
 -1.247683407328512e-04    14   3    8    7    0    0
 -1.788437169221930e-03    14   3    8    8    0    0
 +2.276749895048659e-03    14   3    8    9    0    0
 -2.303413725208938e-04    14   3    8    10    0    0
 +3.802490070862454e-03    14   3    8    11    0    0
 -1.818893959866516e-06    14   3    9    7    0    0
 +2.276749895048660e-03    14   3    9    8    0    0
 -7.861272584924373e-04    14   3    9    10    0    0
 +5.878078969735163e-04    14   3    9    11    0    0
 -1.788303327749594e-04    14   3    10    1    0    0
 -1.497704642678110e-04    14   3    10    2    0    0
 -2.447733237967312e-05    14   3    10    6    0    0
 +2.441811176512467e-03    14   3    10    7    0    0
 -2.303413725208946e-04    14   3    10    8    0    0
 -7.861272584924369e-04    14   3    10    9    0    0
 -3.211636295658683e-03    14   3    10    10    0    0
 +3.538679101164404e-04    14   3    10    11    0    0
 -7.644208842397072e-04    14   3    11    1    0    0
 -6.402027494556314e-04    14   3    11    2    0    0
 -1.046298117951258e-04    14   3    11    6    0    0
 +3.782513218914787e-04    14   3    11    7    0    0
 +3.802490070862446e-03    14   3    11    8    0    0
 +5.878078969735163e-04    14   3    11    9    0    0
 +3.538679101164397e-04    14   3    11    10    0    0
 +1.658107916068734e-03    14   3    11    11    0    0
 -2.161014048387181e-03    14   3    12    4    0    0
 -4.261554830157357e-03    14   3    12    5    0    0
 -9.278861899073619e-03    14   3    12    14    0    0
 +4.778161915189159e-03    14   3    14    3    0    0
 -9.278861899073617e-03    14   3    14    12    0    0
 +3.945936906665529e-02    14   4    1    1    0    0
 +1.643446356031795e-02    14   4    1    2    0    0
 +1.447854278868722e-02    14   4    1    6    0    0
 +6.193404159100387e-03    14   4    1    7    0    0
 -1.010134982145941e-03    14   4    1    8    0    0
 -6.867134290558480e-03    14   4    1    9    0    0
 -3.171628178398194e-03    14   4    1    10    0    0
 -3.099881879402159e-04    14   4    1    11    0    0
 +1.612153277127497e-02    14   4    2    1    0    0
 +1.293990456960531e-02    14   4    2    2    0    0
 +1.256522200872850e-02    14   4    2    6    0    0
 +3.599437859482485e-03    14   4    2    7    0    0
 -5.870629470517076e-04    14   4    2    8    0    0
 -3.990991467150955e-03    14   4    2    9    0    0
 -1.843263938258174e-03    14   4    2    10    0    0
 -1.801566942833593e-04    14   4    2    11    0    0
 +2.387001659283536e-02    14   4    3    3    0    0
 -1.372268422494494e-02    14   4    3    12    0    0
 +2.359617328452476e-02    14   4    4    4    0    0
 -2.700117276231064e-04    14   4    4    5    0    0
 +1.467364730301170e-02    14   4    4    13    0    0
 +1.347667365272050e-02    14   4    4    14    0    0
 -2.700117276231191e-04    14   4    5    4    0    0
 +2.387001659283620e-02    14   4    5    5    0    0
 -1.405198915708103e-03    14   4    5    13    0    0
 +1.467364730301164e-02    14   4    5    14    0    0
 +8.452118283689811e-03    14   4    6    1    0    0
 +1.027737307853199e-02    14   4    6    2    0    0
 +3.941676539784987e-02    14   4    6    6    0    0
 +1.224609275631803e-03    14   4    6    7    0    0
 -1.997319465997309e-04    14   4    6    8    0    0
 -1.357824571624482e-03    14   4    6    9    0    0
 -6.271196237717956e-04    14   4    6    10    0    0
 -6.129333732089290e-05    14   4    6    11    0    0
 +2.495502739929416e-03    14   4    7    1    0    0
 +2.089984389903048e-03    14   4    7    2    0    0
 +3.415709688161220e-04    14   4    7    6    0    0
 +3.756015531042669e-02    14   4    7    7    0    0
 -1.850839108204919e-03    14   4    7    8    0    0
 -1.504085300186753e-03    14   4    7    9    0    0
 -1.549109242807125e-03    14   4    7    10    0    0
 +2.906242639955243e-03    14   4    7    11    0    0
 -4.070127753474253e-04    14   4    8    1    0    0
 -3.408733372063212e-04    14   4    8    2    0    0
 -5.570971563021935e-05    14   4    8    6    0    0
 -1.850839108204926e-03    14   4    8    7    0    0
 +4.002209172008896e-02    14   4    8    8    0    0
 +4.164245996309632e-04    14   4    8    9    0    0
 -2.499104416695676e-03    14   4    8    10    0    0
 +8.075654098880941e-04    14   4    8    11    0    0
 -2.766968212848162e-03    14   4    9    1    0    0
 -2.317336815416082e-03    14   4    9    2    0    0
 -3.787277000439184e-04    14   4    9    6    0    0
 -1.504085300186753e-03    14   4    9    7    0    0
 +4.164245996309628e-04    14   4    9    8    0    0
 +4.153118166281056e-02    14   4    9    9    0    0
 +6.677069771953501e-04    14   4    9    10    0    0
 -7.246037045559556e-04    14   4    9    11    0    0
 -1.277941275251718e-03    14   4    10    1    0    0
 -1.070276250854538e-03    14   4    10    2    0    0
 -1.749177159750315e-04    14   4    10    6    0    0
 -1.549109242807104e-03    14   4    10    7    0    0
 -2.499104416695685e-03    14   4    10    8    0    0
 +6.677069771953491e-04    14   4    10    9    0    0
 +3.548561592416138e-02    14   4    10    10    0    0
 -2.137722059084308e-03    14   4    10    11    0    0
 -1.249032603845026e-04    14   4    11    1    0    0
 -1.046065228759886e-04    14   4    11    2    0    0
 -1.709608527993670e-05    14   4    11    6    0    0
 +2.906242639955257e-03    14   4    11    7    0    0
 +8.075654098880828e-04    14   4    11    8    0    0
 -7.246037045559572e-04    14   4    11    9    0    0
 -2.137722059084314e-03    14   4    11    10    0    0
 +3.566963536693395e-02    14   4    11    11    0    0
 -8.507117961516295e-03    14   4    12    3    0    0
 +4.638362798478787e-02    14   4    12    12    0    0
 +9.514710950049502e-03    14   4    13    4    0    0
 -4.670244743637972e-05    14   4    13    5    0    0
 +4.638362798478442e-02    14   4    13    13    0    0
 +8.275646461175847e-03    14   4    13    14    0    0
 +9.603026277814635e-03    14   4    14    4    0    0
 +9.514710950049420e-03    14   4    14    5    0    0
 +8.275646461175835e-03    14   4    14    13    0    0
 +5.477670937166934e-02    14   4    14    14    0    0
 +7.781451720152735e-02    14   5    1    1    0    0
 +3.240902927900355e-02    14   5    1    2    0    0
 +2.855192172434915e-02    14   5    1    6    0    0
 -5.766482776606238e-03    14   5    1    7    0    0
 +9.933977157624914e-04    14   5    1    8    0    0
 -8.470306013036777e-03    14   5    1    9    0    0
 +2.921308542997668e-03    14   5    1    10    0    0
 +4.136302088939442e-05    14   5    1    11    0    0
 +3.179192467639978e-02    14   5    2    1    0    0
 +2.551770214614379e-02    14   5    2    2    0    0
 +2.477882204572441e-02    14   5    2    6    0    0
 -3.351322776452731e-03    14   5    2    7    0    0
 +5.773357035621403e-04    14   5    2    8    0    0
 -4.922711220117709e-03    14   5    2    9    0    0
 +1.697784982019131e-03    14   5    2    10    0    0
 +2.403906148335996e-05    14   5    2    11    0    0
 +4.707206072216538e-02    14   5    3    3    0    0
 -2.706135635035938e-02    14   5    3    12    0    0
 +4.707206072216930e-02    14   5    4    4    0    0
 -1.369216541562694e-04    14   5    4    5    0    0
 +2.290093362946559e-02    14   5    4    13    0    0
 +1.467364730301151e-02    14   5    4    14    0    0
 -1.369216541562907e-04    14   5    5    4    0    0
 +4.653203726692070e-02    14   5    5    5    0    0
 -1.467364730301154e-02    14   5    5    13    0    0
 +3.497240836647796e-02    14   5    5    14    0    0
 +1.666771464248535e-02    14   5    6    1    0    0
 +2.026714676697006e-02    14   5    6    2    0    0
 +7.773050207413103e-02    14   5    6    6    0    0
 -1.140194974298059e-03    14   5    6    7    0    0
 +1.964225207758741e-04    14   5    6    8    0    0
 -1.674816473225620e-03    14   5    6    9    0    0
 +5.776244286400514e-04    14   5    6    10    0    0
 +8.178626446373760e-06    14   5    6    11    0    0
 -2.323483693153146e-03    14   5    7    1    0    0
 -1.945918379966087e-03    14   5    7    2    0    0
 -3.180259285634740e-04    14   5    7    6    0    0
 +7.679658287092361e-02    14   5    7    7    0    0
 +1.410697345318797e-03    14   5    7    8    0    0
 +1.415241007368816e-03    14   5    7    9    0    0
 -2.902936884877567e-03    14   5    7    10    0    0
 -1.341500577692745e-03    14   5    7    11    0    0
 +4.002688437314938e-04    14   5    8    1    0    0
 +3.352252921938383e-04    14   5    8    2    0    0
 +5.478664260820263e-05    14   5    8    6    0    0
 +1.410697345318784e-03    14   5    8    7    0    0
 +7.663892962197819e-02    14   5    8    8    0    0
 -3.639018698659076e-04    14   5    8    9    0    0
 +2.317449828094521e-03    14   5    8    10    0    0
 +1.418356139646958e-03    14   5    8    11    0    0
 -3.412932745962551e-03    14   5    9    1    0    0
 -2.858332330683761e-03    14   5    9    2    0    0
 -4.671438447615741e-04    14   5    9    6    0    0
 +1.415241007368816e-03    14   5    9    7    0    0
 -3.639018698659077e-04    14   5    9    8    0    0
 +7.933186115815583e-02    14   5    9    9    0    0
 -6.449995067669546e-04    14   5    9    10    0    0
 +5.512617728171967e-04    14   5    9    11    0    0
 +1.177080210810720e-03    14   5    10    1    0    0
 +9.858050752241585e-04    14   5    10    2    0    0
 +1.611123969321871e-04    14   5    10    6    0    0
 -2.902936884877523e-03    14   5    10    7    0    0
 +2.317449828094507e-03    14   5    10    8    0    0
 -6.449995067669544e-04    14   5    10    9    0    0
 +7.204947964004338e-02    14   5    10    10    0    0
 +1.285174838641199e-03    14   5    10    11    0    0
 +1.666636462106071e-05    14   5    11    1    0    0
 +1.395808601493801e-05    14   5    11    2    0    0
 +2.281202187838333e-06    14   5    11    6    0    0
 -1.341500577692711e-03    14   5    11    7    0    0
 +1.418356139646935e-03    14   5    11    8    0    0
 +5.512617728171955e-04    14   5    11    9    0    0
 +1.285174838641187e-03    14   5    11    10    0    0
 +7.039607640754064e-02    14   5    11    11    0    0
 -1.677617490116513e-02    14   5    12    3    0    0
 +9.146926834016554e-02    14   5    12    12    0    0
 +1.398500273753306e-02    14   5    13    4    0    0
 -9.514710950049800e-03    14   5    13    5    0    0
 +9.146926834015881e-02    14   5    13    13    0    0
 -4.196540693441253e-03    14   5    13    14    0    0
 +9.514710950049420e-03    14   5    14    4    0    0
 +2.354132656791137e-02    14   5    14    5    0    0
 -4.196540693441284e-03    14   5    14    13    0    0
 +1.080205612625149e-01    14   5    14    14    0    0
 +1.741219871317417e-02    14   6    1    4    0    0
 +3.433713889327432e-02    14   6    1    5    0    0
 +4.423588832466945e-02    14   6    1    14    0    0
 -4.636752056156475e-03    14   6    2    4    0    0
 -9.143750423974755e-03    14   6    2    5    0    0
 +4.038810445568634e-02    14   6    2    14    0    0
 -5.736011583740766e-03    14   6    3    7    0    0
 -2.891494423789422e-02    14   6    3    8    0    0
 -1.404908890899358e-03    14   6    3    10    0    0
 -6.005366539293871e-03    14   6    3    11    0    0
 +1.875189718175839e-02    14   6    4    1    0    0
 -3.120251989738043e-03    14   6    4    2    0    0
 -7.834296106415305e-03    14   6    4    6    0    0
 +1.960491786928834e-02    14   6    4    7    0    0
 -3.197532867731163e-03    14   6    4    8    0    0
 -2.173757763990799e-02    14   6    4    9    0    0
 -1.003963383498121e-02    14   6    4    10    0    0
 -9.812524435511576e-04    14   6    4    11    0    0
 +3.697904604978309e-02    14   6    5    1    0    0
 -6.153187642671844e-03    14   6    5    2    0    0
 -1.544935926635634e-02    14   6    5    6    0    0
 -1.825351911903222e-02    14   6    5    7    0    0
 +3.144551869821992e-03    14   6    5    8    0    0
 -2.681233929636672e-02    14   6    5    9    0    0
 +9.247259275364196e-03    14   6    5    10    0    0
 +1.309326190461413e-04    14   6    5    11    0    0
 -8.042001049446204e-03    14   6    6    4    0    0
 -1.585895679020491e-02    14   6    6    5    0    0
 +4.330677589915450e-02    14   6    6    14    0    0
 -5.028123142287668e-03    14   6    7    3    0    0
 +1.718545016900621e-02    14   6    7    4    0    0
 -1.600082924706038e-02    14   6    7    5    0    0
 +3.690957119003804e-03    14   6    7    12    0    0
 +1.656343593069236e-02    14   6    7    13    0    0
 -4.770233059906551e-03    14   6    7    14    0    0
 -2.534651441301629e-02    14   6    8    3    0    0
 -2.802921293959441e-03    14   6    8    4    0    0
 +2.756478747984803e-03    14   6    8    5    0    0
 +1.860592813009190e-02    14   6    8    12    0    0
 -2.750197535822202e-03    14   6    8    13    0    0
 +8.741060398893061e-04    14   6    8    14    0    0
 -1.905491570106212e-02    14   6    9    4    0    0
 -2.350339460559595e-02    14   6    9    5    0    0
 -4.672216470937840e-03    14   6    9    13    0    0
 -2.171371224842297e-02    14   6    9    14    0    0
 -1.231527308480426e-03    14   6    10    3    0    0
 -8.800629930534728e-03    14   6    10    4    0    0
 +8.106043317100499e-03    14   6    10    5    0    0
 +9.040181311898534e-04    14   6    10    12    0    0
 -8.452900691460914e-03    14   6    10    13    0    0
 +2.385248216794207e-03    14   6    10    14    0    0
 -5.264236662236911e-03    14   6    11    3    0    0
 -8.601548389182191e-04    14   6    11    4    0    0
 +1.147740589946886e-04    14   6    11    5    0    0
 +3.864279222040710e-03    14   6    11    12    0    0
 -6.012450055391693e-04    14   6    11    13    0    0
 -2.104237486831348e-04    14   6    11    14    0    0
 +2.820613873122335e-03    14   6    12    7    0    0
 +1.421857185385551e-02    14   6    12    8    0    0
 +6.908468454589878e-04    14   6    12    10    0    0
 +2.953065893718159e-03    14   6    12    11    0    0
 +1.265770792408806e-02    14   6    13    7    0    0
 -2.101689364914845e-03    14   6    13    8    0    0
 -3.570488133905696e-03    14   6    13    9    0    0
 -6.459671079813258e-03    14   6    13    10    0    0
 -4.594688990120340e-04    14   6    13    11    0    0
 +2.103040265380414e-02    14   6    14    1    0    0
 +2.931061753657738e-02    14   6    14    2    0    0
 +3.618155416765192e-02    14   6    14    6    0    0
 -3.645391998060071e-03    14   6    14    7    0    0
 +6.679881513652640e-04    14   6    14    8    0    0
 -1.659352737791161e-02    14   6    14    9    0    0
 +1.822796633558812e-03    14   6    14    10    0    0
 -1.608049418168942e-04    14   6    14    11    0    0
 -3.826666522779881e-03    14   7    1    3    0    0
 +1.307903266878198e-02    14   7    1    4    0    0
 -1.217747375784986e-02    14   7    1    5    0    0
 +1.148326449118523e-02    14   7    1    12    0    0
 +5.153197654224635e-02    14   7    1    13    0    0
 -1.484109572269616e-02    14   7    1    14    0    0
 -2.894410613619858e-03    14   7    2    3    0    0
 +9.892707072081744e-03    14   7    2    4    0    0
 -9.210786746630777e-03    14   7    2    5    0    0
 +5.330980272413126e-03    14   7    2    12    0    0
 +2.392315796227231e-02    14   7    2    13    0    0
 -6.889816792029927e-03    14   7    2    14    0    0
 -3.691488190347394e-03    14   7    3    1    0    0
 -3.269620905082443e-03    14   7    3    2    0    0
 +6.150052077079530e-04    14   7    3    6    0    0
 +1.122259517379067e-02    14   7    3    7    0    0
 +1.579950371116807e-03    14   7    3    8    0    0
 -1.711320000144777e-03    14   7    3    9    0    0
 +1.608660295086394e-02    14   7    3    10    0    0
 +2.388440912883544e-03    14   7    3    11    0    0
 +1.261701126830972e-02    14   7    4    1    0    0
 +1.117512549827293e-02    14   7    4    2    0    0
 -2.102005271480831e-03    14   7    4    6    0    0
 +9.614850770669226e-03    14   7    4    7    0    0
 -4.484984078488459e-03    14   7    4    8    0    0
 +5.495249465842568e-03    14   7    4    9    0    0
 -5.472597693624039e-03    14   7    4    10    0    0
 +1.646349858661868e-02    14   7    4    11    0    0
 -1.174730024102345e-02    14   7    5    1    0    0
 -1.040480599308483e-02    14   7    5    2    0    0
 +1.957110642702130e-03    14   7    5    6    0    0
 +2.811929441413572e-02    14   7    5    7    0    0
 +3.859818029563321e-03    14   7    5    8    0    0
 -5.953768558761167e-04    14   7    5    9    0    0
 -9.611100396848937e-03    14   7    5    10    0    0
 -7.904484645725393e-03    14   7    5    11    0    0
 +2.900553687201829e-04    14   7    6    3    0    0
 -9.913703273239048e-04    14   7    6    4    0    0
 +9.230335645627295e-04    14   7    6    5    0    0
 +5.607962923937149e-03    14   7    6    12    0    0
 +2.516613756201062e-02    14   7    6    13    0    0
 -7.247792178554351e-03    14   7    6    14    0    0
 +7.443066871892439e-03    14   7    7    3    0    0
 +6.700142639488383e-03    14   7    7    4    0    0
 +1.928700576279743e-02    14   7    7    5    0    0
 -1.262157839554956e-02    14   7    7    12    0    0
 -4.658527640133590e-03    14   7    7    13    0    0
 +3.242669624837741e-02    14   7    7    14    0    0
 +8.638948542259194e-04    14   7    8    3    0    0
 -3.133776685792035e-03    14   7    8    4    0    0
 +2.640663611247037e-03    14   7    8    5    0    0
 -1.949100079569082e-03    14   7    8    12    0    0
 -6.294879389366833e-03    14   7    8    13    0    0
 +1.590358205169373e-03    14   7    8    14    0    0
 -9.780532113703858e-04    14   7    9    3    0    0
 +2.674008435600026e-03    14   7    9    4    0    0
 +9.729926134321076e-05    14   7    9    5    0    0
 +2.071543579096317e-03    14   7    9    12    0    0
 +6.833527635346934e-03    14   7    9    13    0    0
 +2.197946454902329e-03    14   7    9    14    0    0
 +9.943157460021610e-03    14   7    10    3    0    0
 -3.604644842640752e-03    14   7    10    4    0    0
 -6.386915409394564e-03    14   7    10    5    0    0
 -1.877132531033369e-02    14   7    10    12    0    0
 -6.268208990433109e-04    14   7    10    13    0    0
 -1.242414974282706e-02    14   7    10    14    0    0
 +1.481153392324077e-03    14   7    11    3    0    0
 +1.030196724882402e-02    14   7    11    4    0    0
 -4.929557059056620e-03    14   7    11    5    0    0
 -2.782508707789162e-03    14   7    11    12    0    0
 +2.118203040808532e-02    14   7    11    13    0    0
 +4.454362240460951e-04    14   7    11    14    0    0
 +6.518716584930972e-03    14   7    12    1    0    0
 +2.902737082936005e-03    14   7    12    2    0    0
 +2.820613873122278e-03    14   7    12    6    0    0
 -1.386580735368725e-02    14   7    12    7    0    0
 -2.042450659493872e-03    14   7    12    8    0    0
 +2.191480768874407e-03    14   7    12    9    0    0
 -2.023201385453707e-02    14   7    12    10    0    0
 -3.001541576767420e-03    14   7    12    11    0    0
 +2.925321021718828e-02    14   7    13    1    0    0
 +1.302624174345151e-02    14   7    13    2    0    0
 +1.265770792408808e-02    14   7    13    6    0    0
 -5.117762991726587e-03    14   7    13    7    0    0
 -7.011305639528198e-03    14   7    13    8    0    0
 +6.922783926397683e-03    14   7    13    9    0    0
 -6.736199997295707e-04    14   7    13    10    0    0
 +2.289865107123587e-02    14   7    13    11    0    0
 -8.424860099700027e-03    14   7    14    1    0    0
 -3.751528926181532e-03    14   7    14    2    0    0
 -3.645391998060071e-03    14   7    14    6    0    0
 +3.600726375376764e-02    14   7    14    7    0    0
 +1.747134930763526e-03    14   7    14    8    0    0
 +2.414618929764072e-03    14   7    14    9    0    0
 -1.364891628198787e-02    14   7    14    10    0    0
 +4.893471067893468e-04    14   7    14    11    0    0
 -1.929003236967650e-02    14   8    1    3    0    0
 -2.133170723559779e-03    14   8    1    4    0    0
 +2.097825500126648e-03    14   8    1    5    0    0
 +5.788655541993814e-02    14   8    1    12    0    0
 -8.556383801981454e-03    14   8    1    13    0    0
 +2.719508931087366e-03    14   8    1    14    0    0
 -1.459057748970041e-02    14   8    2    3    0    0
 -1.613485770494893e-03    14   8    2    4    0    0
 +1.586751381899284e-03    14   8    2    5    0    0
 +2.687320188597242e-02    14   8    2    12    0    0
 -3.972207840947434e-03    14   8    2    13    0    0
 +1.262502354918929e-03    14   8    2    14    0    0
 -1.860860523387077e-02    14   8    3    1    0    0
 -1.648199358897711e-02    14   8    3    2    0    0
 +3.100210142060564e-03    14   8    3    6    0    0
 -2.417915070692037e-03    14   8    3    7    0    0
 -6.005719104756557e-03    14   8    3    8    0    0
 -5.206766638593959e-03    14   8    3    9    0    0
 +9.262473062832410e-05    14   8    3    10    0    0
 +2.023679966638495e-02    14   8    3    11    0    0
 -2.057815722153756e-03    14   8    4    1    0    0
 -1.822646303340278e-03    14   8    4    2    0    0
 +3.428339250649455e-04    14   8    4    6    0    0
 -7.945555817764219e-03    14   8    4    7    0    0
 +1.788223571695713e-02    14   8    4    8    0    0
 -7.105445649561372e-04    14   8    4    9    0    0
 -1.509629494771736e-02    14   8    4    10    0    0
 +2.441309615484854e-03    14   8    4    11    0    0
 +2.023719081092414e-03    14   8    5    1    0    0
 +1.792446263503002e-03    14   8    5    2    0    0
 -3.371533944126282e-04    14   8    5    6    0    0
 +5.614657387983710e-03    14   8    5    7    0    0
 +2.758988183794458e-02    14   8    5    8    0    0
 -1.525827752761055e-04    14   8    5    9    0    0
 +1.118180249579038e-02    14   8    5    10    0    0
 +4.900156985443763e-03    14   8    5    11    0    0
 +1.462154441287965e-03    14   8    6    3    0    0
 +1.616910219592032e-04    14   8    6    4    0    0
 -1.590119090147302e-04    14   8    6    5    0    0
 +2.826945742115704e-02    14   8    6    12    0    0
 -4.178592521431710e-03    14   8    6    13    0    0
 +1.328098405167010e-03    14   8    6    14    0    0
 -1.419651094082961e-03    14   8    7    3    0    0
 -5.110425147096756e-03    14   8    7    4    0    0
 +3.643012581011434e-03    14   8    7    5    0    0
 +2.891523555120629e-03    14   8    7    12    0    0
 -1.099288772299088e-02    14   8    7    13    0    0
 +1.590358205169332e-03    14   8    7    14    0    0
 -3.983122283061558e-03    14   8    8    3    0    0
 +1.218325042854993e-02    14   8    8    4    0    0
 +1.893588793787450e-02    14   8    8    5    0    0
 +6.754378406107239e-03    14   8    8    12    0    0
 +3.903452952170682e-03    14   8    8    13    0    0
 +3.610084932102743e-02    14   8    8    14    0    0
 -2.270441325647525e-03    14   8    9    3    0    0
 -2.771628776564118e-04    14   8    9    4    0    0
 -1.996160537734803e-04    14   8    9    5    0    0
 +6.962981162762418e-03    14   8    9    12    0    0
 -8.388048727949477e-04    14   8    9    13    0    0
 -5.144667885392980e-04    14   8    9    14    0    0
 -1.827943919147256e-05    14   8    10    3    0    0
 -9.395208343753736e-03    14   8    10    4    0    0
 +7.103144855883432e-03    14   8    10    5    0    0
 -1.787832925077835e-04    14   8    10    12    0    0
 -2.147764122765877e-02    14   8    10    13    0    0
 +3.537340362052115e-03    14   8    10    14    0    0
 +1.273422489097622e-02    14   8    11    3    0    0
 +1.644028962970680e-03    14   8    11    4    0    0
 +3.237263082215857e-03    14   8    11    5    0    0
 -2.340277520027797e-02    14   8    11    12    0    0
 -6.980257949046825e-05    14   8    11    13    0    0
 +6.156925704261023e-03    14   8    11    14    0    0
 +3.286052055581704e-02    14   8    12    1    0    0
 +1.463255080032921e-02    14   8    12    2    0    0
 +1.421857185385497e-02    14   8    12    6    0    0
 +3.077777775332082e-03    14   8    12    7    0    0
 +7.420221690023450e-03    14   8    12    8    0    0
 +7.014206302492255e-03    14   8    12    9    0    0
 -1.536020052942818e-04    14   8    12    10    0    0
 -2.534074119854253e-02    14   8    12    11    0    0
 -4.857211208522319e-03    14   8    13    1    0    0
 -2.162880823385247e-03    14   8    13    2    0    0
 -2.101689364914830e-03    14   8    13    6    0    0
 -1.198068100771113e-02    14   8    13    7    0    0
 +4.288253414332445e-03    14   8    13    8    0    0
 -8.046317770802825e-04    14   8    13    9    0    0
 -2.322340305925341e-02    14   8    13    10    0    0
 -6.169108962442124e-05    14   8    13    11    0    0
 +1.543786436823377e-03    14   8    14    1    0    0
 +6.874368719542079e-04    14   8    14    2    0    0
 +6.679881513652640e-04    14   8    14    6    0    0
 +1.747134930763526e-03    14   8    14    7    0    0
 +4.004361301982214e-02    14   8    14    8    0    0
 -5.651826702016334e-04    14   8    14    9    0    0
 +3.886049626085700e-03    14   8    14    10    0    0
 +6.763872396209227e-03    14   8    14    11    0    0
 -1.450179439608434e-02    14   9    1    4    0    0
 -1.788732112634839e-02    14   9    1    5    0    0
 -1.453614760778681e-02    14   9    1    13    0    0
 -6.755545859644850e-02    14   9    1    14    0    0
 -1.096885431920702e-02    14   9    2    4    0    0
 -1.352959600977131e-02    14   9    2    5    0    0
 -6.748247956274320e-03    14   9    2    13    0    0
 -3.136188471039266e-02    14   9    2    14    0    0
 +1.699104009119551e-03    14   9    3    7    0    0
 +2.049779343758966e-02    14   9    3    8    0    0
 -3.685169562372213e-03    14   9    3    10    0    0
 +4.857240738472960e-03    14   9    3    11    0    0
 -1.398951344030420e-02    14   9    4    1    0    0
 -1.239077662931523e-02    14   9    4    2    0    0
 +2.330665351059496e-03    14   9    4    6    0    0
 -1.559693374971932e-02    14   9    4    7    0    0
 +3.507320673990341e-03    14   9    4    8    0    0
 +2.294988386013502e-02    14   9    4    9    0    0
 +7.409821963151004e-03    14   9    4    10    0    0
 -3.723322075900896e-03    14   9    4    11    0    0
 -1.725544525549586e-02    14   9    5    1    0    0
 -1.528347420463056e-02    14   9    5    2    0    0
 +2.874772489100347e-03    14   9    5    6    0    0
 +1.010036825514088e-02    14   9    5    7    0    0
 -2.291442041163069e-03    14   9    5    8    0    0
 +3.663296741732644e-02    14   9    5    9    0    0
 -4.786430166189280e-03    14   9    5    10    0    0
 +2.505357121961533e-03    14   9    5    11    0    0
 +1.099213452654404e-03    14   9    6    4    0    0
 +1.355831111447951e-03    14   9    6    5    0    0
 -7.098867826646456e-03    14   9    6    13    0    0
 -3.299135950489245e-02    14   9    6    14    0    0
 +9.699513029705008e-04    14   9    7    3    0    0
 -9.373663059089999e-03    14   9    7    4    0    0
 +6.206615787353442e-03    14   9    7    5    0    0
 -2.057804770378975e-03    14   9    7    12    0    0
 -2.180083107376465e-02    14   9    7    13    0    0
 +2.197946454902382e-03    14   9    7    14    0    0
 +1.241177969189485e-02    14   9    8    3    0    0
 +2.132045040194788e-03    14   9    8    4    0    0
 -1.421313852689255e-03    14   9    8    5    0    0
 -2.416015262829845e-02    14   9    8    12    0    0
 +4.887291141276093e-03    14   9    8    13    0    0
 -5.144667885393132e-04    14   9    8    14    0    0
 +1.554422384234504e-02    14   9    9    4    0    0
 +2.493345709663519e-02    14   9    9    5    0    0
 +4.386871199567502e-03    14   9    9    13    0    0
 +4.774926856689195e-02    14   9    9    14    0    0
 -2.347885583476807e-03    14   9    10    3    0    0
 +4.438777409288060e-03    14   9    10    4    0    0
 -2.933301212209236e-03    14   9    10    5    0    0
 +4.234600180184261e-03    14   9    10    12    0    0
 +1.036623887990329e-02    14   9    10    13    0    0
 -1.032095112976479e-03    14   9    10    14    0    0
 +2.956072806416264e-03    14   9    11    3    0    0
 -2.350664412497231e-03    14   9    11    4    0    0
 +1.601402950637784e-03    14   9    11    5    0    0
 -5.711116114256160e-03    14   9    11    12    0    0
 -5.133667065266685e-03    14   9    11    13    0    0
 +6.191681645483608e-04    14   9    11    14    0    0
 -2.176387595186127e-03    14   9    12    7    0    0
 -2.590666642883673e-02    14   9    12    8    0    0
 +4.600384938112217e-03    14   9    12    10    0    0
 -6.131615746753145e-03    14   9    12    11    0    0
 -8.251749889120953e-03    14   9    13    1    0    0
 -3.674444208486602e-03    14   9    13    2    0    0
 -3.570488133905684e-03    14   9    13    6    0    0
 -2.336555673795489e-02    14   9    13    7    0    0
 +5.252215820340794e-03    14   9    13    8    0    0
 +4.819326793556153e-03    14   9    13    9    0    0
 +1.110178550980041e-02    14   9    13    10    0    0
 -5.568256393653542e-03    14   9    13    11    0    0
 -3.834927678390799e-02    14   9    14    1    0    0
 -1.707665402753620e-02    14   9    14    2    0    0
 -1.659352737791161e-02    14   9    14    6    0    0
 +2.414618929764072e-03    14   9    14    7    0    0
 -5.651826702016334e-04    14   9    14    8    0    0
 +5.284032767597717e-02    14   9    14    9    0    0
 -1.133838538946908e-03    14   9    14    10    0    0
 +6.802054560934243e-04    14   9    14    11    0    0
 -9.372571414603542e-04    14   10    1    3    0    0
 -6.697742871752907e-03    14   10    1    4    0    0
 +6.169125877780434e-03    14   10    1    5    0    0
 +2.812571094860562e-03    14   10    1    12    0    0
 -2.629857005327841e-02    14   10    1    13    0    0
 +7.420957563974167e-03    14   10    1    14    0    0
 -7.089217212382395e-04    14   10    2    3    0    0
 -5.066032783336226e-03    14   10    2    4    0    0
 +4.666197932615370e-03    14   10    2    5    0    0
 +1.305705449262318e-03    14   10    2    12    0    0
 -1.220882426372070e-02    14   10    2    13    0    0
 +3.445098595989798e-03    14   10    2    14    0    0
 -9.041482053435467e-04    14   10    3    1    0    0
 -8.008211650829721e-04    14   10    3    2    0    0
 +1.506318931969223e-04    14   10    3    6    0    0
 +3.130025654642920e-04    14   10    3    7    0    0
 -1.639635277458341e-03    14   10    3    8    0    0
 -1.594590416170288e-03    14   10    3    9    0    0
 -1.078493882273683e-02    14   10    3    10    0    0
 +1.763115448979647e-03    14   10    3    11    0    0
 -6.461142763780358e-03    14   10    4    1    0    0
 -5.722756341579807e-03    14   10    4    2    0    0
 +1.076432116960147e-03    14   10    4    6    0    0
 -4.931474794904715e-03    14   10    4    7    0    0
 -1.688101393877859e-03    14   10    4    8    0    0
 -2.925392072817091e-03    14   10    4    9    0    0
 +2.648376890531649e-03    14   10    4    10    0    0
 -8.908932361584691e-03    14   10    4    11    0    0
 +5.951199349884704e-03    14   10    5    1    0    0
 +5.271089815639900e-03    14   10    5    2    0    0
 -9.914750917685493e-04    14   10    5    6    0    0
 -9.885501227682281e-03    14   10    5    7    0    0
 +4.382571748295529e-03    14   10    5    8    0    0
 +4.545073824168722e-04    14   10    5    9    0    0
 +1.217813133803548e-02    14   10    5    10    0    0
 +5.193142486927173e-03    14   10    5    11    0    0
 +7.104263309426054e-05    14   10    6    3    0    0
 +5.076784890177585e-04    14   10    6    4    0    0
 -4.676101433216610e-04    14   10    6    5    0    0
 +1.373546210054028e-03    14   10    6    12    0    0
 -1.284316022891923e-02    14   10    6    13    0    0
 +3.624096171504547e-03    14   10    6    14    0    0
 +9.334141921176992e-04    14   10    7    3    0    0
 -3.295560152099316e-03    14   10    7    4    0    0
 -6.543650775950266e-03    14   10    7    5    0    0
 +3.273822227466171e-04    14   10    7    12    0    0
 +1.077975626534465e-04    14   10    7    13    0    0
 -1.242414974282712e-02    14   10    7    14    0    0
 -1.007731280545596e-03    14   10    8    3    0    0
 -1.736564872712108e-03    14   10    8    4    0    0
 +3.219483424288481e-03    14   10    8    5    0    0
 +1.918640660004817e-03    14   10    8    12    0    0
 -3.274925086896027e-03    14   10    8    13    0    0
 +3.537340362052093e-03    14   10    8    14    0    0
 -1.153764968759879e-03    14   10    9    3    0    0
 -1.464606904232446e-03    14   10    9    4    0    0
 +6.027670547195916e-05    14   10    9    5    0    0
 +1.703322684082304e-03    14   10    9    12    0    0
 -3.664656974585816e-03    14   10    9    13    0    0
 -1.032095112976441e-03    14   10    9    14    0    0
 -7.152803752056315e-03    14   10    10    3    0    0
 +2.079827093200846e-03    14   10    10    4    0    0
 +8.714483012600121e-03    14   10    10    5    0    0
 +1.212936479792849e-02    14   10    10    12    0    0
 -3.537893633357843e-03    14   10    10    13    0    0
 +1.289324720720400e-02    14   10    10    14    0    0
 +1.116437354691466e-03    14   10    11    3    0    0
 -5.749357223628852e-03    14   10    11    4    0    0
 +3.363454818526284e-03    14   10    11    5    0    0
 -2.032416985776205e-03    14   10    11    12    0    0
 -1.174481111582183e-02    14   10    11    13    0    0
 +6.775335284019904e-04    14   10    11    14    0    0
 +1.596615131214539e-03    14   10    12    1    0    0
 +7.109611053296388e-04    14   10    12    2    0    0
 +6.908468454589894e-04    14   10    12    6    0    0
 -3.012402395735897e-05    14   10    12    7    0    0
 +2.064973651895474e-03    14   10    12    8    0    0
 +1.922895426410680e-03    14   10    12    9    0    0
 +1.332507158296253e-02    14   10    12    10    0    0
 -2.204364132292359e-03    14   10    12    11    0    0
 -1.492893635758979e-02    14   10    13    1    0    0
 -6.647746777969134e-03    14   10    13    2    0    0
 -6.459671079813328e-03    14   10    13    6    0    0
 +1.034315994429614e-04    14   10    13    7    0    0
 -3.969259004946434e-03    14   10    13    8    0    0
 -3.739564973512110e-03    14   10    13    9    0    0
 -3.886657438603201e-03    14   10    13    10    0    0
 -1.280672863685707e-02    14   10    13    11    0    0
 +4.212662626161876e-03    14   10    14    1    0    0
 +1.875868027630841e-03    14   10    14    2    0    0
 +1.822796633558812e-03    14   10    14    6    0    0
 -1.364891628198787e-02    14   10    14    7    0    0
 +3.886049626085700e-03    14   10    14    8    0    0
 -1.133838538946908e-03    14   10    14    9    0    0
 +1.454821696343294e-02    14   10    14    10    0    0
 +7.443244486599634e-04    14   10    14    11    0    0
 -4.006361346633089e-03    14   11    1    3    0    0
 -6.546231333941105e-04    14   11    1    4    0    0
 +8.734910359388905e-05    14   11    1    5    0    0
 +1.202250227888363e-02    14   11    1    12    0    0
 -1.870586734010459e-03    14   11    1    13    0    0
 -6.546680125092560e-04    14   11    1    14    0    0
 -3.030328024315855e-03    14   11    2    3    0    0
 -4.951432621415251e-04    14   11    2    4    0    0
 +6.606903711814926e-05    14   11    2    5    0    0
 +5.581315532962638e-03    14   11    2    12    0    0
 -8.683994855733396e-04    14   11    2    13    0    0
 -3.039224832229370e-04    14   11    2    14    0    0
 -3.864835231740169e-03    14   11    3    1    0    0
 -3.423157658052172e-03    14   11    3    2    0    0
 +6.438849786025277e-04    14   11    3    6    0    0
 +1.519571837084846e-04    14   11    3    7    0    0
 +5.301349123220524e-03    14   11    3    8    0    0
 -9.094262135529399e-04    14   11    3    9    0    0
 +6.135196432905434e-04    14   11    3    10    0    0
 +5.568062753702574e-03    14   11    3    11    0    0
 -6.314983423998773e-04    14   11    4    1    0    0
 -5.593300250111840e-04    14   11    4    2    0    0
 +1.052081841275937e-04    14   11    4    6    0    0
 +3.055305032779266e-03    14   11    4    7    0    0
 +2.982432514204254e-03    14   11    4    8    0    0
 -1.143235594360934e-03    14   11    4    9    0    0
 -5.448360622308841e-03    14   11    4    10    0    0
 +3.266329314087123e-03    14   11    4    11    0    0
 +8.426346597874924e-05    14   11    5    1    0    0
 +7.463374544153101e-05    14   11    5    2    0    0
 -1.403836819307707e-05    14   11    5    6    0    0
 -1.105253898230552e-03    14   11    5    7    0    0
 +4.625756154610548e-03    14   11    5    8    0    0
 +1.197007621632379e-03    14   11    5    9    0    0
 +3.438303128506780e-03    14   11    5    10    0    0
 +6.625867298676137e-03    14   11    5    11    0    0
 +3.036759567906388e-04    14   11    6    3    0    0
 +4.961941501805353e-05    14   11    6    4    0    0
 -6.620926150613269e-06    14   11    6    5    0    0
 +5.871304896328332e-03    14   11    6    12    0    0
 -9.135190658015242e-04    14   11    6    13    0    0
 -3.197134355354954e-04    14   11    6    14    0    0
 +2.036933495704557e-04    14   11    7    3    0    0
 +2.643323777782790e-03    14   11    7    4    0    0
 -1.045895627461536e-03    14   11    7    5    0    0
 -7.456964490108449e-05    14   11    7    12    0    0
 +2.979314267322213e-03    14   11    7    13    0    0
 +4.454362240461052e-04    14   11    7    14    0    0
 +4.203225518826518e-03    14   11    8    3    0    0
 +1.953113653512098e-03    14   11    8    4    0    0
 +3.080527715660235e-03    14   11    8    5    0    0
 -5.318901206441433e-03    14   11    8    12    0    0
 +6.648158822064536e-04    14   11    8    13    0    0
 +6.156925704260999e-03    14   11    8    14    0    0
 -3.377971712555333e-04    14   11    9    3    0    0
 -8.769414678497047e-04    14   11    9    4    0    0
 +8.540851021669054e-04    14   11    9    5    0    0
 +1.271175998289437e-03    14   11    9    12    0    0
 -1.630989269521202e-03    14   11    9    13    0    0
 +6.191681645483614e-04    14   11    9    14    0    0
 +4.597982350200202e-04    14   11    10    3    0    0
 -3.772708762324027e-03    14   11    10    4    0    0
 +2.361105848761775e-03    14   11    10    5    0    0
 -6.404840384679661e-04    14   11    10    12    0    0
 -7.046802782197433e-03    14   11    10    13    0    0
 +6.775335284019810e-04    14   11    10    14    0    0
 +3.692859163225349e-03    14   11    11    3    0    0
 +2.489666452185563e-03    14   11    11    4    0    0
 +5.032101897056737e-03    14   11    11    5    0    0
 -6.262164808486211e-03    14   11    11    12    0    0
 -9.390287824665843e-05    14   11    11    13    0    0
 +7.638304632641525e-03    14   11    11    14    0    0
 +6.824826255450991e-03    14   11    12    1    0    0
 +3.039045492802727e-03    14   11    12    2    0    0
 +2.953065893718099e-03    14   11    12    6    0    0
 -1.371861473943177e-04    14   11    12    7    0    0
 -6.212303868383198e-03    14   11    12    8    0    0
 +1.253988529256349e-03    14   11    12    9    0    0
 -7.320301534422133e-04    14   11    12    10    0    0
 -6.879485919298772e-03    14   11    12    11    0    0
 -1.061877898563260e-03    14   11    13    1    0    0
 -4.728465049140568e-04    14   11    13    2    0    0
 -4.594688990120024e-04    14   11    13    6    0    0
 +3.644507016928713e-03    14   11    13    7    0    0
 +7.153605095482144e-04    14   11    13    8    0    0
 -1.863256418178472e-03    14   11    13    9    0    0
 -7.837353268673894e-03    14   11    13    10    0    0
 -1.031597775587312e-04    14   11    13    11    0    0
 -3.716360651662903e-04    14   11    14    1    0    0
 -1.654868368120710e-04    14   11    14    2    0    0
 -1.608049418168942e-04    14   11    14    6    0    0
 +4.893471067893468e-04    14   11    14    7    0    0
 +6.763872396209227e-03    14   11    14    8    0    0
 +6.802054560934243e-04    14   11    14    9    0    0
 +7.443244486599634e-04    14   11    14    10    0    0
 +8.775244747908389e-03    14   11    14    11    0    0
 +7.808664637255802e-03    14   12    1    7    0    0
 +3.936308343565502e-02    14   12    1    8    0    0
 +1.912559313169533e-03    14   12    1    10    0    0
 +8.175348435848539e-03    14   12    1    11    0    0
 +3.154000692066302e-03    14   12    2    7    0    0
 +1.589915794380308e-02    14   12    2    8    0    0
 +7.725025567847177e-04    14   12    2    10    0    0
 +3.302108084079664e-03    14   12    2    11    0    0
 -7.466751221370265e-03    14   12    3    4    0    0
 -1.472455477869834e-02    14   12    3    5    0    0
 -1.199547052341341e-02    14   12    3    14    0    0
 -7.466751221370268e-03    14   12    4    3    0    0
 +5.425178296220337e-03    14   12    4    12    0    0
 -1.472455477869833e-02    14   12    5    3    0    0
 +1.069853978505013e-02    14   12    5    12    0    0
 -3.122991180926178e-04    14   12    6    7    0    0
 -1.574284056676022e-03    14   12    6    8    0    0
 -7.649074643990736e-05    14   12    6    10    0    0
 -3.269642410347757e-04    14   12    6    11    0    0
 +4.540381784661514e-03    14   12    7    1    0    0
 +1.929667952867441e-03    14   12    7    2    0    0
 -1.109195782009939e-03    14   12    7    6    0    0
 -1.568306141860274e-02    14   12    7    7    0    0
 +5.855085943378913e-04    14   12    7    8    0    0
 +8.535643252372702e-06    14   12    7    9    0    0
 -1.145884782309932e-02    14   12    7    10    0    0
 -1.775044842996840e-03    14   12    7    11    0    0
 +2.288783490158545e-02    14   12    8    1    0    0
 +9.727358538287122e-03    14   12    8    2    0    0
 -5.591399828521483e-03    14   12    8    6    0    0
 +5.855085943378953e-04    14   12    8    7    0    0
 +8.392716668845052e-03    14   12    8    8    0    0
 -1.068425389709352e-02    14   12    8    9    0    0
 +1.080938100566197e-03    14   12    8    10    0    0
 -1.784419511630335e-02    14   12    8    11    0    0
 +8.535643252372619e-06    14   12    9    7    0    0
 -1.068425389709352e-02    14   12    9    8    0    0
 +3.689111062846730e-03    14   12    9    10    0    0
 -2.758444758310768e-03    14   12    9    11    0    0
 +1.112065874383783e-03    14   12    10    1    0    0
 +4.726293913268045e-04    14   12    10    2    0    0
 -2.716729199625319e-04    14   12    10    6    0    0
 -1.145884782309932e-02    14   12    10    7    0    0
 +1.080938100566200e-03    14   12    10    8    0    0
 +3.689111062846729e-03    14   12    10    9    0    0
 +1.507145676499738e-02    14   12    10    10    0    0
 -1.660619203690427e-03    14   12    10    11    0    0
 +4.753591663328571e-03    14   12    11    1    0    0
 +2.020282418701222e-03    14   12    11    2    0    0
 -1.161282040240316e-03    14   12    11    6    0    0
 -1.775044842996839e-03    14   12    11    7    0    0
 -1.784419511630328e-02    14   12    11    8    0    0
 -2.758444758310768e-03    14   12    11    9    0    0
 -1.660619203690426e-03    14   12    11    10    0    0
 -7.781112015239783e-03    14   12    11    11    0    0
 +4.196540693441319e-03    14   12    12    4    0    0
 +8.275646461175859e-03    14   12    12    5    0    0
 +4.040428120748283e-02    14   12    12    14    0    0
 -9.278861899073617e-03    14   12    14    3    0    0
 +4.040428120748283e-02    14   12    14    12    0    0
 +3.504194501678712e-02    14   13    1    7    0    0
 -5.818374354140224e-03    14   13    1    8    0    0
 -9.884637062395302e-03    14   13    1    9    0    0
 -1.788313019725932e-02    14   13    1    10    0    0
 -1.272006274174066e-03    14   13    1    11    0    0
 +1.415380528790861e-02    14   13    2    7    0    0
 -2.350101789761096e-03    14   13    2    8    0    0
 -3.992507500818360e-03    14   13    2    9    0    0
 -7.223181893273082e-03    14   13    2    10    0    0
 -5.137765361207291e-04    14   13    2    11    0    0
 +1.331891647784557e-02    14   13    4    4    0    0
 +9.755580510092406e-03    14   13    4    5    0    0
 +5.425178296220301e-03    14   13    4    13    0    0
 +1.069853978505016e-02    14   13    4    14    0    0
 +9.755580510092402e-03    14   13    5    4    0    0
 -1.331891647784566e-02    14   13    5    5    0    0
 +1.069853978505014e-02    14   13    5    13    0    0
 -5.425178296220365e-03    14   13    5    14    0    0
 -1.401464787305613e-03    14   13    6    7    0    0
 +2.326996053667454e-04    14   13    6    8    0    0
 +3.953253956538420e-04    14   13    6    9    0    0
 +7.152164997192518e-04    14   13    6    10    0    0
 +5.087251868109202e-05    14   13    6    11    0    0
 +2.037529030177999e-02    14   13    7    1    0    0
 +8.659523932225176e-03    14   13    7    2    0    0
 -4.977595966998033e-03    14   13    7    6    0    0
 -5.788497508856465e-03    14   13    7    7    0    0
 -1.074053913531164e-02    14   13    7    8    0    0
 -9.298882110431610e-03    14   13    7    9    0    0
 -3.224586738359558e-04    14   13    7    10    0    0
 +1.501095348875116e-02    14   13    7    11    0    0
 -3.383118902025729e-03    14   13    8    1    0    0
 -1.437829776349034e-03    14   13    8    2    0    0
 +8.264814269235885e-04    14   13    8    6    0    0
 -1.074053913531165e-02    14   13    8    7    0    0
 +4.850272325298412e-03    14   13    8    8    0    0
 +2.515242421001350e-03    14   13    8    9    0    0
 -1.537826750401061e-02    14   13    8    10    0    0
 +3.696696989448163e-04    14   13    8    11    0    0
 -5.747464918900885e-03    14   13    9    1    0    0
 -2.442679798800223e-03    14   13    9    2    0    0
 +1.404081010727241e-03    14   13    9    6    0    0
 -9.298882110431615e-03    14   13    9    7    0    0
 +2.515242421001351e-03    14   13    9    8    0    0
 +5.450948233429770e-03    14   13    9    9    0    0
 +4.163556939120668e-03    14   13    9    10    0    0
 -4.202743803089939e-03    14   13    9    11    0    0
 -1.039822330350473e-02    14   13    10    1    0    0
 -4.419257945073555e-03    14   13    10    2    0    0
 +2.540241322350544e-03    14   13    10    6    0    0
 -3.224586738359552e-04    14   13    10    7    0    0
 -1.537826750401060e-02    14   13    10    8    0    0
 +4.163556939120665e-03    14   13    10    9    0    0
 -4.396043141799123e-03    14   13    10    10    0    0
 -1.167484864734584e-02    14   13    10    11    0    0
 -7.396135428431894e-04    14   13    11    1    0    0
 -3.143366833055596e-04    14   13    11    2    0    0
 +1.806844139871607e-04    14   13    11    6    0    0
 +1.501095348875114e-02    14   13    11    7    0    0
 +3.696696989448165e-04    14   13    11    8    0    0
 -4.202743803089934e-03    14   13    11    9    0    0
 -1.167484864734583e-02    14   13    11    10    0    0
 -1.166799080728466e-04    14   13    11    11    0    0
 +4.196540693441268e-03    14   13    13    4    0    0
 +8.275646461175859e-03    14   13    13    5    0    0
 +4.040428120748296e-02    14   13    13    14    0    0
 +8.275646461175835e-03    14   13    14    4    0    0
 -4.196540693441284e-03    14   13    14    5    0    0
 +4.040428120748295e-02    14   13    14    13    0    0
 +5.731981176942516e-01    14   14    1    1    0    0
 +1.515876230780483e-01    14   14    1    2    0    0
 +1.534002653829909e-01    14   14    1    6    0    0
 -1.009200296979188e-02    14   14    1    7    0    0
 +1.849276678873355e-03    14   14    1    8    0    0
 -4.593797530315780e-02    14   14    1    9    0    0
 +5.046280084279472e-03    14   14    1    10    0    0
 -4.451768016270747e-04    14   14    1    11    0    0
 +1.673815232155105e-01    14   14    2    1    0    0
 +3.088743980327083e-01    14   14    2    2    0    0
 +1.266200139053084e-01    14   14    2    6    0    0
 -4.076264743038690e-03    14   14    2    7    0    0
 +7.469420439905583e-04    14   14    2    8    0    0
 -1.855482500900470e-02    14   14    2    9    0    0
 +2.038244900701904e-03    14   14    2    10    0    0
 -1.798115306072544e-04    14   14    2    11    0    0
 +4.036015358092561e-01    14   14    3    3    0    0
 -1.065406800281748e-01    14   14    3    12    0    0
 +4.103554945790374e-01    14   14    4    4    0    0
 +1.331891647784560e-02    14   14    4    5    0    0
 +9.502167520506435e-02    14   14    4    13    0    0
 +5.903539308810947e-02    14   14    4    14    0    0
 +1.331891647784559e-02    14   14    5    4    0    0
 +4.298666555992023e-01    14   14    5    5    0    0
 -4.818503649566817e-02    14   14    5    13    0    0
 +1.164187547751648e-01    14   14    5    14    0    0
 +1.210669622526441e-01    14   14    6    1    0    0
 +1.404384841594556e-01    14   14    6    2    0    0
 +6.065945180984139e-01    14   14    6    6    0    0
 +4.036187714115522e-04    14   14    6    7    0    0
 -7.395982575126174e-05    14   14    6    8    0    0
 +1.837239763849925e-03    14   14    6    9    0    0
 -2.018205279875645e-04    14   14    6    10    0    0
 +1.780436591941855e-05    14   14    6    11    0    0
 -5.868038721521531e-03    14   14    7    1    0    0
 -2.493923816133337e-03    14   14    7    2    0    0
 +1.433536673187035e-03    14   14    7    6    0    0
 +5.392299039266879e-01    14   14    7    7    0    0
 +1.976114605289472e-03    14   14    7    8    0    0
 +2.731079122337724e-03    14   14    7    9    0    0
 -1.543774458188047e-02    14   14    7    10    0    0
 +5.534809863598427e-04    14   14    7    11    0    0
 +1.075269913308335e-03    14   14    8    1    0    0
 +4.569910617215496e-04    14   14    8    2    0    0
 -2.626838246054577e-04    14   14    8    6    0    0
 +1.976114605289460e-03    14   14    8    7    0    0
 +5.437952575214489e-01    14   14    8    8    0    0
 -6.392555661135320e-04    14   14    8    9    0    0
 +4.395355669313749e-03    14   14    8    10    0    0
 +7.650346172531661e-03    14   14    8    11    0    0
 -2.671083417970775e-02    14   14    9    1    0    0
 -1.135213802615997e-02    14   14    9    2    0    0
 +6.525342143294736e-03    14   14    9    6    0    0
 +2.731079122337725e-03    14   14    9    7    0    0
 -6.392555661135322e-04    14   14    9    8    0    0
 +5.582691108492510e-01    14   14    9    9    0    0
 -1.282439528510710e-03    14   14    9    10    0    0
 +7.693532495491815e-04    14   14    9    11    0    0
 +2.934181353575802e-03    14   14    10    1    0    0
 +1.247030755216232e-03    14   14    10    2    0    0
 -7.168079107429232e-04    14   14    10    6    0    0
 -1.543774458188045e-02    14   14    10    7    0    0
 +4.395355669313747e-03    14   14    10    8    0    0
 -1.282439528510709e-03    14   14    10    9    0    0
 +5.149584323698273e-01    14   14    10    10    0    0
 +8.418756835386871e-04    14   14    10    11    0    0
 -2.588499743500047e-04    14   14    11    1    0    0
 -1.100115637392405e-04    14   14    11    2    0    0
 +6.323593771178536e-05    14   14    11    6    0    0
 +5.534809863598517e-04    14   14    11    7    0    0
 +7.650346172531646e-03    14   14    11    8    0    0
 +7.693532495491827e-04    14   14    11    9    0    0
 +8.418756835386837e-04    14   14    11    10    0    0
 +5.084288538523841e-01    14   14    11    11    0    0
 -1.025576325570936e-01    14   14    12    3    0    0
 +6.390326850105422e-01    14   14    12    12    0    0
 +9.146926834016232e-02    14   14    13    4    0    0
 -4.638362798478832e-02    14   14    13    5    0    0
 +6.390326850104996e-01    14   14    13    13    0    0
 +5.477670937166934e-02    14   14    14    4    0    0
 +1.080205612625149e-01    14   14    14    5    0    0
 +7.198412474254993e-01    14   14    14    14    0    0
