  SCINE QCMaquis 
  Quantum Chemical Density Matrix Renormalization group
  available from https://scine.ethz.ch/download/qcmaquis
  based on the ALPS MPS codes from http://alps.comp-phys.org/
  copyright (c) 2015-2018 Laboratory of Physical Chemistry, ETH Zurich
  copyright (c) 2012-2016 by Sebastian Keller
  copyright (c) 2016-2018 by Alberto Baiardi, Leon Freitag, 
  Stefan Knecht, Yingjin Ma 
  for details see the publication: 
  A. Baiardi, A. K. Kelemen, M. Reiher J. Chem. Theory Comput. 18, 415 (2021)

This binary contains symmetries: none 2u1pg su2u1pg 
DMRG version 2.2.0-71e7a872448d7ca55631324ad7a208ea2764832b (VibrationalExcitedStates) release-3.1.2-gitlab
Disk storage of boundaries disabled

 == CONSTRUCTING WATSON HAMILTONIAN == 

 Coordinate type: Cartesian Normal Modes
 - Maximum many-body coupling order supported: 6
 - Many-body coupling order expected as input: 6
 - Maximum many-body coupling order included in the Hamiltonian 6

coeff: 206.242167
operators: {0,3}

coeff: -206.242167
operators: {0,4}

coeff: 237.547247
operators: {1,3}

coeff: -237.547247
operators: {1,4}

coeff: 241.596974
operators: {2,3}

coeff: -241.596974
operators: {2,4}

coeff: 262.702319
operators: {3,3}

coeff: -262.702319
operators: {3,4}

coeff: 311.690974
operators: {4,3}

coeff: -311.690974
operators: {4,4}

coeff: 342.345676
operators: {5,3}

coeff: -342.345676
operators: {5,4}

coeff: 369.620153
operators: {6,3}

coeff: -369.620153
operators: {6,4}

coeff: 418.142252
operators: {7,3}

coeff: -418.142252
operators: {7,4}

coeff: 785.228686
operators: {8,3}

coeff: -785.228686
operators: {8,4}

coeff: 789.209319
operators: {9,3}

coeff: -789.209319
operators: {9,4}

coeff: 805.722986
operators: {10,3}

coeff: -805.722986
operators: {10,4}

coeff: 812.177325
operators: {11,3}

coeff: -812.177325
operators: {11,4}

coeff: -14.952686
operators: {0,3} {5,1}

coeff: -9.5269312
operators: {0,3} {7,1}

coeff: -88.6839569
operators: {0,3} {9,1}

coeff: -7.05859622
operators: {0,1} {1,1} {3,1}

coeff: 22.1485879
operators: {0,1} {4,1} {6,1}

coeff: 112.382752
operators: {0,1} {4,1} {8,1}

coeff: -75.6974731
operators: {0,1} {5,1} {11,1}

coeff: 116.21346
operators: {0,1} {6,1} {10,1}

coeff: -88.2384953
operators: {0,1} {7,1} {11,1}

coeff: -9.50569755
operators: {0,1} {8,1} {10,1}

coeff: 9.53442367
operators: {0,1} {9,1} {11,1}

coeff: 3.25530812
operators: {1,3} {5,1}

coeff: 10.5200398
operators: {1,3} {7,1}

coeff: -70.014269
operators: {1,3} {9,1}

coeff: -34.5546833
operators: {1,1} {2,1} {6,1}

coeff: 148.366671
operators: {1,1} {2,1} {8,1}

coeff: -137.788363
operators: {1,1} {3,1} {11,1}

coeff: 11.7797428
operators: {2,3} {5,1}

coeff: 12.9015194
operators: {2,3} {7,1}

coeff: -76.4722834
operators: {2,3} {9,1}

coeff: -10.137423
operators: {2,1} {3,1} {4,1}

coeff: -138.301785
operators: {2,1} {3,1} {10,1}

coeff: -7.9266107
operators: {3,3} {5,1}

coeff: 3.62233
operators: {3,3} {7,1}

coeff: -57.868549
operators: {3,3} {9,1}

coeff: -13.5347599
operators: {4,3} {5,1}

coeff: -8.68709772
operators: {4,3} {7,1}

coeff: -30.7378718
operators: {4,3} {9,1}

coeff: -41.6302351
operators: {4,1} {5,1} {10,1}

coeff: 73.9421558
operators: {4,1} {6,1} {11,1}

coeff: -61.6319928
operators: {4,1} {7,1} {10,1}

coeff: -9.9011479
operators: {4,1} {8,1} {11,1}

coeff: 13.9734949
operators: {4,1} {9,1} {10,1}

coeff: -5.80244663
operators: {5,5}

coeff: 26.5288965
operators: {5,3} {7,1}

coeff: -14.0629516
operators: {5,3} {9,1}

coeff: 8.10440271
operators: {5,1} {6,3}

coeff: -32.9077759
operators: {5,1} {6,1} {8,1}

coeff: -29.6137297
operators: {5,1} {7,3}

coeff: -12.5185045
operators: {5,1} {7,1} {9,1}

coeff: -3.10494254
operators: {5,1} {8,3}

coeff: -4.34591478
operators: {5,1} {9,3}

coeff: -13.6645069
operators: {5,1} {10,3}

coeff: -15.0193022
operators: {5,1} {11,3}

coeff: 12.8760028
operators: {6,3} {7,1}

coeff: -26.8182508
operators: {6,3} {9,1}

coeff: -44.4044233
operators: {6,1} {7,1} {8,1}

coeff: 4.78637341
operators: {6,1} {8,1} {9,1}

coeff: 30.7061738
operators: {6,1} {10,1} {11,1}

coeff: 17.8376159
operators: {7,5}

coeff: -25.9328676
operators: {7,3} {9,1}

coeff: 12.3432568
operators: {7,1} {8,3}

coeff: 15.0310056
operators: {7,1} {9,3}

coeff: -1.61349073
operators: {7,1} {10,3}

coeff: -0.676742998
operators: {7,1} {11,3}

coeff: 166.20415
operators: {8,3} {9,1}

coeff: -352.267129
operators: {8,1} {10,1} {11,1}

coeff: 54.5306574
operators: {9,5}

coeff: 177.284609
operators: {9,1} {10,3}

coeff: 175.025716
operators: {9,1} {11,3}

coeff: 3.60015642
operators: {0,7}

coeff: -0.483495617
operators: {0,5} {11,1}

coeff: 4.0031369
operators: {0,3} {1,3}

coeff: 4.82722292
operators: {0,3} {2,3}

coeff: 3.35232339
operators: {0,3} {3,3}

coeff: 6.25679108
operators: {0,3} {4,3}

coeff: -2.9821817
operators: {0,3} {4,1} {10,1}

coeff: 4.78984981
operators: {0,3} {5,3}

coeff: 7.55770767
operators: {0,3} {5,1} {7,1}

coeff: -1.32215118
operators: {0,3} {5,1} {9,1}

coeff: 6.97139119
operators: {0,3} {6,3}

coeff: -2.18467562
operators: {0,3} {6,1} {8,1}

coeff: 3.78037817
operators: {0,3} {7,3}

coeff: -3.2206705
operators: {0,3} {7,1} {9,1}

coeff: -13.8007222
operators: {0,3} {8,3}

coeff: -13.6705901
operators: {0,3} {9,3}

coeff: -14.3836517
operators: {0,3} {10,3}

coeff: -14.0157326
operators: {0,3} {11,3}

coeff: -0.317532528
operators: {0,1} {1,3} {11,1}

coeff: 11.2856366
operators: {0,1} {1,1} {2,1} {4,1}

coeff: -0.00110084075
operators: {0,1} {1,1} {2,1} {10,1}

coeff: 6.3607775
operators: {0,1} {1,1} {3,1} {5,1}

coeff: 7.9283894
operators: {0,1} {1,1} {3,1} {7,1}

coeff: -3.04118902
operators: {0,1} {1,1} {3,1} {9,1}

coeff: 0.848541861
operators: {0,1} {2,3} {11,1}

coeff: -11.1191465
operators: {0,1} {2,1} {3,1} {6,1}

coeff: 2.03648006
operators: {0,1} {2,1} {3,1} {8,1}

coeff: -1.05581724
operators: {0,1} {3,3} {11,1}

coeff: -3.25439667
operators: {0,1} {4,3} {11,1}

coeff: -10.3736122
operators: {0,1} {4,1} {5,1} {6,1}

coeff: 2.79474815
operators: {0,1} {4,1} {5,1} {8,1}

coeff: -12.8515234
operators: {0,1} {4,1} {6,1} {7,1}

coeff: 5.74894977
operators: {0,1} {4,1} {6,1} {9,1}

coeff: 5.55235672
operators: {0,1} {4,1} {7,1} {8,1}

coeff: 37.573071
operators: {0,1} {4,1} {8,1} {9,1}

coeff: -39.3724825
operators: {0,1} {4,1} {10,1} {11,1}

coeff: 1.5403137
operators: {0,1} {5,3} {11,1}

coeff: -3.43212212
operators: {0,1} {5,1} {6,1} {10,1}

coeff: 1.45807973
operators: {0,1} {5,1} {7,1} {11,1}

coeff: 27.6773202
operators: {0,1} {5,1} {8,1} {10,1}

coeff: -27.3801566
operators: {0,1} {5,1} {9,1} {11,1}

coeff: 2.42555544
operators: {0,1} {6,3} {11,1}

coeff: -1.63604124
operators: {0,1} {6,1} {7,1} {10,1}

coeff: -40.6828535
operators: {0,1} {6,1} {8,1} {11,1}

coeff: 41.2413622
operators: {0,1} {6,1} {9,1} {10,1}

coeff: -0.406003332
operators: {0,1} {7,3} {11,1}

coeff: 29.5974642
operators: {0,1} {7,1} {8,1} {10,1}

coeff: -29.2380722
operators: {0,1} {7,1} {9,1} {11,1}

coeff: 1.59921998
operators: {0,1} {8,3} {11,1}

coeff: -4.00198183
operators: {0,1} {8,1} {9,1} {10,1}

coeff: 2.22184229
operators: {0,1} {9,3} {11,1}

coeff: -2.70524603
operators: {0,1} {10,3} {11,1}

coeff: -0.949637866
operators: {0,1} {11,5}

coeff: 2.32254462
operators: {1,7}

coeff: 12.909308
operators: {1,3} {2,3}

coeff: 8.82371814
operators: {1,3} {3,3}

coeff: 1.79624887
operators: {1,3} {4,3}

coeff: -1.2880977
operators: {1,3} {4,1} {10,1}

coeff: 0.110709314
operators: {1,3} {5,3}

coeff: 1.87552625
operators: {1,3} {5,1} {7,1}

coeff: 0.863517574
operators: {1,3} {5,1} {9,1}

coeff: 1.40988993
operators: {1,3} {6,3}

coeff: 1.68830631
operators: {1,3} {6,1} {8,1}

coeff: 0.102980766
operators: {1,3} {7,3}

coeff: 0.556723332
operators: {1,3} {7,1} {9,1}

coeff: -11.9130411
operators: {1,3} {8,3}

coeff: -11.8920972
operators: {1,3} {9,3}

coeff: -13.5054633
operators: {1,3} {10,3}

coeff: -13.0644846
operators: {1,3} {11,3}

coeff: -1.61456207
operators: {1,1} {2,1} {4,1} {11,1}

coeff: -3.0041253
operators: {1,1} {2,1} {5,1} {6,1}

coeff: -3.3308654
operators: {1,1} {2,1} {5,1} {8,1}

coeff: -3.47686237
operators: {1,1} {2,1} {6,1} {7,1}

coeff: -4.37395042
operators: {1,1} {2,1} {6,1} {9,1}

coeff: -0.442689286
operators: {1,1} {2,1} {7,1} {8,1}

coeff: 48.8308988
operators: {1,1} {2,1} {8,1} {9,1}

coeff: -54.673344
operators: {1,1} {2,1} {10,1} {11,1}

coeff: -6.81405303
operators: {1,1} {3,1} {4,1} {6,1}

coeff: 2.9711241
operators: {1,1} {3,1} {4,1} {8,1}

coeff: 1.66414356
operators: {1,1} {3,1} {5,1} {11,1}

coeff: -2.95987477
operators: {1,1} {3,1} {6,1} {10,1}

coeff: 1.30846636
operators: {1,1} {3,1} {7,1} {11,1}

coeff: 45.804653
operators: {1,1} {3,1} {8,1} {10,1}

coeff: -45.0238845
operators: {1,1} {3,1} {9,1} {11,1}

coeff: 2.40157054
operators: {2,7}

coeff: 8.60677876
operators: {2,3} {3,3}

coeff: 1.63625114
operators: {2,3} {4,3}

coeff: -0.529258359
operators: {2,3} {4,1} {10,1}

coeff: 0.487241399
operators: {2,3} {5,3}

coeff: 1.02830083
operators: {2,3} {5,1} {7,1}

coeff: 2.31162556
operators: {2,3} {5,1} {9,1}

coeff: 1.03279563
operators: {2,3} {6,3}

coeff: 2.70799581
operators: {2,3} {6,1} {8,1}

coeff: 0.437068574
operators: {2,3} {7,3}

coeff: 0.673733776
operators: {2,3} {7,1} {9,1}

coeff: -12.6690983
operators: {2,3} {8,3}

coeff: -12.5487272
operators: {2,3} {9,3}

coeff: -13.9361165
operators: {2,3} {10,3}

coeff: -14.1618026
operators: {2,3} {11,3}

coeff: 3.80933377
operators: {2,1} {3,1} {4,1} {5,1}

coeff: 4.39096281
operators: {2,1} {3,1} {4,1} {7,1}

coeff: -2.98999638
operators: {2,1} {3,1} {4,1} {9,1}

coeff: 2.56880262
operators: {2,1} {3,1} {5,1} {10,1}

coeff: -3.34233264
operators: {2,1} {3,1} {6,1} {11,1}

coeff: 1.15946294
operators: {2,1} {3,1} {7,1} {10,1}

coeff: 47.3556971
operators: {2,1} {3,1} {8,1} {11,1}

coeff: -46.4900921
operators: {2,1} {3,1} {9,1} {10,1}

coeff: 1.06808739
operators: {3,7}

coeff: 1.33758405
operators: {3,3} {4,3}

coeff: -1.14681868
operators: {3,3} {4,1} {10,1}

coeff: -0.01713467
operators: {3,3} {5,3}

coeff: 0.586613494
operators: {3,3} {5,1} {7,1}

coeff: -0.620560041
operators: {3,3} {5,1} {9,1}

coeff: 0.629745437
operators: {3,3} {6,3}

coeff: -0.73229473
operators: {3,3} {6,1} {8,1}

coeff: 0.583380931
operators: {3,3} {7,3}

coeff: -0.464822704
operators: {3,3} {7,1} {9,1}

coeff: -10.6114822
operators: {3,3} {8,3}

coeff: -10.0608398
operators: {3,3} {9,3}

coeff: -10.6803207
operators: {3,3} {10,3}

coeff: -10.7307472
operators: {3,3} {11,3}

coeff: 0.522070603
operators: {4,7}

coeff: -1.05326173
operators: {4,5} {10,1}

coeff: 1.01640924
operators: {4,3} {5,3}

coeff: 2.8694418
operators: {4,3} {5,1} {7,1}

coeff: -2.26421629
operators: {4,3} {5,1} {9,1}

coeff: 2.82290435
operators: {4,3} {6,3}

coeff: -2.16890607
operators: {4,3} {6,1} {8,1}

coeff: 0.653938091
operators: {4,3} {7,3}

coeff: -1.42963897
operators: {4,3} {7,1} {9,1}

coeff: -6.73697303
operators: {4,3} {8,3}

coeff: -6.66001662
operators: {4,3} {9,3}

coeff: -7.07328418
operators: {4,3} {10,3}

coeff: -7.07560237
operators: {4,3} {11,3}

coeff: 0.138451241
operators: {4,1} {5,3} {10,1}

coeff: -1.05090099
operators: {4,1} {5,1} {6,1} {11,1}

coeff: 0.896401505
operators: {4,1} {5,1} {7,1} {10,1}

coeff: 19.44746
operators: {4,1} {5,1} {8,1} {11,1}

coeff: -19.5067212
operators: {4,1} {5,1} {9,1} {10,1}

coeff: 0.942401665
operators: {4,1} {6,3} {10,1}

coeff: -0.219874131
operators: {4,1} {6,1} {7,1} {11,1}

coeff: -28.6852274
operators: {4,1} {6,1} {8,1} {10,1}

coeff: 28.3727219
operators: {4,1} {6,1} {9,1} {11,1}

coeff: -0.909490902
operators: {4,1} {7,3} {10,1}

coeff: 20.7508271
operators: {4,1} {7,1} {8,1} {11,1}

coeff: -20.1798804
operators: {4,1} {7,1} {9,1} {10,1}

coeff: 1.43299831
operators: {4,1} {8,3} {10,1}

coeff: -3.44020404
operators: {4,1} {8,1} {9,1} {11,1}

coeff: 2.02160478
operators: {4,1} {9,3} {10,1}

coeff: -0.492376893
operators: {4,1} {10,5}

coeff: -1.43361326
operators: {4,1} {10,1} {11,3}

coeff: 0.278303187
operators: {5,7}

coeff: -0.556201486
operators: {5,5} {7,1}

coeff: 0.459449202
operators: {5,5} {9,1}

coeff: 0.270849193
operators: {5,3} {6,3}

coeff: 1.31958682
operators: {5,3} {6,1} {8,1}

coeff: 2.14662351
operators: {5,3} {7,3}

coeff: -0.0054511205
operators: {5,3} {7,1} {9,1}

coeff: -3.18596979
operators: {5,3} {8,3}

coeff: -3.02339367
operators: {5,3} {9,3}

coeff: -3.8947954
operators: {5,3} {10,3}

coeff: -3.83997057
operators: {5,3} {11,3}

coeff: 1.29547185
operators: {5,1} {6,3} {7,1}

coeff: 1.63060205
operators: {5,1} {6,3} {9,1}

coeff: 1.71785081
operators: {5,1} {6,1} {7,1} {8,1}

coeff: -18.0619433
operators: {5,1} {6,1} {8,1} {9,1}

coeff: 22.5679446
operators: {5,1} {6,1} {10,1} {11,1}

coeff: -1.6383404
operators: {5,1} {7,5}

coeff: 1.70921419
operators: {5,1} {7,3} {9,1}

coeff: -6.63746094
operators: {5,1} {7,1} {8,3}

coeff: -6.85696808
operators: {5,1} {7,1} {9,3}

coeff: -8.19502665
operators: {5,1} {7,1} {10,3}

coeff: -8.31737984
operators: {5,1} {7,1} {11,3}

coeff: -0.203495947
operators: {5,1} {8,3} {9,1}

coeff: 4.70290325
operators: {5,1} {8,1} {10,1} {11,1}

coeff: 0.0811578932
operators: {5,1} {9,5}

coeff: -2.17640676
operators: {5,1} {9,1} {10,3}

coeff: -2.1975688
operators: {5,1} {9,1} {11,3}

coeff: 0.286873328
operators: {6,7}

coeff: 0.862279664
operators: {6,5} {8,1}

coeff: 0.898205533
operators: {6,3} {7,3}

coeff: 1.41184527
operators: {6,3} {7,1} {9,1}

coeff: -6.76873678
operators: {6,3} {8,3}

coeff: -6.80222217
operators: {6,3} {9,3}

coeff: -8.61577629
operators: {6,3} {10,3}

coeff: -8.49417873
operators: {6,3} {11,3}

coeff: 0.237233809
operators: {6,1} {7,3} {8,1}

coeff: -19.5361841
operators: {6,1} {7,1} {8,1} {9,1}

coeff: 24.9589891
operators: {6,1} {7,1} {10,1} {11,1}

coeff: 0.24955443
operators: {6,1} {8,5}

coeff: 1.30854206
operators: {6,1} {8,1} {9,3}

coeff: -2.10993706
operators: {6,1} {8,1} {10,3}

coeff: -2.04101824
operators: {6,1} {8,1} {11,3}

coeff: 3.42881157
operators: {6,1} {9,1} {10,1} {11,1}

coeff: 0.70798856
operators: {7,7}

coeff: -0.53095706
operators: {7,5} {9,1}

coeff: -3.66987782
operators: {7,3} {8,3}

coeff: -3.41210661
operators: {7,3} {9,3}

coeff: -4.757448
operators: {7,3} {10,3}

coeff: -4.66876093
operators: {7,3} {11,3}

coeff: 2.82160752
operators: {7,1} {8,3} {9,1}

coeff: -1.4356564
operators: {7,1} {8,1} {10,1} {11,1}

coeff: 1.11416579
operators: {7,1} {9,5}

coeff: 1.16853839
operators: {7,1} {9,1} {10,3}

coeff: 0.996510417
operators: {7,1} {9,1} {11,3}

coeff: 2.63841745
operators: {8,7}

coeff: 15.6207957
operators: {8,3} {9,3}

coeff: 17.06756
operators: {8,3} {10,3}

coeff: 16.8757396
operators: {8,3} {11,3}

coeff: -67.725222
operators: {8,1} {9,1} {10,1} {11,1}

coeff: 2.49209421
operators: {9,7}

coeff: 16.8853843
operators: {9,3} {10,3}

coeff: 16.7322201
operators: {9,3} {11,3}

coeff: 3.00675328
operators: {10,7}

coeff: 17.8063163
operators: {10,3} {11,3}

coeff: 2.93599421
operators: {11,7}

coeff: -0.136157708
operators: {0,7} {5,1}

coeff: 0.0850251553
operators: {0,7} {7,1}

coeff: 1.06149739
operators: {0,7} {9,1}

coeff: 0.23646064
operators: {0,5} {1,1} {3,1}

coeff: -0.525297479
operators: {0,5} {4,1} {6,1}

coeff: -2.67041128
operators: {0,5} {4,1} {8,1}

coeff: 2.04860414
operators: {0,5} {5,1} {11,1}

coeff: -2.98314244
operators: {0,5} {6,1} {10,1}

coeff: 2.12207975
operators: {0,5} {7,1} {11,1}

coeff: 0.181817287
operators: {0,5} {8,1} {10,1}

coeff: -0.237163537
operators: {0,5} {9,1} {11,1}

coeff: 0.0498939025
operators: {0,3} {1,3} {5,1}

coeff: 0.0857790239
operators: {0,3} {1,3} {7,1}

coeff: 1.67452886
operators: {0,3} {1,3} {9,1}

coeff: 0.16459075
operators: {0,3} {1,1} {2,1} {6,1}

coeff: -3.45074545
operators: {0,3} {1,1} {2,1} {8,1}

coeff: 3.09180225
operators: {0,3} {1,1} {3,1} {11,1}

coeff: -0.209191602
operators: {0,3} {2,3} {5,1}

coeff: -0.0474481216
operators: {0,3} {2,3} {7,1}

coeff: 1.79425341
operators: {0,3} {2,3} {9,1}

coeff: 0.451417667
operators: {0,3} {2,1} {3,1} {4,1}

coeff: 3.2687313
operators: {0,3} {2,1} {3,1} {10,1}

coeff: 0.216232487
operators: {0,3} {3,3} {5,1}

coeff: 0.12965305
operators: {0,3} {3,3} {7,1}

coeff: 1.42083631
operators: {0,3} {3,3} {9,1}

coeff: 0.535722869
operators: {0,3} {4,3} {5,1}

coeff: 0.548277748
operators: {0,3} {4,3} {7,1}

coeff: 2.7854531
operators: {0,3} {4,3} {9,1}

coeff: 4.08461087
operators: {0,3} {4,1} {5,1} {10,1}

coeff: -5.97690912
operators: {0,3} {4,1} {6,1} {11,1}

coeff: 4.33497959
operators: {0,3} {4,1} {7,1} {10,1}

coeff: 0.679201312
operators: {0,3} {4,1} {8,1} {11,1}

coeff: -0.820601329
operators: {0,3} {4,1} {9,1} {10,1}

coeff: -0.21985055
operators: {0,3} {5,5}

coeff: -0.217694112
operators: {0,3} {5,3} {7,1}

coeff: 1.56213099
operators: {0,3} {5,3} {9,1}

coeff: -0.182946205
operators: {0,3} {5,1} {6,3}

coeff: 4.14089491
operators: {0,3} {5,1} {6,1} {8,1}

coeff: -0.0422650167
operators: {0,3} {5,1} {7,3}

coeff: 3.105086
operators: {0,3} {5,1} {7,1} {9,1}

coeff: -0.0970407426
operators: {0,3} {5,1} {8,3}

coeff: -0.222090163
operators: {0,3} {5,1} {9,3}

coeff: 0.341594613
operators: {0,3} {5,1} {10,3}

coeff: 0.340516799
operators: {0,3} {5,1} {11,3}

coeff: -0.0939396281
operators: {0,3} {6,3} {7,1}

coeff: 3.1642282
operators: {0,3} {6,3} {9,1}

coeff: 4.44705798
operators: {0,3} {6,1} {7,1} {8,1}

coeff: -0.872224496
operators: {0,3} {6,1} {8,1} {9,1}

coeff: -0.610156176
operators: {0,3} {6,1} {10,1} {11,1}

coeff: 0.0327890754
operators: {0,3} {7,5}

coeff: 1.61277858
operators: {0,3} {7,3} {9,1}

coeff: -0.476497275
operators: {0,3} {7,1} {8,3}

coeff: -0.535667549
operators: {0,3} {7,1} {9,3}

coeff: 0.0142055056
operators: {0,3} {7,1} {10,3}

coeff: 0.0279839603
operators: {0,3} {7,1} {11,3}

coeff: -3.39619359
operators: {0,3} {8,3} {9,1}

coeff: 7.21507009
operators: {0,3} {8,1} {10,1} {11,1}

coeff: -1.10484783
operators: {0,3} {9,5}

coeff: -3.63843421
operators: {0,3} {9,1} {10,3}

coeff: -3.58616297
operators: {0,3} {9,1} {11,3}

coeff: 0.179252725
operators: {0,1} {1,5} {3,1}

coeff: -0.140832884
operators: {0,1} {1,3} {4,1} {6,1}

coeff: -2.32913352
operators: {0,1} {1,3} {4,1} {8,1}

coeff: 1.71694552
operators: {0,1} {1,3} {5,1} {11,1}

coeff: -2.81537523
operators: {0,1} {1,3} {6,1} {10,1}

coeff: 1.85677009
operators: {0,1} {1,3} {7,1} {11,1}

coeff: 0.167362339
operators: {0,1} {1,3} {8,1} {10,1}

coeff: -0.221823894
operators: {0,1} {1,3} {9,1} {11,1}

coeff: 0.203165206
operators: {0,1} {1,1} {2,3} {3,1}

coeff: 0.0691038676
operators: {0,1} {1,1} {2,1} {4,1} {5,1}

coeff: 0.148184476
operators: {0,1} {1,1} {2,1} {4,1} {7,1}

coeff: 4.7564842
operators: {0,1} {1,1} {2,1} {4,1} {9,1}

coeff: 3.70131615
operators: {0,1} {1,1} {2,1} {5,1} {10,1}

coeff: -5.45403515
operators: {0,1} {1,1} {2,1} {6,1} {11,1}

coeff: 3.95020951
operators: {0,1} {1,1} {2,1} {7,1} {10,1}

coeff: 0.177158489
operators: {0,1} {1,1} {2,1} {8,1} {11,1}

coeff: -0.281881924
operators: {0,1} {1,1} {2,1} {9,1} {10,1}

coeff: 0.116648672
operators: {0,1} {1,1} {3,5}

coeff: 0.423770714
operators: {0,1} {1,1} {3,1} {4,3}

coeff: 4.49971351
operators: {0,1} {1,1} {3,1} {4,1} {10,1}

coeff: 0.143745122
operators: {0,1} {1,1} {3,1} {5,3}

coeff: 0.0871812358
operators: {0,1} {1,1} {3,1} {5,1} {7,1}

coeff: 3.09354209
operators: {0,1} {1,1} {3,1} {5,1} {9,1}

coeff: -0.0369853241
operators: {0,1} {1,1} {3,1} {6,3}

coeff: 4.77869815
operators: {0,1} {1,1} {3,1} {6,1} {8,1}

coeff: 0.0613140458
operators: {0,1} {1,1} {3,1} {7,3}

coeff: 3.23574017
operators: {0,1} {1,1} {3,1} {7,1} {9,1}

coeff: -0.385534044
operators: {0,1} {1,1} {3,1} {8,3}

coeff: -0.485101571
operators: {0,1} {1,1} {3,1} {9,3}

coeff: 0.0836258104
operators: {0,1} {1,1} {3,1} {10,3}

coeff: 0.0660751599
operators: {0,1} {1,1} {3,1} {11,3}

coeff: 0.014707085
operators: {0,1} {2,3} {4,1} {6,1}

coeff: -2.40286184
operators: {0,1} {2,3} {4,1} {8,1}

coeff: 1.90860318
operators: {0,1} {2,3} {5,1} {11,1}

coeff: -2.74171005
operators: {0,1} {2,3} {6,1} {10,1}

coeff: 2.04815472
operators: {0,1} {2,3} {7,1} {11,1}

coeff: 0.0464562922
operators: {0,1} {2,3} {8,1} {10,1}

coeff: -0.0061118848
operators: {0,1} {2,3} {9,1} {11,1}

coeff: 4.55341223
operators: {0,1} {2,1} {3,1} {4,1} {11,1}

coeff: 0.0139049211
operators: {0,1} {2,1} {3,1} {5,1} {6,1}

coeff: -3.29876053
operators: {0,1} {2,1} {3,1} {5,1} {8,1}

coeff: 0.0541660945
operators: {0,1} {2,1} {3,1} {6,1} {7,1}

coeff: -4.7834652
operators: {0,1} {2,1} {3,1} {6,1} {9,1}

coeff: -3.48285759
operators: {0,1} {2,1} {3,1} {7,1} {8,1}

coeff: 0.808230066
operators: {0,1} {2,1} {3,1} {8,1} {9,1}

coeff: 0.252358136
operators: {0,1} {2,1} {3,1} {10,1} {11,1}

coeff: -0.37768442
operators: {0,1} {3,3} {4,1} {6,1}

coeff: -2.0863941
operators: {0,1} {3,3} {4,1} {8,1}

coeff: 1.38856419
operators: {0,1} {3,3} {5,1} {11,1}

coeff: -2.11497506
operators: {0,1} {3,3} {6,1} {10,1}

coeff: 1.47552086
operators: {0,1} {3,3} {7,1} {11,1}

coeff: 0.202596513
operators: {0,1} {3,3} {8,1} {10,1}

coeff: -0.272675276
operators: {0,1} {3,3} {9,1} {11,1}

coeff: -0.399036014
operators: {0,1} {4,5} {6,1}

coeff: -1.31728543
operators: {0,1} {4,5} {8,1}

coeff: 2.85534004
operators: {0,1} {4,3} {5,1} {11,1}

coeff: -4.24811186
operators: {0,1} {4,3} {6,1} {10,1}

coeff: 2.95666602
operators: {0,1} {4,3} {7,1} {11,1}

coeff: 0.605166323
operators: {0,1} {4,3} {8,1} {10,1}

coeff: -0.705128514
operators: {0,1} {4,3} {9,1} {11,1}

coeff: -0.0156903425
operators: {0,1} {4,1} {5,3} {6,1}

coeff: -1.97114574
operators: {0,1} {4,1} {5,3} {8,1}

coeff: 0.0323442332
operators: {0,1} {4,1} {5,1} {6,1} {7,1}

coeff: -5.80249347
operators: {0,1} {4,1} {5,1} {6,1} {9,1}

coeff: -4.18518456
operators: {0,1} {4,1} {5,1} {7,1} {8,1}

coeff: 0.807534946
operators: {0,1} {4,1} {5,1} {8,1} {9,1}

coeff: 0.586783325
operators: {0,1} {4,1} {5,1} {10,1} {11,1}

coeff: 0.0689967193
operators: {0,1} {4,1} {6,5}

coeff: -4.26112717
operators: {0,1} {4,1} {6,3} {8,1}

coeff: -0.119743262
operators: {0,1} {4,1} {6,1} {7,3}

coeff: -6.01949788
operators: {0,1} {4,1} {6,1} {7,1} {9,1}

coeff: 0.626451622
operators: {0,1} {4,1} {6,1} {8,3}

coeff: 0.808609055
operators: {0,1} {4,1} {6,1} {9,3}

coeff: -0.35404469
operators: {0,1} {4,1} {6,1} {10,3}

coeff: -0.327171476
operators: {0,1} {4,1} {6,1} {11,3}

coeff: -2.12558985
operators: {0,1} {4,1} {7,3} {8,1}

coeff: 1.55281913
operators: {0,1} {4,1} {7,1} {8,1} {9,1}

coeff: -0.0874292522
operators: {0,1} {4,1} {7,1} {10,1} {11,1}

coeff: 1.63347068
operators: {0,1} {4,1} {8,5}

coeff: 4.83782836
operators: {0,1} {4,1} {8,1} {9,3}

coeff: 5.17972849
operators: {0,1} {4,1} {8,1} {10,3}

coeff: 5.16228219
operators: {0,1} {4,1} {8,1} {11,3}

coeff: -10.3403926
operators: {0,1} {4,1} {9,1} {10,1} {11,1}

coeff: 0.562533525
operators: {0,1} {5,5} {11,1}

coeff: -2.28134051
operators: {0,1} {5,3} {6,1} {10,1}

coeff: 1.72728516
operators: {0,1} {5,3} {7,1} {11,1}

coeff: -0.398259688
operators: {0,1} {5,3} {8,1} {10,1}

coeff: 0.32541526
operators: {0,1} {5,3} {9,1} {11,1}

coeff: 3.35914778
operators: {0,1} {5,1} {6,3} {11,1}

coeff: -4.93298833
operators: {0,1} {5,1} {6,1} {7,1} {10,1}

coeff: 0.688377529
operators: {0,1} {5,1} {6,1} {8,1} {11,1}

coeff: -0.533899872
operators: {0,1} {5,1} {6,1} {9,1} {10,1}

coeff: 1.79837038
operators: {0,1} {5,1} {7,3} {11,1}

coeff: -0.111755384
operators: {0,1} {5,1} {7,1} {8,1} {10,1}

coeff: 0.0781111327
operators: {0,1} {5,1} {7,1} {9,1} {11,1}

coeff: -3.61444158
operators: {0,1} {5,1} {8,3} {11,1}

coeff: 7.23611596
operators: {0,1} {5,1} {8,1} {9,1} {10,1}

coeff: -3.61984103
operators: {0,1} {5,1} {9,3} {11,1}

coeff: -3.89572163
operators: {0,1} {5,1} {10,3} {11,1}

coeff: -1.30450489
operators: {0,1} {5,1} {11,5}

coeff: -1.72712809
operators: {0,1} {6,5} {10,1}

coeff: 3.67316449
operators: {0,1} {6,3} {7,1} {11,1}

coeff: -0.337546461
operators: {0,1} {6,3} {8,1} {10,1}

coeff: 0.245324682
operators: {0,1} {6,3} {9,1} {11,1}

coeff: -2.67204852
operators: {0,1} {6,1} {7,3} {10,1}

coeff: -0.159760661
operators: {0,1} {6,1} {7,1} {8,1} {11,1}

coeff: 0.280969301
operators: {0,1} {6,1} {7,1} {9,1} {10,1}

coeff: 5.35722221
operators: {0,1} {6,1} {8,3} {10,1}

coeff: -10.6791025
operators: {0,1} {6,1} {8,1} {9,1} {11,1}

coeff: 5.38370514
operators: {0,1} {6,1} {9,3} {10,1}

coeff: 1.960044
operators: {0,1} {6,1} {10,5}

coeff: 5.81433514
operators: {0,1} {6,1} {10,1} {11,3}

coeff: 0.628787327
operators: {0,1} {7,5} {11,1}

coeff: 0.287725662
operators: {0,1} {7,3} {8,1} {10,1}

coeff: -0.281747931
operators: {0,1} {7,3} {9,1} {11,1}

coeff: -3.82358571
operators: {0,1} {7,1} {8,3} {11,1}

coeff: 7.61831545
operators: {0,1} {7,1} {8,1} {9,1} {10,1}

coeff: -3.7994585
operators: {0,1} {7,1} {9,3} {11,1}

coeff: -4.20413191
operators: {0,1} {7,1} {10,3} {11,1}

coeff: -1.40781519
operators: {0,1} {7,1} {11,5}

coeff: -0.165418348
operators: {0,1} {8,5} {10,1}

coeff: 0.620401062
operators: {0,1} {8,3} {9,1} {11,1}

coeff: -0.701661857
operators: {0,1} {8,1} {9,3} {10,1}

coeff: 0.146675844
operators: {0,1} {8,1} {10,5}

coeff: 0.389812121
operators: {0,1} {8,1} {10,1} {11,3}

coeff: 0.259725687
operators: {0,1} {9,5} {11,1}

coeff: -0.304712782
operators: {0,1} {9,1} {10,3} {11,1}

coeff: -0.101839961
operators: {0,1} {9,1} {11,5}

coeff: -0.0227962669
operators: {1,7} {5,1}

coeff: -0.0488527454
operators: {1,7} {7,1}

coeff: 0.839282271
operators: {1,7} {9,1}

coeff: 0.406146793
operators: {1,5} {2,1} {6,1}

coeff: -3.22560175
operators: {1,5} {2,1} {8,1}

coeff: 2.9596688
operators: {1,5} {3,1} {11,1}

coeff: -0.438812746
operators: {1,3} {2,3} {5,1}

coeff: -0.368885049
operators: {1,3} {2,3} {7,1}

coeff: 4.95749503
operators: {1,3} {2,3} {9,1}

coeff: 0.574722454
operators: {1,3} {2,1} {3,1} {4,1}

coeff: 9.25317823
operators: {1,3} {2,1} {3,1} {10,1}

coeff: -0.0416300211
operators: {1,3} {3,3} {5,1}

coeff: -0.104933461
operators: {1,3} {3,3} {7,1}

coeff: 3.69621546
operators: {1,3} {3,3} {9,1}

coeff: 0.0610175105
operators: {1,3} {4,3} {5,1}

coeff: 0.117786361
operators: {1,3} {4,3} {7,1}

coeff: 0.845059781
operators: {1,3} {4,3} {9,1}

coeff: 1.33121472
operators: {1,3} {4,1} {5,1} {10,1}

coeff: -1.84939304
operators: {1,3} {4,1} {6,1} {11,1}

coeff: 1.3752133
operators: {1,3} {4,1} {7,1} {10,1}

coeff: 0.221878322
operators: {1,3} {4,1} {8,1} {11,1}

coeff: -0.259981921
operators: {1,3} {4,1} {9,1} {10,1}

coeff: 0.010508624
operators: {1,3} {5,5}

coeff: -0.0865807689
operators: {1,3} {5,3} {7,1}

coeff: 0.402975839
operators: {1,3} {5,3} {9,1}

coeff: -0.15666223
operators: {1,3} {5,1} {6,3}

coeff: 1.10420231
operators: {1,3} {5,1} {6,1} {8,1}

coeff: 0.0551115648
operators: {1,3} {5,1} {7,3}

coeff: 0.723861544
operators: {1,3} {5,1} {7,1} {9,1}

coeff: 0.148320911
operators: {1,3} {5,1} {8,3}

coeff: 0.11857782
operators: {1,3} {5,1} {9,3}

coeff: 0.181874607
operators: {1,3} {5,1} {10,3}

coeff: 0.175319398
operators: {1,3} {5,1} {11,3}

coeff: -0.134488089
operators: {1,3} {6,3} {7,1}

coeff: 0.868615812
operators: {1,3} {6,3} {9,1}

coeff: 1.21396363
operators: {1,3} {6,1} {7,1} {8,1}

coeff: 0.21660091
operators: {1,3} {6,1} {8,1} {9,1}

coeff: -0.411431854
operators: {1,3} {6,1} {10,1} {11,1}

coeff: -0.0524978699
operators: {1,3} {7,5}

coeff: 0.507428638
operators: {1,3} {7,3} {9,1}

coeff: -0.0667326937
operators: {1,3} {7,1} {8,3}

coeff: -0.101293711
operators: {1,3} {7,1} {9,3}

coeff: -0.00448960432
operators: {1,3} {7,1} {10,3}

coeff: 0.0101530384
operators: {1,3} {7,1} {11,3}

coeff: -3.04226417
operators: {1,3} {8,3} {9,1}

coeff: 6.73893979
operators: {1,3} {8,1} {10,1} {11,1}

coeff: -0.956093945
operators: {1,3} {9,5}

coeff: -3.38920291
operators: {1,3} {9,1} {10,3}

coeff: -3.28539684
operators: {1,3} {9,1} {11,3}

coeff: 0.537167163
operators: {1,1} {2,5} {6,1}

coeff: -3.41594319
operators: {1,1} {2,5} {8,1}

coeff: 9.49213928
operators: {1,1} {2,3} {3,1} {11,1}

coeff: 0.293771208
operators: {1,1} {2,1} {3,3} {6,1}

coeff: -7.89856954
operators: {1,1} {2,1} {3,3} {8,1}

coeff: -0.107371974
operators: {1,1} {2,1} {4,3} {6,1}

coeff: -1.71062088
operators: {1,1} {2,1} {4,3} {8,1}

coeff: 2.60608272
operators: {1,1} {2,1} {4,1} {5,1} {11,1}

coeff: -3.84690846
operators: {1,1} {2,1} {4,1} {6,1} {10,1}

coeff: 2.68018178
operators: {1,1} {2,1} {4,1} {7,1} {11,1}

coeff: 0.411171499
operators: {1,1} {2,1} {4,1} {8,1} {10,1}

coeff: -0.471988613
operators: {1,1} {2,1} {4,1} {9,1} {11,1}

coeff: 0.268104026
operators: {1,1} {2,1} {5,3} {6,1}

coeff: -0.762997828
operators: {1,1} {2,1} {5,3} {8,1}

coeff: 0.493534948
operators: {1,1} {2,1} {5,1} {6,1} {7,1}

coeff: -2.19034371
operators: {1,1} {2,1} {5,1} {6,1} {9,1}

coeff: -1.60604538
operators: {1,1} {2,1} {5,1} {7,1} {8,1}

coeff: -0.655287269
operators: {1,1} {2,1} {5,1} {8,1} {9,1}

coeff: 0.864432318
operators: {1,1} {2,1} {5,1} {10,1} {11,1}

coeff: 0.194736494
operators: {1,1} {2,1} {6,5}

coeff: -1.65687357
operators: {1,1} {2,1} {6,3} {8,1}

coeff: 0.197009353
operators: {1,1} {2,1} {6,1} {7,3}

coeff: -2.40397439
operators: {1,1} {2,1} {6,1} {7,1} {9,1}

coeff: -0.294120026
operators: {1,1} {2,1} {6,1} {8,3}

coeff: -0.241320294
operators: {1,1} {2,1} {6,1} {9,3}

coeff: -0.460882369
operators: {1,1} {2,1} {6,1} {10,3}

coeff: -0.423414111
operators: {1,1} {2,1} {6,1} {11,3}

coeff: -0.858759775
operators: {1,1} {2,1} {7,3} {8,1}

coeff: 0.381833577
operators: {1,1} {2,1} {7,1} {8,1} {9,1}

coeff: -0.0741642463
operators: {1,1} {2,1} {7,1} {10,1} {11,1}

coeff: 2.11907674
operators: {1,1} {2,1} {8,5}

coeff: 6.28048441
operators: {1,1} {2,1} {8,1} {9,3}

coeff: 6.94294538
operators: {1,1} {2,1} {8,1} {10,3}

coeff: 6.88614385
operators: {1,1} {2,1} {8,1} {11,3}

coeff: -13.8047032
operators: {1,1} {2,1} {9,1} {10,1} {11,1}

coeff: 2.30793017
operators: {1,1} {3,5} {11,1}

coeff: 1.53958558
operators: {1,1} {3,1} {4,3} {11,1}

coeff: -0.139608666
operators: {1,1} {3,1} {4,1} {5,1} {6,1}

coeff: -2.25331102
operators: {1,1} {3,1} {4,1} {5,1} {8,1}

coeff: -0.072221702
operators: {1,1} {3,1} {4,1} {6,1} {7,1}

coeff: -3.16651316
operators: {1,1} {3,1} {4,1} {6,1} {9,1}

coeff: -2.32782412
operators: {1,1} {3,1} {4,1} {7,1} {8,1}

coeff: 0.770980344
operators: {1,1} {3,1} {4,1} {8,1} {9,1}

coeff: -0.0850625236
operators: {1,1} {3,1} {4,1} {10,1} {11,1}

coeff: 0.805131851
operators: {1,1} {3,1} {5,3} {11,1}

coeff: -2.44707246
operators: {1,1} {3,1} {5,1} {6,1} {10,1}

coeff: 1.71457633
operators: {1,1} {3,1} {5,1} {7,1} {11,1}

coeff: -0.490173326
operators: {1,1} {3,1} {5,1} {8,1} {10,1}

coeff: 0.456005829
operators: {1,1} {3,1} {5,1} {9,1} {11,1}

coeff: 1.82905561
operators: {1,1} {3,1} {6,3} {11,1}

coeff: -2.70448384
operators: {1,1} {3,1} {6,1} {7,1} {10,1}

coeff: 0.435547904
operators: {1,1} {3,1} {6,1} {8,1} {11,1}

coeff: -0.354565602
operators: {1,1} {3,1} {6,1} {9,1} {10,1}

coeff: 1.02988771
operators: {1,1} {3,1} {7,3} {11,1}

coeff: 0.333436969
operators: {1,1} {3,1} {7,1} {8,1} {10,1}

coeff: -0.318372782
operators: {1,1} {3,1} {7,1} {9,1} {11,1}

coeff: -5.91798049
operators: {1,1} {3,1} {8,3} {11,1}

coeff: 11.8061844
operators: {1,1} {3,1} {8,1} {9,1} {10,1}

coeff: -5.79971964
operators: {1,1} {3,1} {9,3} {11,1}

coeff: -6.27744928
operators: {1,1} {3,1} {10,3} {11,1}

coeff: -2.07598508
operators: {1,1} {3,1} {11,5}

coeff: -0.120231289
operators: {2,7} {5,1}

coeff: -0.0779210398
operators: {2,7} {7,1}

coeff: 0.894805169
operators: {2,7} {9,1}

coeff: 0.202160668
operators: {2,5} {3,1} {4,1}

coeff: 3.13267722
operators: {2,5} {3,1} {10,1}

coeff: -0.118121177
operators: {2,3} {3,3} {5,1}

coeff: -0.139155378
operators: {2,3} {3,3} {7,1}

coeff: 3.81944289
operators: {2,3} {3,3} {9,1}

coeff: 0.0879814551
operators: {2,3} {4,3} {5,1}

coeff: 0.073978917
operators: {2,3} {4,3} {7,1}

coeff: 0.852874684
operators: {2,3} {4,3} {9,1}

coeff: 1.26202388
operators: {2,3} {4,1} {5,1} {10,1}

coeff: -1.94545701
operators: {2,3} {4,1} {6,1} {11,1}

coeff: 1.31149588
operators: {2,3} {4,1} {7,1} {10,1}

coeff: 0.141107896
operators: {2,3} {4,1} {8,1} {11,1}

coeff: -0.210890005
operators: {2,3} {4,1} {9,1} {10,1}

coeff: -0.0442736471
operators: {2,3} {5,5}

coeff: -0.0833815417
operators: {2,3} {5,3} {7,1}

coeff: 0.3755809
operators: {2,3} {5,3} {9,1}

coeff: -0.192180842
operators: {2,3} {5,1} {6,3}

coeff: 1.06456722
operators: {2,3} {5,1} {6,1} {8,1}

coeff: -0.0661603078
operators: {2,3} {5,1} {7,3}

coeff: 0.795874395
operators: {2,3} {5,1} {7,1} {9,1}

coeff: 0.202553348
operators: {2,3} {5,1} {8,3}

coeff: 0.193962385
operators: {2,3} {5,1} {9,3}

coeff: 0.237821444
operators: {2,3} {5,1} {10,3}

coeff: 0.261516562
operators: {2,3} {5,1} {11,3}

coeff: -0.147010033
operators: {2,3} {6,3} {7,1}

coeff: 0.822784596
operators: {2,3} {6,3} {9,1}

coeff: 1.20052161
operators: {2,3} {6,1} {7,1} {8,1}

coeff: 0.349565157
operators: {2,3} {6,1} {8,1} {9,1}

coeff: -0.484889677
operators: {2,3} {6,1} {10,1} {11,1}

coeff: -0.0144038022
operators: {2,3} {7,5}

coeff: 0.455739209
operators: {2,3} {7,3} {9,1}

coeff: -0.0835712345
operators: {2,3} {7,1} {8,3}

coeff: -0.0876719232
operators: {2,3} {7,1} {9,3}

coeff: -0.0336954214
operators: {2,3} {7,1} {10,3}

coeff: -0.0367708493
operators: {2,3} {7,1} {11,3}

coeff: -3.21725469
operators: {2,3} {8,3} {9,1}

coeff: 7.06195176
operators: {2,3} {8,1} {10,1} {11,1}

coeff: -1.03263815
operators: {2,3} {9,5}

coeff: -3.49171302
operators: {2,3} {9,1} {10,3}

coeff: -3.51477843
operators: {2,3} {9,1} {11,3}

coeff: 0.203598909
operators: {2,1} {3,5} {4,1}

coeff: 2.33025187
operators: {2,1} {3,5} {10,1}

coeff: 0.192225615
operators: {2,1} {3,1} {4,5}

coeff: 1.55979395
operators: {2,1} {3,1} {4,3} {10,1}

coeff: 0.110353863
operators: {2,1} {3,1} {4,1} {5,3}

coeff: 0.109582617
operators: {2,1} {3,1} {4,1} {5,1} {7,1}

coeff: 2.15425244
operators: {2,1} {3,1} {4,1} {5,1} {9,1}

coeff: 0.114548535
operators: {2,1} {3,1} {4,1} {6,3}

coeff: 3.35078482
operators: {2,1} {3,1} {4,1} {6,1} {8,1}

coeff: 0.0409055231
operators: {2,1} {3,1} {4,1} {7,3}

coeff: 2.15941441
operators: {2,1} {3,1} {4,1} {7,1} {9,1}

coeff: -0.313602865
operators: {2,1} {3,1} {4,1} {8,3}

coeff: -0.422452528
operators: {2,1} {3,1} {4,1} {9,3}

coeff: -0.0128494032
operators: {2,1} {3,1} {4,1} {10,3}

coeff: -0.00425015564
operators: {2,1} {3,1} {4,1} {11,3}

coeff: 0.821387362
operators: {2,1} {3,1} {5,3} {10,1}

coeff: -2.47010098
operators: {2,1} {3,1} {5,1} {6,1} {11,1}

coeff: 1.76436968
operators: {2,1} {3,1} {5,1} {7,1} {10,1}

coeff: -0.589265701
operators: {2,1} {3,1} {5,1} {8,1} {11,1}

coeff: 0.54301217
operators: {2,1} {3,1} {5,1} {9,1} {10,1}

coeff: 1.86919213
operators: {2,1} {3,1} {6,3} {10,1}

coeff: -2.73348758
operators: {2,1} {3,1} {6,1} {7,1} {11,1}

coeff: 0.530918283
operators: {2,1} {3,1} {6,1} {8,1} {10,1}

coeff: -0.392104449
operators: {2,1} {3,1} {6,1} {9,1} {11,1}

coeff: 1.00981845
operators: {2,1} {3,1} {7,3} {10,1}

coeff: 0.336395487
operators: {2,1} {3,1} {7,1} {8,1} {11,1}

coeff: -0.315451915
operators: {2,1} {3,1} {7,1} {9,1} {10,1}

coeff: -6.0680829
operators: {2,1} {3,1} {8,3} {10,1}

coeff: 12.0403027
operators: {2,1} {3,1} {8,1} {9,1} {11,1}

coeff: -5.96892744
operators: {2,1} {3,1} {9,3} {10,1}

coeff: -2.14888492
operators: {2,1} {3,1} {10,5}

coeff: -6.40975222
operators: {2,1} {3,1} {10,1} {11,3}

coeff: 0.0216262078
operators: {3,7} {5,1}

coeff: 0.00173231021
operators: {3,7} {7,1}

coeff: 0.501694301
operators: {3,7} {9,1}

coeff: 0.139576702
operators: {3,3} {4,3} {5,1}

coeff: 0.0949977325
operators: {3,3} {4,3} {7,1}

coeff: 0.681393956
operators: {3,3} {4,3} {9,1}

coeff: 0.976658875
operators: {3,3} {4,1} {5,1} {10,1}

coeff: -1.4663475
operators: {3,3} {4,1} {6,1} {11,1}

coeff: 1.00155151
operators: {3,3} {4,1} {7,1} {10,1}

coeff: 0.214765145
operators: {3,3} {4,1} {8,1} {11,1}

coeff: -0.261362669
operators: {3,3} {4,1} {9,1} {10,1}

coeff: 0.00621841648
operators: {3,3} {5,5}

coeff: -0.0137359787
operators: {3,3} {5,3} {7,1}

coeff: 0.265203672
operators: {3,3} {5,3} {9,1}

coeff: -0.0639194136
operators: {3,3} {5,1} {6,3}

coeff: 0.831946648
operators: {3,3} {5,1} {6,1} {8,1}

coeff: -0.0162827407
operators: {3,3} {5,1} {7,3}

coeff: 0.575798598
operators: {3,3} {5,1} {7,1} {9,1}

coeff: -0.010456044
operators: {3,3} {5,1} {8,3}

coeff: -0.021343587
operators: {3,3} {5,1} {9,3}

coeff: 0.176968025
operators: {3,3} {5,1} {10,3}

coeff: 0.168815236
operators: {3,3} {5,1} {11,3}

coeff: -0.0974418204
operators: {3,3} {6,3} {7,1}

coeff: 0.632629093
operators: {3,3} {6,3} {9,1}

coeff: 0.980947828
operators: {3,3} {6,1} {7,1} {8,1}

coeff: -0.180968838
operators: {3,3} {6,1} {8,1} {9,1}

coeff: -0.344844355
operators: {3,3} {6,1} {10,1} {11,1}

coeff: -0.0129449644
operators: {3,3} {7,5}

coeff: 0.390701069
operators: {3,3} {7,3} {9,1}

coeff: -0.220860189
operators: {3,3} {7,1} {8,3}

coeff: -0.173399125
operators: {3,3} {7,1} {9,3}

coeff: -0.0236250316
operators: {3,3} {7,1} {10,3}

coeff: -0.0203434526
operators: {3,3} {7,1} {11,3}

coeff: -2.59362361
operators: {3,3} {8,3} {9,1}

coeff: 5.41503688
operators: {3,3} {8,1} {10,1} {11,1}

coeff: -0.825435292
operators: {3,3} {9,5}

coeff: -2.70149238
operators: {3,3} {9,1} {10,3}

coeff: -2.67993519
operators: {3,3} {9,1} {11,3}

coeff: 0.0551844752
operators: {4,7} {5,1}

coeff: 0.0792713163
operators: {4,7} {7,1}

coeff: 0.232086209
operators: {4,7} {9,1}

coeff: 0.688400039
operators: {4,5} {5,1} {10,1}

coeff: -1.00007009
operators: {4,5} {6,1} {11,1}

coeff: 0.668397977
operators: {4,5} {7,1} {10,1}

coeff: 0.15588017
operators: {4,5} {8,1} {11,1}

coeff: -0.178112731
operators: {4,5} {9,1} {10,1}

coeff: 0.0283288862
operators: {4,3} {5,5}

coeff: 0.00964651772
operators: {4,3} {5,3} {7,1}

coeff: 0.736350842
operators: {4,3} {5,3} {9,1}

coeff: 0.0280914858
operators: {4,3} {5,1} {6,3}

coeff: 2.04083531
operators: {4,3} {5,1} {6,1} {8,1}

coeff: 0.143615868
operators: {4,3} {5,1} {7,3}

coeff: 1.28750657
operators: {4,3} {5,1} {7,1} {9,1}

coeff: -0.128625804
operators: {4,3} {5,1} {8,3}

coeff: -0.165567458
operators: {4,3} {5,1} {9,3}

coeff: 0.0851739229
operators: {4,3} {5,1} {10,3}

coeff: 0.0819410132
operators: {4,3} {5,1} {11,3}

coeff: 0.0360992423
operators: {4,3} {6,3} {7,1}

coeff: 1.50830082
operators: {4,3} {6,3} {9,1}

coeff: 2.13977342
operators: {4,3} {6,1} {7,1} {8,1}

coeff: -0.583837242
operators: {4,3} {6,1} {8,1} {9,1}

coeff: -0.0918785754
operators: {4,3} {6,1} {10,1} {11,1}

coeff: 0.0061313856
operators: {4,3} {7,5}

coeff: 0.736804752
operators: {4,3} {7,3} {9,1}

coeff: -0.271675751
operators: {4,3} {7,1} {8,3}

coeff: -0.293594013
operators: {4,3} {7,1} {9,3}

coeff: -0.0499256452
operators: {4,3} {7,1} {10,3}

coeff: -0.0523781988
operators: {4,3} {7,1} {11,3}

coeff: -1.69628861
operators: {4,3} {8,3} {9,1}

coeff: 3.64485815
operators: {4,3} {8,1} {10,1} {11,1}

coeff: -0.538242481
operators: {4,3} {9,5}

coeff: -1.81694952
operators: {4,3} {9,1} {10,3}

coeff: -1.79457883
operators: {4,3} {9,1} {11,3}

coeff: 0.374852982
operators: {4,1} {5,5} {10,1}

coeff: -1.57825072
operators: {4,1} {5,3} {6,1} {11,1}

coeff: 1.09068172
operators: {4,1} {5,3} {7,1} {10,1}

coeff: -0.193852161
operators: {4,1} {5,3} {8,1} {11,1}

coeff: 0.151351306
operators: {4,1} {5,3} {9,1} {10,1}

coeff: 2.33852901
operators: {4,1} {5,1} {6,3} {10,1}

coeff: -3.37144036
operators: {4,1} {5,1} {6,1} {7,1} {11,1}

coeff: 0.358838211
operators: {4,1} {5,1} {6,1} {8,1} {10,1}

coeff: -0.208644047
operators: {4,1} {5,1} {6,1} {9,1} {11,1}

coeff: 1.23931858
operators: {4,1} {5,1} {7,3} {10,1}

coeff: 0.0290108436
operators: {4,1} {5,1} {7,1} {8,1} {11,1}

coeff: -0.115765149
operators: {4,1} {5,1} {7,1} {9,1} {10,1}

coeff: -2.56513651
operators: {4,1} {5,1} {8,3} {10,1}

coeff: 5.12521401
operators: {4,1} {5,1} {8,1} {9,1} {11,1}

coeff: -2.57438172
operators: {4,1} {5,1} {9,3} {10,1}

coeff: -0.932416639
operators: {4,1} {5,1} {10,5}

coeff: -2.78099816
operators: {4,1} {5,1} {10,1} {11,3}

coeff: -1.16504905
operators: {4,1} {6,5} {11,1}

coeff: 2.53498372
operators: {4,1} {6,3} {7,1} {10,1}

coeff: -0.148041046
operators: {4,1} {6,3} {8,1} {11,1}

coeff: 0.0633815553
operators: {4,1} {6,3} {9,1} {10,1}

coeff: -1.80950751
operators: {4,1} {6,1} {7,3} {11,1}

coeff: -0.202180754
operators: {4,1} {6,1} {7,1} {8,1} {10,1}

coeff: 0.295778066
operators: {4,1} {6,1} {7,1} {9,1} {11,1}

coeff: 3.78121443
operators: {4,1} {6,1} {8,3} {11,1}

coeff: -7.5759144
operators: {4,1} {6,1} {8,1} {9,1} {10,1}

coeff: 3.75638257
operators: {4,1} {6,1} {9,3} {11,1}

coeff: 4.11262689
operators: {4,1} {6,1} {10,3} {11,1}

coeff: 1.36383713
operators: {4,1} {6,1} {11,5}

coeff: 0.393896294
operators: {4,1} {7,5} {10,1}

coeff: 0.239643927
operators: {4,1} {7,3} {8,1} {11,1}

coeff: -0.229829147
operators: {4,1} {7,3} {9,1} {10,1}

coeff: -2.69356892
operators: {4,1} {7,1} {8,3} {10,1}

coeff: 5.32700941
operators: {4,1} {7,1} {8,1} {9,1} {11,1}

coeff: -2.66831373
operators: {4,1} {7,1} {9,3} {10,1}

coeff: -0.992693014
operators: {4,1} {7,1} {10,5}

coeff: -2.93881201
operators: {4,1} {7,1} {10,1} {11,3}

coeff: -0.12617429
operators: {4,1} {8,5} {11,1}

coeff: 0.469587759
operators: {4,1} {8,3} {9,1} {10,1}

coeff: -0.511267324
operators: {4,1} {8,1} {9,3} {11,1}

coeff: 0.245408923
operators: {4,1} {8,1} {10,3} {11,1}

coeff: 0.0913866958
operators: {4,1} {8,1} {11,5}

coeff: 0.203009208
operators: {4,1} {9,5} {10,1}

coeff: -0.0505901532
operators: {4,1} {9,1} {10,5}

coeff: -0.179364737
operators: {4,1} {9,1} {10,1} {11,3}

coeff: -0.0127127405
operators: {5,9}

coeff: 0.0043349412
operators: {5,7} {7,1}

coeff: 0.0523060951
operators: {5,7} {9,1}

coeff: -0.0414009836
operators: {5,5} {6,3}

coeff: 0.269355601
operators: {5,5} {6,1} {8,1}

coeff: -0.096432568
operators: {5,5} {7,3}

coeff: 0.23652853
operators: {5,5} {7,1} {9,1}

coeff: 0.054876342
operators: {5,5} {8,3}

coeff: 0.0368695832
operators: {5,5} {9,3}

coeff: 0.0649633395
operators: {5,5} {10,3}

coeff: 0.0636301414
operators: {5,5} {11,3}

coeff: -0.138168834
operators: {5,3} {6,3} {7,1}

coeff: 0.611328377
operators: {5,3} {6,3} {9,1}

coeff: 0.895511999
operators: {5,3} {6,1} {7,1} {8,1}

coeff: 0.271609555
operators: {5,3} {6,1} {8,1} {9,1}

coeff: -0.427550206
operators: {5,3} {6,1} {10,1} {11,1}

coeff: 0.0949694977
operators: {5,3} {7,5}

coeff: 0.262065025
operators: {5,3} {7,3} {9,1}

coeff: 0.0790272246
operators: {5,3} {7,1} {8,3}

coeff: 0.0953233642
operators: {5,3} {7,1} {9,3}

coeff: 0.108171565
operators: {5,3} {7,1} {10,3}

coeff: 0.124482509
operators: {5,3} {7,1} {11,3}

coeff: -0.847059494
operators: {5,3} {8,3} {9,1}

coeff: 1.92473334
operators: {5,3} {8,1} {10,1} {11,1}

coeff: -0.26674695
operators: {5,3} {9,5}

coeff: -0.954205391
operators: {5,3} {9,1} {10,3}

coeff: -0.949141613
operators: {5,3} {9,1} {11,3}

coeff: -0.0534606852
operators: {5,1} {6,7}

coeff: 0.604897779
operators: {5,1} {6,5} {8,1}

coeff: -0.115208144
operators: {5,1} {6,3} {7,3}

coeff: 1.30741484
operators: {5,1} {6,3} {7,1} {9,1}

coeff: 0.166847463
operators: {5,1} {6,3} {8,3}

coeff: 0.140952183
operators: {5,1} {6,3} {9,3}

coeff: 0.270730657
operators: {5,1} {6,3} {10,3}

coeff: 0.270276196
operators: {5,1} {6,3} {11,3}

coeff: 0.940323317
operators: {5,1} {6,1} {7,3} {8,1}

coeff: 0.205443831
operators: {5,1} {6,1} {7,1} {8,1} {9,1}

coeff: -0.469286536
operators: {5,1} {6,1} {7,1} {10,1} {11,1}

coeff: -0.846340674
operators: {5,1} {6,1} {8,5}

coeff: -2.5493456
operators: {5,1} {6,1} {8,1} {9,3}

coeff: -2.87408621
operators: {5,1} {6,1} {8,1} {10,3}

coeff: -2.87534892
operators: {5,1} {6,1} {8,1} {11,3}

coeff: 5.76483682
operators: {5,1} {6,1} {9,1} {10,1} {11,1}

coeff: -0.0816535518
operators: {5,1} {7,7}

coeff: 0.293244692
operators: {5,1} {7,5} {9,1}

coeff: -0.00911781734
operators: {5,1} {7,3} {8,3}

coeff: -0.0284763373
operators: {5,1} {7,3} {9,3}

coeff: 0.0228972035
operators: {5,1} {7,3} {10,3}

coeff: 0.022663014
operators: {5,1} {7,3} {11,3}

coeff: -1.81328293
operators: {5,1} {7,1} {8,3} {9,1}

coeff: 4.14300203
operators: {5,1} {7,1} {8,1} {10,1} {11,1}

coeff: -0.599004274
operators: {5,1} {7,1} {9,5}

coeff: -2.08375874
operators: {5,1} {7,1} {9,1} {10,3}

coeff: -2.06525822
operators: {5,1} {7,1} {9,1} {11,3}

coeff: -0.00592148591
operators: {5,1} {8,7}

coeff: 0.0472558803
operators: {5,1} {8,3} {9,3}

coeff: -0.211670124
operators: {5,1} {8,3} {10,3}

coeff: -0.200549727
operators: {5,1} {8,3} {11,3}

coeff: 0.67800138
operators: {5,1} {8,1} {9,1} {10,1} {11,1}

coeff: 0.00876525004
operators: {5,1} {9,7}

coeff: -0.15053149
operators: {5,1} {9,3} {10,3}

coeff: -0.156710447
operators: {5,1} {9,3} {11,3}

coeff: -0.0707520313
operators: {5,1} {10,7}

coeff: -0.39510686
operators: {5,1} {10,3} {11,3}

coeff: -0.070907434
operators: {5,1} {11,7}

coeff: -0.0393039429
operators: {6,7} {7,1}

coeff: 0.242118493
operators: {6,7} {9,1}

coeff: 0.673975706
operators: {6,5} {7,1} {8,1}

coeff: 0.11906231
operators: {6,5} {8,1} {9,1}

coeff: -0.213261851
operators: {6,5} {10,1} {11,1}

coeff: -0.0125681797
operators: {6,3} {7,5}

coeff: 0.736259045
operators: {6,3} {7,3} {9,1}

coeff: 0.0322934989
operators: {6,3} {7,1} {8,3}

coeff: 0.0218761526
operators: {6,3} {7,1} {9,3}

coeff: 0.110081516
operators: {6,3} {7,1} {10,3}

coeff: 0.105434389
operators: {6,3} {7,1} {11,3}

coeff: -1.85579595
operators: {6,3} {8,3} {9,1}

coeff: 4.27090723
operators: {6,3} {8,1} {10,1} {11,1}

coeff: -0.590926679
operators: {6,3} {9,5}

coeff: -2.134568
operators: {6,3} {9,1} {10,3}

coeff: -2.09826277
operators: {6,3} {9,1} {11,3}

coeff: 0.324233707
operators: {6,1} {7,5} {8,1}

coeff: -0.102803403
operators: {6,1} {7,3} {8,1} {9,1}

coeff: 0.0265650588
operators: {6,1} {7,3} {10,1} {11,1}

coeff: -0.901945359
operators: {6,1} {7,1} {8,5}

coeff: -2.67132398
operators: {6,1} {7,1} {8,1} {9,3}

coeff: -3.10116379
operators: {6,1} {7,1} {8,1} {10,3}

coeff: -3.08170594
operators: {6,1} {7,1} {8,1} {11,3}

coeff: 6.15198198
operators: {6,1} {7,1} {9,1} {10,1} {11,1}

coeff: 0.125975012
operators: {6,1} {8,5} {9,1}

coeff: 0.24582263
operators: {6,1} {8,3} {10,1} {11,1}

coeff: 0.164968885
operators: {6,1} {8,1} {9,5}

coeff: -0.184679173
operators: {6,1} {8,1} {9,1} {10,3}

coeff: -0.19446428
operators: {6,1} {8,1} {9,1} {11,3}

coeff: 0.122129855
operators: {6,1} {9,3} {10,1} {11,1}

coeff: 0.278212488
operators: {6,1} {10,5} {11,1}

coeff: 0.27438617
operators: {6,1} {10,1} {11,5}

coeff: 0.0273686019
operators: {7,9}

coeff: 0.0450241257
operators: {7,7} {9,1}

coeff: -0.0215371787
operators: {7,5} {8,3}

coeff: -0.00337236364
operators: {7,5} {9,3}

coeff: -0.0260251621
operators: {7,5} {10,3}

coeff: -0.0171469117
operators: {7,5} {11,3}

coeff: -0.932193306
operators: {7,3} {8,3} {9,1}

coeff: 2.20572128
operators: {7,3} {8,1} {10,1} {11,1}

coeff: -0.277873398
operators: {7,3} {9,5}

coeff: -1.07496892
operators: {7,3} {9,1} {10,3}

coeff: -1.07388077
operators: {7,3} {9,1} {11,3}

coeff: 0.0660902491
operators: {7,1} {8,7}

coeff: 0.413260539
operators: {7,1} {8,3} {9,3}

coeff: 0.170907391
operators: {7,1} {8,3} {10,3}

coeff: 0.164465702
operators: {7,1} {8,3} {11,3}

coeff: -0.688937671
operators: {7,1} {8,1} {9,1} {10,1} {11,1}

coeff: 0.0927256826
operators: {7,1} {9,7}

coeff: 0.240539032
operators: {7,1} {9,3} {10,3}

coeff: 0.21549615
operators: {7,1} {9,3} {11,3}

coeff: 0.00990245953
operators: {7,1} {10,7}

coeff: -0.0163953775
operators: {7,1} {10,3} {11,3}

coeff: 0.00258612296
operators: {7,1} {11,7}

coeff: 0.550385414
operators: {8,7} {9,1}

coeff: -2.32321112
operators: {8,5} {10,1} {11,1}

coeff: 1.10311315
operators: {8,3} {9,5}

coeff: 3.52482146
operators: {8,3} {9,1} {10,3}

coeff: 3.50171632
operators: {8,3} {9,1} {11,3}

coeff: -6.97548396
operators: {8,1} {9,3} {10,1} {11,1}

coeff: -2.44655708
operators: {8,1} {10,5} {11,1}

coeff: -2.42730862
operators: {8,1} {10,1} {11,5}

coeff: 0.145039287
operators: {9,9}

coeff: 1.20747865
operators: {9,5} {10,3}

coeff: 1.19570773
operators: {9,5} {11,3}

coeff: 0.632558797
operators: {9,1} {10,7}

coeff: 3.68744011
operators: {9,1} {10,3} {11,3}

coeff: 0.621582773
operators: {9,1} {11,7}

coeff: -0.0222810473
operators: {0,11}

coeff: -0.00157553417
operators: {0,9} {11,1}

coeff: -0.0572354919
operators: {0,7} {1,3}

coeff: -0.0578995244
operators: {0,7} {2,3}

coeff: -0.0544529755
operators: {0,7} {3,3}

coeff: -0.151590665
operators: {0,7} {4,3}

coeff: 0.0312418014
operators: {0,7} {4,1} {10,1}

coeff: -0.0714520698
operators: {0,7} {5,3}

coeff: -0.170426297
operators: {0,7} {5,1} {7,1}

coeff: -0.00187953077
operators: {0,7} {5,1} {9,1}

coeff: -0.182909026
operators: {0,7} {6,3}

coeff: 0.0369027551
operators: {0,7} {6,1} {8,1}

coeff: -0.0899703675
operators: {0,7} {7,3}

coeff: 0.0390521244
operators: {0,7} {7,1} {9,1}

coeff: 0.140691833
operators: {0,7} {8,3}

coeff: 0.146600844
operators: {0,7} {9,3}

coeff: 0.15054882
operators: {0,7} {10,3}

coeff: 0.150848059
operators: {0,7} {11,3}

coeff: 0.00944879814
operators: {0,5} {1,3} {11,1}

coeff: -0.304125858
operators: {0,5} {1,1} {2,1} {4,1}

coeff: 0.00476276948
operators: {0,5} {1,1} {2,1} {10,1}

coeff: -0.223443108
operators: {0,5} {1,1} {3,1} {5,1}

coeff: -0.216005999
operators: {0,5} {1,1} {3,1} {7,1}

coeff: 0.0620365664
operators: {0,5} {1,1} {3,1} {9,1}

coeff: -0.0116322662
operators: {0,5} {2,3} {11,1}

coeff: 0.320660771
operators: {0,5} {2,1} {3,1} {6,1}

coeff: -0.0389565827
operators: {0,5} {2,1} {3,1} {8,1}

coeff: 0.0141506437
operators: {0,5} {3,3} {11,1}

coeff: 0.0626850422
operators: {0,5} {4,3} {11,1}

coeff: 0.645966916
operators: {0,5} {4,1} {5,1} {6,1}

coeff: -0.0736133649
operators: {0,5} {4,1} {5,1} {8,1}

coeff: 0.675029229
operators: {0,5} {4,1} {6,1} {7,1}

coeff: -0.161823483
operators: {0,5} {4,1} {6,1} {9,1}

coeff: -0.139327889
operators: {0,5} {4,1} {7,1} {8,1}

coeff: -0.814449063
operators: {0,5} {4,1} {8,1} {9,1}

coeff: 0.85894844
operators: {0,5} {4,1} {10,1} {11,1}

coeff: -0.0629512854
operators: {0,5} {5,3} {11,1}

coeff: 0.0670705835
operators: {0,5} {5,1} {6,1} {10,1}

coeff: -0.0436941916
operators: {0,5} {5,1} {7,1} {11,1}

coeff: -0.588705092
operators: {0,5} {5,1} {8,1} {10,1}

coeff: 0.617761288
operators: {0,5} {5,1} {9,1} {11,1}

coeff: -0.029628211
operators: {0,5} {6,3} {11,1}

coeff: -0.00784436875
operators: {0,5} {6,1} {7,1} {10,1}

coeff: 0.893343259
operators: {0,5} {6,1} {8,1} {11,1}

coeff: -0.91554607
operators: {0,5} {6,1} {9,1} {10,1}

coeff: 0.0127847948
operators: {0,5} {7,3} {11,1}

coeff: -0.636596753
operators: {0,5} {7,1} {8,1} {10,1}

coeff: 0.642188832
operators: {0,5} {7,1} {9,1} {11,1}

coeff: -0.041737102
operators: {0,5} {8,3} {11,1}

coeff: 0.0973217266
operators: {0,5} {8,1} {9,1} {10,1}

coeff: -0.0524068411
operators: {0,5} {9,3} {11,1}

coeff: 0.0384713964
operators: {0,5} {10,3} {11,1}

coeff: 0.0135703905
operators: {0,5} {11,5}

coeff: -0.0545688971
operators: {0,3} {1,7}

coeff: -0.304447316
operators: {0,3} {1,3} {2,3}

coeff: -0.235112141
operators: {0,3} {1,3} {3,3}

coeff: -0.161589218
operators: {0,3} {1,3} {4,3}

coeff: 0.0341129092
operators: {0,3} {1,3} {4,1} {10,1}

coeff: -0.0903987908
operators: {0,3} {1,3} {5,3}

coeff: -0.172911025
operators: {0,3} {1,3} {5,1} {7,1}

coeff: 0.0124845373
operators: {0,3} {1,3} {5,1} {9,1}

coeff: -0.20445494
operators: {0,3} {1,3} {6,3}

coeff: 0.012734151
operators: {0,3} {1,3} {6,1} {8,1}

coeff: -0.0951869054
operators: {0,3} {1,3} {7,3}

coeff: 0.0441540161
operators: {0,3} {1,3} {7,1} {9,1}

coeff: 0.254212158
operators: {0,3} {1,3} {8,3}

coeff: 0.245475079
operators: {0,3} {1,3} {9,3}

coeff: 0.288430123
operators: {0,3} {1,3} {10,3}

coeff: 0.266642712
operators: {0,3} {1,3} {11,3}

coeff: 0.0515021942
operators: {0,3} {1,1} {2,1} {4,1} {11,1}

coeff: 0.497521945
operators: {0,3} {1,1} {2,1} {5,1} {6,1}

coeff: 0.0281263558
operators: {0,3} {1,1} {2,1} {5,1} {8,1}

coeff: 0.538614517
operators: {0,3} {1,1} {2,1} {6,1} {7,1}

coeff: -0.0183188339
operators: {0,3} {1,1} {2,1} {6,1} {9,1}

coeff: -0.0616666487
operators: {0,3} {1,1} {2,1} {7,1} {8,1}

coeff: -1.04806543
operators: {0,3} {1,1} {2,1} {8,1} {9,1}

coeff: 1.14444222
operators: {0,3} {1,1} {2,1} {10,1} {11,1}

coeff: 0.643479912
operators: {0,3} {1,1} {3,1} {4,1} {6,1}

coeff: -0.126487196
operators: {0,3} {1,1} {3,1} {4,1} {8,1}

coeff: -0.0121086944
operators: {0,3} {1,1} {3,1} {5,1} {11,1}

coeff: 0.0130560902
operators: {0,3} {1,1} {3,1} {6,1} {10,1}

coeff: 0.0436972581
operators: {0,3} {1,1} {3,1} {7,1} {11,1}

coeff: -0.994321906
operators: {0,3} {1,1} {3,1} {8,1} {10,1}

coeff: 0.964104136
operators: {0,3} {1,1} {3,1} {9,1} {11,1}

coeff: -0.0591732683
operators: {0,3} {2,7}

coeff: -0.249784962
operators: {0,3} {2,3} {3,3}

coeff: -0.166632002
operators: {0,3} {2,3} {4,3}

coeff: 0.0230083289
operators: {0,3} {2,3} {4,1} {10,1}

coeff: -0.0856731045
operators: {0,3} {2,3} {5,3}

coeff: -0.188728036
operators: {0,3} {2,3} {5,1} {7,1}

coeff: -0.0298549843
operators: {0,3} {2,3} {5,1} {9,1}

coeff: -0.189090893
operators: {0,3} {2,3} {6,3}

coeff: -0.00417260581
operators: {0,3} {2,3} {6,1} {8,1}

coeff: -0.10170096
operators: {0,3} {2,3} {7,3}

coeff: 0.0195458434
operators: {0,3} {2,3} {7,1} {9,1}

coeff: 0.266885587
operators: {0,3} {2,3} {8,3}

coeff: 0.262117914
operators: {0,3} {2,3} {9,3}

coeff: 0.284850765
operators: {0,3} {2,3} {10,3}

coeff: 0.291272697
operators: {0,3} {2,3} {11,3}

coeff: -0.448196548
operators: {0,3} {2,1} {3,1} {4,1} {5,1}

coeff: -0.457081271
operators: {0,3} {2,1} {3,1} {4,1} {7,1}

coeff: 0.13950178
operators: {0,3} {2,1} {3,1} {4,1} {9,1}

coeff: -0.0334424653
operators: {0,3} {2,1} {3,1} {5,1} {10,1}

coeff: 0.0222357165
operators: {0,3} {2,1} {3,1} {6,1} {11,1}

coeff: 0.0274934216
operators: {0,3} {2,1} {3,1} {7,1} {10,1}

coeff: -1.00218028
operators: {0,3} {2,1} {3,1} {8,1} {11,1}

coeff: 1.00100816
operators: {0,3} {2,1} {3,1} {9,1} {10,1}

coeff: -0.0325176148
operators: {0,3} {3,7}

coeff: -0.152987114
operators: {0,3} {3,3} {4,3}

coeff: 0.0358868546
operators: {0,3} {3,3} {4,1} {10,1}

coeff: -0.0823322312
operators: {0,3} {3,3} {5,3}

coeff: -0.143542898
operators: {0,3} {3,3} {5,1} {7,1}

coeff: 0.0353862934
operators: {0,3} {3,3} {5,1} {9,1}

coeff: -0.150315093
operators: {0,3} {3,3} {6,3}

coeff: 0.0397938934
operators: {0,3} {3,3} {6,1} {8,1}

coeff: -0.0780090975
operators: {0,3} {3,3} {7,3}

coeff: 0.0509125548
operators: {0,3} {3,3} {7,1} {9,1}

coeff: 0.219912505
operators: {0,3} {3,3} {8,3}

coeff: 0.209283471
operators: {0,3} {3,3} {9,3}

coeff: 0.222725059
operators: {0,3} {3,3} {10,3}

coeff: 0.217500494
operators: {0,3} {3,3} {11,3}

coeff: -0.0821705085
operators: {0,3} {4,7}

coeff: 0.0454491198
operators: {0,3} {4,5} {10,1}

coeff: -0.231815261
operators: {0,3} {4,3} {5,3}

coeff: -0.462809568
operators: {0,3} {4,3} {5,1} {7,1}

coeff: 0.125562431
operators: {0,3} {4,3} {5,1} {9,1}

coeff: -0.501579551
operators: {0,3} {4,3} {6,3}

coeff: 0.179152433
operators: {0,3} {4,3} {6,1} {8,1}

coeff: -0.237161431
operators: {0,3} {4,3} {7,3}

coeff: 0.173821291
operators: {0,3} {4,3} {7,1} {9,1}

coeff: 0.431601472
operators: {0,3} {4,3} {8,3}

coeff: 0.426272037
operators: {0,3} {4,3} {9,3}

coeff: 0.455074179
operators: {0,3} {4,3} {10,3}

coeff: 0.451951062
operators: {0,3} {4,3} {11,3}

coeff: -0.0436791881
operators: {0,3} {4,1} {5,3} {10,1}

coeff: 0.0690385217
operators: {0,3} {4,1} {5,1} {6,1} {11,1}

coeff: -0.00361926631
operators: {0,3} {4,1} {5,1} {7,1} {10,1}

coeff: -1.28289959
operators: {0,3} {4,1} {5,1} {8,1} {11,1}

coeff: 1.29742513
operators: {0,3} {4,1} {5,1} {9,1} {10,1}

coeff: -0.0357188824
operators: {0,3} {4,1} {6,3} {10,1}

coeff: -0.0457239741
operators: {0,3} {4,1} {6,1} {7,1} {11,1}

coeff: 1.90045167
operators: {0,3} {4,1} {6,1} {8,1} {10,1}

coeff: -1.89835871
operators: {0,3} {4,1} {6,1} {9,1} {11,1}

coeff: 0.0555258132
operators: {0,3} {4,1} {7,3} {10,1}

coeff: -1.3405004
operators: {0,3} {4,1} {7,1} {8,1} {11,1}

coeff: 1.34264821
operators: {0,3} {4,1} {7,1} {9,1} {10,1}

coeff: -0.103725629
operators: {0,3} {4,1} {8,3} {10,1}

coeff: 0.240509503
operators: {0,3} {4,1} {8,1} {9,1} {11,1}

coeff: -0.136125141
operators: {0,3} {4,1} {9,3} {10,1}

coeff: 0.0248957519
operators: {0,3} {4,1} {10,5}

coeff: 0.0694579711
operators: {0,3} {4,1} {10,1} {11,3}

coeff: -0.0153227315
operators: {0,3} {5,7}

coeff: -0.0865318434
operators: {0,3} {5,5} {7,1}

coeff: -0.0331951658
operators: {0,3} {5,5} {9,1}

coeff: -0.270677396
operators: {0,3} {5,3} {6,3}

coeff: -0.0526954868
operators: {0,3} {5,3} {6,1} {8,1}

coeff: -0.139971043
operators: {0,3} {5,3} {7,3}

coeff: -0.0380033285
operators: {0,3} {5,3} {7,1} {9,1}

coeff: 0.214741066
operators: {0,3} {5,3} {8,3}

coeff: 0.230214961
operators: {0,3} {5,3} {9,3}

coeff: 0.235837847
operators: {0,3} {5,3} {10,3}

coeff: 0.247227101
operators: {0,3} {5,3} {11,3}

coeff: -0.568213179
operators: {0,3} {5,1} {6,3} {7,1}

coeff: -0.0247550614
operators: {0,3} {5,1} {6,3} {9,1}

coeff: -0.00187415188
operators: {0,3} {5,1} {6,1} {7,1} {8,1}

coeff: 1.33258391
operators: {0,3} {5,1} {6,1} {8,1} {9,1}

coeff: -1.45545459
operators: {0,3} {5,1} {6,1} {10,1} {11,1}

coeff: -0.0950153769
operators: {0,3} {5,1} {7,5}

coeff: 0.0149711815
operators: {0,3} {5,1} {7,3} {9,1}

coeff: 0.471349748
operators: {0,3} {5,1} {7,1} {8,3}

coeff: 0.479402318
operators: {0,3} {5,1} {7,1} {9,3}

coeff: 0.52312703
operators: {0,3} {5,1} {7,1} {10,3}

coeff: 0.53008892
operators: {0,3} {5,1} {7,1} {11,3}

coeff: -0.0686444567
operators: {0,3} {5,1} {8,3} {9,1}

coeff: -0.120388407
operators: {0,3} {5,1} {8,1} {10,1} {11,1}

coeff: -0.0265505803
operators: {0,3} {5,1} {9,5}

coeff: 0.0502098684
operators: {0,3} {5,1} {9,1} {10,3}

coeff: 0.0588389431
operators: {0,3} {5,1} {9,1} {11,3}

coeff: -0.10311632
operators: {0,3} {6,7}

coeff: -0.00869834378
operators: {0,3} {6,5} {8,1}

coeff: -0.303870152
operators: {0,3} {6,3} {7,3}

coeff: 0.0434949174
operators: {0,3} {6,3} {7,1} {9,1}

coeff: 0.486900452
operators: {0,3} {6,3} {8,3}

coeff: 0.491537124
operators: {0,3} {6,3} {9,3}

coeff: 0.546283171
operators: {0,3} {6,3} {10,3}

coeff: 0.533239289
operators: {0,3} {6,3} {11,3}

coeff: 0.0628193079
operators: {0,3} {6,1} {7,3} {8,1}

coeff: 1.38710475
operators: {0,3} {6,1} {7,1} {8,1} {9,1}

coeff: -1.5498102
operators: {0,3} {6,1} {7,1} {10,1} {11,1}

coeff: -0.0414873754
operators: {0,3} {6,1} {8,5}

coeff: -0.158949894
operators: {0,3} {6,1} {8,1} {9,3}

coeff: 0.0505777765
operators: {0,3} {6,1} {8,1} {10,3}

coeff: 0.0494638718
operators: {0,3} {6,1} {8,1} {11,3}

coeff: -0.0618141295
operators: {0,3} {6,1} {9,1} {10,1} {11,1}

coeff: -0.0242806731
operators: {0,3} {7,7}

coeff: 0.0184067862
operators: {0,3} {7,5} {9,1}

coeff: 0.242282273
operators: {0,3} {7,3} {8,3}

coeff: 0.240999798
operators: {0,3} {7,3} {9,3}

coeff: 0.277875324
operators: {0,3} {7,3} {10,3}

coeff: 0.276970706
operators: {0,3} {7,3} {11,3}

coeff: -0.162655789
operators: {0,3} {7,1} {8,3} {9,1}

coeff: 0.046633825
operators: {0,3} {7,1} {8,1} {10,1} {11,1}

coeff: -0.0657194381
operators: {0,3} {7,1} {9,5}

coeff: -0.0437468472
operators: {0,3} {7,1} {9,1} {10,3}

coeff: -0.032007814
operators: {0,3} {7,1} {9,1} {11,3}

coeff: -0.073676762
operators: {0,3} {8,7}

coeff: -0.443684436
operators: {0,3} {8,3} {9,3}

coeff: -0.472176928
operators: {0,3} {8,3} {10,3}

coeff: -0.472228863
operators: {0,3} {8,3} {11,3}

coeff: 1.89513622
operators: {0,3} {8,1} {9,1} {10,1} {11,1}

coeff: -0.0811811044
operators: {0,3} {9,7}

coeff: -0.482758343
operators: {0,3} {9,3} {10,3}

coeff: -0.478119437
operators: {0,3} {9,3} {11,3}

coeff: -0.084039146
operators: {0,3} {10,7}

coeff: -0.5024737
operators: {0,3} {10,3} {11,3}

coeff: -0.0851219137
operators: {0,3} {11,7}

coeff: 0.011025138
operators: {0,1} {1,7} {11,1}

coeff: -0.264149864
operators: {0,1} {1,5} {2,1} {4,1}

coeff: 0.00596750598
operators: {0,1} {1,5} {2,1} {10,1}

coeff: -0.188109538
operators: {0,1} {1,5} {3,1} {5,1}

coeff: -0.185552105
operators: {0,1} {1,5} {3,1} {7,1}

coeff: 0.056265059
operators: {0,1} {1,5} {3,1} {9,1}

coeff: -0.00454811422
operators: {0,1} {1,3} {2,3} {11,1}

coeff: 0.888346091
operators: {0,1} {1,3} {2,1} {3,1} {6,1}

coeff: -0.115171419
operators: {0,1} {1,3} {2,1} {3,1} {8,1}

coeff: 0.0337324624
operators: {0,1} {1,3} {3,3} {11,1}

coeff: 0.0370222683
operators: {0,1} {1,3} {4,3} {11,1}

coeff: 0.372179868
operators: {0,1} {1,3} {4,1} {5,1} {6,1}

coeff: -0.0209140147
operators: {0,1} {1,3} {4,1} {5,1} {8,1}

coeff: 0.385323565
operators: {0,1} {1,3} {4,1} {6,1} {7,1}

coeff: -0.048198514
operators: {0,1} {1,3} {4,1} {6,1} {9,1}

coeff: -0.0614138165
operators: {0,1} {1,3} {4,1} {7,1} {8,1}

coeff: -0.726465928
operators: {0,1} {1,3} {4,1} {8,1} {9,1}

coeff: 0.810017937
operators: {0,1} {1,3} {4,1} {10,1} {11,1}

coeff: -0.0145516706
operators: {0,1} {1,3} {5,3} {11,1}

coeff: 0.0673391446
operators: {0,1} {1,3} {5,1} {6,1} {10,1}

coeff: -0.0110026609
operators: {0,1} {1,3} {5,1} {7,1} {11,1}

coeff: -0.564355935
operators: {0,1} {1,3} {5,1} {8,1} {10,1}

coeff: 0.548577303
operators: {0,1} {1,3} {5,1} {9,1} {11,1}

coeff: -0.0300559036
operators: {0,1} {1,3} {6,3} {11,1}

coeff: 0.0166669939
operators: {0,1} {1,3} {6,1} {7,1} {10,1}

coeff: 0.830787169
operators: {0,1} {1,3} {6,1} {8,1} {11,1}

coeff: -0.856066032
operators: {0,1} {1,3} {6,1} {9,1} {10,1}

coeff: 0.0100736171
operators: {0,1} {1,3} {7,3} {11,1}

coeff: -0.593791378
operators: {0,1} {1,3} {7,1} {8,1} {10,1}

coeff: 0.576544832
operators: {0,1} {1,3} {7,1} {9,1} {11,1}

coeff: -0.0281429828
operators: {0,1} {1,3} {8,3} {11,1}

coeff: 0.0770034504
operators: {0,1} {1,3} {8,1} {9,1} {10,1}

coeff: -0.0471586385
operators: {0,1} {1,3} {9,3} {11,1}

coeff: 0.0400172351
operators: {0,1} {1,3} {10,3} {11,1}

coeff: 0.0100884744
operators: {0,1} {1,3} {11,5}

coeff: -0.3064997
operators: {0,1} {1,1} {2,5} {4,1}

coeff: 0.00427777975
operators: {0,1} {1,1} {2,5} {10,1}

coeff: -0.594804769
operators: {0,1} {1,1} {2,3} {3,1} {5,1}

coeff: -0.627552033
operators: {0,1} {1,1} {2,3} {3,1} {7,1}

coeff: 0.108835857
operators: {0,1} {1,1} {2,3} {3,1} {9,1}

coeff: -0.737659797
operators: {0,1} {1,1} {2,1} {3,3} {4,1}

coeff: 0.0346322101
operators: {0,1} {1,1} {2,1} {3,3} {10,1}

coeff: -0.148157915
operators: {0,1} {1,1} {2,1} {4,5}

coeff: 0.0581308671
operators: {0,1} {1,1} {2,1} {4,3} {10,1}

coeff: -0.24586871
operators: {0,1} {1,1} {2,1} {4,1} {5,3}

coeff: -0.51226548
operators: {0,1} {1,1} {2,1} {4,1} {5,1} {7,1}

coeff: 0.0268583565
operators: {0,1} {1,1} {2,1} {4,1} {5,1} {9,1}

coeff: -0.534941917
operators: {0,1} {1,1} {2,1} {4,1} {6,3}

coeff: 0.0551128885
operators: {0,1} {1,1} {2,1} {4,1} {6,1} {8,1}

coeff: -0.266011561
operators: {0,1} {1,1} {2,1} {4,1} {7,3}

coeff: 0.113488397
operators: {0,1} {1,1} {2,1} {4,1} {7,1} {9,1}

coeff: 0.749300752
operators: {0,1} {1,1} {2,1} {4,1} {8,3}

coeff: 0.742000664
operators: {0,1} {1,1} {2,1} {4,1} {9,3}

coeff: 0.828906478
operators: {0,1} {1,1} {2,1} {4,1} {10,3}

coeff: 0.819408862
operators: {0,1} {1,1} {2,1} {4,1} {11,3}

coeff: -0.0604387244
operators: {0,1} {1,1} {2,1} {5,3} {10,1}

coeff: 0.133445954
operators: {0,1} {1,1} {2,1} {5,1} {6,1} {11,1}

coeff: -0.0537446486
operators: {0,1} {1,1} {2,1} {5,1} {7,1} {10,1}

coeff: -1.13617237
operators: {0,1} {1,1} {2,1} {5,1} {8,1} {11,1}

coeff: 1.14514176
operators: {0,1} {1,1} {2,1} {5,1} {9,1} {10,1}

coeff: -0.0902311819
operators: {0,1} {1,1} {2,1} {6,3} {10,1}

coeff: 0.0327378601
operators: {0,1} {1,1} {2,1} {6,1} {7,1} {11,1}

coeff: 1.69986127
operators: {0,1} {1,1} {2,1} {6,1} {8,1} {10,1}

coeff: -1.69215001
operators: {0,1} {1,1} {2,1} {6,1} {9,1} {11,1}

coeff: 0.0226607411
operators: {0,1} {1,1} {2,1} {7,3} {10,1}

coeff: -1.20294472
operators: {0,1} {1,1} {2,1} {7,1} {8,1} {11,1}

coeff: 1.20117744
operators: {0,1} {1,1} {2,1} {7,1} {9,1} {10,1}

coeff: -0.0535444206
operators: {0,1} {1,1} {2,1} {8,3} {10,1}

coeff: 0.135185376
operators: {0,1} {1,1} {2,1} {8,1} {9,1} {11,1}

coeff: -0.0764299611
operators: {0,1} {1,1} {2,1} {9,3} {10,1}

coeff: 0.0283503497
operators: {0,1} {1,1} {2,1} {10,5}

coeff: 0.0795218411
operators: {0,1} {1,1} {2,1} {10,1} {11,3}

coeff: -0.145099412
operators: {0,1} {1,1} {3,5} {5,1}

coeff: -0.147608791
operators: {0,1} {1,1} {3,5} {7,1}

coeff: 0.0408044777
operators: {0,1} {1,1} {3,5} {9,1}

coeff: -0.315749655
operators: {0,1} {1,1} {3,1} {4,3} {5,1}

coeff: -0.305340598
operators: {0,1} {1,1} {3,1} {4,3} {7,1}

coeff: 0.110754655
operators: {0,1} {1,1} {3,1} {4,3} {9,1}

coeff: -0.0125366628
operators: {0,1} {1,1} {3,1} {4,1} {5,1} {10,1}

coeff: -0.02133947
operators: {0,1} {1,1} {3,1} {4,1} {6,1} {11,1}

coeff: 0.0701380665
operators: {0,1} {1,1} {3,1} {4,1} {7,1} {10,1}

coeff: -1.40031691
operators: {0,1} {1,1} {3,1} {4,1} {8,1} {11,1}

coeff: 1.39763299
operators: {0,1} {1,1} {3,1} {4,1} {9,1} {10,1}

coeff: -0.0688702271
operators: {0,1} {1,1} {3,1} {5,5}

coeff: -0.182706277
operators: {0,1} {1,1} {3,1} {5,3} {7,1}

coeff: 0.00373730506
operators: {0,1} {1,1} {3,1} {5,3} {9,1}

coeff: -0.366258229
operators: {0,1} {1,1} {3,1} {5,1} {6,3}

coeff: -0.0199684444
operators: {0,1} {1,1} {3,1} {5,1} {6,1} {8,1}

coeff: -0.187605942
operators: {0,1} {1,1} {3,1} {5,1} {7,3}

coeff: 0.0410390019
operators: {0,1} {1,1} {3,1} {5,1} {7,1} {9,1}

coeff: 0.512288437
operators: {0,1} {1,1} {3,1} {5,1} {8,3}

coeff: 0.494570652
operators: {0,1} {1,1} {3,1} {5,1} {9,3}

coeff: 0.531718455
operators: {0,1} {1,1} {3,1} {5,1} {10,3}

coeff: 0.519478818
operators: {0,1} {1,1} {3,1} {5,1} {11,3}

coeff: -0.390339701
operators: {0,1} {1,1} {3,1} {6,3} {7,1}

coeff: 0.0196730004
operators: {0,1} {1,1} {3,1} {6,3} {9,1}

coeff: 0.0718839449
operators: {0,1} {1,1} {3,1} {6,1} {7,1} {8,1}

coeff: 1.4759852
operators: {0,1} {1,1} {3,1} {6,1} {8,1} {9,1}

coeff: -1.57067939
operators: {0,1} {1,1} {3,1} {6,1} {10,1} {11,1}

coeff: -0.0663439473
operators: {0,1} {1,1} {3,1} {7,5}

coeff: 0.0539078631
operators: {0,1} {1,1} {3,1} {7,3} {9,1}

coeff: 0.532002407
operators: {0,1} {1,1} {3,1} {7,1} {8,3}

coeff: 0.510152677
operators: {0,1} {1,1} {3,1} {7,1} {9,3}

coeff: 0.569320626
operators: {0,1} {1,1} {3,1} {7,1} {10,3}

coeff: 0.559390283
operators: {0,1} {1,1} {3,1} {7,1} {11,3}

coeff: -0.133007496
operators: {0,1} {1,1} {3,1} {8,3} {9,1}

coeff: -0.00124278525
operators: {0,1} {1,1} {3,1} {8,1} {10,1} {11,1}

coeff: -0.0490473856
operators: {0,1} {1,1} {3,1} {9,5}

coeff: -0.0100429014
operators: {0,1} {1,1} {3,1} {9,1} {10,3}

coeff: -0.0172158669
operators: {0,1} {1,1} {3,1} {9,1} {11,3}

coeff: -0.00399575173
operators: {0,1} {2,7} {11,1}

coeff: 0.286911419
operators: {0,1} {2,5} {3,1} {6,1}

coeff: -0.0306640371
operators: {0,1} {2,5} {3,1} {8,1}

coeff: 0.00523687969
operators: {0,1} {2,3} {3,3} {11,1}

coeff: 0.0260307093
operators: {0,1} {2,3} {4,3} {11,1}

coeff: 0.379244058
operators: {0,1} {2,3} {4,1} {5,1} {6,1}

coeff: -0.00357285656
operators: {0,1} {2,3} {4,1} {5,1} {8,1}

coeff: 0.385890413
operators: {0,1} {2,3} {4,1} {6,1} {7,1}

coeff: -0.0228308117
operators: {0,1} {2,3} {4,1} {6,1} {9,1}

coeff: -0.0464108999
operators: {0,1} {2,3} {4,1} {7,1} {8,1}

coeff: -0.758416648
operators: {0,1} {2,3} {4,1} {8,1} {9,1}

coeff: 0.83752547
operators: {0,1} {2,3} {4,1} {10,1} {11,1}

coeff: -0.0442766817
operators: {0,1} {2,3} {5,3} {11,1}

coeff: 0.0649980754
operators: {0,1} {2,3} {5,1} {6,1} {10,1}

coeff: -0.0376538633
operators: {0,1} {2,3} {5,1} {7,1} {11,1}

coeff: -0.575045008
operators: {0,1} {2,3} {5,1} {8,1} {10,1}

coeff: 0.58541476
operators: {0,1} {2,3} {5,1} {9,1} {11,1}

coeff: -0.0493954335
operators: {0,1} {2,3} {6,3} {11,1}

coeff: 0.0109588778
operators: {0,1} {2,3} {6,1} {7,1} {10,1}

coeff: 0.857628451
operators: {0,1} {2,3} {6,1} {8,1} {11,1}

coeff: -0.852106617
operators: {0,1} {2,3} {6,1} {9,1} {10,1}

coeff: 0.00714174316
operators: {0,1} {2,3} {7,3} {11,1}

coeff: -0.614875844
operators: {0,1} {2,3} {7,1} {8,1} {10,1}

coeff: 0.620328676
operators: {0,1} {2,3} {7,1} {9,1} {11,1}

coeff: -0.0248152219
operators: {0,1} {2,3} {8,3} {11,1}

coeff: 0.060827692
operators: {0,1} {2,3} {8,1} {9,1} {10,1}

coeff: -0.0290315745
operators: {0,1} {2,3} {9,3} {11,1}

coeff: 0.0336056558
operators: {0,1} {2,3} {10,3} {11,1}

coeff: 0.0142456637
operators: {0,1} {2,3} {11,5}

coeff: 0.22121102
operators: {0,1} {2,1} {3,5} {6,1}

coeff: -0.0336280361
operators: {0,1} {2,1} {3,5} {8,1}

coeff: 0.46893421
operators: {0,1} {2,1} {3,1} {4,3} {6,1}

coeff: -0.109107111
operators: {0,1} {2,1} {3,1} {4,3} {8,1}

coeff: -0.00992579338
operators: {0,1} {2,1} {3,1} {4,1} {5,1} {11,1}

coeff: -0.00396671475
operators: {0,1} {2,1} {3,1} {4,1} {6,1} {10,1}

coeff: 0.06535784
operators: {0,1} {2,1} {3,1} {4,1} {7,1} {11,1}

coeff: -1.42925449
operators: {0,1} {2,1} {3,1} {4,1} {8,1} {10,1}

coeff: 1.42002291
operators: {0,1} {2,1} {3,1} {4,1} {9,1} {11,1}

coeff: 0.258611724
operators: {0,1} {2,1} {3,1} {5,3} {6,1}

coeff: 0.0209157631
operators: {0,1} {2,1} {3,1} {5,3} {8,1}

coeff: 0.540387344
operators: {0,1} {2,1} {3,1} {5,1} {6,1} {7,1}

coeff: -0.0069162785
operators: {0,1} {2,1} {3,1} {5,1} {6,1} {9,1}

coeff: -0.0293915619
operators: {0,1} {2,1} {3,1} {5,1} {7,1} {8,1}

coeff: -1.01831181
operators: {0,1} {2,1} {3,1} {5,1} {8,1} {9,1}

coeff: 1.07149298
operators: {0,1} {2,1} {3,1} {5,1} {10,1} {11,1}

coeff: 0.190648433
operators: {0,1} {2,1} {3,1} {6,5}

coeff: 0.00515465663
operators: {0,1} {2,1} {3,1} {6,3} {8,1}

coeff: 0.289532387
operators: {0,1} {2,1} {3,1} {6,1} {7,3}

coeff: -0.0770860181
operators: {0,1} {2,1} {3,1} {6,1} {7,1} {9,1}

coeff: -0.756130098
operators: {0,1} {2,1} {3,1} {6,1} {8,3}

coeff: -0.748839508
operators: {0,1} {2,1} {3,1} {6,1} {9,3}

coeff: -0.800368956
operators: {0,1} {2,1} {3,1} {6,1} {10,3}

coeff: -0.794149256
operators: {0,1} {2,1} {3,1} {6,1} {11,3}

coeff: -0.0534589094
operators: {0,1} {2,1} {3,1} {7,3} {8,1}

coeff: -1.05630496
operators: {0,1} {2,1} {3,1} {7,1} {8,1} {9,1}

coeff: 1.14491413
operators: {0,1} {2,1} {3,1} {7,1} {10,1} {11,1}

coeff: 0.0387795196
operators: {0,1} {2,1} {3,1} {8,5}

coeff: 0.147062698
operators: {0,1} {2,1} {3,1} {8,1} {9,3}

coeff: -0.0115023663
operators: {0,1} {2,1} {3,1} {8,1} {10,3}

coeff: -0.00490432456
operators: {0,1} {2,1} {3,1} {8,1} {11,3}

coeff: -0.0129428304
operators: {0,1} {2,1} {3,1} {9,1} {10,1} {11,1}

coeff: 0.00554849317
operators: {0,1} {3,7} {11,1}

coeff: 0.0323745282
operators: {0,1} {3,3} {4,3} {11,1}

coeff: 0.285204722
operators: {0,1} {3,3} {4,1} {5,1} {6,1}

coeff: -0.0445658332
operators: {0,1} {3,3} {4,1} {5,1} {8,1}

coeff: 0.275532594
operators: {0,1} {3,3} {4,1} {6,1} {7,1}

coeff: -0.0860256713
operators: {0,1} {3,3} {4,1} {6,1} {9,1}

coeff: -0.0834438134
operators: {0,1} {3,3} {4,1} {7,1} {8,1}

coeff: -0.625430521
operators: {0,1} {3,3} {4,1} {8,1} {9,1}

coeff: 0.637878996
operators: {0,1} {3,3} {4,1} {10,1} {11,1}

coeff: -0.0124245738
operators: {0,1} {3,3} {5,3} {11,1}

coeff: 0.0344415987
operators: {0,1} {3,3} {5,1} {6,1} {10,1}

coeff: -0.00431027125
operators: {0,1} {3,3} {5,1} {7,1} {11,1}

coeff: -0.452159161
operators: {0,1} {3,3} {5,1} {8,1} {10,1}

coeff: 0.442611115
operators: {0,1} {3,3} {5,1} {9,1} {11,1}

coeff: -0.0207420783
operators: {0,1} {3,3} {6,3} {11,1}

coeff: -0.0003533605
operators: {0,1} {3,3} {6,1} {7,1} {10,1}

coeff: 0.662441066
operators: {0,1} {3,3} {6,1} {8,1} {11,1}

coeff: -0.663908867
operators: {0,1} {3,3} {6,1} {9,1} {10,1}

coeff: 0.00951035825
operators: {0,1} {3,3} {7,3} {11,1}

coeff: -0.477093948
operators: {0,1} {3,3} {7,1} {8,1} {10,1}

coeff: 0.464368434
operators: {0,1} {3,3} {7,1} {9,1} {11,1}

coeff: -0.0370525487
operators: {0,1} {3,3} {8,3} {11,1}

coeff: 0.0786988704
operators: {0,1} {3,3} {8,1} {9,1} {10,1}

coeff: -0.0472803568
operators: {0,1} {3,3} {9,3} {11,1}

coeff: 0.0272011785
operators: {0,1} {3,3} {10,3} {11,1}

coeff: 0.00794586329
operators: {0,1} {3,3} {11,5}

coeff: 0.0176271012
operators: {0,1} {4,7} {11,1}

coeff: 0.326294089
operators: {0,1} {4,5} {5,1} {6,1}

coeff: -0.0603801103
operators: {0,1} {4,5} {5,1} {8,1}

coeff: 0.319039435
operators: {0,1} {4,5} {6,1} {7,1}

coeff: -0.0969308828
operators: {0,1} {4,5} {6,1} {9,1}

coeff: -0.083203967
operators: {0,1} {4,5} {7,1} {8,1}

coeff: -0.409131973
operators: {0,1} {4,5} {8,1} {9,1}

coeff: 0.432804542
operators: {0,1} {4,5} {10,1} {11,1}

coeff: -0.00894236147
operators: {0,1} {4,3} {5,3} {11,1}

coeff: 0.0279441077
operators: {0,1} {4,3} {5,1} {6,1} {10,1}

coeff: 0.0287826395
operators: {0,1} {4,3} {5,1} {7,1} {11,1}

coeff: -0.913652864
operators: {0,1} {4,3} {5,1} {8,1} {10,1}

coeff: 0.91321483
operators: {0,1} {4,3} {5,1} {9,1} {11,1}

coeff: -0.00331060634
operators: {0,1} {4,3} {6,3} {11,1}

coeff: -0.0529104096
operators: {0,1} {4,3} {6,1} {7,1} {10,1}

coeff: 1.34288362
operators: {0,1} {4,3} {6,1} {8,1} {11,1}

coeff: -1.34831428
operators: {0,1} {4,3} {6,1} {9,1} {10,1}

coeff: 0.0510218931
operators: {0,1} {4,3} {7,3} {11,1}

coeff: -0.946136558
operators: {0,1} {4,3} {7,1} {8,1} {10,1}

coeff: 0.931091209
operators: {0,1} {4,3} {7,1} {9,1} {11,1}

coeff: -0.0799171995
operators: {0,1} {4,3} {8,3} {11,1}

coeff: 0.187278307
operators: {0,1} {4,3} {8,1} {9,1} {10,1}

coeff: -0.101166912
operators: {0,1} {4,3} {9,3} {11,1}

coeff: 0.0421708795
operators: {0,1} {4,3} {10,3} {11,1}

coeff: 0.0152199984
operators: {0,1} {4,3} {11,5}

coeff: 0.177716321
operators: {0,1} {4,1} {5,5} {6,1}

coeff: 0.0145303105
operators: {0,1} {4,1} {5,5} {8,1}

coeff: 0.546533776
operators: {0,1} {4,1} {5,3} {6,1} {7,1}

coeff: 0.0111987495
operators: {0,1} {4,1} {5,3} {6,1} {9,1}

coeff: 0.00289221469
operators: {0,1} {4,1} {5,3} {7,1} {8,1}

coeff: -0.641589248
operators: {0,1} {4,1} {5,3} {8,1} {9,1}

coeff: 0.695359634
operators: {0,1} {4,1} {5,3} {10,1} {11,1}

coeff: 0.378527213
operators: {0,1} {4,1} {5,1} {6,5}

coeff: 0.0187591156
operators: {0,1} {4,1} {5,1} {6,3} {8,1}

coeff: 0.572912018
operators: {0,1} {4,1} {5,1} {6,1} {7,3}

coeff: -0.0808470434
operators: {0,1} {4,1} {5,1} {6,1} {7,1} {9,1}

coeff: -0.93575166
operators: {0,1} {4,1} {5,1} {6,1} {8,3}

coeff: -0.942966781
operators: {0,1} {4,1} {5,1} {6,1} {9,3}

coeff: -1.03233063
operators: {0,1} {4,1} {5,1} {6,1} {10,3}

coeff: -1.03014254
operators: {0,1} {4,1} {5,1} {6,1} {11,3}

coeff: -0.0627094061
operators: {0,1} {4,1} {5,1} {7,3} {8,1}

coeff: -1.31404036
operators: {0,1} {4,1} {5,1} {7,1} {8,1} {9,1}

coeff: 1.46875244
operators: {0,1} {4,1} {5,1} {7,1} {10,1} {11,1}

coeff: 0.0274748624
operators: {0,1} {4,1} {5,1} {8,5}

coeff: 0.130178791
operators: {0,1} {4,1} {5,1} {8,1} {9,3}

coeff: -0.0742838322
operators: {0,1} {4,1} {5,1} {8,1} {10,3}

coeff: -0.0748808811
operators: {0,1} {4,1} {5,1} {8,1} {11,3}

coeff: 0.104400921
operators: {0,1} {4,1} {5,1} {9,1} {10,1} {11,1}

coeff: 0.404256123
operators: {0,1} {4,1} {6,5} {7,1}

coeff: -0.00846999875
operators: {0,1} {4,1} {6,5} {9,1}

coeff: -0.0632198511
operators: {0,1} {4,1} {6,3} {7,1} {8,1}

coeff: -1.37987153
operators: {0,1} {4,1} {6,3} {8,1} {9,1}

coeff: 1.53527509
operators: {0,1} {4,1} {6,3} {10,1} {11,1}

coeff: 0.199506051
operators: {0,1} {4,1} {6,1} {7,5}

coeff: -0.103992105
operators: {0,1} {4,1} {6,1} {7,3} {9,1}

coeff: -0.978097558
operators: {0,1} {4,1} {6,1} {7,1} {8,3}

coeff: -0.964535884
operators: {0,1} {4,1} {6,1} {7,1} {9,3}

coeff: -1.10508873
operators: {0,1} {4,1} {6,1} {7,1} {10,3}

coeff: -1.09678261
operators: {0,1} {4,1} {6,1} {7,1} {11,3}

coeff: 0.224277472
operators: {0,1} {4,1} {6,1} {8,3} {9,1}

coeff: 0.0929888181
operators: {0,1} {4,1} {6,1} {8,1} {10,1} {11,1}

coeff: 0.0871717029
operators: {0,1} {4,1} {6,1} {9,5}

coeff: -0.0232897154
operators: {0,1} {4,1} {6,1} {9,1} {10,3}

coeff: -0.0253018839
operators: {0,1} {4,1} {6,1} {9,1} {11,3}

coeff: -0.0372411516
operators: {0,1} {4,1} {7,5} {8,1}

coeff: -0.671501534
operators: {0,1} {4,1} {7,3} {8,1} {9,1}

coeff: 0.781371714
operators: {0,1} {4,1} {7,3} {10,1} {11,1}

coeff: 0.0768909479
operators: {0,1} {4,1} {7,1} {8,5}

coeff: 0.255259344
operators: {0,1} {4,1} {7,1} {8,1} {9,3}

coeff: 0.0508756182
operators: {0,1} {4,1} {7,1} {8,1} {10,3}

coeff: 0.0506417986
operators: {0,1} {4,1} {7,1} {8,1} {11,3}

coeff: -0.13075416
operators: {0,1} {4,1} {7,1} {9,1} {10,1} {11,1}

coeff: 0.420955198
operators: {0,1} {4,1} {8,5} {9,1}

coeff: -1.35117359
operators: {0,1} {4,1} {8,3} {10,1} {11,1}

coeff: 0.419728342
operators: {0,1} {4,1} {8,1} {9,5}

coeff: 1.36093033
operators: {0,1} {4,1} {8,1} {9,1} {10,3}

coeff: 1.35224141
operators: {0,1} {4,1} {8,1} {9,1} {11,3}

coeff: -1.35837204
operators: {0,1} {4,1} {9,3} {10,1} {11,1}

coeff: -0.477705363
operators: {0,1} {4,1} {10,5} {11,1}

coeff: -0.475214236
operators: {0,1} {4,1} {10,1} {11,5}

coeff: -0.0154311589
operators: {0,1} {5,7} {11,1}

coeff: 0.0427072412
operators: {0,1} {5,5} {6,1} {10,1}

coeff: -0.0370625937
operators: {0,1} {5,5} {7,1} {11,1}

coeff: -0.150195053
operators: {0,1} {5,5} {8,1} {10,1}

coeff: 0.162765519
operators: {0,1} {5,5} {9,1} {11,1}

coeff: -0.0730321066
operators: {0,1} {5,3} {6,3} {11,1}

coeff: 0.0827291342
operators: {0,1} {5,3} {6,1} {7,1} {10,1}

coeff: 0.706853616
operators: {0,1} {5,3} {6,1} {8,1} {11,1}

coeff: -0.714271369
operators: {0,1} {5,3} {6,1} {9,1} {10,1}

coeff: -0.0228169882
operators: {0,1} {5,3} {7,3} {11,1}

coeff: -0.502690297
operators: {0,1} {5,3} {7,1} {8,1} {10,1}

coeff: 0.511412295
operators: {0,1} {5,3} {7,1} {9,1} {11,1}

coeff: 0.0366814013
operators: {0,1} {5,3} {8,3} {11,1}

coeff: -0.0562923516
operators: {0,1} {5,3} {8,1} {9,1} {10,1}

coeff: 0.0280943723
operators: {0,1} {5,3} {9,3} {11,1}

coeff: 0.0833325868
operators: {0,1} {5,3} {10,3} {11,1}

coeff: 0.0302689549
operators: {0,1} {5,3} {11,5}

coeff: 0.0613713736
operators: {0,1} {5,1} {6,5} {10,1}

coeff: -0.0810615864
operators: {0,1} {5,1} {6,3} {7,1} {11,1}

coeff: -1.04881746
operators: {0,1} {5,1} {6,3} {8,1} {10,1}

coeff: 1.05080813
operators: {0,1} {5,1} {6,3} {9,1} {11,1}

coeff: 0.0146026861
operators: {0,1} {5,1} {6,1} {7,3} {10,1}

coeff: 1.50521334
operators: {0,1} {5,1} {6,1} {7,1} {8,1} {11,1}

coeff: -1.508368
operators: {0,1} {5,1} {6,1} {7,1} {9,1} {10,1}

coeff: -0.0559629137
operators: {0,1} {5,1} {6,1} {8,3} {10,1}

coeff: 0.0761932888
operators: {0,1} {5,1} {6,1} {8,1} {9,1} {11,1}

coeff: -0.0222707787
operators: {0,1} {5,1} {6,1} {9,3} {10,1}

coeff: -0.0722286013
operators: {0,1} {5,1} {6,1} {10,5}

coeff: -0.200429263
operators: {0,1} {5,1} {6,1} {10,1} {11,3}

coeff: 0.00436082171
operators: {0,1} {5,1} {7,5} {11,1}

coeff: -0.534655983
operators: {0,1} {5,1} {7,3} {8,1} {10,1}

coeff: 0.534703433
operators: {0,1} {5,1} {7,3} {9,1} {11,1}

coeff: -0.0171908533
operators: {0,1} {5,1} {7,1} {8,3} {11,1}

coeff: 0.0579410354
operators: {0,1} {5,1} {7,1} {8,1} {9,1} {10,1}

coeff: -0.0338487055
operators: {0,1} {5,1} {7,1} {9,3} {11,1}

coeff: 0.0820085614
operators: {0,1} {5,1} {7,1} {10,3} {11,1}

coeff: 0.0278461813
operators: {0,1} {5,1} {7,1} {11,5}

coeff: 0.315167592
operators: {0,1} {5,1} {8,5} {10,1}

coeff: -0.954647998
operators: {0,1} {5,1} {8,3} {9,1} {11,1}

coeff: 0.957339441
operators: {0,1} {5,1} {8,1} {9,3} {10,1}

coeff: 0.336638426
operators: {0,1} {5,1} {8,1} {10,5}

coeff: 1.00979513
operators: {0,1} {5,1} {8,1} {10,1} {11,3}

coeff: -0.321606917
operators: {0,1} {5,1} {9,5} {11,1}

coeff: -1.01900889
operators: {0,1} {5,1} {9,1} {10,3} {11,1}

coeff: -0.339680447
operators: {0,1} {5,1} {9,1} {11,5}

coeff: -0.0188089181
operators: {0,1} {6,7} {11,1}

coeff: 0.0255202889
operators: {0,1} {6,5} {7,1} {10,1}

coeff: 0.518681338
operators: {0,1} {6,5} {8,1} {11,1}

coeff: -0.529521197
operators: {0,1} {6,5} {9,1} {10,1}

coeff: 0.00398796756
operators: {0,1} {6,3} {7,3} {11,1}

coeff: -1.12360236
operators: {0,1} {6,3} {7,1} {8,1} {10,1}

coeff: 1.11265655
operators: {0,1} {6,3} {7,1} {9,1} {11,1}

coeff: 0.00933128359
operators: {0,1} {6,3} {8,3} {11,1}

coeff: 0.00362202575
operators: {0,1} {6,3} {8,1} {9,1} {10,1}

coeff: -0.010658458
operators: {0,1} {6,3} {9,3} {11,1}

coeff: 0.118028961
operators: {0,1} {6,3} {10,3} {11,1}

coeff: 0.0380814699
operators: {0,1} {6,3} {11,5}

coeff: -0.0183587674
operators: {0,1} {6,1} {7,5} {10,1}

coeff: 0.792016601
operators: {0,1} {6,1} {7,3} {8,1} {11,1}

coeff: -0.793638729
operators: {0,1} {6,1} {7,3} {9,1} {10,1}

coeff: 0.0757901249
operators: {0,1} {6,1} {7,1} {8,3} {10,1}

coeff: -0.174766719
operators: {0,1} {6,1} {7,1} {8,1} {9,1} {11,1}

coeff: 0.112769979
operators: {0,1} {6,1} {7,1} {9,3} {10,1}

coeff: -0.0194095113
operators: {0,1} {6,1} {7,1} {10,5}

coeff: -0.0699694992
operators: {0,1} {6,1} {7,1} {10,1} {11,3}

coeff: -0.467590473
operators: {0,1} {6,1} {8,5} {11,1}

coeff: 1.41294315
operators: {0,1} {6,1} {8,3} {9,1} {10,1}

coeff: -1.40818655
operators: {0,1} {6,1} {8,1} {9,3} {11,1}

coeff: -1.50758314
operators: {0,1} {6,1} {8,1} {10,3} {11,1}

coeff: -0.498010208
operators: {0,1} {6,1} {8,1} {11,5}

coeff: 0.475934377
operators: {0,1} {6,1} {9,5} {10,1}

coeff: 0.510561165
operators: {0,1} {6,1} {9,1} {10,5}

coeff: 1.51204635
operators: {0,1} {6,1} {9,1} {10,1} {11,3}

coeff: 0.00406435792
operators: {0,1} {7,7} {11,1}

coeff: -0.185444749
operators: {0,1} {7,5} {8,1} {10,1}

coeff: 0.185976346
operators: {0,1} {7,5} {9,1} {11,1}

coeff: -0.0599398917
operators: {0,1} {7,3} {8,3} {11,1}

coeff: 0.125365024
operators: {0,1} {7,3} {8,1} {9,1} {10,1}

coeff: -0.0674273215
operators: {0,1} {7,3} {9,3} {11,1}

coeff: -0.010026783
operators: {0,1} {7,3} {10,3} {11,1}

coeff: -0.00487276852
operators: {0,1} {7,3} {11,5}

coeff: 0.334135571
operators: {0,1} {7,1} {8,5} {10,1}

coeff: -0.997481733
operators: {0,1} {7,1} {8,3} {9,1} {11,1}

coeff: 0.996264224
operators: {0,1} {7,1} {8,1} {9,3} {10,1}

coeff: 0.363190121
operators: {0,1} {7,1} {8,1} {10,5}

coeff: 1.07853234
operators: {0,1} {7,1} {8,1} {10,1} {11,3}

coeff: -0.334961906
operators: {0,1} {7,1} {9,5} {11,1}

coeff: -1.08633929
operators: {0,1} {7,1} {9,1} {10,3} {11,1}

coeff: -0.362710737
operators: {0,1} {7,1} {9,1} {11,5}

coeff: 0.0147254969
operators: {0,1} {8,7} {11,1}

coeff: -0.0669587229
operators: {0,1} {8,5} {9,1} {10,1}

coeff: 0.110310868
operators: {0,1} {8,3} {9,3} {11,1}

coeff: -0.0238087991
operators: {0,1} {8,3} {10,3} {11,1}

coeff: -0.00712757787
operators: {0,1} {8,3} {11,5}

coeff: -0.0828843713
operators: {0,1} {8,1} {9,5} {10,1}

coeff: 0.00766201767
operators: {0,1} {8,1} {9,1} {10,5}

coeff: 0.0226759453
operators: {0,1} {8,1} {9,1} {10,1} {11,3}

coeff: 0.0220132309
operators: {0,1} {9,7} {11,1}

coeff: 0.00112914491
operators: {0,1} {9,3} {10,3} {11,1}

coeff: -6.46552708e-05
operators: {0,1} {9,3} {11,5}

coeff: -0.020924733
operators: {0,1} {10,7} {11,1}

coeff: -0.041158742
operators: {0,1} {10,3} {11,5}

coeff: -0.00393292833
operators: {0,1} {11,9}

coeff: -0.0221660178
operators: {1,11}

coeff: -0.287393486
operators: {1,7} {2,3}

coeff: -0.203615187
operators: {1,7} {3,3}

coeff: -0.0410233373
operators: {1,7} {4,3}

coeff: 0.00281510092
operators: {1,7} {4,1} {10,1}

coeff: -0.0129914975
operators: {1,7} {5,3}

coeff: -0.023818146
operators: {1,7} {5,1} {7,1}

coeff: -0.0143276458
operators: {1,7} {5,1} {9,1}

coeff: -0.0316075818
operators: {1,7} {6,3}

coeff: -0.0188200609
operators: {1,7} {6,1} {8,1}

coeff: -0.00821510642
operators: {1,7} {7,3}

coeff: -0.00696755453
operators: {1,7} {7,1} {9,1}

coeff: 0.116833653
operators: {1,7} {8,3}

coeff: 0.118557964
operators: {1,7} {9,3}

coeff: 0.128104345
operators: {1,7} {10,3}

coeff: 0.131418477
operators: {1,7} {11,3}

coeff: 0.0199052278
operators: {1,5} {2,1} {4,1} {11,1}

coeff: 0.120652526
operators: {1,5} {2,1} {5,1} {6,1}

coeff: 0.0711282952
operators: {1,5} {2,1} {5,1} {8,1}

coeff: 0.110827827
operators: {1,5} {2,1} {6,1} {7,1}

coeff: 0.0850091029
operators: {1,5} {2,1} {6,1} {9,1}

coeff: 0.0187158761
operators: {1,5} {2,1} {7,1} {8,1}

coeff: -0.982806903
operators: {1,5} {2,1} {8,1} {9,1}

coeff: 1.08405157
operators: {1,5} {2,1} {10,1} {11,1}

coeff: 0.202148316
operators: {1,5} {3,1} {4,1} {6,1}

coeff: -0.0469438265
operators: {1,5} {3,1} {4,1} {8,1}

coeff: -0.0217710621
operators: {1,5} {3,1} {5,1} {11,1}

coeff: 0.046554808
operators: {1,5} {3,1} {6,1} {10,1}

coeff: -0.000564198792
operators: {1,5} {3,1} {7,1} {11,1}

coeff: -0.912767852
operators: {1,5} {3,1} {8,1} {10,1}

coeff: 0.896308516
operators: {1,5} {3,1} {9,1} {11,1}

coeff: -0.268209235
operators: {1,3} {2,7}

coeff: -1.23177119
operators: {1,3} {2,3} {3,3}

coeff: -0.161387921
operators: {1,3} {2,3} {4,3}

coeff: 0.0281562712
operators: {1,3} {2,3} {4,1} {10,1}

coeff: -0.0635776693
operators: {1,3} {2,3} {5,3}

coeff: -0.11991884
operators: {1,3} {2,3} {5,1} {7,1}

coeff: -0.115692443
operators: {1,3} {2,3} {5,1} {9,1}

coeff: -0.12589657
operators: {1,3} {2,3} {6,3}

coeff: -0.133353142
operators: {1,3} {2,3} {6,1} {8,1}

coeff: -0.053668729
operators: {1,3} {2,3} {7,3}

coeff: -0.019184303
operators: {1,3} {2,3} {7,1} {9,1}

coeff: 0.758273537
operators: {1,3} {2,3} {8,3}

coeff: 0.746024575
operators: {1,3} {2,3} {9,3}

coeff: 0.828224293
operators: {1,3} {2,3} {10,3}

coeff: 0.816470998
operators: {1,3} {2,3} {11,3}

coeff: -0.431638935
operators: {1,3} {2,1} {3,1} {4,1} {5,1}

coeff: -0.407759957
operators: {1,3} {2,1} {3,1} {4,1} {7,1}

coeff: 0.141138802
operators: {1,3} {2,1} {3,1} {4,1} {9,1}

coeff: -0.13668962
operators: {1,3} {2,1} {3,1} {5,1} {10,1}

coeff: 0.129088388
operators: {1,3} {2,1} {3,1} {6,1} {11,1}

coeff: 0.00378746188
operators: {1,3} {2,1} {3,1} {7,1} {10,1}

coeff: -2.79815662
operators: {1,3} {2,1} {3,1} {8,1} {11,1}

coeff: 2.80015022
operators: {1,3} {2,1} {3,1} {9,1} {10,1}

coeff: -0.148592438
operators: {1,3} {3,7}

coeff: -0.134444973
operators: {1,3} {3,3} {4,3}

coeff: 0.0378567332
operators: {1,3} {3,3} {4,1} {10,1}

coeff: -0.0641147105
operators: {1,3} {3,3} {5,3}

coeff: -0.127392384
operators: {1,3} {3,3} {5,1} {7,1}

coeff: -0.0285092302
operators: {1,3} {3,3} {5,1} {9,1}

coeff: -0.145474706
operators: {1,3} {3,3} {6,3}

coeff: -0.0286470637
operators: {1,3} {3,3} {6,1} {8,1}

coeff: -0.0760028111
operators: {1,3} {3,3} {7,3}

coeff: 0.0256348924
operators: {1,3} {3,3} {7,1} {9,1}

coeff: 0.592049719
operators: {1,3} {3,3} {8,3}

coeff: 0.569220508
operators: {1,3} {3,3} {9,3}

coeff: 0.637623143
operators: {1,3} {3,3} {10,3}

coeff: 0.630421235
operators: {1,3} {3,3} {11,3}

coeff: -0.0223244667
operators: {1,3} {4,7}

coeff: 0.00524684133
operators: {1,3} {4,5} {10,1}

coeff: -0.0506902187
operators: {1,3} {4,3} {5,3}

coeff: -0.0975649399
operators: {1,3} {4,3} {5,1} {7,1}

coeff: 0.00890809744
operators: {1,3} {4,3} {5,1} {9,1}

coeff: -0.121855765
operators: {1,3} {4,3} {6,3}

coeff: 0.0232978263
operators: {1,3} {4,3} {6,1} {8,1}

coeff: -0.0485071031
operators: {1,3} {4,3} {7,3}

coeff: 0.0256353615
operators: {1,3} {4,3} {7,1} {9,1}

coeff: 0.124367727
operators: {1,3} {4,3} {8,3}

coeff: 0.121373486
operators: {1,3} {4,3} {9,3}

coeff: 0.136401109
operators: {1,3} {4,3} {10,3}

coeff: 0.134763687
operators: {1,3} {4,3} {11,3}

coeff: -0.0161776402
operators: {1,3} {4,1} {5,3} {10,1}

coeff: 0.0288116368
operators: {1,3} {4,1} {5,1} {6,1} {11,1}

coeff: -0.00406486456
operators: {1,3} {4,1} {5,1} {7,1} {10,1}

coeff: -0.399758263
operators: {1,3} {4,1} {5,1} {8,1} {11,1}

coeff: 0.406783351
operators: {1,3} {4,1} {5,1} {9,1} {10,1}

coeff: -0.0304543881
operators: {1,3} {4,1} {6,3} {10,1}

coeff: 0.002058608
operators: {1,3} {4,1} {6,1} {7,1} {11,1}

coeff: 0.589046259
operators: {1,3} {4,1} {6,1} {8,1} {10,1}

coeff: -0.578944143
operators: {1,3} {4,1} {6,1} {9,1} {11,1}

coeff: 0.0147721407
operators: {1,3} {4,1} {7,3} {10,1}

coeff: -0.414309141
operators: {1,3} {4,1} {7,1} {8,1} {11,1}

coeff: 0.41655791
operators: {1,3} {4,1} {7,1} {9,1} {10,1}

coeff: -0.0355951774
operators: {1,3} {4,1} {8,3} {10,1}

coeff: 0.0739221468
operators: {1,3} {4,1} {8,1} {9,1} {11,1}

coeff: -0.0402111862
operators: {1,3} {4,1} {9,3} {10,1}

coeff: 0.00177865379
operators: {1,3} {4,1} {10,5}

coeff: 0.0172269751
operators: {1,3} {4,1} {10,1} {11,3}

coeff: -0.00401066187
operators: {1,3} {5,7}

coeff: -0.00777411326
operators: {1,3} {5,5} {7,1}

coeff: -0.00498095715
operators: {1,3} {5,5} {9,1}

coeff: -0.035595087
operators: {1,3} {5,3} {6,3}

coeff: -0.0283073152
operators: {1,3} {5,3} {6,1} {8,1}

coeff: -0.0209708231
operators: {1,3} {5,3} {7,3}

coeff: -0.0113760463
operators: {1,3} {5,3} {7,1} {9,1}

coeff: 0.06247608
operators: {1,3} {5,3} {8,3}

coeff: 0.0597498009
operators: {1,3} {5,3} {9,3}

coeff: 0.0747402067
operators: {1,3} {5,3} {10,3}

coeff: 0.0687677974
operators: {1,3} {5,3} {11,3}

coeff: -0.0729040525
operators: {1,3} {5,1} {6,3} {7,1}

coeff: -0.0401257465
operators: {1,3} {5,1} {6,3} {9,1}

coeff: -0.0434370981
operators: {1,3} {5,1} {6,1} {7,1} {8,1}

coeff: 0.38340124
operators: {1,3} {5,1} {6,1} {8,1} {9,1}

coeff: -0.44313492
operators: {1,3} {5,1} {6,1} {10,1} {11,1}

coeff: -0.00774699176
operators: {1,3} {5,1} {7,5}

coeff: -0.00968603072
operators: {1,3} {5,1} {7,3} {9,1}

coeff: 0.133913314
operators: {1,3} {5,1} {7,1} {8,3}

coeff: 0.132078868
operators: {1,3} {5,1} {7,1} {9,3}

coeff: 0.154990456
operators: {1,3} {5,1} {7,1} {10,3}

coeff: 0.14756813
operators: {1,3} {5,1} {7,1} {11,3}

coeff: 0.0285157301
operators: {1,3} {5,1} {8,3} {9,1}

coeff: -0.0971163936
operators: {1,3} {5,1} {8,1} {10,1} {11,1}

coeff: 0.00707820982
operators: {1,3} {5,1} {9,5}

coeff: 0.0490509922
operators: {1,3} {5,1} {9,1} {10,3}

coeff: 0.0437889356
operators: {1,3} {5,1} {9,1} {11,3}

coeff: -0.0174337112
operators: {1,3} {6,7}

coeff: -0.0189789174
operators: {1,3} {6,5} {8,1}

coeff: -0.0391374061
operators: {1,3} {6,3} {7,3}

coeff: -0.0300907362
operators: {1,3} {6,3} {7,1} {9,1}

coeff: 0.135971741
operators: {1,3} {6,3} {8,3}

coeff: 0.136154056
operators: {1,3} {6,3} {9,3}

coeff: 0.159088065
operators: {1,3} {6,3} {10,3}

coeff: 0.157789905
operators: {1,3} {6,3} {11,3}

coeff: -0.0136720515
operators: {1,3} {6,1} {7,3} {8,1}

coeff: 0.406613148
operators: {1,3} {6,1} {7,1} {8,1} {9,1}

coeff: -0.471285378
operators: {1,3} {6,1} {7,1} {10,1} {11,1}

coeff: 0.00306885773
operators: {1,3} {6,1} {8,5}

coeff: 0.00583142087
operators: {1,3} {6,1} {8,1} {9,3}

coeff: 0.0459181165
operators: {1,3} {6,1} {8,1} {10,3}

coeff: 0.0403725809
operators: {1,3} {6,1} {8,1} {11,3}

coeff: -0.0825082606
operators: {1,3} {6,1} {9,1} {10,1} {11,1}

coeff: -0.00605945262
operators: {1,3} {7,7}

coeff: -0.00177261242
operators: {1,3} {7,5} {9,1}

coeff: 0.0708848606
operators: {1,3} {7,3} {8,3}

coeff: 0.067485698
operators: {1,3} {7,3} {9,3}

coeff: 0.0869172422
operators: {1,3} {7,3} {10,3}

coeff: 0.083657131
operators: {1,3} {7,3} {11,3}

coeff: -0.0478137233
operators: {1,3} {7,1} {8,3} {9,1}

coeff: 0.0353529557
operators: {1,3} {7,1} {8,1} {10,1} {11,1}

coeff: -0.0258681488
operators: {1,3} {7,1} {9,5}

coeff: -0.0344901553
operators: {1,3} {7,1} {9,1} {10,3}

coeff: -0.0247013863
operators: {1,3} {7,1} {9,1} {11,3}

coeff: -0.0695685291
operators: {1,3} {8,7}

coeff: -0.402946994
operators: {1,3} {8,3} {9,3}

coeff: -0.439266318
operators: {1,3} {8,3} {10,3}

coeff: -0.433763105
operators: {1,3} {8,3} {11,3}

coeff: 1.7606524
operators: {1,3} {8,1} {9,1} {10,1} {11,1}

coeff: -0.0664015291
operators: {1,3} {9,7}

coeff: -0.442610724
operators: {1,3} {9,3} {10,3}

coeff: -0.431408438
operators: {1,3} {9,3} {11,3}

coeff: -0.0781159041
operators: {1,3} {10,7}

coeff: -0.456126243
operators: {1,3} {10,3} {11,3}

coeff: -0.0752201376
operators: {1,3} {11,7}

coeff: 0.0191064574
operators: {1,1} {2,5} {4,1} {11,1}

coeff: 0.11466404
operators: {1,1} {2,5} {5,1} {6,1}

coeff: 0.0911352582
operators: {1,1} {2,5} {5,1} {8,1}

coeff: 0.112491953
operators: {1,1} {2,5} {6,1} {7,1}

coeff: 0.104614313
operators: {1,1} {2,5} {6,1} {9,1}

coeff: 0.0197480356
operators: {1,1} {2,5} {7,1} {8,1}

coeff: -1.03548633
operators: {1,1} {2,5} {8,1} {9,1}

coeff: 1.11533943
operators: {1,1} {2,5} {10,1} {11,1}

coeff: 0.623762434
operators: {1,1} {2,3} {3,1} {4,1} {6,1}

coeff: -0.122048267
operators: {1,1} {2,3} {3,1} {4,1} {8,1}

coeff: -0.152088712
operators: {1,1} {2,3} {3,1} {5,1} {11,1}

coeff: 0.154800577
operators: {1,1} {2,3} {3,1} {6,1} {10,1}

coeff: 0.020759449
operators: {1,1} {2,3} {3,1} {7,1} {11,1}

coeff: -2.86935045
operators: {1,1} {2,3} {3,1} {8,1} {10,1}

coeff: 2.84291335
operators: {1,1} {2,3} {3,1} {9,1} {11,1}

coeff: 0.0747721167
operators: {1,1} {2,1} {3,3} {4,1} {11,1}

coeff: 0.375565139
operators: {1,1} {2,1} {3,3} {5,1} {6,1}

coeff: 0.0725808582
operators: {1,1} {2,1} {3,3} {5,1} {8,1}

coeff: 0.401135473
operators: {1,1} {2,1} {3,3} {6,1} {7,1}

coeff: 0.0357073065
operators: {1,1} {2,1} {3,3} {6,1} {9,1}

coeff: -0.0852684657
operators: {1,1} {2,1} {3,3} {7,1} {8,1}

coeff: -2.40408111
operators: {1,1} {2,1} {3,3} {8,1} {9,1}

coeff: 2.58155337
operators: {1,1} {2,1} {3,3} {10,1} {11,1}

coeff: 0.0208804714
operators: {1,1} {2,1} {4,5} {11,1}

coeff: 0.266305459
operators: {1,1} {2,1} {4,3} {5,1} {6,1}

coeff: -0.0179999883
operators: {1,1} {2,1} {4,3} {5,1} {8,1}

coeff: 0.267117002
operators: {1,1} {2,1} {4,3} {6,1} {7,1}

coeff: -0.0331862894
operators: {1,1} {2,1} {4,3} {6,1} {9,1}

coeff: -0.048330253
operators: {1,1} {2,1} {4,3} {7,1} {8,1}

coeff: -0.529687093
operators: {1,1} {2,1} {4,3} {8,1} {9,1}

coeff: 0.580403756
operators: {1,1} {2,1} {4,3} {10,1} {11,1}

coeff: -0.0323700957
operators: {1,1} {2,1} {4,1} {5,3} {11,1}

coeff: 0.0862142266
operators: {1,1} {2,1} {4,1} {5,1} {6,1} {10,1}

coeff: -0.0167829197
operators: {1,1} {2,1} {4,1} {5,1} {7,1} {11,1}

coeff: -0.816974635
operators: {1,1} {2,1} {4,1} {5,1} {8,1} {10,1}

coeff: 0.812028794
operators: {1,1} {2,1} {4,1} {5,1} {9,1} {11,1}

coeff: -0.0450369028
operators: {1,1} {2,1} {4,1} {6,3} {11,1}

coeff: 0.0158338538
operators: {1,1} {2,1} {4,1} {6,1} {7,1} {10,1}

coeff: 1.19722441
operators: {1,1} {2,1} {4,1} {6,1} {8,1} {11,1}

coeff: -1.19959146
operators: {1,1} {2,1} {4,1} {6,1} {9,1} {10,1}

coeff: 0.0234444321
operators: {1,1} {2,1} {4,1} {7,3} {11,1}

coeff: -0.846891131
operators: {1,1} {2,1} {4,1} {7,1} {8,1} {10,1}

coeff: 0.83216076
operators: {1,1} {2,1} {4,1} {7,1} {9,1} {11,1}

coeff: -0.0537318878
operators: {1,1} {2,1} {4,1} {8,3} {11,1}

coeff: 0.137670331
operators: {1,1} {2,1} {4,1} {8,1} {9,1} {10,1}

coeff: -0.0779364234
operators: {1,1} {2,1} {4,1} {9,3} {11,1}

coeff: 0.0394674989
operators: {1,1} {2,1} {4,1} {10,3} {11,1}

coeff: 0.00999897677
operators: {1,1} {2,1} {4,1} {11,5}

coeff: 0.0277821571
operators: {1,1} {2,1} {5,5} {6,1}

coeff: 0.0191551908
operators: {1,1} {2,1} {5,5} {8,1}

coeff: 0.0957953197
operators: {1,1} {2,1} {5,3} {6,1} {7,1}

coeff: 0.0686149156
operators: {1,1} {2,1} {5,3} {6,1} {9,1}

coeff: 0.0397816082
operators: {1,1} {2,1} {5,3} {7,1} {8,1}

coeff: -0.256536791
operators: {1,1} {2,1} {5,3} {8,1} {9,1}

coeff: 0.298849616
operators: {1,1} {2,1} {5,3} {10,1} {11,1}

coeff: 0.064037694
operators: {1,1} {2,1} {5,1} {6,5}

coeff: 0.0910289309
operators: {1,1} {2,1} {5,1} {6,3} {8,1}

coeff: 0.101786742
operators: {1,1} {2,1} {5,1} {6,1} {7,3}

coeff: 0.103737206
operators: {1,1} {2,1} {5,1} {6,1} {7,1} {9,1}

coeff: -0.382505409
operators: {1,1} {2,1} {5,1} {6,1} {8,3}

coeff: -0.387257431
operators: {1,1} {2,1} {5,1} {6,1} {9,3}

coeff: -0.446402908
operators: {1,1} {2,1} {5,1} {6,1} {10,3}

coeff: -0.445855843
operators: {1,1} {2,1} {5,1} {6,1} {11,3}

coeff: 0.0221344913
operators: {1,1} {2,1} {5,1} {7,3} {8,1}

coeff: -0.552120322
operators: {1,1} {2,1} {5,1} {7,1} {8,1} {9,1}

coeff: 0.639880336
operators: {1,1} {2,1} {5,1} {7,1} {10,1} {11,1}

coeff: -0.0258246951
operators: {1,1} {2,1} {5,1} {8,5}

coeff: -0.0582567325
operators: {1,1} {2,1} {5,1} {8,1} {9,3}

coeff: -0.113157846
operators: {1,1} {2,1} {5,1} {8,1} {10,3}

coeff: -0.10981915
operators: {1,1} {2,1} {5,1} {8,1} {11,3}

coeff: 0.207936999
operators: {1,1} {2,1} {5,1} {9,1} {10,1} {11,1}

coeff: 0.069445392
operators: {1,1} {2,1} {6,5} {7,1}

coeff: 0.0431119889
operators: {1,1} {2,1} {6,5} {9,1}

coeff: 0.0586355169
operators: {1,1} {2,1} {6,3} {7,1} {8,1}

coeff: -0.568841373
operators: {1,1} {2,1} {6,3} {8,1} {9,1}

coeff: 0.665188916
operators: {1,1} {2,1} {6,3} {10,1} {11,1}

coeff: 0.0343175989
operators: {1,1} {2,1} {6,1} {7,5}

coeff: 0.0260386724
operators: {1,1} {2,1} {6,1} {7,3} {9,1}

coeff: -0.412255114
operators: {1,1} {2,1} {6,1} {7,1} {8,3}

coeff: -0.413601537
operators: {1,1} {2,1} {6,1} {7,1} {9,3}

coeff: -0.482533987
operators: {1,1} {2,1} {6,1} {7,1} {10,3}

coeff: -0.477618025
operators: {1,1} {2,1} {6,1} {7,1} {11,3}

coeff: -0.0280851387
operators: {1,1} {2,1} {6,1} {8,3} {9,1}

coeff: 0.190868585
operators: {1,1} {2,1} {6,1} {8,1} {10,1} {11,1}

coeff: -0.00286633473
operators: {1,1} {2,1} {6,1} {9,5}

coeff: -0.0890779873
operators: {1,1} {2,1} {6,1} {9,1} {10,3}

coeff: -0.0836180043
operators: {1,1} {2,1} {6,1} {9,1} {11,3}

coeff: 0.00451933165
operators: {1,1} {2,1} {7,5} {8,1}

coeff: -0.291807998
operators: {1,1} {2,1} {7,3} {8,1} {9,1}

coeff: 0.352354314
operators: {1,1} {2,1} {7,3} {10,1} {11,1}

coeff: 0.0319876286
operators: {1,1} {2,1} {7,1} {8,5}

coeff: 0.102384866
operators: {1,1} {2,1} {7,1} {8,1} {9,3}

coeff: 0.0447670609
operators: {1,1} {2,1} {7,1} {8,1} {10,3}

coeff: 0.0469270063
operators: {1,1} {2,1} {7,1} {8,1} {11,3}

coeff: -0.0963934577
operators: {1,1} {2,1} {7,1} {9,1} {10,1} {11,1}

coeff: 0.559458065
operators: {1,1} {2,1} {8,5} {9,1}

coeff: -1.78844795
operators: {1,1} {2,1} {8,3} {10,1} {11,1}

coeff: 0.554243727
operators: {1,1} {2,1} {8,1} {9,5}

coeff: 1.80191261
operators: {1,1} {2,1} {8,1} {9,1} {10,3}

coeff: 1.78658452
operators: {1,1} {2,1} {8,1} {9,1} {11,3}

coeff: -1.78562668
operators: {1,1} {2,1} {9,3} {10,1} {11,1}

coeff: -0.623903292
operators: {1,1} {2,1} {10,5} {11,1}

coeff: -0.619868674
operators: {1,1} {2,1} {10,1} {11,5}

coeff: 0.154031352
operators: {1,1} {3,5} {4,1} {6,1}

coeff: -0.0399739263
operators: {1,1} {3,5} {4,1} {8,1}

coeff: -0.0277311495
operators: {1,1} {3,5} {5,1} {11,1}

coeff: 0.0268576177
operators: {1,1} {3,5} {6,1} {10,1}

coeff: 0.00763491196
operators: {1,1} {3,5} {7,1} {11,1}

coeff: -0.732848373
operators: {1,1} {3,5} {8,1} {10,1}

coeff: 0.710768739
operators: {1,1} {3,5} {9,1} {11,1}

coeff: 0.111146302
operators: {1,1} {3,1} {4,5} {6,1}

coeff: -0.0295499085
operators: {1,1} {3,1} {4,5} {8,1}

coeff: 0.00273167531
operators: {1,1} {3,1} {4,3} {5,1} {11,1}

coeff: -0.0155441326
operators: {1,1} {3,1} {4,3} {6,1} {10,1}

coeff: 0.0310247938
operators: {1,1} {3,1} {4,3} {7,1} {11,1}

coeff: -0.495526718
operators: {1,1} {3,1} {4,3} {8,1} {10,1}

coeff: 0.481654603
operators: {1,1} {3,1} {4,3} {9,1} {11,1}

coeff: 0.183697002
operators: {1,1} {3,1} {4,1} {5,3} {6,1}

coeff: 0.00124989169
operators: {1,1} {3,1} {4,1} {5,3} {8,1}

coeff: 0.367685431
operators: {1,1} {3,1} {4,1} {5,1} {6,1} {7,1}

coeff: -0.0241577579
operators: {1,1} {3,1} {4,1} {5,1} {6,1} {9,1}

coeff: -0.0376101106
operators: {1,1} {3,1} {4,1} {5,1} {7,1} {8,1}

coeff: -0.707808985
operators: {1,1} {3,1} {4,1} {5,1} {8,1} {9,1}

coeff: 0.754131423
operators: {1,1} {3,1} {4,1} {5,1} {10,1} {11,1}

coeff: 0.132811481
operators: {1,1} {3,1} {4,1} {6,5}

coeff: -0.0109341768
operators: {1,1} {3,1} {4,1} {6,3} {8,1}

coeff: 0.19866711
operators: {1,1} {3,1} {4,1} {6,1} {7,3}

coeff: -0.0686941945
operators: {1,1} {3,1} {4,1} {6,1} {7,1} {9,1}

coeff: -0.517179185
operators: {1,1} {3,1} {4,1} {6,1} {8,3}

coeff: -0.504085607
operators: {1,1} {3,1} {4,1} {6,1} {9,3}

coeff: -0.556480545
operators: {1,1} {3,1} {4,1} {6,1} {10,3}

coeff: -0.549819993
operators: {1,1} {3,1} {4,1} {6,1} {11,3}

coeff: -0.0468294938
operators: {1,1} {3,1} {4,1} {7,3} {8,1}

coeff: -0.713110996
operators: {1,1} {3,1} {4,1} {7,1} {8,1} {9,1}

coeff: 0.782179989
operators: {1,1} {3,1} {4,1} {7,1} {10,1} {11,1}

coeff: 0.0313862049
operators: {1,1} {3,1} {4,1} {8,5}

coeff: 0.116056205
operators: {1,1} {3,1} {4,1} {8,1} {9,3}

coeff: 0.0180860973
operators: {1,1} {3,1} {4,1} {8,1} {10,3}

coeff: 0.0142552768
operators: {1,1} {3,1} {4,1} {8,1} {11,3}

coeff: -0.0525844742
operators: {1,1} {3,1} {4,1} {9,1} {10,1} {11,1}

coeff: -0.00953380019
operators: {1,1} {3,1} {5,5} {11,1}

coeff: 0.0408106884
operators: {1,1} {3,1} {5,3} {6,1} {10,1}

coeff: -0.022267912
operators: {1,1} {3,1} {5,3} {7,1} {11,1}

coeff: -0.259086215
operators: {1,1} {3,1} {5,3} {8,1} {10,1}

coeff: 0.253222169
operators: {1,1} {3,1} {5,3} {9,1} {11,1}

coeff: -0.054383522
operators: {1,1} {3,1} {5,1} {6,3} {11,1}

coeff: 0.0445337819
operators: {1,1} {3,1} {5,1} {6,1} {7,1} {10,1}

coeff: 0.764932184
operators: {1,1} {3,1} {5,1} {6,1} {8,1} {11,1}

coeff: -0.767500656
operators: {1,1} {3,1} {5,1} {6,1} {9,1} {10,1}

coeff: -0.002647969
operators: {1,1} {3,1} {5,1} {7,3} {11,1}

coeff: -0.551079076
operators: {1,1} {3,1} {5,1} {7,1} {8,1} {10,1}

coeff: 0.54313581
operators: {1,1} {3,1} {5,1} {7,1} {9,1} {11,1}

coeff: 0.0549628133
operators: {1,1} {3,1} {5,1} {8,3} {11,1}

coeff: -0.102578555
operators: {1,1} {3,1} {5,1} {8,1} {9,1} {10,1}

coeff: 0.0485135932
operators: {1,1} {3,1} {5,1} {9,3} {11,1}

coeff: 0.108614771
operators: {1,1} {3,1} {5,1} {10,3} {11,1}

coeff: 0.0398422052
operators: {1,1} {3,1} {5,1} {11,5}

coeff: 0.0228486578
operators: {1,1} {3,1} {6,5} {10,1}

coeff: -0.0219054512
operators: {1,1} {3,1} {6,3} {7,1} {11,1}

coeff: -0.57196753
operators: {1,1} {3,1} {6,3} {8,1} {10,1}

coeff: 0.561760023
operators: {1,1} {3,1} {6,3} {9,1} {11,1}

coeff: -0.0100817444
operators: {1,1} {3,1} {6,1} {7,3} {10,1}

coeff: 0.826409164
operators: {1,1} {3,1} {6,1} {7,1} {8,1} {11,1}

coeff: -0.813004549
operators: {1,1} {3,1} {6,1} {7,1} {9,1} {10,1}

coeff: -0.0327093993
operators: {1,1} {3,1} {6,1} {8,3} {10,1}

coeff: 0.045280166
operators: {1,1} {3,1} {6,1} {8,1} {9,1} {11,1}

coeff: -0.0101375509
operators: {1,1} {3,1} {6,1} {9,3} {10,1}

coeff: -0.0369775401
operators: {1,1} {3,1} {6,1} {10,5}

coeff: -0.107264841
operators: {1,1} {3,1} {6,1} {10,1} {11,3}

coeff: 0.003472749
operators: {1,1} {3,1} {7,5} {11,1}

coeff: -0.293241545
operators: {1,1} {3,1} {7,3} {8,1} {10,1}

coeff: 0.291565585
operators: {1,1} {3,1} {7,3} {9,1} {11,1}

coeff: -0.081390606
operators: {1,1} {3,1} {7,1} {8,3} {11,1}

coeff: 0.157288553
operators: {1,1} {3,1} {7,1} {8,1} {9,1} {10,1}

coeff: -0.0856278531
operators: {1,1} {3,1} {7,1} {9,3} {11,1}

coeff: -0.0237923241
operators: {1,1} {3,1} {7,1} {10,3} {11,1}

coeff: -0.0119192698
operators: {1,1} {3,1} {7,1} {11,5}

coeff: 0.518769027
operators: {1,1} {3,1} {8,5} {10,1}

coeff: -1.54604035
operators: {1,1} {3,1} {8,3} {9,1} {11,1}

coeff: 1.54197566
operators: {1,1} {3,1} {8,1} {9,3} {10,1}

coeff: 0.549758969
operators: {1,1} {3,1} {8,1} {10,5}

coeff: 1.62400061
operators: {1,1} {3,1} {8,1} {10,1} {11,3}

coeff: -0.512622535
operators: {1,1} {3,1} {9,5} {11,1}

coeff: -1.63871466
operators: {1,1} {3,1} {9,1} {10,3} {11,1}

coeff: -0.541617094
operators: {1,1} {3,1} {9,1} {11,5}

coeff: -0.0193766398
operators: {2,11}

coeff: -0.200585961
operators: {2,7} {3,3}

coeff: -0.0297476063
operators: {2,7} {4,3}

coeff: 0.00168689
operators: {2,7} {4,1} {10,1}

coeff: -0.0106956925
operators: {2,7} {5,3}

coeff: -0.0187544516
operators: {2,7} {5,1} {7,1}

coeff: -0.0290450763
operators: {2,7} {5,1} {9,1}

coeff: -0.0196657239
operators: {2,7} {6,3}

coeff: -0.0317261045
operators: {2,7} {6,1} {8,1}

coeff: -0.0108507065
operators: {2,7} {7,3}

coeff: -0.00752721458
operators: {2,7} {7,1} {9,1}

coeff: 0.132990481
operators: {2,7} {8,3}

coeff: 0.128482354
operators: {2,7} {9,3}

coeff: 0.142507922
operators: {2,7} {10,3}

coeff: 0.141403614
operators: {2,7} {11,3}

coeff: -0.134287268
operators: {2,5} {3,1} {4,1} {5,1}

coeff: -0.126202246
operators: {2,5} {3,1} {4,1} {7,1}

coeff: 0.0579460195
operators: {2,5} {3,1} {4,1} {9,1}

coeff: -0.0539689522
operators: {2,5} {3,1} {5,1} {10,1}

coeff: 0.0575745528
operators: {2,5} {3,1} {6,1} {11,1}

coeff: 0.00299137242
operators: {2,5} {3,1} {7,1} {10,1}

coeff: -0.97145994
operators: {2,5} {3,1} {8,1} {11,1}

coeff: 0.950192403
operators: {2,5} {3,1} {9,1} {10,1}

coeff: -0.149564751
operators: {2,3} {3,7}

coeff: -0.125887054
operators: {2,3} {3,3} {4,3}

coeff: 0.0491554497
operators: {2,3} {3,3} {4,1} {10,1}

coeff: -0.0625589694
operators: {2,3} {3,3} {5,3}

coeff: -0.122757713
operators: {2,3} {3,3} {5,1} {7,1}

coeff: -0.0375388256
operators: {2,3} {3,3} {5,1} {9,1}

coeff: -0.141760999
operators: {2,3} {3,3} {6,3}

coeff: -0.0422929251
operators: {2,3} {3,3} {6,1} {8,1}

coeff: -0.0756812854
operators: {2,3} {3,3} {7,3}

coeff: 0.0256140743
operators: {2,3} {3,3} {7,1} {9,1}

coeff: 0.61905515
operators: {2,3} {3,3} {8,3}

coeff: 0.593394957
operators: {2,3} {3,3} {9,3}

coeff: 0.650297696
operators: {2,3} {3,3} {10,3}

coeff: 0.662965297
operators: {2,3} {3,3} {11,3}

coeff: -0.0177000249
operators: {2,3} {4,7}

coeff: 0.0101656848
operators: {2,3} {4,5} {10,1}

coeff: -0.0509834028
operators: {2,3} {4,3} {5,3}

coeff: -0.0876074291
operators: {2,3} {4,3} {5,1} {7,1}

coeff: 0.0135012499
operators: {2,3} {4,3} {5,1} {9,1}

coeff: -0.111860205
operators: {2,3} {4,3} {6,3}

coeff: 0.014792479
operators: {2,3} {4,3} {6,1} {8,1}

coeff: -0.043961835
operators: {2,3} {4,3} {7,3}

coeff: 0.0257566453
operators: {2,3} {4,3} {7,1} {9,1}

coeff: 0.133813417
operators: {2,3} {4,3} {8,3}

coeff: 0.127674372
operators: {2,3} {4,3} {9,3}

coeff: 0.14185785
operators: {2,3} {4,3} {10,3}

coeff: 0.1420148
operators: {2,3} {4,3} {11,3}

coeff: -0.0129432642
operators: {2,3} {4,1} {5,3} {10,1}

coeff: 0.0441078052
operators: {2,3} {4,1} {5,1} {6,1} {11,1}

coeff: -0.00218817581
operators: {2,3} {4,1} {5,1} {7,1} {10,1}

coeff: -0.415434628
operators: {2,3} {4,1} {5,1} {8,1} {11,1}

coeff: 0.404121935
operators: {2,3} {4,1} {5,1} {9,1} {10,1}

coeff: -0.0214218002
operators: {2,3} {4,1} {6,3} {10,1}

coeff: 0.0048081785
operators: {2,3} {4,1} {6,1} {7,1} {11,1}

coeff: 0.608089209
operators: {2,3} {4,1} {6,1} {8,1} {10,1}

coeff: -0.611037458
operators: {2,3} {4,1} {6,1} {9,1} {11,1}

coeff: 0.0128981759
operators: {2,3} {4,1} {7,3} {10,1}

coeff: -0.433031244
operators: {2,3} {4,1} {7,1} {8,1} {11,1}

coeff: 0.417840465
operators: {2,3} {4,1} {7,1} {9,1} {10,1}

coeff: -0.0282421189
operators: {2,3} {4,1} {8,3} {10,1}

coeff: 0.0588944272
operators: {2,3} {4,1} {8,1} {9,1} {11,1}

coeff: -0.0389092836
operators: {2,3} {4,1} {9,3} {10,1}

coeff: 0.00519343986
operators: {2,3} {4,1} {10,5}

coeff: 0.0231805751
operators: {2,3} {4,1} {10,1} {11,3}

coeff: -0.00194654257
operators: {2,3} {5,7}

coeff: -0.00886636892
operators: {2,3} {5,5} {7,1}

coeff: -0.010782355
operators: {2,3} {5,5} {9,1}

coeff: -0.0306274003
operators: {2,3} {5,3} {6,3}

coeff: -0.0358827688
operators: {2,3} {5,3} {6,1} {8,1}

coeff: -0.0156967551
operators: {2,3} {5,3} {7,3}

coeff: -0.0236356655
operators: {2,3} {5,3} {7,1} {9,1}

coeff: 0.0628638102
operators: {2,3} {5,3} {8,3}

coeff: 0.0604677339
operators: {2,3} {5,3} {9,3}

coeff: 0.0707664575
operators: {2,3} {5,3} {10,3}

coeff: 0.0737426937
operators: {2,3} {5,3} {11,3}

coeff: -0.0662162335
operators: {2,3} {5,1} {6,3} {7,1}

coeff: -0.0470044818
operators: {2,3} {5,1} {6,3} {9,1}

coeff: -0.0512514238
operators: {2,3} {5,1} {6,1} {7,1} {8,1}

coeff: 0.381832017
operators: {2,3} {5,1} {6,1} {8,1} {9,1}

coeff: -0.454185474
operators: {2,3} {5,1} {6,1} {10,1} {11,1}

coeff: -0.0117606019
operators: {2,3} {5,1} {7,5}

coeff: -0.0145627857
operators: {2,3} {5,1} {7,3} {9,1}

coeff: 0.142173632
operators: {2,3} {5,1} {7,1} {8,3}

coeff: 0.139429341
operators: {2,3} {5,1} {7,1} {9,3}

coeff: 0.159945981
operators: {2,3} {5,1} {7,1} {10,3}

coeff: 0.165402685
operators: {2,3} {5,1} {7,1} {11,3}

coeff: 0.0368171907
operators: {2,3} {5,1} {8,3} {9,1}

coeff: -0.117264315
operators: {2,3} {5,1} {8,1} {10,1} {11,1}

coeff: 0.0106677448
operators: {2,3} {5,1} {9,5}

coeff: 0.0549640107
operators: {2,3} {5,1} {9,1} {10,3}

coeff: 0.0617408085
operators: {2,3} {5,1} {9,1} {11,3}

coeff: -0.0123250978
operators: {2,3} {6,7}

coeff: -0.0210715472
operators: {2,3} {6,5} {8,1}

coeff: -0.0390365876
operators: {2,3} {6,3} {7,3}

coeff: -0.0296210717
operators: {2,3} {6,3} {7,1} {9,1}

coeff: 0.141357749
operators: {2,3} {6,3} {8,3}

coeff: 0.135351548
operators: {2,3} {6,3} {9,3}

coeff: 0.165489051
operators: {2,3} {6,3} {10,3}

coeff: 0.163110529
operators: {2,3} {6,3} {11,3}

coeff: -0.0121284903
operators: {2,3} {6,1} {7,3} {8,1}

coeff: 0.41729907
operators: {2,3} {6,1} {7,1} {8,1} {9,1}

coeff: -0.489987043
operators: {2,3} {6,1} {7,1} {10,1} {11,1}

coeff: 0.00547972786
operators: {2,3} {6,1} {8,5}

coeff: 0.0151763062
operators: {2,3} {6,1} {8,1} {9,3}

coeff: 0.0503604092
operators: {2,3} {6,1} {8,1} {10,3}

coeff: 0.0530233007
operators: {2,3} {6,1} {8,1} {11,3}

coeff: -0.0916857981
operators: {2,3} {6,1} {9,1} {10,1} {11,1}

coeff: -0.00403507553
operators: {2,3} {7,7}

coeff: -0.00210427838
operators: {2,3} {7,5} {9,1}

coeff: 0.0723193543
operators: {2,3} {7,3} {8,3}

coeff: 0.067828274
operators: {2,3} {7,3} {9,3}

coeff: 0.0815380099
operators: {2,3} {7,3} {10,3}

coeff: 0.0832131967
operators: {2,3} {7,3} {11,3}

coeff: -0.0478872842
operators: {2,3} {7,1} {8,3} {9,1}

coeff: 0.0471779312
operators: {2,3} {7,1} {8,1} {10,1} {11,1}

coeff: -0.0231963226
operators: {2,3} {7,1} {9,5}

coeff: -0.032345201
operators: {2,3} {7,1} {9,1} {10,3}

coeff: -0.0262584872
operators: {2,3} {7,1} {9,1} {11,3}

coeff: -0.0716064296
operators: {2,3} {8,7}

coeff: -0.42786681
operators: {2,3} {8,3} {9,3}

coeff: -0.464504451
operators: {2,3} {8,3} {10,3}

coeff: -0.461390505
operators: {2,3} {8,3} {11,3}

coeff: 1.82531619
operators: {2,3} {8,1} {9,1} {10,1} {11,1}

coeff: -0.0785227197
operators: {2,3} {9,7}

coeff: -0.463590115
operators: {2,3} {9,3} {10,3}

coeff: -0.465327399
operators: {2,3} {9,3} {11,3}

coeff: -0.0812139501
operators: {2,3} {10,7}

coeff: -0.485875327
operators: {2,3} {10,3} {11,3}

coeff: -0.0838926834
operators: {2,3} {11,7}

coeff: -0.106860872
operators: {2,1} {3,5} {4,1} {5,1}

coeff: -0.095403227
operators: {2,1} {3,5} {4,1} {7,1}

coeff: 0.0495322236
operators: {2,1} {3,5} {4,1} {9,1}

coeff: -0.0307465243
operators: {2,1} {3,5} {5,1} {10,1}

coeff: 0.0253339777
operators: {2,1} {3,5} {6,1} {11,1}

coeff: 0.00583005246
operators: {2,1} {3,5} {7,1} {10,1}

coeff: -0.7471498
operators: {2,1} {3,5} {8,1} {11,1}

coeff: 0.725236307
operators: {2,1} {3,5} {9,1} {10,1}

coeff: -0.078591487
operators: {2,1} {3,1} {4,5} {5,1}

coeff: -0.0634880645
operators: {2,1} {3,1} {4,5} {7,1}

coeff: 0.0404855797
operators: {2,1} {3,1} {4,5} {9,1}

coeff: 0.0189421523
operators: {2,1} {3,1} {4,3} {5,1} {10,1}

coeff: -0.0233328007
operators: {2,1} {3,1} {4,3} {6,1} {11,1}

coeff: 0.0381546028
operators: {2,1} {3,1} {4,3} {7,1} {10,1}

coeff: -0.506214058
operators: {2,1} {3,1} {4,3} {8,1} {11,1}

coeff: 0.494194334
operators: {2,1} {3,1} {4,3} {9,1} {10,1}

coeff: -0.0425264875
operators: {2,1} {3,1} {4,1} {5,5}

coeff: -0.121212949
operators: {2,1} {3,1} {4,1} {5,3} {7,1}

coeff: 0.0137768987
operators: {2,1} {3,1} {4,1} {5,3} {9,1}

coeff: -0.275233192
operators: {2,1} {3,1} {4,1} {5,1} {6,3}

coeff: 0.00991768613
operators: {2,1} {3,1} {4,1} {5,1} {6,1} {8,1}

coeff: -0.124196645
operators: {2,1} {3,1} {4,1} {5,1} {7,3}

coeff: 0.0449772722
operators: {2,1} {3,1} {4,1} {5,1} {7,1} {9,1}

coeff: 0.359178716
operators: {2,1} {3,1} {4,1} {5,1} {8,3}

coeff: 0.351674711
operators: {2,1} {3,1} {4,1} {5,1} {9,3}

coeff: 0.38415993
operators: {2,1} {3,1} {4,1} {5,1} {10,3}

coeff: 0.388311252
operators: {2,1} {3,1} {4,1} {5,1} {11,3}

coeff: -0.280087044
operators: {2,1} {3,1} {4,1} {6,3} {7,1}

coeff: 0.0369276206
operators: {2,1} {3,1} {4,1} {6,3} {9,1}

coeff: 0.058708142
operators: {2,1} {3,1} {4,1} {6,1} {7,1} {8,1}

coeff: 1.05497517
operators: {2,1} {3,1} {4,1} {6,1} {8,1} {9,1}

coeff: -1.12979822
operators: {2,1} {3,1} {4,1} {6,1} {10,1} {11,1}

coeff: -0.0421783712
operators: {2,1} {3,1} {4,1} {7,5}

coeff: 0.0335349989
operators: {2,1} {3,1} {4,1} {7,3} {9,1}

coeff: 0.377913336
operators: {2,1} {3,1} {4,1} {7,1} {8,3}

coeff: 0.354546832
operators: {2,1} {3,1} {4,1} {7,1} {9,3}

coeff: 0.401723249
operators: {2,1} {3,1} {4,1} {7,1} {10,3}

coeff: 0.40183242
operators: {2,1} {3,1} {4,1} {7,1} {11,3}

coeff: -0.106971001
operators: {2,1} {3,1} {4,1} {8,3} {9,1}

coeff: 0.037023243
operators: {2,1} {3,1} {4,1} {8,1} {10,1} {11,1}

coeff: -0.0420871786
operators: {2,1} {3,1} {4,1} {9,5}

coeff: -0.0250032957
operators: {2,1} {3,1} {4,1} {9,1} {10,3}

coeff: -0.0198590403
operators: {2,1} {3,1} {4,1} {9,1} {11,3}

coeff: -0.0108001205
operators: {2,1} {3,1} {5,5} {10,1}

coeff: 0.0430140619
operators: {2,1} {3,1} {5,3} {6,1} {11,1}

coeff: -0.0195888257
operators: {2,1} {3,1} {5,3} {7,1} {10,1}

coeff: -0.261200987
operators: {2,1} {3,1} {5,3} {8,1} {11,1}

coeff: 0.256564974
operators: {2,1} {3,1} {5,3} {9,1} {10,1}

coeff: -0.0459864803
operators: {2,1} {3,1} {5,1} {6,3} {10,1}

coeff: 0.0454711649
operators: {2,1} {3,1} {5,1} {6,1} {7,1} {11,1}

coeff: 0.773425325
operators: {2,1} {3,1} {5,1} {6,1} {8,1} {10,1}

coeff: -0.773312595
operators: {2,1} {3,1} {5,1} {6,1} {9,1} {11,1}

coeff: 0.00250715
operators: {2,1} {3,1} {5,1} {7,3} {10,1}

coeff: -0.562212701
operators: {2,1} {3,1} {5,1} {7,1} {8,1} {11,1}

coeff: 0.551920783
operators: {2,1} {3,1} {5,1} {7,1} {9,1} {10,1}

coeff: 0.0706218391
operators: {2,1} {3,1} {5,1} {8,3} {10,1}

coeff: -0.114495064
operators: {2,1} {3,1} {5,1} {8,1} {9,1} {11,1}

coeff: 0.0511915279
operators: {2,1} {3,1} {5,1} {9,3} {10,1}

coeff: 0.043725499
operators: {2,1} {3,1} {5,1} {10,5}

coeff: 0.115229568
operators: {2,1} {3,1} {5,1} {10,1} {11,3}

coeff: 0.0211820584
operators: {2,1} {3,1} {6,5} {11,1}

coeff: -0.0131336528
operators: {2,1} {3,1} {6,3} {7,1} {10,1}

coeff: -0.57922065
operators: {2,1} {3,1} {6,3} {8,1} {11,1}

coeff: 0.577402262
operators: {2,1} {3,1} {6,3} {9,1} {10,1}

coeff: -0.0072938415
operators: {2,1} {3,1} {6,1} {7,3} {11,1}

coeff: 0.845796106
operators: {2,1} {3,1} {6,1} {7,1} {8,1} {10,1}

coeff: -0.82558269
operators: {2,1} {3,1} {6,1} {7,1} {9,1} {11,1}

coeff: -0.0347268119
operators: {2,1} {3,1} {6,1} {8,3} {11,1}

coeff: 0.0481320286
operators: {2,1} {3,1} {6,1} {8,1} {9,1} {10,1}

coeff: -0.0118927446
operators: {2,1} {3,1} {6,1} {9,3} {11,1}

coeff: -0.121009939
operators: {2,1} {3,1} {6,1} {10,3} {11,1}

coeff: -0.0362788532
operators: {2,1} {3,1} {6,1} {11,5}

coeff: 0.00473585238
operators: {2,1} {3,1} {7,5} {10,1}

coeff: -0.300489187
operators: {2,1} {3,1} {7,3} {8,1} {11,1}

coeff: 0.294832062
operators: {2,1} {3,1} {7,3} {9,1} {10,1}

coeff: -0.0797219033
operators: {2,1} {3,1} {7,1} {8,3} {10,1}

coeff: 0.157971337
operators: {2,1} {3,1} {7,1} {8,1} {9,1} {11,1}

coeff: -0.0948934986
operators: {2,1} {3,1} {7,1} {9,3} {10,1}

coeff: -0.0155863414
operators: {2,1} {3,1} {7,1} {10,5}

coeff: -0.0245765016
operators: {2,1} {3,1} {7,1} {10,1} {11,3}

coeff: 0.525177002
operators: {2,1} {3,1} {8,5} {11,1}

coeff: -1.58115662
operators: {2,1} {3,1} {8,3} {9,1} {10,1}

coeff: 1.56975861
operators: {2,1} {3,1} {8,1} {9,3} {11,1}

coeff: 1.68471774
operators: {2,1} {3,1} {8,1} {10,3} {11,1}

coeff: 0.552331792
operators: {2,1} {3,1} {8,1} {11,5}

coeff: -0.523696582
operators: {2,1} {3,1} {9,5} {10,1}

coeff: -0.564474874
operators: {2,1} {3,1} {9,1} {10,5}

coeff: -1.67148391
operators: {2,1} {3,1} {9,1} {10,1} {11,3}

coeff: -0.00815873316
operators: {3,11}

coeff: -0.0184880356
operators: {3,7} {4,3}

coeff: 0.00780181965
operators: {3,7} {4,1} {10,1}

coeff: -0.00633449127
operators: {3,7} {5,3}

coeff: -0.0119937621
operators: {3,7} {5,1} {7,1}

coeff: 0.000300487943
operators: {3,7} {5,1} {9,1}

coeff: -0.0140882938
operators: {3,7} {6,3}

coeff: 0.00519410521
operators: {3,7} {6,1} {8,1}

coeff: -0.00902140884
operators: {3,7} {7,3}

coeff: 0.00664288589
operators: {3,7} {7,1} {9,1}

coeff: 0.0828903333
operators: {3,7} {8,3}

coeff: 0.0753241365
operators: {3,7} {9,3}

coeff: 0.0807556871
operators: {3,7} {10,3}

coeff: 0.0816753175
operators: {3,7} {11,3}

coeff: -0.0145161807
operators: {3,3} {4,7}

coeff: 0.0115437168
operators: {3,3} {4,5} {10,1}

coeff: -0.0371811683
operators: {3,3} {4,3} {5,3}

coeff: -0.0619008333
operators: {3,3} {4,3} {5,1} {7,1}

coeff: 0.0230196872
operators: {3,3} {4,3} {5,1} {9,1}

coeff: -0.0797101664
operators: {3,3} {4,3} {6,3}

coeff: 0.0298901819
operators: {3,3} {4,3} {6,1} {8,1}

coeff: -0.0338690188
operators: {3,3} {4,3} {7,3}

coeff: 0.0292731628
operators: {3,3} {4,3} {7,1} {9,1}

coeff: 0.108154016
operators: {3,3} {4,3} {8,3}

coeff: 0.101466798
operators: {3,3} {4,3} {9,3}

coeff: 0.110876931
operators: {3,3} {4,3} {10,3}

coeff: 0.108358235
operators: {3,3} {4,3} {11,3}

coeff: -0.00361672334
operators: {3,3} {4,1} {5,3} {10,1}

coeff: 0.0122265404
operators: {3,3} {4,1} {5,1} {6,1} {11,1}

coeff: 0.00789781394
operators: {3,3} {4,1} {5,1} {7,1} {10,1}

coeff: -0.318796033
operators: {3,3} {4,1} {5,1} {8,1} {11,1}

coeff: 0.313696792
operators: {3,3} {4,1} {5,1} {9,1} {10,1}

coeff: -0.00633471925
operators: {3,3} {4,1} {6,3} {10,1}

coeff: -0.010275294
operators: {3,3} {4,1} {6,1} {7,1} {11,1}

coeff: 0.468563487
operators: {3,3} {4,1} {6,1} {8,1} {10,1}

coeff: -0.46266126
operators: {3,3} {4,1} {6,1} {9,1} {11,1}

coeff: 0.0106410355
operators: {3,3} {4,1} {7,3} {10,1}

coeff: -0.334242925
operators: {3,3} {4,1} {7,1} {8,1} {11,1}

coeff: 0.322535073
operators: {3,3} {4,1} {7,1} {9,1} {10,1}

coeff: -0.0300537178
operators: {3,3} {4,1} {8,3} {10,1}

coeff: 0.0679164132
operators: {3,3} {4,1} {8,1} {9,1} {11,1}

coeff: -0.03915438
operators: {3,3} {4,1} {9,3} {10,1}

coeff: 0.00472803605
operators: {3,3} {4,1} {10,5}

coeff: 0.0131810346
operators: {3,3} {4,1} {10,1} {11,3}

coeff: -0.00369736301
operators: {3,3} {5,7}

coeff: -0.011137996
operators: {3,3} {5,5} {7,1}

coeff: -0.0027110792
operators: {3,3} {5,5} {9,1}

coeff: -0.0315288295
operators: {3,3} {5,3} {6,3}

coeff: -0.0166715025
operators: {3,3} {5,3} {6,1} {8,1}

coeff: -0.0165786826
operators: {3,3} {5,3} {7,3}

coeff: -0.00683946622
operators: {3,3} {5,3} {7,1} {9,1}

coeff: 0.0480991956
operators: {3,3} {5,3} {8,3}

coeff: 0.0442699399
operators: {3,3} {5,3} {9,3}

coeff: 0.057770308
operators: {3,3} {5,3} {10,3}

coeff: 0.0571057232
operators: {3,3} {5,3} {11,3}

coeff: -0.0640978658
operators: {3,3} {5,1} {6,3} {7,1}

coeff: -0.0201617077
operators: {3,3} {5,1} {6,3} {9,1}

coeff: -0.0149006652
operators: {3,3} {5,1} {6,1} {7,1} {8,1}

coeff: 0.292254641
operators: {3,3} {5,1} {6,1} {8,1} {9,1}

coeff: -0.357509943
operators: {3,3} {5,1} {6,1} {10,1} {11,1}

coeff: -0.0134960387
operators: {3,3} {5,1} {7,5}

coeff: 0.000988844125
operators: {3,3} {5,1} {7,3} {9,1}

coeff: 0.104088363
operators: {3,3} {5,1} {7,1} {8,3}

coeff: 0.101229768
operators: {3,3} {5,1} {7,1} {9,3}

coeff: 0.126824593
operators: {3,3} {5,1} {7,1} {10,3}

coeff: 0.124858246
operators: {3,3} {5,1} {7,1} {11,3}

coeff: -0.000880050781
operators: {3,3} {5,1} {8,3} {9,1}

coeff: -0.0799798195
operators: {3,3} {5,1} {8,1} {10,1} {11,1}

coeff: 0.000296033646
operators: {3,3} {5,1} {9,5}

coeff: 0.0377895158
operators: {3,3} {5,1} {9,1} {10,3}

coeff: 0.0360082506
operators: {3,3} {5,1} {9,1} {11,3}

coeff: -0.0138052221
operators: {3,3} {6,7}

coeff: -0.010252131
operators: {3,3} {6,5} {8,1}

coeff: -0.0403164366
operators: {3,3} {6,3} {7,3}

coeff: -0.0103830665
operators: {3,3} {6,3} {7,1} {9,1}

coeff: 0.10634212
operators: {3,3} {6,3} {8,3}

coeff: 0.103123813
operators: {3,3} {6,3} {9,3}

coeff: 0.131029649
operators: {3,3} {6,3} {10,3}

coeff: 0.129852019
operators: {3,3} {6,3} {11,3}

coeff: 0.00825542384
operators: {3,3} {6,1} {7,3} {8,1}

coeff: 0.314941533
operators: {3,3} {6,1} {7,1} {8,1} {9,1}

coeff: -0.382770802
operators: {3,3} {6,1} {7,1} {10,1} {11,1}

coeff: -0.00837229894
operators: {3,3} {6,1} {8,5}

coeff: -0.0280333381
operators: {3,3} {6,1} {8,1} {9,3}

coeff: 0.0353965148
operators: {3,3} {6,1} {8,1} {10,3}

coeff: 0.0338312203
operators: {3,3} {6,1} {8,1} {11,3}

coeff: -0.0576333132
operators: {3,3} {6,1} {9,1} {10,1} {11,1}

coeff: -0.00492595766
operators: {3,3} {7,7}

coeff: 0.00097923151
operators: {3,3} {7,5} {9,1}

coeff: 0.0534454075
operators: {3,3} {7,3} {8,3}

coeff: 0.0525334877
operators: {3,3} {7,3} {9,3}

coeff: 0.0663328346
operators: {3,3} {7,3} {10,3}

coeff: 0.0661167935
operators: {3,3} {7,3} {11,3}

coeff: -0.0619866889
operators: {3,3} {7,1} {8,3} {9,1}

coeff: 0.0320462718
operators: {3,3} {7,1} {8,1} {10,1} {11,1}

coeff: -0.0246532229
operators: {3,3} {7,1} {9,5}

coeff: -0.0250532146
operators: {3,3} {7,1} {9,1} {10,3}

coeff: -0.0220597999
operators: {3,3} {7,1} {9,1} {11,3}

coeff: -0.0589297703
operators: {3,3} {8,7}

coeff: -0.34041917
operators: {3,3} {8,3} {9,3}

coeff: -0.36535456
operators: {3,3} {8,3} {10,3}

coeff: -0.361092243
operators: {3,3} {8,3} {11,3}

coeff: 1.43033441
operators: {3,3} {8,1} {9,1} {10,1} {11,1}

coeff: -0.0615445209
operators: {3,3} {9,7}

coeff: -0.361547037
operators: {3,3} {9,3} {10,3}

coeff: -0.357934823
operators: {3,3} {9,3} {11,3}

coeff: -0.0646570554
operators: {3,3} {10,7}

coeff: -0.380926634
operators: {3,3} {10,3} {11,3}

coeff: -0.0646236053
operators: {3,3} {11,7}

coeff: -0.00470500959
operators: {4,11}

coeff: 0.00238029309
operators: {4,9} {10,1}

coeff: -0.0218834666
operators: {4,7} {5,3}

coeff: -0.0413978195
operators: {4,7} {5,1} {7,1}

coeff: 0.0128962791
operators: {4,7} {5,1} {9,1}

coeff: -0.0526806207
operators: {4,7} {6,3}

coeff: 0.0192420919
operators: {4,7} {6,1} {8,1}

coeff: -0.0177112639
operators: {4,7} {7,3}

coeff: 0.0174306915
operators: {4,7} {7,1} {9,1}

coeff: 0.0349163472
operators: {4,7} {8,3}

coeff: 0.0331217805
operators: {4,7} {9,3}

coeff: 0.0354931929
operators: {4,7} {10,3}

coeff: 0.0358253953
operators: {4,7} {11,3}

coeff: -0.0013681691
operators: {4,5} {5,3} {10,1}

coeff: 5.31636458e-05
operators: {4,5} {5,1} {6,1} {11,1}

coeff: 0.0150796553
operators: {4,5} {5,1} {7,1} {10,1}

coeff: -0.216210953
operators: {4,5} {5,1} {8,1} {11,1}

coeff: 0.213341301
operators: {4,5} {5,1} {9,1} {10,1}

coeff: -0.00124563475
operators: {4,5} {6,3} {10,1}

coeff: -0.02139452
operators: {4,5} {6,1} {7,1} {11,1}

coeff: 0.31827357
operators: {4,5} {6,1} {8,1} {10,1}

coeff: -0.314529837
operators: {4,5} {6,1} {9,1} {11,1}

coeff: 0.0170911637
operators: {4,5} {7,3} {10,1}

coeff: -0.221881879
operators: {4,5} {7,1} {8,1} {11,1}

coeff: 0.214803902
operators: {4,5} {7,1} {9,1} {10,1}

coeff: -0.0223183037
operators: {4,5} {8,3} {10,1}

coeff: 0.0479468017
operators: {4,5} {8,1} {9,1} {11,1}

coeff: -0.0250448662
operators: {4,5} {9,3} {10,1}

coeff: 0.00306660214
operators: {4,5} {10,5}

coeff: 0.00646432601
operators: {4,5} {10,1} {11,3}

coeff: -0.0125281965
operators: {4,3} {5,7}

coeff: -0.0426206684
operators: {4,3} {5,5} {7,1}

coeff: -0.000718699417
operators: {4,3} {5,5} {9,1}

coeff: -0.141794815
operators: {4,3} {5,3} {6,3}

coeff: -0.00207326528
operators: {4,3} {5,3} {6,1} {8,1}

coeff: -0.0716844475
operators: {4,3} {5,3} {7,3}

coeff: 0.0191632171
operators: {4,3} {5,3} {7,1} {9,1}

coeff: 0.1103655
operators: {4,3} {5,3} {8,3}

coeff: 0.108301758
operators: {4,3} {5,3} {9,3}

coeff: 0.121350089
operators: {4,3} {5,3} {10,3}

coeff: 0.120989327
operators: {4,3} {5,3} {11,3}

coeff: -0.284590591
operators: {4,3} {5,1} {6,3} {7,1}

coeff: 0.00860724616
operators: {4,3} {5,1} {6,3} {9,1}

coeff: 0.0315294431
operators: {4,3} {5,1} {6,1} {7,1} {8,1}

coeff: 0.664154318
operators: {4,3} {5,1} {6,1} {8,1} {9,1}

coeff: -0.733936971
operators: {4,3} {5,1} {6,1} {10,1} {11,1}

coeff: -0.0392774732
operators: {4,3} {5,1} {7,5}

coeff: 0.024902047
operators: {4,3} {5,1} {7,3} {9,1}

coeff: 0.23445716
operators: {4,3} {5,1} {7,1} {8,3}

coeff: 0.223265878
operators: {4,3} {5,1} {7,1} {9,3}

coeff: 0.257460163
operators: {4,3} {5,1} {7,1} {10,3}

coeff: 0.259128057
operators: {4,3} {5,1} {7,1} {11,3}

coeff: -0.0463728905
operators: {4,3} {5,1} {8,3} {9,1}

coeff: -0.0356157412
operators: {4,3} {5,1} {8,1} {10,1} {11,1}

coeff: -0.0158373247
operators: {4,3} {5,1} {9,5}

coeff: 0.0149510133
operators: {4,3} {5,1} {9,1} {10,3}

coeff: 0.0129171806
operators: {4,3} {5,1} {9,1} {11,3}

coeff: -0.0577387174
operators: {4,3} {6,7}

coeff: 0.00434163638
operators: {4,3} {6,5} {8,1}

coeff: -0.148888277
operators: {4,3} {6,3} {7,3}

coeff: 0.0369688426
operators: {4,3} {6,3} {7,1} {9,1}

coeff: 0.241201632
operators: {4,3} {6,3} {8,3}

coeff: 0.237118304
operators: {4,3} {6,3} {9,3}

coeff: 0.26626434
operators: {4,3} {6,3} {10,3}

coeff: 0.264685881
operators: {4,3} {6,3} {11,3}

coeff: 0.0464778702
operators: {4,3} {6,1} {7,3} {8,1}

coeff: 0.674878008
operators: {4,3} {6,1} {7,1} {8,1} {9,1}

coeff: -0.762473005
operators: {4,3} {6,1} {7,1} {10,1} {11,1}

coeff: -0.0232713978
operators: {4,3} {6,1} {8,5}

coeff: -0.0901230327
operators: {4,3} {6,1} {8,1} {9,3}

coeff: 0.0117691634
operators: {4,3} {6,1} {8,1} {10,3}

coeff: 0.0131142266
operators: {4,3} {6,1} {8,1} {11,3}

coeff: -0.00165798387
operators: {4,3} {6,1} {9,1} {10,1} {11,1}

coeff: -0.0128342574
operators: {4,3} {7,7}

coeff: 0.0146528427
operators: {4,3} {7,5} {9,1}

coeff: 0.1179733
operators: {4,3} {7,3} {8,3}

coeff: 0.110732769
operators: {4,3} {7,3} {9,3}

coeff: 0.134848109
operators: {4,3} {7,3} {10,3}

coeff: 0.133036789
operators: {4,3} {7,3} {11,3}

coeff: -0.0901131085
operators: {4,3} {7,1} {8,3} {9,1}

coeff: 0.044081261
operators: {4,3} {7,1} {8,1} {10,1} {11,1}

coeff: -0.0363888029
operators: {4,3} {7,1} {9,5}

coeff: -0.0335647316
operators: {4,3} {7,1} {9,1} {10,3}

coeff: -0.0297435667
operators: {4,3} {7,1} {9,1} {11,3}

coeff: -0.0390310711
operators: {4,3} {8,7}

coeff: -0.223933377
operators: {4,3} {8,3} {9,3}

coeff: -0.243531998
operators: {4,3} {8,3} {10,3}

coeff: -0.241098781
operators: {4,3} {8,3} {11,3}

coeff: 0.957675519
operators: {4,3} {8,1} {9,1} {10,1} {11,1}

coeff: -0.038566271
operators: {4,3} {9,7}

coeff: -0.241843351
operators: {4,3} {9,3} {10,3}

coeff: -0.239861578
operators: {4,3} {9,3} {11,3}

coeff: -0.0434934978
operators: {4,3} {10,7}

coeff: -0.254372816
operators: {4,3} {10,3} {11,3}

coeff: -0.0447432059
operators: {4,3} {11,7}

coeff: -0.00532413808
operators: {4,1} {5,7} {10,1}

coeff: 0.0229008167
operators: {4,1} {5,5} {6,1} {11,1}

coeff: -0.010508907
operators: {4,1} {5,5} {7,1} {10,1}

coeff: -0.111994542
operators: {4,1} {5,5} {8,1} {11,1}

coeff: 0.113123821
operators: {4,1} {5,5} {9,1} {10,1}

coeff: -0.0462807396
operators: {4,1} {5,3} {6,3} {10,1}

coeff: 0.0484854419
operators: {4,1} {5,3} {6,1} {7,1} {11,1}

coeff: 0.499456721
operators: {4,1} {5,3} {6,1} {8,1} {10,1}

coeff: -0.504153524
operators: {4,1} {5,3} {6,1} {9,1} {11,1}

coeff: -0.00713789322
operators: {4,1} {5,3} {7,3} {10,1}

coeff: -0.359626398
operators: {4,1} {5,3} {7,1} {8,1} {11,1}

coeff: 0.35375532
operators: {4,1} {5,3} {7,1} {9,1} {10,1}

coeff: 0.0204630823
operators: {4,1} {5,3} {8,3} {10,1}

coeff: -0.0299535728
operators: {4,1} {5,3} {8,1} {9,1} {11,1}

coeff: 0.0115850574
operators: {4,1} {5,3} {9,3} {10,1}

coeff: 0.0205122459
operators: {4,1} {5,3} {10,5}

coeff: 0.055946874
operators: {4,1} {5,3} {10,1} {11,3}

coeff: 0.0413870153
operators: {4,1} {5,1} {6,5} {11,1}

coeff: -0.0551432077
operators: {4,1} {5,1} {6,3} {7,1} {10,1}

coeff: -0.743840951
operators: {4,1} {5,1} {6,3} {8,1} {11,1}

coeff: 0.747561929
operators: {4,1} {5,1} {6,3} {9,1} {10,1}

coeff: 0.00727565931
operators: {4,1} {5,1} {6,1} {7,3} {11,1}

coeff: 1.06505636
operators: {4,1} {5,1} {6,1} {7,1} {8,1} {10,1}

coeff: -1.05119339
operators: {4,1} {5,1} {6,1} {7,1} {9,1} {11,1}

coeff: -0.0314475977
operators: {4,1} {5,1} {6,1} {8,3} {11,1}

coeff: 0.0310066814
operators: {4,1} {5,1} {6,1} {8,1} {9,1} {10,1}

coeff: -0.00527165106
operators: {4,1} {5,1} {6,1} {9,3} {11,1}

coeff: -0.137579282
operators: {4,1} {5,1} {6,1} {10,3} {11,1}

coeff: -0.0469344351
operators: {4,1} {5,1} {6,1} {11,5}

coeff: 0.0122323424
operators: {4,1} {5,1} {7,5} {10,1}

coeff: -0.377902219
operators: {4,1} {5,1} {7,3} {8,1} {11,1}

coeff: 0.366536896
operators: {4,1} {5,1} {7,3} {9,1} {10,1}

coeff: -0.0215472007
operators: {4,1} {5,1} {7,1} {8,3} {10,1}

coeff: 0.0601847244
operators: {4,1} {5,1} {7,1} {8,1} {9,1} {11,1}

coeff: -0.0376713551
operators: {4,1} {5,1} {7,1} {9,3} {10,1}

coeff: 0.01691335
operators: {4,1} {5,1} {7,1} {10,5}

coeff: 0.0498729804
operators: {4,1} {5,1} {7,1} {10,1} {11,3}

coeff: 0.223417088
operators: {4,1} {5,1} {8,5} {11,1}

coeff: -0.677099389
operators: {4,1} {5,1} {8,3} {9,1} {10,1}

coeff: 0.675173884
operators: {4,1} {5,1} {8,1} {9,3} {11,1}

coeff: 0.722042943
operators: {4,1} {5,1} {8,1} {10,3} {11,1}

coeff: 0.239231898
operators: {4,1} {5,1} {8,1} {11,5}

coeff: -0.224772424
operators: {4,1} {5,1} {9,5} {10,1}

coeff: -0.241983087
operators: {4,1} {5,1} {9,1} {10,5}

coeff: -0.723579677
operators: {4,1} {5,1} {9,1} {10,1} {11,3}

coeff: -0.0145059308
operators: {4,1} {6,7} {10,1}

coeff: 0.0190843658
operators: {4,1} {6,5} {7,1} {11,1}

coeff: 0.36894097
operators: {4,1} {6,5} {8,1} {10,1}

coeff: -0.365153798
operators: {4,1} {6,5} {9,1} {11,1}

coeff: 0.00345176459
operators: {4,1} {6,3} {7,3} {10,1}

coeff: -0.787267954
operators: {4,1} {6,3} {7,1} {8,1} {11,1}

coeff: 0.783282226
operators: {4,1} {6,3} {7,1} {9,1} {10,1}

coeff: 0.00129918431
operators: {4,1} {6,3} {8,3} {10,1}

coeff: 0.0123938282
operators: {4,1} {6,3} {8,1} {9,1} {11,1}

coeff: -0.0163222519
operators: {4,1} {6,3} {9,3} {10,1}

coeff: 0.0255537567
operators: {4,1} {6,3} {10,5}

coeff: 0.078437712
operators: {4,1} {6,3} {10,1} {11,3}

coeff: -0.0131513156
operators: {4,1} {6,1} {7,5} {11,1}

coeff: 0.558401158
operators: {4,1} {6,1} {7,3} {8,1} {10,1}

coeff: -0.549576855
operators: {4,1} {6,1} {7,3} {9,1} {11,1}

coeff: 0.0613155537
operators: {4,1} {6,1} {7,1} {8,3} {11,1}

coeff: -0.141662067
operators: {4,1} {6,1} {7,1} {8,1} {9,1} {10,1}

coeff: 0.0837654974
operators: {4,1} {6,1} {7,1} {9,3} {11,1}

coeff: -0.0455488716
operators: {4,1} {6,1} {7,1} {10,3} {11,1}

coeff: -0.0115489531
operators: {4,1} {6,1} {7,1} {11,5}

coeff: -0.335851971
operators: {4,1} {6,1} {8,5} {10,1}

coeff: 1.00067561
operators: {4,1} {6,1} {8,3} {9,1} {11,1}

coeff: -1.00338182
operators: {4,1} {6,1} {8,1} {9,3} {10,1}

coeff: -0.360899524
operators: {4,1} {6,1} {8,1} {10,5}

coeff: -1.07282649
operators: {4,1} {6,1} {8,1} {10,1} {11,3}

coeff: 0.330007641
operators: {4,1} {6,1} {9,5} {11,1}

coeff: 1.07801451
operators: {4,1} {6,1} {9,1} {10,3} {11,1}

coeff: 0.355507125
operators: {4,1} {6,1} {9,1} {11,5}

coeff: 0.00310857451
operators: {4,1} {7,7} {10,1}

coeff: -0.130302808
operators: {4,1} {7,5} {8,1} {11,1}

coeff: 0.129643224
operators: {4,1} {7,5} {9,1} {10,1}

coeff: -0.0457920069
operators: {4,1} {7,3} {8,3} {10,1}

coeff: 0.0969811721
operators: {4,1} {7,3} {8,1} {9,1} {11,1}

coeff: -0.0545832249
operators: {4,1} {7,3} {9,3} {10,1}

coeff: -0.00568279778
operators: {4,1} {7,3} {10,5}

coeff: -0.0104292604
operators: {4,1} {7,3} {10,1} {11,3}

coeff: 0.236537562
operators: {4,1} {7,1} {8,5} {11,1}

coeff: -0.708089632
operators: {4,1} {7,1} {8,3} {9,1} {10,1}

coeff: 0.701774512
operators: {4,1} {7,1} {8,1} {9,3} {11,1}

coeff: 0.769857053
operators: {4,1} {7,1} {8,1} {10,3} {11,1}

coeff: 0.254239628
operators: {4,1} {7,1} {8,1} {11,5}

coeff: -0.23301056
operators: {4,1} {7,1} {9,5} {10,1}

coeff: -0.258810547
operators: {4,1} {7,1} {9,1} {10,5}

coeff: -0.765276681
operators: {4,1} {7,1} {9,1} {10,1} {11,3}

coeff: 0.0118068103
operators: {4,1} {8,7} {10,1}

coeff: -0.0527155409
operators: {4,1} {8,5} {9,1} {11,1}

coeff: 0.0828190042
operators: {4,1} {8,3} {9,3} {10,1}

coeff: -0.00233248791
operators: {4,1} {8,3} {10,5}

coeff: -0.0122661493
operators: {4,1} {8,3} {10,1} {11,3}

coeff: -0.0606300556
operators: {4,1} {8,1} {9,5} {11,1}

coeff: 0.00735416619
operators: {4,1} {8,1} {9,1} {10,3} {11,1}

coeff: 0.00357020402
operators: {4,1} {8,1} {9,1} {11,5}

coeff: 0.0167062975
operators: {4,1} {9,7} {10,1}

coeff: 0.00295519012
operators: {4,1} {9,3} {10,5}

coeff: 0.00492416412
operators: {4,1} {9,3} {10,1} {11,3}

coeff: -0.00280612019
operators: {4,1} {10,9}

coeff: -0.0269338109
operators: {4,1} {10,5} {11,3}

coeff: -0.0150449992
operators: {4,1} {10,1} {11,7}

coeff: 0.000333593397
operators: {5,11}

coeff: -0.00106640211
operators: {5,9} {7,1}

coeff: -0.00142164732
operators: {5,9} {9,1}

coeff: -0.00554537326
operators: {5,7} {6,3}

coeff: -0.00726726113
operators: {5,7} {6,1} {8,1}

coeff: 0.00167929131
operators: {5,7} {7,3}

coeff: -0.0072385924
operators: {5,7} {7,1} {9,1}

coeff: 0.00779238956
operators: {5,7} {8,3}

coeff: 0.00907119157
operators: {5,7} {9,3}

coeff: 0.00991213307
operators: {5,7} {10,3}

coeff: 0.0105052345
operators: {5,7} {11,3}

coeff: -0.0241160945
operators: {5,5} {6,3} {7,1}

coeff: -0.0155426368
operators: {5,5} {6,3} {9,1}

coeff: -0.0242093825
operators: {5,5} {6,1} {7,1} {8,1}

coeff: 0.100143143
operators: {5,5} {6,1} {8,1} {9,1}

coeff: -0.122769989
operators: {5,5} {6,1} {10,1} {11,1}

coeff: -0.00823568719
operators: {5,5} {7,5}

coeff: -0.00461032822
operators: {5,5} {7,3} {9,1}

coeff: 0.0353767372
operators: {5,5} {7,1} {8,3}

coeff: 0.0338360892
operators: {5,5} {7,1} {9,3}

coeff: 0.0429626568
operators: {5,5} {7,1} {10,3}

coeff: 0.0440635931
operators: {5,5} {7,1} {11,3}

coeff: 0.00984046095
operators: {5,5} {8,3} {9,1}

coeff: -0.0312443874
operators: {5,5} {8,1} {10,1} {11,1}

coeff: 0.00350962815
operators: {5,5} {9,5}

coeff: 0.0151356528
operators: {5,5} {9,1} {10,3}

coeff: 0.0155105469
operators: {5,5} {9,1} {11,3}

coeff: -0.0132041392
operators: {5,3} {6,7}

coeff: -0.0211009409
operators: {5,3} {6,5} {8,1}

coeff: -0.0398859354
operators: {5,3} {6,3} {7,3}

coeff: -0.0396385353
operators: {5,3} {6,3} {7,1} {9,1}

coeff: 0.110703128
operators: {5,3} {6,3} {8,3}

coeff: 0.11000281
operators: {5,3} {6,3} {9,3}

coeff: 0.135673937
operators: {5,3} {6,3} {10,3}

coeff: 0.135866732
operators: {5,3} {6,3} {11,3}

coeff: -0.0223331664
operators: {5,3} {6,1} {7,3} {8,1}

coeff: 0.319610599
operators: {5,3} {6,1} {7,1} {8,1} {9,1}

coeff: -0.395737887
operators: {5,3} {6,1} {7,1} {10,1} {11,1}

coeff: 0.0120487283
operators: {5,3} {6,1} {8,5}

coeff: 0.024281524
operators: {5,3} {6,1} {8,1} {9,3}

coeff: 0.0580810675
operators: {5,3} {6,1} {8,1} {10,3}

coeff: 0.0578469723
operators: {5,3} {6,1} {8,1} {11,3}

coeff: -0.102547431
operators: {5,3} {6,1} {9,1} {10,1} {11,1}

coeff: 0.00400512454
operators: {5,3} {7,7}

coeff: -0.00912569461
operators: {5,3} {7,5} {9,1}

coeff: 0.0595771333
operators: {5,3} {7,3} {8,3}

coeff: 0.0603817395
operators: {5,3} {7,3} {9,3}

coeff: 0.0724278204
operators: {5,3} {7,3} {10,3}

coeff: 0.0743999187
operators: {5,3} {7,3} {11,3}

coeff: 0.00486995662
operators: {5,3} {7,1} {8,3} {9,1}

coeff: -0.0522495796
operators: {5,3} {7,1} {8,1} {10,1} {11,1}

coeff: -0.000563748677
operators: {5,3} {7,1} {9,5}

coeff: 0.0191196837
operators: {5,3} {7,1} {9,1} {10,3}

coeff: 0.0234897676
operators: {5,3} {7,1} {9,1} {11,3}

coeff: -0.0180428809
operators: {5,3} {8,7}

coeff: -0.11337216
operators: {5,3} {8,3} {9,3}

coeff: -0.122622927
operators: {5,3} {8,3} {10,3}

coeff: -0.12417471
operators: {5,3} {8,3} {11,3}

coeff: 0.504967814
operators: {5,3} {8,1} {9,1} {10,1} {11,1}

coeff: -0.0167555998
operators: {5,3} {9,7}

coeff: -0.125921585
operators: {5,3} {9,3} {10,3}

coeff: -0.124465945
operators: {5,3} {9,3} {11,3}

coeff: -0.0207852423
operators: {5,3} {10,7}

coeff: -0.128220813
operators: {5,3} {10,3} {11,3}

coeff: -0.0208682374
operators: {5,3} {11,7}

coeff: -0.0276063304
operators: {5,1} {6,7} {7,1}

coeff: -0.0156640763
operators: {5,1} {6,7} {9,1}

coeff: -0.0322673764
operators: {5,1} {6,5} {7,1} {8,1}

coeff: 0.223758329
operators: {5,1} {6,5} {8,1} {9,1}

coeff: -0.274525751
operators: {5,1} {6,5} {10,1} {11,1}

coeff: -0.0294221852
operators: {5,1} {6,3} {7,5}

coeff: -0.0233723029
operators: {5,1} {6,3} {7,3} {9,1}

coeff: 0.239528124
operators: {5,1} {6,3} {7,1} {8,3}

coeff: 0.237140919
operators: {5,1} {6,3} {7,1} {9,3}

coeff: 0.295814598
operators: {5,1} {6,3} {7,1} {10,3}

coeff: 0.295464307
operators: {5,1} {6,3} {7,1} {11,3}

coeff: 0.0243680795
operators: {5,1} {6,3} {8,3} {9,1}

coeff: -0.135008467
operators: {5,1} {6,3} {8,1} {10,1} {11,1}

coeff: 0.00575220596
operators: {5,1} {6,3} {9,5}

coeff: 0.0614492133
operators: {5,1} {6,3} {9,1} {10,3}

coeff: 0.0613883677
operators: {5,1} {6,3} {9,1} {11,3}

coeff: -0.00664378073
operators: {5,1} {6,1} {7,5} {8,1}

coeff: 0.340497454
operators: {5,1} {6,1} {7,3} {8,1} {9,1}

coeff: -0.429272128
operators: {5,1} {6,1} {7,3} {10,1} {11,1}

coeff: 0.000447483687
operators: {5,1} {6,1} {7,1} {8,5}

coeff: -0.0112515519
operators: {5,1} {6,1} {7,1} {8,1} {9,3}

coeff: 0.0521210888
operators: {5,1} {6,1} {7,1} {8,1} {10,3}

coeff: 0.0511941301
operators: {5,1} {6,1} {7,1} {8,1} {11,3}

coeff: -0.0845570637
operators: {5,1} {6,1} {7,1} {9,1} {10,1} {11,1}

coeff: -0.22777197
operators: {5,1} {6,1} {8,5} {9,1}

coeff: 0.748309779
operators: {5,1} {6,1} {8,3} {10,1} {11,1}

coeff: -0.228710509
operators: {5,1} {6,1} {8,1} {9,5}

coeff: -0.754169999
operators: {5,1} {6,1} {8,1} {9,1} {10,3}

coeff: -0.752305471
operators: {5,1} {6,1} {8,1} {9,1} {11,3}

coeff: 0.756591552
operators: {5,1} {6,1} {9,3} {10,1} {11,1}

coeff: 0.257470759
operators: {5,1} {6,1} {10,5} {11,1}

coeff: 0.258431054
operators: {5,1} {6,1} {10,1} {11,5}

coeff: -0.00508928994
operators: {5,1} {7,9}

coeff: 0.00344607505
operators: {5,1} {7,7} {9,1}

coeff: 0.0379698337
operators: {5,1} {7,5} {8,3}

coeff: 0.0339884706
operators: {5,1} {7,5} {9,3}

coeff: 0.0481806466
operators: {5,1} {7,5} {10,3}

coeff: 0.0482589334
operators: {5,1} {7,5} {11,3}

coeff: -0.0175941219
operators: {5,1} {7,3} {8,3} {9,1}

coeff: -0.00304964356
operators: {5,1} {7,3} {8,1} {10,1} {11,1}

coeff: -0.00829844616
operators: {5,1} {7,3} {9,5}

coeff: -0.00475499797
operators: {5,1} {7,3} {9,1} {10,3}

coeff: -0.00158890372
operators: {5,1} {7,3} {9,1} {11,3}

coeff: -0.0406752243
operators: {5,1} {7,1} {8,7}

coeff: -0.246008356
operators: {5,1} {7,1} {8,3} {9,3}

coeff: -0.270668825
operators: {5,1} {7,1} {8,3} {10,3}

coeff: -0.270873318
operators: {5,1} {7,1} {8,3} {11,3}

coeff: 1.0792409
operators: {5,1} {7,1} {8,1} {9,1} {10,1} {11,1}

coeff: -0.0450957785
operators: {5,1} {7,1} {9,7}

coeff: -0.275014167
operators: {5,1} {7,1} {9,3} {10,3}

coeff: -0.27232682
operators: {5,1} {7,1} {9,3} {11,3}

coeff: -0.0479151702
operators: {5,1} {7,1} {10,7}

coeff: -0.283466281
operators: {5,1} {7,1} {10,3} {11,3}

coeff: -0.0484081032
operators: {5,1} {7,1} {11,7}

coeff: 0.00425247926
operators: {5,1} {8,7} {9,1}

coeff: 0.0243082201
operators: {5,1} {8,5} {10,1} {11,1}

coeff: 0.0119639002
operators: {5,1} {8,3} {9,5}

coeff: -0.0242808029
operators: {5,1} {8,3} {9,1} {10,3}

coeff: -0.0262745136
operators: {5,1} {8,3} {9,1} {11,3}

coeff: 0.0360760352
operators: {5,1} {8,1} {9,3} {10,1} {11,1}

coeff: 0.062843177
operators: {5,1} {8,1} {10,5} {11,1}

coeff: 0.0606790916
operators: {5,1} {8,1} {10,1} {11,5}

coeff: -0.00121580761
operators: {5,1} {9,9}

coeff: -0.00549761106
operators: {5,1} {9,5} {10,3}

coeff: -0.0078047444
operators: {5,1} {9,5} {11,3}

coeff: -0.0137152508
operators: {5,1} {9,1} {10,7}

coeff: -0.0822609442
operators: {5,1} {9,1} {10,3} {11,3}

coeff: -0.0155131499
operators: {5,1} {9,1} {11,7}

coeff: -0.00258243144
operators: {6,11}

coeff: -0.00381006764
operators: {6,9} {8,1}

coeff: -0.0145169
operators: {6,7} {7,3}

coeff: -0.0109970432
operators: {6,7} {7,1} {9,1}

coeff: 0.0405647732
operators: {6,7} {8,3}

coeff: 0.0397979775
operators: {6,7} {9,3}

coeff: 0.0498389463
operators: {6,7} {10,3}

coeff: 0.0486972754
operators: {6,7} {11,3}

coeff: -0.00801978006
operators: {6,5} {7,3} {8,1}

coeff: 0.2389031
operators: {6,5} {7,1} {8,1} {9,1}

coeff: -0.292943973
operators: {6,5} {7,1} {10,1} {11,1}

coeff: 0.00232033467
operators: {6,5} {8,5}

coeff: 0.00332523983
operators: {6,5} {8,1} {9,3}

coeff: 0.0257431044
operators: {6,5} {8,1} {10,3}

coeff: 0.0255078896
operators: {6,5} {8,1} {11,3}

coeff: -0.045437595
operators: {6,5} {9,1} {10,1} {11,1}

coeff: -0.00702074613
operators: {6,3} {7,7}

coeff: -0.00344179834
operators: {6,3} {7,5} {9,1}

coeff: 0.125734647
operators: {6,3} {7,3} {8,3}

coeff: 0.124560723
operators: {6,3} {7,3} {9,3}

coeff: 0.157827876
operators: {6,3} {7,3} {10,3}

coeff: 0.156903913
operators: {6,3} {7,3} {11,3}

coeff: -0.0212364559
operators: {6,3} {7,1} {8,3} {9,1}

coeff: -0.0423555505
operators: {6,3} {7,1} {8,1} {10,1} {11,1}

coeff: -0.0154660167
operators: {6,3} {7,1} {9,5}

coeff: 0.0086264225
operators: {6,3} {7,1} {9,1} {10,3}

coeff: 0.0121300314
operators: {6,3} {7,1} {9,1} {11,3}

coeff: -0.0430104635
operators: {6,3} {8,7}

coeff: -0.253096141
operators: {6,3} {8,3} {9,3}

coeff: -0.280605945
operators: {6,3} {8,3} {10,3}

coeff: -0.277714286
operators: {6,3} {8,3} {11,3}

coeff: 1.11676409
operators: {6,3} {8,1} {9,1} {10,1} {11,1}

coeff: -0.0440056772
operators: {6,3} {9,7}

coeff: -0.283467667
operators: {6,3} {9,3} {10,3}

coeff: -0.277731325
operators: {6,3} {9,3} {11,3}

coeff: -0.0502432245
operators: {6,3} {10,7}

coeff: -0.290023607
operators: {6,3} {10,3} {11,3}

coeff: -0.0487607089
operators: {6,3} {11,7}

coeff: -0.00131816836
operators: {6,1} {7,7} {8,1}

coeff: 0.12078996
operators: {6,1} {7,5} {8,1} {9,1}

coeff: -0.152044226
operators: {6,1} {7,5} {10,1} {11,1}

coeff: -0.0134443075
operators: {6,1} {7,3} {8,5}

coeff: -0.0400217228
operators: {6,1} {7,3} {8,1} {9,3}

coeff: -0.0131480725
operators: {6,1} {7,3} {8,1} {10,3}

coeff: -0.0127684498
operators: {6,1} {7,3} {8,1} {11,3}

coeff: 0.0294748208
operators: {6,1} {7,3} {9,1} {10,1} {11,1}

coeff: -0.239376812
operators: {6,1} {7,1} {8,5} {9,1}

coeff: 0.80068917
operators: {6,1} {7,1} {8,3} {10,1} {11,1}

coeff: -0.234892234
operators: {6,1} {7,1} {8,1} {9,5}

coeff: -0.801866355
operators: {6,1} {7,1} {8,1} {9,1} {10,3}

coeff: -0.793433333
operators: {6,1} {7,1} {8,1} {9,1} {11,3}

coeff: 0.796782486
operators: {6,1} {7,1} {9,3} {10,1} {11,1}

coeff: 0.280508299
operators: {6,1} {7,1} {10,5} {11,1}

coeff: 0.278587701
operators: {6,1} {7,1} {10,1} {11,5}

coeff: 0.00253465361
operators: {6,1} {8,9}

coeff: 0.0265319645
operators: {6,1} {8,5} {9,3}

coeff: -0.00474264353
operators: {6,1} {8,5} {10,3}

coeff: -0.00493846112
operators: {6,1} {8,5} {11,3}

coeff: 0.00071878575
operators: {6,1} {8,3} {9,1} {10,1} {11,1}

coeff: 0.0163596906
operators: {6,1} {8,1} {9,7}

coeff: 0.00655868006
operators: {6,1} {8,1} {9,3} {10,3}

coeff: 0.0039387525
operators: {6,1} {8,1} {9,3} {11,3}

coeff: -0.0154677816
operators: {6,1} {8,1} {10,7}

coeff: -0.0956887158
operators: {6,1} {8,1} {10,3} {11,3}

coeff: -0.0156243661
operators: {6,1} {8,1} {11,7}

coeff: -0.00904198469
operators: {6,1} {9,5} {10,1} {11,1}

coeff: 0.0560167855
operators: {6,1} {9,1} {10,5} {11,1}

coeff: 0.0565734558
operators: {6,1} {9,1} {10,1} {11,5}

coeff: 0.000960134643
operators: {7,11}

coeff: -0.00179371819
operators: {7,9} {9,1}

coeff: 0.0111085913
operators: {7,7} {8,3}

coeff: 0.0122831709
operators: {7,7} {9,3}

coeff: 0.0137595064
operators: {7,7} {10,3}

coeff: 0.0139101484
operators: {7,7} {11,3}

coeff: -0.0177861619
operators: {7,5} {8,3} {9,1}

coeff: 0.0171787004
operators: {7,5} {8,1} {10,1} {11,1}

coeff: -0.0101703463
operators: {7,5} {9,5}

coeff: -0.0145318715
operators: {7,5} {9,1} {10,3}

coeff: -0.00958797446
operators: {7,5} {9,1} {11,3}

coeff: -0.0194397922
operators: {7,3} {8,7}

coeff: -0.12091851
operators: {7,3} {8,3} {9,3}

coeff: -0.136988587
operators: {7,3} {8,3} {10,3}

coeff: -0.139630983
operators: {7,3} {8,3} {11,3}

coeff: 0.566444142
operators: {7,3} {8,1} {9,1} {10,1} {11,1}

coeff: -0.0146676082
operators: {7,3} {9,7}

coeff: -0.137400207
operators: {7,3} {9,3} {10,3}

coeff: -0.137092176
operators: {7,3} {9,3} {11,3}

coeff: -0.0239809043
operators: {7,3} {10,7}

coeff: -0.149114477
operators: {7,3} {10,3} {11,3}

coeff: -0.0239643338
operators: {7,3} {11,7}

coeff: 0.0168868432
operators: {7,1} {8,7} {9,1}

coeff: -0.0338409583
operators: {7,1} {8,5} {10,1} {11,1}

coeff: 0.0363986021
operators: {7,1} {8,3} {9,5}

coeff: 0.0509963541
operators: {7,1} {8,3} {9,1} {10,3}

coeff: 0.0535515732
operators: {7,1} {8,3} {9,1} {11,3}

coeff: -0.123984092
operators: {7,1} {8,1} {9,3} {10,1} {11,1}

coeff: 0.00506856823
operators: {7,1} {8,1} {10,5} {11,1}

coeff: 0.00610296279
operators: {7,1} {8,1} {10,1} {11,5}

coeff: 0.00140269893
operators: {7,1} {9,9}

coeff: 0.0196802714
operators: {7,1} {9,5} {10,3}

coeff: 0.0214230104
operators: {7,1} {9,5} {11,3}

coeff: -0.0014873047
operators: {7,1} {9,1} {10,7}

coeff: -0.00364090697
operators: {7,1} {9,1} {10,3} {11,3}

coeff: 0.00137438911
operators: {7,1} {9,1} {11,7}

coeff: 0.0042224989
operators: {8,11}

coeff: 0.0625213855
operators: {8,7} {9,3}

coeff: 0.0661222646
operators: {8,7} {10,3}

coeff: 0.0650247016
operators: {8,7} {11,3}

coeff: -0.500162231
operators: {8,5} {9,1} {10,1} {11,1}

coeff: 0.0682669085
operators: {8,3} {9,7}

coeff: 0.397648485
operators: {8,3} {9,3} {10,3}

coeff: 0.391597043
operators: {8,3} {9,3} {11,3}

coeff: 0.069948138
operators: {8,3} {10,7}

coeff: 0.40844772
operators: {8,3} {10,3} {11,3}

coeff: 0.0677025124
operators: {8,3} {11,7}

coeff: -0.511081828
operators: {8,1} {9,5} {10,1} {11,1}

coeff: -0.530229441
operators: {8,1} {9,1} {10,5} {11,1}

coeff: -0.525330022
operators: {8,1} {9,1} {10,1} {11,5}

coeff: 0.0164386502
operators: {9,11}

coeff: 0.0751006355
operators: {9,7} {10,3}

coeff: 0.074958691
operators: {9,7} {11,3}

coeff: 0.0731278741
operators: {9,3} {10,7}

coeff: 0.415120111
operators: {9,3} {10,3} {11,3}

coeff: 0.0720152639
operators: {9,3} {11,7}

coeff: 0.00496108854
operators: {10,11}

coeff: 0.0688724877
operators: {10,7} {11,3}

coeff: 0.0678568236
operators: {10,3} {11,7}

coeff: 0.00476300768
operators: {11,11}

MPO Bond 0: 37/0
MPO Bond 1: 47/0
MPO Bond 2: 107/0
MPO Bond 3: 143/0
MPO Bond 4: 145/0
MPO Bond 5: 151/0
MPO Bond 6: 167/0
MPO Bond 7: 155/0
MPO Bond 8: 153/0
MPO Bond 9: 112/0
MPO Bond 10: 7/0
MPO Bond 11: 1/0
state: 0:0 
state: 0:0 
state: 0:0 
state: 0:0 
state: 0:0 
state: 0:0 
state: 0:0 
state: 0:0 
state: 0:0 
state: 0:0 
state: 0:0 
state: 0:0 
MPS initialization has finished...
 ===================================================== 
   STARTING DMRG[INVERSE POWER ITERATION] SIMULATION = 
 ===================================================== 

 IPI energy convergence threshold:   1e-05
 IPI overlap convergence threshold:  1e-10
 Number of sweeps per linear system: 5
 Shift parameter: 11000


+----------------------------------+
 NEW SwEEP-BASED SIMULATION STARTED
+----------------------------------+

 Simulation settings:
 - Simulation type: Linear system solver
 - Sweep-based modality: Single site
 - Maximum number of sweeps: 10

 -------------------
   SWEEP NUMBER 0
 -------------------
 - Noise parameter: 1e-08
 - Maximum bond dimension: 50
 - Truncation parameter: 0

 MICROITERATION NUMBER = 0  , forward sweep
 - Left boundaries taken from index: 0
 - Right boundaries taken from index: 1


 Initial ||Ax - b|| norm =  1

 ------------------------------------- 
 Iteration  | Rel. error estimate      
 ------------------------------------- 
    0          1.000000000000000e+00
    1          1.282370216703058e-01
    2          1.377892767567842e-02
 ------------------------------------- 


 Final ||Ax - b|| norm =  0.000000000000014
 Final energy = 11122.532218039372310

 Bond dimension before truncation: 6
 Bond dimension after truncation: 6

 MICROITERATION NUMBER = 1  , forward sweep
 - Left boundaries taken from index: 1
 - Right boundaries taken from index: 2


 Initial ||Ax - b|| norm =  1.000000000000000

 ------------------------------------- 
 Iteration  | Rel. error estimate      
 ------------------------------------- 
    0          1.000000000000000e+00
    1          1.881154249815612e-01
    2          4.903297466886024e-02
    3          5.932202572087938e-03
    4          1.795506710895922e-03
    5          5.260971140340605e-04
    6          2.258338332739886e-04
    7          1.634100582899340e-05
    8          1.821152029624623e-06
 ------------------------------------- 


 Final ||Ax - b|| norm =  0.000000000000027
 Final energy = 11122.406194980214423

 Bond dimension before truncation: 36
 Bond dimension after truncation: 28

 MICROITERATION NUMBER = 2  , forward sweep
 - Left boundaries taken from index: 2
 - Right boundaries taken from index: 3


 Initial ||Ax - b|| norm =  1.000000000000000

 ------------------------------------- 
 Iteration  | Rel. error estimate      
 ------------------------------------- 
    0          9.999999999999998e-01
    1          2.929581344369094e-01
    2          7.915382747885044e-02
    3          1.425402491657186e-02
    4          4.850148309753193e-03
    5          1.357880208664910e-03
    6          5.112370768945597e-04
    7          3.037853197656586e-04
    8          1.118270925436836e-04
    9          2.965098671176177e-05
   10          1.128289212806164e-05
   11          4.275918537082767e-06
   12          2.551992592218149e-06
   13          1.324687247214154e-06
   14          5.939775222830541e-07
   15          1.500290954615805e-07
   16          2.515163245638321e-08
   17          8.277838244032172e-09
   18          2.445586189453084e-09
   19          5.223673924396451e-10
   20          1.030361789891464e-10
 ------------------------------------- 


 Final ||Ax - b|| norm =  0.000000000032691
 Final energy = 11122.126812366859667

 Bond dimension before truncation: 168
 Bond dimension after truncation: 51

 MICROITERATION NUMBER = 3  , forward sweep
 - Left boundaries taken from index: 3
 - Right boundaries taken from index: 4


 Initial ||Ax - b|| norm =  1.000000000000000

 ------------------------------------- 
 Iteration  | Rel. error estimate      
 ------------------------------------- 
    0          1.000000000000000e+00
    1          3.636869489268377e-01
    2          1.066881364027822e-01
    3          2.876222639640161e-02
    4          7.366657159786113e-03
    5          3.680219695644425e-03
    6          1.505262779812272e-03
    7          8.004003169376160e-04
    8          4.573753832935047e-04
    9          1.764632104434903e-04
   10          7.631534148937541e-05
   11          4.144674651287456e-05
   12          1.755140267976986e-05
   13          9.593209839769888e-06
   14          5.149932882221041e-06
   15          2.700828582712809e-06
   16          1.258123532403315e-06
   17          5.596485894693639e-07
   18          1.700288993207360e-07
   19          6.236528406297362e-08
   20          3.228299304198349e-08
   21          1.834788551883850e-08
   22          9.641801044976691e-09
   23          5.571382027828151e-09
   24          2.338024557058798e-09
   25          8.183796782260326e-10
   26          2.753524164667144e-10
 ------------------------------------- 


 Final ||Ax - b|| norm =  0.000000000090734
 Final energy = 11121.822733366780085

 Bond dimension before truncation: 306
 Bond dimension after truncation: 51

 MICROITERATION NUMBER = 4  , forward sweep
 - Left boundaries taken from index: 4
 - Right boundaries taken from index: 5


 Initial ||Ax - b|| norm =  1.000000000000000

 ------------------------------------- 
 Iteration  | Rel. error estimate      
 ------------------------------------- 
    0          1.000000000000000e+00
    1          3.952787832597472e-01
    2          1.153538652070808e-01
    3          3.115186573627039e-02
    4          8.583613552919931e-03
    5          4.139234975771342e-03
    6          1.821954443683450e-03
    7          1.035918245735707e-03
    8          4.824412286279628e-04
    9          2.504535875710502e-04
   10          1.342452002692888e-04
   11          7.778164325848247e-05
   12          4.653279943403178e-05
   13          2.416561202650363e-05
   14          1.270114144661870e-05
   15          6.619015086677395e-06
   16          3.496412680755647e-06
   17          2.178589746678836e-06
   18          1.082173576927899e-06
   19          6.046351006773500e-07
   20          2.642170498822253e-07
   21          1.323294388486470e-07
   22          6.713514412880623e-08
   23          3.045685047710392e-08
   24          1.342674336772445e-08
   25          5.995806823100303e-09
   26          3.247118459212084e-09
   27          1.581162908971739e-09
   28          8.939431635611205e-10
   29          5.269843366174825e-10
   30          2.718201927266882e-10
   31          1.168059914397071e-10
 ------------------------------------- 


 Final ||Ax - b|| norm =  0.000000000043405
 Final energy = 11121.666462301700449

 Bond dimension before truncation: 306
 Bond dimension after truncation: 51

 MICROITERATION NUMBER = 5  , forward sweep
 - Left boundaries taken from index: 5
 - Right boundaries taken from index: 6


 Initial ||Ax - b|| norm =  0.999997934537850

 ------------------------------------- 
 Iteration  | Rel. error estimate      
 ------------------------------------- 
    0          9.999979345378501e-01
    1          6.895940315774213e-01
    2          4.126559906059327e-01
    3          1.345602160672974e-01
    4          5.647074074432037e-02
    5          2.643419622811882e-02
    6          1.190077454033558e-02
    7          5.148303500657775e-03
    8          2.005642516407331e-03
    9          6.311267454773680e-04
   10          2.648703261117465e-04
   11          1.223277630818109e-04
   12          4.863823189227035e-05
   13          2.003866077367782e-05
   14          8.453108559240372e-06
   15          3.929921449489538e-06
   16          1.846553814541441e-06
   17          8.145783519566970e-07
   18          3.695363403317144e-07
   19          1.585767974671594e-07
   20          7.749870991337404e-08
   21          3.543291046985605e-08
   22          1.430182042267205e-08
   23          6.132835316638703e-09
   24          2.516732580935852e-09
   25          1.173019886173646e-09
   26          4.798727723193567e-10
   27          1.785988508257908e-10
 ------------------------------------- 


 Final ||Ax - b|| norm =  0.000000000055131
 Final energy = 11114.291746848244657

 Bond dimension before truncation: 306
 Bond dimension after truncation: 51

 MICROITERATION NUMBER = 6  , forward sweep
 - Left boundaries taken from index: 6
 - Right boundaries taken from index: 7


 Initial ||Ax - b|| norm =  0.999974581187960

 ------------------------------------- 
 Iteration  | Rel. error estimate      
 ------------------------------------- 
    0          9.999745811879596e-01
    1          7.120913674610715e-01
    2          4.326614053107361e-01
    3          1.531748635656549e-01
    4          5.802970046002096e-02
    5          2.189338655104827e-02
    6          1.061364291170933e-02
    7          4.704101627676264e-03
    8          1.995901597065253e-03
    9          8.034392013868697e-04
   10          3.350207394811960e-04
   11          1.307798685469722e-04
   12          5.773062835474565e-05
   13          2.564034172560251e-05
   14          1.146347590891999e-05
   15          4.952081175541733e-06
   16          2.234108208671455e-06
   17          9.777036469861738e-07
   18          3.900019939141353e-07
   19          1.380175707980039e-07
   20          4.887452943605118e-08
   21          1.792431474901545e-08
   22          7.123367807714395e-09
   23          2.621296643310153e-09
   24          8.185521297081616e-10
   25          2.862623646538109e-10
 ------------------------------------- 


 Final ||Ax - b|| norm =  0.000000000082484
 Final energy = 11113.624618100282532

 Bond dimension before truncation: 306
 Bond dimension after truncation: 51

 MICROITERATION NUMBER = 7  , forward sweep
 - Left boundaries taken from index: 7
 - Right boundaries taken from index: 8


 Initial ||Ax - b|| norm =  0.999927640836599

 ------------------------------------- 
 Iteration  | Rel. error estimate      
 ------------------------------------- 
    0          9.999276408365989e-01
    1          8.471994564122521e-01
    2          6.699845204764103e-01
    3          4.455842735849543e-01
    4          2.329883818229069e-01
    5          1.129305333390476e-01
    6          6.076395620064327e-02
    7          3.700058850195717e-02
    8          2.051364906675563e-02
    9          1.091913321092448e-02
   10          5.277115611515498e-03
   11          2.366175260762244e-03
   12          1.149303070867002e-03
   13          5.052197858359884e-04
   14          2.447119684580840e-04
   15          1.139301692064060e-04
   16          5.119834415870110e-05
   17          2.227577229154485e-05
   18          1.130423830640053e-05
   19          5.453079668186592e-06
   20          2.599422492196252e-06
   21          1.106702966540537e-06
   22          4.999690926497926e-07
   23          2.599081543633622e-07
   24          1.200610091156340e-07
   25          5.316513374647610e-08
   26          2.225754326733627e-08
   27          8.827557504646119e-09
   28          3.895421554512285e-09
   29          1.594045599372847e-09
   30          5.572207684206166e-10
   31          2.131955539807388e-10
 ------------------------------------- 


 Final ||Ax - b|| norm =  0.000000000082533
 Final energy = 11102.446048698535378

 Bond dimension before truncation: 306
 Bond dimension after truncation: 51

 MICROITERATION NUMBER = 8  , forward sweep
 - Left boundaries taken from index: 8
 - Right boundaries taken from index: 9


 Initial ||Ax - b|| norm =  0.999919302537673

 ------------------------------------- 
 Iteration  | Rel. error estimate      
 ------------------------------------- 
    0          9.999193025376727e-01
    1          9.067354991327623e-01
    2          7.541889479425975e-01
    3          6.184368681825444e-01
    4          3.680185253286832e-01
    5          1.676737087185658e-01
    6          8.192365461524666e-02
    7          5.367958010989839e-02
    8          3.287712738015615e-02
    9          2.028740038265332e-02
   10          1.286548510551665e-02
   11          8.114347388756701e-03
   12          3.855434008115885e-03
   13          1.986071729361548e-03
   14          1.225439791062436e-03
   15          6.236671748825313e-04
   16          3.119527339680971e-04
   17          1.784698684047757e-04
   18          1.091402363391864e-04
   19          5.759357292210227e-05
   20          3.101830389991687e-05
   21          1.523578132956959e-05
   22          7.588735968164321e-06
   23          3.648637775743113e-06
   24          1.993947966101945e-06
   25          1.047979312072285e-06
   26          5.438573767154414e-07
   27          2.382203063715178e-07
   28          9.510821959460213e-08
   29          4.320952471955889e-08
   30          2.188939046531398e-08
   31          1.204029211525795e-08
   32          5.422012153871472e-09
   33          3.072038887665171e-09
   34          1.490418262546436e-09
   35          6.613121203919128e-10
   36          3.032207470486868e-10
   37          1.524704485143951e-10
 ------------------------------------- 


 Final ||Ax - b|| norm =  0.000000000058090
 Final energy = 11095.309088877796967

 Bond dimension before truncation: 306
 Bond dimension after truncation: 51

 MICROITERATION NUMBER = 9  , forward sweep
 - Left boundaries taken from index: 9
 - Right boundaries taken from index: 10


 Initial ||Ax - b|| norm =  0.999892603780376

 ------------------------------------- 
 Iteration  | Rel. error estimate      
 ------------------------------------- 
    0          9.998926037803757e-01
    1          9.741104081080714e-01
    2          9.502632958732474e-01
    3          9.174095794865320e-01
    4          8.543007497623651e-01
    5          7.561422406636239e-01
    6          6.020148865330115e-01
    7          4.018283110728132e-01
    8          2.710845168082373e-01
    9          1.185721930567292e-01
   10          4.562005815555777e-02
   11          2.944979582374522e-02
   12          1.994176976442211e-02
   13          1.159204715758520e-02
   14          6.021242776398932e-03
   15          3.282331883039222e-03
   16          2.009868470122121e-03
   17          1.273345952405110e-03
   18          7.464762446130804e-04
   19          4.604928701355529e-04
   20          2.472558180324501e-04
   21          1.224183892808329e-04
   22          4.957393267445904e-05
   23          2.836517580208866e-05
   24          1.376666085303938e-05
   25          6.083874546145364e-06
   26          2.543159236551776e-06
   27          1.258139391426677e-06
   28          7.084670719913021e-07
   29          3.398684047718072e-07
   30          1.466955326860894e-07
   31          7.652505179587358e-08
   32          3.514378527955376e-08
   33          1.552705412912329e-08
   34          7.492296024015432e-09
   35          4.460205239173143e-09
   36          2.089113078872592e-09
   37          1.004724694033872e-09
   38          4.103869307732683e-10
   39          1.241190975276636e-10
 ------------------------------------- 


 Final ||Ax - b|| norm =  0.000000000053930
 Final energy = 11052.660288755982037

 Bond dimension before truncation: 306
 Bond dimension after truncation: 51

 MICROITERATION NUMBER = 10  , forward sweep
 - Left boundaries taken from index: 10
 - Right boundaries taken from index: 11


 Initial ||Ax - b|| norm =  0.999889151672752

 ------------------------------------- 
 Iteration  | Rel. error estimate      
 ------------------------------------- 
    0          9.998891516727525e-01
    1          9.771939376209730e-01
    2          9.638564321938945e-01
    3          9.351744892879109e-01
    4          8.674086474200388e-01
    5          7.166907164323300e-01
    6          5.534751148216757e-01
    7          4.146958644724502e-01
    8          3.145814833637475e-01
    9          1.588371631483392e-01
   10          7.571197793550435e-02
   11          4.329089026176719e-02
   12          2.751340396481698e-02
   13          1.455744856038455e-02
   14          5.888999403957720e-03
   15          3.221691232615794e-03
   16          1.857489729955819e-03
   17          1.176310999104653e-03
   18          6.955025173636041e-04
   19          2.823050198847519e-04
   20          1.167659892748939e-04
   21          5.860080688015035e-05
   22          3.639808214501786e-05
   23          1.962043376647498e-05
   24          7.140631797804689e-06
   25          3.999550673508813e-06
   26          1.955524907882737e-06
   27          6.913032605496068e-07
   28          3.401395578097344e-07
   29          1.543841935931446e-07
   30          8.388848727353261e-08
   31          4.224682848735549e-08
   32          1.674174612754863e-08
   33          7.163752237636637e-09
   34          2.962320816675476e-09
   35          1.144895724864145e-09
   36          3.735148967251721e-10
   37          1.389840389967932e-10
 ------------------------------------- 


 Final ||Ax - b|| norm =  0.000000000061846
 Final energy = 11039.910381946492635

 Bond dimension before truncation: 306
 Bond dimension after truncation: 51

 MICROITERATION NUMBER = 11  , forward sweep
 - Left boundaries taken from index: 11
 - Right boundaries taken from index: 12


 Initial ||Ax - b|| norm =  0.999889151672753

 ------------------------------------- 
 Iteration  | Rel. error estimate      
 ------------------------------------- 
    0          9.998891516727532e-01
    1          9.850941332064773e-01
    2          9.789606313619414e-01
    3          9.746607046530852e-01
    4          9.662518609754780e-01
    5          9.442468496728401e-01
    6          9.144638603873004e-01
    7          8.619556742188018e-01
    8          7.836809927170105e-01
    9          6.716346479770016e-01
   10          5.629925861844679e-01
   11          4.010091286166074e-01
   12          2.246684280414600e-01
   13          1.234648501146140e-01
   14          7.778860390882213e-02
   15          4.766307714930767e-02
   16          2.866317879698975e-02
   17          1.543807325683821e-02
   18          7.631022539644482e-03
   19          3.451667450920015e-03
   20          1.705658564738314e-03
   21          8.211139094159343e-04
   22          4.097707438760947e-04
   23          2.128350615924708e-04
   24          1.329446879171345e-04
   25          9.725664068440838e-05
   26          7.119259556700005e-05
   27          5.258629168033121e-05
   28          3.759162881744489e-05
   29          2.730261023589538e-05
   30          2.065467402768162e-05
   31          1.527977151132872e-05
   32          9.990479786248167e-06
   33          6.598270960646253e-06
   34          4.124823189138909e-06
   35          2.457736817397553e-06
   36          1.296710460782042e-06
   37          7.284515170936823e-07
   38          3.595864539326817e-07
   39          1.690582539989255e-07
   40          8.969613810027370e-08
   41          5.407941219873971e-08
   42          3.407008276700505e-08
   43          2.091313271969606e-08
   44          1.172119715292329e-08
   45          6.386647776903373e-09
   46          3.254471302999966e-09
   47          1.511603378083656e-09
   48          7.528350570677948e-10
 ------------------------------------- 


 Final ||Ax - b|| norm =  0.000000000361124
 Final energy = 11018.455617230913049

 Bond dimension before truncation: 6
 Bond dimension after truncation: 6

 MICROITERATION NUMBER = 12  , backward sweep
 - Left boundaries taken from index: 10
 - Right boundaries taken from index: 11


 Initial ||Ax - b|| norm =  0.999889151672752

 ------------------------------------- 
 Iteration  | Rel. error estimate      
 ------------------------------------- 
    0          9.998891516727521e-01
    1          9.859682015016118e-01
    2          9.795977876022942e-01
    3          9.759489733380884e-01
    4          9.713156121071465e-01
    5          9.629878642452685e-01
    6          9.491017934884558e-01
    7          9.281792475311998e-01
    8          8.922074988817871e-01
    9          8.275766782551702e-01
   10          7.620813766081558e-01
   11          6.699067787807884e-01
   12          5.856924275444705e-01
   13          4.558432397098206e-01
   14          2.701049088082981e-01
   15          1.566180842779308e-01
   16          1.184207689159596e-01
   17          9.490755004956763e-02
   18          6.809917950714733e-02
   19          4.867265396912571e-02
   20          3.461522245598897e-02
   21          2.074920755932670e-02
   22          1.137739589933534e-02
   23          6.786820671113811e-03
   24          4.454804407239192e-03
   25          3.097949444117071e-03
   26          2.038263357913460e-03
   27          1.237930845596241e-03
   28          7.308483723152330e-04
   29          4.223589334753549e-04
   30          2.504517304105711e-04
   31          1.453339962692001e-04
   32          8.036261838447080e-05
   33          4.933644896480087e-05
   34          3.269904062149605e-05
   35          2.004384514357601e-05
   36          1.252586805564256e-05
   37          7.277786388089883e-06
   38          4.031889327072097e-06
   39          2.368745739627944e-06
   40          1.153997040120209e-06
   41          7.002578274924177e-07
   42          4.027242204802122e-07
   43          2.491827117600239e-07
   44          1.570929589254153e-07
   45          8.439937815781342e-08
   46          4.905094255077215e-08
   47          3.231099072595789e-08
   48          1.870442253205870e-08
 ------------------------------------- 


 Final ||Ax - b|| norm =  0.000000011896898
 Final energy = 11017.846196331336614

 Bond dimension before truncation: 36
 Bond dimension after truncation: 36

 MICROITERATION NUMBER = 13  , backward sweep
 - Left boundaries taken from index: 9
 - Right boundaries taken from index: 10


 Initial ||Ax - b|| norm =  0.999892603780375

 ------------------------------------- 
 Iteration  | Rel. error estimate      
 ------------------------------------- 
    0          9.998926037803750e-01
    1          9.874524221643667e-01
    2          9.810102160540390e-01
    3          9.772499654962492e-01
    4          9.741456039924862e-01
    5          9.704324910644954e-01
    6          9.655545577889606e-01
    7          9.592221621716087e-01
    8          9.507148888868515e-01
    9          9.384196775731856e-01
   10          9.187838318187005e-01
   11          8.871024910204930e-01
   12          8.466251815704073e-01
   13          7.844716912007926e-01
   14          7.290106180675718e-01
   15          6.550497051174775e-01
   16          5.718297793292711e-01
   17          4.579010685312723e-01
   18          3.310102125002636e-01
   19          2.084215501825899e-01
   20          1.280318943928189e-01
   21          9.627208156900616e-02
   22          7.985414554880207e-02
   23          6.724401223915029e-02
   24          5.413368091698399e-02
   25          4.325825825122503e-02
   26          3.550536049479297e-02
   27          2.915181646082711e-02
   28          2.170177340120527e-02
   29          1.416682597068139e-02
   30          9.203755069642282e-03
   31          6.969667420053452e-03
   32          4.971842442013393e-03
   33          3.652687070988286e-03
   34          3.009350379223659e-03
   35          2.447527910341893e-03
   36          1.867574650742145e-03
   37          1.371380157378051e-03
   38          1.015262959327275e-03
   39          7.579207459114368e-04
   40          5.519018152381956e-04
   41          3.879811826200008e-04
   42          2.753357807921931e-04
   43          1.983332776482789e-04
   44          1.355030883988177e-04
   45          8.703383915054295e-05
   46          5.586592263820254e-05
   47          3.615248568547552e-05
   48          2.527144296545475e-05
 ------------------------------------- 


 Final ||Ax - b|| norm =  0.000017503036202
 Final energy = 11017.408502451829918

 Bond dimension before truncation: 216
 Bond dimension after truncation: 51

 MICROITERATION NUMBER = 14  , backward sweep
 - Left boundaries taken from index: 8
 - Right boundaries taken from index: 9


 Initial ||Ax - b|| norm =  0.999918269114837

 ------------------------------------- 
 Iteration  | Rel. error estimate      
 ------------------------------------- 
    0          9.999182691148374e-01
    1          9.879898977205825e-01
    2          9.820493326689914e-01
    3          9.786254466687665e-01
    4          9.753229219682185e-01
    5          9.705749885079453e-01
    6          9.636966223845426e-01
    7          9.541509476324116e-01
    8          9.375039706777138e-01
    9          9.117491238566693e-01
   10          8.662133750031480e-01
   11          8.036201402961113e-01
   12          7.239350656604592e-01
   13          6.109280359338618e-01
   14          4.381006629967454e-01
   15          2.608786262156960e-01
   16          1.631201390203879e-01
   17          1.227074171887182e-01
   18          9.593868558654065e-02
   19          7.339196545022093e-02
   20          5.975490661535138e-02
   21          4.651783757659628e-02
   22          2.945881278344008e-02
   23          1.681948077848898e-02
   24          9.821452805624506e-03
   25          5.939611853962562e-03
   26          3.737981841040652e-03
   27          2.506710510634854e-03
   28          1.652560199556815e-03
   29          1.067083306449069e-03
   30          6.700923460164339e-04
   31          4.185710887413469e-04
   32          2.809971672757254e-04
   33          1.942025446177658e-04
   34          1.344647395425735e-04
   35          9.417551828692352e-05
   36          6.572819321077796e-05
   37          4.570288292255031e-05
   38          3.124390317276968e-05
   39          2.020009642842191e-05
   40          1.246034895219369e-05
   41          8.703031163082798e-06
   42          6.124725851057302e-06
   43          4.273947537701123e-06
   44          2.991852702220691e-06
   45          2.048891305361953e-06
   46          1.420250724568026e-06
   47          9.537489270103022e-07
   48          6.368688527920846e-07
 ------------------------------------- 


 Final ||Ax - b|| norm =  0.000000438482614
 Final energy = 11014.393396813931759

 Bond dimension before truncation: 306
 Bond dimension after truncation: 51

 MICROITERATION NUMBER = 15  , backward sweep
 - Left boundaries taken from index: 7
 - Right boundaries taken from index: 8


 Initial ||Ax - b|| norm =  0.999914293360329

 ------------------------------------- 
 Iteration  | Rel. error estimate      
 ------------------------------------- 
    0          9.999142933603292e-01
    1          9.879810749385957e-01
    2          9.817265007716258e-01
    3          9.768993770349108e-01
    4          9.694611261142817e-01
    5          9.583478128875812e-01
    6          9.413012924941254e-01
    7          9.029754464517493e-01
    8          8.530654738698886e-01
    9          7.805699544820918e-01
   10          5.976493936164626e-01
   11          3.920061637306083e-01
   12          2.402379417205271e-01
   13          1.593058144416396e-01
   14          1.144082744719475e-01
   15          8.852139902767962e-02
   16          6.160254176426323e-02
   17          3.661853088291410e-02
   18          2.027376246502714e-02
   19          1.056726470058458e-02
   20          5.818212063878172e-03
   21          3.278686803425412e-03
   22          1.748200438247668e-03
   23          9.397572051136853e-04
   24          5.807845813571018e-04
   25          3.547965493959496e-04
   26          1.998652515980794e-04
   27          1.210303501582499e-04
   28          7.529448362602372e-05
   29          4.830217612986584e-05
   30          3.010975027394146e-05
   31          2.048174972193112e-05
   32          1.349040702360321e-05
   33          8.318026655087430e-06
   34          5.655000798290527e-06
   35          3.576497405360551e-06
   36          2.197119284914218e-06
   37          1.391115007994041e-06
   38          8.544841582491401e-07
   39          4.856720778188089e-07
   40          2.735528792666841e-07
   41          1.685108426325596e-07
   42          1.050950125354224e-07
   43          6.370431935354964e-08
   44          3.512135977259533e-08
   45          1.940939413779990e-08
   46          1.097578924757221e-08
   47          6.339438238636934e-09
   48          3.606847203166208e-09
 ------------------------------------- 


 Final ||Ax - b|| norm =  0.000000001937970
 Final energy = 11014.084408597307629

 Bond dimension before truncation: 306
 Bond dimension after truncation: 51

 MICROITERATION NUMBER = 16  , backward sweep
 - Left boundaries taken from index: 6
 - Right boundaries taken from index: 7


 Initial ||Ax - b|| norm =  0.999903779368145

 ------------------------------------- 
 Iteration  | Rel. error estimate      
 ------------------------------------- 
    0          9.999037793681451e-01
    1          9.880339642814304e-01
    2          9.818967992237195e-01
    3          9.766606079563277e-01
    4          9.668722216582669e-01
    5          9.572871072381672e-01
    6          9.289304424312429e-01
    7          8.895567934840108e-01
    8          8.266415720672591e-01
    9          6.720221448658684e-01
   10          4.293586212279372e-01
   11          2.670432490661693e-01
   12          1.604420618728146e-01
   13          1.215263677036306e-01
   14          8.893510700399612e-02
   15          5.575953106606695e-02
   16          3.001450902878052e-02
   17          1.499012092909063e-02
   18          7.938664835400336e-03
   19          4.482858103484849e-03
   20          2.080728095380863e-03
   21          1.185485764379422e-03
   22          6.716510298147120e-04
   23          4.009394629022396e-04
   24          2.473912237906792e-04
   25          1.470617423018356e-04
   26          8.709702513883919e-05
   27          5.371403253003903e-05
   28          3.310305400578548e-05
   29          1.957945620398585e-05
   30          1.231744918269222e-05
   31          7.658368617529692e-06
   32          4.404218961096506e-06
   33          2.663200748047022e-06
   34          1.640533003632263e-06
   35          9.730280425218273e-07
   36          5.739211347311707e-07
   37          3.511804507988094e-07
   38          2.204997528025300e-07
   39          1.339046894178614e-07
   40          8.098918358512340e-08
   41          4.953455383847555e-08
   42          3.033010701749269e-08
   43          1.875565630066810e-08
   44          1.147462852198753e-08
   45          6.670041122276095e-09
   46          3.669675803431418e-09
   47          1.964168198042417e-09
   48          1.056393263665855e-09
 ------------------------------------- 


 Final ||Ax - b|| norm =  0.000000000533593
 Final energy = 11013.821471058037787

 Bond dimension before truncation: 306
 Bond dimension after truncation: 51

 MICROITERATION NUMBER = 17  , backward sweep
 - Left boundaries taken from index: 5
 - Right boundaries taken from index: 6


 Initial ||Ax - b|| norm =  0.999868756489578

 ------------------------------------- 
 Iteration  | Rel. error estimate      
 ------------------------------------- 
    0          9.998687564895775e-01
    1          9.881787134450764e-01
    2          9.818461889849618e-01
    3          9.765566531876634e-01
    4          9.668682580451442e-01
    5          9.564085234471897e-01
    6          9.258906175273374e-01
    7          8.808185236970514e-01
    8          8.003981174869828e-01
    9          6.077096517504940e-01
   10          3.793403709031394e-01
   11          2.423817410357513e-01
   12          1.671046619901525e-01
   13          1.266412788569478e-01
   14          8.856224253833529e-02
   15          5.098161186589807e-02
   16          2.653633549643636e-02
   17          1.428452941246633e-02
   18          7.310841383544737e-03
   19          4.162501398002604e-03
   20          2.101030292151455e-03
   21          1.131958703717289e-03
   22          6.938316245899360e-04
   23          4.281426103997283e-04
   24          2.622031396326519e-04
   25          1.716891903094562e-04
   26          1.001536056900643e-04
   27          6.059552338604951e-05
   28          3.573374904584995e-05
   29          2.133867337173125e-05
   30          1.355419746568531e-05
   31          8.566352977455442e-06
   32          5.201030071347988e-06
   33          3.152171063274671e-06
   34          1.846645047648993e-06
   35          1.028563974084061e-06
   36          6.189416534108488e-07
   37          3.635670573227440e-07
   38          2.156323686595102e-07
   39          1.258424872162460e-07
   40          6.946137480147004e-08
   41          3.782583320189626e-08
   42          2.209662161937358e-08
   43          1.308552952259303e-08
   44          7.480421947300151e-09
   45          4.360675204225186e-09
   46          2.449351774360952e-09
   47          1.400036453084116e-09
   48          7.498195594380183e-10
 ------------------------------------- 


 Final ||Ax - b|| norm =  0.000000000389005
 Final energy = 11013.379168415875029

 Bond dimension before truncation: 306
 Bond dimension after truncation: 51

 MICROITERATION NUMBER = 18  , backward sweep
 - Left boundaries taken from index: 4
 - Right boundaries taken from index: 5


 Initial ||Ax - b|| norm =  0.999677974155033

 ------------------------------------- 
 Iteration  | Rel. error estimate      
 ------------------------------------- 
    0          9.996779741550333e-01
    1          9.883419921411907e-01
    2          9.823671831157991e-01
    3          9.779043277804730e-01
    4          9.697466125451385e-01
    5          9.614491771802007e-01
    6          9.342758098835097e-01
    7          8.908515025641831e-01
    8          8.111286580480950e-01
    9          6.235341703465762e-01
   10          3.750677799018000e-01
   11          2.396998099043386e-01
   12          1.701536840404350e-01
   13          1.288958059288091e-01
   14          9.179814261804499e-02
   15          5.888684288336571e-02
   16          3.100164618871778e-02
   17          1.786307624293211e-02
   18          1.006459165464610e-02
   19          5.671070385378096e-03
   20          3.149648475824157e-03
   21          1.639579165179682e-03
   22          9.438844481913011e-04
   23          6.143349051043330e-04
   24          3.996179040916692e-04
   25          2.695008281862220e-04
   26          1.865275204289601e-04
   27          1.168170881753257e-04
   28          6.971420777778161e-05
   29          4.254147943795047e-05
   30          2.520314976454735e-05
   31          1.574488236613541e-05
   32          1.028076829878725e-05
   33          6.846642637190400e-06
   34          4.481934929881604e-06
   35          2.869975692153532e-06
   36          1.601871267023421e-06
   37          9.025035166483959e-07
   38          5.422511551594138e-07
   39          3.443377011616722e-07
   40          2.152155366094229e-07
   41          1.313630649741407e-07
   42          8.026674996097666e-08
   43          4.646995439974454e-08
   44          2.745753235008183e-08
   45          1.667197652715039e-08
   46          1.080615535830896e-08
   47          6.805573083743722e-09
   48          4.103694627507761e-09
 ------------------------------------- 


 Final ||Ax - b|| norm =  0.000000002579031
 Final energy = 11011.665107761513354

 Bond dimension before truncation: 306
 Bond dimension after truncation: 51

 MICROITERATION NUMBER = 19  , backward sweep
 - Left boundaries taken from index: 3
 - Right boundaries taken from index: 4


 Initial ||Ax - b|| norm =  0.999663102129467

 ------------------------------------- 
 Iteration  | Rel. error estimate      
 ------------------------------------- 
    0          9.996631021294665e-01
    1          9.883205960971313e-01
    2          9.823292254151647e-01
    3          9.778254981070014e-01
    4          9.694296993391328e-01
    5          9.610387468627660e-01
    6          9.325387381080391e-01
    7          8.897953847811586e-01
    8          8.141342576279932e-01
    9          6.272720765522705e-01
   10          3.737304825394908e-01
   11          2.430112733484183e-01
   12          1.715873743285705e-01
   13          1.294131353900975e-01
   14          8.368352267372291e-02
   15          4.670801337422311e-02
   16          2.583832473178770e-02
   17          1.357579093765731e-02
   18          7.524399203297280e-03
   19          4.052747009451892e-03
   20          2.066661813878029e-03
   21          1.140408175385888e-03
   22          6.856607498747992e-04
   23          4.281872150146089e-04
   24          2.943055477157219e-04
   25          2.011563055118871e-04
   26          1.207809622303389e-04
   27          6.961581784046336e-05
   28          4.079975883288063e-05
   29          2.305129559756720e-05
   30          1.445052418139606e-05
   31          8.914885678433798e-06
   32          5.575850858089628e-06
   33          3.805562974288010e-06
   34          2.263147700018121e-06
   35          1.243684154498574e-06
   36          7.045546361125524e-07
   37          4.196411039813119e-07
   38          2.375883687506621e-07
   39          1.250812466021188e-07
   40          7.198683797395492e-08
   41          4.568961301235865e-08
   42          2.780376558258549e-08
   43          1.787013054259986e-08
   44          1.158517831371408e-08
   45          6.483024051145386e-09
   46          3.432159192449378e-09
   47          2.017244235261588e-09
   48          1.360675101390506e-09
 ------------------------------------- 


 Final ||Ax - b|| norm =  0.000000000998396
 Final energy = 11011.664520779762825

 Bond dimension before truncation: 306
 Bond dimension after truncation: 51

 MICROITERATION NUMBER = 20  , backward sweep
 - Left boundaries taken from index: 2
 - Right boundaries taken from index: 3


 Initial ||Ax - b|| norm =  0.999437053318752

 ------------------------------------- 
 Iteration  | Rel. error estimate      
 ------------------------------------- 
    0          9.994370533187520e-01
    1          9.874660990976489e-01
    2          9.815189859795131e-01
    3          9.765673679845589e-01
    4          9.684681342730342e-01
    5          9.539097416528671e-01
    6          9.200755952681164e-01
    7          8.519665365270576e-01
    8          7.389194442414504e-01
    9          5.277619975840664e-01
   10          2.794475013953257e-01
   11          1.910385862988536e-01
   12          1.409680479325383e-01
   13          9.631075065216474e-02
   14          6.286593029651964e-02
   15          3.155963542374585e-02
   16          1.591509433661627e-02
   17          8.825340276227058e-03
   18          4.638400728053506e-03
   19          2.424451524011576e-03
   20          1.408649411708186e-03
   21          8.524281501418892e-04
   22          4.830916226784920e-04
   23          2.877268217898620e-04
   24          1.877131461371500e-04
   25          1.139589549034034e-04
   26          7.013271811109756e-05
   27          4.505113639873397e-05
   28          2.646756654905762e-05
   29          1.373317746857148e-05
   30          7.584292672799603e-06
   31          4.183713897449500e-06
   32          2.301816226522438e-06
   33          1.425265210444188e-06
   34          9.188661783333028e-07
   35          5.734234488459940e-07
   36          3.354257966284192e-07
   37          1.670495502987990e-07
   38          8.970695205307627e-08
   39          4.342273977594799e-08
   40          2.140426234499503e-08
   41          1.306767746367050e-08
   42          8.076726474497147e-09
   43          5.463403885873415e-09
   44          4.247102881087945e-09
   45          3.230335780408504e-09
   46          2.012654047272458e-09
   47          1.195620593464950e-09
   48          7.127348086062746e-10
 ------------------------------------- 


 Final ||Ax - b|| norm =  0.000000000404061
 Final energy = 11011.666103407673290

 Bond dimension before truncation: 306
 Bond dimension after truncation: 51

 MICROITERATION NUMBER = 21  , backward sweep
 - Left boundaries taken from index: 1
 - Right boundaries taken from index: 2


 Initial ||Ax - b|| norm =  0.999413415322471

 ------------------------------------- 
 Iteration  | Rel. error estimate      
 ------------------------------------- 
    0          9.994134153224712e-01
    1          9.874354148100933e-01
    2          9.814365351017241e-01
    3          9.764279768930705e-01
    4          9.667020659970827e-01
    5          9.506719679837807e-01
    6          8.938102990892129e-01
    7          8.211309828956052e-01
    8          5.985316178064150e-01
    9          3.408227001822302e-01
   10          2.118360228920769e-01
   11          1.447240386637264e-01
   12          9.667567721988937e-02
   13          5.747569888703274e-02
   14          2.787732536603161e-02
   15          1.252181586353536e-02
   16          5.968106152898798e-03
   17          3.202730835883777e-03
   18          1.725657928303183e-03
   19          9.246031648804210e-04
   20          5.196894181043207e-04
   21          3.057797708808058e-04
   22          1.772252823120896e-04
   23          9.721108737008843e-05
   24          5.837758029269456e-05
   25          3.331477091228801e-05
   26          1.706300277169508e-05
   27          9.508376622529080e-06
   28          5.101600241653995e-06
   29          2.900901140868116e-06
   30          1.790161505571309e-06
   31          1.065916664556598e-06
   32          5.491692590160956e-07
   33          2.492456205246323e-07
   34          1.294236055688545e-07
   35          6.065304953603867e-08
   36          2.865184155307867e-08
   37          1.622802252616701e-08
   38          8.982244353235239e-09
   39          5.507779210352408e-09
   40          3.352090916972343e-09
   41          1.999775841755148e-09
   42          1.247824349432486e-09
   43          8.338083624316614e-10
   44          5.904917888574987e-10
   45          4.502034009704437e-10
   46          3.231867072331535e-10
   47          1.573327304637313e-10
 ------------------------------------- 


 Final ||Ax - b|| norm =  0.000000000071205
 Final energy = 11011.666008385598616

 Bond dimension before truncation: 306
 Bond dimension after truncation: 51


 -------------------
   SWEEP NUMBER 1
 -------------------
 - Noise parameter: 0.0000000100
 - Maximum bond dimension: 50
 - Truncation parameter: 0.0000000000

 MICROITERATION NUMBER = 0  , forward sweep
 - Left boundaries taken from index: 0
 - Right boundaries taken from index: 1


 Initial ||Ax - b|| norm =  0.999411969889672

 ------------------------------------- 
 Iteration  | Rel. error estimate      
 ------------------------------------- 
    0          9.994119698896722e-01
    1          9.874087008980339e-01
    2          9.813926486926642e-01
    3          9.761210470642400e-01
    4          9.649660440172343e-01
    5          9.405209502387850e-01
    6          8.722545042929304e-01
    7          7.598308207996728e-01
    8          4.190562227156220e-01
    9          2.416716112561264e-01
   10          1.511608172672835e-01
   11          1.024887602818425e-01
   12          4.537571083061515e-02
   13          1.839856046428252e-02
   14          7.944748225879867e-03
   15          3.931996646199714e-03
   16          1.742070325902640e-03
   17          8.603272025252339e-04
   18          4.630674617999198e-04
   19          2.515332163438611e-04
   20          1.317554594185224e-04
   21          7.386398927493586e-05
   22          3.907187860755437e-05
   23          1.778713823368136e-05
   24          8.007145010397358e-06
   25          4.357329490076918e-06
   26          2.390412185177852e-06
   27          1.259911321047996e-06
   28          5.720496868003971e-07
   29          2.441010112292384e-07
   30          1.020197608449053e-07
   31          4.502280225999193e-08
   32          2.349859723963702e-08
   33          1.183969162484096e-08
   34          6.053100513795826e-09
   35          3.305823247806342e-09
   36          1.517791518291600e-09
   37          6.472814810558050e-10
   38          2.145857346272122e-10
 ------------------------------------- 


 Final ||Ax - b|| norm =  0.000000000076739
 Final energy = 11011.666008392799995

 Bond dimension before truncation: 6
 Bond dimension after truncation: 6

 MICROITERATION NUMBER = 1  , forward sweep
 - Left boundaries taken from index: 1
 - Right boundaries taken from index: 2


 Initial ||Ax - b|| norm =  0.999413415322470

 ------------------------------------- 
 Iteration  | Rel. error estimate      
 ------------------------------------- 
    0          9.994134153224703e-01
    1          9.874354148100959e-01
    2          9.814365351017303e-01
    3          9.764279768930834e-01
    4          9.667020659971133e-01
    5          9.506719679838430e-01
    6          8.938102990893811e-01
    7          8.211309828958814e-01
    8          5.985316178068425e-01
    9          3.408227001825731e-01
   10          2.118360228923095e-01
   11          1.447240386638896e-01
   12          9.667567722000034e-02
   13          5.747569888709968e-02
   14          2.787732536606429e-02
   15          1.252181586355001e-02
   16          5.968106152905737e-03
   17          3.202730835887512e-03
   18          1.725657928305207e-03
   19          9.246031648815126e-04
   20          5.196894181049433e-04
   21          3.057797708811779e-04
   22          1.772252823123077e-04
   23          9.721108737020984e-05
   24          5.837758029276860e-05
   25          3.331477091233230e-05
   26          1.706300277171897e-05
   27          9.508376622542128e-06
   28          5.101600241660805e-06
   29          2.900901140871982e-06
   30          1.790161505573665e-06
   31          1.065916664557966e-06
   32          5.491692590167832e-07
   33          2.492456205249327e-07
   34          1.294236055689914e-07
   35          6.065304953606039e-08
   36          2.865184155299843e-08
   37          1.622802252598158e-08
   38          8.982244352874347e-09
   39          5.507779209752990e-09
   40          3.352090915982639e-09
   41          1.999775840096826e-09
   42          1.247824346781794e-09
   43          8.338083584788134e-10
   44          5.904917833008864e-10
   45          4.502033937175345e-10
   46          3.231866972084145e-10
   47          1.573327100798958e-10
 ------------------------------------- 


 Final ||Ax - b|| norm =  0.000000000071191
 Final energy = 11011.666008385604073

 Bond dimension before truncation: 36
 Bond dimension after truncation: 36

 MICROITERATION NUMBER = 2  , forward sweep
 - Left boundaries taken from index: 2
 - Right boundaries taken from index: 3


 Initial ||Ax - b|| norm =  0.999437053318752

 ------------------------------------- 
 Iteration  | Rel. error estimate      
 ------------------------------------- 
    0          9.994370533187515e-01
    1          9.874661356599507e-01
    2          9.815193361630580e-01
    3          9.765704465017407e-01
    4          9.684979505652295e-01
    5          9.540539694173650e-01
    6          9.207933765138376e-01
    7          8.530739715055171e-01
    8          7.401389819556130e-01
    9          5.292373244814286e-01
   10          2.803797440098713e-01
   11          1.904807738499482e-01
   12          1.374630942848634e-01
   13          9.190773577201444e-02
   14          5.735971259576157e-02
   15          2.818602182586492e-02
   16          1.441569287795719e-02
   17          7.824783496796803e-03
   18          4.273334529951735e-03
   19          2.311312470863749e-03
   20          1.355717039423105e-03
   21          7.780084600689536e-04
   22          4.292370270630827e-04
   23          2.675462563692212e-04
   24          1.679469050234677e-04
   25          9.899672003243541e-05
   26          6.084363588655758e-05
   27          3.898366153281634e-05
   28          2.061175837717071e-05
   29          1.061007182896153e-05
   30          5.964055152911640e-06
   31          3.123380615234753e-06
   32          1.827427438560993e-06
   33          1.243729269025402e-06
   34          7.988340451083300e-07
   35          5.051141164567518e-07
   36          2.672667330075483e-07
   37          1.379235399153118e-07
   38          7.544058582517695e-08
   39          3.434278335845883e-08
   40          1.908503986749620e-08
   41          1.211766139974615e-08
   42          7.474946876943838e-09
   43          5.252801895628366e-09
   44          4.071011400085469e-09
   45          3.026645197971884e-09
   46          1.775874809167229e-09
   47          1.050434715248413e-09
   48          6.132942377118286e-10
 ------------------------------------- 


 Final ||Ax - b|| norm =  0.000000000333889
 Final energy = 11011.665994575520017

 Bond dimension before truncation: 216
 Bond dimension after truncation: 51

 MICROITERATION NUMBER = 3  , forward sweep
 - Left boundaries taken from index: 3
 - Right boundaries taken from index: 4


 Initial ||Ax - b|| norm =  0.999663097111962

 ------------------------------------- 
 Iteration  | Rel. error estimate      
 ------------------------------------- 
    0          9.996630971119624e-01
    1          9.883208298753448e-01
    2          9.823313305853447e-01
    3          9.778368322456057e-01
    4          9.696486056228985e-01
    5          9.612511603329992e-01
    6          9.324629945795545e-01
    7          8.896964428105583e-01
    8          8.128211924137325e-01
    9          6.194361302483194e-01
   10          3.673182210160994e-01
   11          2.352020337568360e-01
   12          1.649536965450827e-01
   13          1.210779441483097e-01
   14          7.144113912839735e-02
   15          3.876055402022596e-02
   16          1.863107279399333e-02
   17          9.448703413863467e-03
   18          4.920691659529912e-03
   19          2.339179979678607e-03
   20          1.183809541732231e-03
   21          6.864698194544697e-04
   22          4.050639065590851e-04
   23          2.766553963937667e-04
   24          1.662342569359453e-04
   25          8.966356918590584e-05
   26          4.970982661387337e-05
   27          2.615753304965148e-05
   28          1.596388918601231e-05
   29          8.973597542065819e-06
   30          5.668789047076747e-06
   31          3.503755183548197e-06
   32          1.913682312757974e-06
   33          9.968016143511623e-07
   34          5.595791189971293e-07
   35          3.239493386435479e-07
   36          1.596090455251466e-07
   37          8.811129898547556e-08
   38          5.462619974195084e-08
   39          3.198497759729479e-08
   40          2.022965166915756e-08
   41          1.267688601850029e-08
   42          6.733817863932361e-09
   43          3.264550119180153e-09
   44          1.700719957006254e-09
   45          9.169617840996382e-10
   46          4.930255064383425e-10
   47          2.633978979750542e-10
   48          1.374338212210086e-10
 ------------------------------------- 


 Final ||Ax - b|| norm =  0.000000000073216
 Final energy = 11011.662830836030480

 Bond dimension before truncation: 306
 Bond dimension after truncation: 51

 MICROITERATION NUMBER = 4  , forward sweep
 - Left boundaries taken from index: 4
 - Right boundaries taken from index: 5


 Initial ||Ax - b|| norm =  0.999677958999143

 ------------------------------------- 
 Iteration  | Rel. error estimate      
 ------------------------------------- 
    0          9.996779589991432e-01
    1          9.883423488352570e-01
    2          9.823708452769754e-01
    3          9.779209545479994e-01
    4          9.699647747668221e-01
    5          9.614983340281005e-01
    6          9.328984870706303e-01
    7          8.913522846880685e-01
    8          8.129869474246212e-01
    9          6.212618377397652e-01
   10          3.750113229494533e-01
   11          2.399287583456066e-01
   12          1.679931702530723e-01
   13          1.246202144311149e-01
   14          8.306543699742160e-02
   15          4.687083000033414e-02
   16          2.357676290611047e-02
   17          1.262673881277172e-02
   18          6.806645779661291e-03
   19          3.556978079944562e-03
   20          1.821084892516034e-03
   21          9.556282807788982e-04
   22          5.920622309329400e-04
   23          3.690271556097625e-04
   24          2.480814963373560e-04
   25          1.563741933841227e-04
   26          8.978481663722244e-05
   27          5.122056896019753e-05
   28          2.862440708533153e-05
   29          1.664873817674328e-05
   30          1.045360085049116e-05
   31          6.608625940513898e-06
   32          4.162840009675961e-06
   33          2.476622470322754e-06
   34          1.292331086481940e-06
   35          7.083296158595304e-07
   36          4.273921804886432e-07
   37          2.517606754192669e-07
   38          1.474227820149724e-07
   39          8.361672035885996e-08
   40          4.488254226958224e-08
   41          2.467603994084164e-08
   42          1.469215924226971e-08
   43          9.169779644167497e-09
   44          5.346180941364741e-09
   45          3.208699642424877e-09
   46          2.018801386088889e-09
   47          1.101080514355161e-09
   48          6.123830974559604e-10
 ------------------------------------- 


 Final ||Ax - b|| norm =  0.000000000332043
 Final energy = 11011.661943934290321

 Bond dimension before truncation: 306
 Bond dimension after truncation: 51

 MICROITERATION NUMBER = 5  , forward sweep
 - Left boundaries taken from index: 5
 - Right boundaries taken from index: 6


 Initial ||Ax - b|| norm =  0.999870725578792

 ------------------------------------- 
 Iteration  | Rel. error estimate      
 ------------------------------------- 
    0          9.998707255787920e-01
    1          9.883878200571004e-01
    2          9.825176952290483e-01
    3          9.779108892080024e-01
    4          9.703247269143515e-01
    5          9.621721589716016e-01
    6          9.394173080061090e-01
    7          9.046267038783518e-01
    8          8.419805114443075e-01
    9          6.760016470349404e-01
   10          4.378127243305391e-01
   11          2.844187469566903e-01
   12          1.992275662400275e-01
   13          1.509929064754481e-01
   14          1.089264551419484e-01
   15          6.520433048094559e-02
   16          3.394025186188382e-02
   17          1.782182964636761e-02
   18          9.240075005701995e-03
   19          5.143924946016420e-03
   20          2.610595423573741e-03
   21          1.408623666022357e-03
   22          8.479933321026811e-04
   23          5.216433062855672e-04
   24          3.303790848511545e-04
   25          2.137384408608297e-04
   26          1.275720787270108e-04
   27          7.810288769370369e-05
   28          4.735840352747150e-05
   29          2.760110289047387e-05
   30          1.743235537117055e-05
   31          1.118531399728515e-05
   32          7.016914536669341e-06
   33          4.282732366818250e-06
   34          2.435715083278526e-06
   35          1.313354194422431e-06
   36          7.484696430597100e-07
   37          4.382890234032736e-07
   38          2.519197040855161e-07
   39          1.461735246254352e-07
   40          8.566402132443114e-08
   41          4.813124191824690e-08
   42          2.631770564159588e-08
   43          1.601577657251049e-08
   44          9.854382502807351e-09
   45          5.795862256343640e-09
   46          3.326362467354140e-09
   47          1.897304895366831e-09
   48          1.094927377490122e-09
 ------------------------------------- 


 Final ||Ax - b|| norm =  0.000000000591794
 Final energy = 11011.659146600824897

 Bond dimension before truncation: 306
 Bond dimension after truncation: 51

 MICROITERATION NUMBER = 6  , forward sweep
 - Left boundaries taken from index: 6
 - Right boundaries taken from index: 7


 Initial ||Ax - b|| norm =  0.999889659395347

 ------------------------------------- 
 Iteration  | Rel. error estimate      
 ------------------------------------- 
    0          9.998896593953469e-01
    1          9.882989273240311e-01
    2          9.827034672649020e-01
    3          9.782470609766447e-01
    4          9.706729676690000e-01
    5          9.634198344688187e-01
    6          9.429938926512023e-01
    7          9.127852948714779e-01
    8          8.657958717493315e-01
    9          7.422708363254830e-01
   10          4.992326303710313e-01
   11          3.236217960579619e-01
   12          2.044433625892814e-01
   13          1.567491958326691e-01
   14          1.162013412919639e-01
   15          7.449107008717321e-02
   16          4.253240443093054e-02
   17          2.135555278178269e-02
   18          1.060048637324640e-02
   19          6.126527144110777e-03
   20          2.912552364340834e-03
   21          1.622557907380934e-03
   22          9.332313832989995e-04
   23          5.378774182099396e-04
   24          3.371351940747267e-04
   25          2.037794530164107e-04
   26          1.222877247014048e-04
   27          7.610910039926465e-05
   28          4.727360921531326e-05
   29          2.896023399147290e-05
   30          1.831839173315110e-05
   31          1.200878714627536e-05
   32          7.137450259421909e-06
   33          4.307101504765159e-06
   34          2.559368250363148e-06
   35          1.447177923739157e-06
   36          8.040211896097234e-07
   37          4.742229696033252e-07
   38          2.827024025219150e-07
   39          1.668136065088978e-07
   40          9.996337753259360e-08
   41          6.227085426759490e-08
   42          3.757375198640557e-08
   43          2.364048540649131e-08
   44          1.496066090205350e-08
   45          8.931292535370014e-09
   46          4.842008819002532e-09
   47          2.520352433824858e-09
   48          1.339144559635506e-09
 ------------------------------------- 


 Final ||Ax - b|| norm =  0.000000000687680
 Final energy = 11011.649732702904657

 Bond dimension before truncation: 306
 Bond dimension after truncation: 51

 MICROITERATION NUMBER = 7  , forward sweep
 - Left boundaries taken from index: 7
 - Right boundaries taken from index: 8


 Initial ||Ax - b|| norm =  0.999906079043586

 ------------------------------------- 
 Iteration  | Rel. error estimate      
 ------------------------------------- 
    0          9.999060790435856e-01
    1          9.882726700425263e-01
    2          9.826350681542144e-01
    3          9.786370213604726e-01
    4          9.731499340240927e-01
    5          9.649727669001544e-01
    6          9.536282196110518e-01
    7          9.265122598159798e-01
    8          8.875255466723171e-01
    9          8.300808538173721e-01
   10          6.594914305404500e-01
   11          4.424574931102415e-01
   12          2.774845550985240e-01
   13          1.910270438797486e-01
   14          1.423820243629852e-01
   15          1.077910441070716e-01
   16          7.326208129593327e-02
   17          4.304982159626789e-02
   18          2.358845069568283e-02
   19          1.218358752890277e-02
   20          6.817041878153243e-03
   21          3.865248022247001e-03
   22          2.045196384822296e-03
   23          1.144705340812493e-03
   24          7.225615578403701e-04
   25          4.269618863884664e-04
   26          2.583355184747516e-04
   27          1.618656302999584e-04
   28          1.021366965552780e-04
   29          6.254298246553594e-05
   30          3.874877146350820e-05
   31          2.585687368079737e-05
   32          1.606674092679900e-05
   33          1.047625937417178e-05
   34          6.942047423675374e-06
   35          4.284063417936042e-06
   36          2.625677383359160e-06
   37          1.595283625482738e-06
   38          9.389847382713447e-07
   39          5.580338748162165e-07
   40          3.463780515247918e-07
   41          2.155349248489708e-07
   42          1.389983203376164e-07
   43          8.767186606103739e-08
   44          5.559476304312154e-08
   45          3.556483166323863e-08
   46          2.224961299054952e-08
   47          1.377875785899429e-08
   48          8.291754546408527e-09
 ------------------------------------- 


 Final ||Ax - b|| norm =  0.000000004923385
 Final energy = 11011.639937290819944

 Bond dimension before truncation: 306
 Bond dimension after truncation: 51

 MICROITERATION NUMBER = 8  , forward sweep
 - Left boundaries taken from index: 8
 - Right boundaries taken from index: 9


 Initial ||Ax - b|| norm =  0.999794174769881

 ------------------------------------- 
 Iteration  | Rel. error estimate      
 ------------------------------------- 
    0          9.997941747698808e-01
    1          9.884071156236235e-01
    2          9.831138664159248e-01
    3          9.802118388900117e-01
    4          9.775941500350374e-01
    5          9.740170652242891e-01
    6          9.690648422547961e-01
    7          9.626400914271166e-01
    8          9.522752979879499e-01
    9          9.365196425816653e-01
   10          9.089093565801091e-01
   11          8.689992514016833e-01
   12          8.145150239505625e-01
   13          7.260367303986925e-01
   14          5.622278697239982e-01
   15          3.658114142363031e-01
   16          2.446950418948490e-01
   17          1.920838018842116e-01
   18          1.525893972499125e-01
   19          1.175418534782687e-01
   20          9.421078129131270e-02
   21          7.275265327180165e-02
   22          4.524785751909728e-02
   23          2.700188374130933e-02
   24          1.655240947998944e-02
   25          1.030556549700315e-02
   26          6.386385667198011e-03
   27          3.992647486604867e-03
   28          2.483763582851328e-03
   29          1.601109649158888e-03
   30          1.026271187207959e-03
   31          6.655050769914812e-04
   32          4.532276600658063e-04
   33          3.144825616448619e-04
   34          2.166927205957827e-04
   35          1.464769583778282e-04
   36          9.980633920775763e-05
   37          7.100517775677512e-05
   38          5.217325739797734e-05
   39          3.751982221995171e-05
   40          2.648270428932359e-05
   41          1.963655060864145e-05
   42          1.422690680532923e-05
   43          9.455754275046778e-06
   44          6.082620461118721e-06
   45          3.826400959281262e-06
   46          2.414479771321133e-06
   47          1.442690717819493e-06
   48          8.268963041907931e-07
 ------------------------------------- 


 Final ||Ax - b|| norm =  0.000000494609238
 Final energy = 11011.639597522316762

 Bond dimension before truncation: 306
 Bond dimension after truncation: 51

 MICROITERATION NUMBER = 9  , forward sweep
 - Left boundaries taken from index: 9
 - Right boundaries taken from index: 10


 Initial ||Ax - b|| norm =  0.999701764990518

 ------------------------------------- 
 Iteration  | Rel. error estimate      
 ------------------------------------- 
    0          9.997017649905183e-01
    1          9.883965550646008e-01
    2          9.832359406186244e-01
    3          9.806252905477303e-01
    4          9.787783447062915e-01
    5          9.768445083652189e-01
    6          9.745091980606426e-01
    7          9.716367699110644e-01
    8          9.680348676686226e-01
    9          9.632512879370304e-01
   10          9.567995256571398e-01
   11          9.477960341790604e-01
   12          9.338271011694911e-01
   13          9.102482535309229e-01
   14          8.791562921668966e-01
   15          8.388577499799169e-01
   16          7.904945028281065e-01
   17          7.227542998417193e-01
   18          6.149016708447919e-01
   19          4.772715575645235e-01
   20          3.352089827561496e-01
   21          2.307942743293787e-01
   22          1.773519369689341e-01
   23          1.507771454720265e-01
   24          1.306389010407430e-01
   25          1.089127504691828e-01
   26          9.118880115459170e-02
   27          7.585778045538867e-02
   28          6.366008654041724e-02
   29          5.085688294857987e-02
   30          3.609993146731711e-02
   31          2.316569995576707e-02
   32          1.646470203831114e-02
   33          1.207742132340276e-02
   34          9.005763748930303e-03
   35          6.247125754055402e-03
   36          4.406041493663958e-03
   37          3.216361175239618e-03
   38          2.332735386448949e-03
   39          1.722352312119219e-03
   40          1.262202134083998e-03
   41          9.416184602876354e-04
   42          7.048619378962451e-04
   43          5.540567827521985e-04
   44          4.599711150758949e-04
   45          3.665982471791457e-04
   46          2.952620609855547e-04
   47          2.297906284830767e-04
   48          1.744839715096690e-04
 ------------------------------------- 


 Final ||Ax - b|| norm =  0.000138087875821
 Final energy = 11011.641377520798414

 Bond dimension before truncation: 306
 Bond dimension after truncation: 51

 MICROITERATION NUMBER = 10  , forward sweep
 - Left boundaries taken from index: 10
 - Right boundaries taken from index: 11


 Initial ||Ax - b|| norm =  0.998123395735650

 ------------------------------------- 
 Iteration  | Rel. error estimate      
 ------------------------------------- 
    0          9.981233957356496e-01
    1          9.894922784719851e-01
    2          9.840331458521340e-01
    3          9.810797110801777e-01
    4          9.788038964096291e-01
    5          9.758885872256382e-01
    6          9.716130981432711e-01
    7          9.647564205672198e-01
    8          9.544877254197844e-01
    9          9.362618889969979e-01
   10          9.107086222652312e-01
   11          8.666727200687740e-01
   12          7.877842922428978e-01
   13          6.863262979174958e-01
   14          5.377181257427998e-01
   15          3.491086658207020e-01
   16          2.033761573642764e-01
   17          1.151784833718655e-01
   18          7.320088269802802e-02
   19          3.711273481455872e-02
   20          2.245759279762779e-02
   21          1.479264430782319e-02
   22          9.501950734494181e-03
   23          5.752575572715827e-03
   24          4.033799402728110e-03
   25          3.018566074572889e-03
   26          2.076325328394516e-03
   27          1.250357233999906e-03
   28          8.050705617359839e-04
   29          5.113619299984717e-04
   30          3.029725116018783e-04
   31          1.579772613887748e-04
   32          8.667486993283419e-05
   33          4.401171952398902e-05
   34          2.773084293687261e-05
   35          1.811331882803810e-05
   36          1.198703462350667e-05
   37          7.468090814392785e-06
   38          4.104763675353856e-06
   39          1.898368247115013e-06
   40          8.961667421951045e-07
   41          4.549462101628894e-07
   42          2.310131594667285e-07
   43          1.433903578414793e-07
   44          9.661293927848206e-08
   45          5.652539025356918e-08
   46          3.181241508123600e-08
   47          1.788036693030663e-08
   48          9.989186711725240e-09
 ------------------------------------- 


 Final ||Ax - b|| norm =  0.000000006793719
 Final energy = 11011.641621061811747

 Bond dimension before truncation: 306
 Bond dimension after truncation: 51

 MICROITERATION NUMBER = 11  , forward sweep
 - Left boundaries taken from index: 11
 - Right boundaries taken from index: 12


 Initial ||Ax - b|| norm =  0.998123395735649

 ------------------------------------- 
 Iteration  | Rel. error estimate      
 ------------------------------------- 
    0          9.981233957356487e-01
    1          9.893135613546946e-01
    2          9.836265660373724e-01
    3          9.807444471238552e-01
    4          9.782811636473375e-01
    5          9.744180384123092e-01
    6          9.672833495870917e-01
    7          9.559628591034983e-01
    8          9.338257397289583e-01
    9          9.011948318086281e-01
   10          8.386774047354043e-01
   11          7.506108792603207e-01
   12          6.265119896148243e-01
   13          4.557962349445099e-01
   14          2.657211603170283e-01
   15          1.447017206286310e-01
   16          8.876131918003349e-02
   17          5.211934472386363e-02
   18          2.876933670861886e-02
   19          1.661872377386716e-02
   20          1.057639268502475e-02
   21          7.064193794624469e-03
   22          4.674287154147506e-03
   23          2.882904832766387e-03
   24          1.559646439014597e-03
   25          7.697224322682009e-04
   26          3.932568403427013e-04
   27          2.049445467025220e-04
   28          1.300842512447025e-04
   29          9.109464196660861e-05
   30          6.593136361592714e-05
   31          5.521347431254964e-05
   32          4.662718324495327e-05
   33          3.569016499231055e-05
   34          2.500602966752650e-05
   35          1.533025070483037e-05
   36          9.120606438549696e-06
   37          4.914579239129200e-06
   38          2.366046107214422e-06
   39          1.112486769129955e-06
   40          5.414959586126931e-07
   41          3.333195728388099e-07
   42          2.320060504361357e-07
   43          1.655696377965660e-07
   44          1.189117054971533e-07
   45          8.130608522418477e-08
   46          4.354890710651114e-08
   47          1.939339141311567e-08
   48          8.223310769577195e-09
 ------------------------------------- 


 Final ||Ax - b|| norm =  0.000000003706221
 Final energy = 11011.641621061822661

 Bond dimension before truncation: 6
 Bond dimension after truncation: 6

 MICROITERATION NUMBER = 12  , backward sweep
 - Left boundaries taken from index: 10
 - Right boundaries taken from index: 11


 Initial ||Ax - b|| norm =  0.998123395735650

 ------------------------------------- 
 Iteration  | Rel. error estimate      
 ------------------------------------- 
    0          9.981233957356501e-01
    1          9.894922784719828e-01
    2          9.840331458521294e-01
    3          9.810797110801710e-01
    4          9.788038964096200e-01
    5          9.758885872256252e-01
    6          9.716130981432516e-01
    7          9.647564205671894e-01
    8          9.544877254197370e-01
    9          9.362618889969205e-01
   10          9.107086222651141e-01
   11          8.666727200685952e-01
   12          7.877842922426321e-01
   13          6.863262979171616e-01
   14          5.377181257424399e-01
   15          3.491086658204086e-01
   16          2.033761573640891e-01
   17          1.151784833717563e-01
   18          7.320088269795819e-02
   19          3.711273481452309e-02
   20          2.245759279760625e-02
   21          1.479264430780903e-02
   22          9.501950734485067e-03
   23          5.752575572710323e-03
   24          4.033799402724261e-03
   25          3.018566074570005e-03
   26          2.076325328392559e-03
   27          1.250357233998820e-03
   28          8.050705617355877e-04
   29          5.113619299982700e-04
   30          3.029725116016238e-04
   31          1.579772613886217e-04
   32          8.667486993275066e-05
   33          4.401171952395305e-05
   34          2.773084293685676e-05
   35          1.811331882802302e-05
   36          1.198703462349522e-05
   37          7.468090814385521e-06
   38          4.104763675349915e-06
   39          1.898368247113282e-06
   40          8.961667421944052e-07
   41          4.549462101627409e-07
   42          2.310131594670427e-07
   43          1.433903578422319e-07
   44          9.661293927936494e-08
   45          5.652539025466346e-08
   46          3.181241508284413e-08
   47          1.788036693283763e-08
   48          9.989186716542071e-09
 ------------------------------------- 


 Final ||Ax - b|| norm =  0.000000006793725
 Final energy = 11011.641621061826299

 Bond dimension before truncation: 36
 Bond dimension after truncation: 36

 MICROITERATION NUMBER = 13  , backward sweep
 - Left boundaries taken from index: 9
 - Right boundaries taken from index: 10


 Initial ||Ax - b|| norm =  0.999701764990519

 ------------------------------------- 
 Iteration  | Rel. error estimate      
 ------------------------------------- 
    0          9.997017649905191e-01
    1          9.883965550645990e-01
    2          9.832359406186203e-01
    3          9.806252905477246e-01
    4          9.787783447062844e-01
    5          9.768445083652099e-01
    6          9.745091980606310e-01
    7          9.716367699110492e-01
    8          9.680348676686023e-01
    9          9.632512879370034e-01
   10          9.567995256571034e-01
   11          9.477960341790109e-01
   12          9.338271011694216e-01
   13          9.102482535308213e-01
   14          8.791562921667571e-01
   15          8.388577499797344e-01
   16          7.904945028278797e-01
   17          7.227542998414457e-01
   18          6.149016708444772e-01
   19          4.772715575642149e-01
   20          3.352089827559403e-01
   21          2.307942743294581e-01
   22          1.773519369700244e-01
   23          1.507771454768271e-01
   24          1.306389010680053e-01
   25          1.089127507172746e-01
   26          9.118880179286004e-02
   27          7.585778076917168e-02
   28          6.366008659446125e-02
   29          5.085688295614200e-02
   30          3.609993148702095e-02
   31          2.316570006699819e-02
   32          1.646470215541114e-02
   33          1.207742133748208e-02
   34          9.005763750254227e-03
   35          6.247125754082367e-03
   36          4.406041493392579e-03
   37          3.216361174590275e-03
   38          2.332735383679490e-03
   39          1.722352310073358e-03
   40          1.262202134076394e-03
   41          9.416184617636450e-04
   42          7.048619509934773e-04
   43          5.540568428827478e-04
   44          4.599711502056870e-04
   45          3.665982536526999e-04
   46          2.952620620955322e-04
   47          2.297906285740393e-04
   48          1.744839715621373e-04
 ------------------------------------- 


 Final ||Ax - b|| norm =  0.000138087876170
 Final energy = 11011.641377520832975

 Bond dimension before truncation: 216
 Bond dimension after truncation: 51

 MICROITERATION NUMBER = 14  , backward sweep
 - Left boundaries taken from index: 8
 - Right boundaries taken from index: 9


 Initial ||Ax - b|| norm =  0.999793768806519

 ------------------------------------- 
 Iteration  | Rel. error estimate      
 ------------------------------------- 
    0          9.997937688065189e-01
    1          9.884094572728442e-01
    2          9.831455355325949e-01
    3          9.803177618228618e-01
    4          9.778259384708153e-01
    5          9.745106068813625e-01
    6          9.697671086078496e-01
    7          9.637051834925408e-01
    8          9.546439513953735e-01
    9          9.427133463230067e-01
   10          9.182972784952630e-01
   11          8.817934232856783e-01
   12          8.345053881851980e-01
   13          7.649284787718048e-01
   14          6.488422394796228e-01
   15          4.463511567980203e-01
   16          2.868458050261832e-01
   17          2.142792707586326e-01
   18          1.749853471662018e-01
   19          1.365982462596939e-01
   20          1.069159307737678e-01
   21          8.636734166078518e-02
   22          6.417919000963779e-02
   23          4.008115883018034e-02
   24          2.448450654309401e-02
   25          1.518284035616663e-02
   26          9.513576174629572e-03
   27          5.879193042442247e-03
   28          3.779219683566799e-03
   29          2.431899544855217e-03
   30          1.562032873240642e-03
   31          1.020906703273088e-03
   32          6.669842274072484e-04
   33          4.655452701260194e-04
   34          3.262913446813050e-04
   35          2.250531471833736e-04
   36          1.570995295717436e-04
   37          1.067053826004920e-04
   38          7.663542475882254e-05
   39          5.620685466278511e-05
   40          4.108265775577243e-05
   41          2.978883403986868e-05
   42          2.173448866573197e-05
   43          1.631992681830913e-05
   44          1.132843656913699e-05
   45          7.397224997296180e-06
   46          4.889683667900420e-06
   47          3.054035150235177e-06
   48          1.909945446520905e-06
 ------------------------------------- 


 Final ||Ax - b|| norm =  0.000001139681219
 Final energy = 11011.639442110297750

 Bond dimension before truncation: 306
 Bond dimension after truncation: 51

 MICROITERATION NUMBER = 15  , backward sweep
 - Left boundaries taken from index: 7
 - Right boundaries taken from index: 8


 Initial ||Ax - b|| norm =  0.999904727111889

 ------------------------------------- 
 Iteration  | Rel. error estimate      
 ------------------------------------- 
    0          9.999047271118889e-01
    1          9.882842250439074e-01
    2          9.826560979931347e-01
    3          9.790506320113590e-01
    4          9.735535859303190e-01
    5          9.659817195032059e-01
    6          9.560081728365996e-01
    7          9.336753182439977e-01
    8          8.957162986881952e-01
    9          8.461751639612679e-01
   10          7.304231919591122e-01
   11          5.004797127115874e-01
   12          3.279769669232456e-01
   13          2.175598642964226e-01
   14          1.603417647205713e-01
   15          1.219025670277681e-01
   16          8.972848187847710e-02
   17          5.704403309265164e-02
   18          3.318491988741884e-02
   19          1.722335512921819e-02
   20          9.651995787757267e-03
   21          5.396715017003052e-03
   22          3.073158049009132e-03
   23          1.683093049280364e-03
   24          9.724415056573803e-04
   25          6.338391067311750e-04
   26          3.722921609853089e-04
   27          2.303883447318289e-04
   28          1.445739909106113e-04
   29          9.228792044357225e-05
   30          5.728644536426539e-05
   31          3.653725911961670e-05
   32          2.429288050865239e-05
   33          1.573356679981714e-05
   34          1.004113048989139e-05
   35          6.758651021466959e-06
   36          4.356368185630012e-06
   37          2.637958399509996e-06
   38          1.594915060152218e-06
   39          9.885516103516815e-07
   40          5.768442202279701e-07
   41          3.596101780981436e-07
   42          2.298971068291921e-07
   43          1.445415076339530e-07
   44          9.347355108492649e-08
   45          6.036602826465658e-08
   46          3.710548676786256e-08
   47          2.358177705673318e-08
   48          1.474598915668810e-08
 ------------------------------------- 


 Final ||Ax - b|| norm =  0.000000008777984
 Final energy = 11011.639533179646605

 Bond dimension before truncation: 306
 Bond dimension after truncation: 51

 MICROITERATION NUMBER = 16  , backward sweep
 - Left boundaries taken from index: 6
 - Right boundaries taken from index: 7


 Initial ||Ax - b|| norm =  0.999880206961217

 ------------------------------------- 
 Iteration  | Rel. error estimate      
 ------------------------------------- 
    0          9.998802069612167e-01
    1          9.883174932083629e-01
    2          9.828535977019004e-01
    3          9.785419915894018e-01
    4          9.715924940613893e-01
    5          9.644443151280986e-01
    6          9.486392174908677e-01
    7          9.188652439709935e-01
    8          8.807458476982515e-01
    9          7.821287552102862e-01
   10          5.701730872763938e-01
   11          3.619541698001869e-01
   12          2.329818109362691e-01
   13          1.670365653999618e-01
   14          1.311534373878633e-01
   15          8.607629839189621e-02
   16          5.297790843191954e-02
   17          2.787944030485211e-02
   18          1.356104457527532e-02
   19          7.776157719380897e-03
   20          4.069144576439691e-03
   21          2.070400545991761e-03
   22          1.225823528393223e-03
   23          7.027094085481913e-04
   24          4.316353069536832e-04
   25          2.644714053311167e-04
   26          1.615925634835053e-04
   27          9.762286884980037e-05
   28          6.181736294085731e-05
   29          3.840214000927578e-05
   30          2.367561975010483e-05
   31          1.568121255912590e-05
   32          1.004900691283447e-05
   33          6.043449997797160e-06
   34          3.707712946931418e-06
   35          2.146233137490079e-06
   36          1.224429187761478e-06
   37          6.961742785129918e-07
   38          4.162619321957091e-07
   39          2.478504553066242e-07
   40          1.462088117200084e-07
   41          9.007566091031960e-08
   42          5.568719230515516e-08
   43          3.402740848872587e-08
   44          2.124980300144650e-08
   45          1.300469034607722e-08
   46          7.349645869557136e-09
   47          3.779799195464476e-09
   48          2.000737797924109e-09
 ------------------------------------- 


 Final ||Ax - b|| norm =  0.000000001096835
 Final energy = 11011.645677333191998

 Bond dimension before truncation: 306
 Bond dimension after truncation: 51

 MICROITERATION NUMBER = 17  , backward sweep
 - Left boundaries taken from index: 5
 - Right boundaries taken from index: 6


 Initial ||Ax - b|| norm =  0.999867792309600

 ------------------------------------- 
 Iteration  | Rel. error estimate      
 ------------------------------------- 
    0          9.998677923095999e-01
    1          9.883721215988764e-01
    2          9.827235756295503e-01
    3          9.782095709127279e-01
    4          9.707261945085777e-01
    5          9.632969763394872e-01
    6          9.411305744469788e-01
    7          9.097448675708540e-01
    8          8.529069252455533e-01
    9          7.101606181496615e-01
   10          4.749493621234918e-01
   11          3.124177705762789e-01
   12          2.098328642162467e-01
   13          1.624431583255921e-01
   14          1.169635255998110e-01
   15          7.405186485331970e-02
   16          4.156023842162763e-02
   17          2.050203895890096e-02
   18          1.097120950868996e-02
   19          6.227616195508966e-03
   20          3.008393648629261e-03
   21          1.642750024259779e-03
   22          9.655231546385729e-04
   23          5.924391920007480e-04
   24          3.876439744299613e-04
   25          2.541011533412281e-04
   26          1.499606420405604e-04
   27          9.418353707708719e-05
   28          5.734456895303896e-05
   29          3.369560169272637e-05
   30          2.114888488857424e-05
   31          1.389575186438034e-05
   32          8.693737290933648e-06
   33          5.416471248114336e-06
   34          3.088009815693140e-06
   35          1.727912112837097e-06
   36          9.830602126647801e-07
   37          5.785085988164961e-07
   38          3.465899781998860e-07
   39          1.963123004898587e-07
   40          1.139692803607386e-07
   41          6.353325276931778e-08
   42          3.531308632423464e-08
   43          2.066830724235104e-08
   44          1.288676514840121e-08
   45          7.894559556322378e-09
   46          4.604236990290371e-09
   47          2.638599540273669e-09
   48          1.468692116546821e-09
 ------------------------------------- 


 Final ||Ax - b|| norm =  0.000000000788149
 Final energy = 11011.649497074637111

 Bond dimension before truncation: 306
 Bond dimension after truncation: 51

 MICROITERATION NUMBER = 18  , backward sweep
 - Left boundaries taken from index: 4
 - Right boundaries taken from index: 5


 Initial ||Ax - b|| norm =  0.999674206873666

 ------------------------------------- 
 Iteration  | Rel. error estimate      
 ------------------------------------- 
    0          9.996742068736663e-01
    1          9.884089847479385e-01
    2          9.825154149186669e-01
    3          9.780867822766098e-01
    4          9.705399899106665e-01
    5          9.624746595325986e-01
    6          9.358917064977298e-01
    7          8.967423644934117e-01
    8          8.215425236510928e-01
    9          6.587928147586395e-01
   10          4.058913141830773e-01
   11          2.535021204730772e-01
   12          1.763918041240534e-01
   13          1.301086233426769e-01
   14          8.833821487672854e-02
   15          5.362611545976537e-02
   16          2.756922361040762e-02
   17          1.446612965575411e-02
   18          7.768968125944825e-03
   19          4.042255200440508e-03
   20          2.026850341003591e-03
   21          1.014652800995363e-03
   22          6.323578355006630e-04
   23          4.107260315854798e-04
   24          2.710520264263739e-04
   25          1.684751168981789e-04
   26          9.818413078544589e-05
   27          5.654500311030605e-05
   28          3.212285622056971e-05
   29          1.914397005307771e-05
   30          1.233749146834102e-05
   31          7.544376896855956e-06
   32          4.741304098370628e-06
   33          2.857166774120487e-06
   34          1.558873579804328e-06
   35          8.550594389053871e-07
   36          4.852453797452813e-07
   37          2.934543100132823e-07
   38          1.749068671945075e-07
   39          9.611395741003825e-08
   40          5.543895894584431e-08
   41          3.114683751211448e-08
   42          1.780588151671033e-08
   43          1.082694331004731e-08
   44          6.568120564353226e-09
   45          4.002929658318110e-09
   46          2.399329512282826e-09
   47          1.353166081698354e-09
   48          7.475292439587223e-10
 ------------------------------------- 


 Final ||Ax - b|| norm =  0.000000000379319
 Final energy = 11011.651439372912137

 Bond dimension before truncation: 306
 Bond dimension after truncation: 51

 MICROITERATION NUMBER = 19  , backward sweep
 - Left boundaries taken from index: 3
 - Right boundaries taken from index: 4


 Initial ||Ax - b|| norm =  0.999626971289226

 ------------------------------------- 
 Iteration  | Rel. error estimate      
 ------------------------------------- 
    0          9.996269712892257e-01
    1          9.883663248183072e-01
    2          9.824928677339296e-01
    3          9.780490184219054e-01
    4          9.703063746276579e-01
    5          9.623367713735906e-01
    6          9.350988269120087e-01
    7          8.962539457075460e-01
    8          8.182102502220691e-01
    9          6.605986682059228e-01
   10          4.036449665403880e-01
   11          2.445446821649321e-01
   12          1.746658068496134e-01
   13          1.258701139066839e-01
   14          7.958883216992384e-02
   15          4.601842973671662e-02
   16          1.982922003856621e-02
   17          1.051665093075026e-02
   18          5.361116642851510e-03
   19          2.527842120092022e-03
   20          1.273614375144694e-03
   21          7.143587180080219e-04
   22          4.640803615922464e-04
   23          2.965098595361724e-04
   24          1.837747795037377e-04
   25          1.034912262913845e-04
   26          5.777461123430032e-05
   27          3.150250728653849e-05
   28          1.826540368077394e-05
   29          1.054147322409907e-05
   30          6.346973833468041e-06
   31          3.962497564184677e-06
   32          2.416341725087222e-06
   33          1.263992399119684e-06
   34          6.578680498939091e-07
   35          3.687283693176209e-07
   36          1.986225565304413e-07
   37          1.074135560329841e-07
   38          6.320010053190740e-08
   39          3.867487329519816e-08
   40          2.406117244646911e-08
   41          1.473027578573745e-08
   42          8.421297573281018e-09
   43          4.362783073673480e-09
   44          2.331106285045760e-09
   45          1.195059632597346e-09
   46          6.208663335602714e-10
   47          3.422042045056217e-10
   48          1.785145584236617e-10
 ------------------------------------- 


 Final ||Ax - b|| norm =  0.000000000090372
 Final energy = 11011.652463178801554

 Bond dimension before truncation: 306
 Bond dimension after truncation: 51

 MICROITERATION NUMBER = 20  , backward sweep
 - Left boundaries taken from index: 2
 - Right boundaries taken from index: 3


 Initial ||Ax - b|| norm =  0.999431606454488

 ------------------------------------- 
 Iteration  | Rel. error estimate      
 ------------------------------------- 
    0          9.994316064544877e-01
    1          9.875825397211668e-01
    2          9.817488602053838e-01
    3          9.769974043243186e-01
    4          9.687496194916049e-01
    5          9.561500029187867e-01
    6          9.241426216430009e-01
    7          8.644421210642800e-01
    8          7.563560128831400e-01
    9          5.557333041057978e-01
   10          2.932192768983211e-01
   11          2.034078101815552e-01
   12          1.427755841462375e-01
   13          9.849692984924159e-02
   14          6.007008939817769e-02
   15          3.083923454413512e-02
   16          1.510808978508827e-02
   17          8.320291795054398e-03
   18          4.423647479418339e-03
   19          2.414077313135642e-03
   20          1.424276246232363e-03
   21          8.217515409290164e-04
   22          4.655207220636704e-04
   23          2.775125585444967e-04
   24          1.739452373011340e-04
   25          1.045141990504993e-04
   26          6.587718977346903e-05
   27          4.183497766534819e-05
   28          2.217610201925656e-05
   29          1.104433628087231e-05
   30          6.039875769257724e-06
   31          3.142821415513784e-06
   32          1.812645006317327e-06
   33          1.149694224848782e-06
   34          7.160710497626390e-07
   35          4.393700911067151e-07
   36          2.455129537355500e-07
   37          1.255784015306318e-07
   38          5.902603369043167e-08
   39          2.797126499369966e-08
   40          1.506885859225069e-08
   41          8.120102637901395e-09
   42          3.815231202552619e-09
   43          2.021643401604408e-09
   44          1.131279394973608e-09
   45          6.740150347860409e-10
   46          4.088214511203291e-10
   47          2.522771672547864e-10
   48          1.576021339241004e-10
 ------------------------------------- 


 Final ||Ax - b|| norm =  0.000000000091024
 Final energy = 11011.655707688783878

 Bond dimension before truncation: 306
 Bond dimension after truncation: 51

 MICROITERATION NUMBER = 21  , backward sweep
 - Left boundaries taken from index: 1
 - Right boundaries taken from index: 2


 Initial ||Ax - b|| norm =  0.999404134900247

 ------------------------------------- 
 Iteration  | Rel. error estimate      
 ------------------------------------- 
    0          9.994041349002470e-01
    1          9.875598217148225e-01
    2          9.816694866435993e-01
    3          9.769153399575553e-01
    4          9.670137917352863e-01
    5          9.528724957609923e-01
    6          9.004002289556027e-01
    7          8.329184554625617e-01
    8          6.287304375392854e-01
    9          3.701254175337059e-01
   10          2.278092259242758e-01
   11          1.546531283202044e-01
   12          1.046720831227362e-01
   13          6.180677121139134e-02
   14          3.092449662032568e-02
   15          1.356873737619071e-02
   16          6.594013299009873e-03
   17          3.442711012912616e-03
   18          1.816083014522914e-03
   19          1.008410606413361e-03
   20          5.659683293306798e-04
   21          3.186413034113001e-04
   22          1.847808695118811e-04
   23          1.022558221889150e-04
   24          6.340357403548916e-05
   25          3.305621469349078e-05
   26          1.624669797347673e-05
   27          8.072019568410099e-06
   28          4.519795843502489e-06
   29          2.703111062202502e-06
   30          1.586915819024753e-06
   31          8.787944450808916e-07
   32          4.289844024113946e-07
   33          2.098604004365999e-07
   34          9.573922366649633e-08
   35          3.941220633820994e-08
   36          2.037951742332134e-08
   37          1.105821022784497e-08
   38          6.595526922593063e-09
   39          3.910630271743861e-09
   40          2.218207487375157e-09
   41          1.189902381610056e-09
   42          6.219702079404409e-10
   43          2.986242232704176e-10
   44          1.052821560269750e-10
 ------------------------------------- 


 Final ||Ax - b|| norm =  0.000000000043500
 Final energy = 11011.655721030181667

 Bond dimension before truncation: 306
 Bond dimension after truncation: 51


 -------------------
   SWEEP NUMBER 2
 -------------------
 - Noise parameter: 0.0000000100
 - Maximum bond dimension: 50
 - Truncation parameter: 0.0000000000

 MICROITERATION NUMBER = 0  , forward sweep
 - Left boundaries taken from index: 0
 - Right boundaries taken from index: 1


 Initial ||Ax - b|| norm =  0.999402567081526

 ------------------------------------- 
 Iteration  | Rel. error estimate      
 ------------------------------------- 
    0          9.994025670815259e-01
    1          9.875315894161771e-01
    2          9.816265991198109e-01
    3          9.767185271036642e-01
    4          9.659460321494777e-01
    5          9.447865979110033e-01
    6          8.886186076538725e-01
    7          7.906601439152772e-01
    8          4.941714032850424e-01
    9          2.787993122820600e-01
   10          1.686377035769628e-01
   11          1.129646852441864e-01
   12          5.104950762740659e-02
   13          2.048650208293451e-02
   14          9.196195504800738e-03
   15          4.533832968965154e-03
   16          2.035086002492798e-03
   17          1.076856448825175e-03
   18          5.725551806979604e-04
   19          2.970839197907874e-04
   20          1.517932445867868e-04
   21          8.498314492456387e-05
   22          4.234299048987445e-05
   23          1.800960215606175e-05
   24          8.384502325157779e-06
   25          4.427710835479301e-06
   26          2.421973167247972e-06
   27          1.240996274630727e-06
   28          6.506920880385595e-07
   29          2.918671707316795e-07
   30          1.080238729883379e-07
   31          4.214083259065716e-08
   32          2.106865470740314e-08
   33          1.009054535528700e-08
   34          5.847759163954733e-09
   35          3.393541520705155e-09
   36          1.627580573239987e-09
   37          7.903346505950462e-10
   38          2.682028065158918e-10
 ------------------------------------- 


 Final ||Ax - b|| norm =  0.000000000092181
 Final energy = 11011.655721035764145

 Bond dimension before truncation: 6
 Bond dimension after truncation: 6

 MICROITERATION NUMBER = 1  , forward sweep
 - Left boundaries taken from index: 1
 - Right boundaries taken from index: 2


 Initial ||Ax - b|| norm =  0.999404134900247

 ------------------------------------- 
 Iteration  | Rel. error estimate      
 ------------------------------------- 
    0          9.994041349002474e-01
    1          9.875598217148208e-01
    2          9.816694866435957e-01
    3          9.769153399575484e-01
    4          9.670137917352699e-01
    5          9.528724957609606e-01
    6          9.004002289555170e-01
    7          8.329184554624182e-01
    8          6.287304375390531e-01
    9          3.701254175335061e-01
   10          2.278092259241402e-01
   11          1.546531283201091e-01
   12          1.046720831226702e-01
   13          6.180677121135153e-02
   14          3.092449662030543e-02
   15          1.356873737618175e-02
   16          6.594013299005522e-03
   17          3.442711012910313e-03
   18          1.816083014521675e-03
   19          1.008410606412651e-03
   20          5.659683293302688e-04
   21          3.186413034110633e-04
   22          1.847808695117414e-04
   23          1.022558221888376e-04
   24          6.340357403544163e-05
   25          3.305621469346664e-05
   26          1.624669797346486e-05
   27          8.072019568404045e-06
   28          4.519795843499022e-06
   29          2.703111062200428e-06
   30          1.586915819023554e-06
   31          8.787944450802471e-07
   32          4.289844024111002e-07
   33          2.098604004364893e-07
   34          9.573922366656695e-08
   35          3.941220633841640e-08
   36          2.037951742369903e-08
   37          1.105821022851879e-08
   38          6.595526923341956e-09
   39          3.910630273408754e-09
   40          2.218207488984378e-09
   41          1.189902381929642e-09
   42          6.219702070884213e-10
   43          2.986242213540478e-10
   44          1.052821505464543e-10
 ------------------------------------- 


 Final ||Ax - b|| norm =  0.000000000043494
 Final energy = 11011.655721030181667

 Bond dimension before truncation: 36
 Bond dimension after truncation: 36

 MICROITERATION NUMBER = 2  , forward sweep
 - Left boundaries taken from index: 2
 - Right boundaries taken from index: 3


 Initial ||Ax - b|| norm =  0.999431606454489

 ------------------------------------- 
 Iteration  | Rel. error estimate      
 ------------------------------------- 
    0          9.994316064544891e-01
    1          9.875825397211629e-01
    2          9.817488602053749e-01
    3          9.769974043243018e-01
    4          9.687496194915679e-01
    5          9.561500029187159e-01
    6          9.241426216428442e-01
    7          8.644421210639821e-01
    8          7.563560128826597e-01
    9          5.557333041051982e-01
   10          2.932192768978943e-01
   11          2.034078101812447e-01
   12          1.427755841460146e-01
   13          9.849692984908644e-02
   14          6.007008939808219e-02
   15          3.083923454408574e-02
   16          1.510808978506391e-02
   17          8.320291795040999e-03
   18          4.423647479411220e-03
   19          2.414077313131736e-03
   20          1.424276246230021e-03
   21          8.217515409276592e-04
   22          4.655207220629007e-04
   23          2.775125585440346e-04
   24          1.739452373008411e-04
   25          1.045141990503223e-04
   26          6.587718977335828e-05
   27          4.183497766527790e-05
   28          2.217610201921946e-05
   29          1.104433628085395e-05
   30          6.039875769247754e-06
   31          3.142821415508762e-06
   32          1.812645006314702e-06
   33          1.149694224847822e-06
   34          7.160710497633080e-07
   35          4.393700911105507e-07
   36          2.455129537427161e-07
   37          1.255784015464631e-07
   38          5.902603375936297e-08
   39          2.797126510055079e-08
   40          1.506885867573155e-08
   41          8.120102727918491e-09
   42          3.815231253999015e-09
   43          2.021643412486566e-09
   44          1.131279393504996e-09
   45          6.740150304748865e-10
   46          4.088214436642285e-10
   47          2.522771553173825e-10
   48          1.576021146164169e-10
 ------------------------------------- 


 Final ||Ax - b|| norm =  0.000000000091008
 Final energy = 11011.655707688854818

 Bond dimension before truncation: 216
 Bond dimension after truncation: 51

 MICROITERATION NUMBER = 3  , forward sweep
 - Left boundaries taken from index: 3
 - Right boundaries taken from index: 4


 Initial ||Ax - b|| norm =  0.999626971427085

 ------------------------------------- 
 Iteration  | Rel. error estimate      
 ------------------------------------- 
    0          9.996269714270851e-01
    1          9.883663252576543e-01
    2          9.824928704326065e-01
    3          9.780490126131798e-01
    4          9.703057987041044e-01
    5          9.623350164806234e-01
    6          9.350745647677666e-01
    7          8.962180209899013e-01
    8          8.180608472931374e-01
    9          6.602121407011255e-01
   10          4.031796601793365e-01
   11          2.442787766688095e-01
   12          1.745341718122063e-01
   13          1.257833266434177e-01
   14          7.957093478117591e-02
   15          4.597042883428711e-02
   16          1.979184194885603e-02
   17          1.049058248268358e-02
   18          5.340273238744005e-03
   19          2.521790571611971e-03
   20          1.270332126224252e-03
   21          7.131381807928091e-04
   22          4.634563718905962e-04
   23          2.963434455813289e-04
   24          1.840378460734547e-04
   25          1.041885343111303e-04
   26          5.818645066924497e-05
   27          3.167292318508716e-05
   28          1.828437558401157e-05
   29          1.053286811203889e-05
   30          6.340907540202576e-06
   31          3.955748988330637e-06
   32          2.403811125382101e-06
   33          1.254536786281763e-06
   34          6.521484129214733e-07
   35          3.649635842857720e-07
   36          1.947104549842328e-07
   37          1.025602542308545e-07
   38          5.829647597732026e-08
   39          3.507047285662255e-08
   40          2.165961401253032e-08
   41          1.288674403578986e-08
   42          6.885198372681175e-09
   43          3.540937087765346e-09
   44          1.778490919165469e-09
   45          8.867585282209963e-10
   46          4.792137581083675e-10
   47          2.663374070878342e-10
   48          1.427765856381785e-10
 ------------------------------------- 


 Final ||Ax - b|| norm =  0.000000000074427
 Final energy = 11011.652461265679449

 Bond dimension before truncation: 306
 Bond dimension after truncation: 51

 MICROITERATION NUMBER = 4  , forward sweep
 - Left boundaries taken from index: 4
 - Right boundaries taken from index: 5


 Initial ||Ax - b|| norm =  0.999674207062614

 ------------------------------------- 
 Iteration  | Rel. error estimate      
 ------------------------------------- 
    0          9.996742070626141e-01
    1          9.884089864349289e-01
    2          9.825154206611155e-01
    3          9.780868147605456e-01
    4          9.705403791625917e-01
    5          9.624747428928667e-01
    6          9.358834114752617e-01
    7          8.967294006811769e-01
    8          8.215275692181812e-01
    9          6.587270084914880e-01
   10          4.057971470732720e-01
   11          2.534794111259149e-01
   12          1.763541437472200e-01
   13          1.300884746441578e-01
   14          8.832429351320739e-02
   15          5.361861936452229e-02
   16          2.760177831398531e-02
   17          1.448020005009212e-02
   18          7.776961618713198e-03
   19          4.044937262440228e-03
   20          2.027484834586788e-03
   21          1.013716404154124e-03
   22          6.321231971325379e-04
   23          4.104199669083301e-04
   24          2.708865804059200e-04
   25          1.683743838508800e-04
   26          9.803295449844980e-05
   27          5.638783109853362e-05
   28          3.196966133703906e-05
   29          1.904990325863975e-05
   30          1.228126011251181e-05
   31          7.513140121981040e-06
   32          4.728692127514907e-06
   33          2.851510131615639e-06
   34          1.554039931868975e-06
   35          8.534192910007580e-07
   36          4.842465890258770e-07
   37          2.926052305624315e-07
   38          1.742182861670222e-07
   39          9.536605740879268e-08
   40          5.467048606421233e-08
   41          3.067600041628238e-08
   42          1.757148752365936e-08
   43          1.073952482632150e-08
   44          6.536305947342129e-09
   45          3.992563514360374e-09
   46          2.399332551169058e-09
   47          1.356350207816743e-09
   48          7.501628969926390e-10
 ------------------------------------- 


 Final ||Ax - b|| norm =  0.000000000380923
 Final energy = 11011.651430976280608

 Bond dimension before truncation: 306
 Bond dimension after truncation: 51

 MICROITERATION NUMBER = 5  , forward sweep
 - Left boundaries taken from index: 5
 - Right boundaries taken from index: 6


 Initial ||Ax - b|| norm =  0.999867788388990

 ------------------------------------- 
 Iteration  | Rel. error estimate      
 ------------------------------------- 
    0          9.998677883889904e-01
    1          9.883721217665852e-01
    2          9.827236829417340e-01
    3          9.782102287351987e-01
    4          9.707347778001657e-01
    5          9.633064884597233e-01
    6          9.412149083808099e-01
    7          9.098696924893567e-01
    8          8.531069456639154e-01
    9          7.109917115609212e-01
   10          4.757410204812447e-01
   11          3.131755425006525e-01
   12          2.100990433932210e-01
   13          1.627164784657186e-01
   14          1.172911357240904e-01
   15          7.434009295303644e-02
   16          4.178078884923007e-02
   17          2.059714509390468e-02
   18          1.102831960102833e-02
   19          6.272542428309390e-03
   20          3.043288365176642e-03
   21          1.662995662337072e-03
   22          9.779839819554353e-04
   23          6.021722567448906e-04
   24          3.921222438073956e-04
   25          2.571046247369692e-04
   26          1.519771203322483e-04
   27          9.491392659915303e-05
   28          5.781677563581685e-05
   29          3.410482068098836e-05
   30          2.132863840948032e-05
   31          1.398137220187510e-05
   32          8.744293652181842e-06
   33          5.443275813981795e-06
   34          3.102592628479486e-06
   35          1.739405106884577e-06
   36          9.918862158040050e-07
   37          5.820087975489161e-07
   38          3.494361369096373e-07
   39          1.989865987778574e-07
   40          1.158450495727900e-07
   41          6.544125546839863e-08
   42          3.681168757506053e-08
   43          2.192061800685721e-08
   44          1.429646842433480e-08
   45          8.976195837057538e-09
   46          5.271708697589276e-09
   47          2.972540904406790e-09
   48          1.635602217521954e-09
 ------------------------------------- 


 Final ||Ax - b|| norm =  0.000000000894371
 Final energy = 11011.648949778113092

 Bond dimension before truncation: 306
 Bond dimension after truncation: 51

 MICROITERATION NUMBER = 6  , forward sweep
 - Left boundaries taken from index: 6
 - Right boundaries taken from index: 7


 Initial ||Ax - b|| norm =  0.999879638911198

 ------------------------------------- 
 Iteration  | Rel. error estimate      
 ------------------------------------- 
    0          9.998796389111984e-01
    1          9.883171254989218e-01
    2          9.828531402004259e-01
    3          9.785426150482995e-01
    4          9.715895056337838e-01
    5          9.644429194889124e-01
    6          9.486274904342192e-01
    7          9.188687649149022e-01
    8          8.807143196335601e-01
    9          7.821577366043985e-01
   10          5.711125669789807e-01
   11          3.635842954416844e-01
   12          2.350004917932892e-01
   13          1.686923330376572e-01
   14          1.322398053660180e-01
   15          8.688167721364756e-02
   16          5.391384573949284e-02
   17          2.827857690031688e-02
   18          1.367899006204136e-02
   19          7.824795587275770e-03
   20          4.094195034017925e-03
   21          2.081322066774058e-03
   22          1.227941224629021e-03
   23          7.015066030003458e-04
   24          4.290775283607559e-04
   25          2.625789493876903e-04
   26          1.606170083455791e-04
   27          9.743922077681622e-05
   28          6.180653169651089e-05
   29          3.838054745806703e-05
   30          2.360384188830268e-05
   31          1.559232885874913e-05
   32          9.943586559989906e-06
   33          5.970782077472278e-06
   34          3.660575448473448e-06
   35          2.117103972764568e-06
   36          1.204060312717500e-06
   37          6.846973001166455e-07
   38          4.128632142349084e-07
   39          2.463683349059091e-07
   40          1.448733460091928e-07
   41          8.943608862829580e-08
   42          5.506617291657360e-08
   43          3.357400638209177e-08
   44          2.105254603675424e-08
   45          1.289162666833962e-08
   46          7.280172851092473e-09
   47          3.719994725966404e-09
   48          1.953173722127054e-09
 ------------------------------------- 


 Final ||Ax - b|| norm =  0.000000001061093
 Final energy = 11011.644277428045825

 Bond dimension before truncation: 306
 Bond dimension after truncation: 51

 MICROITERATION NUMBER = 7  , forward sweep
 - Left boundaries taken from index: 7
 - Right boundaries taken from index: 8


 Initial ||Ax - b|| norm =  0.999905107086385

 ------------------------------------- 
 Iteration  | Rel. error estimate      
 ------------------------------------- 
    0          9.999051070863852e-01
    1          9.882831522400881e-01
    2          9.826560890682298e-01
    3          9.790517709443692e-01
    4          9.735518934713024e-01
    5          9.659764285247360e-01
    6          9.560116558799380e-01
    7          9.336496755669509e-01
    8          8.956471245520258e-01
    9          8.458531030827614e-01
   10          7.285150530022551e-01
   11          4.970340997378400e-01
   12          3.262696631447309e-01
   13          2.162209542235954e-01
   14          1.602552274344803e-01
   15          1.216558855930751e-01
   16          8.913913193161517e-02
   17          5.670207667438170e-02
   18          3.281707204646653e-02
   19          1.716393985999666e-02
   20          9.550398045834780e-03
   21          5.339668762781231e-03
   22          3.000549544814041e-03
   23          1.604558699791261e-03
   24          9.348694691782060e-04
   25          6.101776067497097e-04
   26          3.581846522122802e-04
   27          2.242521270641813e-04
   28          1.417101012472451e-04
   29          9.146226296781530e-05
   30          5.685025739630930e-05
   31          3.671480378881708e-05
   32          2.455721950830811e-05
   33          1.596737410297077e-05
   34          1.022108036566036e-05
   35          6.833153677739388e-06
   36          4.399369879081942e-06
   37          2.662211878323998e-06
   38          1.621962133073349e-06
   39          1.012173502120360e-06
   40          5.890527122580343e-07
   41          3.670671135658496e-07
   42          2.346824913221918e-07
   43          1.482543428622982e-07
   44          9.642681807432698e-08
   45          6.318459258873244e-08
   46          3.904080160755762e-08
   47          2.475120081412468e-08
   48          1.575054652137621e-08
 ------------------------------------- 


 Final ||Ax - b|| norm =  0.000000009424684
 Final energy = 11011.637767212212566

 Bond dimension before truncation: 306
 Bond dimension after truncation: 51

 MICROITERATION NUMBER = 8  , forward sweep
 - Left boundaries taken from index: 8
 - Right boundaries taken from index: 9


 Initial ||Ax - b|| norm =  0.999790660388535

 ------------------------------------- 
 Iteration  | Rel. error estimate      
 ------------------------------------- 
    0          9.997906603885350e-01
    1          9.884110174712361e-01
    2          9.831483666945937e-01
    3          9.803218847221117e-01
    4          9.778301431633160e-01
    5          9.745125330113645e-01
    6          9.697636212235669e-01
    7          9.636947217015189e-01
    8          9.546153685978360e-01
    9          9.426918241123338e-01
   10          9.182944715312493e-01
   11          8.817947883239924e-01
   12          8.345759530255592e-01
   13          7.652745423628283e-01
   14          6.496414272994292e-01
   15          4.469980506599625e-01
   16          2.869811297461853e-01
   17          2.144605089775642e-01
   18          1.752140187816337e-01
   19          1.368503806427870e-01
   20          1.071105784033124e-01
   21          8.646396626580038e-02
   22          6.417622287578870e-02
   23          4.007981611595573e-02
   24          2.446722566271530e-02
   25          1.515112425658244e-02
   26          9.468167122825657e-03
   27          5.825846218217279e-03
   28          3.731534279626313e-03
   29          2.395904882675510e-03
   30          1.537062674695661e-03
   31          1.000498475741663e-03
   32          6.486478622828158e-04
   33          4.510569044563660e-04
   34          3.164148739643763e-04
   35          2.186527257399975e-04
   36          1.521292839808298e-04
   37          1.022414551968521e-04
   38          7.286042931140063e-05
   39          5.340543688309720e-05
   40          3.903319410363596e-05
   41          2.830346913786041e-05
   42          2.068222367008605e-05
   43          1.564582623538327e-05
   44          1.099279422057875e-05
   45          7.212687397945933e-06
   46          4.794368411411311e-06
   47          3.023432563894302e-06
   48          1.902556391841475e-06
 ------------------------------------- 


 Final ||Ax - b|| norm =  0.000001138534324
 Final energy = 11011.637786983808837

 Bond dimension before truncation: 306
 Bond dimension after truncation: 51

 MICROITERATION NUMBER = 9  , forward sweep
 - Left boundaries taken from index: 9
 - Right boundaries taken from index: 10


 Initial ||Ax - b|| norm =  0.999700246027568

 ------------------------------------- 
 Iteration  | Rel. error estimate      
 ------------------------------------- 
    0          9.997002460275679e-01
    1          9.883946650639259e-01
    2          9.832345146205620e-01
    3          9.806248353213625e-01
    4          9.787786536903247e-01
    5          9.768451948957468e-01
    6          9.745097791001235e-01
    7          9.716366880706191e-01
    8          9.680332095091596e-01
    9          9.632455002076307e-01
   10          9.567843227147931e-01
   11          9.477665594916841e-01
   12          9.337544969155538e-01
   13          9.100729089352350e-01
   14          8.788271413370217e-01
   15          8.383485168270401e-01
   16          7.898243379615921e-01
   17          7.219037049168158e-01
   18          6.138372044825066e-01
   19          4.763372167825257e-01
   20          3.367595907695597e-01
   21          2.409426261229750e-01
   22          1.929796922279458e-01
   23          1.600448116990307e-01
   24          1.384291589147272e-01
   25          1.188619631726222e-01
   26          9.611303280848142e-02
   27          7.686311524544628e-02
   28          6.364920856736331e-02
   29          5.082826973505408e-02
   30          3.724185448956201e-02
   31          2.649996478484874e-02
   32          1.763403494519732e-02
   33          1.245240881124388e-02
   34          9.643128893305737e-03
   35          7.156561235959214e-03
   36          4.882512166903976e-03
   37          3.501191573648208e-03
   38          2.616137213647503e-03
   39          1.790881720155508e-03
   40          1.259371764301221e-03
   41          9.318681343484397e-04
   42          7.170636692740850e-04
   43          5.865647669155550e-04
   44          4.607082574409702e-04
   45          3.596350065899630e-04
   46          2.886042172764976e-04
   47          2.250020577014267e-04
   48          1.701758013618767e-04
 ------------------------------------- 


 Final ||Ax - b|| norm =  0.000131630343120
 Final energy = 11011.639743013129191

 Bond dimension before truncation: 306
 Bond dimension after truncation: 51

 MICROITERATION NUMBER = 10  , forward sweep
 - Left boundaries taken from index: 10
 - Right boundaries taken from index: 11


 Initial ||Ax - b|| norm =  0.998121488117266

 ------------------------------------- 
 Iteration  | Rel. error estimate      
 ------------------------------------- 
    0          9.981214881172664e-01
    1          9.894931056081255e-01
    2          9.840336673204244e-01
    3          9.810810770793178e-01
    4          9.788061555922631e-01
    5          9.758912290218305e-01
    6          9.716116848268139e-01
    7          9.647476545344635e-01
    8          9.544819972170543e-01
    9          9.362413168506427e-01
   10          9.108618444340937e-01
   11          8.665171317197199e-01
   12          7.875287732864027e-01
   13          6.860118181866721e-01
   14          5.366617260683144e-01
   15          3.465471618820171e-01
   16          2.019365582000578e-01
   17          1.143697657296838e-01
   18          7.281222157886789e-02
   19          3.667847624863307e-02
   20          2.206527277014332e-02
   21          1.410372434103142e-02
   22          8.931644264039812e-03
   23          5.577383480674919e-03
   24          3.937270517558318e-03
   25          2.954169690207632e-03
   26          2.045001332900179e-03
   27          1.230012643232214e-03
   28          7.911120250605881e-04
   29          5.026682885904983e-04
   30          2.998423234694331e-04
   31          1.569415243400008e-04
   32          8.587656720333564e-05
   33          4.301807348192402e-05
   34          2.583835462541668e-05
   35          1.745313151030984e-05
   36          1.192938627527968e-05
   37          7.424517676167083e-06
   38          4.005026721810469e-06
   39          1.849502917911776e-06
   40          8.812223112555670e-07
   41          4.532764038693966e-07
   42          2.395743851341116e-07
   43          1.557404740013265e-07
   44          1.103867366139136e-07
   45          7.576480946872417e-08
   46          5.619507343597875e-08
   47          4.544154838420214e-08
   48          3.619853282123864e-08
 ------------------------------------- 


 Final ||Ax - b|| norm =  0.000000029221436
 Final energy = 11011.639990125242548

 Bond dimension before truncation: 306
 Bond dimension after truncation: 51

 MICROITERATION NUMBER = 11  , forward sweep
 - Left boundaries taken from index: 11
 - Right boundaries taken from index: 12


 Initial ||Ax - b|| norm =  0.998121488117264

 ------------------------------------- 
 Iteration  | Rel. error estimate      
 ------------------------------------- 
    0          9.981214881172639e-01
    1          9.893135824906759e-01
    2          9.836557095213714e-01
    3          9.807567204795694e-01
    4          9.783166698761721e-01
    5          9.744679818928362e-01
    6          9.673278817532660e-01
    7          9.560413696195899e-01
    8          9.347763091488906e-01
    9          9.016247073293900e-01
   10          8.378558763444034e-01
   11          7.412833861132934e-01
   12          6.184432738524031e-01
   13          4.578057999717758e-01
   14          2.791489967891113e-01
   15          1.461599738493078e-01
   16          8.649924413795425e-02
   17          5.133729706849426e-02
   18          2.872141882553080e-02
   19          1.683031753575333e-02
   20          1.018707511540741e-02
   21          6.756694442397745e-03
   22          4.481732030301247e-03
   23          2.685703315435633e-03
   24          1.514816298303870e-03
   25          7.530684307332137e-04
   26          3.929603065437751e-04
   27          2.258186358239228e-04
   28          1.535514229769991e-04
   29          1.130515764342712e-04
   30          8.937709642130746e-05
   31          7.683153893375512e-05
   32          6.160205347635817e-05
   33          4.364651449811452e-05
   34          2.649579600531481e-05
   35          1.542360160987505e-05
   36          9.265757299646121e-06
   37          5.095122905492173e-06
   38          2.748361534323731e-06
   39          1.575364412048624e-06
   40          1.033435528358630e-06
   41          7.549954162085547e-07
   42          5.805742016593565e-07
   43          3.550651535602518e-07
   44          2.077919768215024e-07
   45          1.196841981914949e-07
   46          5.599763290552136e-08
   47          2.420672254699033e-08
   48          9.756674067049075e-09
 ------------------------------------- 


 Final ||Ax - b|| norm =  0.000000004291867
 Final energy = 11011.639990125258919

 Bond dimension before truncation: 6
 Bond dimension after truncation: 6

 MICROITERATION NUMBER = 12  , backward sweep
 - Left boundaries taken from index: 10
 - Right boundaries taken from index: 11


 Initial ||Ax - b|| norm =  0.998121488117266

 ------------------------------------- 
 Iteration  | Rel. error estimate      
 ------------------------------------- 
    0          9.981214881172659e-01
    1          9.894931056081263e-01
    2          9.840336673204261e-01
    3          9.810810770793204e-01
    4          9.788061555922668e-01
    5          9.758912290218357e-01
    6          9.716116848268221e-01
    7          9.647476545344768e-01
    8          9.544819972170751e-01
    9          9.362413168506766e-01
   10          9.108618444341450e-01
   11          8.665171317197984e-01
   12          7.875287732865204e-01
   13          6.860118181868212e-01
   14          5.366617260684755e-01
   15          3.465471618821472e-01
   16          2.019365582001406e-01
   17          1.143697657297321e-01
   18          7.281222157889918e-02
   19          3.667847624864905e-02
   20          2.206527277015301e-02
   21          1.410372434103769e-02
   22          8.931644264043834e-03
   23          5.577383480677387e-03
   24          3.937270517560068e-03
   25          2.954169690208931e-03
   26          2.045001332900953e-03
   27          1.230012643232287e-03
   28          7.911120250591779e-04
   29          5.026682885890738e-04
   30          2.998423234692897e-04
   31          1.569415243400464e-04
   32          8.587656720337226e-05
   33          4.301807348194348e-05
   34          2.583835462542735e-05
   35          1.745313151031674e-05
   36          1.192938627528499e-05
   37          7.424517676170508e-06
   38          4.005026721812314e-06
   39          1.849502917912581e-06
   40          8.812223112558624e-07
   41          4.532764038694332e-07
   42          2.395743851340784e-07
   43          1.557404740015362e-07
   44          1.103867366146595e-07
   45          7.576480946968725e-08
   46          5.619507343734940e-08
   47          4.544154838567145e-08
   48          3.619853282241018e-08
 ------------------------------------- 


 Final ||Ax - b|| norm =  0.000000029221443
 Final energy = 11011.639990125242548

 Bond dimension before truncation: 36
 Bond dimension after truncation: 36

 MICROITERATION NUMBER = 13  , backward sweep
 - Left boundaries taken from index: 9
 - Right boundaries taken from index: 10


 Initial ||Ax - b|| norm =  0.999700246027567

 ------------------------------------- 
 Iteration  | Rel. error estimate      
 ------------------------------------- 
    0          9.997002460275668e-01
    1          9.883946650639297e-01
    2          9.832345146205694e-01
    3          9.806248353213729e-01
    4          9.787786536903380e-01
    5          9.768451948957638e-01
    6          9.745097791001458e-01
    7          9.716366880706483e-01
    8          9.680332095091984e-01
    9          9.632455002076828e-01
   10          9.567843227148638e-01
   11          9.477665594917807e-01
   12          9.337544969156897e-01
   13          9.100729089354350e-01
   14          8.788271413372981e-01
   15          8.383485168274032e-01
   16          7.898243379620408e-01
   17          7.219037049173496e-01
   18          6.138372044830616e-01
   19          4.763372167824157e-01
   20          3.367595907656892e-01
   21          2.409426261099316e-01
   22          1.929796922215931e-01
   23          1.600448116986497e-01
   24          1.384291589148573e-01
   25          1.188619631727717e-01
   26          9.611303280847312e-02
   27          7.686311524442299e-02
   28          6.364920856261867e-02
   29          5.082826970091751e-02
   30          3.724185414606707e-02
   31          2.649996428002590e-02
   32          1.763403485691895e-02
   33          1.245240879362286e-02
   34          9.643128887471224e-03
   35          7.156561234837706e-03
   36          4.882512166840641e-03
   37          3.501191573645420e-03
   38          2.616137213636491e-03
   39          1.790881720071703e-03
   40          1.259371763706680e-03
   41          9.318681304465922e-04
   42          7.170636435578816e-04
   43          5.865647493446414e-04
   44          4.607082557817221e-04
   45          3.596350063993353e-04
   46          2.886042172465493e-04
   47          2.250020576967401e-04
   48          1.701758013300265e-04
 ------------------------------------- 


 Final ||Ax - b|| norm =  0.000131630342818
 Final energy = 11011.639743013201951

 Bond dimension before truncation: 216
 Bond dimension after truncation: 51

 MICROITERATION NUMBER = 14  , backward sweep
 - Left boundaries taken from index: 8
 - Right boundaries taken from index: 9


 Initial ||Ax - b|| norm =  0.999790660053786

 ------------------------------------- 
 Iteration  | Rel. error estimate      
 ------------------------------------- 
    0          9.997906600537864e-01
    1          9.884110238598223e-01
    2          9.831485936348623e-01
    3          9.803228718033463e-01
    4          9.778321556153209e-01
    5          9.745174380669037e-01
    6          9.697709137243742e-01
    7          9.637070618092736e-01
    8          9.546340606547421e-01
    9          9.427356377732388e-01
   10          9.183719148977201e-01
   11          8.819003691081655e-01
   12          8.347725120257953e-01
   13          7.656338358647118e-01
   14          6.502856981198127e-01
   15          4.477579592991139e-01
   16          2.875053622798884e-01
   17          2.147166433555177e-01
   18          1.754224869186770e-01
   19          1.370372461136391e-01
   20          1.072433445819266e-01
   21          8.658803424833279e-02
   22          6.434918781149432e-02
   23          4.022267702779272e-02
   24          2.454936650131219e-02
   25          1.520683688637220e-02
   26          9.501720659834399e-03
   27          5.847677847277325e-03
   28          3.746303289091396e-03
   29          2.405309527419554e-03
   30          1.543122020161294e-03
   31          1.004506957937299e-03
   32          6.510381300666122e-04
   33          4.526440349705255e-04
   34          3.175873073844536e-04
   35          2.195520032223387e-04
   36          1.527752023412676e-04
   37          1.026509002158100e-04
   38          7.313605608669761e-05
   39          5.359518476217164e-05
   40          3.919138063273220e-05
   41          2.842864991234411e-05
   42          2.076026988428502e-05
   43          1.570691116278002e-05
   44          1.105743587682534e-05
   45          7.255080290146401e-06
   46          4.826096217745557e-06
   47          3.043838383313620e-06
   48          1.916036744534027e-06
 ------------------------------------- 


 Final ||Ax - b|| norm =  0.000001148668468
 Final energy = 11011.637786441564458

 Bond dimension before truncation: 306
 Bond dimension after truncation: 51

 MICROITERATION NUMBER = 15  , backward sweep
 - Left boundaries taken from index: 7
 - Right boundaries taken from index: 8


 Initial ||Ax - b|| norm =  0.999905019893981

 ------------------------------------- 
 Iteration  | Rel. error estimate      
 ------------------------------------- 
    0          9.999050198939813e-01
    1          9.882829442763502e-01
    2          9.826559870349229e-01
    3          9.790533914591185e-01
    4          9.735627690975267e-01
    5          9.659841076821140e-01
    6          9.560420840051026e-01
    7          9.336926612127932e-01
    8          8.957417629245767e-01
    9          8.460147158774199e-01
   10          7.290586659828376e-01
   11          4.975048491795485e-01
   12          3.267099841829573e-01
   13          2.164409982204081e-01
   14          1.603874454767170e-01
   15          1.218035411559479e-01
   16          8.923522678534328e-02
   17          5.682086948390166e-02
   18          3.288760897783930e-02
   19          1.720135301202209e-02
   20          9.570709055830800e-03
   21          5.354810776660254e-03
   22          3.009150938384871e-03
   23          1.610192622581250e-03
   24          9.373498782335713e-04
   25          6.117493374992741e-04
   26          3.591209598205046e-04
   27          2.250241882466627e-04
   28          1.420849222469057e-04
   29          9.172554177056555e-05
   30          5.699743953511532e-05
   31          3.678743585707675e-05
   32          2.461598710593457e-05
   33          1.600948154181107e-05
   34          1.025267600010756e-05
   35          6.860399722606138e-06
   36          4.421599640808184e-06
   37          2.675286868878643e-06
   38          1.630994253592345e-06
   39          1.017418704022879e-06
   40          5.920974062421188e-07
   41          3.688969800614422e-07
   42          2.356529601670766e-07
   43          1.487938330739127e-07
   44          9.677817497970551e-08
   45          6.336799020176647e-08
   46          3.920014688178195e-08
   47          2.483791239641897e-08
   48          1.583184720640191e-08
 ------------------------------------- 


 Final ||Ax - b|| norm =  0.000000009481773
 Final energy = 11011.637770754172379

 Bond dimension before truncation: 306
 Bond dimension after truncation: 51

 MICROITERATION NUMBER = 16  , backward sweep
 - Left boundaries taken from index: 6
 - Right boundaries taken from index: 7


 Initial ||Ax - b|| norm =  0.999879350789008

 ------------------------------------- 
 Iteration  | Rel. error estimate      
 ------------------------------------- 
    0          9.998793507890085e-01
    1          9.883187642817042e-01
    2          9.828603102814641e-01
    3          9.785561043243244e-01
    4          9.716306837544705e-01
    5          9.644790639482518e-01
    6          9.489356805978132e-01
    7          9.190160627171877e-01
    8          8.814167687040313e-01
    9          7.830618400075011e-01
   10          5.742104365154790e-01
   11          3.651341134832237e-01
   12          2.363193724697163e-01
   13          1.692873948513782e-01
   14          1.328620984760346e-01
   15          8.747151103776422e-02
   16          5.439863319469510e-02
   17          2.871365322613221e-02
   18          1.377096032265729e-02
   19          7.913760416303857e-03
   20          4.135793216648782e-03
   21          2.103681687314804e-03
   22          1.243010041153219e-03
   23          7.084069474408598e-04
   24          4.332581920801282e-04
   25          2.662592774733890e-04
   26          1.618651260700218e-04
   27          9.894187122205561e-05
   28          6.243674686223290e-05
   29          3.890744372049886e-05
   30          2.400547475385852e-05
   31          1.575178476848023e-05
   32          1.013760391837838e-05
   33          6.077468604514785e-06
   34          3.720679433838350e-06
   35          2.166823555371331e-06
   36          1.224876112845550e-06
   37          6.995752993159023e-07
   38          4.205811226856880e-07
   39          2.513265844041215e-07
   40          1.478958440180428e-07
   41          9.101221778499722e-08
   42          5.627023241141859e-08
   43          3.423481674464415e-08
   44          2.148872334687613e-08
   45          1.320284902555284e-08
   46          7.494860755241627e-09
   47          3.826701980343128e-09
   48          1.997992200530761e-09
 ------------------------------------- 


 Final ||Ax - b|| norm =  0.000000001060371
 Final energy = 11011.643959689643452

 Bond dimension before truncation: 306
 Bond dimension after truncation: 51

 MICROITERATION NUMBER = 17  , backward sweep
 - Left boundaries taken from index: 5
 - Right boundaries taken from index: 6


 Initial ||Ax - b|| norm =  0.999868283354037

 ------------------------------------- 
 Iteration  | Rel. error estimate      
 ------------------------------------- 
    0          9.998682833540374e-01
    1          9.883725611027064e-01
    2          9.827178440592984e-01
    3          9.781994727569437e-01
    4          9.707073490001955e-01
    5          9.632732137111898e-01
    6          9.410399531171277e-01
    7          9.097780209838169e-01
    8          8.522474936998465e-01
    9          7.105068284122588e-01
   10          4.743065162671175e-01
   11          3.115610865562998e-01
   12          2.097696402724169e-01
   13          1.622023992206803e-01
   14          1.167384849620194e-01
   15          7.437340665122884e-02
   16          4.146223718149474e-02
   17          2.053017616912457e-02
   18          1.101732229089323e-02
   19          6.221257188310478e-03
   20          3.026708117265292e-03
   21          1.641961016460903e-03
   22          9.647302052270821e-04
   23          5.989579650627063e-04
   24          3.891180990577143e-04
   25          2.555949344623987e-04
   26          1.508229226894206e-04
   27          9.327960697002173e-05
   28          5.705736268445141e-05
   29          3.369875679364715e-05
   30          2.115111865039514e-05
   31          1.391549464331372e-05
   32          8.626058185594059e-06
   33          5.357182375216889e-06
   34          3.056554195171816e-06
   35          1.704701029611087e-06
   36          9.791480744533513e-07
   37          5.770249654231799e-07
   38          3.455520455152469e-07
   39          1.964921530550727e-07
   40          1.130852816176978e-07
   41          6.374036845008463e-08
   42          3.618972640958422e-08
   43          2.150305310973233e-08
   44          1.407422751726159e-08
   45          8.831366796979339e-09
   46          5.157988907763883e-09
   47          2.908017082598942e-09
   48          1.582990525495744e-09
 ------------------------------------- 


 Final ||Ax - b|| norm =  0.000000000870777
 Final energy = 11011.648387773228023

 Bond dimension before truncation: 306
 Bond dimension after truncation: 51

 MICROITERATION NUMBER = 18  , backward sweep
 - Left boundaries taken from index: 4
 - Right boundaries taken from index: 5


 Initial ||Ax - b|| norm =  0.999676345329455

 ------------------------------------- 
 Iteration  | Rel. error estimate      
 ------------------------------------- 
    0          9.996763453294555e-01
    1          9.883873501453212e-01
    2          9.825473712570124e-01
    3          9.781413067198702e-01
    4          9.705647805656883e-01
    5          9.626553146987584e-01
    6          9.362324010696887e-01
    7          8.976207678870168e-01
    8          8.235381764842867e-01
    9          6.647239236894052e-01
   10          4.106724344732496e-01
   11          2.582538501786256e-01
   12          1.777906855813249e-01
   13          1.323792837780261e-01
   14          8.957421107140229e-02
   15          5.515182488476658e-02
   16          2.856296191030643e-02
   17          1.494205716456154e-02
   18          8.067397798356092e-03
   19          4.178156682053746e-03
   20          2.094159493555336e-03
   21          1.049288566798159e-03
   22          6.431329484003825e-04
   23          4.231835492151242e-04
   24          2.775008199062063e-04
   25          1.727738369064269e-04
   26          1.004291090558387e-04
   27          5.794259296776587e-05
   28          3.292069035155425e-05
   29          1.955831027468140e-05
   30          1.260331762371148e-05
   31          7.798256793495040e-06
   32          4.839914040267936e-06
   33          2.945655634960493e-06
   34          1.626037027336263e-06
   35          8.893484707536410e-07
   36          5.067642654847853e-07
   37          3.075435549365653e-07
   38          1.870355832567870e-07
   39          1.032320348638018e-07
   40          6.012065439696371e-08
   41          3.379439266709929e-08
   42          1.885256643658731e-08
   43          1.149098454299080e-08
   44          6.921622885704478e-09
   45          4.232320829169735e-09
   46          2.547308948048599e-09
   47          1.439091287903947e-09
   48          8.095187984791902e-10
 ------------------------------------- 


 Final ||Ax - b|| norm =  0.000000000411300
 Final energy = 11011.650636746235250

 Bond dimension before truncation: 306
 Bond dimension after truncation: 51

 MICROITERATION NUMBER = 19  , backward sweep
 - Left boundaries taken from index: 3
 - Right boundaries taken from index: 4


 Initial ||Ax - b|| norm =  0.999635256137334

 ------------------------------------- 
 Iteration  | Rel. error estimate      
 ------------------------------------- 
    0          9.996352561373342e-01
    1          9.883484902632268e-01
    2          9.825185472706428e-01
    3          9.781013028208347e-01
    4          9.703301782654822e-01
    5          9.624911311516046e-01
    6          9.351361943474552e-01
    7          8.965407741034480e-01
    8          8.196870126726091e-01
    9          6.619507503041705e-01
   10          4.062056631709759e-01
   11          2.483593407278555e-01
   12          1.753362565632202e-01
   13          1.279773561677434e-01
   14          8.045654849906059e-02
   15          4.708544355902753e-02
   16          2.048883991914604e-02
   17          1.077284142102061e-02
   18          5.500027058016225e-03
   19          2.578593984033766e-03
   20          1.321174032287203e-03
   21          7.283364205647747e-04
   22          4.796512281017081e-04
   23          3.062272465420120e-04
   24          1.912309496723118e-04
   25          1.099800699475462e-04
   26          6.092505871646262e-05
   27          3.375397198381527e-05
   28          1.900593755497838e-05
   29          1.089958665664455e-05
   30          6.564429274551830e-06
   31          4.046630674641794e-06
   32          2.480969378498321e-06
   33          1.293096869932151e-06
   34          6.802393445649453e-07
   35          3.803170731023299e-07
   36          2.142088296105165e-07
   37          1.195680503388900e-07
   38          6.774993159952944e-08
   39          3.997214086164548e-08
   40          2.460993336802703e-08
   41          1.492185940433868e-08
   42          8.458465035993811e-09
   43          4.298559486645960e-09
   44          2.278935969456513e-09
   45          1.130052505440084e-09
   46          5.634796571398549e-10
   47          3.097747025744936e-10
   48          1.673233460853060e-10
 ------------------------------------- 


 Final ||Ax - b|| norm =  0.000000000086444
 Final energy = 11011.651664576551411

 Bond dimension before truncation: 306
 Bond dimension after truncation: 51

 MICROITERATION NUMBER = 20  , backward sweep
 - Left boundaries taken from index: 2
 - Right boundaries taken from index: 3


 Initial ||Ax - b|| norm =  0.999439458276379

 ------------------------------------- 
 Iteration  | Rel. error estimate      
 ------------------------------------- 
    0          9.994394582763789e-01
    1          9.875723643538753e-01
    2          9.817601875933122e-01
    3          9.770694559193420e-01
    4          9.687524711995931e-01
    5          9.563200938332316e-01
    6          9.241724676372246e-01
    7          8.647129366677837e-01
    8          7.567976328342941e-01
    9          5.551290409485191e-01
   10          2.942149908587074e-01
   11          2.042751862630137e-01
   12          1.430723606929335e-01
   13          9.909689604131193e-02
   14          6.022389062086485e-02
   15          3.108972452207415e-02
   16          1.511336156419774e-02
   17          8.311937145840576e-03
   18          4.369628146665663e-03
   19          2.418582696520883e-03
   20          1.426656150048541e-03
   21          8.249175212525629e-04
   22          4.621408794300004e-04
   23          2.763382593446462e-04
   24          1.731162698461020e-04
   25          1.054468338556823e-04
   26          6.583987423490165e-05
   27          4.198737998639055e-05
   28          2.210240873144413e-05
   29          1.095076851466783e-05
   30          5.937036765630836e-06
   31          3.155674966242789e-06
   32          1.829581119128788e-06
   33          1.160033654204952e-06
   34          7.226684840437571e-07
   35          4.412823587512396e-07
   36          2.461959717298737e-07
   37          1.273824737717079e-07
   38          5.971693350622731e-08
   39          2.885813095764246e-08
   40          1.553406608106084e-08
   41          8.324417592402902e-09
   42          3.875703661145476e-09
   43          2.012444498776987e-09
   44          1.129823259536799e-09
   45          6.684496266235208e-10
   46          4.090642183008803e-10
   47          2.508448926081210e-10
   48          1.551992694432557e-10
 ------------------------------------- 


 Final ||Ax - b|| norm =  0.000000000088225
 Final energy = 11011.654887767670516

 Bond dimension before truncation: 306
 Bond dimension after truncation: 51

 MICROITERATION NUMBER = 21  , backward sweep
 - Left boundaries taken from index: 1
 - Right boundaries taken from index: 2


 Initial ||Ax - b|| norm =  0.999412206148485

 ------------------------------------- 
 Iteration  | Rel. error estimate      
 ------------------------------------- 
    0          9.994122061484848e-01
    1          9.875484936820551e-01
    2          9.816768584269813e-01
    3          9.769908318526430e-01
    4          9.670400018624297e-01
    5          9.529744898043029e-01
    6          9.009319386281450e-01
    7          8.326667991416690e-01
    8          6.332006877512496e-01
    9          3.719103881860264e-01
   10          2.295759369833077e-01
   11          1.549387562102250e-01
   12          1.053374912946674e-01
   13          6.211265564924563e-02
   14          3.117811098635711e-02
   15          1.364482134467786e-02
   16          6.646026068984938e-03
   17          3.431968779060844e-03
   18          1.821479083250450e-03
   19          1.017769389893324e-03
   20          5.677212596754621e-04
   21          3.182452778484141e-04
   22          1.858442203050864e-04
   23          1.025315943355524e-04
   24          6.413004309435736e-05
   25          3.290873282568511e-05
   26          1.614388752800908e-05
   27          7.980651010749860e-06
   28          4.524059815409540e-06
   29          2.717290003267513e-06
   30          1.580942740987571e-06
   31          8.720131829958593e-07
   32          4.243655363794741e-07
   33          2.079051689179941e-07
   34          9.534327354779768e-08
   35          3.902002572544598e-08
   36          1.986753625676727e-08
   37          1.080993423161034e-08
   38          6.497443274126926e-09
   39          3.725275532359131e-09
   40          2.022047871597880e-09
   41          1.033630365470681e-09
   42          5.810294649767633e-10
   43          2.718347844806058e-10
 ------------------------------------- 


 Final ||Ax - b|| norm =  0.000000000098286
 Final energy = 11011.654901141648224

 Bond dimension before truncation: 306
 Bond dimension after truncation: 51


 -------------------
   SWEEP NUMBER 3
 -------------------
 - Noise parameter: 0.0000000100
 - Maximum bond dimension: 50
 - Truncation parameter: 0.0000000000

 MICROITERATION NUMBER = 0  , forward sweep
 - Left boundaries taken from index: 0
 - Right boundaries taken from index: 1


 Initial ||Ax - b|| norm =  0.999410695354683

 ------------------------------------- 
 Iteration  | Rel. error estimate      
 ------------------------------------- 
    0          9.994106953546831e-01
    1          9.875207165455727e-01
    2          9.816343298481188e-01
    3          9.768115592140614e-01
    4          9.660791656505159e-01
    5          9.452674418733638e-01
    6          8.903873937299042e-01
    7          7.938308751879261e-01
    8          5.055749044357468e-01
    9          2.851391021167191e-01
   10          1.704873173238003e-01
   11          1.142513954331304e-01
   12          5.229269527387940e-02
   13          2.074582949160575e-02
   14          9.244911246419798e-03
   15          4.540969387885461e-03
   16          2.043932809064721e-03
   17          1.097173002699335e-03
   18          5.761347077730572e-04
   19          2.980186302168571e-04
   20          1.538470222265890e-04
   21          8.708371970751989e-05
   22          4.280919172900328e-05
   23          1.839443835809491e-05
   24          8.534295387821543e-06
   25          4.648644222170007e-06
   26          2.526644637897690e-06
   27          1.282882890017901e-06
   28          6.801949816052660e-07
   29          2.970335000156947e-07
   30          1.202211241164180e-07
   31          4.890755701124793e-08
   32          2.588434064818395e-08
   33          1.348726953412204e-08
   34          6.589246651954472e-09
   35          3.642094228780535e-09
   36          1.674971564350714e-09
   37          8.111335854553134e-10
   38          2.656761765935642e-10
 ------------------------------------- 


 Final ||Ax - b|| norm =  0.000000000088823
 Final energy = 11011.654901146072007

 Bond dimension before truncation: 6
 Bond dimension after truncation: 6

 MICROITERATION NUMBER = 1  , forward sweep
 - Left boundaries taken from index: 1
 - Right boundaries taken from index: 2


 Initial ||Ax - b|| norm =  0.999412206148485

 ------------------------------------- 
 Iteration  | Rel. error estimate      
 ------------------------------------- 
    0          9.994122061484852e-01
    1          9.875484936820568e-01
    2          9.816768584269852e-01
    3          9.769908318526505e-01
    4          9.670400018624475e-01
    5          9.529744898043369e-01
    6          9.009319386282355e-01
    7          8.326667991418210e-01
    8          6.332006877514941e-01
    9          3.719103881862390e-01
   10          2.295759369834538e-01
   11          1.549387562103267e-01
   12          1.053374912947373e-01
   13          6.211265564928672e-02
   14          3.117811098637761e-02
   15          1.364482134468688e-02
   16          6.646026068989355e-03
   17          3.431968779063102e-03
   18          1.821479083251636e-03
   19          1.017769389893982e-03
   20          5.677212596758244e-04
   21          3.182452778486156e-04
   22          1.858442203052033e-04
   23          1.025315943356164e-04
   24          6.413004309439726e-05
   25          3.290873282570548e-05
   26          1.614388752801907e-05
   27          7.980651010754736e-06
   28          4.524059815412265e-06
   29          2.717290003269139e-06
   30          1.580942740988529e-06
   31          8.720131829963912e-07
   32          4.243655363797383e-07
   33          2.079051689181346e-07
   34          9.534327354789113e-08
   35          3.902002572553579e-08
   36          1.986753625689805e-08
   37          1.080993423186686e-08
   38          6.497443274465025e-09
   39          3.725275533217831e-09
   40          2.022047873287960e-09
   41          1.033630367821063e-09
   42          5.810294661372411e-10
   43          2.718347858453345e-10
 ------------------------------------- 


 Final ||Ax - b|| norm =  0.000000000098299
 Final energy = 11011.654901141646405

 Bond dimension before truncation: 36
 Bond dimension after truncation: 36

 MICROITERATION NUMBER = 2  , forward sweep
 - Left boundaries taken from index: 2
 - Right boundaries taken from index: 3


 Initial ||Ax - b|| norm =  0.999439458276378

 ------------------------------------- 
 Iteration  | Rel. error estimate      
 ------------------------------------- 
    0          9.994394582763784e-01
    1          9.875723643538762e-01
    2          9.817601875933144e-01
    3          9.770694559193466e-01
    4          9.687524711996031e-01
    5          9.563200938332507e-01
    6          9.241724676372672e-01
    7          8.647129366678645e-01
    8          7.567976328344249e-01
    9          5.551290409486850e-01
   10          2.942149908588242e-01
   11          2.042751862630974e-01
   12          1.430723606929939e-01
   13          9.909689604135370e-02
   14          6.022389062089042e-02
   15          3.108972452208733e-02
   16          1.511336156420414e-02
   17          8.311937145844071e-03
   18          4.369628146667438e-03
   19          2.418582696521861e-03
   20          1.426656150049127e-03
   21          8.249175212529116e-04
   22          4.621408794302011e-04
   23          2.763382593447646e-04
   24          1.731162698461744e-04
   25          1.054468338557254e-04
   26          6.583987423492819e-05
   27          4.198737998640732e-05
   28          2.210240873145300e-05
   29          1.095076851467221e-05
   30          5.937036765633269e-06
   31          3.155674966244104e-06
   32          1.829581119129596e-06
   33          1.160033654205631e-06
   34          7.226684840444557e-07
   35          4.412823587524063e-07
   36          2.461959717314718e-07
   37          1.273824737745452e-07
   38          5.971693351684109e-08
   39          2.885813097056740e-08
   40          1.553406608810506e-08
   41          8.324417597124154e-09
   42          3.875703663665552e-09
   43          2.012444499702855e-09
   44          1.129823259755312e-09
   45          6.684496267405112e-10
   46          4.090642181884908e-10
   47          2.508448921451319e-10
   48          1.551992694021140e-10
 ------------------------------------- 


 Final ||Ax - b|| norm =  0.000000000088209
 Final energy = 11011.654887767745095

 Bond dimension before truncation: 216
 Bond dimension after truncation: 51

 MICROITERATION NUMBER = 3  , forward sweep
 - Left boundaries taken from index: 3
 - Right boundaries taken from index: 4


 Initial ||Ax - b|| norm =  0.999635256145218

 ------------------------------------- 
 Iteration  | Rel. error estimate      
 ------------------------------------- 
    0          9.996352561452182e-01
    1          9.883484902055804e-01
    2          9.825185471342582e-01
    3          9.781013010075708e-01
    4          9.703300984311822e-01
    5          9.624908749147065e-01
    6          9.351306676743223e-01
    7          8.965317774185607e-01
    8          8.196519133216381e-01
    9          6.618497653768343e-01
   10          4.060864123606905e-01
   11          2.482835685280900e-01
   12          1.753010713607019e-01
   13          1.279533929148985e-01
   14          8.045080560923330e-02
   15          4.707421298773100e-02
   16          2.048543243296987e-02
   17          1.077017097978451e-02
   18          5.497215902644132e-03
   19          2.578304805757404e-03
   20          1.320938672448772e-03
   21          7.283487620458301e-04
   22          4.797634515246123e-04
   23          3.063283974427551e-04
   24          1.914251865871977e-04
   25          1.101980059827571e-04
   26          6.098068934792129e-05
   27          3.376787833458820e-05
   28          1.900272599518654e-05
   29          1.089233268585238e-05
   30          6.560978385332937e-06
   31          4.043843373251268e-06
   32          2.476851651760201e-06
   33          1.290979720773244e-06
   34          6.791441524652548e-07
   35          3.800463120145704e-07
   36          2.142210543307412e-07
   37          1.194657772509277e-07
   38          6.767227597184246e-08
   39          3.990843637005109e-08
   40          2.455683313021597e-08
   41          1.487472941525601e-08
   42          8.404026440243019e-09
   43          4.270565714352611e-09
   44          2.266019185544322e-09
   45          1.124403052686607e-09
   46          5.621415963794987e-10
   47          3.096005875954355e-10
   48          1.671236165018535e-10
 ------------------------------------- 


 Final ||Ax - b|| norm =  0.000000000086131
 Final energy = 11011.651664409760997

 Bond dimension before truncation: 306
 Bond dimension after truncation: 51

 MICROITERATION NUMBER = 4  , forward sweep
 - Left boundaries taken from index: 4
 - Right boundaries taken from index: 5


 Initial ||Ax - b|| norm =  0.999676345270094

 ------------------------------------- 
 Iteration  | Rel. error estimate      
 ------------------------------------- 
    0          9.996763452700939e-01
    1          9.883873500278549e-01
    2          9.825473705588175e-01
    3          9.781413012458192e-01
    4          9.705646391763689e-01
    5          9.626551484263302e-01
    6          9.362324643511403e-01
    7          8.976211568229295e-01
    8          8.235359231483350e-01
    9          6.647386735648768e-01
   10          4.106682653755812e-01
   11          2.582499812752067e-01
   12          1.777937743036764e-01
   13          1.323747332805724e-01
   14          8.957627686746332e-02
   15          5.516051909423746e-02
   16          2.857153182353609e-02
   17          1.494420609477816e-02
   18          8.068291170435317e-03
   19          4.178558165642662e-03
   20          2.094270344802909e-03
   21          1.049326470925162e-03
   22          6.431201058441766e-04
   23          4.231744768250241e-04
   24          2.774962639997823e-04
   25          1.727495296460842e-04
   26          1.004205391580693e-04
   27          5.792882082511254e-05
   28          3.290060766019593e-05
   29          1.954564891923246e-05
   30          1.259358954787469e-05
   31          7.792692773464394e-06
   32          4.836905933941403e-06
   33          2.943769849067511e-06
   34          1.624862838842946e-06
   35          8.889151616846836e-07
   36          5.066125606086864e-07
   37          3.075155606113451e-07
   38          1.870327989094829e-07
   39          1.032344537958142e-07
   40          6.012908172265767e-08
   41          3.379265983528389e-08
   42          1.885076922435197e-08
   43          1.149083232841673e-08
   44          6.921527325470544e-09
   45          4.232870729094511e-09
   46          2.547605588346156e-09
   47          1.439576656969920e-09
   48          8.098112545550902e-10
 ------------------------------------- 


 Final ||Ax - b|| norm =  0.000000000411430
 Final energy = 11011.650636685893915

 Bond dimension before truncation: 306
 Bond dimension after truncation: 51

 MICROITERATION NUMBER = 5  , forward sweep
 - Left boundaries taken from index: 5
 - Right boundaries taken from index: 6


 Initial ||Ax - b|| norm =  0.999868283551329

 ------------------------------------- 
 Iteration  | Rel. error estimate      
 ------------------------------------- 
    0          9.998682835513285e-01
    1          9.883725577980522e-01
    2          9.827177828150007e-01
    3          9.781993057471307e-01
    4          9.707018591066938e-01
    5          9.632694649501211e-01
    6          9.410348945957240e-01
    7          9.097491684384137e-01
    8          8.522555609132411e-01
    9          7.104152216795496e-01
   10          4.741450260250212e-01
   11          3.117143692257857e-01
   12          2.096880199651802e-01
   13          1.622411918504501e-01
   14          1.166912690564605e-01
   15          7.442482881457346e-02
   16          4.145370692099128e-02
   17          2.054945160076859e-02
   18          1.101097044438409e-02
   19          6.221606449953326e-03
   20          3.027090222367199e-03
   21          1.636972570812413e-03
   22          9.638435093822098e-04
   23          5.967998859819358e-04
   24          3.881448157360297e-04
   25          2.548970162363221e-04
   26          1.498537369771532e-04
   27          9.269825829521589e-05
   28          5.677362902515949e-05
   29          3.361821824942393e-05
   30          2.112479241278216e-05
   31          1.391976740959456e-05
   32          8.628828203310238e-06
   33          5.356425476461564e-06
   34          3.048690534962430e-06
   35          1.693173040966204e-06
   36          9.705151090700466e-07
   37          5.723545306371878e-07
   38          3.402728165792965e-07
   39          1.938069343588811e-07
   40          1.106251729609292e-07
   41          6.177644112974650e-08
   42          3.492509793774911e-08
   43          2.050419715652424e-08
   44          1.287383270093713e-08
   45          7.793712553329143e-09
   46          4.508562149653082e-09
   47          2.578748375122055e-09
   48          1.450413149445529e-09
 ------------------------------------- 


 Final ||Ax - b|| norm =  0.000000000799931
 Final energy = 11011.648381364548186

 Bond dimension before truncation: 306
 Bond dimension after truncation: 51

 MICROITERATION NUMBER = 6  , forward sweep
 - Left boundaries taken from index: 6
 - Right boundaries taken from index: 7


 Initial ||Ax - b|| norm =  0.999879261711076

 ------------------------------------- 
 Iteration  | Rel. error estimate      
 ------------------------------------- 
    0          9.998792617110762e-01
    1          9.883186663896042e-01
    2          9.828601907957953e-01
    3          9.785563313425909e-01
    4          9.716322767487571e-01
    5          9.644802727288377e-01
    6          9.489414109144800e-01
    7          9.190313056678912e-01
    8          8.814372560971787e-01
    9          7.832115638023790e-01
   10          5.746759191500340e-01
   11          3.657717545605234e-01
   12          2.368456614584449e-01
   13          1.695552034493630e-01
   14          1.329288542036977e-01
   15          8.737126065713972e-02
   16          5.424541942785573e-02
   17          2.859539659865305e-02
   18          1.370956183806468e-02
   19          7.880229909457390e-03
   20          4.120553777915707e-03
   21          2.095315422122041e-03
   22          1.239123365489168e-03
   23          7.047570220857002e-04
   24          4.314319284690129e-04
   25          2.650673600034649e-04
   26          1.611080534968524e-04
   27          9.827492149680982e-05
   28          6.203188130626796e-05
   29          3.867259727394476e-05
   30          2.384634476581778e-05
   31          1.565317593568341e-05
   32          1.007434773047442e-05
   33          6.047588083943559e-06
   34          3.702548643972661e-06
   35          2.156108054376525e-06
   36          1.216750093419396e-06
   37          6.937538973736351e-07
   38          4.173456343982068e-07
   39          2.494305732360483e-07
   40          1.463851700863657e-07
   41          9.001113695719343e-08
   42          5.562614795760138e-08
   43          3.381642651159335e-08
   44          2.124489983042079e-08
   45          1.310291505981795e-08
   46          7.448937613773496e-09
   47          3.806429181827718e-09
   48          1.989520421388310e-09
 ------------------------------------- 


 Final ||Ax - b|| norm =  0.000000001054853
 Final energy = 11011.643754546936179

 Bond dimension before truncation: 306
 Bond dimension after truncation: 51

 MICROITERATION NUMBER = 7  , forward sweep
 - Left boundaries taken from index: 7
 - Right boundaries taken from index: 8


 Initial ||Ax - b|| norm =  0.999910728391740

 ------------------------------------- 
 Iteration  | Rel. error estimate      
 ------------------------------------- 
    0          9.999107283917400e-01
    1          9.882779371094289e-01
    2          9.826505349731351e-01
    3          9.790495185215042e-01
    4          9.735610010921342e-01
    5          9.659841350976253e-01
    6          9.560530643941976e-01
    7          9.337635252105506e-01
    8          8.957703097157244e-01
    9          8.459426753175132e-01
   10          7.286759500547862e-01
   11          4.970944212886501e-01
   12          3.267020688754503e-01
   13          2.164568951120757e-01
   14          1.605219607169910e-01
   15          1.218260672596126e-01
   16          8.931074242182277e-02
   17          5.695079584233084e-02
   18          3.308661891326404e-02
   19          1.742267378074003e-02
   20          9.726620041298198e-03
   21          5.451955228696976e-03
   22          3.062944811748923e-03
   23          1.637829451004940e-03
   24          9.484459533375237e-04
   25          6.178264208712514e-04
   26          3.628516941112215e-04
   27          2.277157954451467e-04
   28          1.438230769312909e-04
   29          9.226300904118017e-05
   30          5.700526636799222e-05
   31          3.657830611834320e-05
   32          2.449123897853634e-05
   33          1.600537477521357e-05
   34          1.025404574951741e-05
   35          6.839862355403059e-06
   36          4.402272933835628e-06
   37          2.662323202250779e-06
   38          1.633688897927977e-06
   39          1.029294328671847e-06
   40          6.022510222369902e-07
   41          3.734973328563633e-07
   42          2.365326776557344e-07
   43          1.484938620496124e-07
   44          9.650726217714767e-08
   45          6.333622504562649e-08
   46          3.909299659883127e-08
   47          2.451758141322200e-08
   48          1.542715503800587e-08
 ------------------------------------- 


 Final ||Ax - b|| norm =  0.000000009205873
 Final energy = 11011.637302853605433

 Bond dimension before truncation: 306
 Bond dimension after truncation: 51

 MICROITERATION NUMBER = 8  , forward sweep
 - Left boundaries taken from index: 8
 - Right boundaries taken from index: 9


 Initial ||Ax - b|| norm =  0.999793551209405

 ------------------------------------- 
 Iteration  | Rel. error estimate      
 ------------------------------------- 
    0          9.997935512094054e-01
    1          9.884092734817859e-01
    2          9.831471975969742e-01
    3          9.803217937593023e-01
    4          9.778308490889023e-01
    5          9.745150387082996e-01
    6          9.697670355699327e-01
    7          9.637051067988318e-01
    8          9.546573558451433e-01
    9          9.427898522863341e-01
   10          9.184867027583601e-01
   11          8.821247331963763e-01
   12          8.351032714384640e-01
   13          7.660550793641391e-01
   14          6.508805611461627e-01
   15          4.484230456805509e-01
   16          2.881188496580787e-01
   17          2.152406915826484e-01
   18          1.758746540798821e-01
   19          1.373554589630454e-01
   20          1.074475058795590e-01
   21          8.670546795598350e-02
   22          6.440419030246798e-02
   23          4.028427290529397e-02
   24          2.457212744486533e-02
   25          1.521534271322242e-02
   26          9.525454587357979e-03
   27          5.871952653236536e-03
   28          3.761459281062830e-03
   29          2.413289549853793e-03
   30          1.546995305104396e-03
   31          1.005588871971014e-03
   32          6.512353274234991e-04
   33          4.528363786351974e-04
   34          3.176548979211218e-04
   35          2.195332817865393e-04
   36          1.526928335898071e-04
   37          1.025187963875776e-04
   38          7.300194125862150e-05
   39          5.350556140754401e-05
   40          3.912757412413843e-05
   41          2.836601069146958e-05
   42          2.070626691743615e-05
   43          1.568073740653747e-05
   44          1.106012546303598e-05
   45          7.266897722456234e-06
   46          4.834745595289357e-06
   47          3.048649048324929e-06
   48          1.920577133643743e-06
 ------------------------------------- 


 Final ||Ax - b|| norm =  0.000001154044085
 Final energy = 11011.637320734014793

 Bond dimension before truncation: 306
 Bond dimension after truncation: 51

 MICROITERATION NUMBER = 9  , forward sweep
 - Left boundaries taken from index: 9
 - Right boundaries taken from index: 10


 Initial ||Ax - b|| norm =  0.999700825311160

 ------------------------------------- 
 Iteration  | Rel. error estimate      
 ------------------------------------- 
    0          9.997008253111603e-01
    1          9.883928088598217e-01
    2          9.832333526099513e-01
    3          9.806241944784448e-01
    4          9.787786413527056e-01
    5          9.768461451741518e-01
    6          9.745120136002829e-01
    7          9.716403185233402e-01
    8          9.680380545417331e-01
    9          9.632512893908759e-01
   10          9.567921448687561e-01
   11          9.477767172315390e-01
   12          9.337570082363563e-01
   13          9.100557546832901e-01
   14          8.787747223186352e-01
   15          8.382348752631389e-01
   16          7.896573885501890e-01
   17          7.217068738483128e-01
   18          6.136510097031386e-01
   19          4.758259464265183e-01
   20          3.338937383326297e-01
   21          2.298692486207760e-01
   22          1.767182977979322e-01
   23          1.506933876354604e-01
   24          1.326119637088869e-01
   25          1.162705727245125e-01
   26          9.560199490765882e-02
   27          7.669424282418838e-02
   28          6.353990974221969e-02
   29          5.064186927685969e-02
   30          3.582696239717700e-02
   31          2.240166782866954e-02
   32          1.520675100993956e-02
   33          1.175885207178864e-02
   34          8.991992569631475e-03
   35          6.423665131574064e-03
   36          4.672236633660210e-03
   37          3.446921540407603e-03
   38          2.596720097741688e-03
   39          1.784175439229616e-03
   40          1.255112196199096e-03
   41          9.318224795467184e-04
   42          7.356543984641140e-04
   43          5.929503963588569e-04
   44          4.583534004085456e-04
   45          3.566730980283404e-04
   46          2.861072122474534e-04
   47          2.234111358789059e-04
   48          1.692175101866075e-04
 ------------------------------------- 


 Final ||Ax - b|| norm =  0.000131064419778
 Final energy = 11011.639273718592449

 Bond dimension before truncation: 306
 Bond dimension after truncation: 51

 MICROITERATION NUMBER = 10  , forward sweep
 - Left boundaries taken from index: 10
 - Right boundaries taken from index: 11


 Initial ||Ax - b|| norm =  0.998121639909042

 ------------------------------------- 
 Iteration  | Rel. error estimate      
 ------------------------------------- 
    0          9.981216399090416e-01
    1          9.894929141941028e-01
    2          9.840337652369016e-01
    3          9.810811617216716e-01
    4          9.788070613656606e-01
    5          9.758936923001235e-01
    6          9.716160335997123e-01
    7          9.647536737050415e-01
    8          9.544867958414216e-01
    9          9.362368146967316e-01
   10          9.108120810517460e-01
   11          8.664452148181178e-01
   12          7.873764472482274e-01
   13          6.858184871749667e-01
   14          5.364696773730667e-01
   15          3.462537929511504e-01
   16          2.018129165440185e-01
   17          1.142494818284013e-01
   18          7.266907829657852e-02
   19          3.655495451967743e-02
   20          2.193053546554170e-02
   21          1.395582565184940e-02
   22          8.795164580011259e-03
   23          5.486455465737609e-03
   24          3.863940939414363e-03
   25          2.900352202258634e-03
   26          2.014016285662723e-03
   27          1.211600633331487e-03
   28          7.583638698911568e-04
   29          4.602266203682488e-04
   30          2.879863236587351e-04
   31          1.555513601229154e-04
   32          8.573457812918655e-05
   33          4.293931984379455e-05
   34          2.563582604131581e-05
   35          1.731688290498510e-05
   36          1.187827315088011e-05
   37          7.349629348215943e-06
   38          3.879948033677981e-06
   39          1.699505442667843e-06
   40          7.801203222554840e-07
   41          3.882588775978118e-07
   42          2.169330296825274e-07
   43          1.362359371065125e-07
   44          8.907820558649833e-08
   45          5.428217112864598e-08
   46          3.155400847916186e-08
   47          1.855683836321791e-08
   48          1.153869971736747e-08
 ------------------------------------- 


 Final ||Ax - b|| norm =  0.000000008157735
 Final energy = 11011.639520853144859

 Bond dimension before truncation: 306
 Bond dimension after truncation: 51

 MICROITERATION NUMBER = 11  , forward sweep
 - Left boundaries taken from index: 11
 - Right boundaries taken from index: 12


 Initial ||Ax - b|| norm =  0.998121639909040

 ------------------------------------- 
 Iteration  | Rel. error estimate      
 ------------------------------------- 
    0          9.981216399090405e-01
    1          9.892732298620137e-01
    2          9.836215453870324e-01
    3          9.807576046911985e-01
    4          9.783082691786652e-01
    5          9.743965558904732e-01
    6          9.671128024925416e-01
    7          9.554750790815225e-01
    8          9.322899998417313e-01
    9          8.985512333772483e-01
   10          8.374581091669677e-01
   11          7.453977464487775e-01
   12          6.125884994540831e-01
   13          4.239862881308120e-01
   14          2.359558523695382e-01
   15          1.254484234705057e-01
   16          7.884125812890025e-02
   17          4.415794182015059e-02
   18          2.518034566015578e-02
   19          1.547946759231121e-02
   20          9.196330518167392e-03
   21          6.226640333799681e-03
   22          4.227181853503924e-03
   23          2.438260312266695e-03
   24          1.357518960105969e-03
   25          6.570191556485997e-04
   26          3.401962843360305e-04
   27          1.997314335256540e-04
   28          1.430423621498364e-04
   29          1.033823473081155e-04
   30          8.226038772596066e-05
   31          7.175420558063763e-05
   32          5.748219996214272e-05
   33          3.797484656013613e-05
   34          2.556041196816351e-05
   35          1.477297485447925e-05
   36          8.895272818016276e-06
   37          5.284391980854294e-06
   38          2.968641631406850e-06
   39          1.823675166115959e-06
   40          1.280615388249450e-06
   41          9.824522263344419e-07
   42          6.582863599980156e-07
   43          3.582071024822379e-07
   44          2.049062060584958e-07
   45          1.087353054913560e-07
   46          4.994359141504933e-08
   47          1.997010165985956e-08
   48          8.055009626052195e-09
 ------------------------------------- 


 Final ||Ax - b|| norm =  0.000000003724633
 Final energy = 11011.639520853155773

 Bond dimension before truncation: 6
 Bond dimension after truncation: 6

 MICROITERATION NUMBER = 12  , backward sweep
 - Left boundaries taken from index: 10
 - Right boundaries taken from index: 11


 Initial ||Ax - b|| norm =  0.998121639909042

 ------------------------------------- 
 Iteration  | Rel. error estimate      
 ------------------------------------- 
    0          9.981216399090416e-01
    1          9.894929141941033e-01
    2          9.840337652369029e-01
    3          9.810811617216736e-01
    4          9.788070613656635e-01
    5          9.758936923001279e-01
    6          9.716160335997190e-01
    7          9.647536737050524e-01
    8          9.544867958414388e-01
    9          9.362368146967596e-01
   10          9.108120810517881e-01
   11          8.664452148181820e-01
   12          7.873764472483223e-01
   13          6.858184871750860e-01
   14          5.364696773731957e-01
   15          3.462537929512547e-01
   16          2.018129165440849e-01
   17          1.142494818284396e-01
   18          7.266907829660327e-02
   19          3.655495451969006e-02
   20          2.193053546554918e-02
   21          1.395582565185415e-02
   22          8.795164580014291e-03
   23          5.486455465739490e-03
   24          3.863940939415698e-03
   25          2.900352202259706e-03
   26          2.014016285663990e-03
   27          1.211600633333993e-03
   28          7.583638699017401e-04
   29          4.602266203926798e-04
   30          2.879863236696015e-04
   31          1.555513601240026e-04
   32          8.573457812925290e-05
   33          4.293931984387361e-05
   34          2.563582604165901e-05
   35          1.731688290531076e-05
   36          1.187827315095747e-05
   37          7.349629348226495e-06
   38          3.879948033680481e-06
   39          1.699505442669121e-06
   40          7.801203222572871e-07
   41          3.882588776033020e-07
   42          2.169330296898453e-07
   43          1.362359371144243e-07
   44          8.907820559214006e-08
   45          5.428217112965163e-08
   46          3.155400847924108e-08
   47          1.855683836323843e-08
   48          1.153869971738560e-08
 ------------------------------------- 


 Final ||Ax - b|| norm =  0.000000008157746
 Final energy = 11011.639520853164868

 Bond dimension before truncation: 36
 Bond dimension after truncation: 36

 MICROITERATION NUMBER = 13  , backward sweep
 - Left boundaries taken from index: 9
 - Right boundaries taken from index: 10


 Initial ||Ax - b|| norm =  0.999700825311161

 ------------------------------------- 
 Iteration  | Rel. error estimate      
 ------------------------------------- 
    0          9.997008253111613e-01
    1          9.883928088598165e-01
    2          9.832333526099404e-01
    3          9.806241944784296e-01
    4          9.787786413526859e-01
    5          9.768461451741264e-01
    6          9.745120136002501e-01
    7          9.716403185232970e-01
    8          9.680380545416761e-01
    9          9.632512893907993e-01
   10          9.567921448686523e-01
   11          9.477767172313970e-01
   12          9.337570082361564e-01
   13          9.100557546829967e-01
   14          8.787747223182284e-01
   15          8.382348752626043e-01
   16          7.896573885495265e-01
   17          7.217068738475163e-01
   18          6.136510097022206e-01
   19          4.758259464254548e-01
   20          3.338937383306943e-01
   21          2.298692486140640e-01
   22          1.767182977706805e-01
   23          1.506933875453494e-01
   24          1.326119634614785e-01
   25          1.162705724830261e-01
   26          9.560199487001958e-02
   27          7.669424281900851e-02
   28          6.353990974134979e-02
   29          5.064186927591178e-02
   30          3.582696238661691e-02
   31          2.240166774700309e-02
   32          1.520675074581785e-02
   33          1.175885192061230e-02
   34          8.991992535617948e-03
   35          6.423665117147828e-03
   36          4.672236629465685e-03
   37          3.446921539506194e-03
   38          2.596720097520518e-03
   39          1.784175439264543e-03
   40          1.255112196591165e-03
   41          9.318224819756545e-04
   42          7.356544086280706e-04
   43          5.929503991457025e-04
   44          4.583534006066690e-04
   45          3.566730980486757e-04
   46          2.861072122492101e-04
   47          2.234111358765876e-04
   48          1.692175101772816e-04
 ------------------------------------- 


 Final ||Ax - b|| norm =  0.000131064419746
 Final energy = 11011.639273718568802

 Bond dimension before truncation: 216
 Bond dimension after truncation: 51

 MICROITERATION NUMBER = 14  , backward sweep
 - Left boundaries taken from index: 8
 - Right boundaries taken from index: 9


 Initial ||Ax - b|| norm =  0.999793554473435

 ------------------------------------- 
 Iteration  | Rel. error estimate      
 ------------------------------------- 
    0          9.997935544734350e-01
    1          9.884092662665782e-01
    2          9.831471889312999e-01
    3          9.803216758505976e-01
    4          9.778306590207951e-01
    5          9.745147228196434e-01
    6          9.697665833691084e-01
    7          9.637048180504485e-01
    8          9.546603635905397e-01
    9          9.427901004559690e-01
   10          9.184845691023011e-01
   11          8.821209614908915e-01
   12          8.351018078787606e-01
   13          7.660639351562256e-01
   14          6.508889338223537e-01
   15          4.483844300866573e-01
   16          2.881092465031354e-01
   17          2.152380200395107e-01
   18          1.758698521612284e-01
   19          1.373494024123288e-01
   20          1.074387370624410e-01
   21          8.670281294851723e-02
   22          6.441236849419406e-02
   23          4.028217456300705e-02
   24          2.456815095999670e-02
   25          1.521346667956504e-02
   26          9.523551836770698e-03
   27          5.871119743888853e-03
   28          3.761334655167900e-03
   29          2.413196130562578e-03
   30          1.546871155080704e-03
   31          1.005417014903104e-03
   32          6.511417777377838e-04
   33          4.527812524851744e-04
   34          3.176350443119727e-04
   35          2.195297014475957e-04
   36          1.526754292102282e-04
   37          1.025017412050801e-04
   38          7.298850787941353e-05
   39          5.349961205581452e-05
   40          3.912602018054595e-05
   41          2.836445881994994e-05
   42          2.070404142115415e-05
   43          1.567866545963641e-05
   44          1.105922615847386e-05
   45          7.266101609698375e-06
   46          4.834105412911507e-06
   47          3.047940660493276e-06
   48          1.920080766244884e-06
 ------------------------------------- 


 Final ||Ax - b|| norm =  0.000001153917535
 Final energy = 11011.637320373367402

 Bond dimension before truncation: 306
 Bond dimension after truncation: 51

 MICROITERATION NUMBER = 15  , backward sweep
 - Left boundaries taken from index: 7
 - Right boundaries taken from index: 8


 Initial ||Ax - b|| norm =  0.999910740082738

 ------------------------------------- 
 Iteration  | Rel. error estimate      
 ------------------------------------- 
    0          9.999107400827383e-01
    1          9.882781215273913e-01
    2          9.826504202742038e-01
    3          9.790482964885371e-01
    4          9.735532319030791e-01
    5          9.659852083425530e-01
    6          9.560315874036188e-01
    7          9.337488734224731e-01
    8          8.957105766597928e-01
    9          8.458493056829374e-01
   10          7.284063257637572e-01
   11          4.968187025576692e-01
   12          3.263219159264820e-01
   13          2.162742713376222e-01
   14          1.604139638304242e-01
   15          1.217168343559732e-01
   16          8.923023959493823e-02
   17          5.686607413236723e-02
   18          3.301779094976904e-02
   19          1.738797763421951e-02
   20          9.711030757539154e-03
   21          5.439180764815881e-03
   22          3.057049460293202e-03
   23          1.634254336795385e-03
   24          9.468531329762640e-04
   25          6.165192859970097e-04
   26          3.621737572826189e-04
   27          2.272272816131512e-04
   28          1.435507301879176e-04
   29          9.207504542263586e-05
   30          5.686794064458127e-05
   31          3.650136003835244e-05
   32          2.443498761082415e-05
   33          1.596930405288166e-05
   34          1.023231175714648e-05
   35          6.824174685765135e-06
   36          4.391044507188512e-06
   37          2.654767068628199e-06
   38          1.628650211310081e-06
   39          1.026025368781807e-06
   40          6.000005578870462e-07
   41          3.720896565427672e-07
   42          2.357157622974303e-07
   43          1.479432809070248e-07
   44          9.618241960154840e-08
   45          6.310503548165164e-08
   46          3.894442705167513e-08
   47          2.441245705927711e-08
   48          1.536339788839375e-08
 ------------------------------------- 


 Final ||Ax - b|| norm =  0.000000009165258
 Final energy = 11011.637301939863391

 Bond dimension before truncation: 306
 Bond dimension after truncation: 51

 MICROITERATION NUMBER = 16  , backward sweep
 - Left boundaries taken from index: 6
 - Right boundaries taken from index: 7


 Initial ||Ax - b|| norm =  0.999879245111550

 ------------------------------------- 
 Iteration  | Rel. error estimate      
 ------------------------------------- 
    0          9.998792451115498e-01
    1          9.883174538661513e-01
    2          9.828713339689870e-01
    3          9.785747603900296e-01
    4          9.716617875462780e-01
    5          9.645432548100734e-01
    6          9.491135261906065e-01
    7          9.194173506652473e-01
    8          8.819495756083082e-01
    9          7.852414335813425e-01
   10          5.776450694983225e-01
   11          3.682679612259028e-01
   12          2.382313207190878e-01
   13          1.704488478224216e-01
   14          1.336471472604206e-01
   15          8.821947047200458e-02
   16          5.490313981061622e-02
   17          2.906744296557003e-02
   18          1.391408860347980e-02
   19          8.004495973489911e-03
   20          4.192267288297726e-03
   21          2.137343551910077e-03
   22          1.258409378456158e-03
   23          7.177809065090295e-04
   24          4.386771431240668e-04
   25          2.702534381499930e-04
   26          1.637370009418868e-04
   27          1.005212082835586e-04
   28          6.312459837460983e-05
   29          3.945344212711250e-05
   30          2.436968315982704e-05
   31          1.590593034286146e-05
   32          1.030656025077644e-05
   33          6.209232258198371e-06
   34          3.791443765359912e-06
   35          2.222127467818637e-06
   36          1.254376826434291e-06
   37          7.144273754345314e-07
   38          4.289636702052124e-07
   39          2.571737509179282e-07
   40          1.505934214418923e-07
   41          9.232810587949513e-08
   42          5.738416132127805e-08
   43          3.471687578814821e-08
   44          2.187180065825891e-08
   45          1.354235669033908e-08
   46          7.757906307544488e-09
   47          3.974075980078418e-09
   48          2.083472960652480e-09
 ------------------------------------- 


 Final ||Ax - b|| norm =  0.000000001098951
 Final energy = 11011.643420077729388

 Bond dimension before truncation: 306
 Bond dimension after truncation: 51

 MICROITERATION NUMBER = 17  , backward sweep
 - Left boundaries taken from index: 5
 - Right boundaries taken from index: 6


 Initial ||Ax - b|| norm =  0.999868242586498

 ------------------------------------- 
 Iteration  | Rel. error estimate      
 ------------------------------------- 
    0          9.998682425864983e-01
    1          9.883767177156746e-01
    2          9.827258824915097e-01
    3          9.782073290477939e-01
    4          9.707295165280081e-01
    5          9.633026532991570e-01
    6          9.412648831764399e-01
    7          9.099850646007374e-01
    8          8.530732040895159e-01
    9          7.123898814636004e-01
   10          4.763569986710048e-01
   11          3.127078399141595e-01
   12          2.104702859762886e-01
   13          1.626698713994041e-01
   14          1.171337214376114e-01
   15          7.509913817365704e-02
   16          4.185752594481057e-02
   17          2.071520628493510e-02
   18          1.113450823660909e-02
   19          6.280827798262245e-03
   20          3.053046372300132e-03
   21          1.651081337984794e-03
   22          9.695203552893330e-04
   23          6.009603924597358e-04
   24          3.917560872931393e-04
   25          2.566674155780488e-04
   26          1.514558597309175e-04
   27          9.334647308980577e-05
   28          5.718658071756332e-05
   29          3.398745466559489e-05
   30          2.128695861268256e-05
   31          1.408839093984103e-05
   32          8.706602491174846e-06
   33          5.402628564869901e-06
   34          3.093354633340538e-06
   35          1.710366814739750e-06
   36          9.846622061571189e-07
   37          5.813841876051299e-07
   38          3.443292447783614e-07
   39          1.976288939350173e-07
   40          1.117638116218438e-07
   41          6.256601826678533e-08
   42          3.564525295435922e-08
   43          2.072469231901533e-08
   44          1.311461350191298e-08
   45          7.956230657698871e-09
   46          4.631581926680280e-09
   47          2.691724541465033e-09
   48          1.516669984615513e-09
 ------------------------------------- 


 Final ||Ax - b|| norm =  0.000000000846666
 Final energy = 11011.648025767401123

 Bond dimension before truncation: 306
 Bond dimension after truncation: 51

 MICROITERATION NUMBER = 18  , backward sweep
 - Left boundaries taken from index: 4
 - Right boundaries taken from index: 5


 Initial ||Ax - b|| norm =  0.999673744124345

 ------------------------------------- 
 Iteration  | Rel. error estimate      
 ------------------------------------- 
    0          9.996737441243448e-01
    1          9.883907499942776e-01
    2          9.825798117874420e-01
    3          9.781832831825924e-01
    4          9.705972917069181e-01
    5          9.627679132716438e-01
    6          9.367376321992654e-01
    7          8.983262788800240e-01
    8          8.262539788950629e-01
    9          6.695484632413443e-01
   10          4.129364057390411e-01
   11          2.615398500275935e-01
   12          1.782214574316171e-01
   13          1.336604773322444e-01
   14          9.027953152087412e-02
   15          5.583382371081928e-02
   16          2.942695891923769e-02
   17          1.538640955592581e-02
   18          8.297102573069563e-03
   19          4.306316570994935e-03
   20          2.146761265587335e-03
   21          1.084038699264353e-03
   22          6.499935189735571e-04
   23          4.296359871338322e-04
   24          2.828105136031842e-04
   25          1.757537886576217e-04
   26          1.019615798665864e-04
   27          5.898003819265589e-05
   28          3.379470255795294e-05
   29          1.989216811426449e-05
   30          1.279631859610268e-05
   31          8.043816335337477e-06
   32          4.922057000510842e-06
   33          2.991736986086803e-06
   34          1.677443176599471e-06
   35          9.188912056620529e-07
   36          5.258205218913827e-07
   37          3.177720519593965e-07
   38          1.948777775290651e-07
   39          1.094751048201250e-07
   40          6.265731130986327e-08
   41          3.530087614775125e-08
   42          1.966561605579315e-08
   43          1.192702945175102e-08
   44          7.144040094598460e-09
   45          4.351203190373681e-09
   46          2.696658994774862e-09
   47          1.502914211251987e-09
   48          8.404353173714886e-10
 ------------------------------------- 


 Final ||Ax - b|| norm =  0.000000000437717
 Final energy = 11011.650173465028274

 Bond dimension before truncation: 306
 Bond dimension after truncation: 51

 MICROITERATION NUMBER = 19  , backward sweep
 - Left boundaries taken from index: 3
 - Right boundaries taken from index: 4


 Initial ||Ax - b|| norm =  0.999632267874285

 ------------------------------------- 
 Iteration  | Rel. error estimate      
 ------------------------------------- 
    0          9.996322678742854e-01
    1          9.883492690022986e-01
    2          9.825465434504017e-01
    3          9.781425406064598e-01
    4          9.703479419712947e-01
    5          9.625770767629390e-01
    6          9.354131887280963e-01
    7          8.968725397171590e-01
    8          8.218800292377875e-01
    9          6.639191271222360e-01
   10          4.061084296798994e-01
   11          2.507182219840461e-01
   12          1.753898255455847e-01
   13          1.289322909758955e-01
   14          8.097624389123806e-02
   15          4.781084321971584e-02
   16          2.119047453856249e-02
   17          1.101934827327702e-02
   18          5.680301839313265e-03
   19          2.630493222945079e-03
   20          1.354758416419280e-03
   21          7.399730888369751e-04
   22          4.865159018006575e-04
   23          3.132901379101155e-04
   24          1.955382050516819e-04
   25          1.132748284817059e-04
   26          6.287921476594670e-05
   27          3.512489425029408e-05
   28          1.960027468470163e-05
   29          1.119259201695107e-05
   30          6.773939111529570e-06
   31          4.113546489426553e-06
   32          2.563494558726895e-06
   33          1.337128313344291e-06
   34          6.935265605377800e-07
   35          3.770824460940056e-07
   36          2.047880189856168e-07
   37          1.136506750915517e-07
   38          6.375580826943137e-08
   39          3.834035231805443e-08
   40          2.428692611521139e-08
   41          1.520450265394643e-08
   42          8.830946591379480e-09
   43          4.504748991061423e-09
   44          2.444582425824768e-09
   45          1.207883713261229e-09
   46          5.877085624463572e-10
   47          3.208270237340907e-10
   48          1.685870895204209e-10
 ------------------------------------- 


 Final ||Ax - b|| norm =  0.000000000084391
 Final energy = 11011.651212261822366

 Bond dimension before truncation: 306
 Bond dimension after truncation: 51

 MICROITERATION NUMBER = 20  , backward sweep
 - Left boundaries taken from index: 2
 - Right boundaries taken from index: 3


 Initial ||Ax - b|| norm =  0.999436794698444

 ------------------------------------- 
 Iteration  | Rel. error estimate      
 ------------------------------------- 
    0          9.994367946984445e-01
    1          9.875811946021701e-01
    2          9.817751013153726e-01
    3          9.770988839498225e-01
    4          9.687559846794425e-01
    5          9.564140731394520e-01
    6          9.243499015063379e-01
    7          8.653496150810318e-01
    8          7.577023393928587e-01
    9          5.555247745184869e-01
   10          2.955054705329548e-01
   11          2.045143917648303e-01
   12          1.432624234551191e-01
   13          9.934519130634280e-02
   14          6.050328940492539e-02
   15          3.148619409440127e-02
   16          1.525973777126185e-02
   17          8.396465998313120e-03
   18          4.396402767417402e-03
   19          2.429516796289225e-03
   20          1.432756057524505e-03
   21          8.280027949708937e-04
   22          4.625482225542095e-04
   23          2.757206144965319e-04
   24          1.720490615494394e-04
   25          1.054909247465254e-04
   26          6.580673472128248e-05
   27          4.222197661008427e-05
   28          2.218123290289548e-05
   29          1.090146697429484e-05
   30          5.880071748157526e-06
   31          3.135962828433865e-06
   32          1.817027330298652e-06
   33          1.154417756547619e-06
   34          7.153232067567442e-07
   35          4.360918132823072e-07
   36          2.457392429364053e-07
   37          1.277848255692554e-07
   38          5.903771549362137e-08
   39          2.777109841393754e-08
   40          1.461673332670703e-08
   41          7.512606611108673e-09
   42          3.341633436245518e-09
   43          1.702951435841155e-09
   44          1.038710424335913e-09
   45          6.363935951956340e-10
   46          3.979881563635848e-10
   47          2.451477536361010e-10
   48          1.517006392450667e-10
 ------------------------------------- 


 Final ||Ax - b|| norm =  0.000000000082743
 Final energy = 11011.654426398810756

 Bond dimension before truncation: 306
 Bond dimension after truncation: 51

 MICROITERATION NUMBER = 21  , backward sweep
 - Left boundaries taken from index: 1
 - Right boundaries taken from index: 2


 Initial ||Ax - b|| norm =  0.999409562725707

 ------------------------------------- 
 Iteration  | Rel. error estimate      
 ------------------------------------- 
    0          9.994095627257070e-01
    1          9.875577002765771e-01
    2          9.816901912850661e-01
    3          9.770189263095569e-01
    4          9.670465912355288e-01
    5          9.530859881564635e-01
    6          9.015798325992768e-01
    7          8.334200235485699e-01
    8          6.365177812497002e-01
    9          3.729824943216627e-01
   10          2.306393598052939e-01
   11          1.549660713535334e-01
   12          1.056497516181907e-01
   13          6.241269853266156e-02
   14          3.140564949753929e-02
   15          1.387605411612801e-02
   16          6.752343178897794e-03
   17          3.446480339474647e-03
   18          1.834858351825098e-03
   19          1.025185538359285e-03
   20          5.721870887939143e-04
   21          3.193830430600069e-04
   22          1.862372903303597e-04
   23          1.026642788995109e-04
   24          6.461845840068117e-05
   25          3.309263862310537e-05
   26          1.614675244248589e-05
   27          7.938338186184204e-06
   28          4.527495825184900e-06
   29          2.740227451121447e-06
   30          1.583262443460337e-06
   31          8.677402942216159e-07
   32          4.189445886817873e-07
   33          2.065524938354266e-07
   34          9.575090395080723e-08
   35          3.906359736454207e-08
   36          1.966392061409836e-08
   37          1.067102110103372e-08
   38          6.461669503590503e-09
   39          3.696290888230251e-09
   40          1.981923884610705e-09
   41          1.001685607474366e-09
   42          5.649374959696037e-10
   43          2.658406706484979e-10
 ------------------------------------- 


 Final ||Ax - b|| norm =  0.000000000095133
 Final energy = 11011.654439783078487

 Bond dimension before truncation: 306
 Bond dimension after truncation: 51


 -------------------
   SWEEP NUMBER 4
 -------------------
 - Noise parameter: 0.0000000100
 - Maximum bond dimension: 50
 - Truncation parameter: 0.0000000000

 MICROITERATION NUMBER = 0  , forward sweep
 - Left boundaries taken from index: 0
 - Right boundaries taken from index: 1


 Initial ||Ax - b|| norm =  0.999408052506162

 ------------------------------------- 
 Iteration  | Rel. error estimate      
 ------------------------------------- 
    0          9.994080525061625e-01
    1          9.875297677954425e-01
    2          9.816484404769344e-01
    3          9.768452372695177e-01
    4          9.661179475441749e-01
    5          9.457144993963540e-01
    6          8.915144373354073e-01
    7          7.961883165530369e-01
    8          5.109466501105906e-01
    9          2.877633949763126e-01
   10          1.711137940469076e-01
   11          1.146117956747723e-01
   12          5.312280880467678e-02
   13          2.126098540076382e-02
   14          9.527433124347151e-03
   15          4.620681405169024e-03
   16          2.070133263483103e-03
   17          1.118010003356325e-03
   18          5.851402932465846e-04
   19          2.992066886881403e-04
   20          1.542530790168102e-04
   21          8.857454604087244e-05
   22          4.339599166481683e-05
   23          1.877656279388732e-05
   24          8.573156621719890e-06
   25          4.785003879567863e-06
   26          2.575608397369644e-06
   27          1.293359077461928e-06
   28          6.762934829816913e-07
   29          2.954583179723988e-07
   30          1.127300694173072e-07
   31          4.296476025445892e-08
   32          2.264546942521158e-08
   33          1.254386686563036e-08
   34          6.631769085230860e-09
   35          3.660178168905303e-09
   36          1.675135905863065e-09
   37          8.177527930264926e-10
   38          2.706626575700531e-10
 ------------------------------------- 


 Final ||Ax - b|| norm =  0.000000000091349
 Final energy = 11011.654439787220326

 Bond dimension before truncation: 6
 Bond dimension after truncation: 6

 MICROITERATION NUMBER = 1  , forward sweep
 - Left boundaries taken from index: 1
 - Right boundaries taken from index: 2


 Initial ||Ax - b|| norm =  0.999409562725707

 ------------------------------------- 
 Iteration  | Rel. error estimate      
 ------------------------------------- 
    0          9.994095627257072e-01
    1          9.875577002765762e-01
    2          9.816901912850640e-01
    3          9.770189263095530e-01
    4          9.670465912355192e-01
    5          9.530859881564447e-01
    6          9.015798325992274e-01
    7          8.334200235484868e-01
    8          6.365177812495664e-01
    9          3.729824943215456e-01
   10          2.306393598052136e-01
   11          1.549660713534770e-01
   12          1.056497516181515e-01
   13          6.241269853263814e-02
   14          3.140564949752747e-02
   15          1.387605411612274e-02
   16          6.752343178895176e-03
   17          3.446480339473311e-03
   18          1.834858351824381e-03
   19          1.025185538358881e-03
   20          5.721870887936903e-04
   21          3.193830430598845e-04
   22          1.862372903302904e-04
   23          1.026642788994739e-04
   24          6.461845840065820e-05
   25          3.309263862309352e-05
   26          1.614675244247989e-05
   27          7.938338186181107e-06
   28          4.527495825183040e-06
   29          2.740227451120303e-06
   30          1.583262443459684e-06
   31          8.677402942212736e-07
   32          4.189445886816321e-07
   33          2.065524938353576e-07
   34          9.575090395078681e-08
   35          3.906359736456086e-08
   36          1.966392061415358e-08
   37          1.067102110115989e-08
   38          6.461669503777178e-09
   39          3.696290888676570e-09
   40          1.981923885513349e-09
   41          1.001685608887963e-09
   42          5.649374972090908e-10
   43          2.658406728129334e-10
 ------------------------------------- 


 Final ||Ax - b|| norm =  0.000000000095144
 Final energy = 11011.654439783074849

 Bond dimension before truncation: 36
 Bond dimension after truncation: 36

 MICROITERATION NUMBER = 2  , forward sweep
 - Left boundaries taken from index: 2
 - Right boundaries taken from index: 3


 Initial ||Ax - b|| norm =  0.999436794698444

 ------------------------------------- 
 Iteration  | Rel. error estimate      
 ------------------------------------- 
    0          9.994367946984442e-01
    1          9.875811946021735e-01
    2          9.817751013153808e-01
    3          9.770988839498382e-01
    4          9.687559846794773e-01
    5          9.564140731395184e-01
    6          9.243499015064851e-01
    7          8.653496150813096e-01
    8          7.577023393933067e-01
    9          5.555247745190436e-01
   10          2.955054705333526e-01
   11          2.045143917651220e-01
   12          1.432624234553295e-01
   13          9.934519130649047e-02
   14          6.050328940501582e-02
   15          3.148619409444862e-02
   16          1.525973777128486e-02
   17          8.396465998325817e-03
   18          4.396402767424070e-03
   19          2.429516796292872e-03
   20          1.432756057526646e-03
   21          8.280027949721342e-04
   22          4.625482225549051e-04
   23          2.757206144969450e-04
   24          1.720490615496947e-04
   25          1.054909247466811e-04
   26          6.580673472137936e-05
   27          4.222197661014687e-05
   28          2.218123290292875e-05
   29          1.090146697431127e-05
   30          5.880071748166363e-06
   31          3.135962828438551e-06
   32          1.817027330301304e-06
   33          1.154417756549259e-06
   34          7.153232067577280e-07
   35          4.360918132828187e-07
   36          2.457392429365697e-07
   37          1.277848255690568e-07
   38          5.903771549212388e-08
   39          2.777109841124522e-08
   40          1.461673332378256e-08
   41          7.512606606687675e-09
   42          3.341633430070452e-09
   43          1.702951426011087e-09
   44          1.038710416722996e-09
   45          6.363935909750505e-10
   46          3.979881555531914e-10
   47          2.451477550698514e-10
   48          1.517006420458883e-10
 ------------------------------------- 


 Final ||Ax - b|| norm =  0.000000000082727
 Final energy = 11011.654426398739815

 Bond dimension before truncation: 216
 Bond dimension after truncation: 51

 MICROITERATION NUMBER = 3  , forward sweep
 - Left boundaries taken from index: 3
 - Right boundaries taken from index: 4


 Initial ||Ax - b|| norm =  0.999632267876131

 ------------------------------------- 
 Iteration  | Rel. error estimate      
 ------------------------------------- 
    0          9.996322678761311e-01
    1          9.883492689820211e-01
    2          9.825465434222947e-01
    3          9.781425402962574e-01
    4          9.703479277592502e-01
    5          9.625770270073494e-01
    6          9.354119210151414e-01
    7          8.968701705073280e-01
    8          8.218690308973496e-01
    9          6.638836146008845e-01
   10          4.060669674110526e-01
   11          2.506868897926151e-01
   12          1.753770860164223e-01
   13          1.289246245641870e-01
   14          8.097273014124998e-02
   15          4.780624243861300e-02
   16          2.119098369133882e-02
   17          1.101984371194137e-02
   18          5.680230834187918e-03
   19          2.630655895944378e-03
   20          1.354829106200267e-03
   21          7.400466908540270e-04
   22          4.865809026657021e-04
   23          3.133443745435657e-04
   24          1.956239548321425e-04
   25          1.133425898783696e-04
   26          6.289405648448798e-05
   27          3.512856047854774e-05
   28          1.959887798772624e-05
   29          1.119014902780477e-05
   30          6.773037898499943e-06
   31          4.113179114442347e-06
   32          2.563569764535309e-06
   33          1.338061505725769e-06
   34          6.944041184613981e-07
   35          3.777977693421821e-07
   36          2.053388632330181e-07
   37          1.139424596380822e-07
   38          6.392482610739796e-08
   39          3.842000718832934e-08
   40          2.434530547330442e-08
   41          1.524788771822754e-08
   42          8.857811752576144e-09
   43          4.516616804829518e-09
   44          2.449212438427199e-09
   45          1.209303917742271e-09
   46          5.882681235276948e-10
   47          3.210828540969056e-10
   48          1.687209962631691e-10
 ------------------------------------- 


 Final ||Ax - b|| norm =  0.000000000084535
 Final energy = 11011.651212208033030

 Bond dimension before truncation: 306
 Bond dimension after truncation: 51

 MICROITERATION NUMBER = 4  , forward sweep
 - Left boundaries taken from index: 4
 - Right boundaries taken from index: 5


 Initial ||Ax - b|| norm =  0.999673744043544

 ------------------------------------- 
 Iteration  | Rel. error estimate      
 ------------------------------------- 
    0          9.996737440435436e-01
    1          9.883907499737931e-01
    2          9.825798118937004e-01
    3          9.781832837345464e-01
    4          9.705973220548982e-01
    5          9.627680254274262e-01
    6          9.367401177793033e-01
    7          8.983292265872982e-01
    8          8.262591972943056e-01
    9          6.695728209222992e-01
   10          4.129636078165668e-01
   11          2.615554589031672e-01
   12          1.782309003780542e-01
   13          1.336692375943766e-01
   14          9.028859961329297e-02
   15          5.584165239811981e-02
   16          2.943557224705588e-02
   17          1.539004615055657e-02
   18          8.298424002014672e-03
   19          4.306856086252485e-03
   20          2.146938969705112e-03
   21          1.084079335350344e-03
   22          6.500149621972033e-04
   23          4.296611108737981e-04
   24          2.828309510958220e-04
   25          1.757592971593235e-04
   26          1.019669191335801e-04
   27          5.897360598606174e-05
   28          3.378182406826983e-05
   29          1.988027715188407e-05
   30          1.278705274972393e-05
   31          8.037028516483772e-06
   32          4.918035300340694e-06
   33          2.989116308677537e-06
   34          1.675230732904423e-06
   35          9.178224920920489e-07
   36          5.251665033396263e-07
   37          3.174481797831392e-07
   38          1.947222968233754e-07
   39          1.093566624453130e-07
   40          6.260007997059541e-08
   41          3.528346716046323e-08
   42          1.965926891359814e-08
   43          1.192540032092222e-08
   44          7.143152577095939e-09
   45          4.351018152030914e-09
   46          2.696441505427033e-09
   47          1.502841103201406e-09
   48          8.404021964372339e-10
 ------------------------------------- 


 Final ||Ax - b|| norm =  0.000000000437663
 Final energy = 11011.650173510597597

 Bond dimension before truncation: 306
 Bond dimension after truncation: 51

 MICROITERATION NUMBER = 5  , forward sweep
 - Left boundaries taken from index: 5
 - Right boundaries taken from index: 6


 Initial ||Ax - b|| norm =  0.999868243353768

 ------------------------------------- 
 Iteration  | Rel. error estimate      
 ------------------------------------- 
    0          9.998682433537678e-01
    1          9.883767158363722e-01
    2          9.827258688492246e-01
    3          9.782072734262416e-01
    4          9.707286042805501e-01
    5          9.633022531246265e-01
    6          9.412634486829633e-01
    7          9.099793033731935e-01
    8          8.530619180651569e-01
    9          7.123727709787485e-01
   10          4.763373296024669e-01
   11          3.126579665129492e-01
   12          2.104612110025615e-01
   13          1.626589347548970e-01
   14          1.171052758089532e-01
   15          7.508112035360939e-02
   16          4.183237440553900e-02
   17          2.070590872288768e-02
   18          1.112957219604472e-02
   19          6.276717247885736e-03
   20          3.050530262396621e-03
   21          1.650067436535180e-03
   22          9.689310284799631e-04
   23          6.005956919365876e-04
   24          3.916421567693827e-04
   25          2.565490193324437e-04
   26          1.513829254542155e-04
   27          9.336329724343159e-05
   28          5.719140497431082e-05
   29          3.398518696886923e-05
   30          2.129672153541374e-05
   31          1.409289406855782e-05
   32          8.709226802098287e-06
   33          5.401670828213997e-06
   34          3.092157225063049e-06
   35          1.709483281465168e-06
   36          9.839434136714941e-07
   37          5.811635488436437e-07
   38          3.443132934574515e-07
   39          1.976026827252257e-07
   40          1.117587769020962e-07
   41          6.255661464139379e-08
   42          3.563032759875114e-08
   43          2.071570984223819e-08
   44          1.308401836931769e-08
   45          7.892410678158669e-09
   46          4.538610335988913e-09
   47          2.580570722334389e-09
   48          1.431728429410391e-09
 ------------------------------------- 


 Final ||Ax - b|| norm =  0.000000000772183
 Final energy = 11011.648022181963825

 Bond dimension before truncation: 306
 Bond dimension after truncation: 51

 MICROITERATION NUMBER = 6  , forward sweep
 - Left boundaries taken from index: 6
 - Right boundaries taken from index: 7


 Initial ||Ax - b|| norm =  0.999879159818303

 ------------------------------------- 
 Iteration  | Rel. error estimate      
 ------------------------------------- 
    0          9.998791598183030e-01
    1          9.883174995285956e-01
    2          9.828713655954777e-01
    3          9.785748086686995e-01
    4          9.716614716695111e-01
    5          9.645432283254302e-01
    6          9.491136794917447e-01
    7          9.194181265978462e-01
    8          8.819490808169747e-01
    9          7.852303801483159e-01
   10          5.776038800271835e-01
   11          3.681638083987582e-01
   12          2.381071838237884e-01
   13          1.703422637132432e-01
   14          1.335607600890685e-01
   15          8.811802440492114e-02
   16          5.479000773515293e-02
   17          2.899086917864756e-02
   18          1.387929295973681e-02
   19          7.985490267255290e-03
   20          4.181862647731844e-03
   21          2.131065270756886e-03
   22          1.254930894610574e-03
   23          7.152590844498205e-04
   24          4.373332805089047e-04
   25          2.694599876451978e-04
   26          1.633244095343108e-04
   27          1.002531676434017e-04
   28          6.300080464360428e-05
   29          3.937924479726883e-05
   30          2.431028478209597e-05
   31          1.585967846043684e-05
   32          1.026141819555350e-05
   33          6.183173795720669e-06
   34          3.776097971241306e-06
   35          2.213784367256140e-06
   36          1.250384157820907e-06
   37          7.120367730382779e-07
   38          4.277335170309553e-07
   39          2.565648680848473e-07
   40          1.501485432086892e-07
   41          9.202458755781174e-08
   42          5.719327232602767e-08
   43          3.460025161117676e-08
   44          2.179472761089923e-08
   45          1.350275846420207e-08
   46          7.739316126762594e-09
   47          3.963864754775747e-09
   48          2.078357439677527e-09
 ------------------------------------- 


 Final ||Ax - b|| norm =  0.000000001095509
 Final energy = 11011.643369744120719

 Bond dimension before truncation: 306
 Bond dimension after truncation: 51

 MICROITERATION NUMBER = 7  , forward sweep
 - Left boundaries taken from index: 7
 - Right boundaries taken from index: 8


 Initial ||Ax - b|| norm =  0.999918290224518

 ------------------------------------- 
 Iteration  | Rel. error estimate      
 ------------------------------------- 
    0          9.999182902245183e-01
    1          9.882722716906015e-01
    2          9.826428837884581e-01
    3          9.790419787538382e-01
    4          9.735496013918946e-01
    5          9.659816517294127e-01
    6          9.560342093117907e-01
    7          9.338023710623991e-01
    8          8.957560463377707e-01
    9          8.459151788893744e-01
   10          7.285938138834236e-01
   11          4.972756412710108e-01
   12          3.265930475677612e-01
   13          2.164209362960579e-01
   14          1.605200667469587e-01
   15          1.217897694110556e-01
   16          8.936208467992064e-02
   17          5.691669986475243e-02
   18          3.311117103263968e-02
   19          1.749191455740557e-02
   20          9.800180079425777e-03
   21          5.499912241804128e-03
   22          3.084121797905044e-03
   23          1.638488750791794e-03
   24          9.406367488456279e-04
   25          6.065706845736258e-04
   26          3.545615100896471e-04
   27          2.237240586231319e-04
   28          1.422686013676007e-04
   29          9.154358144202922e-05
   30          5.620442106367605e-05
   31          3.570820018873398e-05
   32          2.373153850004337e-05
   33          1.548429480846515e-05
   34          9.963365459709014e-06
   35          6.635049632000769e-06
   36          4.235111042482276e-06
   37          2.540471532724057e-06
   38          1.559007260199016e-06
   39          9.922966195530739e-07
   40          5.877799280219765e-07
   41          3.681078821536374e-07
   42          2.321421731763951e-07
   43          1.436693890668939e-07
   44          9.287053892285201e-08
   45          6.100346196072760e-08
   46          3.800714048722130e-08
   47          2.383646246322465e-08
   48          1.461731807615072e-08
 ------------------------------------- 


 Final ||Ax - b|| norm =  0.000000008544341
 Final energy = 11011.636950670284932

 Bond dimension before truncation: 306
 Bond dimension after truncation: 51

 MICROITERATION NUMBER = 8  , forward sweep
 - Left boundaries taken from index: 8
 - Right boundaries taken from index: 9


 Initial ||Ax - b|| norm =  0.999799101620825

 ------------------------------------- 
 Iteration  | Rel. error estimate      
 ------------------------------------- 
    0          9.997991016208246e-01
    1          9.884053986341611e-01
    2          9.831425277165163e-01
    3          9.803170945059698e-01
    4          9.778261946795938e-01
    5          9.745103735937780e-01
    6          9.697629802139015e-01
    7          9.637051933105192e-01
    8          9.546865168754503e-01
    9          9.428400798517047e-01
   10          9.185617581849443e-01
   11          8.822375485382815e-01
   12          8.352089975458589e-01
   13          7.661329796980328e-01
   14          6.510426562019525e-01
   15          4.486207125654655e-01
   16          2.882147046185032e-01
   17          2.152127356863424e-01
   18          1.758240964679089e-01
   19          1.373012221589676e-01
   20          1.073869669657068e-01
   21          8.665934710044483e-02
   22          6.442519960390751e-02
   23          4.034488561935536e-02
   24          2.459189055321037e-02
   25          1.521701402980686e-02
   26          9.535460654861130e-03
   27          5.888104765105824e-03
   28          3.777755626738395e-03
   29          2.424642607321597e-03
   30          1.553918943720447e-03
   31          1.009014165442507e-03
   32          6.531397037976347e-04
   33          4.542902413919270e-04
   34          3.186010575420218e-04
   35          2.199645404282797e-04
   36          1.528203043062471e-04
   37          1.026891909365635e-04
   38          7.318538498054973e-05
   39          5.366222218775808e-05
   40          3.925945918066605e-05
   41          2.844660318800953e-05
   42          2.074594051131944e-05
   43          1.570582635131256e-05
   44          1.108604986853549e-05
   45          7.281104689449790e-06
   46          4.846493053729332e-06
   47          3.061630938061433e-06
   48          1.932960688976515e-06
 ------------------------------------- 


 Final ||Ax - b|| norm =  0.000001164958188
 Final energy = 11011.636973962384218

 Bond dimension before truncation: 306
 Bond dimension after truncation: 51

 MICROITERATION NUMBER = 9  , forward sweep
 - Left boundaries taken from index: 9
 - Right boundaries taken from index: 10


 Initial ||Ax - b|| norm =  0.999704576085877

 ------------------------------------- 
 Iteration  | Rel. error estimate      
 ------------------------------------- 
    0          9.997045760858773e-01
    1          9.883893881021599e-01
    2          9.832293249501716e-01
    3          9.806203013742572e-01
    4          9.787753012629428e-01
    5          9.768438434223475e-01
    6          9.745113028776232e-01
    7          9.716417142438312e-01
    8          9.680418921125085e-01
    9          9.632573103189488e-01
   10          9.567979534640886e-01
   11          9.477770102314798e-01
   12          9.337449833311754e-01
   13          9.100087014798165e-01
   14          8.786737256139319e-01
   15          8.380588599921208e-01
   16          7.894047296577554e-01
   17          7.213913400630245e-01
   18          6.133094738642686e-01
   19          4.754967319716041e-01
   20          3.335066536252889e-01
   21          2.293411439358245e-01
   22          1.760004563358176e-01
   23          1.496320080562732e-01
   24          1.305352949893049e-01
   25          1.134775653921204e-01
   26          9.476329606128514e-02
   27          7.635390315069411e-02
   28          6.333184079571266e-02
   29          5.051291736744570e-02
   30          3.574237910930991e-02
   31          2.217933060938841e-02
   32          1.450836603473940e-02
   33          1.100595052153831e-02
   34          8.739496165507194e-03
   35          6.196475909828743e-03
   36          4.445511452221434e-03
   37          3.306703701860478e-03
   38          2.521748562362468e-03
   39          1.767751524438084e-03
   40          1.247948647005652e-03
   41          9.312076766055899e-04
   42          7.491304929890938e-04
   43          5.920042937437536e-04
   44          4.544058869812167e-04
   45          3.529507785800571e-04
   46          2.829651115701275e-04
   47          2.212222108633384e-04
   48          1.676209716801614e-04
 ------------------------------------- 


 Final ||Ax - b|| norm =  0.000129771637751
 Final energy = 11011.638920906932981

 Bond dimension before truncation: 306
 Bond dimension after truncation: 51

 MICROITERATION NUMBER = 10  , forward sweep
 - Left boundaries taken from index: 10
 - Right boundaries taken from index: 11


 Initial ||Ax - b|| norm =  0.998124610158102

 ------------------------------------- 
 Iteration  | Rel. error estimate      
 ------------------------------------- 
    0          9.981246101581023e-01
    1          9.894909951097284e-01
    2          9.840304022016376e-01
    3          9.810774015533165e-01
    4          9.788047767457329e-01
    5          9.758942287101078e-01
    6          9.716192354553637e-01
    7          9.647570401494310e-01
    8          9.544852107862026e-01
    9          9.362191250421564e-01
   10          9.107378240985675e-01
   11          8.662791523133453e-01
   12          7.870171631634995e-01
   13          6.853540476199089e-01
   14          5.360094858813250e-01
   15          3.457682885124547e-01
   16          2.014150347539106e-01
   17          1.139363366309117e-01
   18          7.243138040455861e-02
   19          3.638204088530472e-02
   20          2.176280593618835e-02
   21          1.378668946735825e-02
   22          8.641327023395299e-03
   23          5.376639595717137e-03
   24          3.774316763334409e-03
   25          2.833720030699850e-03
   26          1.976179883402020e-03
   27          1.194440664189543e-03
   28          7.459329401657827e-04
   29          4.430030993600491e-04
   30          2.783598824226088e-04
   31          1.542103097294664e-04
   32          8.569886808859415e-05
   33          4.298152206289532e-05
   34          2.537921360043174e-05
   35          1.697178391470521e-05
   36          1.181736055600026e-05
   37          7.349631278778614e-06
   38          3.871691261250535e-06
   39          1.691357640266084e-06
   40          7.766812888124241e-07
   41          3.838121305717543e-07
   42          2.120307353187262e-07
   43          1.295705042576895e-07
   44          8.007745575548808e-08
   45          5.082273510286886e-08
   46          3.034293996200822e-08
   47          1.668351572961017e-08
   48          8.568061250262918e-09
 ------------------------------------- 


 Final ||Ax - b|| norm =  0.000000005104370
 Final energy = 11011.639168036967021

 Bond dimension before truncation: 306
 Bond dimension after truncation: 51

 MICROITERATION NUMBER = 11  , forward sweep
 - Left boundaries taken from index: 11
 - Right boundaries taken from index: 12


 Initial ||Ax - b|| norm =  0.998124610158101

 ------------------------------------- 
 Iteration  | Rel. error estimate      
 ------------------------------------- 
    0          9.981246101581011e-01
    1          9.893353513755019e-01
    2          9.836590253480552e-01
    3          9.807593563479665e-01
    4          9.783194914432150e-01
    5          9.745332570084752e-01
    6          9.675287061220176e-01
    7          9.562737590450263e-01
    8          9.353100216975572e-01
    9          9.013018252020546e-01
   10          8.348493479359075e-01
   11          7.417040685899972e-01
   12          6.247839289253042e-01
   13          4.589902877538831e-01
   14          2.708704786401557e-01
   15          1.397910598629509e-01
   16          8.349821838884552e-02
   17          4.565016965583921e-02
   18          2.519184692829478e-02
   19          1.504621812563734e-02
   20          8.664486802630895e-03
   21          5.778618625504380e-03
   22          4.024080256962782e-03
   23          2.467433762227562e-03
   24          1.365202782180858e-03
   25          7.004124047119040e-04
   26          3.657441135559415e-04
   27          1.961006475579336e-04
   28          1.208222288214090e-04
   29          7.710139159852487e-05
   30          5.248570738671294e-05
   31          4.262109785933015e-05
   32          3.662004655379206e-05
   33          2.880225813520702e-05
   34          2.066683485149779e-05
   35          1.327656198057754e-05
   36          8.601436921474340e-06
   37          4.780776762842973e-06
   38          2.484294149757001e-06
   39          1.333670532082143e-06
   40          7.398524572132134e-07
   41          5.037019696787419e-07
   42          3.748110302000541e-07
   43          2.624413798406547e-07
   44          1.662286267030760e-07
   45          9.872808609848039e-08
   46          5.032796227107566e-08
   47          2.124532410748705e-08
   48          8.816668032474685e-09
 ------------------------------------- 


 Final ||Ax - b|| norm =  0.000000004042834
 Final energy = 11011.639168036948831

 Bond dimension before truncation: 6
 Bond dimension after truncation: 6

 MICROITERATION NUMBER = 12  , backward sweep
 - Left boundaries taken from index: 10
 - Right boundaries taken from index: 11


 Initial ||Ax - b|| norm =  0.998124610158103

 ------------------------------------- 
 Iteration  | Rel. error estimate      
 ------------------------------------- 
    0          9.981246101581026e-01
    1          9.894909951097273e-01
    2          9.840304022016355e-01
    3          9.810774015533136e-01
    4          9.788047767457289e-01
    5          9.758942287101023e-01
    6          9.716192354553557e-01
    7          9.647570401494184e-01
    8          9.544852107861833e-01
    9          9.362191250421253e-01
   10          9.107378240985206e-01
   11          8.662791523132738e-01
   12          7.870171631633938e-01
   13          6.853540476197755e-01
   14          5.360094858811806e-01
   15          3.457682885123377e-01
   16          2.014150347538360e-01
   17          1.139363366308686e-01
   18          7.243138040453077e-02
   19          3.638204088529065e-02
   20          2.176280593618005e-02
   21          1.378668946735292e-02
   22          8.641327023391897e-03
   23          5.376639595715080e-03
   24          3.774316763332980e-03
   25          2.833720030698709e-03
   26          1.976179883400760e-03
   27          1.194440664187225e-03
   28          7.459329401557517e-04
   29          4.430030993301415e-04
   30          2.783598823998030e-04
   31          1.542103097266759e-04
   32          8.569886808847188e-05
   33          4.298152206265947e-05
   34          2.537921359922661e-05
   35          1.697178391299108e-05
   36          1.181736055541626e-05
   37          7.349631278710399e-06
   38          3.871691261243240e-06
   39          1.691357640265032e-06
   40          7.766812888121263e-07
   41          3.838121305717587e-07
   42          2.120307353189261e-07
   43          1.295705042583271e-07
   44          8.007745575773358e-08
   45          5.082273510497119e-08
   46          3.034293996255591e-08
   47          1.668351573044528e-08
   48          8.568061253741895e-09
 ------------------------------------- 


 Final ||Ax - b|| norm =  0.000000005104370
 Final energy = 11011.639168036981573

 Bond dimension before truncation: 36
 Bond dimension after truncation: 36

 MICROITERATION NUMBER = 13  , backward sweep
 - Left boundaries taken from index: 9
 - Right boundaries taken from index: 10


 Initial ||Ax - b|| norm =  0.999704576085877

 ------------------------------------- 
 Iteration  | Rel. error estimate      
 ------------------------------------- 
    0          9.997045760858767e-01
    1          9.883893881021621e-01
    2          9.832293249501760e-01
    3          9.806203013742635e-01
    4          9.787753012629511e-01
    5          9.768438434223582e-01
    6          9.745113028776372e-01
    7          9.716417142438496e-01
    8          9.680418921125329e-01
    9          9.632573103189814e-01
   10          9.567979534641324e-01
   11          9.477770102315399e-01
   12          9.337449833312600e-01
   13          9.100087014799412e-01
   14          8.786737256141053e-01
   15          8.380588599923495e-01
   16          7.894047296580398e-01
   17          7.213913400633688e-01
   18          6.133094738646674e-01
   19          4.754967319721082e-01
   20          3.335066536264258e-01
   21          2.293411439402580e-01
   22          1.760004563544231e-01
   23          1.496320081229940e-01
   24          1.305352952584924e-01
   25          1.134775660405785e-01
   26          9.476329622491297e-02
   27          7.635390317435463e-02
   28          6.333184079837069e-02
   29          5.051291736620649e-02
   30          3.574237908821572e-02
   31          2.217933043261919e-02
   32          1.450836515194972e-02
   33          1.100594811720057e-02
   34          8.739494725097796e-03
   35          6.196475605482985e-03
   36          4.445511398118172e-03
   37          3.306703692775915e-03
   38          2.521748560924991e-03
   39          1.767751524451530e-03
   40          1.247948647153912e-03
   41          9.312076776145938e-04
   42          7.491304956324952e-04
   43          5.920042941674886e-04
   44          4.544058870093686e-04
   45          3.529507785846485e-04
   46          2.829651115752711e-04
   47          2.212222108756500e-04
   48          1.676209717604869e-04
 ------------------------------------- 


 Final ||Ax - b|| norm =  0.000129771638271
 Final energy = 11011.638920906863859

 Bond dimension before truncation: 216
 Bond dimension after truncation: 51

 MICROITERATION NUMBER = 14  , backward sweep
 - Left boundaries taken from index: 8
 - Right boundaries taken from index: 9


 Initial ||Ax - b|| norm =  0.999799103727182

 ------------------------------------- 
 Iteration  | Rel. error estimate      
 ------------------------------------- 
    0          9.997991037271817e-01
    1          9.884053998580014e-01
    2          9.831425492361520e-01
    3          9.803170117010150e-01
    4          9.778260772413381e-01
    5          9.745101184224984e-01
    6          9.697626550037096e-01
    7          9.637044689328989e-01
    8          9.546862988329337e-01
    9          9.428375610420908e-01
   10          9.185594657477775e-01
   11          8.822323339311910e-01
   12          8.351994298515726e-01
   13          7.661170542607837e-01
   14          6.510169360998362e-01
   15          4.485870607409426e-01
   16          2.881896759866341e-01
   17          2.152010805191228e-01
   18          1.758147593666425e-01
   19          1.372935898534675e-01
   20          1.073801124547109e-01
   21          8.665455424054468e-02
   22          6.442004252600510e-02
   23          4.033798324182801e-02
   24          2.458827081484713e-02
   25          1.521536116646176e-02
   26          9.533976251296790e-03
   27          5.887018503933961e-03
   28          3.777259949597187e-03
   29          2.424282562101903e-03
   30          1.553638086755847e-03
   31          1.008868091956760e-03
   32          6.530596643107223e-04
   33          4.542205067851333e-04
   34          3.185568231458005e-04
   35          2.199326509415417e-04
   36          1.527946007244541e-04
   37          1.026739687699408e-04
   38          7.317523000585432e-05
   39          5.365508429820217e-05
   40          3.925403113798457e-05
   41          2.844188406054756e-05
   42          2.074287927123294e-05
   43          1.570343867740830e-05
   44          1.108388550036106e-05
   45          7.279285079420653e-06
   46          4.845325024254515e-06
   47          3.060880273787349e-06
   48          1.932394849058288e-06
 ------------------------------------- 


 Final ||Ax - b|| norm =  0.000001164580056
 Final energy = 11011.636973892136666

 Bond dimension before truncation: 306
 Bond dimension after truncation: 51

 MICROITERATION NUMBER = 15  , backward sweep
 - Left boundaries taken from index: 7
 - Right boundaries taken from index: 8


 Initial ||Ax - b|| norm =  0.999918309190324

 ------------------------------------- 
 Iteration  | Rel. error estimate      
 ------------------------------------- 
    0          9.999183091903242e-01
    1          9.882725514481161e-01
    2          9.826428078036231e-01
    3          9.790402524293238e-01
    4          9.735398454666900e-01
    5          9.659822082295989e-01
    6          9.560075845392078e-01
    7          9.337781383508810e-01
    8          8.956820356360050e-01
    9          8.457987616702226e-01
   10          7.282068007592361e-01
   11          4.969580155808094e-01
   12          3.261111092504650e-01
   13          2.161896709960004e-01
   14          1.603915791156717e-01
   15          1.216487356404838e-01
   16          8.926379560162112e-02
   17          5.680350825611578e-02
   18          3.302601985913805e-02
   19          1.745112962107932e-02
   20          9.779532054452804e-03
   21          5.484291811360879e-03
   22          3.077150188360920e-03
   23          1.633968008512729e-03
   24          9.386815539394133e-04
   25          6.050190993432279e-04
   26          3.537391472922845e-04
   27          2.231054614662220e-04
   28          1.419459067176306e-04
   29          9.129890166078420e-05
   30          5.601960625239574e-05
   31          3.561563991392147e-05
   32          2.366012960970009e-05
   33          1.543863567258732e-05
   34          9.938990795116116e-06
   35          6.616184186497583e-06
   36          4.222808342597213e-06
   37          2.533053823135070e-06
   38          1.553960292552431e-06
   39          9.894369831195102e-07
   40          5.859738518229753e-07
   41          3.668278441548692e-07
   42          2.314191395937317e-07
   43          1.432055843308912e-07
   44          9.258624377792185e-08
   45          6.082588793151693e-08
   46          3.789145234282707e-08
   47          2.375091291313167e-08
   48          1.457438564039339e-08
 ------------------------------------- 


 Final ||Ax - b|| norm =  0.000000008514844
 Final energy = 11011.636950867257838

 Bond dimension before truncation: 306
 Bond dimension after truncation: 51

 MICROITERATION NUMBER = 16  , backward sweep
 - Left boundaries taken from index: 6
 - Right boundaries taken from index: 7


 Initial ||Ax - b|| norm =  0.999879115135814

 ------------------------------------- 
 Iteration  | Rel. error estimate      
 ------------------------------------- 
    0          9.998791151358135e-01
    1          9.883171531825263e-01
    2          9.828806237897365e-01
    3          9.785847029472327e-01
    4          9.716690033865671e-01
    5          9.645818268478350e-01
    6          9.491038091196821e-01
    7          9.196847113796928e-01
    8          8.820461095486304e-01
    9          7.865551083721831e-01
   10          5.787056235038126e-01
   11          3.697140087100053e-01
   12          2.387682293618933e-01
   13          1.708656488055691e-01
   14          1.339302753918521e-01
   15          8.855155802892568e-02
   16          5.515637170449596e-02
   17          2.914974368544559e-02
   18          1.402129266124546e-02
   19          8.050941954900803e-03
   20          4.223621247337531e-03
   21          2.156737318946854e-03
   22          1.265841801529826e-03
   23          7.224268278292156e-04
   24          4.420064084045678e-04
   25          2.722843020436910e-04
   26          1.649482314123321e-04
   27          1.016245862092211e-04
   28          6.365937458524524e-05
   29          3.981792663035656e-05
   30          2.461666171866290e-05
   31          1.599481901802266e-05
   32          1.038179785695883e-05
   33          6.274350169928256e-06
   34          3.825298763326753e-06
   35          2.249539265870324e-06
   36          1.274933255758808e-06
   37          7.230693877349053e-07
   38          4.343832834344338e-07
   39          2.613777677263555e-07
   40          1.525633794931937e-07
   41          9.336722267166999e-08
   42          5.822341820762361e-08
   43          3.511183493858860e-08
   44          2.214466445774690e-08
   45          1.375673749335511e-08
   46          7.916106871193790e-09
   47          4.068029179688433e-09
   48          2.138150165889547e-09
 ------------------------------------- 


 Final ||Ax - b|| norm =  0.000000001127383
 Final energy = 11011.643248002670589

 Bond dimension before truncation: 306
 Bond dimension after truncation: 51

 MICROITERATION NUMBER = 17  , backward sweep
 - Left boundaries taken from index: 5
 - Right boundaries taken from index: 6


 Initial ||Ax - b|| norm =  0.999867939473051

 ------------------------------------- 
 Iteration  | Rel. error estimate      
 ------------------------------------- 
    0          9.998679394730512e-01
    1          9.883815616196135e-01
    2          9.827386195774045e-01
    3          9.782214470579461e-01
    4          9.707772855471517e-01
    5          9.633560496732092e-01
    6          9.416230702191634e-01
    7          9.102891302348984e-01
    8          8.544157924627289e-01
    9          7.148726228248550e-01
   10          4.794609934848610e-01
   11          3.146664573453655e-01
   12          2.115618880401259e-01
   13          1.633904588196350e-01
   14          1.179892309598468e-01
   15          7.576531510491828e-02
   16          4.245728224710260e-02
   17          2.096761753939598e-02
   18          1.126801102618169e-02
   19          6.365818082851955e-03
   20          3.096307545411444e-03
   21          1.676105120226724e-03
   22          9.831423501284720e-04
   23          6.074522142739507e-04
   24          3.975621722487360e-04
   25          2.598552039205668e-04
   26          1.536183344123640e-04
   27          9.495717243347084e-05
   28          5.809409239723651e-05
   29          3.458136902990027e-05
   30          2.159320542124608e-05
   31          1.431555233165101e-05
   32          8.867608236149255e-06
   33          5.500860851737826e-06
   34          3.157532141387291e-06
   35          1.749581037738442e-06
   36          1.007481838032142e-06
   37          5.937144300436581e-07
   38          3.515709513074663e-07
   39          2.031289236897353e-07
   40          1.145894127399350e-07
   41          6.417252876508548e-08
   42          3.669094478095514e-08
   43          2.116628337602396e-08
   44          1.339491770465032e-08
   45          8.110540734742004e-09
   46          4.653639984742392e-09
   47          2.667945756138266e-09
   48          1.479295564005176e-09
 ------------------------------------- 


 Final ||Ax - b|| norm =  0.000000000798011
 Final energy = 11011.647925771130758

 Bond dimension before truncation: 306
 Bond dimension after truncation: 51

 MICROITERATION NUMBER = 18  , backward sweep
 - Left boundaries taken from index: 4
 - Right boundaries taken from index: 5


 Initial ||Ax - b|| norm =  0.999668386295443

 ------------------------------------- 
 Iteration  | Rel. error estimate      
 ------------------------------------- 
    0          9.996683862954426e-01
    1          9.884059060249437e-01
    2          9.826029748936423e-01
    3          9.782057149310587e-01
    4          9.706359746804226e-01
    5          9.628185616223381e-01
    6          9.371098961267103e-01
    7          8.986830144191855e-01
    8          8.278957470681068e-01
    9          6.723904375629456e-01
   10          4.137958338896449e-01
   11          2.630018623108911e-01
   12          1.782477252353882e-01
   13          1.341077591611170e-01
   14          9.059096363387835e-02
   15          5.599035611693387e-02
   16          2.988780465915977e-02
   17          1.567452767833464e-02
   18          8.426970684696196e-03
   19          4.380855338934158e-03
   20          2.177129316346386e-03
   21          1.103893146921041e-03
   22          6.546212901484147e-04
   23          4.312152815400339e-04
   24          2.854245003943841e-04
   25          1.775856543463829e-04
   26          1.026856431867877e-04
   27          5.938971426740358e-05
   28          3.422142968475086e-05
   29          2.008591367717620e-05
   30          1.283935446766144e-05
   31          8.147301902067019e-06
   32          4.970676950760601e-06
   33          3.008403008510877e-06
   34          1.694326680764363e-06
   35          9.320097951185430e-07
   36          5.355126810204988e-07
   37          3.215075532937831e-07
   38          1.968632985741957e-07
   39          1.120863791925031e-07
   40          6.368676463022986e-08
   41          3.584125422279011e-08
   42          2.002859205662338e-08
   43          1.213224597319296e-08
   44          7.251712636193158e-09
   45          4.381255414978291e-09
   46          2.763030238035406e-09
   47          1.546714009870968e-09
   48          8.502089986775450e-10
 ------------------------------------- 


 Final ||Ax - b|| norm =  0.000000000448958
 Final energy = 11011.650066150525163

 Bond dimension before truncation: 306
 Bond dimension after truncation: 51

 MICROITERATION NUMBER = 19  , backward sweep
 - Left boundaries taken from index: 3
 - Right boundaries taken from index: 4


 Initial ||Ax - b|| norm =  0.999623526572603

 ------------------------------------- 
 Iteration  | Rel. error estimate      
 ------------------------------------- 
    0          9.996235265726028e-01
    1          9.883596992717779e-01
    2          9.825672596041646e-01
    3          9.781658062949623e-01
    4          9.703683595868370e-01
    5          9.626073069041605e-01
    6          9.356539046487203e-01
    7          8.970696719318315e-01
    8          8.231747601771557e-01
    9          6.652798249626515e-01
   10          4.055867228446048e-01
   11          2.516409458499805e-01
   12          1.752662006179290e-01
   13          1.291534825022820e-01
   14          8.125123816738432e-02
   15          4.816740098723329e-02
   16          2.168845689847908e-02
   17          1.118951496304407e-02
   18          5.804481381801675e-03
   19          2.678417735639298e-03
   20          1.370773029207732e-03
   21          7.467595334430678e-04
   22          4.882318516326180e-04
   23          3.166221995336926e-04
   24          1.975396150942021e-04
   25          1.144674214553193e-04
   26          6.402286550185391e-05
   27          3.575415714491227e-05
   28          1.991299292611800e-05
   29          1.135887417223323e-05
   30          6.889962736800029e-06
   31          4.149587324579339e-06
   32          2.614634996378258e-06
   33          1.379249625868992e-06
   34          7.135685399762966e-07
   35          3.893893128345242e-07
   36          2.103669593105683e-07
   37          1.168913199771423e-07
   38          6.496925374398377e-08
   39          3.812259161207893e-08
   40          2.359529866302019e-08
   41          1.434658027981076e-08
   42          7.942026834814375e-09
   43          4.021547687593939e-09
   44          2.203977972893933e-09
   45          1.109765856116206e-09
   46          5.662186853736701e-10
   47          3.220343560847106e-10
   48          1.704085943060766e-10
 ------------------------------------- 


 Final ||Ax - b|| norm =  0.000000000085736
 Final energy = 11011.651112282099348

 Bond dimension before truncation: 306
 Bond dimension after truncation: 51

 MICROITERATION NUMBER = 20  , backward sweep
 - Left boundaries taken from index: 2
 - Right boundaries taken from index: 3


 Initial ||Ax - b|| norm =  0.999429122170427

 ------------------------------------- 
 Iteration  | Rel. error estimate      
 ------------------------------------- 
    0          9.994291221704270e-01
    1          9.875944173204179e-01
    2          9.817833159946311e-01
    3          9.770939856610353e-01
    4          9.687548403207190e-01
    5          9.564142987939812e-01
    6          9.244201887218886e-01
    7          8.657049955150470e-01
    8          7.580006629713872e-01
    9          5.560382827779676e-01
   10          2.963187940486990e-01
   11          2.045198567484239e-01
   12          1.432952915828278e-01
   13          9.936073319491312e-02
   14          6.067285986834082e-02
   15          3.180947721018623e-02
   16          1.539040598423177e-02
   17          8.477321600941700e-03
   18          4.433202091017024e-03
   19          2.431941070141936e-03
   20          1.436983720259713e-03
   21          8.304569099496076e-04
   22          4.667358991108451e-04
   23          2.767839730927861e-04
   24          1.717144751449567e-04
   25          1.052770272492381e-04
   26          6.598112614988372e-05
   27          4.242406237912596e-05
   28          2.232546693817790e-05
   29          1.091713989036386e-05
   30          5.881329622972454e-06
   31          3.114291065239122e-06
   32          1.804805161314944e-06
   33          1.150471085806269e-06
   34          7.077433484497429e-07
   35          4.312774963346532e-07
   36          2.461973104467239e-07
   37          1.278811586563404e-07
   38          5.937200281525729e-08
   39          2.812891651657739e-08
   40          1.473060933149716e-08
   41          7.506360036624257e-09
   42          3.312048836129783e-09
   43          1.671945255445292e-09
   44          1.015945345854672e-09
   45          6.213415761759289e-10
   46          3.903970629338980e-10
   47          2.414540411735391e-10
   48          1.508741605981334e-10
 ------------------------------------- 


 Final ||Ax - b|| norm =  0.000000000083009
 Final energy = 11011.654326401278013

 Bond dimension before truncation: 306
 Bond dimension after truncation: 51

 MICROITERATION NUMBER = 21  , backward sweep
 - Left boundaries taken from index: 1
 - Right boundaries taken from index: 2


 Initial ||Ax - b|| norm =  0.999401684645815

 ------------------------------------- 
 Iteration  | Rel. error estimate      
 ------------------------------------- 
    0          9.994016846458155e-01
    1          9.875720027484516e-01
    2          9.816991701904567e-01
    3          9.770108924248723e-01
    4          9.670395211651772e-01
    5          9.531218596242170e-01
    6          9.018427783170989e-01
    7          8.340360327556997e-01
    8          6.372716411509174e-01
    9          3.733661184982690e-01
   10          2.308973691370068e-01
   11          1.549332392341787e-01
   12          1.056682706767111e-01
   13          6.259147331639528e-02
   14          3.154811601359334e-02
   15          1.406528724935828e-02
   16          6.833853049172115e-03
   17          3.467741097012961e-03
   18          1.842543366891371e-03
   19          1.028220035569124e-03
   20          5.767576734633770e-04
   21          3.208059925596923e-04
   22          1.860952145217812e-04
   23          1.027152006297314e-04
   24          6.484059607214120e-05
   25          3.338434291128654e-05
   26          1.620475999405970e-05
   27          7.919583031402816e-06
   28          4.516305959272563e-06
   29          2.754770396572131e-06
   30          1.588485037315232e-06
   31          8.625176046573066e-07
   32          4.163319423923667e-07
   33          2.060959858857580e-07
   34          9.611081858617614e-08
   35          3.945104612051176e-08
   36          1.980674015016613e-08
   37          1.078866623814559e-08
   38          6.621187482693053e-09
   39          4.064874704693252e-09
   40          2.300346906893177e-09
   41          1.169661378059179e-09
   42          5.858693783729836e-10
   43          2.778801535238744e-10
 ------------------------------------- 


 Final ||Ax - b|| norm =  0.000000000098363
 Final energy = 11011.654339773214815

 Bond dimension before truncation: 306
 Bond dimension after truncation: 51

 == RESULTS FOR THE 1-th iteration ==
 - Energy difference for iteration = 1 = 110.9529653025
 - MPS overlap with solution at previous iteration = 0.0832307403
 --> CONVERGENCE NOT REACHED, STARTS NEW ITERATION

+----------------------------------+
 NEW SwEEP-BASED SIMULATION STARTED
+----------------------------------+

 Simulation settings:
 - Simulation type: Linear system solver
 - Sweep-based modality: Single site
 - Maximum number of sweeps: 10

 -------------------
   SWEEP NUMBER 0
 -------------------
 - Noise parameter: 0.0000000100
 - Maximum bond dimension: 50
 - Truncation parameter: 0.0000000000

 MICROITERATION NUMBER = 0  , forward sweep
 - Left boundaries taken from index: 0
 - Right boundaries taken from index: 1


 Initial ||Ax - b|| norm =  0.999999999999999

 ------------------------------------- 
 Iteration  | Rel. error estimate      
 ------------------------------------- 
    0          9.999999999999992e-01
    1          1.698117003197720e-01
    2          9.441653558476781e-02
    3          5.235699439568681e-02
    4          3.087479054725967e-02
    5          1.437318351363262e-02
    6          8.879950503537053e-03
    7          3.810927165585818e-03
    8          2.021957480241834e-03
    9          1.369131904718441e-03
   10          8.213139879178211e-04
   11          3.614131134524582e-04
   12          1.188841126967043e-04
   13          5.338708388810577e-05
   14          2.568503820572212e-05
   15          1.309956996003749e-05
   16          6.973822922255256e-06
   17          3.835749705372378e-06
   18          1.862828563206575e-06
   19          1.085437936637508e-06
   20          6.084821294629945e-07
   21          2.581400393302085e-07
   22          1.165731277255210e-07
   23          5.411910398890418e-08
   24          3.190587822479836e-08
   25          1.618456097437800e-08
   26          8.303474387638112e-09
   27          3.734819837758832e-09
   28          1.750878094146520e-09
   29          6.687463604397247e-10
   30          2.578700443673286e-10
   31          1.433845647071353e-10
 ------------------------------------- 


 Final ||Ax - b|| norm =  0.000000000082053
 Final energy = 11011.652855255999384

 Bond dimension before truncation: 6
 Bond dimension after truncation: 6

 MICROITERATION NUMBER = 1  , forward sweep
 - Left boundaries taken from index: 1
 - Right boundaries taken from index: 2


 Initial ||Ax - b|| norm =  0.999999999999999

 ------------------------------------- 
 Iteration  | Rel. error estimate      
 ------------------------------------- 
    0          9.999999999999987e-01
    1          1.698223861350088e-01
    2          9.469107402358240e-02
    3          5.273299481555453e-02
    4          3.139128197998386e-02
    5          1.578692193703640e-02
    6          1.002388979990990e-02
    7          4.620742522833883e-03
    8          2.445533693266394e-03
    9          1.646233047213996e-03
   10          1.100490051081433e-03
   11          6.390715558226562e-04
   12          3.265014385834407e-04
   13          1.416707302770351e-04
   14          6.706118242727064e-05
   15          3.216649065179034e-05
   16          1.773495047735844e-05
   17          1.054363113620895e-05
   18          5.764216058583780e-06
   19          3.383417589591756e-06
   20          1.896102881391289e-06
   21          1.122347877075911e-06
   22          6.394649961377117e-07
   23          3.674069031687267e-07
   24          1.854125395128202e-07
   25          8.598113320091418e-08
   26          4.603741848635102e-08
   27          2.847170659492531e-08
   28          1.670686724829043e-08
   29          8.866369997899814e-09
   30          4.560931246020211e-09
   31          2.241944222831651e-09
   32          1.035408127304261e-09
   33          4.789841393792588e-10
   34          2.173177080581496e-10
   35          1.210547637621412e-10
 ------------------------------------- 


 Final ||Ax - b|| norm =  0.000000000075858
 Final energy = 11011.652854104482685

 Bond dimension before truncation: 36
 Bond dimension after truncation: 36

 MICROITERATION NUMBER = 2  , forward sweep
 - Left boundaries taken from index: 2
 - Right boundaries taken from index: 3


 Initial ||Ax - b|| norm =  0.999999999999999

 ------------------------------------- 
 Iteration  | Rel. error estimate      
 ------------------------------------- 
    0          9.999999999999991e-01
    1          1.731261892224970e-01
    2          1.054266761518245e-01
    3          6.306167932881007e-02
    4          4.051921128095943e-02
    5          2.592544916980472e-02
    6          1.567331466545094e-02
    7          9.770704739386083e-03
    8          5.861894551132563e-03
    9          3.190053005625398e-03
   10          1.888127849858998e-03
   11          1.391241553822292e-03
   12          9.786059368256618e-04
   13          5.419328877982304e-04
   14          2.965227177319742e-04
   15          1.423745490990512e-04
   16          6.718017858934212e-05
   17          3.622825507682045e-05
   18          1.932616065292059e-05
   19          1.112979819587482e-05
   20          6.855387230791955e-06
   21          4.108413853297858e-06
   22          2.268547041897905e-06
   23          1.403011518098560e-06
   24          9.027216356441187e-07
   25          5.635107652779683e-07
   26          3.319849682216826e-07
   27          1.842754047943233e-07
   28          9.404216485161234e-08
   29          4.729815145995959e-08
   30          2.646847374185344e-08
   31          1.571300820313821e-08
   32          9.751816003787423e-09
   33          6.147335073002342e-09
   34          3.551131609301765e-09
   35          1.969144791469009e-09
   36          1.015186574117452e-09
   37          5.285621873833076e-10
   38          2.683993925024150e-10
   39          1.307204680467562e-10
 ------------------------------------- 


 Final ||Ax - b|| norm =  0.000000000067247
 Final energy = 11011.652837518333399

 Bond dimension before truncation: 216
 Bond dimension after truncation: 51

 MICROITERATION NUMBER = 3  , forward sweep
 - Left boundaries taken from index: 3
 - Right boundaries taken from index: 4


 Initial ||Ax - b|| norm =  0.999999998827001

 ------------------------------------- 
 Iteration  | Rel. error estimate      
 ------------------------------------- 
    0          9.999999988270010e-01
    1          4.777054012541219e-01
    2          2.022553514909847e-01
    3          1.144438191662115e-01
    4          7.644589360578896e-02
    5          4.998042970981007e-02
    6          3.269218908626936e-02
    7          2.045201821105965e-02
    8          1.270273289102589e-02
    9          7.978574476064381e-03
   10          4.480872882821940e-03
   11          2.602896429497035e-03
   12          1.669264189004994e-03
   13          1.157879371660443e-03
   14          7.853979807214047e-04
   15          4.677541605628213e-04
   16          2.359217722718420e-04
   17          1.066201107265812e-04
   18          5.135862233450464e-05
   19          2.616268832000275e-05
   20          1.402515443448887e-05
   21          7.392841011815802e-06
   22          4.473059231400600e-06
   23          2.862331667481259e-06
   24          1.843969796410587e-06
   25          1.110822162907109e-06
   26          6.333171772373637e-07
   27          3.443298764960530e-07
   28          1.962111855175950e-07
   29          1.144688654488619e-07
   30          7.008638126658390e-08
   31          4.225345283404235e-08
   32          2.469275568082382e-08
   33          1.442639636334883e-08
   34          8.533412782607112e-09
   35          4.659639883094718e-09
   36          2.439290802099061e-09
   37          1.249329451759943e-09
   38          6.529678441794750e-10
   39          3.569875022878844e-10
   40          2.082866632041564e-10
   41          1.285425315011134e-10
 ------------------------------------- 


 Final ||Ax - b|| norm =  0.000000000079237
 Final energy = 11011.649543177692976

 Bond dimension before truncation: 306
 Bond dimension after truncation: 51

 MICROITERATION NUMBER = 4  , forward sweep
 - Left boundaries taken from index: 4
 - Right boundaries taken from index: 5


 Initial ||Ax - b|| norm =  0.999999970646517

 ------------------------------------- 
 Iteration  | Rel. error estimate      
 ------------------------------------- 
    0          9.999999706465174e-01
    1          5.044404978703080e-01
    2          2.148522999214636e-01
    3          1.166659955571702e-01
    4          7.706861658013622e-02
    5          5.067370394545961e-02
    6          3.309829247522776e-02
    7          2.105080865033823e-02
    8          1.324054525694099e-02
    9          8.387988002040880e-03
   10          4.946420733419058e-03
   11          2.863971373269809e-03
   12          1.825183543446372e-03
   13          1.269953171231623e-03
   14          9.068501171010983e-04
   15          6.000427895631077e-04
   16          3.341198388432622e-04
   17          1.643744208678385e-04
   18          8.071392517613702e-05
   19          4.234336594363212e-05
   20          2.219470776345009e-05
   21          1.193945943927502e-05
   22          6.748245427037263e-06
   23          4.056783301361933e-06
   24          2.655176257056036e-06
   25          1.676516879069402e-06
   26          1.039716082891032e-06
   27          6.378222268344679e-07
   28          3.667927812865206e-07
   29          2.168965780841062e-07
   30          1.301324312720311e-07
   31          8.415836154019259e-08
   32          5.241518117675595e-08
   33          3.224551063428582e-08
   34          1.830970244600236e-08
   35          1.052886714604761e-08
   36          6.130970468098939e-09
   37          3.521124403484259e-09
   38          1.950207445666234e-09
   39          1.079786665518682e-09
   40          6.010406196497350e-10
   41          3.394127711818256e-10
   42          1.940101209196118e-10
   43          1.127998562371896e-10
 ------------------------------------- 


 Final ||Ax - b|| norm =  0.000000000068304
 Final energy = 11011.648485062634791

 Bond dimension before truncation: 306
 Bond dimension after truncation: 51

 MICROITERATION NUMBER = 5  , forward sweep
 - Left boundaries taken from index: 5
 - Right boundaries taken from index: 6


 Initial ||Ax - b|| norm =  0.999999856557379

 ------------------------------------- 
 Iteration  | Rel. error estimate      
 ------------------------------------- 
    0          9.999998565573794e-01
    1          5.608804307048352e-01
    2          2.390101258455151e-01
    3          1.249255640455077e-01
    4          8.491540392240332e-02
    5          5.686475494918584e-02
    6          3.707162511364402e-02
    7          2.466349101884929e-02
    8          1.571124452061069e-02
    9          9.875382319958109e-03
   10          6.047555652111736e-03
   11          3.635982302180448e-03
   12          2.283454748466858e-03
   13          1.595383549088045e-03
   14          1.166129397951389e-03
   15          8.047506893182790e-04
   16          4.611620710212752e-04
   17          2.380470588009922e-04
   18          1.207766493243289e-04
   19          6.375422007081536e-05
   20          3.467901622825772e-05
   21          1.859392053979648e-05
   22          1.094179044022115e-05
   23          6.781665666065355e-06
   24          4.078795595788078e-06
   25          2.621230135926479e-06
   26          1.669434364174253e-06
   27          1.031366481902098e-06
   28          5.934425941123886e-07
   29          3.444743915593326e-07
   30          2.060306721413439e-07
   31          1.338289957911376e-07
   32          8.839531598230588e-08
   33          5.549083234260282e-08
   34          3.266786136481251e-08
   35          1.803764454184906e-08
   36          1.019724799289723e-08
   37          6.024201382311590e-09
   38          3.588858313622174e-09
   39          2.155726436051274e-09
   40          1.299752326673749e-09
   41          7.658649399910726e-10
   42          4.502946973490334e-10
   43          2.612960546480815e-10
   44          1.520589309559101e-10
 ------------------------------------- 


 Final ||Ax - b|| norm =  0.000000000086807
 Final energy = 11011.646256972811898

 Bond dimension before truncation: 306
 Bond dimension after truncation: 51

 MICROITERATION NUMBER = 6  , forward sweep
 - Left boundaries taken from index: 6
 - Right boundaries taken from index: 7


 Initial ||Ax - b|| norm =  0.999999634012168

 ------------------------------------- 
 Iteration  | Rel. error estimate      
 ------------------------------------- 
    0          9.999996340121680e-01
    1          6.745773136161923e-01
    2          2.915319102885406e-01
    3          1.446889142470801e-01
    4          9.620683805481769e-02
    5          6.786032191489350e-02
    6          4.760670946279110e-02
    7          3.198847664739744e-02
    8          2.131371315991126e-02
    9          1.378876933552809e-02
   10          8.397180341010295e-03
   11          5.044912392587626e-03
   12          3.075676645934144e-03
   13          1.948809571724358e-03
   14          1.380385419644789e-03
   15          1.013446295995656e-03
   16          6.937254812082786e-04
   17          4.118014993357710e-04
   18          2.123964962449870e-04
   19          1.093640582166549e-04
   20          6.027915797247912e-05
   21          3.245965849174205e-05
   22          1.736022353826293e-05
   23          9.726598478459754e-06
   24          5.625291378278288e-06
   25          3.425743073188501e-06
   26          2.210771138893728e-06
   27          1.392436810497850e-06
   28          8.615517391250015e-07
   29          5.129981573996383e-07
   30          3.007456022503174e-07
   31          1.806986177085112e-07
   32          1.153034427811919e-07
   33          7.597151510549970e-08
   34          4.796350622815399e-08
   35          2.807933255903445e-08
   36          1.573359822708315e-08
   37          9.096714140813656e-09
   38          5.704531671886392e-09
   39          3.707838005167775e-09
   40          2.341504291355722e-09
   41          1.461674229071758e-09
   42          9.001455060634508e-10
   43          5.278069511369549e-10
   44          2.976712981801972e-10
   45          1.630149803812933e-10
 ------------------------------------- 


 Final ||Ax - b|| norm =  0.000000000086520
 Final energy = 11011.641563352290177

 Bond dimension before truncation: 306
 Bond dimension after truncation: 51

 MICROITERATION NUMBER = 7  , forward sweep
 - Left boundaries taken from index: 7
 - Right boundaries taken from index: 8


 Initial ||Ax - b|| norm =  0.999999340600643

 ------------------------------------- 
 Iteration  | Rel. error estimate      
 ------------------------------------- 
    0          9.999993406006427e-01
    1          7.694835228705905e-01
    2          3.634639046028832e-01
    3          1.610446893741070e-01
    4          1.043378127018267e-01
    5          7.610243215300387e-02
    6          5.324093179739822e-02
    7          3.704285094771687e-02
    8          2.581384508261446e-02
    9          1.732033733391134e-02
   10          1.112640567237497e-02
   11          7.189267052559510e-03
   12          4.310932571125194e-03
   13          2.780303326268966e-03
   14          1.790443537861882e-03
   15          1.313547008164029e-03
   16          9.807369229840419e-04
   17          6.996580144285938e-04
   18          4.463353609983723e-04
   19          2.421686663977965e-04
   20          1.363023095923332e-04
   21          7.323767458473129e-05
   22          4.244520825086367e-05
   23          2.407203480084057e-05
   24          1.337688246744102e-05
   25          7.802581246610246e-06
   26          4.909680469692980e-06
   27          3.296373981704265e-06
   28          2.260321601150459e-06
   29          1.474455763785018e-06
   30          8.723040165299343e-07
   31          5.161885799700327e-07
   32          3.188401487656942e-07
   33          2.005988542967557e-07
   34          1.298006299191689e-07
   35          8.372653456211895e-08
   36          5.398955141293244e-08
   37          3.418791602626089e-08
   38          2.051657379451340e-08
   39          1.252759752349451e-08
   40          8.081700825768547e-09
   41          5.359081215228803e-09
   42          3.513834196217907e-09
   43          2.333678839108407e-09
   44          1.492405755896879e-09
   45          9.175056725834228e-10
   46          5.421514124549841e-10
   47          3.164570860449085e-10
   48          1.770356135374981e-10
 ------------------------------------- 


 Final ||Ax - b|| norm =  0.000000000094313
 Final energy = 11011.635141982340429

 Bond dimension before truncation: 306
 Bond dimension after truncation: 51

 MICROITERATION NUMBER = 8  , forward sweep
 - Left boundaries taken from index: 8
 - Right boundaries taken from index: 9


 Initial ||Ax - b|| norm =  0.999999108871761

 ------------------------------------- 
 Iteration  | Rel. error estimate      
 ------------------------------------- 
    0          9.999991088717610e-01
    1          7.438619675608337e-01
    2          3.969973718472764e-01
    3          2.175960206661496e-01
    4          1.456074803512817e-01
    5          1.100731592879361e-01
    6          8.677841177490105e-02
    7          6.778302330258798e-02
    8          5.131740137791616e-02
    9          3.866148373454441e-02
   10          2.893659887600012e-02
   11          2.180965918161120e-02
   12          1.552747682216065e-02
   13          1.111795596148177e-02
   14          8.067382655493494e-03
   15          5.578294779565935e-03
   16          3.855110969629943e-03
   17          2.703136304501296e-03
   18          1.923621600062848e-03
   19          1.449535153373992e-03
   20          1.152586077897837e-03
   21          9.340691971443239e-04
   22          7.231746438627550e-04
   23          5.091295077061081e-04
   24          3.326372851192468e-04
   25          2.074657677026167e-04
   26          1.273577928148692e-04
   27          7.828635514334392e-05
   28          4.938527342498930e-05
   29          3.131284619655385e-05
   30          2.001922265098509e-05
   31          1.317102528720918e-05
   32          8.536608141083831e-06
   33          5.479659015482382e-06
   34          3.710904180075596e-06
   35          2.689265868012090e-06
   36          2.039287922380774e-06
   37          1.550126115151680e-06
   38          1.135341209246531e-06
   39          8.054979278789776e-07
   40          5.571962742227355e-07
   41          3.798959870772619e-07
   42          2.614852432165111e-07
   43          1.865993218098858e-07
   44          1.296197692700300e-07
   45          8.642769816539462e-08
   46          5.720321141858847e-08
   47          3.692101697917540e-08
   48          2.316723752080083e-08
 ------------------------------------- 


 Final ||Ax - b|| norm =  0.000000014380804
 Final energy = 11011.635160115769395

 Bond dimension before truncation: 306
 Bond dimension after truncation: 51

 MICROITERATION NUMBER = 9  , forward sweep
 - Left boundaries taken from index: 9
 - Right boundaries taken from index: 10


 Initial ||Ax - b|| norm =  0.999998876409124

 ------------------------------------- 
 Iteration  | Rel. error estimate      
 ------------------------------------- 
    0          9.999988764091237e-01
    1          6.563651235661863e-01
    2          3.430299644904997e-01
    3          2.219351317004402e-01
    4          1.649583888501190e-01
    5          1.349296663454603e-01
    6          1.145313277441717e-01
    7          9.703761151142877e-02
    8          7.982550006438026e-02
    9          6.355082744226825e-02
   10          5.056198184724960e-02
   11          4.056901033943832e-02
   12          3.214781073618955e-02
   13          2.617231369345244e-02
   14          2.048507680435648e-02
   15          1.566974744657291e-02
   16          1.173019512392619e-02
   17          8.798512604823113e-03
   18          6.765759014855149e-03
   19          5.279845095939657e-03
   20          3.969887779898578e-03
   21          3.075639091966010e-03
   22          2.440609903618614e-03
   23          1.857440711720187e-03
   24          1.449535531594061e-03
   25          1.184870525601846e-03
   26          9.998851774754853e-04
   27          8.734037526979163e-04
   28          7.307667301217079e-04
   29          5.881053851164606e-04
   30          4.509776857293107e-04
   31          3.429568445564240e-04
   32          2.562410544386604e-04
   33          1.802595309462523e-04
   34          1.213511728830583e-04
   35          7.892353070468482e-05
   36          5.254406535276190e-05
   37          3.531169110229552e-05
   38          2.469429257855224e-05
   39          1.777394627257707e-05
   40          1.247059218077569e-05
   41          9.219889511561099e-06
   42          7.280949945816709e-06
   43          5.750011876188087e-06
   44          4.430155134345599e-06
   45          3.405078323058882e-06
   46          2.668848961497086e-06
   47          2.128738535474118e-06
   48          1.699803974019159e-06
 ------------------------------------- 


 Final ||Ax - b|| norm =  0.000001368024231
 Final energy = 11011.637083246587281

 Bond dimension before truncation: 306
 Bond dimension after truncation: 51

 MICROITERATION NUMBER = 10  , forward sweep
 - Left boundaries taken from index: 10
 - Right boundaries taken from index: 11


 Initial ||Ax - b|| norm =  0.999998716692261

 ------------------------------------- 
 Iteration  | Rel. error estimate      
 ------------------------------------- 
    0          9.999987166922608e-01
    1          4.947858109820452e-01
    2          2.418462200183491e-01
    3          1.527809491910846e-01
    4          1.175945436352077e-01
    5          9.608851764121124e-02
    6          7.543492131467364e-02
    7          5.352449760777368e-02
    8          4.024743325986519e-02
    9          2.726467385160431e-02
   10          2.098469623857882e-02
   11          1.492080532844716e-02
   12          1.031499979919421e-02
   13          7.114275968451975e-03
   14          4.672218897506117e-03
   15          2.926616559106652e-03
   16          1.737879087531332e-03
   17          1.017286697343405e-03
   18          5.415634315756288e-04
   19          2.808110216775497e-04
   20          1.646297844823406e-04
   21          1.051944526603279e-04
   22          6.361421522476557e-05
   23          3.920676942278763e-05
   24          2.462898955133211e-05
   25          1.693976116322658e-05
   26          1.258444865414709e-05
   27          9.444748314741915e-06
   28          6.607621198668357e-06
   29          4.313129902083142e-06
   30          2.553963532459832e-06
   31          1.599121309762999e-06
   32          9.842459652097938e-07
   33          5.802972796457543e-07
   34          3.387013808769706e-07
   35          1.895853743625658e-07
   36          1.041854820608977e-07
   37          6.265818966814131e-08
   38          3.949185858464986e-08
   39          2.333416053805128e-08
   40          1.189217187507121e-08
   41          5.737352284740874e-09
   42          3.127273662939430e-09
   43          1.769392783501904e-09
   44          9.546585501820203e-10
   45          4.888013273270982e-10
   46          2.513850602325313e-10
   47          1.306436872299784e-10
 ------------------------------------- 


 Final ||Ax - b|| norm =  0.000000000069936
 Final energy = 11011.637315436442805

 Bond dimension before truncation: 306
 Bond dimension after truncation: 51

 MICROITERATION NUMBER = 11  , forward sweep
 - Left boundaries taken from index: 11
 - Right boundaries taken from index: 12


 Initial ||Ax - b|| norm =  0.999998715429353

 ------------------------------------- 
 Iteration  | Rel. error estimate      
 ------------------------------------- 
    0          9.999987154293529e-01
    1          4.548730886820512e-01
    2          2.347420459799574e-01
    3          1.621257739875893e-01
    4          1.247334672545725e-01
    5          8.650793921206180e-02
    6          5.029798937315736e-02
    7          3.110984027075757e-02
    8          1.967408851900163e-02
    9          1.296306933171306e-02
   10          8.398227446879746e-03
   11          5.495733250352029e-03
   12          3.514447372606953e-03
   13          2.358744935007662e-03
   14          1.456464905921738e-03
   15          7.950262670247094e-04
   16          4.150598655804223e-04
   17          2.393678223027608e-04
   18          1.383645054751568e-04
   19          7.331889591758707e-05
   20          3.366508083160032e-05
   21          1.526782456712700e-05
   22          7.753489500179795e-06
   23          4.912412393232508e-06
   24          3.356527191462477e-06
   25          2.665124548202497e-06
   26          2.151148419464807e-06
   27          1.667118919841011e-06
   28          1.280462738989362e-06
   29          9.423858615261958e-07
   30          6.875726948404120e-07
   31          5.096707006232666e-07
   32          3.776192817421452e-07
   33          2.507413647738931e-07
   34          1.624291267952882e-07
   35          1.018398555176262e-07
   36          7.009794998677378e-08
   37          4.830290061426172e-08
   38          3.254059280968698e-08
   39          1.893652458022796e-08
   40          1.073942160523204e-08
   41          6.631043720447953e-09
   42          3.675300465741845e-09
   43          1.977563065679154e-09
   44          9.942569038020531e-10
   45          5.211252116884399e-10
   46          2.587450387627715e-10
   47          1.226805665775453e-10
 ------------------------------------- 


 Final ||Ax - b|| norm =  0.000000000060555
 Final energy = 11011.637315436415520

 Bond dimension before truncation: 6
 Bond dimension after truncation: 6

 MICROITERATION NUMBER = 12  , backward sweep
 - Left boundaries taken from index: 10
 - Right boundaries taken from index: 11


 Initial ||Ax - b|| norm =  0.999998716692261

 ------------------------------------- 
 Iteration  | Rel. error estimate      
 ------------------------------------- 
    0          9.999987166922607e-01
    1          4.947858109816327e-01
    2          2.418462200180802e-01
    3          1.527809491908834e-01
    4          1.175945436350407e-01
    5          9.608851764108094e-02
    6          7.543492131458684e-02
    7          5.352449760771859e-02
    8          4.024743325981710e-02
    9          2.726467385156156e-02
   10          2.098469623854412e-02
   11          1.492080532842461e-02
   12          1.031499979917924e-02
   13          7.114275968440211e-03
   14          4.672218897497148e-03
   15          2.926616559100898e-03
   16          1.737879087528088e-03
   17          1.017286697341660e-03
   18          5.415634315747865e-04
   19          2.808110216771748e-04
   20          1.646297844821621e-04
   21          1.051944526602358e-04
   22          6.361421522472878e-05
   23          3.920676942279013e-05
   24          2.462898955138518e-05
   25          1.693976116338002e-05
   26          1.258444865437259e-05
   27          9.444748314787841e-06
   28          6.607621198674676e-06
   29          4.313129902082654e-06
   30          2.553963532469900e-06
   31          1.599121309784540e-06
   32          9.842459652167530e-07
   33          5.802972796465313e-07
   34          3.387013808771452e-07
   35          1.895853743626132e-07
   36          1.041854820608787e-07
   37          6.265818966811092e-08
   38          3.949185858462901e-08
   39          2.333416053804507e-08
   40          1.189217187507669e-08
   41          5.737352284755349e-09
   42          3.127273662956397e-09
   43          1.769392783504243e-09
   44          9.546585501815031e-10
   45          4.888013273349449e-10
   46          2.513850602411514e-10
   47          1.306436872306457e-10
 ------------------------------------- 


 Final ||Ax - b|| norm =  0.000000000069935
 Final energy = 11011.637315436462814

 Bond dimension before truncation: 36
 Bond dimension after truncation: 36

 MICROITERATION NUMBER = 13  , backward sweep
 - Left boundaries taken from index: 9
 - Right boundaries taken from index: 10


 Initial ||Ax - b|| norm =  0.999998876409124

 ------------------------------------- 
 Iteration  | Rel. error estimate      
 ------------------------------------- 
    0          9.999988764091244e-01
    1          6.563651235661825e-01
    2          3.430299644904858e-01
    3          2.219351317004134e-01
    4          1.649583888500832e-01
    5          1.349296663454204e-01
    6          1.145313277441344e-01
    7          9.703761151140064e-02
    8          7.982550006436612e-02
    9          6.355082744226487e-02
   10          5.056198184724873e-02
   11          4.056901033943507e-02
   12          3.214781073618365e-02
   13          2.617231369344596e-02
   14          2.048507680435057e-02
   15          1.566974744656788e-02
   16          1.173019512392127e-02
   17          8.798512604818298e-03
   18          6.765759014850342e-03
   19          5.279845095932737e-03
   20          3.969887779875440e-03
   21          3.075639091859858e-03
   22          2.440609903539357e-03
   23          1.857440711702797e-03
   24          1.449535531587566e-03
   25          1.184870525600570e-03
   26          9.998851774761129e-04
   27          8.734037527010938e-04
   28          7.307667301397387e-04
   29          5.881053852429407e-04
   30          4.509776863439070e-04
   31          3.429568460801063e-04
   32          2.562410548868042e-04
   33          1.802595309831850e-04
   34          1.213511728862176e-04
   35          7.892353070506934e-05
   36          5.254406535265999e-05
   37          3.531169110187757e-05
   38          2.469429257795735e-05
   39          1.777394627166120e-05
   40          1.247059217529261e-05
   41          9.219889483192269e-06
   42          7.280949915042816e-06
   43          5.750011871411722e-06
   44          4.430155133960627e-06
   45          3.405078323049370e-06
   46          2.668848961591385e-06
   47          2.128738535610129e-06
   48          1.699803974129396e-06
 ------------------------------------- 


 Final ||Ax - b|| norm =  0.000001368024223
 Final energy = 11011.637083246578186

 Bond dimension before truncation: 216
 Bond dimension after truncation: 51

 MICROITERATION NUMBER = 14  , backward sweep
 - Left boundaries taken from index: 8
 - Right boundaries taken from index: 9


 Initial ||Ax - b|| norm =  0.999999108868649

 ------------------------------------- 
 Iteration  | Rel. error estimate      
 ------------------------------------- 
    0          9.999991088686485e-01
    1          7.438599960362008e-01
    2          3.969675125443290e-01
    3          2.175783900660890e-01
    4          1.456044599895331e-01
    5          1.100787077790360e-01
    6          8.678819942329961e-02
    7          6.779520258348218e-02
    8          5.132832154924927e-02
    9          3.867099808540257e-02
   10          2.894503424539647e-02
   11          2.181736598527612e-02
   12          1.553397373492265e-02
   13          1.112254376024834e-02
   14          8.071557818197819e-03
   15          5.582290796009076e-03
   16          3.857954956753069e-03
   17          2.704611590594987e-03
   18          1.924929745758272e-03
   19          1.450216862357727e-03
   20          1.153205757455741e-03
   21          9.345245031151429e-04
   22          7.237600791273960e-04
   23          5.097714043514310e-04
   24          3.330304899768835e-04
   25          2.077390952520027e-04
   26          1.275683196682548e-04
   27          7.840558780038782e-05
   28          4.946105958414668e-05
   29          3.136956010808973e-05
   30          2.005149488333285e-05
   31          1.319145409514492e-05
   32          8.550592513277943e-06
   33          5.490093649419829e-06
   34          3.716710318421590e-06
   35          2.692797038711757e-06
   36          2.042083382836982e-06
   37          1.552162424773203e-06
   38          1.136907687955120e-06
   39          8.069800996785725e-07
   40          5.584121262216340e-07
   41          3.807089619510861e-07
   42          2.619427349065264e-07
   43          1.869959047412785e-07
   44          1.299179000481289e-07
   45          8.661825270392039e-08
   46          5.733545489390750e-08
   47          3.702333324632769e-08
   48          2.326098497095849e-08
 ------------------------------------- 


 Final ||Ax - b|| norm =  0.000000014420065
 Final energy = 11011.635160448922761

 Bond dimension before truncation: 306
 Bond dimension after truncation: 51

 MICROITERATION NUMBER = 15  , backward sweep
 - Left boundaries taken from index: 7
 - Right boundaries taken from index: 8


 Initial ||Ax - b|| norm =  0.999999340526952

 ------------------------------------- 
 Iteration  | Rel. error estimate      
 ------------------------------------- 
    0          9.999993405269521e-01
    1          7.694992214859226e-01
    2          3.634279083246087e-01
    3          1.611117749489507e-01
    4          1.043868007286884e-01
    5          7.613282401194786e-02
    6          5.327239967013432e-02
    7          3.706660445473725e-02
    8          2.583385913050897e-02
    9          1.734160528486788e-02
   10          1.113801660934269e-02
   11          7.202883650712829e-03
   12          4.318404850353556e-03
   13          2.785829191269180e-03
   14          1.793174148862000e-03
   15          1.314968706103024e-03
   16          9.824967437448322e-04
   17          7.011305982417444e-04
   18          4.477757778446997e-04
   19          2.429581550594240e-04
   20          1.367951330807334e-04
   21          7.351604128117206e-05
   22          4.258653587638737e-05
   23          2.417077347663887e-05
   24          1.343222465620681e-05
   25          7.835227378734856e-06
   26          4.932213087934636e-06
   27          3.311644745111375e-06
   28          2.271497020352677e-06
   29          1.482274399890346e-06
   30          8.775040384075609e-07
   31          5.187133653163158e-07
   32          3.203611702822619e-07
   33          2.015125070826048e-07
   34          1.303989941463631e-07
   35          8.408390477642211e-08
   36          5.422381732863858e-08
   37          3.432999343729017e-08
   38          2.062072734045206e-08
   39          1.257784117183656e-08
   40          8.112647186106646e-09
   41          5.380445457894942e-09
   42          3.527198972512736e-09
   43          2.343819502992671e-09
   44          1.499518448078489e-09
   45          9.227361366160031e-10
   46          5.454788487965715e-10
   47          3.184975850046665e-10
   48          1.783550421618882e-10
 ------------------------------------- 


 Final ||Ax - b|| norm =  0.000000000094984
 Final energy = 11011.635140506285097

 Bond dimension before truncation: 306
 Bond dimension after truncation: 51

 MICROITERATION NUMBER = 16  , backward sweep
 - Left boundaries taken from index: 6
 - Right boundaries taken from index: 7


 Initial ||Ax - b|| norm =  0.999999633266604

 ------------------------------------- 
 Iteration  | Rel. error estimate      
 ------------------------------------- 
    0          9.999996332666045e-01
    1          6.748910676674645e-01
    2          2.919683148267596e-01
    3          1.450516130100456e-01
    4          9.646932963537538e-02
    5          6.802484798217560e-02
    6          4.770886342017789e-02
    7          3.205857597825745e-02
    8          2.137090790871210e-02
    9          1.383157327489964e-02
   10          8.423317448450277e-03
   11          5.061305970536165e-03
   12          3.085767518821417e-03
   13          1.954290139671949e-03
   14          1.384463949754372e-03
   15          1.016757108592582e-03
   16          6.963431816019882e-04
   17          4.134252939581363e-04
   18          2.132767213095006e-04
   19          1.097833532185197e-04
   20          6.051143762874253e-05
   21          3.258310891762487e-05
   22          1.740443737032587e-05
   23          9.738571975922188e-06
   24          5.622981546739589e-06
   25          3.418411166105923e-06
   26          2.206241468078296e-06
   27          1.391352084192290e-06
   28          8.621387217218410e-07
   29          5.141662031573320e-07
   30          3.017313687881191e-07
   31          1.812684570808540e-07
   32          1.155924674952273e-07
   33          7.618857375892030e-08
   34          4.816565766411998e-08
   35          2.822072436308075e-08
   36          1.581644424921701e-08
   37          9.120372150945201e-09
   38          5.705430053095370e-09
   39          3.704392169491711e-09
   40          2.337673679671521e-09
   41          1.460293978274581e-09
   42          9.004447923394521e-10
   43          5.293131827720786e-10
   44          2.989053048164015e-10
   45          1.638857494298992e-10
 ------------------------------------- 


 Final ||Ax - b|| norm =  0.000000000087082
 Final energy = 11011.641557665603614

 Bond dimension before truncation: 306
 Bond dimension after truncation: 51

 MICROITERATION NUMBER = 17  , backward sweep
 - Left boundaries taken from index: 5
 - Right boundaries taken from index: 6


 Initial ||Ax - b|| norm =  0.999999855173109

 ------------------------------------- 
 Iteration  | Rel. error estimate      
 ------------------------------------- 
    0          9.999998551731092e-01
    1          5.615685938440312e-01
    2          2.400113806027399e-01
    3          1.256924920889878e-01
    4          8.543027091852906e-02
    5          5.716645558642999e-02
    6          3.726323443249253e-02
    7          2.479799465822481e-02
    8          1.580873491827254e-02
    9          9.939640548304785e-03
   10          6.085704721097171e-03
   11          3.660221041584759e-03
   12          2.299151918810127e-03
   13          1.606444100825075e-03
   14          1.174720544217236e-03
   15          8.110192659735774e-04
   16          4.646716320803107e-04
   17          2.404581024688350e-04
   18          1.220068281916395e-04
   19          6.440378383053443e-05
   20          3.509153783752771e-05
   21          1.880276744025976e-05
   22          1.102157702480680e-05
   23          6.816424929807837e-06
   24          4.091247293594728e-06
   25          2.632763886222181e-06
   26          1.680087772421697e-06
   27          1.041008831067312e-06
   28          5.998071016506568e-07
   29          3.481741636764204e-07
   30          2.080076524545100e-07
   31          1.348941449319286e-07
   32          8.896403351897276e-08
   33          5.574152061815671e-08
   34          3.275696464975659e-08
   35          1.806939047716519e-08
   36          1.019128203601686e-08
   37          6.017694972326604e-09
   38          3.584493591383795e-09
   39          2.146927894992509e-09
   40          1.296458437401315e-09
   41          7.660717998565968e-10
   42          4.512055203880417e-10
   43          2.618340172807254e-10
   44          1.524017808598595e-10
 ------------------------------------- 


 Final ||Ax - b|| norm =  0.000000000086789
 Final energy = 11011.646275268301906

 Bond dimension before truncation: 306
 Bond dimension after truncation: 51

 MICROITERATION NUMBER = 18  , backward sweep
 - Left boundaries taken from index: 4
 - Right boundaries taken from index: 5


 Initial ||Ax - b|| norm =  0.999999961104198

 ------------------------------------- 
 Iteration  | Rel. error estimate      
 ------------------------------------- 
    0          9.999999611041978e-01
    1          5.062063385231199e-01
    2          2.182988384832563e-01
    3          1.205571490546746e-01
    4          8.028046673608907e-02
    5          5.283449279222088e-02
    6          3.440389065991683e-02
    7          2.177605924680769e-02
    8          1.363575598663435e-02
    9          8.601843937932546e-03
   10          5.065672457269484e-03
   11          2.953870961397753e-03
   12          1.903907088753794e-03
   13          1.333003461585339e-03
   14          9.484762062500331e-04
   15          6.201238632348115e-04
   16          3.406894197453784e-04
   17          1.670375442310630e-04
   18          8.245805299452943e-05
   19          4.336994652453660e-05
   20          2.271375166135447e-05
   21          1.217000095196091e-05
   22          6.845740765606005e-06
   23          4.117247029933320e-06
   24          2.710438470992857e-06
   25          1.725591549738464e-06
   26          1.074843790111339e-06
   27          6.578242305259151e-07
   28          3.755927579807149e-07
   29          2.207716696111742e-07
   30          1.317031341926738e-07
   31          8.498282522866831e-08
   32          5.281109325379304e-08
   33          3.250076757256849e-08
   34          1.849160445465813e-08
   35          1.062831880587320e-08
   36          6.191395256397216e-09
   37          3.561503888330751e-09
   38          1.977110449826923e-09
   39          1.102246342072692e-09
   40          6.197355585663676e-10
   41          3.536607896409447e-10
   42          2.045841751328420e-10
   43          1.206530130318525e-10
 ------------------------------------- 


 Final ||Ax - b|| norm =  0.000000000073857
 Final energy = 11011.648380733158774

 Bond dimension before truncation: 306
 Bond dimension after truncation: 51

 MICROITERATION NUMBER = 19  , backward sweep
 - Left boundaries taken from index: 3
 - Right boundaries taken from index: 4


 Initial ||Ax - b|| norm =  0.999999988077754

 ------------------------------------- 
 Iteration  | Rel. error estimate      
 ------------------------------------- 
    0          9.999999880777539e-01
    1          4.796216096211002e-01
    2          2.062417460115744e-01
    3          1.189246548795156e-01
    4          8.002380986124225e-02
    5          5.235689840554358e-02
    6          3.412797894894874e-02
    7          2.123905520828190e-02
    8          1.313123259986768e-02
    9          8.214982428473076e-03
   10          4.613207308683716e-03
   11          2.704041383083856e-03
   12          1.754402659654178e-03
   13          1.221143759172319e-03
   14          8.201802283115505e-04
   15          4.810767474529933e-04
   16          2.410014024245768e-04
   17          1.094212007140727e-04
   18          5.316195504407262e-05
   19          2.717972676861119e-05
   20          1.450517423409959e-05
   21          7.601918955917657e-06
   22          4.608481568308268e-06
   23          2.968968276674633e-06
   24          1.925500804193157e-06
   25          1.161226881523429e-06
   26          6.575153713563237e-07
   27          3.536158475669242e-07
   28          2.001885665227723e-07
   29          1.163400936677301e-07
   30          7.106037814196718e-08
   31          4.287931562846533e-08
   32          2.510572472969797e-08
   33          1.471830291676209e-08
   34          8.727446277983176e-09
   35          4.794799770317223e-09
   36          2.527803688232241e-09
   37          1.306138788648860e-09
   38          6.901381751634237e-10
   39          3.800207623560521e-10
   40          2.221099259122711e-10
   41          1.363438709308487e-10
 ------------------------------------- 


 Final ||Ax - b|| norm =  0.000000000083559
 Final energy = 11011.649427055113847

 Bond dimension before truncation: 306
 Bond dimension after truncation: 51

 MICROITERATION NUMBER = 20  , backward sweep
 - Left boundaries taken from index: 2
 - Right boundaries taken from index: 3


 Initial ||Ax - b|| norm =  0.999999978959621

 ------------------------------------- 
 Iteration  | Rel. error estimate      
 ------------------------------------- 
    0          9.999999789596210e-01
    1          1.883689805744325e-01
    2          1.109281102434785e-01
    3          7.089846280365021e-02
    4          4.295442730496248e-02
    5          2.802819014195864e-02
    6          1.698544141388244e-02
    7          1.022298527565553e-02
    8          6.302778485595499e-03
    9          3.470604277602956e-03
   10          2.078154883465954e-03
   11          1.538846720571013e-03
   12          1.056133116224077e-03
   13          5.899122668487452e-04
   14          3.224168661809527e-04
   15          1.653185838137428e-04
   16          8.407373102174405e-05
   17          4.709399527456721e-05
   18          2.571037323367976e-05
   19          1.439837618696640e-05
   20          8.376147710884108e-06
   21          4.664684558485787e-06
   22          2.535008757205274e-06
   23          1.560033870007141e-06
   24          1.046093164239502e-06
   25          6.656434058619239e-07
   26          3.833168380647162e-07
   27          2.131397892536778e-07
   28          1.057784388434689e-07
   29          5.227579840504902e-08
   30          2.975115004883106e-08
   31          1.752477848654176e-08
   32          1.100490063109585e-08
   33          6.921789970839044e-09
   34          4.044872501804725e-09
   35          2.212206336663491e-09
   36          1.115973682721671e-09
   37          5.935211471542823e-10
   38          2.918820682332015e-10
   39          1.371050734395135e-10
 ------------------------------------- 


 Final ||Ax - b|| norm =  0.000000000072896
 Final energy = 11011.652640981748846

 Bond dimension before truncation: 306
 Bond dimension after truncation: 51

 MICROITERATION NUMBER = 21  , backward sweep
 - Left boundaries taken from index: 1
 - Right boundaries taken from index: 2


 Initial ||Ax - b|| norm =  0.999999978615098

 ------------------------------------- 
 Iteration  | Rel. error estimate      
 ------------------------------------- 
    0          9.999999786150985e-01
    1          1.846400352299459e-01
    2          1.012930069670069e-01
    3          4.972949606023148e-02
    4          3.056859384938145e-02
    5          1.542410737196151e-02
    6          9.641155395861785e-03
    7          4.787471999486516e-03
    8          2.522706387754011e-03
    9          1.782040625724737e-03
   10          1.113280041904314e-03
   11          6.430127943965330e-04
   12          3.320529295129436e-04
   13          1.429908042984086e-04
   14          7.523050242939272e-05
   15          3.960584561856826e-05
   16          2.209736997303044e-05
   17          1.194499073499822e-05
   18          6.087393798271073e-06
   19          3.474704813021903e-06
   20          1.960411184932641e-06
   21          1.223422096655593e-06
   22          6.914632100817168e-07
   23          4.015266080007037e-07
   24          1.809746153063194e-07
   25          8.581369471458602e-08
   26          4.897634105024064e-08
   27          2.913717410340376e-08
   28          1.713515518953344e-08
   29          8.855676048289834e-09
   30          4.475082196655149e-09
   31          2.223554582670415e-09
   32          9.894183696311168e-10
   33          4.340342534656098e-10
   34          2.189300876688333e-10
   35          1.284898541883183e-10
 ------------------------------------- 


 Final ||Ax - b|| norm =  0.000000000078439
 Final energy = 11011.652654346189593

 Bond dimension before truncation: 306
 Bond dimension after truncation: 51


 -------------------
   SWEEP NUMBER 1
 -------------------
 - Noise parameter: 0.0000000100
 - Maximum bond dimension: 50
 - Truncation parameter: 0.0000000000

 MICROITERATION NUMBER = 0  , forward sweep
 - Left boundaries taken from index: 0
 - Right boundaries taken from index: 1


 Initial ||Ax - b|| norm =  0.999999978057576

 ------------------------------------- 
 Iteration  | Rel. error estimate      
 ------------------------------------- 
    0          9.999999780575756e-01
    1          1.846815545088659e-01
    2          1.006709211534883e-01
    3          4.854832592269809e-02
    4          2.653208162440418e-02
    5          1.417900921432463e-02
    6          7.330433228559131e-03
    7          2.937524604475570e-03
    8          1.981631723456947e-03
    9          1.253982361152705e-03
   10          6.708160872469540e-04
   11          2.532285649739048e-04
   12          1.145723922822159e-04
   13          5.777288779299188e-05
   14          2.703057747446183e-05
   15          1.215205538122369e-05
   16          6.667695100153559e-06
   17          3.125199061957041e-06
   18          1.858397704955564e-06
   19          1.052868953156596e-06
   20          5.840295079912774e-07
   21          2.228727921378847e-07
   22          9.932058658345915e-08
   23          5.028011063289987e-08
   24          2.861134573343392e-08
   25          1.474618963302726e-08
   26          7.291731177024766e-09
   27          3.581945832708734e-09
   28          1.436464743632056e-09
   29          5.867983772332363e-10
   30          2.749594048468484e-10
   31          1.540373383558097e-10
 ------------------------------------- 


 Final ||Ax - b|| norm =  0.000000000079866
 Final energy = 11011.652654354631522

 Bond dimension before truncation: 6
 Bond dimension after truncation: 6

 MICROITERATION NUMBER = 1  , forward sweep
 - Left boundaries taken from index: 1
 - Right boundaries taken from index: 2


 Initial ||Ax - b|| norm =  0.999999978615099

 ------------------------------------- 
 Iteration  | Rel. error estimate      
 ------------------------------------- 
    0          9.999999786150993e-01
    1          1.846400352297923e-01
    2          1.012930069669176e-01
    3          4.972949606019308e-02
    4          3.056859384935784e-02
    5          1.542410737194907e-02
    6          9.641155395854447e-03
    7          4.787471999483416e-03
    8          2.522706387752232e-03
    9          1.782040625723466e-03
   10          1.113280041903564e-03
   11          6.430127943960432e-04
   12          3.320529295126819e-04
   13          1.429908042982918e-04
   14          7.523050242931839e-05
   15          3.960584561852290e-05
   16          2.209736997299672e-05
   17          1.194499073497500e-05
   18          6.087393798254393e-06
   19          3.474704813009264e-06
   20          1.960411184923688e-06
   21          1.223422096649989e-06
   22          6.914632100789726e-07
   23          4.015266079994982e-07
   24          1.809746153059214e-07
   25          8.581369471440775e-08
   26          4.897634105013333e-08
   27          2.913717410334234e-08
   28          1.713515518950555e-08
   29          8.855676048289116e-09
   30          4.475082196679040e-09
   31          2.223554582733210e-09
   32          9.894183697763918e-10
   33          4.340342537808288e-10
   34          2.189300880207467e-10
   35          1.284898543012698e-10
 ------------------------------------- 


 Final ||Ax - b|| norm =  0.000000000078442
 Final energy = 11011.652654346216877

 Bond dimension before truncation: 36
 Bond dimension after truncation: 36

 MICROITERATION NUMBER = 2  , forward sweep
 - Left boundaries taken from index: 2
 - Right boundaries taken from index: 3


 Initial ||Ax - b|| norm =  0.999999978959621

 ------------------------------------- 
 Iteration  | Rel. error estimate      
 ------------------------------------- 
    0          9.999999789596209e-01
    1          1.883689805742786e-01
    2          1.109281102433489e-01
    3          7.089846280356633e-02
    4          4.295442730492542e-02
    5          2.802819014193281e-02
    6          1.698544141386212e-02
    7          1.022298527564584e-02
    8          6.302778485591328e-03
    9          3.470604277600182e-03
   10          2.078154883463810e-03
   11          1.538846720569456e-03
   12          1.056133116222960e-03
   13          5.899122668481405e-04
   14          3.224168661806945e-04
   15          1.653185838136248e-04
   16          8.407373102166649e-05
   17          4.709399527450281e-05
   18          2.571037323364101e-05
   19          1.439837618694452e-05
   20          8.376147710868274e-06
   21          4.664684558473247e-06
   22          2.535008757195076e-06
   23          1.560033869999135e-06
   24          1.046093164233739e-06
   25          6.656434058587335e-07
   26          3.833168380633666e-07
   27          2.131397892531936e-07
   28          1.057784388433419e-07
   29          5.227579840505141e-08
   30          2.975115004889337e-08
   31          1.752477848670544e-08
   32          1.100490063139548e-08
   33          6.921789971643463e-09
   34          4.044872503666594e-09
   35          2.212206341274679e-09
   36          1.115973692267171e-09
   37          5.935211593341090e-10
   38          2.918820807734573e-10
   39          1.371050789200045e-10
 ------------------------------------- 


 Final ||Ax - b|| norm =  0.000000000072881
 Final energy = 11011.652640981777949

 Bond dimension before truncation: 216
 Bond dimension after truncation: 51

 MICROITERATION NUMBER = 3  , forward sweep
 - Left boundaries taken from index: 3
 - Right boundaries taken from index: 4


 Initial ||Ax - b|| norm =  0.999999988077927

 ------------------------------------- 
 Iteration  | Rel. error estimate      
 ------------------------------------- 
    0          9.999999880779270e-01
    1          4.796213942201043e-01
    2          2.062414411935616e-01
    3          1.189243612980898e-01
    4          8.002351045988293e-02
    5          5.235679422428535e-02
    6          3.412792141572391e-02
    7          2.123911112043735e-02
    8          1.313128876651066e-02
    9          8.214987396807195e-03
   10          4.613209826014969e-03
   11          2.704038526021888e-03
   12          1.754399010022201e-03
   13          1.221142813450374e-03
   14          8.201763039361827e-04
   15          4.810729670052739e-04
   16          2.410001545357430e-04
   17          1.094217740912593e-04
   18          5.316228636374530e-05
   19          2.718004618327276e-05
   20          1.450541153604931e-05
   21          7.602041116204735e-06
   22          4.608593138413920e-06
   23          2.969038058543134e-06
   24          1.925520952352032e-06
   25          1.161225130183097e-06
   26          6.575115087614040e-07
   27          3.536130561066534e-07
   28          2.001829909076662e-07
   29          1.163324352972342e-07
   30          7.105604474518068e-08
   31          4.287657823244048e-08
   32          2.510414275375162e-08
   33          1.471753621395799e-08
   34          8.727219157260448e-09
   35          4.794751113419843e-09
   36          2.527794704996239e-09
   37          1.306124255297409e-09
   38          6.901235808689714e-10
   39          3.799977774153986e-10
   40          2.220805365995923e-10
   41          1.362849526957754e-10
 ------------------------------------- 


 Final ||Ax - b|| norm =  0.000000000083447
 Final energy = 11011.649427061696770

 Bond dimension before truncation: 306
 Bond dimension after truncation: 51

 MICROITERATION NUMBER = 4  , forward sweep
 - Left boundaries taken from index: 4
 - Right boundaries taken from index: 5


 Initial ||Ax - b|| norm =  0.999999961115881

 ------------------------------------- 
 Iteration  | Rel. error estimate      
 ------------------------------------- 
    0          9.999999611158813e-01
    1          5.062124830589204e-01
    2          2.183033299222512e-01
    3          1.205588409328554e-01
    4          8.028247391729060e-02
    5          5.283531611496747e-02
    6          3.440392113590298e-02
    7          2.177625851507120e-02
    8          1.363576252849631e-02
    9          8.601877792074594e-03
   10          5.065787263351098e-03
   11          2.954018693446715e-03
   12          1.903950798032542e-03
   13          1.333019539230435e-03
   14          9.484781286391399e-04
   15          6.200933894701558e-04
   16          3.406555618519515e-04
   17          1.670128614540567e-04
   18          8.244333766901666e-05
   19          4.336354757642774e-05
   20          2.271188859792989e-05
   21          1.216952614178546e-05
   22          6.845749789793968e-06
   23          4.117300493936978e-06
   24          2.710516807998226e-06
   25          1.725654618536522e-06
   26          1.074907634996069e-06
   27          6.578663375717921e-07
   28          3.756345540273017e-07
   29          2.207987773718152e-07
   30          1.317209533093485e-07
   31          8.498968551576758e-08
   32          5.281362144291846e-08
   33          3.250204143075641e-08
   34          1.849229849982670e-08
   35          1.062856468772688e-08
   36          6.191720564474369e-09
   37          3.561690425165700e-09
   38          1.977169172547954e-09
   39          1.102191249154978e-09
   40          6.197102326695717e-10
   41          3.536566407548373e-10
   42          2.045801710373688e-10
   43          1.206548126048038e-10
 ------------------------------------- 


 Final ||Ax - b|| norm =  0.000000000073875
 Final energy = 11011.648380708542390

 Bond dimension before truncation: 306
 Bond dimension after truncation: 51

 MICROITERATION NUMBER = 5  , forward sweep
 - Left boundaries taken from index: 5
 - Right boundaries taken from index: 6


 Initial ||Ax - b|| norm =  0.999999855162490

 ------------------------------------- 
 Iteration  | Rel. error estimate      
 ------------------------------------- 
    0          9.999998551624899e-01
    1          5.615717083897670e-01
    2          2.400132184109296e-01
    3          1.256920291668404e-01
    4          8.543053043975345e-02
    5          5.716653622988453e-02
    6          3.726323860190819e-02
    7          2.479824420839171e-02
    8          1.580922441704062e-02
    9          9.939820997421670e-03
   10          6.085836340068101e-03
   11          3.660323157779877e-03
   12          2.299093278041716e-03
   13          1.606439486647983e-03
   14          1.174735695968589e-03
   15          8.110263732500247e-04
   16          4.646863945396184e-04
   17          2.404787701987139e-04
   18          1.220070916364808e-04
   19          6.439953261571110e-05
   20          3.508532318497854e-05
   21          1.879898495808749e-05
   22          1.102063192302332e-05
   23          6.816330432483698e-06
   24          4.091211910995638e-06
   25          2.632804967197517e-06
   26          1.680204755486453e-06
   27          1.041037945929406e-06
   28          5.997974505593857e-07
   29          3.482084933337145e-07
   30          2.080512093842097e-07
   31          1.349212360065652e-07
   32          8.898788567829788e-08
   33          5.577846195282246e-08
   34          3.279518089579915e-08
   35          1.809553481468220e-08
   36          1.020762722281380e-08
   37          6.026796275606236e-09
   38          3.590187989948375e-09
   39          2.150445980542377e-09
   40          1.298415098402990e-09
   41          7.669941856681905e-10
   42          4.516135280523305e-10
   43          2.620006128232724e-10
   44          1.524526560279410e-10
 ------------------------------------- 


 Final ||Ax - b|| norm =  0.000000000086791
 Final energy = 11011.646275527564285

 Bond dimension before truncation: 306
 Bond dimension after truncation: 51

 MICROITERATION NUMBER = 6  , forward sweep
 - Left boundaries taken from index: 6
 - Right boundaries taken from index: 7


 Initial ||Ax - b|| norm =  0.999999633264487

 ------------------------------------- 
 Iteration  | Rel. error estimate      
 ------------------------------------- 
    0          9.999996332644870e-01
    1          6.749083456625145e-01
    2          2.919854919429442e-01
    3          1.450591989180847e-01
    4          9.647387668528540e-02
    5          6.802790236071671e-02
    6          4.771227865430513e-02
    7          3.206148736889392e-02
    8          2.137331846734448e-02
    9          1.383365585876715e-02
   10          8.424570710160608e-03
   11          5.061076965013779e-03
   12          3.085431603011200e-03
   13          1.954332432995485e-03
   14          1.384506893817879e-03
   15          1.016693637066731e-03
   16          6.963252203847888e-04
   17          4.134187846714554e-04
   18          2.132480332220713e-04
   19          1.097764586066964e-04
   20          6.051933777076011e-05
   21          3.259216051284711e-05
   22          1.740721119144731e-05
   23          9.740810196095470e-06
   24          5.623715763062258e-06
   25          3.419323316328877e-06
   26          2.206893259757534e-06
   27          1.391490782582091e-06
   28          8.620851014925424e-07
   29          5.140837601721301e-07
   30          3.016006105553688e-07
   31          1.811846396809787e-07
   32          1.155426386706798e-07
   33          7.615289665030453e-08
   34          4.815267136500858e-08
   35          2.821928127756915e-08
   36          1.581895067741619e-08
   37          9.121814710227141e-09
   38          5.705371227362675e-09
   39          3.704237819395409e-09
   40          2.337565264971934e-09
   41          1.459975586177802e-09
   42          9.001900971906543e-10
   43          5.291765526266532e-10
   44          2.988245267505483e-10
   45          1.638580949045779e-10
 ------------------------------------- 


 Final ||Ax - b|| norm =  0.000000000087129
 Final energy = 11011.641555077516387

 Bond dimension before truncation: 306
 Bond dimension after truncation: 51

 MICROITERATION NUMBER = 7  , forward sweep
 - Left boundaries taken from index: 7
 - Right boundaries taken from index: 8


 Initial ||Ax - b|| norm =  0.999999341136682

 ------------------------------------- 
 Iteration  | Rel. error estimate      
 ------------------------------------- 
    0          9.999993411366820e-01
    1          7.695483002670545e-01
    2          3.635013508080346e-01
    3          1.611380776435264e-01
    4          1.044038479051589e-01
    5          7.614274131444404e-02
    6          5.327875558291135e-02
    7          3.707169405579007e-02
    8          2.583806074007300e-02
    9          1.734769312999240e-02
   10          1.114547631536326e-02
   11          7.206636796248501e-03
   12          4.320555593440504e-03
   13          2.786601014441869e-03
   14          1.793339534868447e-03
   15          1.315190361103756e-03
   16          9.827734720021899e-04
   17          7.013741627339082e-04
   18          4.477727207168827e-04
   19          2.428463693019325e-04
   20          1.366580714497272e-04
   21          7.342972520981676e-05
   22          4.259460486381698e-05
   23          2.421418954008288e-05
   24          1.347365169427084e-05
   25          7.862196632762705e-06
   26          4.947925774036075e-06
   27          3.321445587819151e-06
   28          2.276937170727894e-06
   29          1.485722952514938e-06
   30          8.797116858793641e-07
   31          5.196425598453579e-07
   32          3.204840275715801e-07
   33          2.010961311700146e-07
   34          1.299649312352253e-07
   35          8.385009663705003e-08
   36          5.414157616362793e-08
   37          3.431147194839902e-08
   38          2.059599132797387e-08
   39          1.254945943173473e-08
   40          8.090468788765220e-09
   41          5.368050641758608e-09
   42          3.524958552478771e-09
   43          2.343587947542191e-09
   44          1.497268354729093e-09
   45          9.192557948550270e-10
   46          5.429430975861073e-10
   47          3.174578361090089e-10
   48          1.783345574882126e-10
 ------------------------------------- 


 Final ||Ax - b|| norm =  0.000000000095353
 Final energy = 11011.635116751744135

 Bond dimension before truncation: 306
 Bond dimension after truncation: 51

 MICROITERATION NUMBER = 8  , forward sweep
 - Left boundaries taken from index: 8
 - Right boundaries taken from index: 9


 Initial ||Ax - b|| norm =  0.999999109147825

 ------------------------------------- 
 Iteration  | Rel. error estimate      
 ------------------------------------- 
    0          9.999991091478251e-01
    1          7.438552143904412e-01
    2          3.969655670612549e-01
    3          2.175910832155382e-01
    4          1.456193442944684e-01
    5          1.100912486093874e-01
    6          8.679728002346494e-02
    7          6.780177762710511e-02
    8          5.133362064785314e-02
    9          3.867497678330020e-02
   10          2.894741236117731e-02
   11          2.181766235101121e-02
   12          1.553302244830818e-02
   13          1.112216368103494e-02
   14          8.071234766092632e-03
   15          5.581869318825848e-03
   16          3.857502483078536e-03
   17          2.704000846644922e-03
   18          1.924325382614465e-03
   19          1.449660007729607e-03
   20          1.152758358398749e-03
   21          9.342175184523312e-04
   22          7.236051129293958e-04
   23          5.096823518929903e-04
   24          3.329893217509897e-04
   25          2.077310003740572e-04
   26          1.275649468890258e-04
   27          7.839357855041033e-05
   28          4.944633392112029e-05
   29          3.135699693647375e-05
   30          2.004499783840798e-05
   31          1.318999370002389e-05
   32          8.551476277693464e-06
   33          5.491375132519271e-06
   34          3.717171813878769e-06
   35          2.692796263174594e-06
   36          2.041966169183072e-06
   37          1.552057524409026e-06
   38          1.136956501108040e-06
   39          8.072392347576297e-07
   40          5.587052857511468e-07
   41          3.808791624667876e-07
   42          2.620054889720131e-07
   43          1.870105993686319e-07
   44          1.299008526860338e-07
   45          8.659675347523158e-08
   46          5.732428461546041e-08
   47          3.701985380710931e-08
   48          2.326582064012472e-08
 ------------------------------------- 


 Final ||Ax - b|| norm =  0.000000014419431
 Final energy = 11011.635137221821424

 Bond dimension before truncation: 306
 Bond dimension after truncation: 51

 MICROITERATION NUMBER = 9  , forward sweep
 - Left boundaries taken from index: 9
 - Right boundaries taken from index: 10


 Initial ||Ax - b|| norm =  0.999998876705403

 ------------------------------------- 
 Iteration  | Rel. error estimate      
 ------------------------------------- 
    0          9.999988767054034e-01
    1          6.563518019226929e-01
    2          3.430370244974777e-01
    3          2.219481893084277e-01
    4          1.649714033473455e-01
    5          1.349412847213676e-01
    6          1.145407326303885e-01
    7          9.704466975791552e-02
    8          7.983096156216771e-02
    9          6.355569391886340e-02
   10          5.056656208392143e-02
   11          4.057298080996352e-02
   12          3.215076841732912e-02
   13          2.617447737164321e-02
   14          2.048633088193015e-02
   15          1.567027666980983e-02
   16          1.173027554688471e-02
   17          8.798609016441382e-03
   18          6.765954324818363e-03
   19          5.280084148130941e-03
   20          3.970259597465256e-03
   21          3.076714832628312e-03
   22          2.441395894623962e-03
   23          1.857597312509889e-03
   24          1.449523898493196e-03
   25          1.184779973764503e-03
   26          9.997915376952393e-04
   27          8.733568802559058e-04
   28          7.309262332499739e-04
   29          5.894895482297040e-04
   30          4.571603063330394e-04
   31          3.540649371822484e-04
   32          2.587429629363494e-04
   33          1.804573950045174e-04
   34          1.213715942116831e-04
   35          7.892964969433005e-05
   36          5.254856232976390e-05
   37          3.531499951753387e-05
   38          2.469526523193487e-05
   39          1.777274781851370e-05
   40          1.247415166047706e-05
   41          9.251862942545534e-06
   42          7.313565628289399e-06
   43          5.753140195327398e-06
   44          4.429169974808607e-06
   45          3.404176032120901e-06
   46          2.668148644620370e-06
   47          2.128142461777860e-06
   48          1.699342755783792e-06
 ------------------------------------- 


 Final ||Ax - b|| norm =  0.000001367649019
 Final energy = 11011.637059684826454

 Bond dimension before truncation: 306
 Bond dimension after truncation: 51

 MICROITERATION NUMBER = 10  , forward sweep
 - Left boundaries taken from index: 10
 - Right boundaries taken from index: 11


 Initial ||Ax - b|| norm =  0.999998716960755

 ------------------------------------- 
 Iteration  | Rel. error estimate      
 ------------------------------------- 
    0          9.999987169607555e-01
    1          4.947728397933954e-01
    2          2.418566226112681e-01
    3          1.527936211367739e-01
    4          1.176028549855058e-01
    5          9.609343550776674e-02
    6          7.543930337679457e-02
    7          5.352911641439145e-02
    8          4.025061414308227e-02
    9          2.726581280530238e-02
   10          2.098467759001950e-02
   11          1.491980436596120e-02
   12          1.031434248372294e-02
   13          7.113974597236656e-03
   14          4.672183296395953e-03
   15          2.926721775023662e-03
   16          1.738019796171224e-03
   17          1.017355831737576e-03
   18          5.415483251512527e-04
   19          2.807442915347888e-04
   20          1.645595684534961e-04
   21          1.051369085154510e-04
   22          6.356414452533560e-05
   23          3.916047517062282e-05
   24          2.458542486321502e-05
   25          1.690199330038998e-05
   26          1.255412795339759e-05
   27          9.423019037755604e-06
   28          6.595108319563950e-06
   29          4.307066569933429e-06
   30          2.551515736838828e-06
   31          1.598021765373400e-06
   32          9.836675041207217e-07
   33          5.799275247286984e-07
   34          3.384175791649188e-07
   35          1.894037458402438e-07
   36          1.040820397337768e-07
   37          6.259388803501129e-08
   38          3.945550032821079e-08
   39          2.331740670917601e-08
   40          1.188879185325025e-08
   41          5.741450702201926e-09
   42          3.139030913362582e-09
   43          1.780292190823143e-09
   44          9.564432155314222e-10
   45          4.890754090896426e-10
   46          2.511322843998870e-10
   47          1.299941071151597e-10
 ------------------------------------- 


 Final ||Ax - b|| norm =  0.000000000068882
 Final energy = 11011.637291868890316

 Bond dimension before truncation: 306
 Bond dimension after truncation: 51

 MICROITERATION NUMBER = 11  , forward sweep
 - Left boundaries taken from index: 11
 - Right boundaries taken from index: 12


 Initial ||Ax - b|| norm =  0.999998716343137

 ------------------------------------- 
 Iteration  | Rel. error estimate      
 ------------------------------------- 
    0          9.999987163431372e-01
    1          4.531822160932021e-01
    2          2.347531513631694e-01
    3          1.615232527802164e-01
    4          1.240385057677505e-01
    5          8.612246086965926e-02
    6          5.034743778203299e-02
    7          3.064127521196376e-02
    8          1.950900339049122e-02
    9          1.275887432995770e-02
   10          8.027654662751810e-03
   11          5.368119819647900e-03
   12          3.537868512902875e-03
   13          2.431012963819444e-03
   14          1.510219196219895e-03
   15          8.378297821669763e-04
   16          4.547899672256394e-04
   17          2.538689279988884e-04
   18          1.440895509317310e-04
   19          7.790135629105438e-05
   20          3.991397360102370e-05
   21          2.196994740233503e-05
   22          1.488340329660527e-05
   23          1.089273137455397e-05
   24          7.979231593400286e-06
   25          5.862106102552831e-06
   26          4.134836969031032e-06
   27          3.228060728322680e-06
   28          2.556883279039485e-06
   29          1.978031011832921e-06
   30          1.530228864661648e-06
   31          1.059608737752946e-06
   32          6.965267295971012e-07
   33          4.514215386544444e-07
   34          3.123007971188715e-07
   35          2.292969611376461e-07
   36          1.569020626507920e-07
   37          9.619774236156569e-08
   38          5.028292617499755e-08
   39          2.283133005502093e-08
   40          1.218223185669389e-08
   41          6.983466697561282e-09
   42          3.533319544920909e-09
   43          1.809067523586561e-09
   44          9.831705652580509e-10
   45          5.410402171366458e-10
   46          2.520485446654067e-10
   47          1.291107085432481e-10
 ------------------------------------- 


 Final ||Ax - b|| norm =  0.000000000056966
 Final energy = 11011.637291868879402

 Bond dimension before truncation: 6
 Bond dimension after truncation: 6

 MICROITERATION NUMBER = 12  , backward sweep
 - Left boundaries taken from index: 10
 - Right boundaries taken from index: 11


 Initial ||Ax - b|| norm =  0.999998716960754

 ------------------------------------- 
 Iteration  | Rel. error estimate      
 ------------------------------------- 
    0          9.999987169607544e-01
    1          4.947728397939441e-01
    2          2.418566226116120e-01
    3          1.527936211370209e-01
    4          1.176028549857097e-01
    5          9.609343550792941e-02
    6          7.543930337690766e-02
    7          5.352911641446445e-02
    8          4.025061414314341e-02
    9          2.726581280535375e-02
   10          2.098467759006075e-02
   11          1.491980436598845e-02
   12          1.031434248374126e-02
   13          7.113974597250759e-03
   14          4.672183296406300e-03
   15          2.926721775030121e-03
   16          1.738019796174868e-03
   17          1.017355831739612e-03
   18          5.415483251522884e-04
   19          2.807442915352734e-04
   20          1.645595684537424e-04
   21          1.051369085155901e-04
   22          6.356414452540693e-05
   23          3.916047517064912e-05
   24          2.458542486319277e-05
   25          1.690199330028615e-05
   26          1.255412795323582e-05
   27          9.423019037727372e-06
   28          6.595108319563501e-06
   29          4.307066569936916e-06
   30          2.551515736833492e-06
   31          1.598021765358614e-06
   32          9.836675041163991e-07
   33          5.799275247286075e-07
   34          3.384175791650582e-07
   35          1.894037458403852e-07
   36          1.040820397339221e-07
   37          6.259388803512360e-08
   38          3.945550032827803e-08
   39          2.331740670920323e-08
   40          1.188879185325474e-08
   41          5.741450702195422e-09
   42          3.139030913353448e-09
   43          1.780292190824852e-09
   44          9.564432155349989e-10
   45          4.890754090885944e-10
   46          2.511322844024092e-10
   47          1.299941071319869e-10
 ------------------------------------- 


 Final ||Ax - b|| norm =  0.000000000068889
 Final energy = 11011.637291868883040

 Bond dimension before truncation: 36
 Bond dimension after truncation: 36

 MICROITERATION NUMBER = 13  , backward sweep
 - Left boundaries taken from index: 9
 - Right boundaries taken from index: 10


 Initial ||Ax - b|| norm =  0.999998876705401

 ------------------------------------- 
 Iteration  | Rel. error estimate      
 ------------------------------------- 
    0          9.999988767054013e-01
    1          6.563518019230956e-01
    2          3.430370244977921e-01
    3          2.219481893086545e-01
    4          1.649714033475239e-01
    5          1.349412847215212e-01
    6          1.145407326305227e-01
    7          9.704466975802890e-02
    8          7.983096156225666e-02
    9          6.355569391893053e-02
   10          5.056656208397529e-02
   11          4.057298081000986e-02
   12          3.215076841736851e-02
   13          2.617447737167563e-02
   14          2.048633088195431e-02
   15          1.567027666982685e-02
   16          1.173027554689707e-02
   17          8.798609016451218e-03
   18          6.765954324826986e-03
   19          5.280084148140281e-03
   20          3.970259597486621e-03
   21          3.076714832717250e-03
   22          2.441395894695806e-03
   23          1.857597312530949e-03
   24          1.449523898503326e-03
   25          1.184779973766016e-03
   26          9.997915376879554e-04
   27          8.733568802348445e-04
   28          7.309262331373305e-04
   29          5.894895474714841e-04
   30          4.571603033219258e-04
   31          3.540649332726387e-04
   32          2.587429622633217e-04
   33          1.804573949549790e-04
   34          1.213715942077097e-04
   35          7.892964969400967e-05
   36          5.254856233004310e-05
   37          3.531499951815706e-05
   38          2.469526523267470e-05
   39          1.777274781955369e-05
   40          1.247415166654044e-05
   41          9.251862972459485e-06
   42          7.313565656324514e-06
   43          5.753140199311180e-06
   44          4.429169975112772e-06
   45          3.404176032062037e-06
   46          2.668148644318844e-06
   47          2.128142461377089e-06
   48          1.699342755497026e-06
 ------------------------------------- 


 Final ||Ax - b|| norm =  0.000001367649025
 Final energy = 11011.637059684839187

 Bond dimension before truncation: 216
 Bond dimension after truncation: 51

 MICROITERATION NUMBER = 14  , backward sweep
 - Left boundaries taken from index: 8
 - Right boundaries taken from index: 9


 Initial ||Ax - b|| norm =  0.999999109147822

 ------------------------------------- 
 Iteration  | Rel. error estimate      
 ------------------------------------- 
    0          9.999991091478223e-01
    1          7.438553040464563e-01
    2          3.969655011166150e-01
    3          2.175913111605895e-01
    4          1.456194056496647e-01
    5          1.100911731226131e-01
    6          8.679715615205917e-02
    7          6.780162862500289e-02
    8          5.133349785877701e-02
    9          3.867485400768252e-02
   10          2.894729773016576e-02
   11          2.181756547363797e-02
   12          1.553293988416327e-02
   13          1.112208896808960e-02
   14          8.071177144416505e-03
   15          5.581813062704300e-03
   16          3.857458095252079e-03
   17          2.703978226455468e-03
   18          1.924306257287706e-03
   19          1.449647493360023e-03
   20          1.152748814306239e-03
   21          9.342098717112654e-04
   22          7.235960911592935e-04
   23          5.096727169547710e-04
   24          3.329831883082651e-04
   25          2.077266202610635e-04
   26          1.275614527989949e-04
   27          7.839166831752432e-05
   28          4.944511880860077e-05
   29          3.135615558769444e-05
   30          2.004449328896560e-05
   31          1.318969557529629e-05
   32          8.551263765258900e-06
   33          5.491205352893915e-06
   34          3.717085898334552e-06
   35          2.692742803477727e-06
   36          2.041927545612721e-06
   37          1.552029871992262e-06
   38          1.136933130745119e-06
   39          8.072193262171362e-07
   40          5.586881735573185e-07
   41          3.808678549098297e-07
   42          2.619990613844429e-07
   43          1.870051306557203e-07
   44          1.298965562057887e-07
   45          8.659417842589159e-08
   46          5.732244864083539e-08
   47          3.701840289419914e-08
   48          2.326457355549588e-08
 ------------------------------------- 


 Final ||Ax - b|| norm =  0.000000014418856
 Final energy = 11011.635137221033801

 Bond dimension before truncation: 306
 Bond dimension after truncation: 51

 MICROITERATION NUMBER = 15  , backward sweep
 - Left boundaries taken from index: 7
 - Right boundaries taken from index: 8


 Initial ||Ax - b|| norm =  0.999999341136638

 ------------------------------------- 
 Iteration  | Rel. error estimate      
 ------------------------------------- 
    0          9.999993411366380e-01
    1          7.695456885974497e-01
    2          3.634891727603532e-01
    3          1.611336886726754e-01
    4          1.044014279687028e-01
    5          7.614059887396427e-02
    6          5.327666126983967e-02
    7          3.707013756316056e-02
    8          2.583681360141976e-02
    9          1.734649958078952e-02
   10          1.114468964917947e-02
   11          7.205927070846677e-03
   12          4.320103462544497e-03
   13          2.786305054928568e-03
   14          1.793166294632929e-03
   15          1.315095532734534e-03
   16          9.826793904130335e-04
   17          7.012917436105436e-04
   18          4.476905521180440e-04
   19          2.427983630630983e-04
   20          1.366289987721858e-04
   21          7.341392753930750e-05
   22          4.258605554861049e-05
   23          2.420840376522997e-05
   24          1.347029087698094e-05
   25          7.860340974499819e-06
   26          4.946745468850639e-06
   27          3.320702998577940e-06
   28          2.276397443004146e-06
   29          1.485317198798851e-06
   30          8.794319934386450e-07
   31          5.194984753366121e-07
   32          3.203933468872728e-07
   33          2.010447526943562e-07
   34          1.299310011421948e-07
   35          8.382999891197647e-08
   36          5.412772288871978e-08
   37          3.430264539385507e-08
   38          2.058976615068336e-08
   39          1.254631636403146e-08
   40          8.088509878365715e-09
   41          5.366737032739701e-09
   42          3.524078454044235e-09
   43          2.342945886641641e-09
   44          1.496800930040083e-09
   45          9.189213437270363e-10
   46          5.427322120402651e-10
   47          3.173276916742304e-10
   48          1.782513837794131e-10
 ------------------------------------- 


 Final ||Ax - b|| norm =  0.000000000095303
 Final energy = 11011.635116792089320

 Bond dimension before truncation: 306
 Bond dimension after truncation: 51

 MICROITERATION NUMBER = 16  , backward sweep
 - Left boundaries taken from index: 6
 - Right boundaries taken from index: 7


 Initial ||Ax - b|| norm =  0.999999633186565

 ------------------------------------- 
 Iteration  | Rel. error estimate      
 ------------------------------------- 
    0          9.999996331865655e-01
    1          6.749517641561018e-01
    2          2.920280748003918e-01
    3          1.450793037250120e-01
    4          9.648260382935964e-02
    5          6.803703356634919e-02
    6          4.772068089108605e-02
    7          3.206706863985739e-02
    8          2.137844167774880e-02
    9          1.383759384337217e-02
   10          8.427050013391569e-03
   11          5.063001147348299e-03
   12          3.086718406300184e-03
   13          1.954947848365006e-03
   14          1.384885607120915e-03
   15          1.016973660771794e-03
   16          6.966247141105026e-04
   17          4.136570426562590e-04
   18          2.133988124283651e-04
   19          1.098509523032808e-04
   20          6.056190066542178e-05
   21          3.261853166738481e-05
   22          1.741948209366229e-05
   23          9.747610173526765e-06
   24          5.627552588572734e-06
   25          3.421409540714152e-06
   26          2.208312846336750e-06
   27          1.392482945527945e-06
   28          8.627084555066715e-07
   29          5.144932820633817e-07
   30          3.018644744113573e-07
   31          1.813333896977541e-07
   32          1.156297206939135e-07
   33          7.621518602946491e-08
   34          4.820073265440944e-08
   35          2.825078226372701e-08
   36          1.583987304241050e-08
   37          9.132095361313692e-09
   38          5.711097300509719e-09
   39          3.708115256177646e-09
   40          2.339942158268054e-09
   41          1.461522029477143e-09
   42          9.011397058307001e-10
   43          5.298455496544198e-10
   44          2.992224399673643e-10
   45          1.640920280472821e-10
 ------------------------------------- 


 Final ||Ax - b|| norm =  0.000000000087266
 Final energy = 11011.641553327313886

 Bond dimension before truncation: 306
 Bond dimension after truncation: 51

 MICROITERATION NUMBER = 17  , backward sweep
 - Left boundaries taken from index: 5
 - Right boundaries taken from index: 6


 Initial ||Ax - b|| norm =  0.999999855025689

 ------------------------------------- 
 Iteration  | Rel. error estimate      
 ------------------------------------- 
    0          9.999998550256894e-01
    1          5.616546611916797e-01
    2          2.401019695900079e-01
    3          1.257378764309253e-01
    4          8.545871250644269e-02
    5          5.718858332346227e-02
    6          3.728108809947346e-02
    7          2.481274234133243e-02
    8          1.582035546593924e-02
    9          9.947796284311293e-03
   10          6.090661313237762e-03
   11          3.663662522570451e-03
   12          2.301062790639909e-03
   13          1.607451108463355e-03
   14          1.175514618136560e-03
   15          8.117606167594284e-04
   16          4.652528439092406e-04
   17          2.409112052330413e-04
   18          1.222287191294546e-04
   19          6.451771537474138e-05
   20          3.517387273889971e-05
   21          1.884947855860925e-05
   22          1.104496461798168e-05
   23          6.831113649331608e-06
   24          4.098331599949084e-06
   25          2.637094583622042e-06
   26          1.682995400986769e-06
   27          1.043289015526133e-06
   28          6.012093499338241e-07
   29          3.489568217305000e-07
   30          2.084748815961304e-07
   31          1.351509965461964e-07
   32          8.913614575820904e-08
   33          5.587807522606610e-08
   34          3.286189943638905e-08
   35          1.813522853384825e-08
   36          1.022484048776153e-08
   37          6.037735619382216e-09
   38          3.598930809757065e-09
   39          2.155268781786264e-09
   40          1.301853610002985e-09
   41          7.693215915542634e-10
   42          4.530992166913422e-10
   43          2.628786034475580e-10
   44          1.530086956903739e-10
 ------------------------------------- 


 Final ||Ax - b|| norm =  0.000000000087077
 Final energy = 11011.646277506459228

 Bond dimension before truncation: 306
 Bond dimension after truncation: 51

 MICROITERATION NUMBER = 18  , backward sweep
 - Left boundaries taken from index: 4
 - Right boundaries taken from index: 5


 Initial ||Ax - b|| norm =  0.999999960931470

 ------------------------------------- 
 Iteration  | Rel. error estimate      
 ------------------------------------- 
    0          9.999999609314699e-01
    1          5.062494679292719e-01
    2          2.183265662490688e-01
    3          1.205627989277771e-01
    4          8.028527530882773e-02
    5          5.283452172144888e-02
    6          3.440367510413004e-02
    7          2.177645133557062e-02
    8          1.363641497063499e-02
    9          8.602373900587948e-03
   10          5.065968235394002e-03
   11          2.954207098447508e-03
   12          1.904027436531782e-03
   13          1.333002313874537e-03
   14          9.485175707981562e-04
   15          6.202792475719154e-04
   16          3.407482973617292e-04
   17          1.671065437568685e-04
   18          8.250867383986545e-05
   19          4.339251642259188e-05
   20          2.272391238010512e-05
   21          1.217501777875253e-05
   22          6.847493298645688e-06
   23          4.117418080272519e-06
   24          2.710438729608222e-06
   25          1.725742045698854e-06
   26          1.074990695520914e-06
   27          6.579668488237572e-07
   28          3.756655808541584e-07
   29          2.208201016829272e-07
   30          1.317302197030794e-07
   31          8.500980343435052e-08
   32          5.282463786180662e-08
   33          3.250961719501267e-08
   34          1.850269409570841e-08
   35          1.063333812436946e-08
   36          6.194054312118858e-09
   37          3.563412031425064e-09
   38          1.977500833710415e-09
   39          1.102213313904744e-09
   40          6.198245362800875e-10
   41          3.537048193295815e-10
   42          2.045811038794874e-10
   43          1.206607460479585e-10
 ------------------------------------- 


 Final ||Ax - b|| norm =  0.000000000073851
 Final energy = 11011.648382958564980

 Bond dimension before truncation: 306
 Bond dimension after truncation: 51

 MICROITERATION NUMBER = 19  , backward sweep
 - Left boundaries taken from index: 3
 - Right boundaries taken from index: 4


 Initial ||Ax - b|| norm =  0.999999987882175

 ------------------------------------- 
 Iteration  | Rel. error estimate      
 ------------------------------------- 
    0          9.999999878821749e-01
    1          4.796292201201450e-01
    2          2.062482956150575e-01
    3          1.189260257236990e-01
    4          8.002141650244715e-02
    5          5.235549082817005e-02
    6          3.412874065412039e-02
    7          2.124139940116951e-02
    8          1.313337466029767e-02
    9          8.215511636404278e-03
   10          4.613860929682793e-03
   11          2.704270959385247e-03
   12          1.754417544478773e-03
   13          1.221060504617871e-03
   14          8.202538264114710e-04
   15          4.812401362653853e-04
   16          2.411562448173100e-04
   17          1.095504825102165e-04
   18          5.322542137985904e-05
   19          2.720986543004269e-05
   20          1.451767602287049e-05
   21          7.604495328568203e-06
   22          4.609151692234343e-06
   23          2.969337331027333e-06
   24          1.926128801287926e-06
   25          1.161476494015087e-06
   26          6.577826403058279e-07
   27          3.537826669454345e-07
   28          2.003182739453922e-07
   29          1.164282584022146e-07
   30          7.110383378756154e-08
   31          4.290365398369377e-08
   32          2.511808282344055e-08
   33          1.472826011620199e-08
   34          8.734028661697104e-09
   35          4.798947896457536e-09
   36          2.529604645844101e-09
   37          1.306603961070888e-09
   38          6.904995511057263e-10
   39          3.802325211158039e-10
   40          2.221342632752363e-10
   41          1.362739494247947e-10
 ------------------------------------- 


 Final ||Ax - b|| norm =  0.000000000083461
 Final energy = 11011.649430251993181

 Bond dimension before truncation: 306
 Bond dimension after truncation: 51

 MICROITERATION NUMBER = 20  , backward sweep
 - Left boundaries taken from index: 2
 - Right boundaries taken from index: 3


 Initial ||Ax - b|| norm =  0.999999978758711

 ------------------------------------- 
 Iteration  | Rel. error estimate      
 ------------------------------------- 
    0          9.999999787587112e-01
    1          1.883389646861530e-01
    2          1.109241505618106e-01
    3          7.087569573460499e-02
    4          4.295186784207683e-02
    5          2.802799236538676e-02
    6          1.698373210641124e-02
    7          1.022309572936974e-02
    8          6.301485852652599e-03
    9          3.470423595498263e-03
   10          2.078261086943928e-03
   11          1.538586309313161e-03
   12          1.056136953637921e-03
   13          5.900935356055494e-04
   14          3.225985460485111e-04
   15          1.654958026613840e-04
   16          8.414834329888176e-05
   17          4.712040661093412e-05
   18          2.573113012809074e-05
   19          1.441272314204281e-05
   20          8.385601866545414e-06
   21          4.668570240510412e-06
   22          2.536707752527395e-06
   23          1.559471368252135e-06
   24          1.045657798345975e-06
   25          6.657875894285783e-07
   26          3.834752110688847e-07
   27          2.131652495268263e-07
   28          1.057472761939515e-07
   29          5.225901972257620e-08
   30          2.971994664647192e-08
   31          1.751561397744470e-08
   32          1.100146972882187e-08
   33          6.917472790554222e-09
   34          4.041069915892940e-09
   35          2.211106297154897e-09
   36          1.117210356883832e-09
   37          5.937232029438452e-10
   38          2.917490470707208e-10
   39          1.371694425490045e-10
 ------------------------------------- 


 Final ||Ax - b|| norm =  0.000000000072915
 Final energy = 11011.652644575578961

 Bond dimension before truncation: 306
 Bond dimension after truncation: 51

 MICROITERATION NUMBER = 21  , backward sweep
 - Left boundaries taken from index: 1
 - Right boundaries taken from index: 2


 Initial ||Ax - b|| norm =  0.999999978411805

 ------------------------------------- 
 Iteration  | Rel. error estimate      
 ------------------------------------- 
    0          9.999999784118048e-01
    1          1.846024259450706e-01
    2          1.012856978778296e-01
    3          4.982971078959650e-02
    4          3.073996460820909e-02
    5          1.545000111969194e-02
    6          9.682286604196334e-03
    7          4.816732383766366e-03
    8          2.530518395750613e-03
    9          1.785692866829769e-03
   10          1.116682118965524e-03
   11          6.462706715866501e-04
   12          3.334063664658371e-04
   13          1.436441217152794e-04
   14          7.567767583923274e-05
   15          3.975155795644991e-05
   16          2.214908988116549e-05
   17          1.201176062835380e-05
   18          6.117809302497650e-06
   19          3.484657019592728e-06
   20          1.962160995634283e-06
   21          1.226640739194762e-06
   22          6.946066615228580e-07
   23          4.039051250273392e-07
   24          1.821724293072395e-07
   25          8.605382504991712e-08
   26          4.910586551850886e-08
   27          2.925025755006759e-08
   28          1.718086925008883e-08
   29          8.870597062810303e-09
   30          4.477044797238809e-09
   31          2.222786460001213e-09
   32          9.942881520546442e-10
   33          4.371279375534780e-10
   34          2.211497585663859e-10
   35          1.293040688857015e-10
 ------------------------------------- 


 Final ||Ax - b|| norm =  0.000000000078831
 Final energy = 11011.652657945669489

 Bond dimension before truncation: 306
 Bond dimension after truncation: 51


 -------------------
   SWEEP NUMBER 2
 -------------------
 - Noise parameter: 0.0000000100
 - Maximum bond dimension: 50
 - Truncation parameter: 0.0000000000

 MICROITERATION NUMBER = 0  , forward sweep
 - Left boundaries taken from index: 0
 - Right boundaries taken from index: 1


 Initial ||Ax - b|| norm =  0.999999977853508

 ------------------------------------- 
 Iteration  | Rel. error estimate      
 ------------------------------------- 
    0          9.999999778535076e-01
    1          1.846422129286095e-01
    2          1.006489667046073e-01
    3          4.861898675235827e-02
    4          2.684893910817793e-02
    5          1.425073075868918e-02
    6          7.402940795302303e-03
    7          2.987772130781607e-03
    8          2.013019444124982e-03
    9          1.277246870569847e-03
   10          6.757875698502603e-04
   11          2.568232947812132e-04
   12          1.154564396566548e-04
   13          5.817958590814721e-05
   14          2.727737495869420e-05
   15          1.240582389867479e-05
   16          6.804599700911354e-06
   17          3.185279987585808e-06
   18          1.879175354615880e-06
   19          1.063264919326078e-06
   20          5.904713791917490e-07
   21          2.256698172100883e-07
   22          9.995669222688417e-08
   23          5.060870196921843e-08
   24          2.881786194933155e-08
   25          1.484248395375449e-08
   26          7.416903584264036e-09
   27          3.654079861731901e-09
   28          1.504972163201321e-09
   29          6.247598176754881e-10
   30          2.825012946569374e-10
   31          1.552426729988053e-10
 ------------------------------------- 


 Final ||Ax - b|| norm =  0.000000000080424
 Final energy = 11011.652657954098686

 Bond dimension before truncation: 6
 Bond dimension after truncation: 6

 MICROITERATION NUMBER = 1  , forward sweep
 - Left boundaries taken from index: 1
 - Right boundaries taken from index: 2


 Initial ||Ax - b|| norm =  0.999999978411805

 ------------------------------------- 
 Iteration  | Rel. error estimate      
 ------------------------------------- 
    0          9.999999784118051e-01
    1          1.846024259449644e-01
    2          1.012856978777625e-01
    3          4.982971078956297e-02
    4          3.073996460818978e-02
    5          1.545000111968197e-02
    6          9.682286604189887e-03
    7          4.816732383763097e-03
    8          2.530518395748919e-03
    9          1.785692866828548e-03
   10          1.116682118964753e-03
   11          6.462706715862417e-04
   12          3.334063664656534e-04
   13          1.436441217151789e-04
   14          7.567767583917049e-05
   15          3.975155795641294e-05
   16          2.214908988114362e-05
   17          1.201176062833965e-05
   18          6.117809302488288e-06
   19          3.484657019586428e-06
   20          1.962160995629897e-06
   21          1.226640739191949e-06
   22          6.946066615215045e-07
   23          4.039051250267074e-07
   24          1.821724293070264e-07
   25          8.605382504981325e-08
   26          4.910586551844280e-08
   27          2.925025755003211e-08
   28          1.718086925007199e-08
   29          8.870597062811043e-09
   30          4.477044797259447e-09
   31          2.222786460056285e-09
   32          9.942881521807772e-10
   33          4.371279378160058e-10
   34          2.211497588431099e-10
   35          1.293040689552109e-10
 ------------------------------------- 


 Final ||Ax - b|| norm =  0.000000000078832
 Final energy = 11011.652657945647661

 Bond dimension before truncation: 36
 Bond dimension after truncation: 36

 MICROITERATION NUMBER = 2  , forward sweep
 - Left boundaries taken from index: 2
 - Right boundaries taken from index: 3


 Initial ||Ax - b|| norm =  0.999999978758711

 ------------------------------------- 
 Iteration  | Rel. error estimate      
 ------------------------------------- 
    0          9.999999787587109e-01
    1          1.883389646861340e-01
    2          1.109241505617960e-01
    3          7.087569573459440e-02
    4          4.295186784207211e-02
    5          2.802799236538317e-02
    6          1.698373210640918e-02
    7          1.022309572936884e-02
    8          6.301485852652011e-03
    9          3.470423595497867e-03
   10          2.078261086943577e-03
   11          1.538586309312916e-03
   12          1.056136953637808e-03
   13          5.900935356054715e-04
   14          3.225985460484473e-04
   15          1.654958026613494e-04
   16          8.414834329885776e-05
   17          4.712040661092072e-05
   18          2.573113012808346e-05
   19          1.441272314203700e-05
   20          8.385601866540783e-06
   21          4.668570240507316e-06
   22          2.536707752525347e-06
   23          1.559471368250524e-06
   24          1.045657798344828e-06
   25          6.657875894280549e-07
   26          3.834752110687032e-07
   27          2.131652495267262e-07
   28          1.057472761938682e-07
   29          5.225901972250099e-08
   30          2.971994664639121e-08
   31          1.751561397732909e-08
   32          1.100146972864641e-08
   33          6.917472790133439e-09
   34          4.041069914950910e-09
   35          2.211106294854005e-09
   36          1.117210352118969e-09
   37          5.937231968217211e-10
   38          2.917490407309714e-10
   39          1.371694396843295e-10
 ------------------------------------- 


 Final ||Ax - b|| norm =  0.000000000072917
 Final energy = 11011.652644575566228

 Bond dimension before truncation: 216
 Bond dimension after truncation: 51

 MICROITERATION NUMBER = 3  , forward sweep
 - Left boundaries taken from index: 3
 - Right boundaries taken from index: 4


 Initial ||Ax - b|| norm =  0.999999987882166

 ------------------------------------- 
 Iteration  | Rel. error estimate      
 ------------------------------------- 
    0          9.999999878821657e-01
    1          4.796290867621643e-01
    2          2.062481805393288e-01
    3          1.189259680208139e-01
    4          8.002139144172417e-02
    5          5.235549417038185e-02
    6          3.412876404027351e-02
    7          2.124143861524616e-02
    8          1.313340510893652e-02
    9          8.215528072686813e-03
   10          4.613869009336103e-03
   11          2.704275633121010e-03
   12          1.754418919148650e-03
   13          1.221060945902936e-03
   14          8.202539651070103e-04
   15          4.812397498979082e-04
   16          2.411564420211269e-04
   17          1.095509822508871e-04
   18          5.322562175959343e-05
   19          2.720995587792047e-05
   20          1.451775346394554e-05
   21          7.604526501511403e-06
   22          4.609174412828786e-06
   23          2.969351612136636e-06
   24          1.926134461576335e-06
   25          1.161475840922541e-06
   26          6.577819972263622e-07
   27          3.537820925918716e-07
   28          2.003169730160826e-07
   29          1.164267106399233e-07
   30          7.110289743866007e-08
   31          4.290298353024897e-08
   32          2.511767500227620e-08
   33          1.472805825118957e-08
   34          8.733942214563346e-09
   35          4.798917399986809e-09
   36          2.529597640241106e-09
   37          1.306602594353106e-09
   38          6.904962902803849e-10
   39          3.802277314810694e-10
   40          2.221286711360491e-10
   41          1.362621637501232e-10
 ------------------------------------- 


 Final ||Ax - b|| norm =  0.000000000083423
 Final energy = 11011.649430255176412

 Bond dimension before truncation: 306
 Bond dimension after truncation: 51

 MICROITERATION NUMBER = 4  , forward sweep
 - Left boundaries taken from index: 4
 - Right boundaries taken from index: 5


 Initial ||Ax - b|| norm =  0.999999960934410

 ------------------------------------- 
 Iteration  | Rel. error estimate      
 ------------------------------------- 
    0          9.999999609344097e-01
    1          5.062508112544730e-01
    2          2.183276861172122e-01
    3          1.205632715220712e-01
    4          8.028579313293045e-02
    5          5.283471050838604e-02
    6          3.440368717702592e-02
    7          2.177651564451701e-02
    8          1.363643114070115e-02
    9          8.602397325284320e-03
   10          5.066008356687624e-03
   11          2.954248837277045e-03
   12          1.904043144940826e-03
   13          1.333010753416780e-03
   14          9.485213645713049e-04
   15          6.202736650362265e-04
   16          3.407410132578545e-04
   17          1.671011440671375e-04
   18          8.250533366259478e-05
   19          4.339100644848062e-05
   20          2.272354465122362e-05
   21          1.217493768024034e-05
   22          6.847506920878287e-06
   23          4.117427358024919e-06
   24          2.710451169098659e-06
   25          1.725743723663613e-06
   26          1.074988343197383e-06
   27          6.579584982853910e-07
   28          3.756636905975311e-07
   29          2.208205542390873e-07
   30          1.317323482550329e-07
   31          8.501071601450431e-08
   32          5.282508989340291e-08
   33          3.250991986876014e-08
   34          1.850292991581281e-08
   35          1.063344831413795e-08
   36          6.194174256306959e-09
   37          3.563507504480753e-09
   38          1.977565741407620e-09
   39          1.102237717630060e-09
   40          6.198369550696637e-10
   41          3.537128620387715e-10
   42          2.045841022502927e-10
   43          1.206625812783348e-10
 ------------------------------------- 


 Final ||Ax - b|| norm =  0.000000000073879
 Final energy = 11011.648382964138364

 Bond dimension before truncation: 306
 Bond dimension after truncation: 51

 MICROITERATION NUMBER = 5  , forward sweep
 - Left boundaries taken from index: 5
 - Right boundaries taken from index: 6


 Initial ||Ax - b|| norm =  0.999999855026627

 ------------------------------------- 
 Iteration  | Rel. error estimate      
 ------------------------------------- 
    0          9.999998550266266e-01
    1          5.616542948503334e-01
    2          2.401020212639018e-01
    3          1.257376895515639e-01
    4          8.545858856060973e-02
    5          5.718853492913797e-02
    6          3.728104861491138e-02
    7          2.481268697955495e-02
    8          1.582033234278875e-02
    9          9.947785054570456e-03
   10          6.090673353159845e-03
   11          3.663661269472238e-03
   12          2.301049021495484e-03
   13          1.607448266831158e-03
   14          1.175512604188963e-03
   15          8.117560185876638e-04
   16          4.652500584703475e-04
   17          2.409111563100764e-04
   18          1.222268675926822e-04
   19          6.451601309895827e-05
   20          3.517232645533231e-05
   21          1.884856281870353e-05
   22          1.104456624301269e-05
   23          6.830966995833725e-06
   24          4.098265025132991e-06
   25          2.637060925268209e-06
   26          1.682993295718297e-06
   27          1.043279899841153e-06
   28          6.011985324864290e-07
   29          3.489555672852393e-07
   30          2.084787964430560e-07
   31          1.351539188245281e-07
   32          8.914018588515767e-08
   33          5.588506213398106e-08
   34          3.286930509811098e-08
   35          1.814028271556754e-08
   36          1.022774476309356e-08
   37          6.039147277873076e-09
   38          3.599686680102558e-09
   39          2.155673254693591e-09
   40          1.302040499350916e-09
   41          7.693861310178046e-10
   42          4.531184535502442e-10
   43          2.628836205862303e-10
   44          1.530086971258660e-10
 ------------------------------------- 


 Final ||Ax - b|| norm =  0.000000000087074
 Final energy = 11011.646277564936099

 Bond dimension before truncation: 306
 Bond dimension after truncation: 51

 MICROITERATION NUMBER = 6  , forward sweep
 - Left boundaries taken from index: 6
 - Right boundaries taken from index: 7


 Initial ||Ax - b|| norm =  0.999999633181769

 ------------------------------------- 
 Iteration  | Rel. error estimate      
 ------------------------------------- 
    0          9.999996331817690e-01
    1          6.749555971978074e-01
    2          2.920320924616390e-01
    3          1.450814428557490e-01
    4          9.648375136774015e-02
    5          6.803778241944443e-02
    6          4.772157504743738e-02
    7          3.206787836406026e-02
    8          2.137916186535989e-02
    9          1.383818884683939e-02
   10          8.427457631002442e-03
   11          5.063004287843383e-03
   12          3.086652894538020e-03
   13          1.954965835272230e-03
   14          1.384898385825690e-03
   15          1.016958379375525e-03
   16          6.966226261745120e-04
   17          4.136580562345744e-04
   18          2.133940775694587e-04
   19          1.098509587576851e-04
   20          6.056457662932159e-05
   21          3.262092363985933e-05
   22          1.741998141329977e-05
   23          9.747927489036972e-06
   24          5.627518143762010e-06
   25          3.421487362933819e-06
   26          2.208380586578481e-06
   27          1.392471498550846e-06
   28          8.626817348625706e-07
   29          5.144741433828713e-07
   30          3.018359321627367e-07
   31          1.813165719922783e-07
   32          1.156203590520269e-07
   33          7.620806739554947e-08
   34          4.819859053242359e-08
   35          2.825100308382163e-08
   36          1.584087389624503e-08
   37          9.132548912432348e-09
   38          5.710999857927984e-09
   39          3.707948812562886e-09
   40          2.339783329880311e-09
   41          1.461347299382534e-09
   42          9.010308312901690e-10
   43          5.297946140821544e-10
   44          2.991981834611862e-10
   45          1.640880770902293e-10
 ------------------------------------- 


 Final ||Ax - b|| norm =  0.000000000087277
 Final energy = 11011.641552872195462

 Bond dimension before truncation: 306
 Bond dimension after truncation: 51

 MICROITERATION NUMBER = 7  , forward sweep
 - Left boundaries taken from index: 7
 - Right boundaries taken from index: 8


 Initial ||Ax - b|| norm =  0.999999341228161

 ------------------------------------- 
 Iteration  | Rel. error estimate      
 ------------------------------------- 
    0          9.999993412281609e-01
    1          7.695535839101798e-01
    2          3.635004671342306e-01
    3          1.611379539985871e-01
    4          1.044042622328995e-01
    5          7.614212435371252e-02
    6          5.327782837067006e-02
    7          3.707123457124926e-02
    8          2.583773316676125e-02
    9          1.734773465623540e-02
   10          1.114617658695062e-02
   11          7.206687015000162e-03
   12          4.320598110535274e-03
   13          2.786496880646927e-03
   14          1.793208334168939e-03
   15          1.315134036362956e-03
   16          9.827260847082781e-04
   17          7.013402657397804e-04
   18          4.476972585802714e-04
   19          2.427828760733434e-04
   20          1.366057014022359e-04
   21          7.339795425925689e-05
   22          4.258626269272251e-05
   23          2.421513631279854e-05
   24          1.347722314219796e-05
   25          7.864936343220088e-06
   26          4.949307710168748e-06
   27          3.322268393212434e-06
   28          2.277194139477777e-06
   29          1.485782434615957e-06
   30          8.797570787903534e-07
   31          5.196571041919518e-07
   32          3.204305002557430e-07
   33          2.009847690135133e-07
   34          1.298600804991469e-07
   35          8.378911991758001e-08
   36          5.411225935966183e-08
   37          3.429859682229936e-08
   38          2.058484160497065e-08
   39          1.254141782096865e-08
   40          8.084698478033230e-09
   41          5.364546692302910e-09
   42          3.523643015427805e-09
   43          2.342930017332082e-09
   44          1.496490324168346e-09
   45          9.183846252731731e-10
   46          5.423221554409381e-10
   47          3.171591764870621e-10
   48          1.782548631820621e-10
 ------------------------------------- 


 Final ||Ax - b|| norm =  0.000000000095373
 Final energy = 11011.635112834101164

 Bond dimension before truncation: 306
 Bond dimension after truncation: 51

 MICROITERATION NUMBER = 8  , forward sweep
 - Left boundaries taken from index: 8
 - Right boundaries taken from index: 9


 Initial ||Ax - b|| norm =  0.999999109181370

 ------------------------------------- 
 Iteration  | Rel. error estimate      
 ------------------------------------- 
    0          9.999991091813696e-01
    1          7.438534247421621e-01
    2          3.969636923494629e-01
    3          2.175930728450499e-01
    4          1.456220087020819e-01
    5          1.100934904297842e-01
    6          8.679886346177065e-02
    7          6.780278132634182e-02
    8          5.133431855740219e-02
    9          3.867540362957812e-02
   10          2.894754670936699e-02
   11          2.181744080192151e-02
   12          1.553258014655800e-02
   13          1.112184835821818e-02
   14          8.070996950100700e-03
   15          5.581659427353177e-03
   16          3.857328470939079e-03
   17          2.703833724602844e-03
   18          1.924167431518967e-03
   19          1.449522176452960e-03
   20          1.152648728148258e-03
   21          9.341405227740823e-04
   22          7.235585581005179e-04
   23          5.096500528104303e-04
   24          3.329707618899645e-04
   25          2.077211209645376e-04
   26          1.275576237841641e-04
   27          7.838717610375531e-05
   28          4.944082419361609e-05
   29          3.135270821467858e-05
   30          2.004255655402591e-05
   31          1.318901508527062e-05
   32          8.551265143668031e-06
   33          5.491397435883983e-06
   34          3.717149084657842e-06
   35          2.692732848310783e-06
   36          2.041899122317363e-06
   37          1.551999069093752e-06
   38          1.136928714164604e-06
   39          8.072562851628768e-07
   40          5.587372324863252e-07
   41          3.808996508838234e-07
   42          2.620141808835231e-07
   43          1.870116734610427e-07
   44          1.298960074542014e-07
   45          8.659157318195444e-08
   46          5.732116392698213e-08
   47          3.701818359411684e-08
   48          2.326570278536543e-08
 ------------------------------------- 


 Final ||Ax - b|| norm =  0.000000014418767
 Final energy = 11011.635133363479326

 Bond dimension before truncation: 306
 Bond dimension after truncation: 51

 MICROITERATION NUMBER = 9  , forward sweep
 - Left boundaries taken from index: 9
 - Right boundaries taken from index: 10


 Initial ||Ax - b|| norm =  0.999998876744317

 ------------------------------------- 
 Iteration  | Rel. error estimate      
 ------------------------------------- 
    0          9.999988767443168e-01
    1          6.563489724704172e-01
    2          3.430384003175406e-01
    3          2.219507327365789e-01
    4          1.649738850412033e-01
    5          1.349434796835386e-01
    6          1.145425361132938e-01
    7          9.704608515130354e-02
    8          7.983213373501306e-02
    9          6.355676659315990e-02
   10          5.056755502366383e-02
   11          4.057381907204691e-02
   12          3.215141322566820e-02
   13          2.617497863081023e-02
   14          2.048666053784337e-02
   15          1.567045424251122e-02
   16          1.173034943422904e-02
   17          8.798668640711937e-03
   18          6.766027510577512e-03
   19          5.280160705391940e-03
   20          3.970357949587176e-03
   21          3.076951111894782e-03
   22          2.441564391972369e-03
   23          1.857639383257749e-03
   24          1.449535213328774e-03
   25          1.184776564689324e-03
   26          9.997913600840198e-04
   27          8.733719417086212e-04
   28          7.310336934396489e-04
   29          5.902078205284950e-04
   30          4.598757814022633e-04
   31          3.572097724189498e-04
   32          2.592510077848743e-04
   33          1.804943959940942e-04
   34          1.213745885853019e-04
   35          7.893016679489775e-05
   36          5.254914283659713e-05
   37          3.531567459781513e-05
   38          2.469557275359567e-05
   39          1.777284204050880e-05
   40          1.247800517307130e-05
   41          9.273850800185858e-06
   42          7.333315404124501e-06
   43          5.755534212167325e-06
   44          4.429128326074781e-06
   45          3.404029825971079e-06
   46          2.668037861376466e-06
   47          2.128056154659247e-06
   48          1.699271577973508e-06
 ------------------------------------- 


 Final ||Ax - b|| norm =  0.000001367580937
 Final energy = 11011.637055774919645

 Bond dimension before truncation: 306
 Bond dimension after truncation: 51

 MICROITERATION NUMBER = 10  , forward sweep
 - Left boundaries taken from index: 10
 - Right boundaries taken from index: 11


 Initial ||Ax - b|| norm =  0.999998716995238

 ------------------------------------- 
 Iteration  | Rel. error estimate      
 ------------------------------------- 
    0          9.999987169952379e-01
    1          4.947702700498433e-01
    2          2.418590756960590e-01
    3          1.527962839815015e-01
    4          1.176044887096300e-01
    5          9.609447064149491e-02
    6          7.544035554946378e-02
    7          5.353016023329651e-02
    8          4.025134070127854e-02
    9          2.726611954549091e-02
   10          2.098474239108601e-02
   11          1.491966739290380e-02
   12          1.031425607614388e-02
   13          7.113950034510597e-03
   14          4.672200650019219e-03
   15          2.926752294811010e-03
   16          1.738047962162660e-03
   17          1.017367166298797e-03
   18          5.415424150799095e-04
   19          2.807272320847080e-04
   20          1.645412687184654e-04
   21          1.051221319036343e-04
   22          6.355176948475565e-05
   23          3.914950552460604e-05
   24          2.457533913211444e-05
   25          1.689336844104037e-05
   26          1.254732191747777e-05
   27          9.417998944362930e-06
   28          6.592212254845717e-06
   29          4.305682745479087e-06
   30          2.550971630597863e-06
   31          1.597779244462197e-06
   32          9.835229158951525e-07
   33          5.798260484628518e-07
   34          3.383414789094036e-07
   35          1.893539972816933e-07
   36          1.040498571330891e-07
   37          6.257256074098291e-08
   38          3.944337589291285e-08
   39          2.331246770016092e-08
   40          1.188825112839181e-08
   41          5.743633492913942e-09
   42          3.144286230355684e-09
   43          1.784819160089612e-09
   44          9.571714281847547e-10
   45          4.892593971565127e-10
   46          2.511630042763446e-10
   47          1.299247640867571e-10
 ------------------------------------- 


 Final ||Ax - b|| norm =  0.000000000068755
 Final energy = 11011.637287956769796

 Bond dimension before truncation: 306
 Bond dimension after truncation: 51

 MICROITERATION NUMBER = 11  , forward sweep
 - Left boundaries taken from index: 11
 - Right boundaries taken from index: 12


 Initial ||Ax - b|| norm =  0.999998716270192

 ------------------------------------- 
 Iteration  | Rel. error estimate      
 ------------------------------------- 
    0          9.999987162701923e-01
    1          4.537540727730491e-01
    2          2.348621328674526e-01
    3          1.615859690283935e-01
    4          1.238795325438787e-01
    5          8.594057175599237e-02
    6          5.005847544687472e-02
    7          3.093284450795106e-02
    8          1.935405572774186e-02
    9          1.219859374919060e-02
   10          7.694886913252126e-03
   11          5.270819481247396e-03
   12          3.431925697058994e-03
   13          2.393401396639361e-03
   14          1.473132227125440e-03
   15          8.347530249568137e-04
   16          4.380535596727089e-04
   17          2.496934933824577e-04
   18          1.414855899696078e-04
   19          7.181180469925967e-05
   20          3.319310861353653e-05
   21          1.611855052357678e-05
   22          9.460162474536177e-06
   23          6.638169647231531e-06
   24          4.816099126219411e-06
   25          3.574510102097426e-06
   26          2.330262281663938e-06
   27          1.391288966027536e-06
   28          8.469700328513048e-07
   29          5.173304608418317e-07
   30          3.326682233315657e-07
   31          2.169679914976707e-07
   32          1.415280506062503e-07
   33          8.224082824477709e-08
   34          4.668167063481165e-08
   35          2.518705005980295e-08
   36          1.404803493682704e-08
   37          8.378595000315928e-09
   38          5.587905982962784e-09
   39          4.065744777981880e-09
   40          3.079714261600954e-09
   41          2.561998602477961e-09
   42          2.101435253995718e-09
   43          1.493432348477543e-09
   44          9.215223754380445e-10
   45          5.337852977213338e-10
   46          2.912533865165952e-10
   47          1.434289183554716e-10
 ------------------------------------- 


 Final ||Ax - b|| norm =  0.000000000070471
 Final energy = 11011.637287956746150

 Bond dimension before truncation: 6
 Bond dimension after truncation: 6

 MICROITERATION NUMBER = 12  , backward sweep
 - Left boundaries taken from index: 10
 - Right boundaries taken from index: 11


 Initial ||Ax - b|| norm =  0.999998716995238

 ------------------------------------- 
 Iteration  | Rel. error estimate      
 ------------------------------------- 
    0          9.999987169952378e-01
    1          4.947702700494594e-01
    2          2.418590756958297e-01
    3          1.527962839813527e-01
    4          1.176044887095134e-01
    5          9.609447064139783e-02
    6          7.544035554938670e-02
    7          5.353016023324224e-02
    8          4.025134070123842e-02
    9          2.726611954546432e-02
   10          2.098474239106550e-02
   11          1.491966739288883e-02
   12          1.031425607613328e-02
   13          7.113950034503363e-03
   14          4.672200650014701e-03
   15          2.926752294808346e-03
   16          1.738047962161109e-03
   17          1.017367166297852e-03
   18          5.415424150793768e-04
   19          2.807272320844173e-04
   20          1.645412687182882e-04
   21          1.051221319035196e-04
   22          6.355176948467791e-05
   23          3.914950552453705e-05
   24          2.457533913200195e-05
   25          1.689336844076641e-05
   26          1.254732191707927e-05
   27          9.417998944284500e-06
   28          6.592212254832605e-06
   29          4.305682745473065e-06
   30          2.550971630571784e-06
   31          1.597779244417690e-06
   32          9.835229158794381e-07
   33          5.798260484602481e-07
   34          3.383414789087209e-07
   35          1.893539972814175e-07
   36          1.040498571329579e-07
   37          6.257256074090601e-08
   38          3.944337589286337e-08
   39          2.331246770012553e-08
   40          1.188825112835914e-08
   41          5.743633492875749e-09
   42          3.144286230318503e-09
   43          1.784819160079938e-09
   44          9.571714281802278e-10
   45          4.892593971390449e-10
   46          2.511630042574751e-10
   47          1.299247640793661e-10
 ------------------------------------- 


 Final ||Ax - b|| norm =  0.000000000068751
 Final energy = 11011.637287956764339

 Bond dimension before truncation: 36
 Bond dimension after truncation: 36

 MICROITERATION NUMBER = 13  , backward sweep
 - Left boundaries taken from index: 9
 - Right boundaries taken from index: 10


 Initial ||Ax - b|| norm =  0.999998876744318

 ------------------------------------- 
 Iteration  | Rel. error estimate      
 ------------------------------------- 
    0          9.999988767443179e-01
    1          6.563489724695657e-01
    2          3.430384003169021e-01
    3          2.219507327361346e-01
    4          1.649738850408718e-01
    5          1.349434796832618e-01
    6          1.145425361130522e-01
    7          9.704608515109189e-02
    8          7.983213373483607e-02
    9          6.355676659302099e-02
   10          5.056755502355665e-02
   11          4.057381907196297e-02
   12          3.215141322560336e-02
   13          2.617497863075734e-02
   14          2.048666053780141e-02
   15          1.567045424247866e-02
   16          1.173034943420462e-02
   17          8.798668640694014e-03
   18          6.766027510564455e-03
   19          5.280160705384307e-03
   20          3.970357949592809e-03
   21          3.076951111949298e-03
   22          2.441564392007312e-03
   23          1.857639383259186e-03
   24          1.449535213326396e-03
   25          1.184776564687941e-03
   26          9.997913600878778e-04
   27          8.733719417209481e-04
   28          7.310336935100552e-04
   29          5.902078209991601e-04
   30          4.598757831039895e-04
   31          3.572097741772704e-04
   32          2.592510080504997e-04
   33          1.804943960128917e-04
   34          1.213745885865939e-04
   35          7.893016679494850e-05
   36          5.254914283665986e-05
   37          3.531567459813186e-05
   38          2.469557275417348e-05
   39          1.777284204147087e-05
   40          1.247800517886705e-05
   41          9.273850827976274e-06
   42          7.333315427928952e-06
   43          5.755534215377258e-06
   44          4.429128326334045e-06
   45          3.404029826040448e-06
   46          2.668037861544210e-06
   47          2.128056154875003e-06
   48          1.699271578129734e-06
 ------------------------------------- 


 Final ||Ax - b|| norm =  0.000001367580926
 Final energy = 11011.637055774981491

 Bond dimension before truncation: 216
 Bond dimension after truncation: 51

 MICROITERATION NUMBER = 14  , backward sweep
 - Left boundaries taken from index: 8
 - Right boundaries taken from index: 9


 Initial ||Ax - b|| norm =  0.999999109181372

 ------------------------------------- 
 Iteration  | Rel. error estimate      
 ------------------------------------- 
    0          9.999991091813722e-01
    1          7.438534527914790e-01
    2          3.969636874020709e-01
    3          2.175931115922057e-01
    4          1.456220172289808e-01
    5          1.100934755505244e-01
    6          8.679884115350468e-02
    7          6.780275478056544e-02
    8          5.133429527328092e-02
    9          3.867538095360176e-02
   10          2.894752558331562e-02
   11          2.181742419199525e-02
   12          1.553256530536162e-02
   13          1.112183431614942e-02
   14          8.070986719265497e-03
   15          5.581649262348330e-03
   16          3.857320015781770e-03
   17          2.703829966589418e-03
   18          1.924163995061645e-03
   19          1.449519874350034e-03
   20          1.152647012348058e-03
   21          9.341391547925956e-04
   22          7.235569484112098e-04
   23          5.096482759254857e-04
   24          3.329696644772712e-04
   25          2.077203553894913e-04
   26          1.275569896438484e-04
   27          7.838683557647440e-05
   28          4.944060896663954e-05
   29          3.135255490063950e-05
   30          2.004246470747812e-05
   31          1.318896280516400e-05
   32          8.551227816909265e-06
   33          5.491365900510707e-06
   34          3.717133618992474e-06
   35          2.692723354968321e-06
   36          2.041892033562686e-06
   37          1.551994139866580e-06
   38          1.136924537250377e-06
   39          8.072527041599902e-07
   40          5.587341691667314e-07
   41          3.808975946329457e-07
   42          2.620130390535112e-07
   43          1.870106870601177e-07
   44          1.298952367059450e-07
   45          8.659111724238012e-08
   46          5.732083434814051e-08
   47          3.701792551826608e-08
   48          2.326547717132083e-08
 ------------------------------------- 


 Final ||Ax - b|| norm =  0.000000014418670
 Final energy = 11011.635133363402929

 Bond dimension before truncation: 306
 Bond dimension after truncation: 51

 MICROITERATION NUMBER = 15  , backward sweep
 - Left boundaries taken from index: 7
 - Right boundaries taken from index: 8


 Initial ||Ax - b|| norm =  0.999999341228152

 ------------------------------------- 
 Iteration  | Rel. error estimate      
 ------------------------------------- 
    0          9.999993412281516e-01
    1          7.695530357955159e-01
    2          3.634978572986393e-01
    3          1.611370467620877e-01
    4          1.044037830557179e-01
    5          7.614170189333475e-02
    6          5.327741405251978e-02
    7          3.707092994175793e-02
    8          2.583748633564685e-02
    9          1.734750472920107e-02
   10          1.114602582194709e-02
   11          7.206554332242026e-03
   12          4.320512896757559e-03
   13          2.786442171005689e-03
   14          1.793175635100141e-03
   15          1.315116201335794e-03
   16          9.827088136148336e-04
   17          7.013248813110679e-04
   18          4.476817698808908e-04
   19          2.427737131430883e-04
   20          1.366002342949135e-04
   21          7.339497518193691e-05
   22          4.258464635413112e-05
   23          2.421405933037063e-05
   24          1.347658560220150e-05
   25          7.864591830160413e-06
   26          4.949093121017188e-06
   27          3.322135107532248e-06
   28          2.277096990446214e-06
   29          1.485707870866731e-06
   30          8.797050868804366e-07
   31          5.196301241136030e-07
   32          3.204135897657052e-07
   33          2.009752291274020e-07
   34          1.298538010385848e-07
   35          8.378535341469545e-08
   36          5.410966083072207e-08
   37          3.429692382058964e-08
   38          2.058367603309249e-08
   39          1.254082405801934e-08
   40          8.084328928528871e-09
   41          5.364296039311783e-09
   42          3.523473563617137e-09
   43          2.342806310147812e-09
   44          1.496400001349879e-09
   45          9.183201748508993e-10
   46          5.422815154282817e-10
   47          3.171341034278831e-10
   48          1.782389224383072e-10
 ------------------------------------- 


 Final ||Ax - b|| norm =  0.000000000095364
 Final energy = 11011.635112841491718

 Bond dimension before truncation: 306
 Bond dimension after truncation: 51

 MICROITERATION NUMBER = 16  , backward sweep
 - Left boundaries taken from index: 6
 - Right boundaries taken from index: 7


 Initial ||Ax - b|| norm =  0.999999633166421

 ------------------------------------- 
 Iteration  | Rel. error estimate      
 ------------------------------------- 
    0          9.999996331664209e-01
    1          6.749639811984076e-01
    2          2.920401694134666e-01
    3          1.450851941124172e-01
    4          9.648537987687850e-02
    5          6.803948713282088e-02
    6          4.772315848888478e-02
    7          3.206890031212723e-02
    8          2.138012756059994e-02
    9          1.383891892159464e-02
   10          8.427917815064554e-03
   11          5.063366374496090e-03
   12          3.086892218767811e-03
   13          1.955080892159687e-03
   14          1.384969505899315e-03
   15          1.017010412714000e-03
   16          6.966788876343925e-04
   17          4.137023702720673e-04
   18          2.134221389756322e-04
   19          1.098649521331603e-04
   20          6.057247956594546e-05
   21          3.262586542492519e-05
   22          1.742225295644153e-05
   23          9.749181368790333e-06
   24          5.628231446706453e-06
   25          3.421869687497665e-06
   26          2.208643076858904e-06
   27          1.392653996139102e-06
   28          8.627957554942075e-07
   29          5.145502086495306e-07
   30          3.018844569940112e-07
   31          1.813443537714296e-07
   32          1.156366963370076e-07
   33          7.621968917482325e-08
   34          4.820762281252736e-08
   35          2.825681978813658e-08
   36          1.584475366558481e-08
   37          9.134454471591215e-09
   38          5.712050026014906e-09
   39          3.708664075143681e-09
   40          2.340219043556695e-09
   41          1.461632278576319e-09
   42          9.012072460948072e-10
   43          5.299191982058455e-10
   44          2.992752040330724e-10
   45          1.641363124386362e-10
 ------------------------------------- 


 Final ||Ax - b|| norm =  0.000000000087319
 Final energy = 11011.641552653603867

 Bond dimension before truncation: 306
 Bond dimension after truncation: 51

 MICROITERATION NUMBER = 17  , backward sweep
 - Left boundaries taken from index: 5
 - Right boundaries taken from index: 6


 Initial ||Ax - b|| norm =  0.999999854997181

 ------------------------------------- 
 Iteration  | Rel. error estimate      
 ------------------------------------- 
    0          9.999998549971812e-01
    1          5.616722799186191e-01
    2          2.401215297485913e-01
    3          1.257479124118302e-01
    4          8.546474447695582e-02
    5          5.719333409378179e-02
    6          3.728495048049745e-02
    7          2.481579397795712e-02
    8          1.582269157074169e-02
    9          9.949492163598686e-03
   10          6.091706796803502e-03
   11          3.664375674000937e-03
   12          2.301475702730696e-03
   13          1.607666005404135e-03
   14          1.175679248059319e-03
   15          8.119107381923914e-04
   16          4.653702208891893e-04
   17          2.410031914536921e-04
   18          1.222741174481213e-04
   19          6.454104823492651e-05
   20          3.519109738170633e-05
   21          1.885924069179669e-05
   22          1.104972232278300e-05
   23          6.834114415858181e-06
   24          4.099792272974723e-06
   25          2.637970187601495e-06
   26          1.683583757307284e-06
   27          1.043758160045548e-06
   28          6.015024593081251e-07
   29          3.491158052036795e-07
   30          2.085701091722249e-07
   31          1.352034710715099e-07
   32          8.917248239205845e-08
   33          5.590677073826327e-08
   34          3.288395459320588e-08
   35          1.814910144294298e-08
   36          1.023157491299714e-08
   37          6.041539664151625e-09
   38          3.601584453010168e-09
   39          2.156719127216645e-09
   40          1.302777998093567e-09
   41          7.698857270448971e-10
   42          4.534370759165801e-10
   43          2.630728135330541e-10
   44          1.531278644438529e-10
 ------------------------------------- 


 Final ||Ax - b|| norm =  0.000000000087153
 Final energy = 11011.646278237732986

 Bond dimension before truncation: 306
 Bond dimension after truncation: 51

 MICROITERATION NUMBER = 18  , backward sweep
 - Left boundaries taken from index: 4
 - Right boundaries taken from index: 5


 Initial ||Ax - b|| norm =  0.999999960893317

 ------------------------------------- 
 Iteration  | Rel. error estimate      
 ------------------------------------- 
    0          9.999999608933173e-01
    1          5.062574878384902e-01
    2          2.183320547737559e-01
    3          1.205638563495539e-01
    4          8.028573719097613e-02
    5          5.283411423132823e-02
    6          3.440319504596626e-02
    7          2.177618546241432e-02
    8          1.363630642084242e-02
    9          8.602302944985761e-03
   10          5.065914407991772e-03
   11          2.954210836344206e-03
   12          1.904016885002745e-03
   13          1.332984363503988e-03
   14          9.485085004503588e-04
   15          6.202893642140379e-04
   16          3.407442301384490e-04
   17          1.671115230838067e-04
   18          8.251451413559948e-05
   19          4.339478957531547e-05
   20          2.272498896253585e-05
   21          1.217551594400550e-05
   22          6.847607266055189e-06
   23          4.117322352872867e-06
   24          2.710350822893920e-06
   25          1.725697438372374e-06
   26          1.074965074960211e-06
   27          6.579469342121525e-07
   28          3.756509160738077e-07
   29          2.208109764944356e-07
   30          1.317269310528368e-07
   31          8.501034994642723e-08
   32          5.282446590924419e-08
   33          3.250953205202856e-08
   34          1.850389529226573e-08
   35          1.063377401586190e-08
   36          6.194298058738287e-09
   37          3.563626994160484e-09
   38          1.977497420922169e-09
   39          1.102155559631608e-09
   40          6.198120824262594e-10
   41          3.537006312240835e-10
   42          2.045734118703925e-10
   43          1.206584460876832e-10
 ------------------------------------- 


 Final ||Ax - b|| norm =  0.000000000073863
 Final energy = 11011.648383756519252

 Bond dimension before truncation: 306
 Bond dimension after truncation: 51

 MICROITERATION NUMBER = 19  , backward sweep
 - Left boundaries taken from index: 3
 - Right boundaries taken from index: 4


 Initial ||Ax - b|| norm =  0.999999987838255

 ------------------------------------- 
 Iteration  | Rel. error estimate      
 ------------------------------------- 
    0          9.999999878382555e-01
    1          4.796305217752803e-01
    2          2.062494179134323e-01
    3          1.189261249536061e-01
    4          8.002041771005132e-02
    5          5.235486671408453e-02
    6          3.412847932399906e-02
    7          2.124157925321699e-02
    8          1.313359160248076e-02
    9          8.215447710141249e-03
   10          4.613897437686136e-03
   11          2.704247951116804e-03
   12          1.754390342889673e-03
   13          1.221025821213001e-03
   14          8.202507052152962e-04
   15          4.812603912520973e-04
   16          2.411785534836892e-04
   17          1.095726638310332e-04
   18          5.323611420023558e-05
   19          2.721517442165805e-05
   20          1.451966804127758e-05
   21          7.604757871815764e-06
   22          4.609138773525456e-06
   23          2.969318690937522e-06
   24          1.926188984260975e-06
   25          1.161483116235857e-06
   26          6.578072880157859e-07
   27          3.537974453592215e-07
   28          2.003343068481008e-07
   29          1.164402747684730e-07
   30          7.110893790980972e-08
   31          4.290603430467520e-08
   32          2.511900343183034e-08
   33          1.472943781675951e-08
   34          8.734848069032062e-09
   35          4.799436098436044e-09
   36          2.529795343271021e-09
   37          1.306622940057108e-09
   38          6.905358922204638e-10
   39          3.802514264800549e-10
   40          2.221274804208776e-10
   41          1.362454319653814e-10
 ------------------------------------- 


 Final ||Ax - b|| norm =  0.000000000083415
 Final energy = 11011.649431240999547

 Bond dimension before truncation: 306
 Bond dimension after truncation: 51

 MICROITERATION NUMBER = 20  , backward sweep
 - Left boundaries taken from index: 2
 - Right boundaries taken from index: 3


 Initial ||Ax - b|| norm =  0.999999978713542

 ------------------------------------- 
 Iteration  | Rel. error estimate      
 ------------------------------------- 
    0          9.999999787135422e-01
    1          1.883331134554593e-01
    2          1.109238556195147e-01
    3          7.087088988316013e-02
    4          4.295134356444528e-02
    5          2.802787749394492e-02
    6          1.698332941840779e-02
    7          1.022308206082764e-02
    8          6.301196810185886e-03
    9          3.470379948954549e-03
   10          2.078273952310948e-03
   11          1.538532404283439e-03
   12          1.056129653213636e-03
   13          5.901293575556819e-04
   14          3.226372409923159e-04
   15          1.655326503470154e-04
   16          8.416308752199143e-05
   17          4.712588180868112e-05
   18          2.573558319483014e-05
   19          1.441570845795106e-05
   20          8.387506144171378e-06
   21          4.669370091505839e-06
   22          2.537087843572703e-06
   23          1.559352470199721e-06
   24          1.045561076403829e-06
   25          6.658191137766626e-07
   26          3.835085445572352e-07
   27          2.131684222627001e-07
   28          1.057411862172619e-07
   29          5.225709823789212e-08
   30          2.971397713210579e-08
   31          1.751391843600021e-08
   32          1.100101967285718e-08
   33          6.916647736311096e-09
   34          4.040147865742480e-09
   35          2.210504852356784e-09
   36          1.116747551335280e-09
   37          5.928664361520759e-10
   38          2.908709978866446e-10
   39          1.368719085099149e-10
 ------------------------------------- 


 Final ||Ax - b|| norm =  0.000000000072827
 Final energy = 11011.652645644144286

 Bond dimension before truncation: 306
 Bond dimension after truncation: 51

 MICROITERATION NUMBER = 21  , backward sweep
 - Left boundaries taken from index: 1
 - Right boundaries taken from index: 2


 Initial ||Ax - b|| norm =  0.999999978366124

 ------------------------------------- 
 Iteration  | Rel. error estimate      
 ------------------------------------- 
    0          9.999999783661241e-01
    1          1.845948596423775e-01
    2          1.012846666242033e-01
    3          4.985344328758151e-02
    4          3.077878259041122e-02
    5          1.545720136470962e-02
    6          9.693811657457587e-03
    7          4.823841156851273e-03
    8          2.532518082351695e-03
    9          1.786670277407767e-03
   10          1.117504098434878e-03
   11          6.469912666118981e-04
   12          3.336879842879965e-04
   13          1.437770175066250e-04
   14          7.576555742331079e-05
   15          3.977680503473830e-05
   16          2.215847380940388e-05
   17          1.202761775168151e-05
   18          6.125450156294267e-06
   19          3.487120152473205e-06
   20          1.962625601186257e-06
   21          1.227523685075149e-06
   22          6.954682884287454e-07
   23          4.045218070180691e-07
   24          1.824641655392712e-07
   25          8.612913358998384e-08
   26          4.914475556301921e-08
   27          2.927761913444668e-08
   28          1.719269988635749e-08
   29          8.876126261984662e-09
   30          4.479290429227913e-09
   31          2.223242087652415e-09
   32          9.950832337618832e-10
   33          4.366364323893190e-10
   34          2.201889770365582e-10
   35          1.290531828945527e-10
 ------------------------------------- 


 Final ||Ax - b|| norm =  0.000000000078779
 Final energy = 11011.652659015520840

 Bond dimension before truncation: 306
 Bond dimension after truncation: 51


 -------------------
   SWEEP NUMBER 3
 -------------------
 - Noise parameter: 0.0000000100
 - Maximum bond dimension: 50
 - Truncation parameter: 0.0000000000

 MICROITERATION NUMBER = 0  , forward sweep
 - Left boundaries taken from index: 0
 - Right boundaries taken from index: 1


 Initial ||Ax - b|| norm =  0.999999977807633

 ------------------------------------- 
 Iteration  | Rel. error estimate      
 ------------------------------------- 
    0          9.999999778076331e-01
    1          1.846342023071969e-01
    2          1.006444650743441e-01
    3          4.863555616512237e-02
    4          2.691827263786849e-02
    5          1.426519647365051e-02
    6          7.416245610751629e-03
    7          2.996333603622498e-03
    8          2.017544063731366e-03
    9          1.280281114282757e-03
   10          6.764701406282952e-04
   11          2.574856223722021e-04
   12          1.156198325855293e-04
   13          5.825257038784578e-05
   14          2.732177936067193e-05
   15          1.244755753568068e-05
   16          6.824353089225967e-06
   17          3.193285698777988e-06
   18          1.881785141780323e-06
   19          1.064967582239124e-06
   20          5.915957726384611e-07
   21          2.262236361687158e-07
   22          1.000804931799284e-07
   23          5.067102386307086e-08
   24          2.885630892558146e-08
   25          1.486575814829306e-08
   26          7.455569724566830e-09
   27          3.679872421425386e-09
   28          1.530415241336177e-09
   29          6.355254867869380e-10
   30          2.841873032471814e-10
   31          1.554943244943244e-10
 ------------------------------------- 


 Final ||Ax - b|| norm =  0.000000000080526
 Final energy = 11011.652659023950036

 Bond dimension before truncation: 6
 Bond dimension after truncation: 6

 MICROITERATION NUMBER = 1  , forward sweep
 - Left boundaries taken from index: 1
 - Right boundaries taken from index: 2


 Initial ||Ax - b|| norm =  0.999999978366124

 ------------------------------------- 
 Iteration  | Rel. error estimate      
 ------------------------------------- 
    0          9.999999783661238e-01
    1          1.845948596423612e-01
    2          1.012846666241895e-01
    3          4.985344328758043e-02
    4          3.077878259040795e-02
    5          1.545720136470514e-02
    6          9.693811657454443e-03
    7          4.823841156849458e-03
    8          2.532518082350120e-03
    9          1.786670277406500e-03
   10          1.117504098434325e-03
   11          6.469912666117542e-04
   12          3.336879842880004e-04
   13          1.437770175066871e-04
   14          7.576555742337172e-05
   15          3.977680503480342e-05
   16          2.215847380946428e-05
   17          1.202761775173263e-05
   18          6.125450156338690e-06
   19          3.487120152509216e-06
   20          1.962625601213640e-06
   21          1.227523685092310e-06
   22          6.954682884367576e-07
   23          4.045218070213431e-07
   24          1.824641655402060e-07
   25          8.612913359041394e-08
   26          4.914475556328246e-08
   27          2.927761913459497e-08
   28          1.719269988642071e-08
   29          8.876126261996916e-09
   30          4.479290429213465e-09
   31          2.223242087605359e-09
   32          9.950832336540778e-10
   33          4.366364321643804e-10
   34          2.201889767863175e-10
   35          1.290531828203059e-10
 ------------------------------------- 


 Final ||Ax - b|| norm =  0.000000000078775
 Final energy = 11011.652659015524478

 Bond dimension before truncation: 36
 Bond dimension after truncation: 36

 MICROITERATION NUMBER = 2  , forward sweep
 - Left boundaries taken from index: 2
 - Right boundaries taken from index: 3


 Initial ||Ax - b|| norm =  0.999999978713541

 ------------------------------------- 
 Iteration  | Rel. error estimate      
 ------------------------------------- 
    0          9.999999787135414e-01
    1          1.883331134555579e-01
    2          1.109238556195567e-01
    3          7.087088988319046e-02
    4          4.295134356447097e-02
    5          2.802787749395770e-02
    6          1.698332941841082e-02
    7          1.022308206082997e-02
    8          6.301196810188121e-03
    9          3.470379948955200e-03
   10          2.078273952310709e-03
   11          1.538532404283252e-03
   12          1.056129653213748e-03
   13          5.901293575559174e-04
   14          3.226372409925274e-04
   15          1.655326503471750e-04
   16          8.416308752210057e-05
   17          4.712588180876292e-05
   18          2.573558319489700e-05
   19          1.441570845800836e-05
   20          8.387506144219479e-06
   21          4.669370091545541e-06
   22          2.537087843606312e-06
   23          1.559352470227292e-06
   24          1.045561076423410e-06
   25          6.658191137867513e-07
   26          3.835085445612547e-07
   27          2.131684222641466e-07
   28          1.057411862177380e-07
   29          5.225709823809456e-08
   30          2.971397713222156e-08
   31          1.751391843610734e-08
   32          1.100101967300387e-08
   33          6.916647736726762e-09
   34          4.040147866727106e-09
   35          2.210504854803191e-09
   36          1.116747556348185e-09
   37          5.928664424375405e-10
   38          2.908710041157219e-10
   39          1.368719106756427e-10
 ------------------------------------- 


 Final ||Ax - b|| norm =  0.000000000072828
 Final energy = 11011.652645644093354

 Bond dimension before truncation: 216
 Bond dimension after truncation: 51

 MICROITERATION NUMBER = 3  , forward sweep
 - Left boundaries taken from index: 3
 - Right boundaries taken from index: 4


 Initial ||Ax - b|| norm =  0.999999987838252

 ------------------------------------- 
 Iteration  | Rel. error estimate      
 ------------------------------------- 
    0          9.999999878382522e-01
    1          4.796304830530446e-01
    2          2.062493892349432e-01
    3          1.189261138085065e-01
    4          8.002041567290444e-02
    5          5.235487025051550e-02
    6          3.412848818790027e-02
    7          2.124159153337469e-02
    8          1.313360156702188e-02
    9          8.215453393973874e-03
   10          4.613900403134877e-03
   11          2.704249536877603e-03
   12          1.754390814424153e-03
   13          1.221026003207517e-03
   14          8.202507281664222e-04
   15          4.812602471127396e-04
   16          2.411785912136300e-04
   17          1.095727651704821e-04
   18          5.323615558626232e-05
   19          2.721519119451195e-05
   20          1.451968270199125e-05
   21          7.604764039805838e-06
   22          4.609142738165555e-06
   23          2.969320899324861e-06
   24          1.926189974370908e-06
   25          1.161482884056226e-06
   26          6.578071263249221e-07
   27          3.537973564201072e-07
   28          2.003340464864214e-07
   29          1.164399429736581e-07
   30          7.110873951412007e-08
   31          4.290589053725790e-08
   32          2.511891335463456e-08
   33          1.472939402355550e-08
   34          8.734828887847192e-09
   35          4.799428365399189e-09
   36          2.529793233383786e-09
   37          1.306621697859391e-09
   38          6.905334486138968e-10
   39          3.802480160628083e-10
   40          2.221240001580352e-10
   41          1.362406954993659e-10
 ------------------------------------- 


 Final ||Ax - b|| norm =  0.000000000083420
 Final energy = 11011.649431241841739

 Bond dimension before truncation: 306
 Bond dimension after truncation: 51

 MICROITERATION NUMBER = 4  , forward sweep
 - Left boundaries taken from index: 4
 - Right boundaries taken from index: 5


 Initial ||Ax - b|| norm =  0.999999960894029

 ------------------------------------- 
 Iteration  | Rel. error estimate      
 ------------------------------------- 
    0          9.999999608940289e-01
    1          5.062578133462353e-01
    2          2.183323262372540e-01
    3          1.205639731873343e-01
    4          8.028586424358013e-02
    5          5.283416240130368e-02
    6          3.440320239321676e-02
    7          2.177620604340530e-02
    8          1.363631450005559e-02
    9          8.602312657510946e-03
   10          5.065927365602027e-03
   11          2.954222327262031e-03
   12          1.904021481218767e-03
   13          1.332986887390577e-03
   14          9.485097684684499e-04
   15          6.202882125945377e-04
   16          3.407426168350087e-04
   17          1.671103633255488e-04
   18          8.251377329133892e-05
   19          4.339445319834480e-05
   20          2.272491684021900e-05
   21          1.217550530518598e-05
   22          6.847614389404610e-06
   23          4.117326856923481e-06
   24          2.710355477878306e-06
   25          1.725699101152245e-06
   26          1.074965388705734e-06
   27          6.579456750350558e-07
   28          3.756508433451797e-07
   29          2.208113079993460e-07
   30          1.317275610874309e-07
   31          8.501064389711654e-08
   32          5.282462232300836e-08
   33          3.250963218488864e-08
   34          1.850396542758901e-08
   35          1.063380614159623e-08
   36          6.194330084348225e-09
   37          3.563652562059897e-09
   38          1.977515022229210e-09
   39          1.102162681010173e-09
   40          6.198155563454370e-10
   41          3.537027917076871e-10
   42          2.045742585837970e-10
   43          1.206589597879229e-10
 ------------------------------------- 


 Final ||Ax - b|| norm =  0.000000000073863
 Final energy = 11011.648383758105410

 Bond dimension before truncation: 306
 Bond dimension after truncation: 51

 MICROITERATION NUMBER = 5  , forward sweep
 - Left boundaries taken from index: 5
 - Right boundaries taken from index: 6


 Initial ||Ax - b|| norm =  0.999999854997457

 ------------------------------------- 
 Iteration  | Rel. error estimate      
 ------------------------------------- 
    0          9.999998549974566e-01
    1          5.616721096584614e-01
    2          2.401215177925851e-01
    3          1.257478602666869e-01
    4          8.546470570554766e-02
    5          5.719332528968663e-02
    6          3.728494263807131e-02
    7          2.481577605674035e-02
    8          1.582268166211163e-02
    9          9.949490616741720e-03
   10          6.091711903034797e-03
   11          3.664376385935632e-03
   12          2.301473974358598e-03
   13          1.607665920103001e-03
   14          1.175678677705261e-03
   15          8.119093400144964e-04
   16          4.653690923504378e-04
   17          2.410028400052280e-04
   18          1.222736204660321e-04
   19          6.454067787679181e-05
   20          3.519081388213122e-05
   21          1.885908347992723e-05
   22          1.104965123192701e-05
   23          6.834093419153088e-06
   24          4.099785839573989e-06
   25          2.637966752908199e-06
   26          1.683584385259892e-06
   27          1.043756379482386e-06
   28          6.015000676159694e-07
   29          3.491152294659361e-07
   30          2.085708984251013e-07
   31          1.352041574768705e-07
   32          8.917342367552083e-08
   33          5.590828123546097e-08
   34          3.288553002426621e-08
   35          1.815018545858454e-08
   36          1.023218514764014e-08
   37          6.041827822990828e-09
   38          3.601732181578289e-09
   39          2.156794762551223e-09
   40          1.302809832246574e-09
   41          7.698948308182329e-10
   42          4.534390119076159e-10
   43          2.630730545308930e-10
   44          1.531277546583847e-10
 ------------------------------------- 


 Final ||Ax - b|| norm =  0.000000000087143
 Final energy = 11011.646278253099808

 Bond dimension before truncation: 306
 Bond dimension after truncation: 51

 MICROITERATION NUMBER = 6  , forward sweep
 - Left boundaries taken from index: 6
 - Right boundaries taken from index: 7


 Initial ||Ax - b|| norm =  0.999999633166039

 ------------------------------------- 
 Iteration  | Rel. error estimate      
 ------------------------------------- 
    0          9.999996331660386e-01
    1          6.749655418373841e-01
    2          2.920414653871566e-01
    3          1.450858645050133e-01
    4          9.648570647007472e-02
    5          6.803970991707339e-02
    6          4.772341776088228e-02
    7          3.206910907794337e-02
    8          2.138031917785965e-02
    9          1.383907437677038e-02
   10          8.428023019350086e-03
   11          5.063380043987225e-03
   12          3.086884346667222e-03
   13          1.955087929804511e-03
   14          1.384973481837491e-03
   15          1.017008266679213e-03
   16          6.966799802330535e-04
   17          4.137038169561931e-04
   18          2.134217620946827e-04
   19          1.098652430813981e-04
   20          6.057333910288604e-05
   21          3.262653729100927e-05
   22          1.742238468758788e-05
   23          9.749275342232947e-06
   24          5.628234303908454e-06
   25          3.421891082589168e-06
   26          2.208660552660397e-06
   27          1.392652910550683e-06
   28          8.627905126931361e-07
   29          5.145463339756123e-07
   30          3.018783023837092e-07
   31          1.813411582787685e-07
   32          1.156352918825444e-07
   33          7.621851679675550e-08
   34          4.820739446278031e-08
   35          2.825697697478420e-08
   36          1.584503745987143e-08
   37          9.134589211811942e-09
   38          5.712034067173912e-09
   39          3.708631067656272e-09
   40          2.340183909270520e-09
   41          1.461591129085580e-09
   42          9.011818620495348e-10
   43          5.299080212205482e-10
   44          2.992695628164006e-10
   45          1.641353488796136e-10
 ------------------------------------- 


 Final ||Ax - b|| norm =  0.000000000087313
 Final energy = 11011.641552513938223

 Bond dimension before truncation: 306
 Bond dimension after truncation: 51

 MICROITERATION NUMBER = 7  , forward sweep
 - Left boundaries taken from index: 7
 - Right boundaries taken from index: 8


 Initial ||Ax - b|| norm =  0.999999341242356

 ------------------------------------- 
 Iteration  | Rel. error estimate      
 ------------------------------------- 
    0          9.999993412423557e-01
    1          7.695543528053527e-01
    2          3.634996310192686e-01
    3          1.611377895298177e-01
    4          1.044043082218923e-01
    5          7.614195543762274e-02
    6          5.327762576876550e-02
    7          3.707116154458048e-02
    8          2.583767764465165e-02
    9          1.734774519660835e-02
   10          1.114631007877872e-02
   11          7.206697858944447e-03
   12          4.320613491326479e-03
   13          2.786482726124327e-03
   14          1.793184150528726e-03
   15          1.315123208322254e-03
   16          9.827168301875695e-04
   17          7.013336206508360e-04
   18          4.476833773110567e-04
   19          2.427712183006659e-04
   20          1.365962714713949e-04
   21          7.339221069519159e-05
   22          4.258463980012535e-05
   23          2.421519815897659e-05
   24          1.347779127035966e-05
   25          7.865403733177568e-06
   26          4.949532486499406e-06
   27          3.322403099883401e-06
   28          2.277227199631190e-06
   29          1.485777111087435e-06
   30          8.797554103371014e-07
   31          5.196564643374732e-07
   32          3.204212240514631e-07
   33          2.009663454232490e-07
   34          1.298425146787952e-07
   35          8.377884985212980e-08
   36          5.410722242882225e-08
   37          3.429625058044926e-08
   38          2.058277467991055e-08
   39          1.253997818715933e-08
   40          8.083685653762545e-09
   41          5.363936313196890e-09
   42          3.523414736116400e-09
   43          2.342817087790149e-09
   44          1.496357737042410e-09
   45          9.182357967253256e-10
   46          5.422151686097966e-10
   47          3.171071242759094e-10
   48          1.782407850711000e-10
 ------------------------------------- 


 Final ||Ax - b|| norm =  0.000000000095378
 Final energy = 11011.635112103913343

 Bond dimension before truncation: 306
 Bond dimension after truncation: 51

 MICROITERATION NUMBER = 8  , forward sweep
 - Left boundaries taken from index: 8
 - Right boundaries taken from index: 9


 Initial ||Ax - b|| norm =  0.999999109185207

 ------------------------------------- 
 Iteration  | Rel. error estimate      
 ------------------------------------- 
    0          9.999991091852074e-01
    1          7.438529939399287e-01
    2          3.969631971255230e-01
    3          2.175933723919333e-01
    4          1.456224822640493e-01
    5          1.100939028257993e-01
    6          8.679916426864386e-02
    7          6.780296647871926e-02
    8          5.133443458429381e-02
    9          3.867546693016635e-02
   10          2.894755940432666e-02
   11          2.181738993502225e-02
   12          1.553248112055398e-02
   13          1.112177085926142e-02
   14          8.070941675946750e-03
   15          5.581615890785239e-03
   16          3.857294089889828e-03
   17          2.703801607792499e-03
   18          1.924136743965409e-03
   19          1.449495852899206e-03
   20          1.152627973296352e-03
   21          9.341259215235836e-04
   22          7.235495281525675e-04
   23          5.096436341111019e-04
   24          3.329669137984559e-04
   25          2.077187712117472e-04
   26          1.275557224466255e-04
   27          7.838567866252591e-05
   28          4.943963319218640e-05
   29          3.135177059546865e-05
   30          2.004199624065726e-05
   31          1.318877045589832e-05
   32          8.551198494372938e-06
   33          5.491391238456493e-06
   34          3.717139830407347e-06
   35          2.692718421276094e-06
   36          2.041884583493896e-06
   37          1.551985944920054e-06
   38          1.136921764116970e-06
   39          8.072581177620121e-07
   40          5.587421360149731e-07
   41          3.809029364171484e-07
   42          2.620158145160202e-07
   43          1.870119426047549e-07
   44          1.298950833417086e-07
   45          8.659049771989398e-08
   46          5.732046902128838e-08
   47          3.701780284151591e-08
   48          2.326565102144604e-08
 ------------------------------------- 


 Final ||Ax - b|| norm =  0.000000014418673
 Final energy = 11011.635132645726117

 Bond dimension before truncation: 306
 Bond dimension after truncation: 51

 MICROITERATION NUMBER = 9  , forward sweep
 - Left boundaries taken from index: 9
 - Right boundaries taken from index: 10


 Initial ||Ax - b|| norm =  0.999998876749389

 ------------------------------------- 
 Iteration  | Rel. error estimate      
 ------------------------------------- 
    0          9.999988767493886e-01
    1          6.563484250039120e-01
    2          3.430387517049813e-01
    3          2.219513142197659e-01
    4          1.649744149173842e-01
    5          1.349439245464905e-01
    6          1.145428936029015e-01
    7          9.704637206000706e-02
    8          7.983238679983183e-02
    9          6.355700408372909e-02
   10          5.056776653177465e-02
   11          4.057399121890209e-02
   12          3.215154424974872e-02
   13          2.617508283983900e-02
   14          2.048673530972077e-02
   15          1.567049871838298e-02
   16          1.173037145381505e-02
   17          8.798685794704169e-03
   18          6.766046894560060e-03
   19          5.280179765497054e-03
   20          3.970376782468969e-03
   21          3.076978485231176e-03
   22          2.441581919305161e-03
   23          1.857645080533945e-03
   24          1.449537665744987e-03
   25          1.184777928244661e-03
   26          9.997954531580555e-04
   27          8.733823787908736e-04
   28          7.310861588170606e-04
   29          5.905441462034241e-04
   30          4.610599723567669e-04
   31          3.583780463385563e-04
   32          2.594240376353664e-04
   33          1.805068695404699e-04
   34          1.213755920007601e-04
   35          7.893031052802343e-05
   36          5.254927275832631e-05
   37          3.531584329368321e-05
   38          2.469568251380721e-05
   39          1.777294588151030e-05
   40          1.247934354220613e-05
   41          9.280887346517803e-06
   42          7.339268275786791e-06
   43          5.756266479010538e-06
   44          4.429141567842264e-06
   45          3.404005149088055e-06
   46          2.668022823010541e-06
   47          2.128048190354675e-06
   48          1.699263726776555e-06
 ------------------------------------- 


 Final ||Ax - b|| norm =  0.000001367570046
 Final energy = 11011.637055048049660

 Bond dimension before truncation: 306
 Bond dimension after truncation: 51

 MICROITERATION NUMBER = 10  , forward sweep
 - Left boundaries taken from index: 10
 - Right boundaries taken from index: 11


 Initial ||Ax - b|| norm =  0.999998716999729

 ------------------------------------- 
 Iteration  | Rel. error estimate      
 ------------------------------------- 
    0          9.999987169997289e-01
    1          4.947698069996584e-01
    2          2.418597569921170e-01
    3          1.527969073558420e-01
    4          1.176048331320453e-01
    5          9.609469564304904e-02
    6          7.544061331048448e-02
    7          5.353041772733218e-02
    8          4.025151849610024e-02
    9          2.726620722981045e-02
   10          2.098477820373305e-02
   11          1.491965436109839e-02
   12          1.031424806752903e-02
   13          7.113952455475843e-03
   14          4.672211005135635e-03
   15          2.926763537770001e-03
   16          1.738056121150825e-03
   17          1.017370502827111e-03
   18          5.415416933243839e-04
   19          2.807238873507160e-04
   20          1.645374475906360e-04
   21          1.051189967331082e-04
   22          6.354920995493291e-05
   23          3.914730647249092e-05
   24          2.457333340410606e-05
   25          1.689167663353870e-05
   26          1.254601679337201e-05
   27          9.417017836172104e-06
   28          6.591646626058464e-06
   29          4.305410466460706e-06
   30          2.550865017409335e-06
   31          1.597731865440982e-06
   32          9.834890819111666e-07
   33          5.797995022008890e-07
   34          3.383215615530302e-07
   35          1.893408731326919e-07
   36          1.040406858796160e-07
   37          6.256627323885870e-08
   38          3.943980166061725e-08
   39          2.331113864226966e-08
   40          1.188832541293894e-08
   41          5.744855817635845e-09
   42          3.147011839910878e-09
   43          1.787090878012577e-09
   44          9.575270090456081e-10
   45          4.893612596398127e-10
   46          2.512005475111296e-10
   47          1.299215170814992e-10
 ------------------------------------- 


 Final ||Ax - b|| norm =  0.000000000068742
 Final energy = 11011.637287229305002

 Bond dimension before truncation: 306
 Bond dimension after truncation: 51

 MICROITERATION NUMBER = 11  , forward sweep
 - Left boundaries taken from index: 11
 - Right boundaries taken from index: 12


 Initial ||Ax - b|| norm =  0.999998716403446

 ------------------------------------- 
 Iteration  | Rel. error estimate      
 ------------------------------------- 
    0          9.999987164034458e-01
    1          4.532200802995380e-01
    2          2.349559522576837e-01
    3          1.616773076875866e-01
    4          1.238312170343434e-01
    5          8.545463571247779e-02
    6          5.087865071785282e-02
    7          3.079740507449972e-02
    8          1.957201614861305e-02
    9          1.238256305070251e-02
   10          8.114591084108887e-03
   11          5.363901829996132e-03
   12          3.379697342389798e-03
   13          2.252296634049034e-03
   14          1.396514483930032e-03
   15          8.153231829889086e-04
   16          4.506255673732309e-04
   17          2.664708809873970e-04
   18          1.514264987876082e-04
   19          7.357427129338798e-05
   20          3.151463174830462e-05
   21          1.504931579395694e-05
   22          7.960400519885915e-06
   23          5.087758946587477e-06
   24          3.444362112364455e-06
   25          2.490714796609888e-06
   26          1.665650635135622e-06
   27          1.080449205434114e-06
   28          7.635959639989650e-07
   29          5.754775832745036e-07
   30          4.579285261101962e-07
   31          3.625897117181399e-07
   32          2.770130013232666e-07
   33          1.990392236946532e-07
   34          1.379362790277962e-07
   35          9.976993927042840e-08
   36          7.524795760160402e-08
   37          5.515253606615890e-08
   38          3.609445079658486e-08
   39          2.088566330888941e-08
   40          1.212483262668215e-08
   41          7.591181532653563e-09
   42          4.245857142295534e-09
   43          2.161505423456063e-09
   44          1.074839595946567e-09
   45          5.270157387936435e-10
   46          2.595005835858141e-10
   47          1.248712295768149e-10
 ------------------------------------- 


 Final ||Ax - b|| norm =  0.000000000061069
 Final energy = 11011.637287229270441

 Bond dimension before truncation: 6
 Bond dimension after truncation: 6

 MICROITERATION NUMBER = 12  , backward sweep
 - Left boundaries taken from index: 10
 - Right boundaries taken from index: 11


 Initial ||Ax - b|| norm =  0.999998716999729

 ------------------------------------- 
 Iteration  | Rel. error estimate      
 ------------------------------------- 
    0          9.999987169997291e-01
    1          4.947698069999513e-01
    2          2.418597569923009e-01
    3          1.527969073559702e-01
    4          1.176048331321473e-01
    5          9.609469564312974e-02
    6          7.544061331054311e-02
    7          5.353041772737391e-02
    8          4.025151849613524e-02
    9          2.726620722983804e-02
   10          2.098477820375434e-02
   11          1.491965436111193e-02
   12          1.031424806753795e-02
   13          7.113952455482760e-03
   14          4.672211005140975e-03
   15          2.926763537773633e-03
   16          1.738056121152995e-03
   17          1.017370502828296e-03
   18          5.415416933249650e-04
   19          2.807238873510046e-04
   20          1.645374475908048e-04
   21          1.051189967332110e-04
   22          6.354920995500509e-05
   23          3.914730647257444e-05
   24          2.457333340431024e-05
   25          1.689167663413066e-05
   26          1.254601679426292e-05
   27          9.417017836327557e-06
   28          6.591646626072382e-06
   29          4.305410466466187e-06
   30          2.550865017466038e-06
   31          1.597731865542092e-06
   32          9.834890819459963e-07
   33          5.797995022056633e-07
   34          3.383215615537433e-07
   35          1.893408731328248e-07
   36          1.040406858796491e-07
   37          6.256627323888389e-08
   38          3.943980166064033e-08
   39          2.331113864229891e-08
   40          1.188832541298778e-08
   41          5.744855817710651e-09
   42          3.147011839987669e-09
   43          1.787090878029789e-09
   44          9.575270090556741e-10
   45          4.893612596817314e-10
   46          2.512005475591095e-10
   47          1.299215171087806e-10
 ------------------------------------- 


 Final ||Ax - b|| norm =  0.000000000068748
 Final energy = 11011.637287229308640

 Bond dimension before truncation: 36
 Bond dimension after truncation: 36

 MICROITERATION NUMBER = 13  , backward sweep
 - Left boundaries taken from index: 9
 - Right boundaries taken from index: 10


 Initial ||Ax - b|| norm =  0.999998876749388

 ------------------------------------- 
 Iteration  | Rel. error estimate      
 ------------------------------------- 
    0          9.999988767493877e-01
    1          6.563484250051780e-01
    2          3.430387517059910e-01
    3          2.219513142204732e-01
    4          1.649744149179240e-01
    5          1.349439245469402e-01
    6          1.145428936032874e-01
    7          9.704637206033592e-02
    8          7.983238680010155e-02
    9          6.355700408394195e-02
   10          5.056776653194325e-02
   11          4.057399121903789e-02
   12          3.215154424985678e-02
   13          2.617508283992749e-02
   14          2.048673530979051e-02
   15          1.567049871843652e-02
   16          1.173037145385525e-02
   17          8.798685794734295e-03
   18          6.766046894583675e-03
   19          5.280179765517656e-03
   20          3.970376782496783e-03
   21          3.076978485313248e-03
   22          2.441581919369140e-03
   23          1.857645080553785e-03
   24          1.449537665754824e-03
   25          1.184777928248735e-03
   26          9.997954531574605e-04
   27          8.733823787837331e-04
   28          7.310861587680771e-04
   29          5.905441458711456e-04
   30          4.610599712030868e-04
   31          3.583780452512244e-04
   32          2.594240374789739e-04
   33          1.805068695298570e-04
   34          1.213755920002658e-04
   35          7.893031052807949e-05
   36          5.254927275814237e-05
   37          3.531584329302006e-05
   38          2.469568251277262e-05
   39          1.777294587987258e-05
   40          1.247934353236965e-05
   41          9.280887299784900e-06
   42          7.339268236829702e-06
   43          5.756266473832349e-06
   44          4.429141567433713e-06
   45          3.404005149021576e-06
   46          2.668022822893833e-06
   47          2.128048190213308e-06
   48          1.699263726692667e-06
 ------------------------------------- 


 Final ||Ax - b|| norm =  0.000001367570044
 Final energy = 11011.637055047996910

 Bond dimension before truncation: 216
 Bond dimension after truncation: 51

 MICROITERATION NUMBER = 14  , backward sweep
 - Left boundaries taken from index: 8
 - Right boundaries taken from index: 9


 Initial ||Ax - b|| norm =  0.999999109185205

 ------------------------------------- 
 Iteration  | Rel. error estimate      
 ------------------------------------- 
    0          9.999991091852045e-01
    1          7.438530011967464e-01
    2          3.969631962775235e-01
    3          2.175933789258094e-01
    4          1.456224834264627e-01
    5          1.100938998569861e-01
    6          8.679916028533131e-02
    7          6.780296169108123e-02
    8          5.133443023216804e-02
    9          3.867546279915649e-02
   10          2.894755545214207e-02
   11          2.181738701410089e-02
   12          1.553247849519875e-02
   13          1.112176824356377e-02
   14          8.070939811514570e-03
   15          5.581614020136414e-03
   16          3.857292507027897e-03
   17          2.703800955668591e-03
   18          1.924136116329107e-03
   19          1.449495427150059e-03
   20          1.152627656869941e-03
   21          9.341256706905741e-04
   22          7.235492339410149e-04
   23          5.096433059590136e-04
   24          3.329667136087119e-04
   25          2.077186322772385e-04
   26          1.275556059360242e-04
   27          7.838561617066724e-05
   28          4.943959363344173e-05
   29          3.135174223219012e-05
   30          2.004197936904737e-05
   31          1.318876109952729e-05
   32          8.551191785865228e-06
   33          5.491385313370502e-06
   34          3.717136985167451e-06
   35          2.692716700265775e-06
   36          2.041883283684715e-06
   37          1.551985065650599e-06
   38          1.136921011203401e-06
   39          8.072574634154447e-07
   40          5.587415828973839e-07
   41          3.809025580198985e-07
   42          2.620156091028211e-07
   43          1.870117623137862e-07
   44          1.298949425188231e-07
   45          8.659041631800531e-08
   46          5.732040983245069e-08
   47          3.701775614381654e-08
   48          2.326560965206848e-08
 ------------------------------------- 


 Final ||Ax - b|| norm =  0.000000014418641
 Final energy = 11011.635132645518752

 Bond dimension before truncation: 306
 Bond dimension after truncation: 51

 MICROITERATION NUMBER = 15  , backward sweep
 - Left boundaries taken from index: 7
 - Right boundaries taken from index: 8


 Initial ||Ax - b|| norm =  0.999999341242352

 ------------------------------------- 
 Iteration  | Rel. error estimate      
 ------------------------------------- 
    0          9.999993412423520e-01
    1          7.695542403385520e-01
    2          3.634990827087803e-01
    3          1.611376047973301e-01
    4          1.044042160386820e-01
    5          7.614187353122222e-02
    6          5.327754494684033e-02
    7          3.707110320729470e-02
    8          2.583763009202380e-02
    9          1.734770213753402e-02
   10          1.114628223804729e-02
   11          7.206673818369829e-03
   12          4.320597954484889e-03
   13          2.786472955441630e-03
   14          1.793178115715273e-03
   15          1.315119947232140e-03
   16          9.827137589277567e-04
   17          7.013308265912309e-04
   18          4.476805593363284e-04
   19          2.427695251512053e-04
   20          1.365952791518491e-04
   21          7.339166880040658e-05
   22          4.258434599877782e-05
   23          2.421500528818887e-05
   24          1.347767506473904e-05
   25          7.865342136639370e-06
   26          4.949495402674681e-06
   27          3.322380628702200e-06
   28          2.277210686874799e-06
   29          1.485764055007754e-06
   30          8.797461057626646e-07
   31          5.196515725749514e-07
   32          3.204181608436243e-07
   33          2.009646298170040e-07
   34          1.298413970415151e-07
   35          8.377817545362637e-08
   36          5.410675693521765e-08
   37          3.429594974514582e-08
   38          2.058256807425332e-08
   39          1.253987199758380e-08
   40          8.083619603334278e-09
   41          5.363890773555789e-09
   42          3.523383464692308e-09
   43          2.342794241325901e-09
   44          1.496340963885118e-09
   45          9.182238720858543e-10
   46          5.422076011932618e-10
   47          3.171024640019863e-10
   48          1.782378376913419e-10
 ------------------------------------- 


 Final ||Ax - b|| norm =  0.000000000095373
 Final energy = 11011.635112105292137

 Bond dimension before truncation: 306
 Bond dimension after truncation: 51

 MICROITERATION NUMBER = 16  , backward sweep
 - Left boundaries taken from index: 6
 - Right boundaries taken from index: 7


 Initial ||Ax - b|| norm =  0.999999633163258

 ------------------------------------- 
 Iteration  | Rel. error estimate      
 ------------------------------------- 
    0          9.999996331632581e-01
    1          6.749671543894995e-01
    2          2.920429600205540e-01
    3          1.450865567685335e-01
    4          9.648600766731921e-02
    5          6.804002286364282e-02
    6          4.772371465741013e-02
    7          3.206929120733248e-02
    8          2.138049827515291e-02
    9          1.383920675295786e-02
   10          8.428106005630235e-03
   11          5.063446987185929e-03
   12          3.086927614808918e-03
   13          1.955108937452076e-03
   14          1.384986632838569e-03
   15          1.017017676494049e-03
   16          6.966903786877894e-04
   17          4.137118444305388e-04
   18          2.134268442259643e-04
   19          1.098678177307944e-04
   20          6.057476519139943e-05
   21          3.262744257931326e-05
   22          1.742279401401526e-05
   23          9.749500103972808e-06
   24          5.628364433180374e-06
   25          3.421958861408243e-06
   26          2.208707962445768e-06
   27          1.392685554074178e-06
   28          8.628107246912121e-07
   29          5.145601596234846e-07
   30          3.018869147300710e-07
   31          1.813462024099974e-07
   32          1.156382575363061e-07
   33          7.622060011952668e-08
   34          4.820904083733615e-08
   35          2.825801236708733e-08
   36          1.584573439031351e-08
   37          9.134931785522915e-09
   38          5.712219926664896e-09
   39          3.708759374847752e-09
   40          2.340261316394262e-09
   41          1.461642610505694e-09
   42          9.012144462453399e-10
   43          5.299316643007236e-10
   44          2.992859726487471e-10
   45          1.641479513699607e-10
 ------------------------------------- 


 Final ||Ax - b|| norm =  0.000000000087328
 Final energy = 11011.641552487188164

 Bond dimension before truncation: 306
 Bond dimension after truncation: 51

 MICROITERATION NUMBER = 17  , backward sweep
 - Left boundaries taken from index: 5
 - Right boundaries taken from index: 6


 Initial ||Ax - b|| norm =  0.999999854991660

 ------------------------------------- 
 Iteration  | Rel. error estimate      
 ------------------------------------- 
    0          9.999998549916603e-01
    1          5.616755301350541e-01
    2          2.401254901518888e-01
    3          1.257499904386689e-01
    4          8.546597238586967e-02
    5          5.719430502235069e-02
    6          3.728574998708904e-02
    7          2.481641112846998e-02
    8          1.582315793811963e-02
    9          9.949837438803106e-03
   10          6.091923274681826e-03
   11          3.664522415532211e-03
   12          2.301561821697752e-03
   13          1.607710386445348e-03
   14          1.175712618709166e-03
   15          8.119406218267160e-04
   16          4.653936077987839e-04
   17          2.410216566036651e-04
   18          1.222832751781696e-04
   19          6.454577415549181e-05
   20          3.519460088880829e-05
   21          1.886123808744714e-05
   22          1.105069893511017e-05
   23          6.834737895498406e-06
   24          4.100099540761939e-06
   25          2.638152095756217e-06
   26          1.683704540741570e-06
   27          1.043853509051926e-06
   28          6.015622806390987e-07
   29          3.491479297286173e-07
   30          2.085895699049478e-07
   31          1.352142728833656e-07
   32          8.918007824465954e-08
   33          5.591274398980398e-08
   34          3.288852492138838e-08
   35          1.815200199659013e-08
   36          1.023297643418479e-08
   37          6.042323002954748e-09
   38          3.602122299082220e-09
   39          2.157009733733270e-09
   40          1.302960222825276e-09
   41          7.699969278933939e-10
   42          4.535040669087427e-10
   43          2.631118324230010e-10
   44          1.531520891832562e-10
 ------------------------------------- 


 Final ||Ax - b|| norm =  0.000000000087148
 Final energy = 11011.646278411901221

 Bond dimension before truncation: 306
 Bond dimension after truncation: 51

 MICROITERATION NUMBER = 18  , backward sweep
 - Left boundaries taken from index: 4
 - Right boundaries taken from index: 5


 Initial ||Ax - b|| norm =  0.999999960885809

 ------------------------------------- 
 Iteration  | Rel. error estimate      
 ------------------------------------- 
    0          9.999999608858090e-01
    1          5.062587597991048e-01
    2          2.183330945450491e-01
    3          1.205640665961149e-01
    4          8.028578835650893e-02
    5          5.283400366299473e-02
    6          3.440306838164693e-02
    7          2.177611227649261e-02
    8          1.363626749958780e-02
    9          8.602278749576243e-03
   10          5.065897981540817e-03
   11          2.954208891980343e-03
   12          1.904012823787366e-03
   13          1.332979575918319e-03
   14          9.485053292887917e-04
   15          6.202893363237625e-04
   16          3.407419850315928e-04
   17          1.671117138664116e-04
   18          8.251526609897500e-05
   19          4.339501526223543e-05
   20          2.272511274640079e-05
   21          1.217557875532772e-05
   22          6.847617720014589e-06
   23          4.117299764741465e-06
   24          2.710330672595348e-06
   25          1.725685176620963e-06
   26          1.074958501473054e-06
   27          6.579414922598160e-07
   28          3.756473838254446e-07
   29          2.208085585011720e-07
   30          1.317260770391920e-07
   31          8.501031659867545e-08
   32          5.282432075045669e-08
   33          3.250941467134108e-08
   34          1.850406687656155e-08
   35          1.063382590431754e-08
   36          6.194330257224524e-09
   37          3.563659437701307e-09
   38          1.977490269968229e-09
   39          1.102139022957411e-09
   40          6.198064709822467e-10
   41          3.536984999872686e-10
   42          2.045711514774086e-10
   43          1.206576100567518e-10
 ------------------------------------- 


 Final ||Ax - b|| norm =  0.000000000073860
 Final energy = 11011.648383946963804

 Bond dimension before truncation: 306
 Bond dimension after truncation: 51

 MICROITERATION NUMBER = 19  , backward sweep
 - Left boundaries taken from index: 3
 - Right boundaries taken from index: 4


 Initial ||Ax - b|| norm =  0.999999987829418

 ------------------------------------- 
 Iteration  | Rel. error estimate      
 ------------------------------------- 
    0          9.999999878294177e-01
    1          4.796306370924178e-01
    2          2.062496142947278e-01
    3          1.189261329241356e-01
    4          8.002017622857992e-02
    5          5.235471434836861e-02
    6          3.412839709360656e-02
    7          2.124159452993972e-02
    8          1.313361992068925e-02
    9          8.215421373749410e-03
   10          4.613898444561604e-03
   11          2.704238024149836e-03
   12          1.754382620153721e-03
   13          1.221017443904671e-03
   14          8.202484893934151e-04
   15          4.812633821962369e-04
   16          2.411822618474469e-04
   17          1.095767282898934e-04
   18          5.323802845501574e-05
   19          2.721614241284554e-05
   20          1.452001165678841e-05
   21          7.604790061813740e-06
   22          4.609126166804235e-06
   23          2.969307786080585e-06
   24          1.926195290123238e-06
   25          1.161480895306356e-06
   26          6.578097744984914e-07
   27          3.537989857851742e-07
   28          2.003366907723663e-07
   29          1.164421900540258e-07
   30          7.110967722943520e-08
   31          4.290632264313395e-08
   32          2.511906548700050e-08
   33          1.472960541881419e-08
   34          8.734974023109784e-09
   35          4.799503816663102e-09
   36          2.529818605882065e-09
   37          1.306619646371344e-09
   38          6.905391985571655e-10
   39          3.802524497791985e-10
   40          2.221252311447736e-10
   41          1.362412699248115e-10
 ------------------------------------- 


 Final ||Ax - b|| norm =  0.000000000083435
 Final energy = 11011.649431465355519

 Bond dimension before truncation: 306
 Bond dimension after truncation: 51

 MICROITERATION NUMBER = 20  , backward sweep
 - Left boundaries taken from index: 2
 - Right boundaries taken from index: 3


 Initial ||Ax - b|| norm =  0.999999978704446

 ------------------------------------- 
 Iteration  | Rel. error estimate      
 ------------------------------------- 
    0          9.999999787044465e-01
    1          1.883319346787173e-01
    2          1.109237966976329e-01
    3          7.086991822666572e-02
    4          4.295123168384173e-02
    5          2.802783879700160e-02
    6          1.698324207941459e-02
    7          1.022307531432447e-02
    8          6.301135908886166e-03
    9          3.470369867062500e-03
   10          2.078274839328182e-03
   11          1.538521876124554e-03
   12          1.056126458849372e-03
   13          5.901363710304709e-04
   14          3.226449990590092e-04
   15          1.655400295548607e-04
   16          8.416587575121686e-05
   17          4.712698891816743e-05
   18          2.573646218062737e-05
   19          1.441630441268621e-05
   20          8.387875256951642e-06
   21          4.669525614624828e-06
   22          2.537165940326736e-06
   23          1.559328015591907e-06
   24          1.045540839380124e-06
   25          6.658255872185215e-07
   26          3.835152071361163e-07
   27          2.131686407958587e-07
   28          1.057399091207178e-07
   29          5.225690934527245e-08
   30          2.971285534439494e-08
   31          1.751358478512361e-08
   32          1.100094139835781e-08
   33          6.916456378049581e-09
   34          4.039878638275850e-09
   35          2.210183814107049e-09
   36          1.116263521656085e-09
   37          5.922145606611552e-10
   38          2.902311790247034e-10
   39          1.366360994477952e-10
 ------------------------------------- 


 Final ||Ax - b|| norm =  0.000000000072777
 Final energy = 11011.652645882662910

 Bond dimension before truncation: 306
 Bond dimension after truncation: 51

 MICROITERATION NUMBER = 21  , backward sweep
 - Left boundaries taken from index: 1
 - Right boundaries taken from index: 2


 Initial ||Ax - b|| norm =  0.999999978356927

 ------------------------------------- 
 Iteration  | Rel. error estimate      
 ------------------------------------- 
    0          9.999999783569266e-01
    1          1.845933476864201e-01
    2          1.012845013936329e-01
    3          4.985849676964441e-02
    4          3.078688515141883e-02
    5          1.545878878573789e-02
    6          9.696400076960840e-03
    7          4.825390783118408e-03
    8          2.532955689405973e-03
    9          1.786885484718725e-03
   10          1.117679133132456e-03
   11          6.471392868292515e-04
   12          3.337430028888365e-04
   13          1.438022628201573e-04
   14          7.578228080018890e-05
   15          3.978117352115251e-05
   16          2.216010252107965e-05
   17          1.203098750851455e-05
   18          6.127099630078830e-06
   19          3.487647132635490e-06
   20          1.962724469583457e-06
   21          1.227716858209187e-06
   22          6.956601948961207e-07
   23          4.046586001802386e-07
   24          1.825273697519030e-07
   25          8.614666722561827e-08
   26          4.915363196256268e-08
   27          2.928347439642737e-08
   28          1.719533497431842e-08
   29          8.877464341862992e-09
   30          4.479896478973342e-09
   31          2.223351836752129e-09
   32          9.951371532919305e-10
   33          4.362566228397454e-10
   34          2.196577917247636e-10
   35          1.288938141597353e-10
 ------------------------------------- 


 Final ||Ax - b|| norm =  0.000000000078724
 Final energy = 11011.652659254366881

 Bond dimension before truncation: 306
 Bond dimension after truncation: 51


 -------------------
   SWEEP NUMBER 4
 -------------------
 - Noise parameter: 0.0000000100
 - Maximum bond dimension: 50
 - Truncation parameter: 0.0000000000

 MICROITERATION NUMBER = 0  , forward sweep
 - Left boundaries taken from index: 0
 - Right boundaries taken from index: 1


 Initial ||Ax - b|| norm =  0.999999977798400

 ------------------------------------- 
 Iteration  | Rel. error estimate      
 ------------------------------------- 
    0          9.999999777983996e-01
    1          1.846326020046210e-01
    2          1.006435722477003e-01
    3          4.863908370597073e-02
    4          2.693266924695345e-02
    5          1.426813027693955e-02
    6          7.418813338800894e-03
    7          2.997858679870499e-03
    8          2.018324971910409e-03
    9          1.280806174348289e-03
   10          6.765945993712762e-04
   11          2.576207974805360e-04
   12          1.156544422416367e-04
   13          5.826792195390089e-05
   14          2.733018638565873e-05
   15          1.245502032776993e-05
   16          6.827783152971991e-06
   17          3.194659472634760e-06
   18          1.882239199298722e-06
   19          1.065297703148671e-06
   20          5.918137476840241e-07
   21          2.263323770209974e-07
   22          1.001038423981745e-07
   23          5.068261869720260e-08
   24          2.886354065169311e-08
   25          1.487108069049889e-08
   26          7.465575391130922e-09
   27          3.686887105477431e-09
   28          1.537172052738871e-09
   29          6.381220109486024e-10
   30          2.845723915268309e-10
   31          1.555508039776941e-10
 ------------------------------------- 


 Final ||Ax - b|| norm =  0.000000000080549
 Final energy = 11011.652659262825182

 Bond dimension before truncation: 6
 Bond dimension after truncation: 6

 MICROITERATION NUMBER = 1  , forward sweep
 - Left boundaries taken from index: 1
 - Right boundaries taken from index: 2


 Initial ||Ax - b|| norm =  0.999999978356927

 ------------------------------------- 
 Iteration  | Rel. error estimate      
 ------------------------------------- 
    0          9.999999783569266e-01
    1          1.845933476862655e-01
    2          1.012845013935445e-01
    3          4.985849676959805e-02
    4          3.078688515139388e-02
    5          1.545878878572872e-02
    6          9.696400076955955e-03
    7          4.825390783116256e-03
    8          2.532955689405639e-03
    9          1.786885484718560e-03
   10          1.117679133132072e-03
   11          6.471392868288280e-04
   12          3.337430028885371e-04
   13          1.438022628199473e-04
   14          7.578228080003252e-05
   15          3.978117352102599e-05
   16          2.216010252097719e-05
   17          1.203098750843637e-05
   18          6.127099630014731e-06
   19          3.487647132584596e-06
   20          1.962724469545475e-06
   21          1.227716858185298e-06
   22          6.956601948848784e-07
   23          4.046586001755894e-07
   24          1.825273697505221e-07
   25          8.614666722497689e-08
   26          4.915363196216923e-08
   27          2.928347439620478e-08
   28          1.719533497421667e-08
   29          8.877464341829920e-09
   30          4.479896478962281e-09
   31          2.223351836748734e-09
   32          9.951371532919531e-10
   33          4.362566228418317e-10
   34          2.196577917270937e-10
   35          1.288938141594967e-10
 ------------------------------------- 


 Final ||Ax - b|| norm =  0.000000000078725
 Final energy = 11011.652659254370519

 Bond dimension before truncation: 36
 Bond dimension after truncation: 36

 MICROITERATION NUMBER = 2  , forward sweep
 - Left boundaries taken from index: 2
 - Right boundaries taken from index: 3


 Initial ||Ax - b|| norm =  0.999999978704447

 ------------------------------------- 
 Iteration  | Rel. error estimate      
 ------------------------------------- 
    0          9.999999787044471e-01
    1          1.883319346782985e-01
    2          1.109237966973728e-01
    3          7.086991822649376e-02
    4          4.295123168373825e-02
    5          2.802783879693753e-02
    6          1.698324207937750e-02
    7          1.022307531430340e-02
    8          6.301135908873386e-03
    9          3.470369867055740e-03
   10          2.078274839324376e-03
   11          1.538521876121756e-03
   12          1.056126458847286e-03
   13          5.901363710291183e-04
   14          3.226449990581936e-04
   15          1.655400295543969e-04
   16          8.416587575093540e-05
   17          4.712698891797395e-05
   18          2.573646218049575e-05
   19          1.441630441258838e-05
   20          8.387875256875313e-06
   21          4.669525614565448e-06
   22          2.537165940279112e-06
   23          1.559328015553817e-06
   24          1.045540839353212e-06
   25          6.658255872045134e-07
   26          3.835152071304150e-07
   27          2.131686407937267e-07
   28          1.057399091199682e-07
   29          5.225690934493115e-08
   30          2.971285534419710e-08
   31          1.751358478500005e-08
   32          1.100094139826537e-08
   33          6.916456377874181e-09
   34          4.039878637879444e-09
   35          2.210183813100652e-09
   36          1.116263519583894e-09
   37          5.922145581066086e-10
   38          2.902311766061144e-10
   39          1.366360989877442e-10
 ------------------------------------- 


 Final ||Ax - b|| norm =  0.000000000072780
 Final energy = 11011.652645882752040

 Bond dimension before truncation: 216
 Bond dimension after truncation: 51

 MICROITERATION NUMBER = 3  , forward sweep
 - Left boundaries taken from index: 3
 - Right boundaries taken from index: 4


 Initial ||Ax - b|| norm =  0.999999987829419

 ------------------------------------- 
 Iteration  | Rel. error estimate      
 ------------------------------------- 
    0          9.999999878294195e-01
    1          4.796306266138491e-01
    2          2.062496069875242e-01
    3          1.189261306218103e-01
    4          8.002017639748576e-02
    5          5.235471546721495e-02
    6          3.412839946878004e-02
    7          2.124159772480011e-02
    8          1.313362257164860e-02
    9          8.215422906836436e-03
   10          4.613899268857728e-03
   11          2.704238430443099e-03
   12          1.754382736946397e-03
   13          1.221017493825031e-03
   14          8.202484848897821e-04
   15          4.812633310435637e-04
   16          2.411822626001436e-04
   17          1.095767440400294e-04
   18          5.323803518211536e-05
   19          2.721614475724388e-05
   20          1.452001389609452e-05
   21          7.604791098156844e-06
   22          4.609126727394986e-06
   23          2.969308011829099e-06
   24          1.926195422906210e-06
   25          1.161480819000139e-06
   26          6.578097281396858e-07
   27          3.537989727098603e-07
   28          2.003366388548887e-07
   29          1.164421179505972e-07
   30          7.110963548567025e-08
   31          4.290629309196496e-08
   32          2.511904685048556e-08
   33          1.472959687945862e-08
   34          8.734970656131155e-09
   35          4.799502887299326e-09
   36          2.529819322683365e-09
   37          1.306621135359265e-09
   38          6.905410055747857e-10
   39          3.802548360886989e-10
   40          2.221276830664301e-10
   41          1.362440902175574e-10
 ------------------------------------- 


 Final ||Ax - b|| norm =  0.000000000083423
 Final energy = 11011.649431465597445

 Bond dimension before truncation: 306
 Bond dimension after truncation: 51

 MICROITERATION NUMBER = 4  , forward sweep
 - Left boundaries taken from index: 4
 - Right boundaries taken from index: 5


 Initial ||Ax - b|| norm =  0.999999960885968

 ------------------------------------- 
 Iteration  | Rel. error estimate      
 ------------------------------------- 
    0          9.999999608859677e-01
    1          5.062588296970770e-01
    2          2.183331510628030e-01
    3          1.205640916526564e-01
    4          8.028581566168709e-02
    5          5.283401405419506e-02
    6          3.440307011054789e-02
    7          2.177611689745397e-02
    8          1.363626944958651e-02
    9          8.602281034448938e-03
   10          5.065900978244177e-03
   11          2.954211478212855e-03
   12          1.904013884321676e-03
   13          1.332980160520201e-03
   14          9.485056321298271e-04
   15          6.202891020201429e-04
   16          3.407416431078221e-04
   17          1.671114708282632e-04
   18          8.251510931148482e-05
   19          4.339494460850041e-05
   20          2.272509794274273e-05
   21          1.217557722281920e-05
   22          6.847619607186466e-06
   23          4.117300829070847e-06
   24          2.710331733030882e-06
   25          1.725685518398261e-06
   26          1.074958484512982e-06
   27          6.579411555800990e-07
   28          3.756473252562827e-07
   29          2.208086072843557e-07
   30          1.317262065529349e-07
   31          8.501037799382396e-08
   32          5.282435254590494e-08
   33          3.250943671084442e-08
   34          1.850408245025251e-08
   35          1.063383284954299e-08
   36          6.194337335094468e-09
   37          3.563665094448482e-09
   38          1.977494201788740e-09
   39          1.102140705717553e-09
   40          6.198072917816031e-10
   41          3.536989962844904e-10
   42          2.045713564020002e-10
   43          1.206577419125058e-10
 ------------------------------------- 


 Final ||Ax - b|| norm =  0.000000000073845
 Final energy = 11011.648383947391267

 Bond dimension before truncation: 306
 Bond dimension after truncation: 51

 MICROITERATION NUMBER = 5  , forward sweep
 - Left boundaries taken from index: 5
 - Right boundaries taken from index: 6


 Initial ||Ax - b|| norm =  0.999999854991712

 ------------------------------------- 
 Iteration  | Rel. error estimate      
 ------------------------------------- 
    0          9.999998549917115e-01
    1          5.616754750682694e-01
    2          2.401254801964321e-01
    3          1.257499755978267e-01
    4          8.546596121318105e-02
    5          5.719430263149750e-02
    6          3.728574773761117e-02
    7          2.481640572336340e-02
    8          1.582315471610901e-02
    9          9.949836983009056e-03
   10          6.091924390927407e-03
   11          3.664522408178741e-03
   12          2.301561526690512e-03
   13          1.607710410488651e-03
   14          1.175712458836227e-03
   15          8.119402421838062e-04
   16          4.653932654892869e-04
   17          2.410215033684076e-04
   18          1.222831447166890e-04
   19          6.454568971337788e-05
   20          3.519454446406000e-05
   21          1.886120921672633e-05
   22          1.105068427826219e-05
   23          6.834733524113995e-06
   24          4.100098468543715e-06
   25          2.638151531525020e-06
   26          1.683704726308325e-06
   27          1.043853127657543e-06
   28          6.015617842183254e-07
   29          3.491477908495799e-07
   30          2.085897377493061e-07
   31          1.352144210266924e-07
   32          8.918027754407697e-08
   33          5.591305936968244e-08
   34          3.288885573706874e-08
   35          1.815223302910521e-08
   36          1.023310555880481e-08
   37          6.042383895251760e-09
   38          3.602153496291975e-09
   39          2.157025864615683e-09
   40          1.302966923493548e-09
   41          7.699987968791293e-10
   42          4.535044496672387e-10
   43          2.631118668129292e-10
   44          1.531520496230177e-10
 ------------------------------------- 


 Final ||Ax - b|| norm =  0.000000000087164
 Final energy = 11011.646278415977577

 Bond dimension before truncation: 306
 Bond dimension after truncation: 51

 MICROITERATION NUMBER = 6  , forward sweep
 - Left boundaries taken from index: 6
 - Right boundaries taken from index: 7


 Initial ||Ax - b|| norm =  0.999999633163488

 ------------------------------------- 
 Iteration  | Rel. error estimate      
 ------------------------------------- 
    0          9.999996331634875e-01
    1          6.749677699559122e-01
    2          2.920433850695219e-01
    3          1.450867658176110e-01
    4          9.648610053492772e-02
    5          6.804009028901932e-02
    6          4.772378984810441e-02
    7          3.206934330179880e-02
    8          2.138054758504673e-02
    9          1.383924568868982e-02
   10          8.428131382371999e-03
   11          5.063453671138013e-03
   12          3.086928195094722e-03
   13          1.955111201360086e-03
   14          1.384987730320618e-03
   15          1.017017605979146e-03
   16          6.966910106027016e-04
   17          4.137124242635395e-04
   18          2.134269014257189e-04
   19          1.098679024911416e-04
   20          6.057500226462793e-05
   21          3.262761845790468e-05
   22          1.742282187197406e-05
   23          9.749524730291999e-06
   24          5.628368058707904e-06
   25          3.421964131598509e-06
   26          2.208711926159611e-06
   27          1.392685603106436e-06
   28          8.628098228773660e-07
   29          5.145595105525944e-07
   30          3.018857197970747e-07
   31          1.813457390645796e-07
   32          1.156382210259911e-07
   33          7.622051717322088e-08
   34          4.820908246366821e-08
   35          2.825808066284860e-08
   36          1.584581303579114e-08
   37          9.134971113112007e-09
   38          5.712218990128388e-09
   39          3.708754461182475e-09
   40          2.340254875978519e-09
   41          1.461634015608877e-09
   42          9.012094419704031e-10
   43          5.299304369090127e-10
   44          2.992863903161361e-10
   45          1.641503007742054e-10
 ------------------------------------- 


 Final ||Ax - b|| norm =  0.000000000087331
 Final energy = 11011.641552439881707

 Bond dimension before truncation: 306
 Bond dimension after truncation: 51

 MICROITERATION NUMBER = 7  , forward sweep
 - Left boundaries taken from index: 7
 - Right boundaries taken from index: 8


 Initial ||Ax - b|| norm =  0.999999341244483

 ------------------------------------- 
 Iteration  | Rel. error estimate      
 ------------------------------------- 
    0          9.999993412444831e-01
    1          7.695544669821720e-01
    2          3.634993506410626e-01
    3          1.611377359578170e-01
    4          1.044043237602041e-01
    5          7.614192059317812e-02
    6          5.327758441247863e-02
    7          3.707115386676348e-02
    8          2.583767068925688e-02
    9          1.734774952847414e-02
   10          1.114633719237168e-02
   11          7.206700921294652e-03
   12          4.320618312402510e-03
   13          2.786481425546454e-03
   14          1.793179657789950e-03
   15          1.315121211975128e-03
   16          9.827151542950328e-04
   17          7.013323652490109e-04
   18          4.476809045421283e-04
   19          2.427691075233551e-04
   20          1.365946028543163e-04
   21          7.339119870337286e-05
   22          4.258434956782800e-05
   23          2.421520931102231e-05
   24          1.347789320763021e-05
   25          7.865489430308808e-06
   26          4.949572981399885e-06
   27          3.322427902652000e-06
   28          2.277232639590451e-06
   29          1.485774590804360e-06
   30          8.797541402728530e-07
   31          5.196560821640108e-07
   32          3.204198007939714e-07
   33          2.009634549103695e-07
   34          1.298397211392516e-07
   35          8.377726226914626e-08
   36          5.410646387274352e-08
   37          3.429589543805485e-08
   38          2.058243630442052e-08
   39          1.253973931320702e-08
   40          8.083518294912449e-09
   41          5.363836083509162e-09
   42          3.523379021395433e-09
   43          2.342799994283139e-09
   44          1.496336072690695e-09
   45          9.182107440857441e-10
   46          5.421968399358436e-10
   47          3.170981329549938e-10
   48          1.782384263301689e-10
 ------------------------------------- 


 Final ||Ax - b|| norm =  0.000000000095361
 Final energy = 11011.635111953783053

 Bond dimension before truncation: 306
 Bond dimension after truncation: 51

 MICROITERATION NUMBER = 8  , forward sweep
 - Left boundaries taken from index: 8
 - Right boundaries taken from index: 9


 Initial ||Ax - b|| norm =  0.999999109185423

 ------------------------------------- 
 Iteration  | Rel. error estimate      
 ------------------------------------- 
    0          9.999991091854229e-01
    1          7.438528948624222e-01
    2          3.969630742291669e-01
    3          2.175934138372350e-01
    4          1.456225667676277e-01
    5          1.100939793233080e-01
    6          8.679922329436965e-02
    7          6.780300299789044e-02
    8          5.133445636352126e-02
    9          3.867547808553762e-02
   10          2.894756213995952e-02
   11          2.181738111240724e-02
   12          1.553246083202222e-02
   13          1.112175366850847e-02
   14          8.070929968981925e-03
   15          5.581607730833221e-03
   16          3.857288019484304e-03
   17          2.703795675108521e-03
   18          1.924130912855443e-03
   19          1.449490989676483e-03
   20          1.152624191777367e-03
   21          9.341232742397877e-04
   22          7.235478340645635e-04
   23          5.096423794664807e-04
   24          3.329661219577477e-04
   25          2.077182241098199e-04
   26          1.275552581684669e-04
   27          7.838534144704448e-05
   28          4.943938470603305e-05
   29          3.135157157584076e-05
   30          2.004187196204629e-05
   31          1.318871374566602e-05
   32          8.551182472948957e-06
   33          5.491389909959599e-06
   34          3.717138400024915e-06
   35          2.692716253151071e-06
   36          2.041882358576077e-06
   37          1.551983683308275e-06
   38          1.136920564876147e-06
   39          8.072584822172367e-07
   40          5.587429709606122e-07
   41          3.809035272238935e-07
   42          2.620162133768893e-07
   43          1.870120782603406e-07
   44          1.298949439915169e-07
   45          8.659028523640460e-08
   46          5.732031528433793e-08
   47          3.701771340668189e-08
   48          2.326563250219448e-08
 ------------------------------------- 


 Final ||Ax - b|| norm =  0.000000014418662
 Final energy = 11011.635132498129678

 Bond dimension before truncation: 306
 Bond dimension after truncation: 51

 MICROITERATION NUMBER = 9  , forward sweep
 - Left boundaries taken from index: 9
 - Right boundaries taken from index: 10


 Initial ||Ax - b|| norm =  0.999998876749886

 ------------------------------------- 
 Iteration  | Rel. error estimate      
 ------------------------------------- 
    0          9.999988767498863e-01
    1          6.563483224448894e-01
    2          3.430388466515383e-01
    3          2.219514558107906e-01
    4          1.649745369021756e-01
    5          1.349440206601638e-01
    6          1.145429680210962e-01
    7          9.704643279984947e-02
    8          7.983244414816563e-02
    9          6.355705941247393e-02
   10          5.056781396564614e-02
   11          4.057402826358179e-02
   12          3.215157199132526e-02
   13          2.617510524007267e-02
   14          2.048675285956332e-02
   15          1.567050984461686e-02
   16          1.173037755558526e-02
   17          8.798690453094967e-03
   18          6.766051894398071e-03
   19          5.280184240556767e-03
   20          3.970378641222893e-03
   21          3.076970109141370e-03
   22          2.441574448029489e-03
   23          1.857643812876610e-03
   24          1.449537506540025e-03
   25          1.184778650030612e-03
   26          9.997977929227058e-04
   27          8.733876580956701e-04
   28          7.311113862175793e-04
   29          5.907047683619292e-04
   30          4.616081453502635e-04
   31          3.588840347061138e-04
   32          2.594965657909753e-04
   33          1.805120861258893e-04
   34          1.213760220875689e-04
   35          7.893037351714493e-05
   36          5.254931364784706e-05
   37          3.531589493118703e-05
   38          2.469572513310635e-05
   39          1.777299849198878e-05
   40          1.247981805791349e-05
   41          9.283274146342110e-06
   42          7.341250207693843e-06
   43          5.756516389826920e-06
   44          4.429152285968220e-06
   45          3.404001626473287e-06
   46          2.668022944467380e-06
   47          2.128050820098008e-06
   48          1.699265104851382e-06
 ------------------------------------- 


 Final ||Ax - b|| norm =  0.000001367568816
 Final energy = 11011.637054898692440

 Bond dimension before truncation: 306
 Bond dimension after truncation: 51

 MICROITERATION NUMBER = 10  , forward sweep
 - Left boundaries taken from index: 10
 - Right boundaries taken from index: 11


 Initial ||Ax - b|| norm =  0.999998717000176

 ------------------------------------- 
 Iteration  | Rel. error estimate      
 ------------------------------------- 
    0          9.999987170001762e-01
    1          4.947697367751536e-01
    2          2.418599591299969e-01
    3          1.527970652438722e-01
    4          1.176049107600619e-01
    5          9.609474761739137e-02
    6          7.544068014210338e-02
    7          5.353048540862694e-02
    8          4.025156453942876e-02
    9          2.726623233117468e-02
   10          2.098479154054450e-02
   11          1.491965499036353e-02
   12          1.031424855602420e-02
   13          7.113954752479783e-03
   14          4.672215034641419e-03
   15          2.926767338006871e-03
   16          1.738058527296653e-03
   17          1.017371477548068e-03
   18          5.415416559132858e-04
   19          2.807231991177116e-04
   20          1.645366025861548e-04
   21          1.051182865526649e-04
   22          6.354865034557157e-05
   23          3.914684512395080e-05
   24          2.457291586573510e-05
   25          1.689132929363688e-05
   26          1.254575502252747e-05
   27          9.416817576610304e-06
   28          6.591531369829632e-06
   29          4.305354143553109e-06
   30          2.550841921942155e-06
   31          1.597720308051125e-06
   32          9.834801026396003e-07
   33          5.797921979889911e-07
   34          3.383161083579365e-07
   35          1.893372702475264e-07
   36          1.040380313037643e-07
   37          6.256441254126321e-08
   38          3.943874620769550e-08
   39          2.331078369850652e-08
   40          1.188845986242433e-08
   41          5.745551406459577e-09
   42          3.148524152925436e-09
   43          1.788337932141743e-09
   44          9.577190713963688e-10
   45          4.894131287663527e-10
   46          2.512181291764045e-10
   47          1.299216589894999e-10
 ------------------------------------- 


 Final ||Ax - b|| norm =  0.000000000068744
 Final energy = 11011.637287079814996

 Bond dimension before truncation: 306
 Bond dimension after truncation: 51

 MICROITERATION NUMBER = 11  , forward sweep
 - Left boundaries taken from index: 11
 - Right boundaries taken from index: 12


 Initial ||Ax - b|| norm =  0.999998713953706

 ------------------------------------- 
 Iteration  | Rel. error estimate      
 ------------------------------------- 
    0          9.999987139537061e-01
    1          4.482027871492152e-01
    2          2.352293686751174e-01
    3          1.622317973114174e-01
    4          1.246169841917706e-01
    5          8.511498360528437e-02
    6          5.061103827861991e-02
    7          3.073680394119424e-02
    8          1.976637497136943e-02
    9          1.299152255220652e-02
   10          8.600492101325328e-03
   11          5.708437018250218e-03
   12          3.647771397604306e-03
   13          2.449012403803000e-03
   14          1.504895180328324e-03
   15          8.417324073761985e-04
   16          4.355578405910650e-04
   17          2.481553565300682e-04
   18          1.456332315675250e-04
   19          7.692409900286217e-05
   20          3.699894500547902e-05
   21          2.002954801089614e-05
   22          1.283622025258196e-05
   23          9.507651428308913e-06
   24          6.851736791256859e-06
   25          4.790008049212039e-06
   26          2.742617857498940e-06
   27          1.516847405816874e-06
   28          9.437979524921928e-07
   29          6.165320449991326e-07
   30          4.150814442006418e-07
   31          2.745585164257102e-07
   32          1.773566786753346e-07
   33          1.138542690211085e-07
   34          7.864483194351000e-08
   35          5.932792202507255e-08
   36          4.863811945106583e-08
   37          3.970046895136983e-08
   38          2.997573259932820e-08
   39          1.952910597358078e-08
   40          1.217903717323151e-08
   41          6.957381534288320e-09
   42          3.655483042893838e-09
   43          1.839682555164985e-09
   44          8.389866571651049e-10
   45          4.202483346990206e-10
   46          2.184398923847187e-10
   47          1.118716280133627e-10
 ------------------------------------- 


 Final ||Ax - b|| norm =  0.000000000055961
 Final energy = 11011.637287079809539

 Bond dimension before truncation: 6
 Bond dimension after truncation: 6

 MICROITERATION NUMBER = 12  , backward sweep
 - Left boundaries taken from index: 10
 - Right boundaries taken from index: 11


 Initial ||Ax - b|| norm =  0.999998717000176

 ------------------------------------- 
 Iteration  | Rel. error estimate      
 ------------------------------------- 
    0          9.999987170001763e-01
    1          4.947697367750625e-01
    2          2.418599591299346e-01
    3          1.527970652438215e-01
    4          1.176049107600183e-01
    5          9.609474761735888e-02
    6          7.544068014208460e-02
    7          5.353048540861530e-02
    8          4.025156453941614e-02
    9          2.726623233116132e-02
   10          2.098479154053393e-02
   11          1.491965499035769e-02
   12          1.031424855602061e-02
   13          7.113954752476442e-03
   14          4.672215034638392e-03
   15          2.926767338004756e-03
   16          1.738058527295429e-03
   17          1.017371477547433e-03
   18          5.415416559129974e-04
   19          2.807231991175815e-04
   20          1.645366025860840e-04
   21          1.051182865526257e-04
   22          6.354865034553694e-05
   23          3.914684512388902e-05
   24          2.457291586554335e-05
   25          1.689132929305334e-05
   26          1.254575502164334e-05
   27          9.416817576459540e-06
   28          6.591531369819134e-06
   29          4.305354143549866e-06
   30          2.550841921886750e-06
   31          1.597720307950915e-06
   32          9.834801026053541e-07
   33          5.797921979846124e-07
   34          3.383161083574810e-07
   35          1.893372702475362e-07
   36          1.040380313038039e-07
   37          6.256441254127932e-08
   38          3.943874620769889e-08
   39          2.331078369849336e-08
   40          1.188845986238316e-08
   41          5.745551406387309e-09
   42          3.148524152849814e-09
   43          1.788337932127256e-09
   44          9.577190713901189e-10
   45          4.894131287306761e-10
   46          2.512181291412622e-10
   47          1.299216589886824e-10
 ------------------------------------- 


 Final ||Ax - b|| norm =  0.000000000068742
 Final energy = 11011.637287079824091

 Bond dimension before truncation: 36
 Bond dimension after truncation: 36

 MICROITERATION NUMBER = 13  , backward sweep
 - Left boundaries taken from index: 9
 - Right boundaries taken from index: 10


 Initial ||Ax - b|| norm =  0.999998876749887

 ------------------------------------- 
 Iteration  | Rel. error estimate      
 ------------------------------------- 
    0          9.999988767498870e-01
    1          6.563483224446031e-01
    2          3.430388466512581e-01
    3          2.219514558105866e-01
    4          1.649745369020087e-01
    5          1.349440206600258e-01
    6          1.145429680209836e-01
    7          9.704643279976247e-02
    8          7.983244414810041e-02
    9          6.355705941242214e-02
   10          5.056781396560094e-02
   11          4.057402826354149e-02
   12          3.215157199129017e-02
   13          2.617510524004367e-02
   14          2.048675285954114e-02
   15          1.567050984460040e-02
   16          1.173037755557278e-02
   17          8.798690453084760e-03
   18          6.766051894388592e-03
   19          5.280184240543165e-03
   20          3.970378641180084e-03
   21          3.076970108951313e-03
   22          2.441574447886138e-03
   23          1.857643812843912e-03
   24          1.449537506529451e-03
   25          1.184778650029489e-03
   26          9.997977929265412e-04
   27          8.733876581062234e-04
   28          7.311113862738387e-04
   29          5.907047687290707e-04
   30          4.616081465948871e-04
   31          3.588840358314007e-04
   32          2.594965659500624e-04
   33          1.805120861369601e-04
   34          1.213760220882753e-04
   35          7.893037351721601e-05
   36          5.254931364827212e-05
   37          3.531589493266374e-05
   38          2.469572513578599e-05
   39          1.777299849647279e-05
   40          1.247981808441097e-05
   41          9.283274271509954e-06
   42          7.341250311093536e-06
   43          5.756516403541797e-06
   44          4.429152287067930e-06
   45          3.404001626611729e-06
   46          2.668022944586624e-06
   47          2.128050820235847e-06
   48          1.699265104977713e-06
 ------------------------------------- 


 Final ||Ax - b|| norm =  0.000001367568811
 Final energy = 11011.637054898694259

 Bond dimension before truncation: 216
 Bond dimension after truncation: 51

 MICROITERATION NUMBER = 14  , backward sweep
 - Left boundaries taken from index: 8
 - Right boundaries taken from index: 9


 Initial ||Ax - b|| norm =  0.999999109185424

 ------------------------------------- 
 Iteration  | Rel. error estimate      
 ------------------------------------- 
    0          9.999991091854245e-01
    1          7.438528966323955e-01
    2          3.969630737267213e-01
    3          2.175934147971007e-01
    4          1.456225668454371e-01
    5          1.100939786644870e-01
    6          8.679922254545314e-02
    7          6.780300206242078e-02
    8          5.133445550731595e-02
    9          3.867547729928109e-02
   10          2.894756134713630e-02
   11          2.181738055472404e-02
   12          1.553246034688739e-02
   13          1.112175315542054e-02
   14          8.070929601044908e-03
   15          5.581607356916892e-03
   16          3.857287709125990e-03
   17          2.703795549331253e-03
   18          1.924130788107678e-03
   19          1.449490905347013e-03
   20          1.152624127790776e-03
   21          9.341232237643623e-04
   22          7.235477752810583e-04
   23          5.096423151624774e-04
   24          3.329660824599060e-04
   25          2.077181961409683e-04
   26          1.275552350409831e-04
   27          7.838532881947375e-05
   28          4.943937663033029e-05
   29          3.135156591490279e-05
   30          2.004186864790125e-05
   31          1.318871192546849e-05
   32          8.551181162308887e-06
   33          5.491388715982659e-06
   34          3.717137827668857e-06
   35          2.692715915130970e-06
   36          2.041882108506694e-06
   37          1.551983518992663e-06
   38          1.136920421939850e-06
   39          8.072583544478028e-07
   40          5.587428652524256e-07
   41          3.809034530524842e-07
   42          2.620161740978263e-07
   43          1.870120431678823e-07
   44          1.298949164886800e-07
   45          8.659026988121468e-08
   46          5.732030410989590e-08
   47          3.701770437609089e-08
   48          2.326562441809501e-08
 ------------------------------------- 


 Final ||Ax - b|| norm =  0.000000014418648
 Final energy = 11011.635132498106032

 Bond dimension before truncation: 306
 Bond dimension after truncation: 51

 MICROITERATION NUMBER = 15  , backward sweep
 - Left boundaries taken from index: 7
 - Right boundaries taken from index: 8


 Initial ||Ax - b|| norm =  0.999999341244482

 ------------------------------------- 
 Iteration  | Rel. error estimate      
 ------------------------------------- 
    0          9.999993412444820e-01
    1          7.695544425012266e-01
    2          3.634992281400840e-01
    3          1.611376959076846e-01
    4          1.044043050375082e-01
    5          7.614190379440910e-02
    6          5.327756765389857e-02
    7          3.707114205908166e-02
    8          2.583766106116041e-02
    9          1.734774105415827e-02
   10          1.114633181146670e-02
   11          7.206696372371878e-03
   12          4.320615348844926e-03
   13          2.786479608711187e-03
   14          1.793178484122950e-03
   15          1.315120584690568e-03
   16          9.827145851464914e-04
   17          7.013318331506198e-04
   18          4.476803705716781e-04
   19          2.427687800660639e-04
   20          1.365944150995328e-04
   21          7.339109561399567e-05
   22          4.258429389973725e-05
   23          2.421517336298861e-05
   24          1.347787113582697e-05
   25          7.865478001727440e-06
   26          4.949566438516024e-06
   27          3.322424100349072e-06
   28          2.277229808027106e-06
   29          1.485772241622141e-06
   30          8.797524138164206e-07
   31          5.196551552437894e-07
   32          3.204192193519915e-07
   33          2.009631320839349e-07
   34          1.298395140777984e-07
   35          8.377713678320336e-08
   36          5.410637725041419e-08
   37          3.429583912805384e-08
   38          2.058239832286059e-08
   39          1.253971954817440e-08
   40          8.083506023540771e-09
   41          5.363827462694960e-09
   42          3.523372984402972e-09
   43          2.342795581652709e-09
   44          1.496332814093517e-09
   45          9.182084378765269e-10
   46          5.421953612013857e-10
   47          3.170972263194966e-10
   48          1.782378548632287e-10
 ------------------------------------- 


 Final ||Ax - b|| norm =  0.000000000095377
 Final energy = 11011.635111953995875

 Bond dimension before truncation: 306
 Bond dimension after truncation: 51

 MICROITERATION NUMBER = 16  , backward sweep
 - Left boundaries taken from index: 6
 - Right boundaries taken from index: 7


 Initial ||Ax - b|| norm =  0.999999633162984

 ------------------------------------- 
 Iteration  | Rel. error estimate      
 ------------------------------------- 
    0          9.999996331629843e-01
    1          6.749680875574824e-01
    2          2.920436578636307e-01
    3          1.450868935600185e-01
    4          9.648615627684520e-02
    5          6.804014739798907e-02
    6          4.772384606747386e-02
    7          3.206937492278172e-02
    8          2.138058082662958e-02
    9          1.383926936539505e-02
   10          8.428146026820923e-03
   11          5.063466044322228e-03
   12          3.086935898596677e-03
   13          1.955114995297458e-03
   14          1.384990168327297e-03
   15          1.017019279350318e-03
   16          6.966929358843312e-04
   17          4.137138571151618e-04
   18          2.134278066460942e-04
   19          1.098683742963337e-04
   20          6.057525470735446e-05
   21          3.262778333293436e-05
   22          1.742289437192700e-05
   23          9.749564196658604e-06
   24          5.628391661542704e-06
   25          3.421975803976753e-06
   26          2.208720386249946e-06
   27          1.392691330989183e-06
   28          8.628133084628840e-07
   29          5.145620047742126e-07
   30          3.018872066369484e-07
   31          1.813466453426354e-07
   32          1.156387528319189e-07
   33          7.622088226055144e-08
   34          4.820937996915033e-08
   35          2.825826033740525e-08
   36          1.584593606413076e-08
   37          9.135031725550154e-09
   38          5.712250994072843e-09
   39          3.708777159516258e-09
   40          2.340268394995270e-09
   41          1.461643387744691e-09
   42          9.012157623219282e-10
   43          5.299354885155024e-10
   44          2.992909214650443e-10
   45          1.641550704851760e-10
 ------------------------------------- 


 Final ||Ax - b|| norm =  0.000000000087342
 Final energy = 11011.641552437873543

 Bond dimension before truncation: 306
 Bond dimension after truncation: 51

 MICROITERATION NUMBER = 17  , backward sweep
 - Left boundaries taken from index: 5
 - Right boundaries taken from index: 6


 Initial ||Ax - b|| norm =  0.999999854990569

 ------------------------------------- 
 Iteration  | Rel. error estimate      
 ------------------------------------- 
    0          9.999998549905690e-01
    1          5.616760528824827e-01
    2          2.401262463264074e-01
    3          1.257504004021072e-01
    4          8.546621008015601e-02
    5          5.719449270782741e-02
    6          3.728590827617311e-02
    7          2.481653077803851e-02
    8          1.582324686887479e-02
    9          9.949904660235973e-03
   10          6.091965946170705e-03
   11          3.664551123291322e-03
   12          2.301578968026514e-03
   13          1.607719127955250e-03
   14          1.175719106427784e-03
   15          8.119463291872271e-04
   16          4.653981061204289e-04
   17          2.410252424786191e-04
   18          1.222850560984008e-04
   19          6.454669707009888e-05
   20          3.519528249699327e-05
   21          1.886163099321411e-05
   22          1.105089170203338e-05
   23          6.834862154726549e-06
   24          4.100161006344368e-06
   25          2.638188141191076e-06
   26          1.683728451373134e-06
   27          1.043872186452040e-06
   28          6.015740687857511e-07
   29          3.491542224612572e-07
   30          2.085934060916876e-07
   31          1.352164025554728e-07
   32          8.918159375807313e-08
   33          5.591393432901339e-08
   34          3.288943310313162e-08
   35          1.815258549826337e-08
   36          1.023325881886096e-08
   37          6.042481439832054e-09
   38          3.602230120484721e-09
   39          2.157068130856085e-09
   40          1.302996337013552e-09
   41          7.700188875942316e-10
   42          4.535172447422051e-10
   43          2.631195133508152e-10
   44          1.531568287369517e-10
 ------------------------------------- 


 Final ||Ax - b|| norm =  0.000000000087162
 Final energy = 11011.646278450110913

 Bond dimension before truncation: 306
 Bond dimension after truncation: 51

 MICROITERATION NUMBER = 18  , backward sweep
 - Left boundaries taken from index: 4
 - Right boundaries taken from index: 5


 Initial ||Ax - b|| norm =  0.999999960884347

 ------------------------------------- 
 Iteration  | Rel. error estimate      
 ------------------------------------- 
    0          9.999999608843466e-01
    1          5.062588831009903e-01
    2          2.183332704236683e-01
    3          1.205641083520935e-01
    4          8.028579233622168e-02
    5          5.283397791491026e-02
    6          3.440304034731956e-02
    7          2.177609604620343e-02
    8          1.363625745622369e-02
    9          8.602272843637142e-03
   10          5.065894002422810e-03
   11          2.954208393994144e-03
   12          1.904011897098879e-03
   13          1.332978481794739e-03
   14          9.485045516192833e-04
   15          6.202890993589088e-04
   16          3.407414161962988e-04
   17          1.671116771872936e-04
   18          8.251537788180040e-05
   19          4.339503449142411e-05
   20          2.272512626315799e-05
   21          1.217558883243960e-05
   22          6.847620053369548e-06
   23          4.117296159333342e-06
   24          2.710327049972437e-06
   25          1.725682559600070e-06
   26          1.074957280374281e-06
   27          6.579404337888678e-07
   28          3.756467688753835e-07
   29          2.208080857368555e-07
   30          1.317259330154998e-07
   31          8.501032212462917e-08
   32          5.282429421793030e-08
   33          3.250938576728915e-08
   34          1.850409479567341e-08
   35          1.063383486214403e-08
   36          6.194336732094751e-09
   37          3.563665767147238e-09
   38          1.977488505885697e-09
   39          1.102135485435388e-09
   40          6.198051856064699e-10
   41          3.536980392036660e-10
   42          2.045706802907056e-10
   43          1.206574366567796e-10
 ------------------------------------- 


 Final ||Ax - b|| norm =  0.000000000073859
 Final energy = 11011.648383988298519

 Bond dimension before truncation: 306
 Bond dimension after truncation: 51

 MICROITERATION NUMBER = 19  , backward sweep
 - Left boundaries taken from index: 3
 - Right boundaries taken from index: 4


 Initial ||Ax - b|| norm =  0.999999987827665

 ------------------------------------- 
 Iteration  | Rel. error estimate      
 ------------------------------------- 
    0          9.999999878276651e-01
    1          4.796306071910980e-01
    2          2.062496474261093e-01
    3          1.189261353475489e-01
    4          8.002012619844272e-02
    5          5.235468122698324e-02
    6          3.412837913385593e-02
    7          2.124159618137806e-02
    8          1.313362430703230e-02
    9          8.215414783220229e-03
   10          4.613898322309602e-03
   11          2.704235675978424e-03
   12          1.754380967914081e-03
   13          1.221015653382493e-03
   14          8.202478955642520e-04
   15          4.812638815259220e-04
   16          2.411829320780418e-04
   17          1.095774951783350e-04
   18          5.323838016735090e-05
   19          2.721631990429589e-05
   20          1.452007306218499e-05
   21          7.604794985691241e-06
   22          4.609123481046273e-06
   23          2.969305199620580e-06
   24          1.926196022505376e-06
   25          1.161480214920502e-06
   26          6.578100719197085e-07
   27          3.537991983989723e-07
   28          2.003370833773202e-07
   29          1.164425237595822e-07
   30          7.110980626098221e-08
   31          4.290636824854525e-08
   32          2.511906901508326e-08
   33          1.472963308473020e-08
   34          8.734997173891698e-09
   35          4.799515057034144e-09
   36          2.529822702512639e-09
   37          1.306619646336467e-09
   38          6.905411823910376e-10
   39          3.802544852417342e-10
   40          2.221263448697025e-10
   41          1.362409808824127e-10
 ------------------------------------- 


 Final ||Ax - b|| norm =  0.000000000083404
 Final energy = 11011.649431511646981

 Bond dimension before truncation: 306
 Bond dimension after truncation: 51

 MICROITERATION NUMBER = 20  , backward sweep
 - Left boundaries taken from index: 2
 - Right boundaries taken from index: 3


 Initial ||Ax - b|| norm =  0.999999978702643

 ------------------------------------- 
 Iteration  | Rel. error estimate      
 ------------------------------------- 
    0          9.999999787026431e-01
    1          1.883317033680212e-01
    2          1.109237820698088e-01
    3          7.086973150635834e-02
    4          4.295121002093229e-02
    5          2.802782749187916e-02
    6          1.698322480565128e-02
    7          1.022307350199060e-02
    8          6.301123456832630e-03
    9          3.470367850012509e-03
   10          2.078274740899057e-03
   11          1.538519955667816e-03
   12          1.056125460566739e-03
   13          5.901377772783543e-04
   14          3.226465062516194e-04
   15          1.655414945462536e-04
   16          8.416639079706938e-05
   17          4.712721701545048e-05
   18          2.573662772192134e-05
   19          1.441642192973935e-05
   20          8.387945236169416e-06
   21          4.669555161619992e-06
   22          2.537181654948434e-06
   23          1.559323193648225e-06
   24          1.045536784489158e-06
   25          6.658268858645050e-07
   26          3.835165334549264e-07
   27          2.131686212231170e-07
   28          1.057396404364812e-07
   29          5.225690326046830e-08
   30          2.971264908243999e-08
   31          1.751351812107006e-08
   32          1.100092191134980e-08
   33          6.916398861748273e-09
   34          4.039777064916146e-09
   35          2.210006290124355e-09
   36          1.115943833597612e-09
   37          5.918109898032614e-10
   38          2.898361612603240e-10
   39          1.364856184053597e-10
 ------------------------------------- 


 Final ||Ax - b|| norm =  0.000000000072723
 Final energy = 11011.652645931115330

 Bond dimension before truncation: 306
 Bond dimension after truncation: 51

 MICROITERATION NUMBER = 21  , backward sweep
 - Left boundaries taken from index: 1
 - Right boundaries taken from index: 2


 Initial ||Ax - b|| norm =  0.999999978355103

 ------------------------------------- 
 Iteration  | Rel. error estimate      
 ------------------------------------- 
    0          9.999999783551031e-01
    1          1.845930578438511e-01
    2          1.012844876410998e-01
    3          4.985954108324298e-02
    4          3.078852848699395e-02
    5          1.545911368897810e-02
    6          9.696939840786347e-03
    7          4.825711197129802e-03
    8          2.533046030194335e-03
    9          1.786929626011948e-03
   10          1.117714490195638e-03
   11          6.471685047088050e-04
   12          3.337534682046152e-04
   13          1.438069783987614e-04
   14          7.578540425138212e-05
   15          3.978192339259863e-05
   16          2.216038132359761e-05
   17          1.203167513024349e-05
   18          6.127435396293250e-06
   19          3.487754655607141e-06
   20          1.962744502376997e-06
   21          1.227756697515171e-06
   22          6.957002904311350e-07
   23          4.046873455669996e-07
   24          1.825404859002729e-07
   25          8.615045675505098e-08
   26          4.915551311797251e-08
   27          2.928466391075155e-08
   28          1.719589578170075e-08
   29          8.877770276058577e-09
   30          4.480060841131508e-09
   31          2.223432851929842e-09
   32          9.952597676230081e-10
   33          4.364067022582454e-10
   34          2.198071726512242e-10
   35          1.289432671474342e-10
 ------------------------------------- 


 Final ||Ax - b|| norm =  0.000000000078748
 Final energy = 11011.652659302826578

 Bond dimension before truncation: 306
 Bond dimension after truncation: 51

 == RESULTS FOR THE 2-th iteration ==
 - Energy difference for iteration = 2 = 0.0016804687
 - MPS overlap with solution at previous iteration = 0.0072522475
 --> CONVERGENCE NOT REACHED, STARTS NEW ITERATION

+----------------------------------+
 NEW SwEEP-BASED SIMULATION STARTED
+----------------------------------+

 Simulation settings:
 - Simulation type: Linear system solver
 - Sweep-based modality: Single site
 - Maximum number of sweeps: 10

 -------------------
   SWEEP NUMBER 0
 -------------------
 - Noise parameter: 0.0000000100
 - Maximum bond dimension: 50
 - Truncation parameter: 0.0000000000

 MICROITERATION NUMBER = 0  , forward sweep
 - Left boundaries taken from index: 0
 - Right boundaries taken from index: 1


 Initial ||Ax - b|| norm =  0.999999999999999

 ------------------------------------- 
 Iteration  | Rel. error estimate      
 ------------------------------------- 
    0          9.999999999999994e-01
    1          9.110515471930170e-04
    2          4.992396537546167e-04
    3          2.779876533214370e-04
    4          1.594275497091784e-04
    5          8.092571960176372e-05
    6          4.513826491573314e-05
    7          2.224480602341154e-05
    8          1.418752920130038e-05
    9          8.195853026363908e-06
   10          3.545341042544287e-06
   11          1.427505397542329e-06
   12          6.215885067507219e-07
   13          3.273396938460888e-07
   14          1.490703987573425e-07
   15          7.575254613966440e-08
   16          3.776820981338169e-08
   17          2.026635930649774e-08
   18          1.089077627402500e-08
   19          6.122137019947948e-09
   20          2.880216747759186e-09
   21          1.083016082119117e-09
   22          5.392116940034925e-10
   23          3.056710226207230e-10
   24          1.688795935459015e-10
 ------------------------------------- 


 Final ||Ax - b|| norm =  0.000000000081256
 Final energy = 11011.652659252813464

 Bond dimension before truncation: 6
 Bond dimension after truncation: 6

 MICROITERATION NUMBER = 1  , forward sweep
 - Left boundaries taken from index: 1
 - Right boundaries taken from index: 2


 Initial ||Ax - b|| norm =  0.999999999999999

 ------------------------------------- 
 Iteration  | Rel. error estimate      
 ------------------------------------- 
    0          9.999999999999993e-01
    1          1.294124195341493e-03
    2          7.862381325844485e-04
    3          5.426505123289690e-04
    4          2.763185567635105e-04
    5          1.652296797444751e-04
    6          1.003243357603116e-04
    7          5.281543555873517e-05
    8          3.100222485862448e-05
    9          1.915366594579501e-05
   10          1.179673781295546e-05
   11          7.960092293044665e-06
   12          4.077757659442216e-06
   13          1.793770246504011e-06
   14          8.204468878573879e-07
   15          4.168454545095550e-07
   16          2.253139482262783e-07
   17          1.207079192931192e-07
   18          6.771808579778269e-08
   19          3.523475201844847e-08
   20          1.947214465613115e-08
   21          1.217279869474358e-08
   22          7.238950024976480e-09
   23          4.041207552217342e-09
   24          2.112209895370910e-09
   25          1.015924595685101e-09
   26          4.763870452338673e-10
   27          2.651361151035642e-10
   28          1.666351833311392e-10
 ------------------------------------- 


 Final ||Ax - b|| norm =  0.000000000090001
 Final energy = 11011.652659244327879

 Bond dimension before truncation: 36
 Bond dimension after truncation: 36

 MICROITERATION NUMBER = 2  , forward sweep
 - Left boundaries taken from index: 2
 - Right boundaries taken from index: 3


 Initial ||Ax - b|| norm =  1.000000000000000

 ------------------------------------- 
 Iteration  | Rel. error estimate      
 ------------------------------------- 
    0          1.000000000000000e+00
    1          3.437668328054049e-02
    2          8.908540487563942e-03
    3          3.260184022375846e-03
    4          1.348117346948194e-03
    5          7.058429654379692e-04
    6          4.609442719752216e-04
    7          3.234163680335779e-04
    8          2.236915314238331e-04
    9          1.377554126473157e-04
   10          7.718987512637960e-05
   11          4.190580881922585e-05
   12          2.615405053780961e-05
   13          1.752059475415277e-05
   14          1.131942093625330e-05
   15          6.997518378908162e-06
   16          4.122910037246099e-06
   17          2.387214880035032e-06
   18          1.325511789630497e-06
   19          6.610132554497434e-07
   20          3.175745915231501e-07
   21          1.616668101300602e-07
   22          8.933156554862378e-08
   23          5.247118000599008e-08
   24          3.311858253558687e-08
   25          2.093732578525958e-08
   26          1.288875607494158e-08
   27          7.439110086662059e-09
   28          4.163598912979152e-09
   29          2.276171606928319e-09
   30          1.252196859756554e-09
   31          7.300152292946388e-10
   32          4.565509123562633e-10
   33          2.720382668674757e-10
   34          1.567878987464131e-10
 ------------------------------------- 


 Final ||Ax - b|| norm =  0.000000000095173
 Final energy = 11011.652645872332869

 Bond dimension before truncation: 216
 Bond dimension after truncation: 51

 MICROITERATION NUMBER = 3  , forward sweep
 - Left boundaries taken from index: 3
 - Right boundaries taken from index: 4


 Initial ||Ax - b|| norm =  0.999999998816467

 ------------------------------------- 
 Iteration  | Rel. error estimate      
 ------------------------------------- 
    0          9.999999988164674e-01
    1          4.592033428755957e-01
    2          1.561934843220452e-01
    3          5.597163634896978e-02
    4          2.452299323036669e-02
    5          1.044805839679620e-02
    6          5.004454530225407e-03
    7          2.540731914623510e-03
    8          1.366156149226332e-03
    9          7.667686681504059e-04
   10          4.531488569078610e-04
   11          2.752539925067819e-04
   12          1.601298779865126e-04
   13          9.668767122974891e-05
   14          6.389708009955767e-05
   15          3.888717556340912e-05
   16          2.087595672169136e-05
   17          1.095328462422290e-05
   18          6.043289099521559e-06
   19          3.252138788466852e-06
   20          1.868841466310493e-06
   21          1.098829197801190e-06
   22          6.983386993420504e-07
   23          4.471719113952419e-07
   24          2.715895729024015e-07
   25          1.440658047942218e-07
   26          7.737882327798143e-08
   27          4.634410320566508e-08
   28          3.076089706597930e-08
   29          2.131554235776389e-08
   30          1.351147217793906e-08
   31          7.756067380187683e-09
   32          4.362413146741044e-09
   33          2.511993130630313e-09
   34          1.577739288099925e-09
   35          1.049125713862670e-09
   36          6.766968833161851e-10
   37          4.002101688469978e-10
   38          2.188167930344769e-10
   39          1.201370408939557e-10
 ------------------------------------- 


 Final ||Ax - b|| norm =  0.000000000063821
 Final energy = 11011.649431448664473

 Bond dimension before truncation: 306
 Bond dimension after truncation: 51

 MICROITERATION NUMBER = 4  , forward sweep
 - Left boundaries taken from index: 4
 - Right boundaries taken from index: 5


 Initial ||Ax - b|| norm =  0.999999970380636

 ------------------------------------- 
 Iteration  | Rel. error estimate      
 ------------------------------------- 
    0          9.999999703806363e-01
    1          4.882103835487258e-01
    2          1.721528535513063e-01
    3          6.040037695782782e-02
    4          2.621697671191327e-02
    5          1.141082765660647e-02
    6          5.601469442310107e-03
    7          3.016487705866775e-03
    8          1.595937710182225e-03
    9          8.986895014591751e-04
   10          5.460918913508647e-04
   11          3.417750674025287e-04
   12          2.167988293662473e-04
   13          1.425066202118127e-04
   14          9.369557320973572e-05
   15          5.703365497220236e-05
   16          3.086928046433008e-05
   17          1.729372474925450e-05
   18          1.021902270107677e-05
   19          6.415010971122969e-06
   20          4.179500503118121e-06
   21          2.690466988909211e-06
   22          1.741197161577057e-06
   23          1.154322808215806e-06
   24          7.624096391394525e-07
   25          4.733605762003793e-07
   26          2.740504952655099e-07
   27          1.710687025179840e-07
   28          1.121193752689707e-07
   29          7.587963806117083e-08
   30          4.642886287668260e-08
   31          2.692325164215040e-08
   32          1.496690313422820e-08
   33          8.442922737561246e-09
   34          4.687627521381409e-09
   35          2.726054632884445e-09
   36          1.669591735092960e-09
   37          1.080398880548648e-09
   38          6.802075330679807e-10
   39          4.074355919989295e-10
   40          2.355658218571721e-10
   41          1.383130248307844e-10
 ------------------------------------- 


 Final ||Ax - b|| norm =  0.000000000082364
 Final energy = 11011.648383923147776

 Bond dimension before truncation: 306
 Bond dimension after truncation: 51

 MICROITERATION NUMBER = 5  , forward sweep
 - Left boundaries taken from index: 5
 - Right boundaries taken from index: 6


 Initial ||Ax - b|| norm =  0.999999855327129

 ------------------------------------- 
 Iteration  | Rel. error estimate      
 ------------------------------------- 
    0          9.999998553271289e-01
    1          5.485320280777309e-01
    2          2.017403215595480e-01
    3          7.095847927181824e-02
    4          3.021601896298054e-02
    5          1.425447268669394e-02
    6          6.954882319365207e-03
    7          3.671334752046297e-03
    8          2.158635800019300e-03
    9          1.308332282910823e-03
   10          8.569673914076511e-04
   11          6.089435491856887e-04
   12          4.266577562995617e-04
   13          2.910766979930556e-04
   14          1.853149024508167e-04
   15          1.080329532329383e-04
   16          6.401913783489219e-05
   17          4.289527174080617e-05
   18          2.919483171133036e-05
   19          1.987237271652376e-05
   20          1.349228893713275e-05
   21          8.193711331082681e-06
   22          4.980765142309645e-06
   23          3.245897577560117e-06
   24          1.957717300035947e-06
   25          1.158877307598532e-06
   26          6.703862201948928e-07
   27          4.147636437986783e-07
   28          2.679945240802126e-07
   29          1.728192970247081e-07
   30          1.012014573038526e-07
   31          5.612250285852587e-08
   32          3.184542883144809e-08
   33          1.867825950734522e-08
   34          1.118159834147076e-08
   35          6.523057535825747e-09
   36          3.818623653312566e-09
   37          2.308533236731801e-09
   38          1.403478086212774e-09
   39          8.380732000801762e-10
   40          5.081322299733143e-10
   41          3.063206957405311e-10
   42          1.870082932472549e-10
   43          1.145299785631517e-10
 ------------------------------------- 


 Final ||Ax - b|| norm =  0.000000000071032
 Final energy = 11011.646278359059579

 Bond dimension before truncation: 306
 Bond dimension after truncation: 51

 MICROITERATION NUMBER = 6  , forward sweep
 - Left boundaries taken from index: 6
 - Right boundaries taken from index: 7


 Initial ||Ax - b|| norm =  0.999999634169006

 ------------------------------------- 
 Iteration  | Rel. error estimate      
 ------------------------------------- 
    0          9.999996341690057e-01
    1          6.688699800972496e-01
    2          2.613720450480725e-01
    3          9.392679618827990e-02
    4          4.030728173980150e-02
    5          1.970889879753033e-02
    6          1.065471006325711e-02
    7          5.832298432523619e-03
    8          3.340332430485126e-03
    9          2.012734092897484e-03
   10          1.314767040629426e-03
   11          9.199814461872229e-04
   12          6.580627162085129e-04
   13          4.547165269111967e-04
   14          3.009939970329317e-04
   15          1.891246335188571e-04
   16          1.110173646529216e-04
   17          6.806419970919710e-05
   18          4.518392278092199e-05
   19          3.071063949901605e-05
   20          2.115123003883500e-05
   21          1.393788213438938e-05
   22          8.640241510783057e-06
   23          5.364618078102752e-06
   24          3.264114408406466e-06
   25          1.872708997660270e-06
   26          1.074796011779908e-06
   27          6.369586370908538e-07
   28          4.167220375331067e-07
   29          2.815587855610435e-07
   30          1.784303411758720e-07
   31          1.014530941292961e-07
   32          5.567019827888022e-08
   33          3.200085715382249e-08
   34          1.885950044280148e-08
   35          1.105553142719273e-08
   36          6.484415466294516e-09
   37          3.786472428636318e-09
   38          2.330412375953540e-09
   39          1.493354938908911e-09
   40          9.570514207324424e-10
   41          6.210177030580305e-10
   42          4.055020076232661e-10
   43          2.566311920878717e-10
   44          1.550333388703829e-10
 ------------------------------------- 


 Final ||Ax - b|| norm =  0.000000000090196
 Final energy = 11011.641552407678319

 Bond dimension before truncation: 306
 Bond dimension after truncation: 51

 MICROITERATION NUMBER = 7  , forward sweep
 - Left boundaries taken from index: 7
 - Right boundaries taken from index: 8


 Initial ||Ax - b|| norm =  0.999999340870934

 ------------------------------------- 
 Iteration  | Rel. error estimate      
 ------------------------------------- 
    0          9.999993408709338e-01
    1          7.669275004038322e-01
    2          3.390154639238696e-01
    3          1.107927436920342e-01
    4          4.458130765623112e-02
    5          2.202737494369488e-02
    6          1.175261819389860e-02
    7          6.661614427739004e-03
    8          4.155230738886090e-03
    9          2.570271932032897e-03
   10          1.720871248383422e-03
   11          1.201253774271966e-03
   12          8.653427415130497e-04
   13          6.221917196600397e-04
   14          4.183249680459131e-04
   15          2.779519426026870e-04
   16          1.794201456856047e-04
   17          1.170977870456237e-04
   18          7.707247887287245e-05
   19          5.242647880622448e-05
   20          3.738169224567574e-05
   21          2.502576658939240e-05
   22          1.646269215058100e-05
   23          1.050958188059427e-05
   24          6.592350707431489e-06
   25          4.081998319533045e-06
   26          2.553071141282077e-06
   27          1.614366955796164e-06
   28          1.083059972614193e-06
   29          7.697532891201636e-07
   30          5.244951096508995e-07
   31          3.327970754248569e-07
   32          2.029666915285758e-07
   33          1.175517016991846e-07
   34          6.852945044955143e-08
   35          3.954434784946164e-08
   36          2.372452714194675e-08
   37          1.540119251495428e-08
   38          1.010132740601533e-08
   39          6.452663231657059e-09
   40          4.211888110595745e-09
   41          2.810679561559032e-09
   42          1.869935695014121e-09
   43          1.245091228598316e-09
   44          8.024436560064812e-10
   45          4.919455722267816e-10
   46          2.867397321631349e-10
   47          1.723320393196032e-10
   48          1.048014212783699e-10
 ------------------------------------- 


 Final ||Ax - b|| norm =  0.000000000061566
 Final energy = 11011.635111918487382

 Bond dimension before truncation: 306
 Bond dimension after truncation: 51

 MICROITERATION NUMBER = 8  , forward sweep
 - Left boundaries taken from index: 8
 - Right boundaries taken from index: 9


 Initial ||Ax - b|| norm =  0.999999116914120

 ------------------------------------- 
 Iteration  | Rel. error estimate      
 ------------------------------------- 
    0          9.999991169141198e-01
    1          7.403858813429989e-01
    2          3.749973694731968e-01
    3          1.758797778317071e-01
    4          8.976703371844846e-02
    5          4.727629668869644e-02
    6          2.544702997394886e-02
    7          1.498120743104388e-02
    8          9.445239021679900e-03
    9          6.143867177665586e-03
   10          4.174163549995502e-03
   11          3.018104119318254e-03
   12          2.148461979970130e-03
   13          1.588209595246760e-03
   14          1.221974958537956e-03
   15          9.570036394689773e-04
   16          7.473329374041503e-04
   17          5.556691368271309e-04
   18          4.000775257690648e-04
   19          2.798101958844048e-04
   20          1.953501918034367e-04
   21          1.354578777157821e-04
   22          9.892824008932292e-05
   23          7.448834850461756e-05
   24          5.592750079697792e-05
   25          4.234733445011800e-05
   26          3.280441530884543e-05
   27          2.491473751236992e-05
   28          1.848943496772729e-05
   29          1.308551202106875e-05
   30          8.665984411000416e-06
   31          5.775240536408454e-06
   32          3.908272850753640e-06
   33          2.616283350228475e-06
   34          1.709843839170594e-06
   35          1.116039275919733e-06
   36          7.490004292137525e-07
   37          5.188594266178723e-07
   38          3.724411552618048e-07
   39          2.824954819470566e-07
   40          2.179296497691470e-07
   41          1.619916473376059e-07
   42          1.137775117891802e-07
   43          8.242611272699628e-08
   44          6.008532750908092e-08
   45          4.237858870986142e-08
   46          2.936379139012171e-08
   47          1.996733897735727e-08
   48          1.329622287507519e-08
 ------------------------------------- 


 Final ||Ax - b|| norm =  0.000000008332477
 Final energy = 11011.635132451241589

 Bond dimension before truncation: 306
 Bond dimension after truncation: 51

 MICROITERATION NUMBER = 9  , forward sweep
 - Left boundaries taken from index: 9
 - Right boundaries taken from index: 10


 Initial ||Ax - b|| norm =  0.999998890096561

 ------------------------------------- 
 Iteration  | Rel. error estimate      
 ------------------------------------- 
    0          9.999988900965610e-01
    1          6.493551875487080e-01
    2          3.128811209853634e-01
    3          1.743976992191845e-01
    4          1.047742606058174e-01
    5          6.766342489829208e-02
    6          4.468790445174822e-02
    7          2.914484166780902e-02
    8          1.877051938403735e-02
    9          1.245351152066452e-02
   10          8.782527010764984e-03
   11          6.201431816300996e-03
   12          4.308150446139670e-03
   13          3.254960293835909e-03
   14          2.500774995200043e-03
   15          2.024409824714237e-03
   16          1.640469942913421e-03
   17          1.349448665248163e-03
   18          1.120521211063378e-03
   19          9.141769995779686e-04
   20          6.846143172537123e-04
   21          5.000899071646871e-04
   22          3.674445624262975e-04
   23          2.813325643281694e-04
   24          2.146636167992438e-04
   25          1.750347213233784e-04
   26          1.323513009785631e-04
   27          1.034896654212972e-04
   28          8.148575827798842e-05
   29          6.517219065404009e-05
   30          5.386891773173504e-05
   31          4.422185892642167e-05
   32          3.484761650283277e-05
   33          2.868354982976439e-05
   34          2.383712728081147e-05
   35          1.945982349878561e-05
   36          1.593034336882792e-05
   37          1.259765867251743e-05
   38          9.397164227991671e-06
   39          7.087954829197030e-06
   40          5.297256985677164e-06
   41          4.078425142452824e-06
   42          2.904910575234472e-06
   43          2.016334910513142e-06
   44          1.429597555625997e-06
   45          1.037730572127729e-06
   46          7.721091545699921e-07
   47          5.901112434326488e-07
   48          4.383374482506946e-07
 ------------------------------------- 


 Final ||Ax - b|| norm =  0.000000329624458
 Final energy = 11011.637054780641847

 Bond dimension before truncation: 306
 Bond dimension after truncation: 51

 MICROITERATION NUMBER = 10  , forward sweep
 - Left boundaries taken from index: 10
 - Right boundaries taken from index: 11


 Initial ||Ax - b|| norm =  0.999998777514125

 ------------------------------------- 
 Iteration  | Rel. error estimate      
 ------------------------------------- 
    0          9.999987775141246e-01
    1          4.788622045202099e-01
    2          1.971262689356844e-01
    3          8.670492024393793e-02
    4          4.200713551555527e-02
    5          2.179623558416748e-02
    6          1.209902494723437e-02
    7          7.031074499591204e-03
    8          4.695817065130120e-03
    9          3.096834822943468e-03
   10          2.248597651211608e-03
   11          1.631048369441770e-03
   12          1.251724135138882e-03
   13          9.577002375922603e-04
   14          6.844031366209685e-04
   15          4.628167741443732e-04
   16          2.947221909002323e-04
   17          2.086022451713568e-04
   18          1.559144969822892e-04
   19          1.134230919839495e-04
   20          8.113968603366339e-05
   21          5.924993561174621e-05
   22          4.202346263693237e-05
   23          2.798057856441343e-05
   24          1.640538859603407e-05
   25          9.567378572177131e-06
   26          5.835184524379774e-06
   27          3.987825585155685e-06
   28          2.600839667080362e-06
   29          1.730231641622453e-06
   30          1.141368385381185e-06
   31          7.409054617707455e-07
   32          4.446321314403141e-07
   33          2.664598696812356e-07
   34          1.642891955206461e-07
   35          9.232649076230982e-08
   36          5.466104932696260e-08
   37          3.448351580647103e-08
   38          2.129907701583379e-08
   39          1.300719026280482e-08
   40          7.581208553911379e-09
   41          4.131502456908155e-09
   42          2.329202842814913e-09
   43          1.182809842581378e-09
   44          6.172394730439771e-10
   45          3.032245918566128e-10
   46          1.510034871990972e-10
 ------------------------------------- 


 Final ||Ax - b|| norm =  0.000000000091079
 Final energy = 11011.637286933255382

 Bond dimension before truncation: 306
 Bond dimension after truncation: 51

 MICROITERATION NUMBER = 11  , forward sweep
 - Left boundaries taken from index: 11
 - Right boundaries taken from index: 12


 Initial ||Ax - b|| norm =  0.999998776871990

 ------------------------------------- 
 Iteration  | Rel. error estimate      
 ------------------------------------- 
    0          9.999987768719901e-01
    1          4.642358781413672e-01
    2          1.679176347170312e-01
    3          6.082166961374141e-02
    4          2.650089403935898e-02
    5          1.405092523285863e-02
    6          7.133004188114714e-03
    7          4.046399627369815e-03
    8          2.322779679711262e-03
    9          1.388118876304705e-03
   10          9.006192475087079e-04
   11          6.305876201631493e-04
   12          4.128513333003272e-04
   13          2.554888803753744e-04
   14          1.527753685657681e-04
   15          9.000137735303481e-05
   16          5.728933435333469e-05
   17          3.617524268493743e-05
   18          1.922898970390194e-05
   19          9.903456084748349e-06
   20          4.734997925135649e-06
   21          2.163225965011488e-06
   22          1.110130621946605e-06
   23          6.557447605777705e-07
   24          3.961935051840522e-07
   25          2.711250985660216e-07
   26          1.854562413054895e-07
   27          1.342285200019645e-07
   28          1.009943956777795e-07
   29          7.310758017015099e-08
   30          5.301355891115342e-08
   31          4.259134493582781e-08
   32          3.453573466463728e-08
   33          2.374857978751886e-08
   34          1.548107539702848e-08
   35          1.119631008482230e-08
   36          7.952295552141125e-09
   37          5.722440387201289e-09
   38          3.923430444378642e-09
   39          2.564195062136314e-09
   40          1.442024079464287e-09
   41          6.302493651149547e-10
   42          2.672616945317281e-10
   43          1.160133489920359e-10
 ------------------------------------- 


 Final ||Ax - b|| norm =  0.000000000048498
 Final energy = 11011.637286933255382

 Bond dimension before truncation: 6
 Bond dimension after truncation: 6

 MICROITERATION NUMBER = 12  , backward sweep
 - Left boundaries taken from index: 10
 - Right boundaries taken from index: 11


 Initial ||Ax - b|| norm =  0.999998777514124

 ------------------------------------- 
 Iteration  | Rel. error estimate      
 ------------------------------------- 
    0          9.999987775141245e-01
    1          4.788622045199716e-01
    2          1.971262689355589e-01
    3          8.670492024387848e-02
    4          4.200713551552469e-02
    5          2.179623558415045e-02
    6          1.209902494722439e-02
    7          7.031074499585420e-03
    8          4.695817065126321e-03
    9          3.096834822941153e-03
   10          2.248597651209987e-03
   11          1.631048369440605e-03
   12          1.251724135137995e-03
   13          9.577002375916097e-04
   14          6.844031366205366e-04
   15          4.628167741440798e-04
   16          2.947221909000064e-04
   17          2.086022451711730e-04
   18          1.559144969821545e-04
   19          1.134230919838645e-04
   20          8.113968603360695e-05
   21          5.924993561170161e-05
   22          4.202346263689669e-05
   23          2.798057856438828e-05
   24          1.640538859601955e-05
   25          9.567378572168520e-06
   26          5.835184524374206e-06
   27          3.987825585152856e-06
   28          2.600839667087253e-06
   29          1.730231641656804e-06
   30          1.141368385422096e-06
   31          7.409054617864100e-07
   32          4.446321314430140e-07
   33          2.664598696814228e-07
   34          1.642891955205516e-07
   35          9.232649076223061e-08
   36          5.466104932691880e-08
   37          3.448351580644840e-08
   38          2.129907701581635e-08
   39          1.300719026279485e-08
   40          7.581208553908082e-09
   41          4.131502456912943e-09
   42          2.329202842840199e-09
   43          1.182809842722206e-09
   44          6.172394737589296e-10
   45          3.032245955159724e-10
   46          1.510034972181611e-10
 ------------------------------------- 


 Final ||Ax - b|| norm =  0.000000000091076
 Final energy = 11011.637286933251744

 Bond dimension before truncation: 36
 Bond dimension after truncation: 36

 MICROITERATION NUMBER = 13  , backward sweep
 - Left boundaries taken from index: 9
 - Right boundaries taken from index: 10


 Initial ||Ax - b|| norm =  0.999998890096561

 ------------------------------------- 
 Iteration  | Rel. error estimate      
 ------------------------------------- 
    0          9.999988900965612e-01
    1          6.493551875485650e-01
    2          3.128811209852407e-01
    3          1.743976992191164e-01
    4          1.047742606057712e-01
    5          6.766342489826002e-02
    6          4.468790445172468e-02
    7          2.914484166779263e-02
    8          1.877051938402702e-02
    9          1.245351152065845e-02
   10          8.782527010761456e-03
   11          6.201431816299207e-03
   12          4.308150446138884e-03
   13          3.254960293835670e-03
   14          2.500774995199934e-03
   15          2.024409824714063e-03
   16          1.640469942913063e-03
   17          1.349448665247638e-03
   18          1.120521211062830e-03
   19          9.141769995775907e-04
   20          6.846143172543132e-04
   21          5.000899071714762e-04
   22          3.674445624638776e-04
   23          2.813325644398978e-04
   24          2.146636171593371e-04
   25          1.750347215385928e-04
   26          1.323513010015794e-04
   27          1.034896654233063e-04
   28          8.148575827563348e-05
   29          6.517219063801154e-05
   30          5.386891767156720e-05
   31          4.422185881880659e-05
   32          3.484761629102452e-05
   33          2.868354955598835e-05
   34          2.383712721749352e-05
   35          1.945982349114467e-05
   36          1.593034336807207e-05
   37          1.259765867236541e-05
   38          9.397164226957503e-06
   39          7.087954820085610e-06
   40          5.297256943957978e-06
   41          4.078425101682801e-06
   42          2.904910570590484e-06
   43          2.016334909931098e-06
   44          1.429597555128486e-06
   45          1.037730571467310e-06
   46          7.721091539505321e-07
   47          5.901112432858958e-07
   48          4.383374483642779e-07
 ------------------------------------- 


 Final ||Ax - b|| norm =  0.000000329624465
 Final energy = 11011.637054780650942

 Bond dimension before truncation: 216
 Bond dimension after truncation: 51

 MICROITERATION NUMBER = 14  , backward sweep
 - Left boundaries taken from index: 8
 - Right boundaries taken from index: 9


 Initial ||Ax - b|| norm =  0.999999116914119

 ------------------------------------- 
 Iteration  | Rel. error estimate      
 ------------------------------------- 
    0          9.999991169141195e-01
    1          7.403858859453752e-01
    2          3.749972707929398e-01
    3          1.758796651297898e-01
    4          8.976698960204639e-02
    5          4.727630394805623e-02
    6          2.544704667676251e-02
    7          1.498121738642783e-02
    8          9.445245364936029e-03
    9          6.143871915306237e-03
   10          4.174166969158989e-03
   11          3.018106715009554e-03
   12          2.148463935881591e-03
   13          1.588211155845542e-03
   14          1.221975970915682e-03
   15          9.570047675770084e-04
   16          7.473340012998525e-04
   17          5.556697938451523e-04
   18          4.000783295768030e-04
   19          2.798107187471706e-04
   20          1.953506743971278e-04
   21          1.354581334850492e-04
   22          9.892845945194819e-05
   23          7.448852318296347e-05
   24          5.592760580011429e-05
   25          4.234742046425663e-05
   26          3.280449816845465e-05
   27          2.491479897475795e-05
   28          1.848948608295969e-05
   29          1.308556511887825e-05
   30          8.666022345852387e-06
   31          5.775262397948027e-06
   32          3.908288257898757e-06
   33          2.616297283375558e-06
   34          1.709851992992356e-06
   35          1.116044937957968e-06
   36          7.490044481516325e-07
   37          5.188617085313879e-07
   38          3.724425233489089e-07
   39          2.824964955016365e-07
   40          2.179305829701321e-07
   41          1.619924256416273e-07
   42          1.137780453812983e-07
   43          8.242654368992349e-08
   44          6.008563435038619e-08
   45          4.237881052121912e-08
   46          2.936395594506387e-08
   47          1.996746646318710e-08
   48          1.329634951712273e-08
 ------------------------------------- 


 Final ||Ax - b|| norm =  0.000000008332511
 Final energy = 11011.635132452865946

 Bond dimension before truncation: 306
 Bond dimension after truncation: 51

 MICROITERATION NUMBER = 15  , backward sweep
 - Left boundaries taken from index: 7
 - Right boundaries taken from index: 8


 Initial ||Ax - b|| norm =  0.999999340870933

 ------------------------------------- 
 Iteration  | Rel. error estimate      
 ------------------------------------- 
    0          9.999993408709326e-01
    1          7.669275488793879e-01
    2          3.390153582300004e-01
    3          1.107928462563598e-01
    4          4.458134372379428e-02
    5          2.202738256797535e-02
    6          1.175263750420972e-02
    7          6.661620049978180e-03
    8          4.155235927763751e-03
    9          2.570274863522823e-03
   10          1.720873650385142e-03
   11          1.201256071243874e-03
   12          8.653440273728053e-04
   13          6.221928702780995e-04
   14          4.183258349486543e-04
   15          2.779526256018918e-04
   16          1.794206544282209e-04
   17          1.170980753592950e-04
   18          7.707268791355660e-05
   19          5.242661065088672e-05
   20          3.738178531996021e-05
   21          2.502583785811633e-05
   22          1.646274577501064e-05
   23          1.050962210436726e-05
   24          6.592379086324972e-06
   25          4.082017359852908e-06
   26          2.553086457969104e-06
   27          1.614377634076193e-06
   28          1.083065833165075e-06
   29          7.697565683727345e-07
   30          5.244979535331764e-07
   31          3.327989724588018e-07
   32          2.029679433184038e-07
   33          1.175524782499928e-07
   34          6.852988934900113e-08
   35          3.954459510897794e-08
   36          2.372465491395669e-08
   37          1.540125103155330e-08
   38          1.010137796140110e-08
   39          6.452692821121889e-09
   40          4.211907470669044e-09
   41          2.810691748937625e-09
   42          1.869943608293798e-09
   43          1.245097506957379e-09
   44          8.024480838735865e-10
   45          4.919489697744242e-10
   46          2.867418130839212e-10
   47          1.723332826118725e-10
   48          1.048022130319733e-10
 ------------------------------------- 


 Final ||Ax - b|| norm =  0.000000000061545
 Final energy = 11011.635111922427313

 Bond dimension before truncation: 306
 Bond dimension after truncation: 51

 MICROITERATION NUMBER = 16  , backward sweep
 - Left boundaries taken from index: 6
 - Right boundaries taken from index: 7


 Initial ||Ax - b|| norm =  0.999999634168994

 ------------------------------------- 
 Iteration  | Rel. error estimate      
 ------------------------------------- 
    0          9.999996341689937e-01
    1          6.688708615149157e-01
    2          2.613730679390032e-01
    3          9.392722870154241e-02
    4          4.030749287364584e-02
    5          1.970906290978254e-02
    6          1.065486568930403e-02
    7          5.832460423939352e-03
    8          3.340501461386384e-03
    9          2.012902511748601e-03
   10          1.314917289703575e-03
   11          9.200966051110397e-04
   12          6.581371631608797e-04
   13          4.547519459627120e-04
   14          3.010050182573231e-04
   15          1.891258984507972e-04
   16          1.110176632861245e-04
   17          6.806611451892030e-05
   18          4.518705818630832e-05
   19          3.071411199175528e-05
   20          2.115428427277828e-05
   21          1.394010224078431e-05
   22          8.641619506141928e-06
   23          5.365428874298782e-06
   24          3.264558910040925e-06
   25          1.872935548744680e-06
   26          1.074918670391438e-06
   27          6.370295359537297e-07
   28          4.167652993314039e-07
   29          2.815836404320758e-07
   30          1.784427984896464e-07
   31          1.014587405439225e-07
   32          5.567288448487098e-08
   33          3.200235325356293e-08
   34          1.886049224695729e-08
   35          1.105626468565716e-08
   36          6.485010036293367e-09
   37          3.786947912954146e-09
   38          2.330787565069827e-09
   39          1.493644374269633e-09
   40          9.572531307213212e-10
   41          6.211449619920899e-10
   42          4.055736642137941e-10
   43          2.566656748418268e-10
   44          1.550474248497257e-10
 ------------------------------------- 


 Final ||Ax - b|| norm =  0.000000000090195
 Final energy = 11011.641552526043597

 Bond dimension before truncation: 306
 Bond dimension after truncation: 51

 MICROITERATION NUMBER = 17  , backward sweep
 - Left boundaries taken from index: 5
 - Right boundaries taken from index: 6


 Initial ||Ax - b|| norm =  0.999999855327085

 ------------------------------------- 
 Iteration  | Rel. error estimate      
 ------------------------------------- 
    0          9.999998553270854e-01
    1          5.485359256638320e-01
    2          2.017448289138185e-01
    3          7.096115620770073e-02
    4          3.021714664566305e-02
    5          1.425514692553370e-02
    6          6.955511567508268e-03
    7          3.671958002955426e-03
    8          2.159267723834622e-03
    9          1.308943830041822e-03
   10          8.574875576940363e-04
   11          6.093330232284983e-04
   12          4.268929228298283e-04
   13          2.911799453954950e-04
   14          1.853410695134827e-04
   15          1.080356793274725e-04
   16          6.402222482097799e-05
   17          4.290170270070391e-05
   18          2.920347885523804e-05
   19          1.988079309004866e-05
   20          1.349898872464931e-05
   21          8.198120461767729e-06
   22          4.983439533522705e-06
   23          3.247560996185711e-06
   24          1.958605381493459e-06
   25          1.159331481786219e-06
   26          6.706234176950027e-07
   27          4.148980345719559e-07
   28          2.680678759359061e-07
   29          1.728566458266204e-07
   30          1.012195219152317e-07
   31          5.613106982836816e-08
   32          3.184993792307300e-08
   33          1.868069301440163e-08
   34          1.118322983612788e-08
   35          6.524251215111624e-09
   36          3.819452233707235e-09
   37          2.309197434395629e-09
   38          1.404034633832902e-09
   39          8.384849828483578e-10
   40          5.084349045870788e-10
   41          3.065377999806834e-10
   42          1.871615391439091e-10
   43          1.146343883887423e-10
 ------------------------------------- 


 Final ||Ax - b|| norm =  0.000000000071109
 Final energy = 11011.646278703759890

 Bond dimension before truncation: 306
 Bond dimension after truncation: 51

 MICROITERATION NUMBER = 18  , backward sweep
 - Left boundaries taken from index: 4
 - Right boundaries taken from index: 5


 Initial ||Ax - b|| norm =  0.999999970380062

 ------------------------------------- 
 Iteration  | Rel. error estimate      
 ------------------------------------- 
    0          9.999999703800623e-01
    1          4.882130735082862e-01
    2          1.721560366673381e-01
    3          6.040189079676342e-02
    4          2.621827473745174e-02
    5          1.141235705664368e-02
    6          5.603118430778816e-03
    7          3.018322922109417e-03
    8          1.597825751949764e-03
    9          9.005769404049230e-04
   10          5.478119023551504e-04
   11          3.431233154795844e-04
   12          2.176974352572532e-04
   13          1.429790382503134e-04
   14          9.381984171985517e-05
   15          5.694359869455747e-05
   16          3.069533419879256e-05
   17          1.709574810485654e-05
   18          1.001513797569271e-05
   19          6.221273001635556e-06
   20          4.015190318114060e-06
   21          2.563742266341113e-06
   22          1.649715389755862e-06
   23          1.094249988662360e-06
   24          7.268642896828657e-07
   25          4.557253908847888e-07
   26          2.656872819538639e-07
   27          1.662898890305021e-07
   28          1.093365531212872e-07
   29          7.438557021677002e-08
   30          4.583417245632987e-08
   31          2.671022851170907e-08
   32          1.489015140168179e-08
   33          8.408531858630903e-09
   34          4.669527548890425e-09
   35          2.714609435197628e-09
   36          1.661898162632271e-09
   37          1.075569351325810e-09
   38          6.777005173487129e-10
   39          4.063119489385017e-10
   40          2.350759013705933e-10
   41          1.380769530711353e-10
 ------------------------------------- 


 Final ||Ax - b|| norm =  0.000000000082234
 Final energy = 11011.648383882244161

 Bond dimension before truncation: 306
 Bond dimension after truncation: 51

 MICROITERATION NUMBER = 19  , backward sweep
 - Left boundaries taken from index: 3
 - Right boundaries taken from index: 4


 Initial ||Ax - b|| norm =  0.999999998815821

 ------------------------------------- 
 Iteration  | Rel. error estimate      
 ------------------------------------- 
    0          9.999999988158214e-01
    1          4.592045810050737e-01
    2          1.561956800210526e-01
    3          5.597318653571642e-02
    4          2.452429206789627e-02
    5          1.044985447816396e-02
    6          5.006639589568609e-03
    7          2.543354127614643e-03
    8          1.369025865750762e-03
    9          7.697290840270994e-04
   10          4.558004860080052e-04
   11          2.773622634861856e-04
   12          1.616717235138642e-04
   13          9.774220599723740e-05
   14          6.451626700322719e-05
   15          3.912338825795534e-05
   16          2.092481016724094e-05
   17          1.094578341491477e-05
   18          6.019291984788714e-06
   19          3.221891933199820e-06
   20          1.836472512463024e-06
   21          1.067776147280566e-06
   22          6.713359201504919e-07
   23          4.265748575858264e-07
   24          2.569449683458730e-07
   25          1.330827310828139e-07
   26          6.722961710077647e-08
   27          3.650213560032770e-08
   28          2.195064638815516e-08
   29          1.463433379675755e-08
   30          9.407099975107715e-09
   31          5.524210351266156e-09
   32          3.037896170748520e-09
   33          1.583958598110003e-09
   34          8.384062044813504e-10
   35          4.850489772143822e-10
   36          3.042662087695731e-10
   37          1.995629766414956e-10
   38          1.275017795586635e-10
 ------------------------------------- 


 Final ||Ax - b|| norm =  0.000000000080146
 Final energy = 11011.649431448246105

 Bond dimension before truncation: 306
 Bond dimension after truncation: 51

 MICROITERATION NUMBER = 20  , backward sweep
 - Left boundaries taken from index: 2
 - Right boundaries taken from index: 3


 Initial ||Ax - b|| norm =  0.999999999998760

 ------------------------------------- 
 Iteration  | Rel. error estimate      
 ------------------------------------- 
    0          9.999999999987601e-01
    1          3.437622134462598e-02
    2          8.914768182429495e-03
    3          3.278129714406392e-03
    4          1.377467268372978e-03
    5          7.425235664386241e-04
    6          4.956017029496111e-04
    7          3.486247595029357e-04
    8          2.371403148816248e-04
    9          1.427273023677312e-04
   10          7.955924016857585e-05
   11          4.400514782237009e-05
   12          2.808460097393768e-05
   13          1.896443390413472e-05
   14          1.216529727541723e-05
   15          7.441812231299163e-06
   16          4.363163359350283e-06
   17          2.524002638928212e-06
   18          1.400403383099334e-06
   19          7.054511684746876e-07
   20          3.505248571439316e-07
   21          1.857286970443805e-07
   22          1.046152096835749e-07
   23          6.087994315326073e-08
   24          3.674964865174046e-08
   25          2.219334200954492e-08
   26          1.353331040872802e-08
   27          8.154416555434401e-09
   28          4.926342135232280e-09
   29          2.890910382150741e-09
   30          1.627988297907067e-09
   31          9.172365361820728e-10
   32          5.253490662712894e-10
   33          2.877816333082896e-10
   34          1.653102077487920e-10
   35          1.057123203403881e-10
 ------------------------------------- 


 Final ||Ax - b|| norm =  0.000000000067776
 Final energy = 11011.652645930042127

 Bond dimension before truncation: 306
 Bond dimension after truncation: 51

 MICROITERATION NUMBER = 21  , backward sweep
 - Left boundaries taken from index: 1
 - Right boundaries taken from index: 2


 Initial ||Ax - b|| norm =  0.999999999998740

 ------------------------------------- 
 Iteration  | Rel. error estimate      
 ------------------------------------- 
    0          9.999999999987397e-01
    1          1.402629346523542e-03
    2          8.837505630264532e-04
    3          6.003438947673887e-04
    4          3.069953807843763e-04
    5          1.816739855549073e-04
    6          1.109682863300467e-04
    7          5.841689130026763e-05
    8          3.500142340682788e-05
    9          2.132590338009824e-05
   10          1.320373935512905e-05
   11          8.791918915070015e-06
   12          4.486497280172420e-06
   13          2.118608352382068e-06
   14          1.054927662438025e-06
   15          5.660677537212051e-07
   16          2.979814707943078e-07
   17          1.535736699686586e-07
   18          8.018545809315873e-08
   19          4.034431536688570e-08
   20          2.248315701589726e-08
   21          1.416254297226318e-08
   22          8.505118895461722e-09
   23          4.863108676846952e-09
   24          2.509564823657980e-09
   25          1.217695271140809e-09
   26          5.529544957804525e-10
   27          3.100332928470184e-10
   28          1.903592081110380e-10
   29          1.065498055293900e-10
 ------------------------------------- 


 Final ||Ax - b|| norm =  0.000000000056110
 Final energy = 11011.652659296214551

 Bond dimension before truncation: 306
 Bond dimension after truncation: 51


 -------------------
   SWEEP NUMBER 1
 -------------------
 - Noise parameter: 0.0000000100
 - Maximum bond dimension: 50
 - Truncation parameter: 0.0000000000

 MICROITERATION NUMBER = 0  , forward sweep
 - Left boundaries taken from index: 0
 - Right boundaries taken from index: 1


 Initial ||Ax - b|| norm =  0.999999999998732

 ------------------------------------- 
 Iteration  | Rel. error estimate      
 ------------------------------------- 
    0          9.999999999987321e-01
    1          1.058864230373461e-03
    2          6.934450877283481e-04
    3          3.488324785588399e-04
    4          1.962067777125054e-04
    5          1.062111599592636e-04
    6          5.693844171378391e-05
    7          3.005989476954747e-05
    8          1.681813881825243e-05
    9          1.084726884798644e-05
   10          5.110899091295607e-06
   11          2.169698448598150e-06
   12          9.875948655660655e-07
   13          5.264062308485168e-07
   14          2.368525959277884e-07
   15          1.097942111157425e-07
   16          4.928111963821062e-08
   17          2.718706636436036e-08
   18          1.441182435916481e-08
   19          8.678311084248377e-09
   20          4.059198015311970e-09
   21          1.699757175516328e-09
   22          7.296258418722453e-10
   23          4.050848625463384e-10
   24          2.244605030583467e-10
   25          1.130505672897798e-10
 ------------------------------------- 


 Final ||Ax - b|| norm =  0.000000000055586
 Final energy = 11011.652659304865665

 Bond dimension before truncation: 6
 Bond dimension after truncation: 6

 MICROITERATION NUMBER = 1  , forward sweep
 - Left boundaries taken from index: 1
 - Right boundaries taken from index: 2


 Initial ||Ax - b|| norm =  0.999999999998740

 ------------------------------------- 
 Iteration  | Rel. error estimate      
 ------------------------------------- 
    0          9.999999999987396e-01
    1          1.402629346526473e-03
    2          8.837505630282091e-04
    3          6.003438947672729e-04
    4          3.069953807853818e-04
    5          1.816739855544837e-04
    6          1.109682863279616e-04
    7          5.841689129920822e-05
    8          3.500142340649725e-05
    9          2.132590337964330e-05
   10          1.320373935475020e-05
   11          8.791918914985678e-06
   12          4.486497280258395e-06
   13          2.118608352451403e-06
   14          1.054927662482316e-06
   15          5.660677537622469e-07
   16          2.979814708347601e-07
   17          1.535736700037162e-07
   18          8.018545812213603e-08
   19          4.034431539306564e-08
   20          2.248315703788096e-08
   21          1.416254298727338e-08
   22          8.505118903458689e-09
   23          4.863108680224214e-09
   24          2.509564824793249e-09
   25          1.217695271537983e-09
   26          5.529544959526868e-10
   27          3.100332929555754e-10
   28          1.903592081700097e-10
   29          1.065498055508979e-10
 ------------------------------------- 


 Final ||Ax - b|| norm =  0.000000000056105
 Final energy = 11011.652659296198181

 Bond dimension before truncation: 36
 Bond dimension after truncation: 36

 MICROITERATION NUMBER = 2  , forward sweep
 - Left boundaries taken from index: 2
 - Right boundaries taken from index: 3


 Initial ||Ax - b|| norm =  0.999999999998759

 ------------------------------------- 
 Iteration  | Rel. error estimate      
 ------------------------------------- 
    0          9.999999999987588e-01
    1          3.437622134466024e-02
    2          8.914768182437100e-03
    3          3.278129714407603e-03
    4          1.377467268373236e-03
    5          7.425235664390934e-04
    6          4.956017029497470e-04
    7          3.486247595021071e-04
    8          2.371403148799439e-04
    9          1.427273023660828e-04
   10          7.955924016738452e-05
   11          4.400514782150293e-05
   12          2.808460097330897e-05
   13          1.896443390376159e-05
   14          1.216529727528131e-05
   15          7.441812231292523e-06
   16          4.363163359388847e-06
   17          2.524002638972486e-06
   18          1.400403383136452e-06
   19          7.054511685071815e-07
   20          3.505248571786273e-07
   21          1.857286970816560e-07
   22          1.046152097195624e-07
   23          6.087994318539709e-08
   24          3.674964867743249e-08
   25          2.219334202834326e-08
   26          1.353331042109943e-08
   27          8.154416562766938e-09
   28          4.926342139309029e-09
   29          2.890910384226838e-09
   30          1.627988298895797e-09
   31          9.172365366667594e-10
   32          5.253490664888585e-10
   33          2.877816333474468e-10
   34          1.653102076608238e-10
   35          1.057123200332294e-10
 ------------------------------------- 


 Final ||Ax - b|| norm =  0.000000000067778
 Final energy = 11011.652645930023937

 Bond dimension before truncation: 216
 Bond dimension after truncation: 51

 MICROITERATION NUMBER = 3  , forward sweep
 - Left boundaries taken from index: 3
 - Right boundaries taken from index: 4


 Initial ||Ax - b|| norm =  0.999999998815822

 ------------------------------------- 
 Iteration  | Rel. error estimate      
 ------------------------------------- 
    0          9.999999988158216e-01
    1          4.592045754827512e-01
    2          1.561956777386057e-01
    3          5.597318581318664e-02
    4          2.452429233450888e-02
    5          1.044985589233105e-02
    6          5.006640446386514e-03
    7          2.543354718970854e-03
    8          1.369026260400783e-03
    9          7.697292368028183e-04
   10          4.558005958620949e-04
   11          2.773623269445764e-04
   12          1.616717543725873e-04
   13          9.774222374722542e-05
   14          6.451627533117632e-05
   15          3.912339582642642e-05
   16          2.092481583907036e-05
   17          1.094578655525850e-05
   18          6.019293642605609e-06
   19          3.221892968075941e-06
   20          1.836473002071502e-06
   21          1.067776482901735e-06
   22          6.713361164309381e-07
   23          4.265749873937647e-07
   24          2.569450369764493e-07
   25          1.330827528909324e-07
   26          6.722962121621542e-08
   27          3.650213506481575e-08
   28          2.195063982363225e-08
   29          1.463432518643263e-08
   30          9.407092662512133e-09
   31          5.524204389009476e-09
   32          3.037892088308736e-09
   33          1.583956026049335e-09
   34          8.384043237641944e-10
   35          4.850472571785529e-10
   36          3.042646645273245e-10
   37          1.995617218862657e-10
   38          1.275008423212248e-10
 ------------------------------------- 


 Final ||Ax - b|| norm =  0.000000000080144
 Final energy = 11011.649431448262476

 Bond dimension before truncation: 306
 Bond dimension after truncation: 51

 MICROITERATION NUMBER = 4  , forward sweep
 - Left boundaries taken from index: 4
 - Right boundaries taken from index: 5


 Initial ||Ax - b|| norm =  0.999999970380191

 ------------------------------------- 
 Iteration  | Rel. error estimate      
 ------------------------------------- 
    0          9.999999703801908e-01
    1          4.882131475578895e-01
    2          1.721561057631162e-01
    3          6.040191997557026e-02
    4          2.621829303441815e-02
    5          1.141236177731808e-02
    6          5.603120642370706e-03
    7          3.018324636218702e-03
    8          1.597826853088984e-03
    9          9.005776033410750e-04
   10          5.478123943964290e-04
   11          3.431236102469566e-04
   12          2.176975739719626e-04
   13          1.429790976674945e-04
   14          9.381985350626731e-05
   15          5.694357059976857e-05
   16          3.069532556557041e-05
   17          1.709573722463753e-05
   18          1.001512918880951e-05
   19          6.221270724828401e-06
   20          4.015189542797966e-06
   21          2.563741041361405e-06
   22          1.649715135886446e-06
   23          1.094250328056501e-06
   24          7.268647159765263e-07
   25          4.557259655651237e-07
   26          2.656879781797222e-07
   27          1.662903327335330e-07
   28          1.093368588847884e-07
   29          7.438577508069504e-08
   30          4.583431917033454e-08
   31          2.671029106292379e-08
   32          1.489017669262879e-08
   33          8.408539595566553e-09
   34          4.669531421168693e-09
   35          2.714611288428247e-09
   36          1.661899380648806e-09
   37          1.075570679132578e-09
   38          6.777015900149446e-10
   39          4.063122762950644e-10
   40          2.350759708443308e-10
   41          1.380770054650703e-10
 ------------------------------------- 


 Final ||Ax - b|| norm =  0.000000000082224
 Final energy = 11011.648383882133203

 Bond dimension before truncation: 306
 Bond dimension after truncation: 51

 MICROITERATION NUMBER = 5  , forward sweep
 - Left boundaries taken from index: 5
 - Right boundaries taken from index: 6


 Initial ||Ax - b|| norm =  0.999999855327053

 ------------------------------------- 
 Iteration  | Rel. error estimate      
 ------------------------------------- 
    0          9.999998553270532e-01
    1          5.485359492805293e-01
    2          2.017448472684142e-01
    3          7.096114259029492e-02
    4          3.021713177338415e-02
    5          1.425513609377880e-02
    6          6.955508160469383e-03
    7          3.671958139190222e-03
    8          2.159267768629890e-03
    9          1.308943579788247e-03
   10          8.574876153054616e-04
   11          6.093329818415759e-04
   12          4.268927327686457e-04
   13          2.911798120289864e-04
   14          1.853410144828687e-04
   15          1.080357038017271e-04
   16          6.402227819204032e-05
   17          4.290172822738860e-05
   18          2.920347669317272e-05
   19          1.988077899156845e-05
   20          1.349896444119769e-05
   21          8.198099927664127e-06
   22          4.983434363172258e-06
   23          3.247562180177280e-06
   24          1.958606104319167e-06
   25          1.159331805000305e-06
   26          6.706244554055036e-07
   27          4.148989732706678e-07
   28          2.680684793427011e-07
   29          1.728569844802731e-07
   30          1.012197196363490e-07
   31          5.613119589272697e-08
   32          3.185009057226620e-08
   33          1.868085018303757e-08
   34          1.118333280540400e-08
   35          6.524311203467557e-09
   36          3.819483083388454e-09
   37          2.309210699328478e-09
   38          1.404040545560087e-09
   39          8.384877259047788e-10
   40          5.084360107889640e-10
   41          3.065382707763038e-10
   42          1.871618171291392e-10
   43          1.146345430729977e-10
 ------------------------------------- 


 Final ||Ax - b|| norm =  0.000000000071102
 Final energy = 11011.646278706552039

 Bond dimension before truncation: 306
 Bond dimension after truncation: 51

 MICROITERATION NUMBER = 6  , forward sweep
 - Left boundaries taken from index: 6
 - Right boundaries taken from index: 7


 Initial ||Ax - b|| norm =  0.999999634168593

 ------------------------------------- 
 Iteration  | Rel. error estimate      
 ------------------------------------- 
    0          9.999996341685926e-01
    1          6.688708161138885e-01
    2          2.613731635055606e-01
    3          9.392727834464507e-02
    4          4.030751285084189e-02
    5          1.970907007039244e-02
    6          1.065487834281337e-02
    7          5.832472558636291e-03
    8          3.340509957186990e-03
    9          2.012908556594624e-03
   10          1.314920565748341e-03
   11          9.200976903482405e-04
   12          6.581378687975535e-04
   13          4.547528893601999e-04
   14          3.010055572968149e-04
   15          1.891261366205211e-04
   16          1.110179166612135e-04
   17          6.806630828537587e-05
   18          4.518719181792432e-05
   19          3.071422836978833e-05
   20          2.115435271277639e-05
   21          1.394014251563989e-05
   22          8.641632450138029e-06
   23          5.365431293021597e-06
   24          3.264556560750848e-06
   25          1.872936681918530e-06
   26          1.074921573421781e-06
   27          6.370325974600460e-07
   28          4.167682326356542e-07
   29          2.815855773347697e-07
   30          1.784432165381075e-07
   31          1.014583625917634e-07
   32          5.567245246725712e-08
   33          3.200209447315355e-08
   34          1.886041437492502e-08
   35          1.105623499667199e-08
   36          6.484987120169157e-09
   37          3.786925187626609e-09
   38          2.330763442550746e-09
   39          1.493624314073970e-09
   40          9.572399633599695e-10
   41          6.211365473020091e-10
   42          4.055687356162229e-10
   43          2.566631240194297e-10
   44          1.550463293023865e-10
 ------------------------------------- 


 Final ||Ax - b|| norm =  0.000000000090205
 Final energy = 11011.641552523324208

 Bond dimension before truncation: 306
 Bond dimension after truncation: 51

 MICROITERATION NUMBER = 7  , forward sweep
 - Left boundaries taken from index: 7
 - Right boundaries taken from index: 8


 Initial ||Ax - b|| norm =  0.999999340871534

 ------------------------------------- 
 Iteration  | Rel. error estimate      
 ------------------------------------- 
    0          9.999993408715340e-01
    1          7.669275696383298e-01
    2          3.390154551039486e-01
    3          1.107929139226018e-01
    4          4.458136207091912e-02
    5          2.202739464593581e-02
    6          1.175266382827403e-02
    7          6.661652389626305e-03
    8          4.155261716378963e-03
    9          2.570290836938530e-03
   10          1.720881965831413e-03
   11          1.201259503438985e-03
   12          8.653462863463328e-04
   13          6.221942676921152e-04
   14          4.183271522207964e-04
   15          2.779535978122210e-04
   16          1.794213961295072e-04
   17          1.170987123869906e-04
   18          7.707317466103988e-05
   19          5.242704966952062e-05
   20          3.738209899144664e-05
   21          2.502595627398432e-05
   22          1.646273759030780e-05
   23          1.050957154659999e-05
   24          6.592344204913046e-06
   25          4.082001733586304e-06
   26          2.553079362755509e-06
   27          1.614382721864134e-06
   28          1.083076868839393e-06
   29          7.697667092797258e-07
   30          5.245039594959023e-07
   31          3.328015223898585e-07
   32          2.029688749280381e-07
   33          1.175525354272110e-07
   34          6.852969753742415e-08
   35          3.954437065955006e-08
   36          2.372454532125232e-08
   37          1.540125509126558e-08
   38          1.010139940541335e-08
   39          6.452700595561003e-09
   40          4.211892950275517e-09
   41          2.810667007016893e-09
   42          1.869922203908052e-09
   43          1.245085951746833e-09
   44          8.024459810831920e-10
   45          4.919509944843332e-10
   46          2.867444701063592e-10
   47          1.723354269638314e-10
   48          1.048036013177020e-10
 ------------------------------------- 


 Final ||Ax - b|| norm =  0.000000000061549
 Final energy = 11011.635111887566381

 Bond dimension before truncation: 306
 Bond dimension after truncation: 51

 MICROITERATION NUMBER = 8  , forward sweep
 - Left boundaries taken from index: 8
 - Right boundaries taken from index: 9


 Initial ||Ax - b|| norm =  0.999999116914229

 ------------------------------------- 
 Iteration  | Rel. error estimate      
 ------------------------------------- 
    0          9.999991169142290e-01
    1          7.403858352005005e-01
    2          3.749972206935696e-01
    3          1.758796582124154e-01
    4          8.976700143527255e-02
    5          4.727632243406287e-02
    6          2.544706877663221e-02
    7          1.498124097282932e-02
    8          9.445267221014630e-03
    9          6.143889933793766e-03
   10          4.174180226119881e-03
   11          3.018115659664755e-03
   12          2.148469211303710e-03
   13          1.588214285430002e-03
   14          1.221977952932234e-03
   15          9.570061225400579e-04
   16          7.473351501912775e-04
   17          5.556710739867140e-04
   18          4.000798241684603e-04
   19          2.798121617518971e-04
   20          1.953518008808105e-04
   21          1.354588581184528e-04
   22          9.892884093722946e-05
   23          7.448865059534016e-05
   24          5.592759840387528e-05
   25          4.234738307452741e-05
   26          3.280448322112072e-05
   27          2.491482297705514e-05
   28          1.848953040180865e-05
   29          1.308560595142773e-05
   30          8.666054624960051e-06
   31          5.775288826696967e-06
   32          3.908309278075265e-06
   33          2.616312763302461e-06
   34          1.709862398698839e-06
   35          1.116051774866385e-06
   36          7.490090669701593e-07
   37          5.188648812664663e-07
   38          3.724447225820626e-07
   39          2.824979739445512e-07
   40          2.179314490180018e-07
   41          1.619928455881881e-07
   42          1.137783319008804e-07
   43          8.242687430053651e-08
   44          6.008599552499600e-08
   45          4.237915749156073e-08
   46          2.936424747634478e-08
   47          1.996768017811481e-08
   48          1.329649342161883e-08
 ------------------------------------- 


 Final ||Ax - b|| norm =  0.000000008332646
 Final energy = 11011.635132419516594

 Bond dimension before truncation: 306
 Bond dimension after truncation: 51

 MICROITERATION NUMBER = 9  , forward sweep
 - Left boundaries taken from index: 9
 - Right boundaries taken from index: 10


 Initial ||Ax - b|| norm =  0.999998890096695

 ------------------------------------- 
 Iteration  | Rel. error estimate      
 ------------------------------------- 
    0          9.999988900966954e-01
    1          6.493551098402151e-01
    2          3.128811213684011e-01
    3          1.743977197062433e-01
    4          1.047742788130816e-01
    5          6.766344172475726e-02
    6          4.468791914262005e-02
    7          2.914485319960443e-02
    8          1.877052790976695e-02
    9          1.245351786827148e-02
   10          8.782532165922374e-03
   11          6.201436163126437e-03
   12          4.308154554468951e-03
   13          3.254964816216936e-03
   14          2.500779996742131e-03
   15          2.024415177854289e-03
   16          1.640475276828348e-03
   17          1.349453539485746e-03
   18          1.120525267280802e-03
   19          9.141800425111461e-04
   20          6.846161430901699e-04
   21          5.000907303642405e-04
   22          3.674440773997805e-04
   23          2.813297562133369e-04
   24          2.146533452844560e-04
   25          1.750282999802219e-04
   26          1.323505216253345e-04
   27          1.034893676474521e-04
   28          8.148468058915176e-05
   29          6.516484513750157e-05
   30          5.384124790825103e-05
   31          4.417204161681400e-05
   32          3.474656795691401e-05
   33          2.854213443987258e-05
   34          2.380218380422270e-05
   35          1.945557049229816e-05
   36          1.592994231277612e-05
   37          1.259759368006952e-05
   38          9.396652101263952e-06
   39          7.083357039221597e-06
   40          5.275600541979234e-06
   41          4.055619655882727e-06
   42          2.902225643081095e-06
   43          2.016079718375111e-06
   44          1.429564992475304e-06
   45          1.037736344660302e-06
   46          7.721212662412262e-07
   47          5.901139041434659e-07
   48          4.383367630612154e-07
 ------------------------------------- 


 Final ||Ax - b|| norm =  0.000000329623948
 Final energy = 11011.637054746986905

 Bond dimension before truncation: 306
 Bond dimension after truncation: 51

 MICROITERATION NUMBER = 10  , forward sweep
 - Left boundaries taken from index: 10
 - Right boundaries taken from index: 11


 Initial ||Ax - b|| norm =  0.999998777514294

 ------------------------------------- 
 Iteration  | Rel. error estimate      
 ------------------------------------- 
    0          9.999987775142938e-01
    1          4.788621265499164e-01
    2          1.971262784930037e-01
    3          8.670494692659454e-02
    4          4.200715514116200e-02
    5          2.179624700909243e-02
    6          1.209903167310860e-02
    7          7.031079450991896e-03
    8          4.695820797703414e-03
    9          3.096839170050284e-03
   10          2.248602579081197e-03
   11          1.631053663706235e-03
   12          1.251728897705344e-03
   13          9.577039117033500e-04
   14          6.844053782341750e-04
   15          4.628178501090961e-04
   16          2.947226887598537e-04
   17          2.086026048987928e-04
   18          1.559148342739624e-04
   19          1.134233641427750e-04
   20          8.113985735072420e-05
   21          5.925001766099475e-05
   22          4.202345065493973e-05
   23          2.798053092549348e-05
   24          1.640535067299378e-05
   25          9.567356857248462e-06
   26          5.835177876580541e-06
   27          3.987843469261435e-06
   28          2.600958735138788e-06
   29          1.730650967738906e-06
   30          1.141848873319982e-06
   31          7.410901587392784e-07
   32          4.446648946108721e-07
   33          2.664623400454168e-07
   34          1.642884741313039e-07
   35          9.232963214284207e-08
   36          5.467600330793259e-08
   37          3.449749985894883e-08
   38          2.130085768566616e-08
   39          1.300715916843302e-08
   40          7.581114891589378e-09
   41          4.131462209782843e-09
   42          2.329190280972285e-09
   43          1.182822448341962e-09
   44          6.173226500889166e-10
   45          3.036448930035130e-10
   46          1.521122904068524e-10
 ------------------------------------- 


 Final ||Ax - b|| norm =  0.000000000092115
 Final energy = 11011.637286899658648

 Bond dimension before truncation: 306
 Bond dimension after truncation: 51

 MICROITERATION NUMBER = 11  , forward sweep
 - Left boundaries taken from index: 11
 - Right boundaries taken from index: 12


 Initial ||Ax - b|| norm =  0.999998776050311

 ------------------------------------- 
 Iteration  | Rel. error estimate      
 ------------------------------------- 
    0          9.999987760503105e-01
    1          4.645586956571094e-01
    2          1.707861584935322e-01
    3          5.891002101873929e-02
    4          2.545204743973917e-02
    5          1.379369671864338e-02
    6          7.401157941572846e-03
    7          4.055663254671345e-03
    8          2.306271499750048e-03
    9          1.403890820825617e-03
   10          9.069583741380717e-04
   11          6.119933030264495e-04
   12          4.111405063067366e-04
   13          2.564460138858517e-04
   14          1.516130122021963e-04
   15          9.205244574071542e-05
   16          5.764833138135514e-05
   17          3.476076627175585e-05
   18          1.841483949414335e-05
   19          9.231609841453392e-06
   20          4.766303761160088e-06
   21          2.465026475711227e-06
   22          1.359296183009200e-06
   23          8.366472787929138e-07
   24          5.694847780680221e-07
   25          3.807603281688425e-07
   26          2.608465832094519e-07
   27          1.861739644729419e-07
   28          1.402680007742225e-07
   29          1.091051954045858e-07
   30          8.941787653294855e-08
   31          7.117299258197316e-08
   32          5.018124745143525e-08
   33          2.916484720832692e-08
   34          1.507205515997985e-08
   35          8.274704525744478e-09
   36          4.649659112229827e-09
   37          2.420637761371426e-09
   38          1.259144629328179e-09
   39          7.981361153633498e-10
   40          5.851476162795938e-10
   41          3.869768433037662e-10
   42          2.494765093832216e-10
   43          1.654471081807355e-10
   44          1.005883065731757e-10
 ------------------------------------- 


 Final ||Ax - b|| norm =  0.000000000057682
 Final energy = 11011.637286899642277

 Bond dimension before truncation: 6
 Bond dimension after truncation: 6

 MICROITERATION NUMBER = 12  , backward sweep
 - Left boundaries taken from index: 10
 - Right boundaries taken from index: 11


 Initial ||Ax - b|| norm =  0.999998777514294

 ------------------------------------- 
 Iteration  | Rel. error estimate      
 ------------------------------------- 
    0          9.999987775142936e-01
    1          4.788621265498371e-01
    2          1.971262784929772e-01
    3          8.670494692659496e-02
    4          4.200715514117146e-02
    5          2.179624700910429e-02
    6          1.209903167311915e-02
    7          7.031079450999169e-03
    8          4.695820797708661e-03
    9          3.096839170053141e-03
   10          2.248602579082961e-03
   11          1.631053663707180e-03
   12          1.251728897705682e-03
   13          9.577039117031860e-04
   14          6.844053782337342e-04
   15          4.628178501088371e-04
   16          2.947226887600433e-04
   17          2.086026048991816e-04
   18          1.559148342743001e-04
   19          1.134233641429503e-04
   20          8.113985735079464e-05
   21          5.925001766103286e-05
   22          4.202345065496882e-05
   23          2.798053092552013e-05
   24          1.640535067302481e-05
   25          9.567356857288486e-06
   26          5.835177876624728e-06
   27          3.987843469300883e-06
   28          2.600958735163408e-06
   29          1.730650967743072e-06
   30          1.141848873314198e-06
   31          7.410901587376291e-07
   32          4.446648946111967e-07
   33          2.664623400457569e-07
   34          1.642884741314799e-07
   35          9.232963214290151e-08
   36          5.467600330794469e-08
   37          3.449749985894422e-08
   38          2.130085768565825e-08
   39          1.300715916842486e-08
   40          7.581114891582146e-09
   41          4.131462209775641e-09
   42          2.329190280960407e-09
   43          1.182822448293072e-09
   44          6.173226498465273e-10
   45          3.036448917702522e-10
   46          1.521122871680690e-10
 ------------------------------------- 


 Final ||Ax - b|| norm =  0.000000000092113
 Final energy = 11011.637286899658648

 Bond dimension before truncation: 36
 Bond dimension after truncation: 36

 MICROITERATION NUMBER = 13  , backward sweep
 - Left boundaries taken from index: 9
 - Right boundaries taken from index: 10


 Initial ||Ax - b|| norm =  0.999998890096696

 ------------------------------------- 
 Iteration  | Rel. error estimate      
 ------------------------------------- 
    0          9.999988900966960e-01
    1          6.493551098398850e-01
    2          3.128811213681844e-01
    3          1.743977197061050e-01
    4          1.047742788130024e-01
    5          6.766344172470692e-02
    6          4.468791914258855e-02
    7          2.914485319958434e-02
    8          1.877052790975349e-02
    9          1.245351786826192e-02
   10          8.782532165915156e-03
   11          6.201436163120901e-03
   12          4.308154554464768e-03
   13          3.254964816213254e-03
   14          2.500779996738936e-03
   15          2.024415177851403e-03
   16          1.640475276825802e-03
   17          1.349453539483568e-03
   18          1.120525267278989e-03
   19          9.141800425097175e-04
   20          6.846161430888888e-04
   21          5.000907303603857e-04
   22          3.674440773808819e-04
   23          2.813297561579241e-04
   24          2.146533451071550e-04
   25          1.750282998755947e-04
   26          1.323505216153894e-04
   27          1.034893676481757e-04
   28          8.148468059510762e-05
   29          6.516484517445988e-05
   30          5.384124804928011e-05
   31          4.417204187841306e-05
   32          3.474656850614813e-05
   33          2.854213527017988e-05
   34          2.380218402353417e-05
   35          1.945557051956675e-05
   36          1.592994231550959e-05
   37          1.259759368058850e-05
   38          9.396652104287115e-06
   39          7.083357065763997e-06
   40          5.275600669970684e-06
   41          4.055619800780354e-06
   42          2.902225660762741e-06
   43          2.016079720281730e-06
   44          1.429564993404783e-06
   45          1.037736345724789e-06
   46          7.721212672352939e-07
   47          5.901139044106455e-07
   48          4.383367630087198e-07
 ------------------------------------- 


 Final ||Ax - b|| norm =  0.000000329623960
 Final energy = 11011.637054746965077

 Bond dimension before truncation: 216
 Bond dimension after truncation: 51

 MICROITERATION NUMBER = 14  , backward sweep
 - Left boundaries taken from index: 8
 - Right boundaries taken from index: 9


 Initial ||Ax - b|| norm =  0.999999116914231

 ------------------------------------- 
 Iteration  | Rel. error estimate      
 ------------------------------------- 
    0          9.999991169142308e-01
    1          7.403858365358567e-01
    2          3.749972227266650e-01
    3          1.758796601124063e-01
    4          8.976700238438447e-02
    5          4.727632254514700e-02
    6          2.544706861407170e-02
    7          1.498124089495450e-02
    8          9.445267141950644e-03
    9          6.143889880947841e-03
   10          4.174180186157151e-03
   11          3.018115644440953e-03
   12          2.148469194778016e-03
   13          1.588214267230083e-03
   14          1.221977941597735e-03
   15          9.570061097504822e-04
   16          7.473351375195182e-04
   17          5.556710709945706e-04
   18          4.000798186312796e-04
   19          2.798121551658029e-04
   20          1.953517966162659e-04
   21          1.354588559069258e-04
   22          9.892883853851590e-05
   23          7.448864879786303e-05
   24          5.592759757860177e-05
   25          4.234738246337685e-05
   26          3.280448254777085e-05
   27          2.491482250336892e-05
   28          1.848952997862411e-05
   29          1.308560546060157e-05
   30          8.666054253105644e-06
   31          5.775288678114082e-06
   32          3.908309173992065e-06
   33          2.616312616872995e-06
   34          1.709862325211445e-06
   35          1.116051723227770e-06
   36          7.490090241127712e-07
   37          5.188648639194064e-07
   38          3.724447126315238e-07
   39          2.824979649159756e-07
   40          2.179314403050407e-07
   41          1.619928381685831e-07
   42          1.137783271556183e-07
   43          8.242687031774931e-08
   44          6.008599276612256e-08
   45          4.237915604714759e-08
   46          2.936424626632147e-08
   47          1.996767889460701e-08
   48          1.329649201945329e-08
 ------------------------------------- 


 Final ||Ax - b|| norm =  0.000000008332620
 Final energy = 11011.635132419529327

 Bond dimension before truncation: 306
 Bond dimension after truncation: 51

 MICROITERATION NUMBER = 15  , backward sweep
 - Left boundaries taken from index: 7
 - Right boundaries taken from index: 8


 Initial ||Ax - b|| norm =  0.999999340871534

 ------------------------------------- 
 Iteration  | Rel. error estimate      
 ------------------------------------- 
    0          9.999993408715337e-01
    1          7.669275671286004e-01
    2          3.390154349673060e-01
    3          1.107929048953080e-01
    4          4.458135764838988e-02
    5          2.202739269893402e-02
    6          1.175266252640980e-02
    7          6.661651749804250e-03
    8          4.155261246231139e-03
    9          2.570290563121334e-03
   10          1.720881785413510e-03
   11          1.201259387237661e-03
   12          8.653461988077158e-04
   13          6.221941933378505e-04
   14          4.183270907292865e-04
   15          2.779535538677504e-04
   16          1.794213631084582e-04
   17          1.170986912085187e-04
   18          7.707316056217510e-05
   19          5.242704128444334e-05
   20          3.738209257114587e-05
   21          2.502595103538384e-05
   22          1.646273385926865e-05
   23          1.050956890315854e-05
   24          6.592342326127637e-06
   25          4.082000553276294e-06
   26          2.553078562258144e-06
   27          1.614382227460881e-06
   28          1.083076591252790e-06
   29          7.697665245202447e-07
   30          5.245037913948708e-07
   31          3.328014085919802e-07
   32          2.029687912469981e-07
   33          1.175524879263517e-07
   34          6.852966745001261e-08
   35          3.954435488543446e-08
   36          2.372453602621796e-08
   37          1.540125031752505e-08
   38          1.010139559257408e-08
   39          6.452698355318640e-09
   40          4.211891443610118e-09
   41          2.810666039609827e-09
   42          1.869921515056746e-09
   43          1.245085467650053e-09
   44          8.024456302944690e-10
   45          4.919507329502541e-10
   46          2.867443152167704e-10
   47          1.723353378875753e-10
   48          1.048035463460750e-10
 ------------------------------------- 


 Final ||Ax - b|| norm =  0.000000000061562
 Final energy = 11011.635111887713720

 Bond dimension before truncation: 306
 Bond dimension after truncation: 51

 MICROITERATION NUMBER = 16  , backward sweep
 - Left boundaries taken from index: 6
 - Right boundaries taken from index: 7


 Initial ||Ax - b|| norm =  0.999999634168596

 ------------------------------------- 
 Iteration  | Rel. error estimate      
 ------------------------------------- 
    0          9.999996341685958e-01
    1          6.688709320964081e-01
    2          2.613733001026247e-01
    3          9.392735897511099e-02
    4          4.030754718946308e-02
    5          1.970908738823155e-02
    6          1.065488946252398e-02
    7          5.832479232338687e-03
    8          3.340514193922533e-03
    9          2.012910962971732e-03
   10          1.314922068163909e-03
   11          9.200987162605194e-04
   12          6.581386551682186e-04
   13          4.547534230034638e-04
   14          3.010059658735466e-04
   15          1.891264130657520e-04
   16          1.110180996881237e-04
   17          6.806641759968595e-05
   18          4.518726369516462e-05
   19          3.071428054529655e-05
   20          2.115439109329311e-05
   21          1.394017403505296e-05
   22          8.641652137558065e-06
   23          5.365443262479335e-06
   24          3.264564963419611e-06
   25          1.872941647087055e-06
   26          1.074924524030594e-06
   27          6.370343549415905e-07
   28          4.167692393743518e-07
   29          2.815862816211807e-07
   30          1.784437494994728e-07
   31          1.014587153842663e-07
   32          5.567266028289136e-08
   33          3.200221418286902e-08
   34          1.886048910138082e-08
   35          1.105627733221109e-08
   36          6.485013809071797e-09
   37          3.786940647619382e-09
   38          2.330772028868086e-09
   39          1.493629923541543e-09
   40          9.572435015595950e-10
   41          6.211388078624675e-10
   42          4.055702335615965e-10
   43          2.566642215096013e-10
   44          1.550471822180928e-10
 ------------------------------------- 


 Final ||Ax - b|| norm =  0.000000000090217
 Final energy = 11011.641552522751226

 Bond dimension before truncation: 306
 Bond dimension after truncation: 51

 MICROITERATION NUMBER = 17  , backward sweep
 - Left boundaries taken from index: 5
 - Right boundaries taken from index: 6


 Initial ||Ax - b|| norm =  0.999999855327050

 ------------------------------------- 
 Iteration  | Rel. error estimate      
 ------------------------------------- 
    0          9.999998553270505e-01
    1          5.485364278411702e-01
    2          2.017454748787927e-01
    3          7.096155170248311e-02
    4          3.021729168649403e-02
    5          1.425520107650045e-02
    6          6.955542520177638e-03
    7          3.671971781914083e-03
    8          2.159273562845111e-03
    9          1.308946655194532e-03
   10          8.574879266252044e-04
   11          6.093329068656710e-04
   12          4.268936285713847e-04
   13          2.911810264234664e-04
   14          1.853421126681013e-04
   15          1.080364877526048e-04
   16          6.402272454957507e-05
   17          4.290196468615397e-05
   18          2.920362547696205e-05
   19          1.988088671013924e-05
   20          1.349908372665421e-05
   21          8.198200785792078e-06
   22          4.983481075103445e-06
   23          3.247588357920789e-06
   24          1.958624335294339e-06
   25          1.159343586407339e-06
   26          6.706315978811723e-07
   27          4.149032935969339e-07
   28          2.680712520471592e-07
   29          1.728590425967602e-07
   30          1.012213674561685e-07
   31          5.613212542642161e-08
   32          3.185060418531799e-08
   33          1.868111314275358e-08
   34          1.118349774279654e-08
   35          6.524421212190690e-09
   36          3.819536107543363e-09
   37          2.309240215527935e-09
   38          1.404062619008517e-09
   39          8.385004579417872e-10
   40          5.084435570855597e-10
   41          3.065425234966873e-10
   42          1.871640806530183e-10
   43          1.146359750929676e-10
 ------------------------------------- 


 Final ||Ax - b|| norm =  0.000000000071091
 Final energy = 11011.646278729345795

 Bond dimension before truncation: 306
 Bond dimension after truncation: 51

 MICROITERATION NUMBER = 18  , backward sweep
 - Left boundaries taken from index: 4
 - Right boundaries taken from index: 5


 Initial ||Ax - b|| norm =  0.999999970380186

 ------------------------------------- 
 Iteration  | Rel. error estimate      
 ------------------------------------- 
    0          9.999999703801864e-01
    1          4.882133403280460e-01
    2          1.721562558131558e-01
    3          6.040199862164940e-02
    4          2.621833063025386e-02
    5          1.141237292300407e-02
    6          5.603120415260975e-03
    7          3.018320584942350e-03
    8          1.597821118887541e-03
    9          9.005709744004968e-04
   10          5.478061114724843e-04
   11          3.431183093139170e-04
   12          2.176934826787390e-04
   13          1.429765350280859e-04
   14          9.381858908551004e-05
   15          5.694322712821641e-05
   16          3.069540367772154e-05
   17          1.709590521442456e-05
   18          1.001533054155166e-05
   19          6.221472714434861e-06
   20          4.015364561268937e-06
   21          2.563878323234411e-06
   22          1.649815527319223e-06
   23          1.094316629457018e-06
   24          7.269038229058801e-07
   25          4.557454898560445e-07
   26          2.656971935819213e-07
   27          1.662956282654466e-07
   28          1.093400274280056e-07
   29          7.438755355177067e-08
   30          4.583507061694162e-08
   31          2.671060723780608e-08
   32          1.489033214457287e-08
   33          8.408607235543977e-09
   34          4.669568653501241e-09
   35          2.714634182864939e-09
   36          1.661912462730887e-09
   37          1.075579164781806e-09
   38          6.777062626176163e-10
   39          4.063140079621135e-10
   40          2.350764940546079e-10
   41          1.380771201915709e-10
 ------------------------------------- 


 Final ||Ax - b|| norm =  0.000000000082226
 Final energy = 11011.648383908666801

 Bond dimension before truncation: 306
 Bond dimension after truncation: 51

 MICROITERATION NUMBER = 19  , backward sweep
 - Left boundaries taken from index: 3
 - Right boundaries taken from index: 4


 Initial ||Ax - b|| norm =  0.999999998815819

 ------------------------------------- 
 Iteration  | Rel. error estimate      
 ------------------------------------- 
    0          9.999999988158191e-01
    1          4.592046535250799e-01
    2          1.561957389438383e-01
    3          5.597326624719007e-02
    4          2.452431728646769e-02
    5          1.044986565801429e-02
    6          5.006642094172657e-03
    7          2.543350104492624e-03
    8          1.369020378364151e-03
    9          7.697221972909608e-04
   10          4.557941548030015e-04
   11          2.773572689776578e-04
   12          1.616677003093762e-04
   13          9.773948136916106e-05
   14          6.451462321270693e-05
   15          3.912278019504580e-05
   16          2.092465002837421e-05
   17          1.094575075472913e-05
   18          6.019293568475696e-06
   19          3.221907153019484e-06
   20          1.836490748472124e-06
   21          1.067792786326978e-06
   22          6.713494664350758e-07
   23          4.265840540382142e-07
   24          2.569505292714248e-07
   25          1.330864457275155e-07
   26          6.723281315133718e-08
   27          3.650538461084574e-08
   28          2.195376003945761e-08
   29          1.463697707316952e-08
   30          9.409017122371487e-09
   31          5.525491668746439e-09
   32          3.038823736503648e-09
   33          1.584759044312494e-09
   34          8.392200479970665e-10
   35          4.858692379020499e-10
   36          3.050134642249775e-10
   37          2.001464925527185e-10
   38          1.278896468813084e-10
 ------------------------------------- 


 Final ||Ax - b|| norm =  0.000000000080373
 Final energy = 11011.649431480935164

 Bond dimension before truncation: 306
 Bond dimension after truncation: 51

 MICROITERATION NUMBER = 20  , backward sweep
 - Left boundaries taken from index: 2
 - Right boundaries taken from index: 3


 Initial ||Ax - b|| norm =  0.999999999998756

 ------------------------------------- 
 Iteration  | Rel. error estimate      
 ------------------------------------- 
    0          9.999999999987556e-01
    1          3.437620528320046e-02
    2          8.914770836108912e-03
    3          3.278125352625294e-03
    4          1.377430047187238e-03
    5          7.424736441247217e-04
    6          4.955571090729657e-04
    7          3.485960451573131e-04
    8          2.371264280631273e-04
    9          1.427219249814575e-04
   10          7.955666536042231e-05
   11          4.400280309843285e-05
   12          2.808234208440332e-05
   13          1.896263242148675e-05
   14          1.216414048207753e-05
   15          7.441092123584871e-06
   16          4.362769284934924e-06
   17          2.523862580954594e-06
   18          1.400370697483162e-06
   19          7.054285068011936e-07
   20          3.504951163982239e-07
   21          1.857045463503966e-07
   22          1.046010609058422e-07
   23          6.087323231939748e-08
   24          3.674683167371682e-08
   25          2.219187231495409e-08
   26          1.353223081887471e-08
   27          8.153625995280236e-09
   28          4.925859347883697e-09
   29          2.890644981636773e-09
   30          1.627837340623022e-09
   31          9.171474811852845e-10
   32          5.252994880358509e-10
   33          2.877586336103102e-10
   34          1.652953279471220e-10
   35          1.057014163376255e-10
 ------------------------------------- 


 Final ||Ax - b|| norm =  0.000000000067776
 Final energy = 11011.652645965898046

 Bond dimension before truncation: 306
 Bond dimension after truncation: 51

 MICROITERATION NUMBER = 21  , backward sweep
 - Left boundaries taken from index: 1
 - Right boundaries taken from index: 2


 Initial ||Ax - b|| norm =  0.999999999998738

 ------------------------------------- 
 Iteration  | Rel. error estimate      
 ------------------------------------- 
    0          9.999999999987381e-01
    1          1.402566487670167e-03
    2          8.836369222920725e-04
    3          6.003026537782134e-04
    4          3.069968391465296e-04
    5          1.816812805345459e-04
    6          1.109596831186147e-04
    7          5.842294087007933e-05
    8          3.500569004332520e-05
    9          2.132402724654111e-05
   10          1.320276749257825e-05
   11          8.792577047610838e-06
   12          4.486149538345562e-06
   13          2.118070378238744e-06
   14          1.054836065305496e-06
   15          5.660005356948857e-07
   16          2.979110115966137e-07
   17          1.535832714970380e-07
   18          8.018192725648358e-08
   19          4.032879430017549e-08
   20          2.248125870487083e-08
   21          1.416297465540829e-08
   22          8.502211207441932e-09
   23          4.862467057484400e-09
   24          2.509192316749171e-09
   25          1.217033814048885e-09
   26          5.529577814937687e-10
   27          3.100183498744635e-10
   28          1.903082596786827e-10
   29          1.065401666443293e-10
 ------------------------------------- 


 Final ||Ax - b|| norm =  0.000000000056086
 Final energy = 11011.652659332132316

 Bond dimension before truncation: 306
 Bond dimension after truncation: 51


 -------------------
   SWEEP NUMBER 2
 -------------------
 - Noise parameter: 0.0000000100
 - Maximum bond dimension: 50
 - Truncation parameter: 0.0000000000

 MICROITERATION NUMBER = 0  , forward sweep
 - Left boundaries taken from index: 0
 - Right boundaries taken from index: 1


 Initial ||Ax - b|| norm =  0.999999999998731

 ------------------------------------- 
 Iteration  | Rel. error estimate      
 ------------------------------------- 
    0          9.999999999987312e-01
    1          1.058787311235176e-03
    2          6.934304863238236e-04
    3          3.488618863368868e-04
    4          1.962930168797775e-04
    5          1.063046186836464e-04
    6          5.696610783195356e-05
    7          3.008776765622161e-05
    8          1.682382122493217e-05
    9          1.085454193156375e-05
   10          5.117020835683464e-06
   11          2.170111087312596e-06
   12          9.887279084748161e-07
   13          5.266541073986281e-07
   14          2.373342154171945e-07
   15          1.099067668622237e-07
   16          4.929997541629496e-08
   17          2.722136210004475e-08
   18          1.442236177989139e-08
   19          8.684334772126827e-09
   20          4.065231151403446e-09
   21          1.701766921812543e-09
   22          7.311918738254415e-10
   23          4.055308382659880e-10
   24          2.247642562086984e-10
   25          1.130590964215536e-10
 ------------------------------------- 


 Final ||Ax - b|| norm =  0.000000000055551
 Final energy = 11011.652659340787068

 Bond dimension before truncation: 6
 Bond dimension after truncation: 6

 MICROITERATION NUMBER = 1  , forward sweep
 - Left boundaries taken from index: 1
 - Right boundaries taken from index: 2


 Initial ||Ax - b|| norm =  0.999999999998738

 ------------------------------------- 
 Iteration  | Rel. error estimate      
 ------------------------------------- 
    0          9.999999999987380e-01
    1          1.402566487664445e-03
    2          8.836369222887203e-04
    3          6.003026537775409e-04
    4          3.069968391414718e-04
    5          1.816812805329862e-04
    6          1.109596831211712e-04
    7          5.842294087047127e-05
    8          3.500569004275067e-05
    9          2.132402724677714e-05
   10          1.320276749292460e-05
   11          8.792577047578494e-06
   12          4.486149538182583e-06
   13          2.118070378149647e-06
   14          1.054836065251620e-06
   15          5.660005356442426e-07
   16          2.979110115515266e-07
   17          1.535832714603544e-07
   18          8.018192722623098e-08
   19          4.032879427258356e-08
   20          2.248125868195864e-08
   21          1.416297463993120e-08
   22          8.502211199119680e-09
   23          4.862467053920601e-09
   24          2.509192315555188e-09
   25          1.217033813631151e-09
   26          5.529577813109522e-10
   27          3.100183497610008e-10
   28          1.903082596185067e-10
   29          1.065401666230861e-10
 ------------------------------------- 


 Final ||Ax - b|| norm =  0.000000000056097
 Final energy = 11011.652659332125040

 Bond dimension before truncation: 36
 Bond dimension after truncation: 36

 MICROITERATION NUMBER = 2  , forward sweep
 - Left boundaries taken from index: 2
 - Right boundaries taken from index: 3


 Initial ||Ax - b|| norm =  0.999999999998756

 ------------------------------------- 
 Iteration  | Rel. error estimate      
 ------------------------------------- 
    0          9.999999999987556e-01
    1          3.437620528319007e-02
    2          8.914770836107097e-03
    3          3.278125352625496e-03
    4          1.377430047187670e-03
    5          7.424736441248622e-04
    6          4.955571090731456e-04
    7          3.485960451580479e-04
    8          2.371264280645462e-04
    9          1.427219249830504e-04
   10          7.955666536172331e-05
   11          4.400280309940968e-05
   12          2.808234208508386e-05
   13          1.896263242185632e-05
   14          1.216414048218900e-05
   15          7.441092123592043e-06
   16          4.362769284929762e-06
   17          2.523862580949178e-06
   18          1.400370697470100e-06
   19          7.054285067792229e-07
   20          3.504951163687842e-07
   21          1.857045463173352e-07
   22          1.046010608737808e-07
   23          6.087323229069835e-08
   24          3.674683165071765e-08
   25          2.219187229812670e-08
   26          1.353223080783357e-08
   27          8.153625988769676e-09
   28          4.925859344291238e-09
   29          2.890644979832348e-09
   30          1.627837339784937e-09
   31          9.171474807927675e-10
   32          5.252994878799105e-10
   33          2.877586336154352e-10
   34          1.652953280702000e-10
   35          1.057014166341722e-10
 ------------------------------------- 


 Final ||Ax - b|| norm =  0.000000000067764
 Final energy = 11011.652645965898046

 Bond dimension before truncation: 216
 Bond dimension after truncation: 51

 MICROITERATION NUMBER = 3  , forward sweep
 - Left boundaries taken from index: 3
 - Right boundaries taken from index: 4


 Initial ||Ax - b|| norm =  0.999999998815819

 ------------------------------------- 
 Iteration  | Rel. error estimate      
 ------------------------------------- 
    0          9.999999988158190e-01
    1          4.592046527808578e-01
    2          1.561957382936133e-01
    3          5.597326582100900e-02
    4          2.452431715983307e-02
    5          1.044986570729837e-02
    6          5.006642161259893e-03
    7          2.543350159581898e-03
    8          1.369020414606675e-03
    9          7.697222118546072e-04
   10          4.557941639848312e-04
   11          2.773572745261174e-04
   12          1.616677028424209e-04
   13          9.773948306898798e-05
   14          6.451462402425001e-05
   15          3.912278067075541e-05
   16          2.092465056624962e-05
   17          1.094575108235367e-05
   18          6.019293719238243e-06
   19          3.221907265021391e-06
   20          1.836490808596240e-06
   21          1.067792826804048e-06
   22          6.713494940639099e-07
   23          4.265840727074305e-07
   24          2.569505361848675e-07
   25          1.330864468732450e-07
   26          6.723281335049049e-08
   27          3.650538422501138e-08
   28          2.195375923509967e-08
   29          1.463697615937068e-08
   30          9.409016280740936e-09
   31          5.525490951765635e-09
   32          3.038823258364113e-09
   33          1.584758744436206e-09
   34          8.392198425635729e-10
   35          4.858690587157521e-10
   36          3.050133114959939e-10
   37          2.001463721535102e-10
   38          1.278895628087092e-10
 ------------------------------------- 


 Final ||Ax - b|| norm =  0.000000000080379
 Final energy = 11011.649431480924250

 Bond dimension before truncation: 306
 Bond dimension after truncation: 51

 MICROITERATION NUMBER = 4  , forward sweep
 - Left boundaries taken from index: 4
 - Right boundaries taken from index: 5


 Initial ||Ax - b|| norm =  0.999999970380207

 ------------------------------------- 
 Iteration  | Rel. error estimate      
 ------------------------------------- 
    0          9.999999703802074e-01
    1          4.882133510000917e-01
    2          1.721562660713514e-01
    3          6.040200307160597e-02
    4          2.621833320656162e-02
    5          1.141237339747262e-02
    6          5.603120597485084e-03
    7          3.018320774149199e-03
    8          1.597821245860610e-03
    9          9.005710542371988e-04
   10          5.478061793466692e-04
   11          3.431183535092900e-04
   12          2.176935065265470e-04
   13          1.429765453750185e-04
   14          9.381859056025478e-05
   15          5.694322159548752e-05
   16          3.069540094587886e-05
   17          1.709590244899137e-05
   18          1.001532858841781e-05
   19          6.221472167521536e-06
   20          4.015364391194516e-06
   21          2.563878136333285e-06
   22          1.649815494665485e-06
   23          1.094316671776157e-06
   24          7.269038671436126e-07
   25          4.557455409373943e-07
   26          2.656972598938837e-07
   27          1.662956706722075e-07
   28          1.093400581508321e-07
   29          7.438757479985209e-08
   30          4.583508696841451e-08
   31          2.671061452214618e-08
   32          1.489033510150361e-08
   33          8.408608250094612e-09
   34          4.669569286678108e-09
   35          2.714634512198142e-09
   36          1.661912675568419e-09
   37          1.075579391557535e-09
   38          6.777064613416367e-10
   39          4.063140920275196e-10
   40          2.350765202593830e-10
   41          1.380771356248708e-10
 ------------------------------------- 


 Final ||Ax - b|| norm =  0.000000000082231
 Final energy = 11011.648383908699543

 Bond dimension before truncation: 306
 Bond dimension after truncation: 51

 MICROITERATION NUMBER = 5  , forward sweep
 - Left boundaries taken from index: 5
 - Right boundaries taken from index: 6


 Initial ||Ax - b|| norm =  0.999999855327061

 ------------------------------------- 
 Iteration  | Rel. error estimate      
 ------------------------------------- 
    0          9.999998553270613e-01
    1          5.485364258127607e-01
    2          2.017454750187794e-01
    3          7.096154957067248e-02
    4          3.021729005444825e-02
    5          1.425519982263350e-02
    6          6.955541893756511e-03
    7          3.671971604072194e-03
    8          2.159273484549224e-03
    9          1.308946644629314e-03
   10          8.574879374438956e-04
   11          6.093329043248534e-04
   12          4.268936215410313e-04
   13          2.911810224110977e-04
   14          1.853421018971155e-04
   15          1.080364818104971e-04
   16          6.402272540610447e-05
   17          4.290196488631272e-05
   18          2.920362335556997e-05
   19          1.988088428872352e-05
   20          1.349908165903273e-05
   21          8.198199399537894e-06
   22          4.983480719507971e-06
   23          3.247588421978263e-06
   24          1.958624258718659e-06
   25          1.159343459127366e-06
   26          6.706315766504016e-07
   27          4.149032912474234e-07
   28          2.680712484135765e-07
   29          1.728590431378456e-07
   30          1.012213786645907e-07
   31          5.613213528841696e-08
   32          3.185061833180180e-08
   33          1.868112872954254e-08
   34          1.118350856666915e-08
   35          6.524427644958979e-09
   36          3.819539190654960e-09
   37          2.309241533922747e-09
   38          1.404063301818811e-09
   39          8.385008079056061e-10
   40          5.084436506605155e-10
   41          3.065425211246977e-10
   42          1.871640680735541e-10
   43          1.146359661267870e-10
 ------------------------------------- 


 Final ||Ax - b|| norm =  0.000000000071105
 Final energy = 11011.646278729653204

 Bond dimension before truncation: 306
 Bond dimension after truncation: 51

 MICROITERATION NUMBER = 6  , forward sweep
 - Left boundaries taken from index: 6
 - Right boundaries taken from index: 7


 Initial ||Ax - b|| norm =  0.999999634168550

 ------------------------------------- 
 Iteration  | Rel. error estimate      
 ------------------------------------- 
    0          9.999996341685501e-01
    1          6.688709301340433e-01
    2          2.613733195898205e-01
    3          9.392737115194928e-02
    4          4.030755154975211e-02
    5          1.970908859865022e-02
    6          1.065489168963013e-02
    7          5.832481411904460e-03
    8          3.340515886607275e-03
    9          2.012912378612266e-03
   10          1.314923040173641e-03
   11          9.200992794213927e-04
   12          6.581390620787723e-04
   13          4.547537720391904e-04
   14          3.010061656174392e-04
   15          1.891264989352734e-04
   16          1.110181554156607e-04
   17          6.806645478879181e-05
   18          4.518729058571588e-05
   19          3.071430362177734e-05
   20          2.115440555329967e-05
   21          1.394018374771034e-05
   22          8.641655704345320e-06
   23          5.365444138763245e-06
   24          3.264564514394417e-06
   25          1.872941536898989e-06
   26          1.074924598930229e-06
   27          6.370344108894123e-07
   28          4.167693386656262e-07
   29          2.815863524241880e-07
   30          1.784436906079276e-07
   31          1.014585964440912e-07
   32          5.567256601331372e-08
   33          3.200216182009782e-08
   34          1.886047317163899e-08
   35          1.105627094142097e-08
   36          6.485009934703978e-09
   37          3.786937826718202e-09
   38          2.330768950468962e-09
   39          1.493627392290836e-09
   40          9.572420234397882e-10
   41          6.211379015218993e-10
   42          4.055696993662625e-10
   43          2.566639518100281e-10
   44          1.550470790650509e-10
 ------------------------------------- 


 Final ||Ax - b|| norm =  0.000000000090184
 Final energy = 11011.641552521832637

 Bond dimension before truncation: 306
 Bond dimension after truncation: 51

 MICROITERATION NUMBER = 7  , forward sweep
 - Left boundaries taken from index: 7
 - Right boundaries taken from index: 8


 Initial ||Ax - b|| norm =  0.999999340871678

 ------------------------------------- 
 Iteration  | Rel. error estimate      
 ------------------------------------- 
    0          9.999993408716775e-01
    1          7.669275669111981e-01
    2          3.390154406440937e-01
    3          1.107929123526298e-01
    4          4.458135987286335e-02
    5          2.202739454188685e-02
    6          1.175266723873424e-02
    7          6.661657677152188e-03
    8          4.155266014000680e-03
    9          2.570293649386327e-03
   10          1.720883566567739e-03
   11          1.201260299337259e-03
   12          8.653468855787424e-04
   13          6.221946423637748e-04
   14          4.183274449054879e-04
   15          2.779537894487917e-04
   16          1.794215233614269e-04
   17          1.170988163382028e-04
   18          7.707324836156477e-05
   19          5.242712058653053e-05
   20          3.738215011348133e-05
   21          2.502597408251921e-05
   22          1.646273415342861e-05
   23          1.050956111699321e-05
   24          6.592336834688682e-06
   25          4.081998007459152e-06
   26          2.553077188536866e-06
   27          1.614382843245344e-06
   28          1.083078172102629e-06
   29          7.697679665777492e-07
   30          5.245046009575133e-07
   31          3.328017154955197e-07
   32          2.029688943311679e-07
   33          1.175524743902792e-07
   34          6.852962512059050e-08
   35          3.954431620337158e-08
   36          2.372452249236977e-08
   37          1.540125904411021e-08
   38          1.010140679397954e-08
   39          6.452705307143562e-09
   40          4.211892932023285e-09
   41          2.810664454478975e-09
   42          1.869919390108023e-09
   43          1.245084358064820e-09
   44          8.024457709362424e-10
   45          4.919513554625430e-10
   46          2.867449000392742e-10
   47          1.723357577194865e-10
   48          1.048037990532237e-10
 ------------------------------------- 


 Final ||Ax - b|| norm =  0.000000000061554
 Final energy = 11011.635111880617842

 Bond dimension before truncation: 306
 Bond dimension after truncation: 51

 MICROITERATION NUMBER = 8  , forward sweep
 - Left boundaries taken from index: 8
 - Right boundaries taken from index: 9


 Initial ||Ax - b|| norm =  0.999999116914295

 ------------------------------------- 
 Iteration  | Rel. error estimate      
 ------------------------------------- 
    0          9.999991169142954e-01
    1          7.403858245467982e-01
    2          3.749972089214867e-01
    3          1.758796561186745e-01
    4          8.976700322184643e-02
    5          4.727632536028306e-02
    6          2.544707269192234e-02
    7          1.498124554573320e-02
    8          9.445271610260680e-03
    9          6.143893622899165e-03
   10          4.174183062099691e-03
   11          3.018117778943813e-03
   12          2.148470701453270e-03
   13          1.588215381127495e-03
   14          1.221978796362640e-03
   15          9.570067476211018e-04
   16          7.473356115807698e-04
   17          5.556714445416208e-04
   18          4.000801543058732e-04
   19          2.798124507857398e-04
   20          1.953520252173873e-04
   21          1.354590095779860e-04
   22          9.892892937518542e-05
   23          7.448869367280252e-05
   24          5.592761725887449e-05
   25          4.234739397709726e-05
   26          3.280449383906355e-05
   27          2.491483598602138e-05
   28          1.848954265358889e-05
   29          1.308561381426139e-05
   30          8.666058946436641e-06
   31          5.775291727133715e-06
   32          3.908311406621347e-06
   33          2.616314233565447e-06
   34          1.709863350283973e-06
   35          1.116052367932756e-06
   36          7.490094360198829e-07
   37          5.188651283499320e-07
   38          3.724449004541125e-07
   39          2.824980962514830e-07
   40          2.179315118181469e-07
   41          1.619928614115608e-07
   42          1.137783404155762e-07
   43          8.242689487950274e-08
   44          6.008602476397143e-08
   45          4.237918971989901e-08
   46          2.936427670684505e-08
   47          1.996770284733110e-08
   48          1.329650958023850e-08
 ------------------------------------- 


 Final ||Ax - b|| norm =  0.000000008332610
 Final energy = 11011.635132412797248

 Bond dimension before truncation: 306
 Bond dimension after truncation: 51

 MICROITERATION NUMBER = 9  , forward sweep
 - Left boundaries taken from index: 9
 - Right boundaries taken from index: 10


 Initial ||Ax - b|| norm =  0.999998890096774

 ------------------------------------- 
 Iteration  | Rel. error estimate      
 ------------------------------------- 
    0          9.999988900967739e-01
    1          6.493550945970847e-01
    2          3.128811221341733e-01
    3          1.743977251949481e-01
    4          1.047742839540873e-01
    5          6.766344640251834e-02
    6          4.468792311906014e-02
    7          2.914485625285326e-02
    8          1.877053014931776e-02
    9          1.245351959349218e-02
   10          8.782533666425734e-03
   11          6.201437550146747e-03
   12          4.308155975970591e-03
   13          3.254966377248123e-03
   14          2.500781701900907e-03
   15          2.024416958902321e-03
   16          1.640477014725291e-03
   17          1.349455088114915e-03
   18          1.120526525259712e-03
   19          9.141809629008509e-04
   20          6.846166923351613e-04
   21          5.000911016628692e-04
   22          3.674447268836639e-04
   23          2.813313727281148e-04
   24          2.146584538271453e-04
   25          1.750314774050970e-04
   26          1.323510013356461e-04
   27          1.034895998893163e-04
   28          8.148513105662445e-05
   29          6.516710837808638e-05
   30          5.384938218141123e-05
   31          4.418666597936841e-05
   32          3.477673301610002e-05
   33          2.858666597439514e-05
   34          2.381372831169754e-05
   35          1.945701573072316e-05
   36          1.593009355477842e-05
   37          1.259759226316377e-05
   38          9.396438689925375e-06
   39          7.081422168972157e-06
   40          5.266143975907765e-06
   41          4.044538212023412e-06
   42          2.900849688447250e-06
   43          2.015944669676793e-06
   44          1.429535921544289e-06
   45          1.037719768785276e-06
   46          7.721079692562942e-07
   47          5.901098209895499e-07
   48          4.383361404564272e-07
 ------------------------------------- 


 Final ||Ax - b|| norm =  0.000000329623867
 Final energy = 11011.637054740156600

 Bond dimension before truncation: 306
 Bond dimension after truncation: 51

 MICROITERATION NUMBER = 10  , forward sweep
 - Left boundaries taken from index: 10
 - Right boundaries taken from index: 11


 Initial ||Ax - b|| norm =  0.999998777514380

 ------------------------------------- 
 Iteration  | Rel. error estimate      
 ------------------------------------- 
    0          9.999987775143799e-01
    1          4.788621127941797e-01
    2          1.971262836532554e-01
    3          8.670495459698503e-02
    4          4.200716021456378e-02
    5          2.179624973000830e-02
    6          1.209903304974016e-02
    7          7.031080134041012e-03
    8          4.695821143711653e-03
    9          3.096839504680928e-03
   10          2.248603044989059e-03
   11          1.631054342986173e-03
   12          1.251729663471769e-03
   13          9.577046229561900e-04
   14          6.844059043916984e-04
   15          4.628181512977961e-04
   16          2.947228237680681e-04
   17          2.086026735065784e-04
   18          1.559148799980679e-04
   19          1.134233930835667e-04
   20          8.113986976831901e-05
   21          5.925001698873968e-05
   22          4.202343536255308e-05
   23          2.798051298378228e-05
   24          1.640533846005774e-05
   25          9.567350191119097e-06
   26          5.835177040882001e-06
   27          3.987853729656285e-06
   28          2.601020768588575e-06
   29          1.730870033301269e-06
   30          1.142099244465181e-06
   31          7.411861694346291e-07
   32          4.446823001412049e-07
   33          2.664641707462665e-07
   34          1.642886323670256e-07
   35          9.233177150567598e-08
   36          5.468447157596081e-08
   37          3.450531138820079e-08
   38          2.130195463117941e-08
   39          1.300721703181104e-08
   40          7.581097747741758e-09
   41          4.131452960873984e-09
   42          2.329187735174033e-09
   43          1.182827643047768e-09
   44          6.173533455544343e-10
   45          3.037990681298433e-10
   46          1.525085734214027e-10
 ------------------------------------- 


 Final ||Ax - b|| norm =  0.000000000092446
 Final energy = 11011.637286892810152

 Bond dimension before truncation: 306
 Bond dimension after truncation: 51

 MICROITERATION NUMBER = 11  , forward sweep
 - Left boundaries taken from index: 11
 - Right boundaries taken from index: 12


 Initial ||Ax - b|| norm =  0.999998776517484

 ------------------------------------- 
 Iteration  | Rel. error estimate      
 ------------------------------------- 
    0          9.999987765174845e-01
    1          4.675606768745380e-01
    2          1.742120090345385e-01
    3          6.328784429687909e-02
    4          2.723309091938186e-02
    5          1.433418110458477e-02
    6          7.278571976141238e-03
    7          3.935841715531063e-03
    8          2.181894608961676e-03
    9          1.305992448287810e-03
   10          8.351645284252790e-04
   11          6.052038257466758e-04
   12          3.908626407220213e-04
   13          2.468517992639203e-04
   14          1.557971600174833e-04
   15          9.835972076713419e-05
   16          6.053694345566146e-05
   17          3.693462828704773e-05
   18          2.109585795407161e-05
   19          1.126009455099787e-05
   20          5.824136994350234e-06
   21          2.932912913854468e-06
   22          1.411506989944391e-06
   23          8.855831830165484e-07
   24          6.517789379010311e-07
   25          4.937805999548054e-07
   26          3.806839843028423e-07
   27          2.941090173280294e-07
   28          2.283474664951633e-07
   29          1.784559694850059e-07
   30          1.368598109477129e-07
   31          9.820296859004999e-08
   32          6.236840535871763e-08
   33          3.419192051825596e-08
   34          1.741087320567299e-08
   35          9.494593735051710e-09
   36          5.913725900791962e-09
   37          4.225914444232844e-09
   38          2.990939462723305e-09
   39          2.027737212802637e-09
   40          1.350349639974071e-09
   41          7.570849645026842e-10
   42          4.066570856065107e-10
   43          2.174611850396752e-10
   44          1.041211509568877e-10
 ------------------------------------- 


 Final ||Ax - b|| norm =  0.000000000049899
 Final energy = 11011.637286892819247

 Bond dimension before truncation: 6
 Bond dimension after truncation: 6

 MICROITERATION NUMBER = 12  , backward sweep
 - Left boundaries taken from index: 10
 - Right boundaries taken from index: 11


 Initial ||Ax - b|| norm =  0.999998777514380

 ------------------------------------- 
 Iteration  | Rel. error estimate      
 ------------------------------------- 
    0          9.999987775143797e-01
    1          4.788621127942803e-01
    2          1.971262836533110e-01
    3          8.670495459701658e-02
    4          4.200716021458522e-02
    5          2.179624973002447e-02
    6          1.209903304975239e-02
    7          7.031080134049296e-03
    8          4.695821143717629e-03
    9          3.096839504684492e-03
   10          2.248603044991521e-03
   11          1.631054342987794e-03
   12          1.251729663472700e-03
   13          9.577046229565276e-04
   14          6.844059043916996e-04
   15          4.628181512978930e-04
   16          2.947228237684216e-04
   17          2.086026735069953e-04
   18          1.559148799983837e-04
   19          1.134233930837267e-04
   20          8.113986976839948e-05
   21          5.925001698880806e-05
   22          4.202343536261940e-05
   23          2.798051298383443e-05
   24          1.640533846009257e-05
   25          9.567350191147858e-06
   26          5.835177040909171e-06
   27          3.987853729679784e-06
   28          2.601020768601029e-06
   29          1.730870033293913e-06
   30          1.142099244450164e-06
   31          7.411861694292124e-07
   32          4.446823001406000e-07
   33          2.664641707464270e-07
   34          1.642886323672464e-07
   35          9.233177150587485e-08
   36          5.468447157610717e-08
   37          3.450531138829754e-08
   38          2.130195463123839e-08
   39          1.300721703183849e-08
   40          7.581097747748900e-09
   41          4.131452960870594e-09
   42          2.329187735159829e-09
   43          1.182827642977740e-09
   44          6.173533452041236e-10
   45          3.037990663542184e-10
   46          1.525085688195515e-10
 ------------------------------------- 


 Final ||Ax - b|| norm =  0.000000000092449
 Final energy = 11011.637286892799239

 Bond dimension before truncation: 36
 Bond dimension after truncation: 36

 MICROITERATION NUMBER = 13  , backward sweep
 - Left boundaries taken from index: 9
 - Right boundaries taken from index: 10


 Initial ||Ax - b|| norm =  0.999998890096773

 ------------------------------------- 
 Iteration  | Rel. error estimate      
 ------------------------------------- 
    0          9.999988900967726e-01
    1          6.493550945977770e-01
    2          3.128811221346910e-01
    3          1.743977251952559e-01
    4          1.047742839542758e-01
    5          6.766344640264219e-02
    6          4.468792311914463e-02
    7          2.914485625291150e-02
    8          1.877053014935811e-02
    9          1.245351959352104e-02
   10          8.782533666447375e-03
   11          6.201437550162859e-03
   12          4.308155975982421e-03
   13          3.254966377257217e-03
   14          2.500781701907790e-03
   15          2.024416958907529e-03
   16          1.640477014729016e-03
   17          1.349455088117558e-03
   18          1.120526525261682e-03
   19          9.141809629024175e-04
   20          6.846166923363316e-04
   21          5.000911016622134e-04
   22          3.674447268736688e-04
   23          2.813313726952926e-04
   24          2.146584537171619e-04
   25          1.750314773385598e-04
   26          1.323510013283205e-04
   27          1.034895998879140e-04
   28          8.148513105373859e-05
   29          6.516710835967775e-05
   30          5.384938211256429e-05
   31          4.418666585474058e-05
   32          3.477673276029590e-05
   33          2.858666560553079e-05
   34          2.381372821829246e-05
   35          1.945701571925463e-05
   36          1.593009355369731e-05
   37          1.259759226312866e-05
   38          9.396438689997268e-06
   39          7.081422169287751e-06
   40          5.266143977308520e-06
   41          4.044538213689644e-06
   42          2.900849688671997e-06
   43          2.015944669751344e-06
   44          1.429535921696329e-06
   45          1.037719769015042e-06
   46          7.721079694791124e-07
   47          5.901098210254377e-07
   48          4.383361402913521e-07
 ------------------------------------- 


 Final ||Ax - b|| norm =  0.000000329623856
 Final energy = 11011.637054740114763

 Bond dimension before truncation: 216
 Bond dimension after truncation: 51

 MICROITERATION NUMBER = 14  , backward sweep
 - Left boundaries taken from index: 8
 - Right boundaries taken from index: 9


 Initial ||Ax - b|| norm =  0.999999116914294

 ------------------------------------- 
 Iteration  | Rel. error estimate      
 ------------------------------------- 
    0          9.999991169142940e-01
    1          7.403858247912052e-01
    2          3.749972092264536e-01
    3          1.758796564253071e-01
    4          8.976700336918839e-02
    5          4.727632534934196e-02
    6          2.544707264187113e-02
    7          1.498124552080260e-02
    8          9.445271588828050e-03
    9          6.143893607940478e-03
   10          4.174183051107968e-03
   11          3.018117773689050e-03
   12          2.148470696442034e-03
   13          1.588215376149245e-03
   14          1.221978793116960e-03
   15          9.570067441391817e-04
   16          7.473356081846323e-04
   17          5.556714431815915e-04
   18          4.000801524214782e-04
   19          2.798124488813390e-04
   20          1.953520238545666e-04
   21          1.354590088283442e-04
   22          9.892892869353847e-05
   23          7.448869317005256e-05
   24          5.592761698859865e-05
   25          4.234739375917200e-05
   26          3.280449362256508e-05
   27          2.491483582274261e-05
   28          1.848954250998263e-05
   29          1.308561366714300e-05
   30          8.666058839433847e-06
   31          5.775291676210193e-06
   32          3.908311371141959e-06
   33          2.616314191174655e-06
   34          1.709863326829119e-06
   35          1.116052352826333e-06
   36          7.490094248421687e-07
   37          5.188651233613332e-07
   38          3.724448975253603e-07
   39          2.824980936923935e-07
   40          2.179315094617770e-07
   41          1.619928593711062e-07
   42          1.137783390820255e-07
   43          8.242689378504916e-08
   44          6.008602397760389e-08
   45          4.237918928080021e-08
   46          2.936427634558075e-08
   47          1.996770250027049e-08
   48          1.329650921713409e-08
 ------------------------------------- 


 Final ||Ax - b|| norm =  0.000000008332582
 Final energy = 11011.635132412837265

 Bond dimension before truncation: 306
 Bond dimension after truncation: 51

 MICROITERATION NUMBER = 15  , backward sweep
 - Left boundaries taken from index: 7
 - Right boundaries taken from index: 8


 Initial ||Ax - b|| norm =  0.999999340871676

 ------------------------------------- 
 Iteration  | Rel. error estimate      
 ------------------------------------- 
    0          9.999993408716763e-01
    1          7.669275659621327e-01
    2          3.390154351370525e-01
    3          1.107929100908183e-01
    4          4.458135881270681e-02
    5          2.202739406031872e-02
    6          1.175266692046576e-02
    7          6.661657526016531e-03
    8          4.155265901196058e-03
    9          2.570293584572727e-03
   10          1.720883525278531e-03
   11          1.201260271685232e-03
   12          8.653468654775273e-04
   13          6.221946249289644e-04
   14          4.183274304222950e-04
   15          2.779537791421902e-04
   16          1.794215156085706e-04
   17          1.170988112231661e-04
   18          7.707324490744903e-05
   19          5.242711850676840e-05
   20          3.738214856172993e-05
   21          2.502597282238080e-05
   22          1.646273326001794e-05
   23          1.050956049161820e-05
   24          6.592336374931651e-06
   25          4.081997718734807e-06
   26          2.553076994132716e-06
   27          1.614382722743053e-06
   28          1.083078104688114e-06
   29          7.697679212190368e-07
   30          5.245045597881406e-07
   31          3.328016873838173e-07
   32          2.029688741501724e-07
   33          1.175524629476041e-07
   34          6.852961812183890e-08
   35          3.954431245826900e-08
   36          2.372452036763737e-08
   37          1.540125797292997e-08
   38          1.010140596568207e-08
   39          6.452704820663687e-09
   40          4.211892603943901e-09
   41          2.810664233217339e-09
   42          1.869919229815834e-09
   43          1.245084242235474e-09
   44          8.024456854809844e-10
   45          4.919512923456858e-10
   46          2.867448616873391e-10
   47          1.723357359145957e-10
   48          1.048037854239844e-10
 ------------------------------------- 


 Final ||Ax - b|| norm =  0.000000000061553
 Final energy = 11011.635111880628756

 Bond dimension before truncation: 306
 Bond dimension after truncation: 51

 MICROITERATION NUMBER = 16  , backward sweep
 - Left boundaries taken from index: 6
 - Right boundaries taken from index: 7


 Initial ||Ax - b|| norm =  0.999999634168550

 ------------------------------------- 
 Iteration  | Rel. error estimate      
 ------------------------------------- 
    0          9.999996341685503e-01
    1          6.688709526114833e-01
    2          2.613733432955541e-01
    3          9.392738534583552e-02
    4          4.030755781927776e-02
    5          1.970909154504000e-02
    6          1.065489368367649e-02
    7          5.832482590699966e-03
    8          3.340516622908104e-03
    9          2.012912815839557e-03
   10          1.314923309431911e-03
   11          9.200994661935756e-04
   12          6.581392057789714e-04
   13          4.547538656364156e-04
   14          3.010062392075081e-04
   15          1.891265470457769e-04
   16          1.110181871808044e-04
   17          6.806647430843297e-05
   18          4.518730322078510e-05
   19          3.071431303112216e-05
   20          2.115441242903829e-05
   21          1.394018944757279e-05
   22          8.641659274541764e-06
   23          5.365446268564581e-06
   24          3.264566041901994e-06
   25          1.872942414438276e-06
   26          1.074925122918622e-06
   27          6.370347250038794e-07
   28          4.167695125105653e-07
   29          2.815864768859185e-07
   30          1.784437826667545e-07
   31          1.014586583346615e-07
   32          5.567260346102817e-08
   33          3.200218290465848e-08
   34          1.886048661844519e-08
   35          1.105627851608285e-08
   36          6.485014698346930e-09
   37          3.786940637479725e-09
   38          2.330770493963793e-09
   39          1.493628407247955e-09
   40          9.572426523843005e-10
   41          6.211382918834490e-10
   42          4.055699477065613e-10
   43          2.566641058819555e-10
   44          1.550471549812167e-10
 ------------------------------------- 


 Final ||Ax - b|| norm =  0.000000000090200
 Final energy = 11011.641552521785343

 Bond dimension before truncation: 306
 Bond dimension after truncation: 51

 MICROITERATION NUMBER = 17  , backward sweep
 - Left boundaries taken from index: 5
 - Right boundaries taken from index: 6


 Initial ||Ax - b|| norm =  0.999999855327058

 ------------------------------------- 
 Iteration  | Rel. error estimate      
 ------------------------------------- 
    0          9.999998553270583e-01
    1          5.485365004821636e-01
    2          2.017455811980410e-01
    3          7.096161975893756e-02
    4          3.021731766118977e-02
    5          1.425521108245581e-02
    6          6.955547776458880e-03
    7          3.671973913734380e-03
    8          2.159274486840389e-03
    9          1.308947196112386e-03
   10          8.574880288771127e-04
   11          6.093329153162090e-04
   12          4.268937839701361e-04
   13          2.911812318790384e-04
   14          1.853422908433815e-04
   15          1.080366154139250e-04
   16          6.402280133770476e-05
   17          4.290200515247062e-05
   18          2.920364865369961e-05
   19          1.988090286808495e-05
   20          1.349910204125312e-05
   21          8.198216442958813e-06
   22          4.983488668678539e-06
   23          3.247592901183029e-06
   24          1.958627386067549e-06
   25          1.159345457885833e-06
   26          6.706327884639405e-07
   27          4.149040227942858e-07
   28          2.680717183950186e-07
   29          1.728593891315330e-07
   30          1.012216534791266e-07
   31          5.613228904587422e-08
   32          3.185070226457405e-08
   33          1.868117124051698e-08
   34          1.118353523030984e-08
   35          6.524445672664591e-09
   36          3.819547922362802e-09
   37          2.309246456009704e-09
   38          1.404067011379853e-09
   39          8.385029503023868e-10
   40          5.084449206385820e-10
   41          3.065432429156182e-10
   42          1.871644564254285e-10
   43          1.146362131597917e-10
 ------------------------------------- 


 Final ||Ax - b|| norm =  0.000000000071091
 Final energy = 11011.646278733795043

 Bond dimension before truncation: 306
 Bond dimension after truncation: 51

 MICROITERATION NUMBER = 18  , backward sweep
 - Left boundaries taken from index: 4
 - Right boundaries taken from index: 5


 Initial ||Ax - b|| norm =  0.999999970380204

 ------------------------------------- 
 Iteration  | Rel. error estimate      
 ------------------------------------- 
    0          9.999999703802038e-01
    1          4.882133718478653e-01
    2          1.721562869965744e-01
    3          6.040201518788620e-02
    4          2.621833897801664e-02
    5          1.141237510610603e-02
    6          5.603120488908271e-03
    7          3.018320042135017e-03
    8          1.597820275237755e-03
    9          9.005700025331617e-04
   10          5.478052092786657e-04
   11          3.431175330020303e-04
   12          2.176928715726333e-04
   13          1.429761460575641e-04
   14          9.381839120051780e-05
   15          5.694316491015189e-05
   16          3.069541022383529e-05
   17          1.709592643838041e-05
   18          1.001535809067648e-05
   19          6.221502219075371e-06
   20          4.015390566894610e-06
   21          2.563898689343947e-06
   22          1.649830576555101e-06
   23          1.094326649557706e-06
   24          7.269097488721629e-07
   25          4.557484505615189e-07
   26          2.656986213043255e-07
   27          1.662964527094329e-07
   28          1.093405247304341e-07
   29          7.438783362046829e-08
   30          4.583519232480740e-08
   31          2.671065789609377e-08
   32          1.489035685351545e-08
   33          8.408617593052718e-09
   34          4.669574309079743e-09
   35          2.714637569895709e-09
   36          1.661914395743772e-09
   37          1.075580515050954e-09
   38          6.777070613428923e-10
   39          4.063142711404214e-10
   40          2.350765485767646e-10
   41          1.380771263254783e-10
 ------------------------------------- 


 Final ||Ax - b|| norm =  0.000000000082220
 Final energy = 11011.648383913659927

 Bond dimension before truncation: 306
 Bond dimension after truncation: 51

 MICROITERATION NUMBER = 19  , backward sweep
 - Left boundaries taken from index: 3
 - Right boundaries taken from index: 4


 Initial ||Ax - b|| norm =  0.999999998815816

 ------------------------------------- 
 Iteration  | Rel. error estimate      
 ------------------------------------- 
    0          9.999999988158162e-01
    1          4.592046606030783e-01
    2          1.561957470044736e-01
    3          5.597327862796588e-02
    4          2.452432126438897e-02
    5          1.044986736086576e-02
    6          5.006642473059854e-03
    7          2.543349396707260e-03
    8          1.369019473100647e-03
    9          7.697211202241083e-04
   10          4.557931720866521e-04
   11          2.773564934578255e-04
   12          1.616670734686888e-04
   13          9.773905901838564e-05
   14          6.451436852911785e-05
   15          3.912268510087098e-05
   16          2.092462356444111e-05
   17          1.094574423762259e-05
   18          6.019292963271223e-06
   19          3.221908986883839e-06
   20          1.836493285252650e-06
   21          1.067795172967279e-06
   22          6.713514449823355e-07
   23          4.265853912620935e-07
   24          2.569513289792930e-07
   25          1.330869851759121e-07
   26          6.723328642153740e-08
   27          3.650587254050559e-08
   28          2.195423035198240e-08
   29          1.463737683651562e-08
   30          9.409306904274916e-09
   31          5.525685547933439e-09
   32          3.038964310268843e-09
   33          1.584880431929296e-09
   34          8.393435041476807e-10
   35          4.859936062038326e-10
   36          3.051266915879058e-10
   37          2.002348252305880e-10
   38          1.279482900180263e-10
 ------------------------------------- 


 Final ||Ax - b|| norm =  0.000000000080420
 Final energy = 11011.649431486903268

 Bond dimension before truncation: 306
 Bond dimension after truncation: 51

 MICROITERATION NUMBER = 20  , backward sweep
 - Left boundaries taken from index: 2
 - Right boundaries taken from index: 3


 Initial ||Ax - b|| norm =  0.999999999998752

 ------------------------------------- 
 Iteration  | Rel. error estimate      
 ------------------------------------- 
    0          9.999999999987523e-01
    1          3.437619880972144e-02
    2          8.914771406871363e-03
    3          3.278125317506448e-03
    4          1.377424410315221e-03
    5          7.424659147659495e-04
    6          4.955502040635498e-04
    7          3.485916446009127e-04
    8          2.371242910815812e-04
    9          1.427210675000824e-04
   10          7.955625120232107e-05
   11          4.400243794744717e-05
   12          2.808199381772528e-05
   13          1.896235596704627e-05
   14          1.216396277892338e-05
   15          7.440979202372059e-06
   16          4.362707057423967e-06
   17          2.523841657066236e-06
   18          1.400366597279559e-06
   19          7.054250742848907e-07
   20          3.504901419981909e-07
   21          1.857005457251315e-07
   22          1.045987877470952e-07
   23          6.087219690801258e-08
   24          3.674640811684700e-08
   25          2.219164822769208e-08
   26          1.353206180459953e-08
   27          8.153501120183789e-09
   28          4.925784318718041e-09
   29          2.890603998373963e-09
   30          1.627813410908775e-09
   31          9.171330395158432e-10
   32          5.252914479061366e-10
   33          2.877550581763044e-10
   34          1.652930652932157e-10
   35          1.056997522233244e-10
 ------------------------------------- 


 Final ||Ax - b|| norm =  0.000000000067771
 Final energy = 11011.652645972344544

 Bond dimension before truncation: 306
 Bond dimension after truncation: 51

 MICROITERATION NUMBER = 21  , backward sweep
 - Left boundaries taken from index: 1
 - Right boundaries taken from index: 2


 Initial ||Ax - b|| norm =  0.999999999998734

 ------------------------------------- 
 Iteration  | Rel. error estimate      
 ------------------------------------- 
    0          9.999999999987337e-01
    1          1.402556386893469e-03
    2          8.836192438229498e-04
    3          6.002959078080297e-04
    4          3.069966134114619e-04
    5          1.816825610391823e-04
    6          1.109580701014415e-04
    7          5.842397120241658e-05
    8          3.500641488027628e-05
    9          2.132367679928033e-05
   10          1.320262954215608e-05
   11          8.792693772219030e-06
   12          4.486060737261348e-06
   13          2.117979258021480e-06
   14          1.054821092994398e-06
   15          5.659876576177929e-07
   16          2.978995949829727e-07
   17          1.535850460694579e-07
   18          8.018102465865221e-08
   19          4.032616103376543e-08
   20          2.248096495819524e-08
   21          1.416305620345022e-08
   22          8.501725674935944e-09
   23          4.862353270300979e-09
   24          2.509128201443944e-09
   25          1.216923311141186e-09
   26          5.529605314677994e-10
   27          3.100158976546509e-10
   28          1.903009690959352e-10
   29          1.065427444405097e-10
 ------------------------------------- 


 Final ||Ax - b|| norm =  0.000000000056095
 Final energy = 11011.652659338535159

 Bond dimension before truncation: 306
 Bond dimension after truncation: 51


 -------------------
   SWEEP NUMBER 3
 -------------------
 - Noise parameter: 0.0000000100
 - Maximum bond dimension: 50
 - Truncation parameter: 0.0000000000

 MICROITERATION NUMBER = 0  , forward sweep
 - Left boundaries taken from index: 0
 - Right boundaries taken from index: 1


 Initial ||Ax - b|| norm =  0.999999999998727

 ------------------------------------- 
 Iteration  | Rel. error estimate      
 ------------------------------------- 
    0          9.999999999987266e-01
    1          1.058777325311859e-03
    2          6.934321951866089e-04
    3          3.488679411359463e-04
    4          1.963076524651954e-04
    5          1.063216420094335e-04
    6          5.697109954311099e-05
    7          3.009265021897970e-05
    8          1.682489441514872e-05
    9          1.085572359923796e-05
   10          5.118124979894193e-06
   11          2.170203505978319e-06
   12          9.889270080189620e-07
   13          5.266981557167275e-07
   14          2.374191454511070e-07
   15          1.099281276242239e-07
   16          4.930379978574718e-08
   17          2.722749995684393e-08
   18          1.442446301784272e-08
   19          8.685434767972547e-09
   20          4.066482397829909e-09
   21          1.702190601066550e-09
   22          7.314946646406644e-10
   23          4.056462850761064e-10
   24          2.248682726483130e-10
   25          1.131930950390868e-10
 ------------------------------------- 


 Final ||Ax - b|| norm =  0.000000000055818
 Final energy = 11011.652659347188091

 Bond dimension before truncation: 6
 Bond dimension after truncation: 6

 MICROITERATION NUMBER = 1  , forward sweep
 - Left boundaries taken from index: 1
 - Right boundaries taken from index: 2


 Initial ||Ax - b|| norm =  0.999999999998734

 ------------------------------------- 
 Iteration  | Rel. error estimate      
 ------------------------------------- 
    0          9.999999999987339e-01
    1          1.402556386893171e-03
    2          8.836192438224647e-04
    3          6.002959078064799e-04
    4          3.069966134141529e-04
    5          1.816825610473420e-04
    6          1.109580701103626e-04
    7          5.842397120719627e-05
    8          3.500641488267860e-05
    9          2.132367680105209e-05
   10          1.320262954346084e-05
   11          8.792693772734521e-06
   12          4.486060737144907e-06
   13          2.117979257833745e-06
   14          1.054821092836342e-06
   15          5.659876574744455e-07
   16          2.978995948511128e-07
   17          1.535850459546786e-07
   18          8.018102456137356e-08
   19          4.032616094601320e-08
   20          2.248096488479825e-08
   21          1.416305615306511e-08
   22          8.501725648080412e-09
   23          4.862353259064037e-09
   24          2.509128197688097e-09
   25          1.216923309820588e-09
   26          5.529605308872541e-10
   27          3.100158972925741e-10
   28          1.903009688983912e-10
   29          1.065427443640745e-10
 ------------------------------------- 


 Final ||Ax - b|| norm =  0.000000000056090
 Final energy = 11011.652659338549711

 Bond dimension before truncation: 36
 Bond dimension after truncation: 36

 MICROITERATION NUMBER = 2  , forward sweep
 - Left boundaries taken from index: 2
 - Right boundaries taken from index: 3


 Initial ||Ax - b|| norm =  0.999999999998753

 ------------------------------------- 
 Iteration  | Rel. error estimate      
 ------------------------------------- 
    0          9.999999999987528e-01
    1          3.437619880966752e-02
    2          8.914771406857468e-03
    3          3.278125317501551e-03
    4          1.377424410314820e-03
    5          7.424659147682410e-04
    6          4.955502040670835e-04
    7          3.485916446048945e-04
    8          2.371242910856516e-04
    9          1.427210675039794e-04
   10          7.955625120571563e-05
   11          4.400243795009579e-05
   12          2.808199381953362e-05
   13          1.896235596801679e-05
   14          1.216396277927741e-05
   15          7.440979202485150e-06
   16          4.362707057463784e-06
   17          2.523841657056368e-06
   18          1.400366597230125e-06
   19          7.054250742141691e-07
   20          3.504901419158327e-07
   21          1.857005456396490e-07
   22          1.045987876666729e-07
   23          6.087219683652924e-08
   24          3.674640805979003e-08
   25          2.219164818625183e-08
   26          1.353206177751467e-08
   27          8.153501104077552e-09
   28          4.925784309647494e-09
   29          2.890603993702213e-09
   30          1.627813408674565e-09
   31          9.171330383989368e-10
   32          5.252914473481398e-10
   33          2.877550579529309e-10
   34          1.652930652779647e-10
   35          1.056997525318762e-10
 ------------------------------------- 


 Final ||Ax - b|| norm =  0.000000000067754
 Final energy = 11011.652645972364553

 Bond dimension before truncation: 216
 Bond dimension after truncation: 51

 MICROITERATION NUMBER = 3  , forward sweep
 - Left boundaries taken from index: 3
 - Right boundaries taken from index: 4


 Initial ||Ax - b|| norm =  0.999999998815816

 ------------------------------------- 
 Iteration  | Rel. error estimate      
 ------------------------------------- 
    0          9.999999988158164e-01
    1          4.592046603865021e-01
    2          1.561957468440072e-01
    3          5.597327854562799e-02
    4          2.452432123460696e-02
    5          1.044986738004078e-02
    6          5.006642491557758e-03
    7          2.543349413009574e-03
    8          1.369019486433792e-03
    9          7.697211253920454e-04
   10          4.557931747692896e-04
   11          2.773564952536975e-04
   12          1.616670743917521e-04
   13          9.773905935086322e-05
   14          6.451436859340257e-05
   15          3.912268516172104e-05
   16          2.092462364079188e-05
   17          1.094574429049613e-05
   18          6.019292996880553e-06
   19          3.221909006414927e-06
   20          1.836493293007008e-06
   21          1.067795179950851e-06
   22          6.713514492081315e-07
   23          4.265853928035098e-07
   24          2.569513296864687e-07
   25          1.330869858837326e-07
   26          6.723328662857253e-08
   27          3.650587265494949e-08
   28          2.195423027934247e-08
   29          1.463737671535540e-08
   30          9.409306811612590e-09
   31          5.525685454101527e-09
   32          3.038964233639013e-09
   33          1.584880383131795e-09
   34          8.393434676662167e-10
   35          4.859935746670818e-10
   36          3.051266629283367e-10
   37          2.002348024545219e-10
   38          1.279482751877262e-10
 ------------------------------------- 


 Final ||Ax - b|| norm =  0.000000000080423
 Final energy = 11011.649431486939648

 Bond dimension before truncation: 306
 Bond dimension after truncation: 51

 MICROITERATION NUMBER = 4  , forward sweep
 - Left boundaries taken from index: 4
 - Right boundaries taken from index: 5


 Initial ||Ax - b|| norm =  0.999999970380208

 ------------------------------------- 
 Iteration  | Rel. error estimate      
 ------------------------------------- 
    0          9.999999703802078e-01
    1          4.882133737238223e-01
    2          1.721562887523663e-01
    3          6.040201596537290e-02
    4          2.621833941928452e-02
    5          1.141237518409044e-02
    6          5.603120519343412e-03
    7          3.018320074590425e-03
    8          1.597820297637404e-03
    9          9.005700169804696e-04
   10          5.478052214163740e-04
   11          3.431175411145461e-04
   12          2.176928761043463e-04
   13          1.429761481451023e-04
   14          9.381839161168331e-05
   15          5.694316402879872e-05
   16          3.069540979980279e-05
   17          1.709592599418848e-05
   18          1.001535777036511e-05
   19          6.221502136366620e-06
   20          4.015390543767979e-06
   21          2.563898659241224e-06
   22          1.649830569835077e-06
   23          1.094326654454245e-06
   24          7.269097540285964e-07
   25          4.557484574059349e-07
   26          2.656986313833952e-07
   27          1.662964594436302e-07
   28          1.093405298137295e-07
   29          7.438783714028562e-08
   30          4.583519502250870e-08
   31          2.671065908879864e-08
   32          1.489035732555867e-08
   33          8.408617761164299e-09
   34          4.669574424844738e-09
   35          2.714637634440077e-09
   36          1.661914439850630e-09
   37          1.075580561208050e-09
   38          6.777071022605332e-10
   39          4.063142903451982e-10
   40          2.350765553432074e-10
   41          1.380771300488619e-10
 ------------------------------------- 


 Final ||Ax - b|| norm =  0.000000000082240
 Final energy = 11011.648383913709040

 Bond dimension before truncation: 306
 Bond dimension after truncation: 51

 MICROITERATION NUMBER = 5  , forward sweep
 - Left boundaries taken from index: 5
 - Right boundaries taken from index: 6


 Initial ||Ax - b|| norm =  0.999999855327061

 ------------------------------------- 
 Iteration  | Rel. error estimate      
 ------------------------------------- 
    0          9.999998553270608e-01
    1          5.485364996106280e-01
    2          2.017455810153123e-01
    3          7.096161927881164e-02
    4          3.021731734377779e-02
    5          1.425521086227796e-02
    6          6.955547650419142e-03
    7          3.671973873320126e-03
    8          2.159274470655431e-03
    9          1.308947197488741e-03
   10          8.574880318655680e-04
   11          6.093329150920907e-04
   12          4.268937837588903e-04
   13          2.911812318626152e-04
   14          1.853422886119633e-04
   15          1.080366139097565e-04
   16          6.402280141645557e-05
   17          4.290200527063528e-05
   18          2.920364833567186e-05
   19          1.988090244605137e-05
   20          1.349910172246108e-05
   21          8.198216268211000e-06
   22          4.983488632303466e-06
   23          3.247592922716724e-06
   24          1.958627377938617e-06
   25          1.159345441135313e-06
   26          6.706327899983487e-07
   27          4.149040258799455e-07
   28          2.680717195412770e-07
   29          1.728593898574662e-07
   30          1.012216556551418e-07
   31          5.613229065378417e-08
   32          3.185070459272106e-08
   33          1.868117380554106e-08
   34          1.118353706048341e-08
   35          6.524446799220650e-09
   36          3.819548474090175e-09
   37          2.309246712363497e-09
   38          1.404067155718926e-09
   39          8.385030300157841e-10
   40          5.084449445076311e-10
   41          3.065432445615166e-10
   42          1.871644546082427e-10
   43          1.146362113922851e-10
 ------------------------------------- 


 Final ||Ax - b|| norm =  0.000000000071097
 Final energy = 11011.646278733984218

 Bond dimension before truncation: 306
 Bond dimension after truncation: 51

 MICROITERATION NUMBER = 6  , forward sweep
 - Left boundaries taken from index: 6
 - Right boundaries taken from index: 7


 Initial ||Ax - b|| norm =  0.999999634168553

 ------------------------------------- 
 Iteration  | Rel. error estimate      
 ------------------------------------- 
    0          9.999996341685528e-01
    1          6.688709564521661e-01
    2          2.613733489403757e-01
    3          9.392738878608553e-02
    4          4.030755905419467e-02
    5          1.970909196575676e-02
    6          1.065489421431201e-02
    7          5.832483054006772e-03
    8          3.340517004080258e-03
    9          2.012913149951828e-03
   10          1.314923550252933e-03
   11          9.200996280399993e-04
   12          6.581393238073263e-04
   13          4.547539566042468e-04
   14          3.010062942711071e-04
   15          1.891265729389633e-04
   16          1.110182008367436e-04
   17          6.806648307586681e-05
   18          4.518731000082639e-05
   19          3.071431807436068e-05
   20          2.115441548166459e-05
   21          1.394019162606579e-05
   22          8.641660052295394e-06
   23          5.365446495922091e-06
   24          3.264566010642492e-06
   25          1.872942403389280e-06
   26          1.074925132911853e-06
   27          6.370347296993935e-07
   28          4.167695255467162e-07
   29          2.815864890979290e-07
   30          1.784437725956053e-07
   31          1.014586371959986e-07
   32          5.567258796665890e-08
   33          3.200217505390757e-08
   34          1.886048475072971e-08
   35          1.105627768994581e-08
   36          6.485014124659585e-09
   37          3.786940283436422e-09
   38          2.330770009016901e-09
   39          1.493627981946366e-09
   40          9.572424189842445e-10
   41          6.211381518230376e-10
   42          4.055698639744152e-10
   43          2.566640733733201e-10
   44          1.550471574642393e-10
 ------------------------------------- 


 Final ||Ax - b|| norm =  0.000000000090192
 Final energy = 11011.641552521428821

 Bond dimension before truncation: 306
 Bond dimension after truncation: 51

 MICROITERATION NUMBER = 7  , forward sweep
 - Left boundaries taken from index: 7
 - Right boundaries taken from index: 8


 Initial ||Ax - b|| norm =  0.999999340871706

 ------------------------------------- 
 Iteration  | Rel. error estimate      
 ------------------------------------- 
    0          9.999993408717061e-01
    1          7.669275654775299e-01
    2          3.390154347103579e-01
    3          1.107929109120210e-01
    4          4.458135930810067e-02
    5          2.202739458317259e-02
    6          1.175266795867812e-02
    7          6.661658762733059e-03
    8          4.155266879969428e-03
    9          2.570294229831408e-03
   10          1.720883918240212e-03
   11          1.201260487471800e-03
   12          8.653470309526639e-04
   13          6.221947360614266e-04
   14          4.183275147723110e-04
   15          2.779538346478360e-04
   16          1.794215525275137e-04
   17          1.170988387884952e-04
   18          7.707326344711448e-05
   19          5.242713468169697e-05
   20          3.738216019504919e-05
   21          2.502597766863669e-05
   22          1.646273371426095e-05
   23          1.050955934932589e-05
   24          6.592335564189028e-06
   25          4.081997374228075e-06
   26          2.553076830814397e-06
   27          1.614382890035912e-06
   28          1.083078421341676e-06
   29          7.697681973970635e-07
   30          5.245047128177203e-07
   31          3.328017457542863e-07
   32          2.029688966581422e-07
   33          1.175524645910957e-07
   34          6.852961385449333e-08
   35          3.954430856157706e-08
   36          2.372452050713848e-08
   37          1.540126157459578e-08
   38          1.010140934605613e-08
   39          6.452706773997921e-09
   40          4.211893218693548e-09
   41          2.810664099804089e-09
   42          1.869918921863218e-09
   43          1.245084098526912e-09
   44          8.024457675086921e-10
   45          4.919514561814998e-10
   46          2.867450072074896e-10
   47          1.723358402587325e-10
   48          1.048038500337089e-10
 ------------------------------------- 


 Final ||Ax - b|| norm =  0.000000000061553
 Final energy = 11011.635111879066244

 Bond dimension before truncation: 306
 Bond dimension after truncation: 51

 MICROITERATION NUMBER = 8  , forward sweep
 - Left boundaries taken from index: 8
 - Right boundaries taken from index: 9


 Initial ||Ax - b|| norm =  0.999999116914311

 ------------------------------------- 
 Iteration  | Rel. error estimate      
 ------------------------------------- 
    0          9.999991169143105e-01
    1          7.403858222093653e-01
    2          3.749972060985073e-01
    3          1.758796552034971e-01
    4          8.976700318477529e-02
    5          4.727632562898595e-02
    6          2.544707329263329e-02
    7          1.498124638861004e-02
    8          9.445272482081636e-03
    9          6.143894364776467e-03
   10          4.174183645388956e-03
   11          3.018118235978408e-03
   12          2.148471045830887e-03
   13          1.588215648630843e-03
   14          1.221979009595017e-03
   15          9.570069094622158e-04
   16          7.473357312707094e-04
   17          5.556715356403586e-04
   18          4.000802301185598e-04
   19          2.798125154837841e-04
   20          1.953520749831635e-04
   21          1.354590433240309e-04
   22          9.892894965789220e-05
   23          7.448870459544646e-05
   24          5.592762308720021e-05
   25          4.234739778641867e-05
   26          3.280449709274671e-05
   27          2.491483929663036e-05
   28          1.848954550354757e-05
   29          1.308561552125241e-05
   30          8.666059772454472e-06
   31          5.775292211600818e-06
   32          3.908311745886699e-06
   33          2.616314462443021e-06
   34          1.709863496883584e-06
   35          1.116052465774909e-06
   36          7.490095010228093e-07
   37          5.188651733921478e-07
   38          3.724449351668588e-07
   39          2.824981210531834e-07
   40          2.179315242092847e-07
   41          1.619928639973858e-07
   42          1.137783420604920e-07
   43          8.242689923522589e-08
   44          6.008603056578671e-08
   45          4.237919555198101e-08
   46          2.936428167419886e-08
   47          1.996770661710298e-08
   48          1.329651225180403e-08
 ------------------------------------- 


 Final ||Ax - b|| norm =  0.000000008332629
 Final energy = 11011.635132411352970

 Bond dimension before truncation: 306
 Bond dimension after truncation: 51

 MICROITERATION NUMBER = 9  , forward sweep
 - Left boundaries taken from index: 9
 - Right boundaries taken from index: 10


 Initial ||Ax - b|| norm =  0.999998890096792

 ------------------------------------- 
 Iteration  | Rel. error estimate      
 ------------------------------------- 
    0          9.999988900967920e-01
    1          6.493550915508672e-01
    2          3.128811225051730e-01
    3          1.743977266207646e-01
    4          1.047742852969940e-01
    5          6.766344754776987e-02
    6          4.468792402230218e-02
    7          2.914485689101996e-02
    8          1.877053058331791e-02
    9          1.245351992268125e-02
   10          8.782533966531626e-03
   11          6.201437845077251e-03
   12          4.308156293969413e-03
   13          3.254966733048913e-03
   14          2.500782097592576e-03
   15          2.024417376059125e-03
   16          1.640477425484490e-03
   17          1.349455454680293e-03
   18          1.120526822912233e-03
   19          9.141811837409350e-04
   20          6.846168598451783e-04
   21          5.000915082503165e-04
   22          3.674466724154721e-04
   23          2.813371978123839e-04
   24          2.146776206580884e-04
   25          1.750433558233526e-04
   26          1.323526450654509e-04
   27          1.034902970715960e-04
   28          8.148671441399728e-05
   29          6.517611303917649e-05
   30          5.388225687828898e-05
   31          4.424478571055794e-05
   32          3.489162161820421e-05
   33          2.873863647113726e-05
   34          2.384964827032156e-05
   35          1.946138642815054e-05
   36          1.593052893086086e-05
   37          1.259761902177748e-05
   38          9.396309642341809e-06
   39          7.080234992659238e-06
   40          5.260232164025559e-06
   41          4.037214098716416e-06
   42          2.899913432811925e-06
   43          2.015854684110504e-06
   44          1.429521939655874e-06
   45          1.037717109512070e-06
   46          7.721073777583717e-07
   47          5.901097016260121e-07
   48          4.383360999013720e-07
 ------------------------------------- 


 Final ||Ax - b|| norm =  0.000000329623856
 Final energy = 11011.637054738650477

 Bond dimension before truncation: 306
 Bond dimension after truncation: 51

 MICROITERATION NUMBER = 10  , forward sweep
 - Left boundaries taken from index: 10
 - Right boundaries taken from index: 11


 Initial ||Ax - b|| norm =  0.999998777514401

 ------------------------------------- 
 Iteration  | Rel. error estimate      
 ------------------------------------- 
    0          9.999987775144009e-01
    1          4.788621105670253e-01
    2          1.971262858860386e-01
    3          8.670495695949446e-02
    4          4.200716161488710e-02
    5          2.179625042162244e-02
    6          1.209903338063784e-02
    7          7.031080299354874e-03
    8          4.695821236722538e-03
    9          3.096839592213443e-03
   10          2.248603166652224e-03
   11          1.631054517428008e-03
   12          1.251729862479554e-03
   13          9.577048082165446e-04
   14          6.844060400108068e-04
   15          4.628182274403967e-04
   16          2.947228560342824e-04
   17          2.086026892314737e-04
   18          1.559148910809220e-04
   19          1.134234011963785e-04
   20          8.113987398490364e-05
   21          5.925001726415671e-05
   22          4.202343159050074e-05
   23          2.798050843077633e-05
   24          1.640533530523595e-05
   25          9.567348547115757e-06
   26          5.835177609851770e-06
   27          3.987859652944139e-06
   28          2.601054234986747e-06
   29          1.730988378805373e-06
   30          1.142234528706157e-06
   31          7.412381756570077e-07
   32          4.446919983191739e-07
   33          2.664655002496078e-07
   34          1.642891695046766e-07
   35          9.233446130828491e-08
   36          5.469401020450295e-08
   37          3.451400807676676e-08
   38          2.130324388072778e-08
   39          1.300733225416839e-08
   40          7.581101861663977e-09
   41          4.131449525814177e-09
   42          2.329180871174850e-09
   43          1.182794776367863e-09
   44          6.171866262269291e-10
   45          3.029438419804025e-10
   46          1.501925825939104e-10
 ------------------------------------- 


 Final ||Ax - b|| norm =  0.000000000090175
 Final energy = 11011.637286891287658

 Bond dimension before truncation: 306
 Bond dimension after truncation: 51

 MICROITERATION NUMBER = 11  , forward sweep
 - Left boundaries taken from index: 11
 - Right boundaries taken from index: 12


 Initial ||Ax - b|| norm =  0.999998776411233

 ------------------------------------- 
 Iteration  | Rel. error estimate      
 ------------------------------------- 
    0          9.999987764112328e-01
    1          4.636348761129065e-01
    2          1.702291742332953e-01
    3          6.010430641297279e-02
    4          2.596619527392356e-02
    5          1.383984895660215e-02
    6          7.237400299400997e-03
    7          4.073008366520082e-03
    8          2.374031666531198e-03
    9          1.422711570179152e-03
   10          9.261949013741182e-04
   11          6.210773883347985e-04
   12          4.030067151300375e-04
   13          2.537454613088492e-04
   14          1.532976052258032e-04
   15          9.099316734393866e-05
   16          5.777577487040938e-05
   17          3.524820830845394e-05
   18          1.940227565092607e-05
   19          9.514743868593710e-06
   20          4.615802607054236e-06
   21          2.297841584757836e-06
   22          1.275622026794791e-06
   23          6.886450692772400e-07
   24          4.331122818067406e-07
   25          2.995582010337805e-07
   26          2.059805848349365e-07
   27          1.526590896245345e-07
   28          1.182198774103124e-07
   29          8.674632740677865e-08
   30          6.594649787446987e-08
   31          5.415728344599443e-08
   32          4.108496184265031e-08
   33          2.581979874136438e-08
   34          1.545229248071225e-08
   35          1.072469244008089e-08
   36          7.497201587363776e-09
   37          5.328854576590910e-09
   38          3.632551540927987e-09
   39          2.396031484384702e-09
   40          1.393766293795577e-09
   41          6.099102593735293e-10
   42          2.556352402800633e-10
   43          1.138615521392931e-10
 ------------------------------------- 


 Final ||Ax - b|| norm =  0.000000000052196
 Final energy = 11011.637286891309486

 Bond dimension before truncation: 6
 Bond dimension after truncation: 6

 MICROITERATION NUMBER = 12  , backward sweep
 - Left boundaries taken from index: 10
 - Right boundaries taken from index: 11


 Initial ||Ax - b|| norm =  0.999998777514401

 ------------------------------------- 
 Iteration  | Rel. error estimate      
 ------------------------------------- 
    0          9.999987775144010e-01
    1          4.788621105669602e-01
    2          1.971262858859900e-01
    3          8.670495695945844e-02
    4          4.200716161485889e-02
    5          2.179625042159968e-02
    6          1.209903338062059e-02
    7          7.031080299343574e-03
    8          4.695821236714575e-03
    9          3.096839592208913e-03
   10          2.248603166649217e-03
   11          1.631054517426120e-03
   12          1.251729862478529e-03
   13          9.577048082162585e-04
   14          6.844060400109627e-04
   15          4.628182274404125e-04
   16          2.947228560338618e-04
   17          2.086026892309027e-04
   18          1.559148910804745e-04
   19          1.134234011961555e-04
   20          8.113987398480184e-05
   21          5.925001726407864e-05
   22          4.202343159042680e-05
   23          2.798050843071585e-05
   24          1.640533530518967e-05
   25          9.567348547071427e-06
   26          5.835177609806547e-06
   27          3.987859652901634e-06
   28          2.601054234945208e-06
   29          1.730988378742187e-06
   30          1.142234528644757e-06
   31          7.412381756329784e-07
   32          4.446919983141503e-07
   33          2.664655002486467e-07
   34          1.642891695043279e-07
   35          9.233446130806275e-08
   36          5.469401020434310e-08
   37          3.451400807665566e-08
   38          2.130324388066845e-08
   39          1.300733225414239e-08
   40          7.581101861655865e-09
   41          4.131449525807430e-09
   42          2.329180871145072e-09
   43          1.182794776194169e-09
   44          6.171866253389514e-10
   45          3.029438374172539e-10
   46          1.501925697588576e-10
 ------------------------------------- 


 Final ||Ax - b|| norm =  0.000000000090177
 Final energy = 11011.637286891293115

 Bond dimension before truncation: 36
 Bond dimension after truncation: 36

 MICROITERATION NUMBER = 13  , backward sweep
 - Left boundaries taken from index: 9
 - Right boundaries taken from index: 10


 Initial ||Ax - b|| norm =  0.999998890096793

 ------------------------------------- 
 Iteration  | Rel. error estimate      
 ------------------------------------- 
    0          9.999988900967929e-01
    1          6.493550915503956e-01
    2          3.128811225048082e-01
    3          1.743977266205453e-01
    4          1.047742852968547e-01
    5          6.766344754767567e-02
    6          4.468792402223586e-02
    7          2.914485689097321e-02
    8          1.877053058328501e-02
    9          1.245351992265745e-02
   10          8.782533966513444e-03
   11          6.201437845063240e-03
   12          4.308156293958467e-03
   13          3.254966733040017e-03
   14          2.500782097585502e-03
   15          2.024417376053688e-03
   16          1.640477425480731e-03
   17          1.349455454677909e-03
   18          1.120526822910782e-03
   19          9.141811837401736e-04
   20          6.846168598464769e-04
   21          5.000915082676667e-04
   22          3.674466725168889e-04
   23          2.813371981181422e-04
   24          2.146776216499594e-04
   25          1.750433564162148e-04
   26          1.323526451289427e-04
   27          1.034902970780333e-04
   28          8.148671441293366e-05
   29          6.517611303343456e-05
   30          5.388225686146699e-05
   31          4.424478568526799e-05
   32          3.489162157211116e-05
   33          2.873863641481233e-05
   34          2.384964825770537e-05
   35          1.946138642653903e-05
   36          1.593052893063622e-05
   37          1.259761902185167e-05
   38          9.396309644052674e-06
   39          7.080235008417594e-06
   40          5.260232243048643e-06
   41          4.037214198697500e-06
   42          2.899913445741905e-06
   43          2.015854685472033e-06
   44          1.429521940234079e-06
   45          1.037717110156489e-06
   46          7.721073783838089e-07
   47          5.901097018170785e-07
   48          4.383360999072383e-07
 ------------------------------------- 


 Final ||Ax - b|| norm =  0.000000329623858
 Final energy = 11011.637054738657753

 Bond dimension before truncation: 216
 Bond dimension after truncation: 51

 MICROITERATION NUMBER = 14  , backward sweep
 - Left boundaries taken from index: 8
 - Right boundaries taken from index: 9


 Initial ||Ax - b|| norm =  0.999999116914311

 ------------------------------------- 
 Iteration  | Rel. error estimate      
 ------------------------------------- 
    0          9.999991169143108e-01
    1          7.403858222612285e-01
    2          3.749972061929964e-01
    3          1.758796552563968e-01
    4          8.976700321322072e-02
    5          4.727632564336282e-02
    6          2.544707329622261e-02
    7          1.498124639204047e-02
    8          9.445272482316618e-03
    9          6.143894365605546e-03
   10          4.174183645730770e-03
   11          3.018118236927717e-03
   12          2.148471046438308e-03
   13          1.588215648783127e-03
   14          1.221979009781533e-03
   15          9.570069095768094e-04
   16          7.473357313453974e-04
   17          5.556715359991367e-04
   18          4.000802303376714e-04
   19          2.798125155832502e-04
   20          1.953520750970588e-04
   21          1.354590434188815e-04
   22          9.892894969075663e-05
   23          7.448870461902220e-05
   24          5.592762312173917e-05
   25          4.234739781674678e-05
   26          3.280449711539263e-05
   27          2.491483931744000e-05
   28          1.848954551921328e-05
   29          1.308561553178672e-05
   30          8.666059779538200e-06
   31          5.775292219396313e-06
   32          3.908311750952744e-06
   33          2.616314464168465e-06
   34          1.709863499015687e-06
   35          1.116052466976820e-06
   36          7.490095012984961e-07
   37          5.188651738672426e-07
   38          3.724449354621925e-07
   39          2.824981212005482e-07
   40          2.179315243252190e-07
   41          1.619928640951371e-07
   42          1.137783421538948e-07
   43          8.242689928719124e-08
   44          6.008603061716532e-08
   45          4.237919560918333e-08
   46          2.936428171431580e-08
   47          1.996770663347179e-08
   48          1.329651225715255e-08
 ------------------------------------- 


 Final ||Ax - b|| norm =  0.000000008332616
 Final energy = 11011.635132411332961

 Bond dimension before truncation: 306
 Bond dimension after truncation: 51

 MICROITERATION NUMBER = 15  , backward sweep
 - Left boundaries taken from index: 7
 - Right boundaries taken from index: 8


 Initial ||Ax - b|| norm =  0.999999340871707

 ------------------------------------- 
 Iteration  | Rel. error estimate      
 ------------------------------------- 
    0          9.999993408717067e-01
    1          7.669275652363632e-01
    2          3.390154334318473e-01
    3          1.107929104140839e-01
    4          4.458135908978802e-02
    5          2.202739447933526e-02
    6          1.175266789048425e-02
    7          6.661658731744669e-03
    8          4.155266856632389e-03
    9          2.570294216844873e-03
   10          1.720883910218787e-03
   11          1.201260481983667e-03
   12          8.653470270694274e-04
   13          6.221947326761812e-04
   14          4.183275118706755e-04
   15          2.779538326257224e-04
   16          1.794215510346007e-04
   17          1.170988377512733e-04
   18          7.707326275768379e-05
   19          5.242713425542471e-05
   20          3.738215988797383e-05
   21          2.502597742244706e-05
   22          1.646273354139077e-05
   23          1.050955923002670e-05
   24          6.592335473100158e-06
   25          4.081997318285178e-06
   26          2.553076795008384e-06
   27          1.614382868593110e-06
   28          1.083078409133158e-06
   29          7.697681887910968e-07
   30          5.245047047783763e-07
   31          3.328017401211992e-07
   32          2.029688926369706e-07
   33          1.175524623598204e-07
   34          6.852961253334876e-08
   35          3.954430786398025e-08
   36          2.372452011979453e-08
   37          1.540126138560207e-08
   38          1.010140920539537e-08
   39          6.452706691964824e-09
   40          4.211893162980044e-09
   41          2.810664059748010e-09
   42          1.869918891800510e-09
   43          1.245084076147029e-09
   44          8.024457508407096e-10
   45          4.919514438542087e-10
   46          2.867449995226898e-10
   47          1.723358359377606e-10
   48          1.048038473097825e-10
 ------------------------------------- 


 Final ||Ax - b|| norm =  0.000000000061547
 Final energy = 11011.635111879097167

 Bond dimension before truncation: 306
 Bond dimension after truncation: 51

 MICROITERATION NUMBER = 16  , backward sweep
 - Left boundaries taken from index: 6
 - Right boundaries taken from index: 7


 Initial ||Ax - b|| norm =  0.999999634168552

 ------------------------------------- 
 Iteration  | Rel. error estimate      
 ------------------------------------- 
    0          9.999996341685520e-01
    1          6.688709610687803e-01
    2          2.613733530997184e-01
    3          9.392739129757111e-02
    4          4.030756024105236e-02
    5          1.970909246251548e-02
    6          1.065489458190064e-02
    7          5.832483268120808e-03
    8          3.340517135396567e-03
    9          2.012913235304887e-03
   10          1.314923602598969e-03
   11          9.200996651435406e-04
   12          6.581393521430777e-04
   13          4.547539736932028e-04
   14          3.010063079186507e-04
   15          1.891265812815698e-04
   16          1.110182062976647e-04
   17          6.806648663853720e-05
   18          4.518731229522581e-05
   19          3.071431987899416e-05
   20          2.115441679972920e-05
   21          1.394019272943939e-05
   22          8.641660749296168e-06
   23          5.365446899066955e-06
   24          3.264566305025626e-06
   25          1.872942564269172e-06
   26          1.074925229322342e-06
   27          6.370347881829646e-07
   28          4.167695563889243e-07
   29          2.815865117741862e-07
   30          1.784437885104348e-07
   31          1.014586480522941e-07
   32          5.567259477586134e-08
   33          3.200217874372579e-08
   34          1.886048719999786e-08
   35          1.105627906748715e-08
   36          6.485014985863028e-09
   37          3.786940805348725e-09
   38          2.330770285996137e-09
   39          1.493628159835387e-09
   40          9.572425152775940e-10
   41          6.211381901995867e-10
   42          4.055698580149981e-10
   43          2.566640046644501e-10
   44          1.550469943355575e-10
 ------------------------------------- 


 Final ||Ax - b|| norm =  0.000000000090241
 Final energy = 11011.641552521439735

 Bond dimension before truncation: 306
 Bond dimension after truncation: 51

 MICROITERATION NUMBER = 17  , backward sweep
 - Left boundaries taken from index: 5
 - Right boundaries taken from index: 6


 Initial ||Ax - b|| norm =  0.999999855327061

 ------------------------------------- 
 Iteration  | Rel. error estimate      
 ------------------------------------- 
    0          9.999998553270606e-01
    1          5.485365105031937e-01
    2          2.017455991593506e-01
    3          7.096163154427318e-02
    4          3.021732227924034e-02
    5          1.425521288642624e-02
    6          6.955548687164292e-03
    7          3.671974271226869e-03
    8          2.159274651134818e-03
    9          1.308947301870036e-03
   10          8.574880583020018e-04
   11          6.093329233526833e-04
   12          4.268938151674989e-04
   13          2.911812698637727e-04
   14          1.853423224691572e-04
   15          1.080366377784953e-04
   16          6.402281489100650e-05
   17          4.290201243500693e-05
   18          2.920365283100964e-05
   19          1.988090583873371e-05
   20          1.349910537517832e-05
   21          8.198219274525182e-06
   22          4.983490043985619e-06
   23          3.247593723717970e-06
   24          1.958627937604212e-06
   25          1.159345793704664e-06
   26          6.706330041312563e-07
   27          4.149041546193589e-07
   28          2.680718021702236e-07
   29          1.728594500809131e-07
   30          1.012217027812371e-07
   31          5.613231684217063e-08
   32          3.185071878628291e-08
   33          1.868118102711278e-08
   34          1.118354159282963e-08
   35          6.524449897912325e-09
   36          3.819549983613412e-09
   37          2.309247573475211e-09
   38          1.404067807431602e-09
   39          8.385034069704540e-10
   40          5.084451672675187e-10
   41          3.065433716032207e-10
   42          1.871645238242476e-10
   43          1.146362556198645e-10
 ------------------------------------- 


 Final ||Ax - b|| norm =  0.000000000071102
 Final energy = 11011.646278734708176

 Bond dimension before truncation: 306
 Bond dimension after truncation: 51

 MICROITERATION NUMBER = 18  , backward sweep
 - Left boundaries taken from index: 4
 - Right boundaries taken from index: 5


 Initial ||Ax - b|| norm =  0.999999970380207

 ------------------------------------- 
 Iteration  | Rel. error estimate      
 ------------------------------------- 
    0          9.999999703802067e-01
    1          4.882133745724130e-01
    2          1.721562916653847e-01
    3          6.040201813151379e-02
    4          2.621834049855028e-02
    5          1.141237553282392e-02
    6          5.603120518139456e-03
    7          3.018319946136860e-03
    8          1.597820126697164e-03
    9          9.005698403196553e-04
   10          5.478050618140699e-04
   11          3.431174052720743e-04
   12          2.176927698873449e-04
   13          1.429760812908672e-04
   14          9.381835839320882e-05
   15          5.694315485917773e-05
   16          3.069541163348914e-05
   17          1.709593023071274e-05
   18          1.001536290942046e-05
   19          6.221507384305721e-06
   20          4.015395112586877e-06
   21          2.563902242461720e-06
   22          1.649833202826950e-06
   23          1.094328401751654e-06
   24          7.269107877825151e-07
   25          4.557489688265930e-07
   26          2.656988712419062e-07
   27          1.662965975217987e-07
   28          1.093406121370469e-07
   29          7.438788253465396e-08
   30          4.583521308037352e-08
   31          2.671066626195853e-08
   32          1.489036095144894e-08
   33          8.408619296235652e-09
   34          4.669575241631327e-09
   35          2.714638125027287e-09
   36          1.661914715229025e-09
   37          1.075580742177812e-09
   38          6.777071948336240e-10
   39          4.063143123565534e-10
   40          2.350765555370160e-10
   41          1.380771270933908e-10
 ------------------------------------- 


 Final ||Ax - b|| norm =  0.000000000082226
 Final energy = 11011.648383914558508

 Bond dimension before truncation: 306
 Bond dimension after truncation: 51

 MICROITERATION NUMBER = 19  , backward sweep
 - Left boundaries taken from index: 3
 - Right boundaries taken from index: 4


 Initial ||Ax - b|| norm =  0.999999998815815

 ------------------------------------- 
 Iteration  | Rel. error estimate      
 ------------------------------------- 
    0          9.999999988158148e-01
    1          4.592046605012046e-01
    2          1.561957481851788e-01
    3          5.597328089548072e-02
    4          2.452432211259149e-02
    5          1.044986776420920e-02
    6          5.006642591394545e-03
    7          2.543349292757345e-03
    8          1.369019329982429e-03
    9          7.697209445276561e-04
   10          4.557930114774835e-04
   11          2.773563651873099e-04
   12          1.616669684124580e-04
   13          9.773898798948835e-05
   14          6.451432573007765e-05
   15          3.912266920287843e-05
   16          2.092461904477192e-05
   17          1.094574304330554e-05
   18          6.019292822189439e-06
   19          3.221909267427877e-06
   20          1.836493699631061e-06
   21          1.067795569878539e-06
   22          6.713517749486666e-07
   23          4.265856116380886e-07
   24          2.569514606730623e-07
   25          1.330870753139837e-07
   26          6.723336649415053e-08
   27          3.650595590315980e-08
   28          2.195431096774830e-08
   29          1.463744536945186e-08
   30          9.409356593653068e-09
   31          5.525718782310173e-09
   32          3.038988400110517e-09
   33          1.584901233652138e-09
   34          8.393646603229584e-10
   35          4.860149210509179e-10
   36          3.051460953833151e-10
   37          2.002499614396931e-10
   38          1.279583376444639e-10
 ------------------------------------- 


 Final ||Ax - b|| norm =  0.000000000080422
 Final energy = 11011.649431487929178

 Bond dimension before truncation: 306
 Bond dimension after truncation: 51

 MICROITERATION NUMBER = 20  , backward sweep
 - Left boundaries taken from index: 2
 - Right boundaries taken from index: 3


 Initial ||Ax - b|| norm =  0.999999999998751

 ------------------------------------- 
 Iteration  | Rel. error estimate      
 ------------------------------------- 
    0          9.999999999987506e-01
    1          3.437619680056014e-02
    2          8.914771555755310e-03
    3          3.278125474256546e-03
    4          1.377423507135904e-03
    5          7.424646232357601e-04
    6          4.955490388299512e-04
    7          3.485909051329913e-04
    8          2.371239313810418e-04
    9          1.427209228633610e-04
   10          7.955618201529816e-05
   11          4.400237694082213e-05
   12          2.808193535774580e-05
   13          1.896230974562463e-05
   14          1.216393330136297e-05
   15          7.440960174745557e-06
   16          4.362696430820154e-06
   17          2.523838238068076e-06
   18          1.400366074211474e-06
   19          7.054245451392856e-07
   20          3.504892970501474e-07
   21          1.856998735511028e-07
   22          1.045984139581039e-07
   23          6.087203063631151e-08
   24          3.674634083881222e-08
   25          2.219161270432121e-08
   26          1.353203452342895e-08
   27          8.153480459627223e-09
   28          4.925772052995539e-09
   29          2.890597474609196e-09
   30          1.627809605813012e-09
   31          9.171306772728745e-10
   32          5.252900968713333e-10
   33          2.877544618248777e-10
   34          1.652926974517506e-10
   35          1.056994870276403e-10
 ------------------------------------- 


 Final ||Ax - b|| norm =  0.000000000067753
 Final energy = 11011.652645973412291

 Bond dimension before truncation: 306
 Bond dimension after truncation: 51

 MICROITERATION NUMBER = 21  , backward sweep
 - Left boundaries taken from index: 1
 - Right boundaries taken from index: 2


 Initial ||Ax - b|| norm =  0.999999999998733

 ------------------------------------- 
 Iteration  | Rel. error estimate      
 ------------------------------------- 
    0          9.999999999987331e-01
    1          1.402554463202226e-03
    2          8.836162584243828e-04
    3          6.002946524043507e-04
    4          3.069964854131245e-04
    5          1.816827922266671e-04
    6          1.109577607681044e-04
    7          5.842415184451116e-05
    8          3.500653697363956e-05
    9          2.132361049292286e-05
   10          1.320260832497405e-05
   11          8.792713364969452e-06
   12          4.486041914597898e-06
   13          2.117964993840626e-06
   14          1.054819042921210e-06
   15          5.659853546220171e-07
   16          2.978977528375507e-07
   17          1.535854263922545e-07
   18          8.018085794716894e-08
   19          4.032572357065346e-08
   20          2.248091820640312e-08
   21          1.416307268248160e-08
   22          8.501644077811398e-09
   23          4.862335028874480e-09
   24          2.509117729517419e-09
   25          1.216904560576950e-09
   26          5.529612372110806e-10
   27          3.100152884323698e-10
   28          1.902994035847133e-10
   29          1.065420978185147e-10
 ------------------------------------- 


 Final ||Ax - b|| norm =  0.000000000056106
 Final energy = 11011.652659339626553

 Bond dimension before truncation: 306
 Bond dimension after truncation: 51


 -------------------
   SWEEP NUMBER 4
 -------------------
 - Noise parameter: 0.0000000100
 - Maximum bond dimension: 50
 - Truncation parameter: 0.0000000000

 MICROITERATION NUMBER = 0  , forward sweep
 - Left boundaries taken from index: 0
 - Right boundaries taken from index: 1


 Initial ||Ax - b|| norm =  0.999999999998727

 ------------------------------------- 
 Iteration  | Rel. error estimate      
 ------------------------------------- 
    0          9.999999999987270e-01
    1          1.058774572148363e-03
    2          6.934303614746461e-04
    3          3.488681806186757e-04
    4          1.963100523785098e-04
    5          1.063246830380140e-04
    6          5.697193251146840e-05
    7          3.009336633932923e-05
    8          1.682505664724782e-05
    9          1.085590982757947e-05
   10          5.118254666780994e-06
   11          2.170210754020120e-06
   12          9.889561109178991e-07
   13          5.267025672115643e-07
   14          2.374311430310503e-07
   15          1.099310217381980e-07
   16          4.930403516053615e-08
   17          2.722847218100464e-08
   18          1.442475547132635e-08
   19          8.685606248412842e-09
   20          4.066652210825482e-09
   21          1.702277098120991e-09
   22          7.315508618444347e-10
   23          4.056754655963320e-10
   24          2.249049418204955e-10
   25          1.132661521261318e-10
 ------------------------------------- 


 Final ||Ax - b|| norm =  0.000000000055964
 Final energy = 11011.652659348304951

 Bond dimension before truncation: 6
 Bond dimension after truncation: 6

 MICROITERATION NUMBER = 1  , forward sweep
 - Left boundaries taken from index: 1
 - Right boundaries taken from index: 2


 Initial ||Ax - b|| norm =  0.999999999998733

 ------------------------------------- 
 Iteration  | Rel. error estimate      
 ------------------------------------- 
    0          9.999999999987330e-01
    1          1.402554463198873e-03
    2          8.836162584224857e-04
    3          6.002946524046441e-04
    4          3.069964854093503e-04
    5          1.816827922217008e-04
    6          1.109577607651241e-04
    7          5.842415184288549e-05
    8          3.500653697232302e-05
    9          2.132361049213488e-05
   10          1.320260832459734e-05
   11          8.792713364770058e-06
   12          4.486041914490031e-06
   13          2.117964993799510e-06
   14          1.054819042943170e-06
   15          5.659853546620252e-07
   16          2.978977528690840e-07
   17          1.535854264191669e-07
   18          8.018085797388647e-08
   19          4.032572359593504e-08
   20          2.248091822740666e-08
   21          1.416307269694038e-08
   22          8.501644085590014e-09
   23          4.862335032080801e-09
   24          2.509117730522204e-09
   25          1.216904560918584e-09
   26          5.529612373732107e-10
   27          3.100152885333210e-10
   28          1.902994036374784e-10
   29          1.065420978375720e-10
 ------------------------------------- 


 Final ||Ax - b|| norm =  0.000000000056097
 Final energy = 11011.652659339621096

 Bond dimension before truncation: 36
 Bond dimension after truncation: 36

 MICROITERATION NUMBER = 2  , forward sweep
 - Left boundaries taken from index: 2
 - Right boundaries taken from index: 3


 Initial ||Ax - b|| norm =  0.999999999998750

 ------------------------------------- 
 Iteration  | Rel. error estimate      
 ------------------------------------- 
    0          9.999999999987501e-01
    1          3.437619680061337e-02
    2          8.914771555768442e-03
    3          3.278125474260342e-03
    4          1.377423507136084e-03
    5          7.424646232346911e-04
    6          4.955490388288094e-04
    7          3.485909051321062e-04
    8          2.371239313802501e-04
    9          1.427209228624644e-04
   10          7.955618201439067e-05
   11          4.400237694006330e-05
   12          2.808193535723122e-05
   13          1.896230974537134e-05
   14          1.216393330128519e-05
   15          7.440960174707235e-06
   16          4.362696430778952e-06
   17          2.523838238041665e-06
   18          1.400366074209278e-06
   19          7.054245451528114e-07
   20          3.504892970704146e-07
   21          1.856998735729133e-07
   22          1.045984139783594e-07
   23          6.087203065393551e-08
   24          3.674634085264657e-08
   25          2.219161271427838e-08
   26          1.353203452992563e-08
   27          8.153480463495757e-09
   28          4.925772055171614e-09
   29          2.890597475722007e-09
   30          1.627809606336213e-09
   31          9.171306775238180e-10
   32          5.252900969720473e-10
   33          2.877544618037579e-10
   34          1.652926973219357e-10
   35          1.056994866303222e-10
 ------------------------------------- 


 Final ||Ax - b|| norm =  0.000000000067738
 Final energy = 11011.652645973395920

 Bond dimension before truncation: 216
 Bond dimension after truncation: 51

 MICROITERATION NUMBER = 3  , forward sweep
 - Left boundaries taken from index: 3
 - Right boundaries taken from index: 4


 Initial ||Ax - b|| norm =  0.999999998815815

 ------------------------------------- 
 Iteration  | Rel. error estimate      
 ------------------------------------- 
    0          9.999999988158152e-01
    1          4.592046604451478e-01
    2          1.561957481374586e-01
    3          5.597328087447775e-02
    4          2.452432209539364e-02
    5          1.044986776690130e-02
    6          5.006642594658636e-03
    7          2.543349296144677e-03
    8          1.369019332585329e-03
    9          7.697209453501841e-04
   10          4.557930120403155e-04
   11          2.773563653187102e-04
   12          1.616669685606531e-04
   13          9.773898811284500e-05
   14          6.451432575161607e-05
   15          3.912266922732679e-05
   16          2.092461905705273e-05
   17          1.094574304757975e-05
   18          6.019292827343966e-06
   19          3.221909269028787e-06
   20          1.836493701218273e-06
   21          1.067795571547123e-06
   22          6.713517756618571e-07
   23          4.265856120788610e-07
   24          2.569514610332170e-07
   25          1.330870752838934e-07
   26          6.723336649446449e-08
   27          3.650595589982887e-08
   28          2.195431092657234e-08
   29          1.463744533211018e-08
   30          9.409356567219887e-09
   31          5.525718758760604e-09
   32          3.038988395677001e-09
   33          1.584901240814524e-09
   34          8.393646762534738e-10
   35          4.860149521806838e-10
   36          3.051461563102007e-10
   37          2.002501124048392e-10
   38          1.279587180662367e-10
 ------------------------------------- 


 Final ||Ax - b|| norm =  0.000000000080435
 Final energy = 11011.649431487971015

 Bond dimension before truncation: 306
 Bond dimension after truncation: 51

 MICROITERATION NUMBER = 4  , forward sweep
 - Left boundaries taken from index: 4
 - Right boundaries taken from index: 5


 Initial ||Ax - b|| norm =  0.999999970380210

 ------------------------------------- 
 Iteration  | Rel. error estimate      
 ------------------------------------- 
    0          9.999999703802096e-01
    1          4.882133749242950e-01
    2          1.721562919690153e-01
    3          6.040201826500759e-02
    4          2.621834057350605e-02
    5          1.141237554494036e-02
    6          5.603120522278297e-03
    7          3.018319951053246e-03
    8          1.597820130351705e-03
    9          9.005698428958304e-04
   10          5.478050639425008e-04
   11          3.431174067659153e-04
   12          2.176927707498993e-04
   13          1.429760817099609e-04
   14          9.381835847852317e-05
   15          5.694315470387205e-05
   16          3.069541155265604e-05
   17          1.709593014633455e-05
   18          1.001536285107146e-05
   19          6.221507369586537e-06
   20          4.015395107817072e-06
   21          2.563902236545213e-06
   22          1.649833200597486e-06
   23          1.094328401480717e-06
   24          7.269107877936388e-07
   25          4.557489694417710e-07
   26          2.656988725866825e-07
   27          1.662965985003807e-07
   28          1.093406129290436e-07
   29          7.438788307935628e-08
   30          4.583521350252075e-08
   31          2.671066644769822e-08
   32          1.489036102445829e-08
   33          8.408619323376765e-09
   34          4.669575263104303e-09
   35          2.714638137872523e-09
   36          1.661914724401486e-09
   37          1.075580751738928e-09
   38          6.777072031896808e-10
   39          4.063143165778390e-10
   40          2.350765573162585e-10
   41          1.380771282249089e-10
 ------------------------------------- 


 Final ||Ax - b|| norm =  0.000000000082230
 Final energy = 11011.648383914611259

 Bond dimension before truncation: 306
 Bond dimension after truncation: 51

 MICROITERATION NUMBER = 5  , forward sweep
 - Left boundaries taken from index: 5
 - Right boundaries taken from index: 6


 Initial ||Ax - b|| norm =  0.999999855327061

 ------------------------------------- 
 Iteration  | Rel. error estimate      
 ------------------------------------- 
    0          9.999998553270613e-01
    1          5.485365102374227e-01
    2          2.017455990723241e-01
    3          7.096163141587536e-02
    4          3.021732219968442e-02
    5          1.425521283906116e-02
    6          6.955548659273854e-03
    7          3.671974262079495e-03
    8          2.159274647208467e-03
    9          1.308947302075626e-03
   10          8.574880587488704e-04
   11          6.093329232119790e-04
   12          4.268938151944200e-04
   13          2.911812698552293e-04
   14          1.853423219427253e-04
   15          1.080366374136448e-04
   16          6.402281487987433e-05
   17          4.290201245662218e-05
   18          2.920365278055990e-05
   19          1.988090576443571e-05
   20          1.349910532034580e-05
   21          8.198219249759912e-06
   22          4.983490038734599e-06
   23          3.247593727514551e-06
   24          1.958627935396081e-06
   25          1.159345790511692e-06
   26          6.706330048933638e-07
   27          4.149041556242749e-07
   28          2.680718027180331e-07
   29          1.728594504423585e-07
   30          1.012217033415635e-07
   31          5.613231721387599e-08
   32          3.185071925361629e-08
   33          1.868118150184922e-08
   34          1.118354191954541e-08
   35          6.524450095563912e-09
   36          3.819550075896054e-09
   37          2.309247614651624e-09
   38          1.404067830931740e-09
   39          8.385034212365246e-10
   40          5.084451718271519e-10
   41          3.065433723151407e-10
   42          1.871645238707479e-10
   43          1.146362555134716e-10
 ------------------------------------- 


 Final ||Ax - b|| norm =  0.000000000071099
 Final energy = 11011.646278734757288

 Bond dimension before truncation: 306
 Bond dimension after truncation: 51

 MICROITERATION NUMBER = 6  , forward sweep
 - Left boundaries taken from index: 6
 - Right boundaries taken from index: 7


 Initial ||Ax - b|| norm =  0.999999634168554

 ------------------------------------- 
 Iteration  | Rel. error estimate      
 ------------------------------------- 
    0          9.999996341685536e-01
    1          6.688709632288038e-01
    2          2.613733549064936e-01
    3          9.392739234518763e-02
    4          4.030756062578803e-02
    5          1.970909261669828e-02
    6          1.065489472899960e-02
    7          5.832483379684583e-03
    8          3.340517232204413e-03
    9          2.012913323336227e-03
   10          1.314923668548928e-03
   11          9.200997145263980e-04
   12          6.581393883963784e-04
   13          4.547539995602619e-04
   14          3.010063241866921e-04
   15          1.891265894180811e-04
   16          1.110182099665811e-04
   17          6.806648891778889e-05
   18          4.518731416204530e-05
   19          3.071432110149825e-05
   20          2.115441751548611e-05
   21          1.394019327206000e-05
   22          8.641660939510398e-06
   23          5.365446963432124e-06
   24          3.264566315313583e-06
   25          1.872942565712148e-06
   26          1.074925229606071e-06
   27          6.370347871156733e-07
   28          4.167695571609121e-07
   29          2.815865136665298e-07
   30          1.784437866616536e-07
   31          1.014586441011242e-07
   32          5.567259229706420e-08
   33          3.200217776789005e-08
   34          1.886048716461094e-08
   35          1.105627902968032e-08
   36          6.485014930070905e-09
   37          3.786940794483325e-09
   38          2.330770222024463e-09
   39          1.493628092529577e-09
   40          9.572424820233979e-10
   41          6.211381702498520e-10
   42          4.055698438040501e-10
   43          2.566639985517492e-10
   44          1.550469920110973e-10
 ------------------------------------- 


 Final ||Ax - b|| norm =  0.000000000090194
 Final energy = 11011.641552521241465

 Bond dimension before truncation: 306
 Bond dimension after truncation: 51

 MICROITERATION NUMBER = 7  , forward sweep
 - Left boundaries taken from index: 7
 - Right boundaries taken from index: 8


 Initial ||Ax - b|| norm =  0.999999340871712

 ------------------------------------- 
 Iteration  | Rel. error estimate      
 ------------------------------------- 
    0          9.999993408717117e-01
    1          7.669275650309498e-01
    2          3.390154329726862e-01
    3          1.107929104232304e-01
    4          4.458135921051951e-02
    5          2.202739463256974e-02
    6          1.175266813517119e-02
    7          6.661659004925253e-03
    8          4.155267068238132e-03
    9          2.570294359591645e-03
   10          1.720884002921644e-03
   11          1.201260536935062e-03
   12          8.653470697502858e-04
   13          6.221947621120287e-04
   14          4.183275334807934e-04
   15          2.779538466342938e-04
   16          1.794215600957284e-04
   17          1.170988441740061e-04
   18          7.707326687193467e-05
   19          5.242713769198225e-05
   20          3.738216234077142e-05
   21          2.502597850604501e-05
   22          1.646273375437857e-05
   23          1.050955911187658e-05
   24          6.592335384047196e-06
   25          4.081997288317463e-06
   26          2.553076785867174e-06
   27          1.614382911637753e-06
   28          1.083078473590117e-06
   29          7.697682422213628e-07
   30          5.245047338401920e-07
   31          3.328017512839598e-07
   32          2.029688976605920e-07
   33          1.175524637393243e-07
   34          6.852961271510962e-08
   35          3.954430805310920e-08
   36          2.372452089758254e-08
   37          1.540126262186251e-08
   38          1.010141020948381e-08
   39          6.452707247377291e-09
   40          4.211893375584164e-09
   41          2.810664082007216e-09
   42          1.869918860282914e-09
   43          1.245084067934768e-09
   44          8.024457820394362e-10
   45          4.919514879041868e-10
   46          2.867450369764317e-10
   47          1.723358628320328e-10
   48          1.048038644098160e-10
 ------------------------------------- 


 Final ||Ax - b|| norm =  0.000000000061553
 Final energy = 11011.635111878769749

 Bond dimension before truncation: 306
 Bond dimension after truncation: 51

 MICROITERATION NUMBER = 8  , forward sweep
 - Left boundaries taken from index: 8
 - Right boundaries taken from index: 9


 Initial ||Ax - b|| norm =  0.999999116914314

 ------------------------------------- 
 Iteration  | Rel. error estimate      
 ------------------------------------- 
    0          9.999991169143143e-01
    1          7.403858216820954e-01
    2          3.749972054665731e-01
    3          1.758796548945065e-01
    4          8.976700307974124e-02
    5          4.727632561851259e-02
    6          2.544707338033304e-02
    7          1.498124655256996e-02
    8          9.445272667547700e-03
    9          6.143894525713857e-03
   10          4.174183775175424e-03
   11          3.018118343141228e-03
   12          2.148471132634882e-03
   13          1.588215719547919e-03
   14          1.221979067727478e-03
   15          9.570069545863456e-04
   16          7.473357647382249e-04
   17          5.556715599779045e-04
   18          4.000802493109844e-04
   19          2.798125314420163e-04
   20          1.953520871755279e-04
   21          1.354590515720237e-04
   22          9.892895477952852e-05
   23          7.448870765904639e-05
   24          5.592762499922756e-05
   25          4.234739915525093e-05
   26          3.280449819874665e-05
   27          2.491484027538949e-05
   28          1.848954628073510e-05
   29          1.308561597107105e-05
   30          8.666059968345924e-06
   31          5.775292304321814e-06
   32          3.908311803319128e-06
   33          2.616314501562197e-06
   34          1.709863521076794e-06
   35          1.116052483084572e-06
   36          7.490095134045501e-07
   37          5.188651823091238e-07
   38          3.724449427845527e-07
   39          2.824981270251304e-07
   40          2.179315275195784e-07
   41          1.619928651228470e-07
   42          1.137783428795877e-07
   43          8.242690047740050e-08
   44          6.008603188290936e-08
   45          4.237919662408473e-08
   46          2.936428247932331e-08
   47          1.996770721040424e-08
   48          1.329651270041784e-08
 ------------------------------------- 


 Final ||Ax - b|| norm =  0.000000008332624
 Final energy = 11011.635132411054656

 Bond dimension before truncation: 306
 Bond dimension after truncation: 51

 MICROITERATION NUMBER = 9  , forward sweep
 - Left boundaries taken from index: 9
 - Right boundaries taken from index: 10


 Initial ||Ax - b|| norm =  0.999998890096795

 ------------------------------------- 
 Iteration  | Rel. error estimate      
 ------------------------------------- 
    0          9.999988900967953e-01
    1          6.493550909433587e-01
    2          3.128811226852848e-01
    3          1.743977270427312e-01
    4          1.047742856827861e-01
    5          6.766344785393510e-02
    6          4.468792424350371e-02
    7          2.914485703135261e-02
    8          1.877053066837195e-02
    9          1.245351998470902e-02
   10          8.782534026505912e-03
   11          6.201437908688939e-03
   12          4.308156367055975e-03
   13          3.254966817236433e-03
   14          2.500782193491219e-03
   15          2.024417478327663e-03
   16          1.640477527235304e-03
   17          1.349455545636499e-03
   18          1.120526895887609e-03
   19          9.141812338372872e-04
   20          6.846168678426271e-04
   21          5.000913434482475e-04
   22          3.674456621647680e-04
   23          2.813340726350134e-04
   24          2.146671515635295e-04
   25          1.750367217636437e-04
   26          1.323516110291348e-04
   27          1.034897252556022e-04
   28          8.148527231438385e-05
   29          6.516777275195523e-05
   30          5.385170504471290e-05
   31          4.419075066047533e-05
   32          3.478502175994725e-05
   33          2.859854448476765e-05
   34          2.381672962513322e-05
   35          1.945739029297080e-05
   36          1.593013232159921e-05
   37          1.259758370327790e-05
   38          9.396294063355947e-06
   39          7.080123296460768e-06
   40          5.259679117317912e-06
   41          4.036513471280935e-06
   42          2.899822826032010e-06
   43          2.015846868522738e-06
   44          1.429523444024130e-06
   45          1.037721312185927e-06
   46          7.721118114808952e-07
   47          5.901110754577162e-07
   48          4.383362882132914e-07
 ------------------------------------- 


 Final ||Ax - b|| norm =  0.000000329623938
 Final energy = 11011.637054738344887

 Bond dimension before truncation: 306
 Bond dimension after truncation: 51

 MICROITERATION NUMBER = 10  , forward sweep
 - Left boundaries taken from index: 10
 - Right boundaries taken from index: 11


 Initial ||Ax - b|| norm =  0.999998777514406

 ------------------------------------- 
 Iteration  | Rel. error estimate      
 ------------------------------------- 
    0          9.999987775144061e-01
    1          4.788621101752560e-01
    2          1.971262867105876e-01
    3          8.670495770621180e-02
    4          4.200716202486333e-02
    5          2.179625060978264e-02
    6          1.209903346648874e-02
    7          7.031080347820959e-03
    8          4.695821271662202e-03
    9          3.096839626615428e-03
   10          2.248603210009933e-03
   11          1.631054572781170e-03
   12          1.251729922886343e-03
   13          9.577048627827632e-04
   14          6.844060787165141e-04
   15          4.628182487185855e-04
   16          2.947228648203673e-04
   17          2.086026933996174e-04
   18          1.559148939760619e-04
   19          1.134234032861335e-04
   20          8.113987509051418e-05
   21          5.925001743994877e-05
   22          4.202343069563204e-05
   23          2.798050730027884e-05
   24          1.640533452118766e-05
   25          9.567348254814467e-06
   26          5.835178608652555e-06
   27          3.987864625257649e-06
   28          2.601081023094707e-06
   29          1.731082694928574e-06
   30          1.142341487067276e-06
   31          7.412785248647847e-07
   32          4.446989452652419e-07
   33          2.664659388729686e-07
   34          1.642886414704775e-07
   35          9.233211503914343e-08
   36          5.468617237990303e-08
   37          3.450691986809347e-08
   38          2.130217074022645e-08
   39          1.300722095213974e-08
   40          7.581090522066994e-09
   41          4.131449889094990e-09
   42          2.329187267595950e-09
   43          1.182831109412112e-09
   44          6.173714956246745e-10
   45          3.038876594403986e-10
   46          1.527298878447880e-10
 ------------------------------------- 


 Final ||Ax - b|| norm =  0.000000000092626
 Final energy = 11011.637286890992982

 Bond dimension before truncation: 306
 Bond dimension after truncation: 51

 MICROITERATION NUMBER = 11  , forward sweep
 - Left boundaries taken from index: 11
 - Right boundaries taken from index: 12


 Initial ||Ax - b|| norm =  0.999998776796152

 ------------------------------------- 
 Iteration  | Rel. error estimate      
 ------------------------------------- 
    0          9.999987767961521e-01
    1          4.645000869765803e-01
    2          1.687652088968106e-01
    3          5.957374590692341e-02
    4          2.610255981491055e-02
    5          1.406725797329148e-02
    6          7.110140385762862e-03
    7          4.087607815636681e-03
    8          2.397281871472630e-03
    9          1.439329020421748e-03
   10          9.075783486767896e-04
   11          6.213604602257015e-04
   12          4.128408998350946e-04
   13          2.616420920019465e-04
   14          1.572312649899927e-04
   15          9.461752842940222e-05
   16          5.950325249420618e-05
   17          3.818906372715795e-05
   18          2.082704626931368e-05
   19          9.806035555729719e-06
   20          5.014811797475170e-06
   21          2.457964809668041e-06
   22          1.282586617570093e-06
   23          7.864985430058846e-07
   24          5.095975745932585e-07
   25          3.317497199856948e-07
   26          2.200846748247593e-07
   27          1.534779585648927e-07
   28          1.087633761844300e-07
   29          7.986043259793907e-08
   30          6.415168423730754e-08
   31          5.282108749725352e-08
   32          4.228078130771696e-08
   33          2.804504969938087e-08
   34          1.573144130941345e-08
   35          9.287751772998451e-09
   36          6.552297259607518e-09
   37          4.952753130894610e-09
   38          3.357920919154223e-09
   39          2.135764978266712e-09
   40          1.344871256863171e-09
   41          6.765963891658269e-10
   42          3.308684816299325e-10
   43          1.683089841024895e-10
 ------------------------------------- 


 Final ||Ax - b|| norm =  0.000000000085081
 Final energy = 11011.637286891011172

 Bond dimension before truncation: 6
 Bond dimension after truncation: 6

 MICROITERATION NUMBER = 12  , backward sweep
 - Left boundaries taken from index: 10
 - Right boundaries taken from index: 11


 Initial ||Ax - b|| norm =  0.999998777514406

 ------------------------------------- 
 Iteration  | Rel. error estimate      
 ------------------------------------- 
    0          9.999987775144057e-01
    1          4.788621101754907e-01
    2          1.971262867107048e-01
    3          8.670495770626199e-02
    4          4.200716202488637e-02
    5          2.179625060979374e-02
    6          1.209903346649450e-02
    7          7.031080347824157e-03
    8          4.695821271664286e-03
    9          3.096839626616882e-03
   10          2.248603210011059e-03
   11          1.631054572782051e-03
   12          1.251729922887082e-03
   13          9.577048627834014e-04
   14          6.844060787170272e-04
   15          4.628182487189277e-04
   16          2.947228648205268e-04
   17          2.086026933996858e-04
   18          1.559148939761014e-04
   19          1.134234032861730e-04
   20          8.113987509055385e-05
   21          5.925001743998217e-05
   22          4.202343069565656e-05
   23          2.798050730029424e-05
   24          1.640533452119315e-05
   25          9.567348254813088e-06
   26          5.835178608648825e-06
   27          3.987864625256667e-06
   28          2.601081023112081e-06
   29          1.731082695000486e-06
   30          1.142341487150636e-06
   31          7.412785248967160e-07
   32          4.446989452711629e-07
   33          2.664659388737417e-07
   34          1.642886414705849e-07
   35          9.233211503918695e-08
   36          5.468617237994907e-08
   37          3.450691986813711e-08
   38          2.130217074024686e-08
   39          1.300722095215123e-08
   40          7.581090522076508e-09
   41          4.131449889112051e-09
   42          2.329187267650000e-09
   43          1.182831109695911e-09
   44          6.173714970613388e-10
   45          3.038876667285812e-10
   46          1.527299065810380e-10
 ------------------------------------- 


 Final ||Ax - b|| norm =  0.000000000092627
 Final energy = 11011.637286890987525

 Bond dimension before truncation: 36
 Bond dimension after truncation: 36

 MICROITERATION NUMBER = 13  , backward sweep
 - Left boundaries taken from index: 9
 - Right boundaries taken from index: 10


 Initial ||Ax - b|| norm =  0.999998890096795

 ------------------------------------- 
 Iteration  | Rel. error estimate      
 ------------------------------------- 
    0          9.999988900967953e-01
    1          6.493550909432400e-01
    2          3.128811226851755e-01
    3          1.743977270426759e-01
    4          1.047742856827503e-01
    5          6.766344785391210e-02
    6          4.468792424348779e-02
    7          2.914485703134207e-02
    8          1.877053066836486e-02
    9          1.245351998470374e-02
   10          8.782534026501664e-03
   11          6.201437908685459e-03
   12          4.308156367053039e-03
   13          3.254966817233954e-03
   14          2.500782193489039e-03
   15          2.024417478325771e-03
   16          1.640477527233736e-03
   17          1.349455545635276e-03
   18          1.120526895886706e-03
   19          9.141812338365632e-04
   20          6.846168678414129e-04
   21          5.000913434413551e-04
   22          3.674456621280664e-04
   23          2.813340725260219e-04
   24          2.146671512120386e-04
   25          1.750367215535760e-04
   26          1.323516110067470e-04
   27          1.034897252539595e-04
   28          8.148527231752133e-05
   29          6.516777277037252e-05
   30          5.385170510882854e-05
   31          4.419075077120781e-05
   32          3.478502198312849e-05
   33          2.859854480290040e-05
   34          2.381672970501847e-05
   35          1.945739030282969e-05
   36          1.593013232256228e-05
   37          1.259758370327055e-05
   38          9.396294062540592e-06
   39          7.080123289232814e-06
   40          5.259679081093995e-06
   41          4.036513425223301e-06
   42          2.899822820064147e-06
   43          2.015846867985164e-06
   44          1.429523444043400e-06
   45          1.037721312330792e-06
   46          7.721118116314875e-07
   47          5.901110754990813e-07
   48          4.383362882118674e-07
 ------------------------------------- 


 Final ||Ax - b|| norm =  0.000000329623941
 Final energy = 11011.637054738346706

 Bond dimension before truncation: 216
 Bond dimension after truncation: 51

 MICROITERATION NUMBER = 14  , backward sweep
 - Left boundaries taken from index: 8
 - Right boundaries taken from index: 9


 Initial ||Ax - b|| norm =  0.999999116914313

 ------------------------------------- 
 Iteration  | Rel. error estimate      
 ------------------------------------- 
    0          9.999991169143131e-01
    1          7.403858216944250e-01
    2          3.749972054888515e-01
    3          1.758796549043650e-01
    4          8.976700308560619e-02
    5          4.727632562270014e-02
    6          2.544707338194100e-02
    7          1.498124655372294e-02
    8          9.445272667923129e-03
    9          6.143894526130709e-03
   10          4.174183775375747e-03
   11          3.018118343477487e-03
   12          2.148471132885113e-03
   13          1.588215719654774e-03
   14          1.221979067810226e-03
   15          9.570069546539538e-04
   16          7.473357648053192e-04
   17          5.556715600914342e-04
   18          4.000802493923122e-04
   19          2.798125314937518e-04
   20          1.953520872186225e-04
   21          1.354590516051999e-04
   22          9.892895479655642e-05
   23          7.448870767166256e-05
   24          5.592762501191632e-05
   25          4.234739916588308e-05
   26          3.280449820756770e-05
   27          2.491484028272809e-05
   28          1.848954628633369e-05
   29          1.308561597564969e-05
   30          8.666059971658261e-06
   31          5.775292307077649e-06
   32          3.908311805142098e-06
   33          2.616314502529694e-06
   34          1.709863521894703e-06
   35          1.116052483578964e-06
   36          7.490095136348923e-07
   37          5.188651825179203e-07
   38          3.724449429099580e-07
   39          2.824981270984712e-07
   40          2.179315275813009e-07
   41          1.619928651757254e-07
   42          1.137783429224330e-07
   43          8.242690050519136e-08
   44          6.008603190706770e-08
   45          4.237919664696060e-08
   46          2.936428249595908e-08
   47          1.996770721894137e-08
   48          1.329651270592093e-08
 ------------------------------------- 


 Final ||Ax - b|| norm =  0.000000008332598
 Final energy = 11011.635132411031009

 Bond dimension before truncation: 306
 Bond dimension after truncation: 51

 MICROITERATION NUMBER = 15  , backward sweep
 - Left boundaries taken from index: 7
 - Right boundaries taken from index: 8


 Initial ||Ax - b|| norm =  0.999999340871709

 ------------------------------------- 
 Iteration  | Rel. error estimate      
 ------------------------------------- 
    0          9.999993408717093e-01
    1          7.669275649697507e-01
    2          3.390154326477532e-01
    3          1.107929103022432e-01
    4          4.458135915917193e-02
    5          2.202739460705210e-02
    6          1.175266811846162e-02
    7          6.661658997672680e-03
    8          4.155267062761995e-03
    9          2.570294356502626e-03
   10          1.720884001076612e-03
   11          1.201260535596544e-03
   12          8.653470688316959e-04
   13          6.221947612881149e-04
   14          4.183275327673454e-04
   15          2.779538461377529e-04
   16          1.794215597253601e-04
   17          1.170988439168548e-04
   18          7.707326670210816e-05
   19          5.242713758771132e-05
   20          3.738216226577562e-05
   21          2.502597844639595e-05
   22          1.646273371330350e-05
   23          1.050955908300128e-05
   24          6.592335361922380e-06
   25          4.081997274445493e-06
   26          2.553076776978519e-06
   27          1.614382906373649e-06
   28          1.083078470601714e-06
   29          7.697682400848913e-07
   30          5.245047318579026e-07
   31          3.328017498633744e-07
   32          2.029688966527347e-07
   33          1.175524631837762e-07
   34          6.852961239641341e-08
   35          3.954430788867393e-08
   36          2.372452080827541e-08
   37          1.540126257991269e-08
   38          1.010141017897896e-08
   39          6.452707229858638e-09
   40          4.211893363593353e-09
   41          2.810664073116502e-09
   42          1.869918853388663e-09
   43          1.245084062728827e-09
   44          8.024457780942088e-10
   45          4.919514850102832e-10
   46          2.867450351288518e-10
   47          1.723358618258331e-10
   48          1.048038637872839e-10
 ------------------------------------- 


 Final ||Ax - b|| norm =  0.000000000061547
 Final energy = 11011.635111878760654

 Bond dimension before truncation: 306
 Bond dimension after truncation: 51

 MICROITERATION NUMBER = 16  , backward sweep
 - Left boundaries taken from index: 6
 - Right boundaries taken from index: 7


 Initial ||Ax - b|| norm =  0.999999634168556

 ------------------------------------- 
 Iteration  | Rel. error estimate      
 ------------------------------------- 
    0          9.999996341685560e-01
    1          6.688709641966947e-01
    2          2.613733556290180e-01
    3          9.392739278949704e-02
    4          4.030756085714969e-02
    5          1.970909269853589e-02
    6          1.065489479861188e-02
    7          5.832483419619762e-03
    8          3.340517255998916e-03
    9          2.012913341108489e-03
   10          1.314923679396838e-03
   11          9.200997224574349e-04
   12          6.581393943630323e-04
   13          4.547540028086539e-04
   14          3.010063268181066e-04
   15          1.891265908595803e-04
   16          1.110182108918678e-04
   17          6.806648958462445e-05
   18          4.518731458886773e-05
   19          3.071432146674434e-05
   20          2.115441778277699e-05
   21          1.394019349874245e-05
   22          8.641661084807057e-06
   23          5.365447043714150e-06
   24          3.264566375463143e-06
   25          1.872942596150318e-06
   26          1.074925247943068e-06
   27          6.370347983914911e-07
   28          4.167695626559835e-07
   29          2.815865178703456e-07
   30          1.784437893618195e-07
   31          1.014586459918737e-07
   32          5.567259355111430e-08
   33          3.200217840563299e-08
   34          1.886048762067094e-08
   35          1.105627928902845e-08
   36          6.485015095599284e-09
   37          3.786940905468610e-09
   38          2.330770289258184e-09
   39          1.493628145526084e-09
   40          9.572425257996991e-10
   41          6.211382135083720e-10
   42          4.055698965450834e-10
   43          2.566640814424447e-10
   44          1.550471353428481e-10
 ------------------------------------- 


 Final ||Ax - b|| norm =  0.000000000090198
 Final energy = 11011.641552521330595

 Bond dimension before truncation: 306
 Bond dimension after truncation: 51

 MICROITERATION NUMBER = 17  , backward sweep
 - Left boundaries taken from index: 5
 - Right boundaries taken from index: 6


 Initial ||Ax - b|| norm =  0.999999855327063

 ------------------------------------- 
 Iteration  | Rel. error estimate      
 ------------------------------------- 
    0          9.999998553270634e-01
    1          5.485365115319727e-01
    2          2.017456021928823e-01
    3          7.096163361412063e-02
    4          3.021732312014414e-02
    5          1.425521322133134e-02
    6          6.955548848345957e-03
    7          3.671974331919769e-03
    8          2.159274681429347e-03
    9          1.308947323363481e-03
   10          8.574880667707078e-04
   11          6.093329266891846e-04
   12          4.268938218241359e-04
   13          2.911812771808012e-04
   14          1.853423283571545e-04
   15          1.080366419324249e-04
   16          6.402281739415363e-05
   17          4.290201380167254e-05
   18          2.920365362218475e-05
   19          1.988090642517719e-05
   20          1.349910600763167e-05
   21          8.198219800701184e-06
   22          4.983490300038020e-06
   23          3.247593877885391e-06
   24          1.958628040475423e-06
   25          1.159345855319885e-06
   26          6.706330442617701e-07
   27          4.149041791339258e-07
   28          2.680718177653957e-07
   29          1.728594612477000e-07
   30          1.012217115794535e-07
   31          5.613232174509103e-08
   32          3.185072169623335e-08
   33          1.868118277032863e-08
   34          1.118354271668300e-08
   35          6.524450648020249e-09
   36          3.819550347687497e-09
   37          2.309247772263011e-09
   38          1.404067950383860e-09
   39          8.385034904191242e-10
   40          5.084452124600778e-10
   41          3.065433955630381e-10
   42          1.871645368002211e-10
   43          1.146362638384131e-10
 ------------------------------------- 


 Final ||Ax - b|| norm =  0.000000000071102
 Final energy = 11011.646278734920998

 Bond dimension before truncation: 306
 Bond dimension after truncation: 51

 MICROITERATION NUMBER = 18  , backward sweep
 - Left boundaries taken from index: 4
 - Right boundaries taken from index: 5


 Initial ||Ax - b|| norm =  0.999999970380211

 ------------------------------------- 
 Iteration  | Rel. error estimate      
 ------------------------------------- 
    0          9.999999703802107e-01
    1          4.882133742620277e-01
    2          1.721562923173784e-01
    3          6.040201870732702e-02
    4          2.621834081375246e-02
    5          1.141237563362403e-02
    6          5.603120532217327e-03
    7          3.018319930069188e-03
    8          1.597820100343383e-03
    9          9.005698135836663e-04
   10          5.478050380838968e-04
   11          3.431173844160665e-04
   12          2.176927528138292e-04
   13          1.429760703926219e-04
   14          9.381835295076736e-05
   15          5.694315332442989e-05
   16          3.069541200500673e-05
   17          1.709593095693849e-05
   18          1.001536379511794e-05
   19          6.221508327959809e-06
   20          4.015395938425187e-06
   21          2.563902885948786e-06
   22          1.649833677532124e-06
   23          1.094328719395968e-06
   24          7.269109770825423e-07
   25          4.557490636441743e-07
   26          2.656989172167090e-07
   27          1.662966242648198e-07
   28          1.093406283095799e-07
   29          7.438789154653215e-08
   30          4.583521683051137e-08
   31          2.671066771156716e-08
   32          1.489036167859470e-08
   33          8.408619597169122e-09
   34          4.669575409005672e-09
   35          2.714638223372316e-09
   36          1.661914772742575e-09
   37          1.075580783917154e-09
   38          6.777072188245523e-10
   39          4.063143194483698e-10
   40          2.350765568694349e-10
   41          1.380771277974693e-10
 ------------------------------------- 


 Final ||Ax - b|| norm =  0.000000000082236
 Final energy = 11011.648383914780425

 Bond dimension before truncation: 306
 Bond dimension after truncation: 51

 MICROITERATION NUMBER = 19  , backward sweep
 - Left boundaries taken from index: 3
 - Right boundaries taken from index: 4


 Initial ||Ax - b|| norm =  0.999999998815817

 ------------------------------------- 
 Iteration  | Rel. error estimate      
 ------------------------------------- 
    0          9.999999988158175e-01
    1          4.592046602799394e-01
    2          1.561957484236387e-01
    3          5.597328137624964e-02
    4          2.452432232564293e-02
    5          1.044986787531478e-02
    6          5.006642631061019e-03
    7          2.543349280796705e-03
    8          1.369019307865571e-03
    9          7.697209159474313e-04
   10          4.557929856363583e-04
   11          2.773563437191918e-04
   12          1.616669505146235e-04
   13          9.773897591877032e-05
   14          6.451431848649437e-05
   15          3.912266658052302e-05
   16          2.092461829352093e-05
   17          1.094574283098423e-05
   18          6.019292796702138e-06
   19          3.221909311017209e-06
   20          1.836493772226859e-06
   21          1.067795638741010e-06
   22          6.713518317400350e-07
   23          4.265856492433058e-07
   24          2.569514830238318e-07
   25          1.330870902919257e-07
   26          6.723338009355149e-08
   27          3.650597021160917e-08
   28          2.195432485264728e-08
   29          1.463745717860048e-08
   30          9.409365153561765e-09
   31          5.525724506061806e-09
   32          3.038992563716225e-09
   33          1.584904834736176e-09
   34          8.393683283198268e-10
   35          4.860186304498873e-10
   36          3.051495049481828e-10
   37          2.002527248034035e-10
   38          1.279604522125659e-10
 ------------------------------------- 


 Final ||Ax - b|| norm =  0.000000000080422
 Final energy = 11011.649431488229311

 Bond dimension before truncation: 306
 Bond dimension after truncation: 51

 MICROITERATION NUMBER = 20  , backward sweep
 - Left boundaries taken from index: 2
 - Right boundaries taken from index: 3


 Initial ||Ax - b|| norm =  0.999999999998754

 ------------------------------------- 
 Iteration  | Rel. error estimate      
 ------------------------------------- 
    0          9.999999999987543e-01
    1          3.437619618828733e-02
    2          8.914771598249728e-03
    3          3.278125549808065e-03
    4          1.377423367235280e-03
    5          7.424644072063979e-04
    6          4.955488406970811e-04
    7          3.485907803516165e-04
    8          2.371238706466205e-04
    9          1.427208987254183e-04
   10          7.955617081515005e-05
   11          4.400236687706108e-05
   12          2.808192550841457e-05
   13          1.896230196979353e-05
   14          1.216392842115799e-05
   15          7.440956950563746e-06
   16          4.362694585613630e-06
   17          2.523837682820700e-06
   18          1.400366031196246e-06
   19          7.054244706301886e-07
   20          3.504891551900086e-07
   21          1.856997633677124e-07
   22          1.045983549070442e-07
   23          6.087200530915413e-08
   24          3.674633073812951e-08
   25          2.219160746252569e-08
   26          1.353203036646140e-08
   27          8.153477131408948e-09
   28          4.925770111339716e-09
   29          2.890596502748098e-09
   30          1.627809048217789e-09
   31          9.171303088231148e-10
   32          5.252898683687537e-10
   33          2.877543503963171e-10
   34          1.652926176072613e-10
   35          1.056993983993965e-10
 ------------------------------------- 


 Final ||Ax - b|| norm =  0.000000000067747
 Final energy = 11011.652645973705148

 Bond dimension before truncation: 306
 Bond dimension after truncation: 51

 MICROITERATION NUMBER = 21  , backward sweep
 - Left boundaries taken from index: 1
 - Right boundaries taken from index: 2


 Initial ||Ax - b|| norm =  0.999999999998738

 ------------------------------------- 
 Iteration  | Rel. error estimate      
 ------------------------------------- 
    0          9.999999999987381e-01
    1          1.402554098796942e-03
    2          8.836157497338384e-04
    3          6.002944099145778e-04
    4          3.069964445644153e-04
    5          1.816828320499155e-04
    6          1.109577015065184e-04
    7          5.842418443246509e-05
    8          3.500655580959417e-05
    9          2.132359805063403e-05
   10          1.320260522238913e-05
   11          8.792716401871890e-06
   12          4.486038011408952e-06
   13          2.117962962722500e-06
   14          1.054818836229459e-06
   15          5.659849682081513e-07
   16          2.978974638623878e-07
   17          1.535855128111823e-07
   18          8.018082957121830e-08
   19          4.032565280158321e-08
   20          2.248091162659601e-08
   21          1.416307600438989e-08
   22          8.501630806674711e-09
   23          4.862332587752928e-09
   24          2.509116305452021e-09
   25          1.216901799149738e-09
   26          5.529621816251214e-10
   27          3.100167302800857e-10
   28          1.903033246439140e-10
   29          1.065560771887113e-10
 ------------------------------------- 


 Final ||Ax - b|| norm =  0.000000000056129
 Final energy = 11011.652659339924867

 Bond dimension before truncation: 306
 Bond dimension after truncation: 51

 == RESULTS FOR THE 3-th iteration ==
 - Energy difference for iteration = 3 = 0.0000000371
 - MPS overlap with solution at previous iteration = 0.0073646093
 --> CONVERGENCE REACHED
Task took 409.4234030000 seconds.
