&FCI NORB=14,NELEC=4,MS2=0,
 ORBSYM=1,1,1,1,1,1,1,1,1,1,1,1,1,1,
 ISYM=1,
&END
   1.0185266766894550e+00   1   1   1   1   0   0
   2.3638053975304973e-01   1   2   1   1   0   0
   1.1335836242319132e-01   1   2   1   2   0   0
   1.0904772161313807e-01   1   3   1   3   0   0
   1.0904772161314057e-01   1   4   1   4   0   0
   1.0904772161314168e-01   1   5   1   5   0   0
   2.1998723719236932e-01   1   6   1   1   0   0
   1.3958353400432177e-01   1   6   1   2   0   0
   3.0091666328752242e-01   1   6   1   6   0   0
   1.1938411111422716e-01   1   7   1   7   0   0
   1.1938411111422741e-01   1   8   1   8   0   0
   1.1938411111422763e-01   1   9   1   9   0   0
   1.1938411111422710e-01   1  10   1  10   0   0
   1.1938411111422842e-01   1  11   1  11   0   0
  -9.1672208204921918e-02   1  12   1   3   0   0
   2.4203781926252763e-01   1  12   1  12   0   0
   8.1760758342030226e-02   1  13   1   4   0   0
  -4.1460489052863668e-02   1  13   1   5   0   0
   2.4203781926252657e-01   1  13   1  13   0   0
   4.1460489052863023e-02   1  14   1   4   0   0
   8.1760758342028977e-02   1  14   1   5   0   0
   2.4203781926252591e-01   1  14   1  14   0   0
   2.6950062841863465e-01   1   1   2   1   0   0
   5.7704641696985626e-01   1   1   2   2   0   0
   1.9988780680725682e-01   1   1   2   6   0   0
   1.1553966789270695e-01   1   2   2   1   0   0
   6.6957137756268825e-02   1   2   2   2   0   0
   9.7939955068926735e-02   1   2   2   6   0   0
  -4.4813461592093902e-03   1   3   2   3   0   0
  -7.4256541067106635e-02   1   3   2  12   0   0
  -4.4813461592098100e-03   1   4   2   4   0   0
   6.6228044773736630e-02   1   4   2  13   0   0
   3.3583924379068840e-02   1   4   2  14   0   0
  -4.4813461592097693e-03   1   5   2   5   0   0
  -3.3583924379069256e-02   1   5   2  13   0   0
   6.6228044773737310e-02   1   5   2  14   0   0
   1.3445489683594120e-01   1   6   2   1   0   0
   6.6591513371073399e-02   1   6   2   2   0   0
   1.6738400935808403e-01   1   6   2   6   0   0
   4.0312398869494455e-02   1   7   2   7   0   0
   4.0312398869494573e-02   1   8   2   8   0   0
   4.0312398869494531e-02   1   9   2   9   0   0
   4.0312398869494469e-02   1  10   2  10   0   0
   4.0312398869495093e-02   1  11   2  11   0   0
  -4.4028077668949811e-02   1  12   2   3   0   0
   1.2998748487585832e-01   1  12   2  12   0   0
   3.9267833611123869e-02   1  13   2   4   0   0
  -1.9912530394507470e-02   1  13   2   5   0   0
   1.2998748487585760e-01   1  13   2  13   0   0
   1.9912530394507546e-02   1  14   2   4   0   0
   3.9267833611123751e-02   1  14   2   5   0   0
   1.2998748487585696e-01   1  14   2  14   0   0
   7.8402352911497786e-01   1   1   3   3   0   0
  -1.6045061692236123e-01   1   1   3  12   0   0
   1.0793800662229995e-01   1   2   3   3   0   0
  -9.5406503946759494e-02   1   2   3  12   0   0
   1.2921624190372022e-01   1   3   3   1   0   0
   1.2688270586141382e-02   1   3   3   2   0   0
  -7.0791039401814734e-02   1   3   3   6   0   0
   7.8805568185930704e-03   1   3   3   7   0   0
   1.9766878813181780e-02   1   3   3   8   0   0
   5.9140456870164365e-02   1   3   3   9   0   0
  -1.6650362208981192e-02   1   3   3  10   0   0
  -9.8806445543592386e-02   1   3   3  11   0   0
   3.0539229962064922e-02   1   4   3   7   0   0
  -5.3659101891060164e-02   1   4   3   8   0   0
   7.8835066297130676e-02   1   4   3  10   0   0
  -2.1584009264537414e-02   1   4   3  11   0   0
  -3.7360946766718320e-02   1   5   3   7   0   0
  -8.3058727906546240e-02   1   5   3   8   0   0
  -4.5334595136505652e-02   1   5   3  10   0   0
  -1.1956704206667791e-02   1   5   3  11   0   0
   1.0839282844252068e-02   1   6   3   3   0   0
  -1.2051956130511192e-01   1   6   3  12   0   0
   4.9747930827256240e-03   1   7   3   3   0   0
   1.9278631379015431e-02   1   7   3   4   0   0
  -2.3585005960571857e-02   1   7   3   5   0   0
  -1.5244274075582142e-03   1   7   3  12   0   0
   8.5374617034354033e-03   1   7   3  13   0   0
  -3.7739675757736749e-03   1   7   3  14   0   0
   1.2478322820397828e-02   1   8   3   3   0   0
  -3.3873612621267341e-02   1   8   3   4   0   0
  -5.2432841303113674e-02   1   8   3   5   0   0
  -3.8237363828912867e-03   1   8   3  12   0   0
  -1.9910337746394898e-03   1   8   3  13   0   0
  -1.9024379643590709e-02   1   8   3  14   0   0
   3.7333851213758540e-02   1   9   3   3   0   0
  -1.1440223758768383e-02   1   9   3  12   0   0
  -1.0510945945682960e-02   1  10   3   3   0   0
   4.9766552227103564e-02   1  10   3   4   0   0
  -2.8618565348217315e-02   1  10   3   5   0   0
   3.2208724689677757e-03   1  10   3  12   0   0
   1.7567392759746288e-02   1  10   3  13   0   0
  -9.2434970253539323e-04   1  10   3  14   0   0
  -6.2373970917796361e-02   1  11   3   3   0   0
  -1.3625430595635677e-02   1  11   3   4   0   0
  -7.5479602201694394e-03   1  11   3   5   0   0
   1.9113275507980247e-02   1  11   3  12   0   0
  -2.6777607711457236e-03   1  11   3  13   0   0
  -3.9511877319381352e-03   1  11   3  14   0   0
  -8.6041198688425136e-02   1  12   3   1   0   0
  -4.8046979299751442e-02   1  12   3   2   0   0
   1.0008352881119472e-02   1  12   3   6   0   0
  -7.1475457440497020e-03   1  12   3   7   0   0
  -1.7928259866227068e-02   1  12   3   8   0   0
  -5.3639499153940257e-02   1  12   3   9   0   0
   1.5101626481888323e-02   1  12   3  10   0   0
   8.9615950444459622e-02   1  12   3  11   0   0
   4.0029389238757832e-02   1  13   3   7   0   0
  -9.3353116794051127e-03   1  13   3   8   0   0
   8.2367807565924392e-02   1  13   3  10   0   0
  -1.2555151861276924e-02   1  13   3  11   0   0
  -1.7694910069617490e-02   1  14   3   7   0   0
  -8.9199146565160647e-02   1  14   3   8   0   0
  -4.3339759896819036e-03   1  14   3  10   0   0
  -1.8525837909587336e-02   1  14   3  11   0   0
   7.8402352911497841e-01   1   1   4   4   0   0
   1.4310295751460481e-01   1   1   4  13   0   0
   7.2566824522916365e-02   1   1   4  14   0   0
   1.0793800662229996e-01   1   2   4   4   0   0
   8.5091308109562877e-02   1   2   4  13   0   0
   4.3149394892008835e-02   1   2   4  14   0   0
   3.0539229962064301e-02   1   3   4   7   0   0
  -5.3659101891059234e-02   1   3   4   8   0   0
   7.8835066297129122e-02   1   3   4  10   0   0
  -2.1584009264537012e-02   1   3   4  11   0   0
   1.2921624190372272e-01   1   4   4   1   0   0
   1.2688270586141052e-02   1   4   4   2   0   0
  -7.0791039401816330e-02   1   4   4   6   0   0
   7.9261460501023714e-02   1   4   4   7   0   0
  -3.0181348090193884e-02   1   4   4   8   0   0
   8.5361874685056750e-04   1   4   4   9   0   0
  -3.0250836271698483e-02   1   4   4  10   0   0
   7.6689242412796871e-02   1   4   4  11   0   0
   3.4571509468417388e-02   1   5   4   7   0   0
   3.1108196327946486e-03   1   5   4   8   0   0
  -8.3330517878969362e-02   1   5   4   9   0   0
  -2.2946735809175698e-02   1   5   4  10   0   0
  -4.2630816980793018e-02   1   5   4  11   0   0
   1.0839282844252347e-02   1   6   4   4   0   0
   1.0748918260295341e-01   1   6   4  13   0   0
   5.4507249797853943e-02   1   6   4  14   0   0
   1.9278631379015431e-02   1   7   4   3   0   0
   5.0035723934747069e-02   1   7   4   4   0   0
   2.1824105849612453e-02   1   7   4   5   0   0
  -5.9075570713548178e-03   1   7   4  12   0   0
   1.0650162850608115e-02   1   7   4  13   0   0
   1.2898914739664721e-02   1   7   4  14   0   0
  -3.3873612621267354e-02   1   8   4   3   0   0
  -1.9052709746623240e-02   1   8   4   4   0   0
   1.9637805230108092e-03   1   8   4   5   0   0
   1.0379901759567866e-02   1   8   4  12   0   0
  -5.4792555234535962e-03   1   8   4  13   0   0
  -2.1037937579300157e-03   1   8   4  14   0   0
   5.3886758700832460e-04   1   9   4   4   0   0
  -5.2604415330925414e-02   1   9   4   5   0   0
   7.4376604450653271e-03   1   9   4  13   0   0
  -1.4302082900497892e-02   1   9   4  14   0   0
   4.9766552227103578e-02   1  10   4   3   0   0
  -1.9096575850584878e-02   1  10   4   4   0   0
  -1.4485684857354488e-02   1  10   4   5   0   0
  -1.5249980236988722e-02   1  10   4  12   0   0
  -3.2115307634498222e-03   1  10   4  13   0   0
  -6.6055048900633745e-03   1  10   4  14   0   0
  -1.3625430595635681e-02   1  11   4   3   0   0
   4.8411948731149755e-02   1  11   4   4   0   0
  -2.6911739653549857e-02   1  11   4   5   0   0
   4.1752449789106017e-03   1  11   4  12   0   0
   1.6960633110825137e-02   1  11   4  13   0   0
  -6.4560798937510406e-04   1  11   4  14   0   0
  -2.7698619293868541e-02   1  12   4   7   0   0
   4.8667993160849243e-02   1  12   4   8   0   0
  -7.1502211780832436e-02   1  12   4  10   0   0
   1.9576369679143415e-02   1  12   4  11   0   0
   7.6738564404355877e-02   1  13   4   1   0   0
   4.2852218142385740e-02   1  13   4   2   0   0
  -8.9262660662189457e-03   1  13   4   6   0   0
   4.9935159771387801e-02   1  13   4   7   0   0
  -2.5690452233440273e-02   1  13   4   8   0   0
   3.4872777802496757e-02   1  13   4   9   0   0
  -1.5057826254219227e-02   1  13   4  10   0   0
   7.9522908343561557e-02   1  13   4  11   0   0
   3.8913758555290522e-02   1  14   4   1   0   0
   2.1730154626880268e-02   1  14   4   2   0   0
  -4.5264667797380986e-03   1  14   4   6   0   0
   6.0478828111616728e-02   1  14   4   7   0   0
  -9.8640066731265283e-03   1  14   4   8   0   0
  -6.7057828572001488e-02   1  14   4   9   0   0
  -3.0971070272146767e-02   1  14   4  10   0   0
  -3.0270464922782497e-03   1  14   4  11   0   0
   7.8402352911497908e-01   1   1   5   5   0   0
  -7.2566824522916226e-02   1   1   5  13   0   0
   1.4310295751460456e-01   1   1   5  14   0   0
   1.0793800662230002e-01   1   2   5   5   0   0
  -4.3149394892008870e-02   1   2   5  13   0   0
   8.5091308109562655e-02   1   2   5  14   0   0
  -3.7360946766717251e-02   1   3   5   7   0   0
  -8.3058727906544019e-02   1   3   5   8   0   0
  -4.5334595136504355e-02   1   3   5  10   0   0
  -1.1956704206667477e-02   1   3   5  11   0   0
   3.4571509468417243e-02   1   4   5   7   0   0
   3.1108196327945905e-03   1   4   5   8   0   0
  -8.3330517878968585e-02   1   4   5   9   0   0
  -2.2946735809175566e-02   1   4   5  10   0   0
  -4.2630816980792616e-02   1   4   5  11   0   0
   1.2921624190372386e-01   1   5   5   1   0   0
   1.2688270586141082e-02   1   5   5   2   0   0
  -7.0791039401816969e-02   1   5   5   6   0   0
  -8.7142017319617779e-02   1   5   5   7   0   0
   1.0414469277011782e-02   1   5   5   8   0   0
  -5.9994075617016453e-02   1   5   5   9   0   0
   4.6901198480680500e-02   1   5   5  10   0   0
   2.2117203130797791e-02   1   5   5  11   0   0
   1.0839282844252188e-02   1   6   5   5   0   0
  -5.4507249797853791e-02   1   6   5  13   0   0
   1.0748918260295363e-01   1   6   5  14   0   0
  -2.3585005960571861e-02   1   7   5   3   0   0
   2.1824105849612453e-02   1   7   5   4   0   0
  -5.5010517017472740e-02   1   7   5   5   0   0
   7.2271607875640503e-03   1   7   5  12   0   0
   1.3588365851190961e-02   1   7   5  13   0   0
  -1.2009771649391765e-02   1   7   5  14   0   0
  -5.2432841303113667e-02   1   8   5   3   0   0
   1.9637805230108096e-03   1   8   5   4   0   0
   6.5743869262253930e-03   1   8   5   5   0   0
   1.6067012036372678e-02   1   8   5  12   0   0
  -3.7443669815986544e-04   1   8   5  13   0   0
   2.0689352913243852e-03   1   8   5  14   0   0
  -5.2604415330925428e-02   1   9   5   4   0   0
  -3.7872718800766814e-02   1   9   5   5   0   0
  -9.1280254494932201e-03   1   9   5  13   0   0
  -1.7640985841444121e-02   1   9   5  14   0   0
  -2.8618565348217315e-02   1  10   5   3   0   0
  -1.4485684857354488e-02   1  10   5   4   0   0
   2.9607521796267897e-02   1  10   5   5   0   0
   8.7695959724048700e-03   1  10   5  12   0   0
  -8.0622053487432472e-03   1  10   5  13   0   0
   6.0841677462648378e-03   1  10   5  14   0   0
  -7.5479602201694402e-03   1  11   5   3   0   0
  -2.6911739653549861e-02   1  11   5   4   0   0
   1.3962022186646701e-02   1  11   5   5   0   0
   2.3129238220458898e-03   1  11   5  12   0   0
  -9.2899481386989995e-03   1  11   5  13   0   0
   8.6146175208584266e-05   1  11   5  14   0   0
   3.3885813173261815e-02   1  12   5   7   0   0
   7.5333008925705824e-02   1  12   5   8   0   0
   4.1117791545088996e-02   1  12   5  10   0   0
   1.0844549723135533e-02   1  12   5  11   0   0
  -3.8913758555291174e-02   1  13   5   1   0   0
  -2.1730154626880230e-02   1  13   5   2   0   0
   4.5264667797384837e-03   1  13   5   6   0   0
   6.3711440785390733e-02   1  13   5   7   0   0
  -1.7556122482971629e-03   1  13   5   8   0   0
  -4.2798351124903829e-02   1  13   5   9   0   0
  -3.7801066316675132e-02   1  13   5  10   0   0
  -4.3557554103253467e-02   1  13   5  11   0   0
   7.6738564404354642e-02   1  14   5   1   0   0
   4.2852218142385788e-02   1  14   5   2   0   0
  -8.9262660662183784e-03   1  14   5   6   0   0
  -5.6309924509371112e-02   1  14   5   7   0   0
   9.7005666277717884e-03   1  14   5   8   0   0
  -8.2712861659855585e-02   1  14   5   9   0   0
   2.8526689473889724e-02   1  14   5  10   0   0
   4.0391147845106481e-04   1  14   5  11   0   0
   1.8326416282501204e-01   1   1   6   1   0   0
   2.3878626778678491e-01   1   1   6   2   0   0
   1.0814704066645131e+00   1   1   6   6   0   0
   1.0293108585656470e-01   1   2   6   1   0   0
   8.7394976885513093e-02   1   2   6   2   0   0
   2.8226582763002389e-01   1   2   6   6   0   0
  -6.9946128688098408e-02   1   3   6   3   0   0
  -4.0458328033547701e-02   1   3   6  12   0   0
  -6.9946128688099934e-02   1   4   6   4   0   0
   3.6084039492963078e-02   1   4   6  13   0   0
   1.8298043642435535e-02   1   4   6  14   0   0
  -6.9946128688100573e-02   1   5   6   5   0   0
  -1.8298043642435879e-02   1   5   6  13   0   0
   3.6084039492963751e-02   1   5   6  14   0   0
   2.1367658680845475e-01   1   6   6   1   0   0
   1.2047676370667268e-01   1   6   6   2   0   0
   3.8470785147541603e-01   1   6   6   6   0   0
  -3.5621678001150930e-02   1   7   6   7   0   0
  -3.5621678001151048e-02   1   8   6   8   0   0
  -3.5621678001150056e-02   1   9   6   9   0   0
  -3.5621678001150889e-02   1  10   6  10   0   0
  -3.5621678001150694e-02   1  11   6  11   0   0
   5.2895439582728056e-03   1  12   6   3   0   0
   1.4928610770706147e-01   1  12   6  12   0   0
  -4.7176470795284656e-03   1  13   6   4   0   0
   2.3922962440960580e-03   1  13   6   5   0   0
   1.4928610770706063e-01   1  13   6  13   0   0
  -2.3922962440953931e-03   1  14   6   4   0   0
  -4.7176470795278090e-03   1  14   6   5   0   0
   1.4928610770706063e-01   1  14   6  14   0   0
   9.6726540696500896e-01   1   1   7   7   0   0
   1.9506074556783762e-01   1   2   7   7   0   0
   7.9870225811791429e-03   1   3   7   3   0   0
   3.0951812788576220e-02   1   3   7   4   0   0
  -3.7865690502473549e-02   1   3   7   5   0   0
  -5.9433017456281224e-03   1   3   7  12   0   0
   3.3285094976439132e-02   1   3   7  13   0   0
  -1.4713608512830038e-02   1   3   7  14   0   0
   3.0951812788576807e-02   1   4   7   3   0   0
   8.0332277199663293e-02   1   4   7   4   0   0
   3.5038568104505306e-02   1   4   7   5   0   0
  -2.3031857129111048e-02   1   4   7  12   0   0
   4.1521905961158546e-02   1   4   7  13   0   0
   5.0289139455813731e-02   1   4   7  14   0   0
  -3.7865690502474604e-02   1   5   7   3   0   0
   3.5038568104505508e-02   1   5   7   4   0   0
  -8.8319299780843463e-02   1   5   7   5   0   0
   2.8176610517300662e-02   1   5   7  12   0   0
   5.2977110017313485e-02   1   5   7  13   0   0
  -4.6822627600719154e-02   1   5   7  14   0   0
   8.3269287683697138e-02   1   6   7   7   0   0
   7.7719257589184312e-02   1   7   7   1   0   0
   2.5990345528089532e-02   1   7   7   2   0   0
  -4.3457922828741953e-02   1   7   7   6   0   0
  -3.1802961376396675e-02   1   7   7   7   0   0
  -5.6890013854743626e-02   1   7   7   8   0   0
  -1.3976475614191903e-02   1   7   7   9   0   0
   6.1626284412275127e-03   1   7   7  10   0   0
   3.6917806707765448e-02   1   7   7  11   0   0
  -5.6890013854743834e-02   1   8   7   7   0   0
   1.7980104068932620e-02   1   8   7   8   0   0
   3.5478695487824474e-03   1   8   7   9   0   0
  -3.5023960958286388e-02   1   8   7  10   0   0
  -1.4111243869407056e-02   1   8   7  11   0   0
  -1.3976475614191776e-02   1   9   7   7   0   0
   3.5478695487824842e-03   1   9   7   8   0   0
   4.4538752396120193e-02   1   9   7  10   0   0
  -1.4007623819526084e-02   1   9   7  11   0   0
   6.1626284412275674e-03   1  10   7   7   0   0
  -3.5023960958286381e-02   1  10   7   8   0   0
   4.4538752396120138e-02   1  10   7   9   0   0
   3.6578144670934977e-03   1  10   7  10   0   0
  -3.2411750894630532e-02   1  10   7  11   0   0
   3.6917806707765788e-02   1  11   7   7   0   0
  -1.4111243869407212e-02   1  11   7   8   0   0
  -1.4007623819526136e-02   1  11   7   9   0   0
  -3.2411750894630734e-02   1  11   7  10   0   0
   1.0165042840370701e-02   1  11   7  11   0   0
  -4.8681368461330711e-03   1  12   7   3   0   0
  -1.8865310415641316e-02   1  12   7   4   0   0
   2.3079359206237483e-02   1  12   7   5   0   0
   8.1528272344688207e-03   1  12   7  12   0   0
  -4.5659406242567653e-02   1  12   7  13   0   0
   2.0183647631378421e-02   1  12   7  14   0   0
   2.7263700248945737e-02   1  13   7   3   0   0
   3.4010442172126829e-02   1  13   7   4   0   0
   4.3393358155949996e-02   1  13   7   5   0   0
  -4.5659406242567445e-02   1  13   7  12   0   0
   1.7932738134194031e-02   1  13   7  13   0   0
   9.0575572571332877e-02   1  13   7  14   0   0
  -1.2051863224607870e-02   1  14   7   3   0   0
   4.1191651244234441e-02   1  14   7   4   0   0
  -3.8352243990218013e-02   1  14   7   5   0   0
   2.0183647631378174e-02   1  14   7  12   0   0
   9.0575572571332294e-02   1  14   7  13   0   0
  -2.6085565368662737e-02   1  14   7  14   0   0
   9.6726540696500896e-01   1   1   8   8   0   0
   1.9506074556783773e-01   1   2   8   8   0   0
   2.0033927941211241e-02   1   3   8   3   0   0
  -5.4384032544314224e-02   1   3   8   4   0   0
  -8.4180845417978739e-02   1   3   8   5   0   0
  -1.4907642703472994e-02   1   3   8  12   0   0
  -7.7624650736066092e-03   1   3   8  13   0   0
  -7.4170556226324666e-02   1   3   8  14   0   0
  -5.4384032544315133e-02   1   4   8   3   0   0
  -3.0589095958049740e-02   1   4   8   4   0   0
   3.1528465849627154e-03   1   4   8   5   0   0
   4.0468236100467306e-02   1   4   8  12   0   0
  -2.1362033217079260e-02   1   4   8  13   0   0
  -8.2020836492143496e-03   1   4   8  14   0   0
  -8.4180845417980960e-02   1   5   8   3   0   0
   3.1528465849627700e-03   1   5   8   4   0   0
   1.0555168016838173e-02   1   5   8   5   0   0
   6.2640634909444548e-02   1   5   8  12   0   0
  -1.4598204353762575e-03   1   5   8  13   0   0
   8.0661805656040836e-03   1   5   8  14   0   0
   8.3269287683697166e-02   1   6   8   8   0   0
  -5.6890013854743626e-02   1   7   8   7   0   0
   1.7980104068932540e-02   1   7   8   8   0   0
   3.5478695487825051e-03   1   7   8   9   0   0
  -3.5023960958286429e-02   1   7   8  10   0   0
  -1.4111243869407030e-02   1   7   8  11   0   0
   7.7719257589184507e-02   1   8   8   1   0   0
   2.5990345528089619e-02   1   8   8   2   0   0
  -4.3457922828742057e-02   1   8   8   6   0   0
   1.7980104068932620e-02   1   8   8   7   0   0
   3.6875004262897727e-02   1   8   8   8   0   0
  -3.3808905711160221e-02   1   8   8   9   0   0
   8.1872001728805783e-03   1   8   8  10   0   0
  -5.4323327465619020e-02   1   8   8  11   0   0
   3.5478695487824834e-03   1   9   8   7   0   0
  -3.3808905711160145e-02   1   9   8   8   0   0
   2.9846805821159047e-06   1   9   8  10   0   0
  -2.1774955576572590e-02   1   9   8  11   0   0
  -3.5023960958286381e-02   1  10   8   7   0   0
   8.1872001728805540e-03   1  10   8   8   0   0
   2.9846805821275425e-06   1  10   8   9   0   0
   4.7831975278745165e-02   1  10   8  10   0   0
   1.1721967117577520e-03   1  10   8  11   0   0
  -1.4111243869407212e-02   1  11   8   7   0   0
  -5.4323327465619450e-02   1  11   8   8   0   0
  -2.1774955576572656e-02   1  11   8   9   0   0
   1.1721967117577987e-03   1  11   8  10   0   0
  -2.7816965686899432e-02   1  11   8  11   0   0
  -1.2210795924529288e-02   1  12   8   3   0   0
   3.3147385021063888e-02   1  12   8   4   0   0
   5.1308716252232649e-02   1  12   8   5   0   0
   2.0449817397208511e-02   1  12   8  12   0   0
   1.0648296076379873e-02   1  12   8  13   0   0
   1.0174474672138276e-01   1  12   8  14   0   0
  -6.3582069124190396e-03   1  13   8   3   0   0
  -1.7497563721861811e-02   1  13   8   4   0   0
  -1.1957336097600812e-03   1  13   8   5   0   0
   1.0648296076379746e-02   1  13   8  12   0   0
  -2.5229783062685154e-02   1  13   8  13   0   0
  -1.5039193409730691e-02   1  13   8  14   0   0
  -6.0752832872594933e-02   1  14   8   3   0   0
  -6.7182968889601272e-03   1  14   8   4   0   0
   6.6069791674069041e-03   1  14   8   5   0   0
   1.0174474672138148e-01   1  14   8  12   0   0
  -1.5039193409730606e-02   1  14   8  13   0   0
   4.7799656654767646e-03   1  14   8  14   0   0
   9.6726540696500896e-01   1   1   9   9   0   0
   1.9506074556783787e-01   1   2   9   9   0   0
   5.9939440239653599e-02   1   3   9   3   0   0
  -4.4602125033145430e-02   1   3   9  12   0   0
   8.6515107545794879e-04   1   4   9   4   0   0
  -8.4456307253615900e-02   1   4   9   5   0   0
   2.8997287825828326e-02   1   4   9  13   0   0
  -5.5759686454865315e-02   1   4   9  14   0   0
  -8.4456307253616719e-02   1   5   9   4   0   0
  -6.0804591315113093e-02   1   5   9   5   0   0
  -3.5587532288605374e-02   1   5   9  13   0   0
  -6.8777103734967857e-02   1   5   9  14   0   0
   8.3269287683696389e-02   1   6   9   9   0   0
  -1.3976475614191894e-02   1   7   9   7   0   0
   3.5478695487825038e-03   1   7   9   8   0   0
   4.4538752396120068e-02   1   7   9  10   0   0
  -1.4007623819526138e-02   1   7   9  11   0   0
   3.5478695487824465e-03   1   8   9   7   0   0
  -3.3808905711160214e-02   1   8   9   8   0   0
   2.9846805820165845e-06   1   8   9  10   0   0
  -2.1774955576572622e-02   1   8   9  11   0   0
   7.7719257589184784e-02   1   9   9   1   0   0
   2.5990345528089594e-02   1   9   9   2   0   0
  -4.3457922828741155e-02   1   9   9   6   0   0
  -7.6447016558608374e-02   1   9   9   9   0   0
   4.4538752396120138e-02   1  10   9   7   0   0
   2.9846805821289079e-06   1  10   9   8   0   0
   5.4481300593001609e-02   1  10   9  10   0   0
   7.2544487332758005e-03   1  10   9  11   0   0
  -1.4007623819526133e-02   1  11   9   7   0   0
  -2.1774955576572649e-02   1  11   9   8   0   0
   7.2544487332758430e-03   1  11   9  10   0   0
   6.9751097290959435e-02   1  11   9  11   0   0
  -3.6533438412311742e-02   1  12   9   3   0   0
   6.1183738475486374e-02   1  12   9  12   0   0
   2.3751573005136032e-02   1  13   9   4   0   0
  -2.9149618278180762e-02   1  13   9   5   0   0
   5.7555629840340683e-02   1  13   9  13   0   0
  -2.5549570982927906e-02   1  13   9  14   0   0
  -4.5672556396690191e-02   1  14   9   4   0   0
  -5.6335075551025016e-02   1  14   9   5   0   0
  -2.5549570982927799e-02   1  14   9  13   0   0
  -1.1873936831582584e-01   1  14   9  14   0   0
   9.6726540696500862e-01   1   1  10  10   0   0
   1.9506074556783753e-01   1   2  10  10   0   0
  -1.6875307419163692e-02   1   3  10   3   0   0
   7.9900122440375906e-02   1   3  10   4   0   0
  -4.5947062295087777e-02   1   3  10   5   0   0
   1.2557250592813639e-02   1   3  10  12   0   0
   6.8490185585402971e-02   1   3  10  13   0   0
  -3.6037722579713386e-03   1   3  10  14   0   0
   7.9900122440377419e-02   1   4  10   3   0   0
  -3.0659522919948293e-02   1   4  10   4   0   0
  -2.3256744579243815e-02   1   4  10   5   0   0
  -5.9455264129938866e-02   1   4  10  12   0   0
  -1.2520829983714232e-02   1   4  10  13   0   0
  -2.5752953895491079e-02   1   4  10  14   0   0
  -4.5947062295089082e-02   1   5  10   3   0   0
  -2.3256744579243968e-02   1   5  10   4   0   0
   4.7534830339112794e-02   1   5  10   5   0   0
   3.4190119380452536e-02   1   5  10  12   0   0
  -3.1432207847502738e-02   1   5  10  13   0   0
   2.3720411091920520e-02   1   5  10  14   0   0
   8.3269287683696749e-02   1   6  10  10   0   0
   6.1626284412275145e-03   1   7  10   7   0   0
  -3.5023960958286422e-02   1   7  10   8   0   0
   4.4538752396120068e-02   1   7  10   9   0   0
   3.6578144670934890e-03   1   7  10  10   0   0
  -3.2411750894630567e-02   1   7  10  11   0   0
  -3.5023960958286394e-02   1   8  10   7   0   0
   8.1872001728805800e-03   1   8  10   8   0   0
   2.9846805820164524e-06   1   8  10   9   0   0
   4.7831975278745269e-02   1   8  10  10   0   0
   1.1721967117577271e-03   1   8  10  11   0   0
   4.4538752396120186e-02   1   9  10   7   0   0
   2.9846805821158776e-06   1   9  10   8   0   0
   5.4481300593001783e-02   1   9  10  10   0   0
   7.2544487332757432e-03   1   9  10  11   0   0
   7.7719257589184271e-02   1  10  10   1   0   0
   2.5990345528089539e-02   1  10  10   2   0   0
  -4.3457922828741870e-02   1  10  10   6   0   0
   3.6578144670934951e-03   1  10  10   7   0   0
   4.7831975278745165e-02   1  10  10   8   0   0
   5.4481300593001589e-02   1  10  10   9   0   0
  -6.0805002036125504e-03   1  10  10  10   0   0
   2.3188020138400340e-02   1  10  10  11   0   0
  -3.2411750894630727e-02   1  11  10   7   0   0
   1.1721967117577965e-03   1  11  10   8   0   0
   7.2544487332758464e-03   1  11  10   9   0   0
   2.3188020138400545e-02   1  11  10  10   0   0
  -8.2693284104954461e-03   1  11  10  11   0   0
   1.0285598294242727e-02   1  12  10   3   0   0
  -4.8699590630819994e-02   1  12  10   4   0   0
   2.8005002447015391e-02   1  12  10   5   0   0
  -1.7225626260428395e-02   1  12  10  12   0   0
  -9.3952599789376368e-02   1  12  10  13   0   0
   4.9435370891650048e-03   1  12  10  14   0   0
   5.6100061938139476e-02   1  13  10   3   0   0
  -1.0255766305778300e-02   1  13  10   4   0   0
  -2.5746007139936338e-02   1  13  10   5   0   0
  -9.3952599789375923e-02   1  13  10  12   0   0
   4.1821234591436557e-03   1  13  10  13   0   0
  -4.6223882727071605e-02   1  13  10  14   0   0
  -2.9518367508442438e-03   1  14  10   3   0   0
  -2.1094150881304854e-02   1  14  10   4   0   0
   1.9429302462547756e-02   1  14  10   5   0   0
   4.9435370891649493e-03   1  14  10  12   0   0
  -4.6223882727071286e-02   1  14  10  13   0   0
   1.3043502801284610e-02   1  14  10  14   0   0
   9.6726540696500984e-01   1   1  11  11   0   0
   1.9506074556783784e-01   1   2  11  11   0   0
  -1.0014131360118939e-01   1   3  11   3   0   0
  -2.1875607695829608e-02   1   3  11   4   0   0
  -1.2118238430794331e-02   1   3  11   5   0   0
   7.4517135501522336e-02   1   3  11  12   0   0
  -1.0439815098192766e-02   1   3  11  13   0   0
  -1.5404538666847614e-02   1   3  11  14   0   0
  -2.1875607695829996e-02   1   4  11   3   0   0
   7.7725308627859604e-02   1   4  11   4   0   0
  -4.3206756288636815e-02   1   4  11   5   0   0
   1.6278073097185052e-02   1   4  11  12   0   0
   6.6124605130255018e-02   1   4  11  13   0   0
  -2.5170389034071929e-03   1   4  11  14   0   0
  -1.2118238430794639e-02   1   5  11   3   0   0
  -4.3206756288637224e-02   1   5  11   4   0   0
   2.2416004973332043e-02   1   5  11   5   0   0
   9.0174213090863237e-03   1   5  11  12   0   0
  -3.6218822041492696e-02   1   5  11  13   0   0
   3.3585903202595772e-04   1   5  11  14   0   0
   8.3269287683697013e-02   1   6  11  11   0   0
   3.6917806707765441e-02   1   7  11   7   0   0
  -1.4111243869407030e-02   1   7  11   8   0   0
  -1.4007623819526140e-02   1   7  11   9   0   0
  -3.2411750894630560e-02   1   7  11  10   0   0
   1.0165042840370666e-02   1   7  11  11   0   0
  -1.4111243869407054e-02   1   8  11   7   0   0
  -5.4323327465619027e-02   1   8  11   8   0   0
  -2.1774955576572622e-02   1   8  11   9   0   0
   1.1721967117577271e-03   1   8  11  10   0   0
  -2.7816965686899266e-02   1   8  11  11   0   0
  -1.4007623819526084e-02   1   9  11   7   0   0
  -2.1774955576572590e-02   1   9  11   8   0   0
   7.2544487332757415e-03   1   9  11  10   0   0
   6.9751097290959102e-02   1   9  11  11   0   0
  -3.2411750894630532e-02   1  10  11   7   0   0
   1.1721967117577525e-03   1  10  11   8   0   0
   7.2544487332758022e-03   1  10  11   9   0   0
   2.3188020138400343e-02   1  10  11  10   0   0
  -8.2693284104954010e-03   1  10  11  11   0   0
   7.7719257589185256e-02   1  11  11   1   0   0
   2.5990345528090115e-02   1  11  11   2   0   0
  -4.3457922828741891e-02   1  11  11   6   0   0
   1.0165042840370703e-02   1  11  11   7   0   0
  -2.7816965686899436e-02   1  11  11   8   0   0
   6.9751097290959449e-02   1  11  11   9   0   0
  -8.2693284104954461e-03   1  11  11  10   0   0
  -5.7824993805464485e-03   1  11  11  11   0   0
   6.1036714696523088e-02   1  12  11   3   0   0
   1.3333310476242468e-02   1  12  11   4   0   0
   7.3861370010633240e-03   1  12  11   5   0   0
  -1.0222017285228903e-01   1  12  11  12   0   0
   1.4320997401482351e-02   1  12  11  13   0   0
   2.1131443051816839e-02   1  12  11  14   0   0
  -8.5512145809714321e-03   1  13  11   3   0   0
   5.4162423590116492e-02   1  13  11   4   0   0
  -2.9666705418990625e-02   1  13  11   5   0   0
   1.4320997401482271e-02   1  13  11  12   0   0
   1.0337085508991903e-01   1  13  11  13   0   0
  -3.2878510751171569e-03   1  13  11  14   0   0
  -1.2617801601092207e-02   1  14  11   3   0   0
  -2.0616974121900871e-03   1  14  11   4   0   0
   2.7510091173053094e-04   1  14  11   5   0   0
   2.1131443051816572e-02   1  14  11  12   0   0
  -3.2878510751171396e-03   1  14  11  13   0   0
  -1.1506822376306509e-03   1  14  11  14   0   0
  -1.7449516777773810e-01   1   1  12   3   0   0
   1.1463962353885027e+00   1   1  12  12   0   0
  -7.2675629239043388e-02   1   2  12   3   0   0
   3.0317524615609626e-01   1   2  12  12   0   0
  -7.2721396901581775e-02   1   3  12   1   0   0
  -6.9856467587787990e-02   1   3  12   2   0   0
  -7.6999318734727346e-02   1   3  12   6   0   0
  -3.0914284289870575e-03   1   3  12   7   0   0
  -7.7542605836223126e-03   1   3  12   8   0   0
  -2.3199945623176309e-02   1   3  12   9   0   0
   6.5316962075994967e-03   1   3  12  10   0   0
   3.8760339117148566e-02   1   3  12  11   0   0
  -1.1980098091717833e-02   1   4  12   7   0   0
   2.1049689365674893e-02   1   4  12   8   0   0
  -3.0925855972134118e-02   1   4  12  10   0   0
   8.4670945705868934e-03   1   4  12  11   0   0
   1.4656158901868853e-02   1   5  12   7   0   0
   3.2582737316224249e-02   1   5  12   8   0   0
   1.7784105799599353e-02   1   5  12  10   0   0
   4.6904420781881681e-03   1   5  12  11   0   0
  -6.4026258220739291e-02   1   6  12   3   0   0
   3.0680053076598196e-01   1   6  12  12   0   0
  -1.4639053341727860e-03   1   7  12   3   0   0
  -5.6730181219575770e-03   1   7  12   4   0   0
   6.9402315750712353e-03   1   7  12   5   0   0
   6.3083437525415951e-03   1   7  12  12   0   0
  -3.5329490228529541e-02   1   7  12  13   0   0
   1.5617329274511604e-02   1   7  12  14   0   0
  -3.6719282660701890e-03   1   8  12   3   0   0
   9.9678039627746368e-03   1   8  12   4   0   0
   1.5429127361295052e-02   1   8  12   5   0   0
   1.5823281189240302e-02   1   8  12  12   0   0
   8.2392414430969129e-03   1   8  12  13   0   0
   7.8726166871310066e-02   1   8  12  14   0   0
  -1.0986029575141739e-02   1   9  12   3   0   0
   4.7341620675728974e-02   1   9  12  12   0   0
   3.0929989612064478e-03   1  10  12   3   0   0
  -1.4644532959897635e-02   1  10  12   4   0   0
   8.4214297505363842e-03   1  10  12   5   0   0
  -1.3328526249663542e-02   1  10  12  12   0   0
  -7.2696903647187505e-02   1  10  12  13   0   0
   3.8251186263390628e-03   1  10  12  14   0   0
   1.8354449566387664e-02   1  11  12   3   0   0
   4.0094814392610031e-03   1  11  12   4   0   0
   2.2210972486067788e-03   1  11  12   5   0   0
  -7.9094033302972544e-02   1  11  12  12   0   0
   1.1081036294483770e-02   1  11  12  13   0   0
   1.6350696871697077e-02   1  11  12  14   0   0
   1.4974231516642558e-01   1  12  12   1   0   0
   8.3417552003849552e-02   1  12  12   2   0   0
   8.8471776649339764e-02   1  12  12   6   0   0
   9.2769229025576275e-03   1  12  12   7   0   0
   2.3269397708222783e-02   1  12  12   8   0   0
   6.9619631129631807e-02   1  12  12   9   0   0
  -1.9600661484724533e-02   1  12  12  10   0   0
  -1.1631408778387813e-01   1  12  12  11   0   0
  -5.1954834722614397e-02   1  13  12   7   0   0
   1.2116462044791273e-02   1  13  12   8   0   0
  -1.0690659812536546e-01   1  13  12  10   0   0
   1.6295548152865418e-02   1  13  12  11   0   0
   2.2966528982370220e-02   1  14  12   7   0   0
   1.1577311083987496e-01   1  14  12   8   0   0
   5.6251421897210684e-03   1  14  12  10   0   0
   2.4045004557767004e-02   1  14  12  11   0   0
   1.5562903440305464e-01   1   1  13   4   0   0
  -7.8918738133310642e-02   1   1  13   5   0   0
   1.1463962353885029e+00   1   1  13  13   0   0
   6.4818058558007263e-02   1   2  13   4   0   0
  -3.2868927120636042e-02   1   2  13   5   0   0
   3.0317524615609609e-01   1   2  13  13   0   0
   1.7313354306365127e-02   1   3  13   7   0   0
  -4.0376723637191442e-03   1   3  13   8   0   0
   3.5625400810427248e-02   1   3  13  10   0   0
  -5.4303050003580858e-03   1   3  13  11   0   0
   6.4858877895404787e-02   1   4  13   1   0   0
   6.2303700073480531e-02   1   4  13   2   0   0
   6.8674277786548013e-02   1   4  13   6   0   0
   2.1597759294061721e-02   1   4  13   7   0   0
  -1.1111533557390606e-02   1   4  13   8   0   0
   1.5083036969177644e-02   1   4  13   9   0   0
  -6.5127519050569155e-03   1   4  13  10   0   0
   3.4394936165841800e-02   1   4  13  11   0   0
  -3.2889626411172219e-02   1   5  13   1   0   0
  -3.1593907972861497e-02   1   5  13   2   0   0
  -3.4824397426348762e-02   1   5  13   6   0   0
   2.7556222282264578e-02   1   5  13   7   0   0
  -7.5933051833654438e-04   1   5  13   8   0   0
  -1.8510974832368046e-02   1   5  13   9   0   0
  -1.6349568822932380e-02   1   5  13  10   0   0
  -1.8839342324467871e-02   1   5  13  11   0   0
   5.7103843448698358e-02   1   6  13   4   0   0
  -2.8957085577374246e-02   1   6  13   5   0   0
   3.0680053076598218e-01   1   6  13  13   0   0
   8.1985115630885223e-03   1   7  13   3   0   0
   1.0227335279800045e-02   1   7  13   4   0   0
   1.3048887177981493e-02   1   7  13   5   0   0
  -3.5329490228529541e-02   1   7  13  12   0   0
   1.3875662187042144e-02   1   7  13  13   0   0
   7.0083890033574237e-02   1   7  13  14   0   0
  -1.9119867228585331e-03   1   8  13   3   0   0
  -5.2617207932042012e-03   1   8  13   4   0   0
  -3.5957099500351049e-04   1   8  13   5   0   0
   8.2392414430969094e-03   1   8  13  12   0   0
  -1.9521834546987010e-02   1   8  13  13   0   0
  -1.1636748708280445e-02   1   8  13  14   0   0
   7.1423740778428684e-03   1   9  13   4   0   0
  -8.7656290353515937e-03   1   9  13   5   0   0
   4.4534329930587570e-02   1   9  13  13   0   0
  -1.9769274124790601e-02   1   9  13  14   0   0
   1.6869940701009820e-02   1  10  13   3   0   0
  -3.0840281355245637e-03   1  10  13   4   0   0
  -7.7421236043809256e-03   1  10  13   5   0   0
  -7.2696903647187491e-02   1  10  13  12   0   0
   3.2359660811046116e-03   1  10  13  13   0   0
  -3.5766260394518641e-02   1  10  13  14   0   0
  -2.5714496191050662e-03   1  11  13   3   0   0
   1.6287270327718918e-02   1  11  13   4   0   0
  -8.9211231489293111e-03   1  11  13   5   0   0
   1.1081036294483768e-02   1  11  13  12   0   0
   7.9984386906226709e-02   1  11  13  13   0   0
  -2.5440125483481317e-03   1  11  13  14   0   0
  -5.1954834722614626e-02   1  12  13   7   0   0
   1.2116462044791368e-02   1  12  13   8   0   0
  -1.0690659812536597e-01   1  12  13  10   0   0
   1.6295548152865495e-02   1  12  13  11   0   0
   1.4974231516642456e-01   1  13  13   1   0   0
   8.3417552003848774e-02   1  13  13   2   0   0
   8.8471776649338890e-02   1  13  13   6   0   0
   2.0405268542834795e-02   1  13  13   7   0   0
  -2.8708415570397397e-02   1  13  13   8   0   0
   6.5491286063266332e-02   1  13  13   9   0   0
   4.7587463567760769e-03   1  13  13  10   0   0
   1.1762342380889595e-01   1  13  13  11   0   0
   1.0306395308449209e-01   1  14  13   7   0   0
  -1.7112767603962808e-02   1  14  13   8   0   0
  -2.9072295215573474e-02   1  14  13   9   0   0
  -5.2597140106556507e-02   1  14  13  10   0   0
  -3.7411734680208842e-03   1  14  13  11   0   0
   7.8918738133310587e-02   1   1  14   4   0   0
   1.5562903440305470e-01   1   1  14   5   0   0
   1.1463962353885031e+00   1   1  14  14   0   0
   3.2868927120635903e-02   1   2  14   4   0   0
   6.4818058558007097e-02   1   2  14   5   0   0
   3.0317524615609664e-01   1   2  14  14   0   0
  -7.6533330455597617e-03   1   3  14   7   0   0
  -3.8580064739352993e-02   1   3  14   8   0   0
  -1.8745142829207084e-03   1   3  14  10   0   0
  -8.0127226932661787e-03   1   3  14  11   0   0
   3.2889626411171310e-02   1   4  14   1   0   0
   3.1593907972861032e-02   1   4  14   2   0   0
   3.4824397426348332e-02   1   4  14   6   0   0
   2.6158065337563954e-02   1   4  14   7   0   0
  -4.2663414471195583e-03   1   4  14   8   0   0
  -2.9003588792168678e-02   1   4  14   9   0   0
  -1.3395485743505815e-02   1   4  14  10   0   0
  -1.3092462667882211e-03   1   4  14  11   0   0
   6.4858877895405578e-02   1   5  14   1   0   0
   6.2303700073481225e-02   1   5  14   2   0   0
   6.8674277786548638e-02   1   5  14   6   0   0
  -2.4354947515699714e-02   1   5  14   7   0   0
   4.1956510002532955e-03   1   5  14   8   0   0
  -3.5774642252696782e-02   1   5  14   9   0   0
   1.2338251755560869e-02   1   5  14  10   0   0
   1.7469820718777810e-04   1   5  14  11   0   0
   2.8957085577374437e-02   1   6  14   4   0   0
   5.7103843448698295e-02   1   6  14   5   0   0
   3.0680053076598174e-01   1   6  14  14   0   0
  -3.6241353558577340e-03   1   7  14   3   0   0
   1.2386808318200774e-02   1   7  14   4   0   0
  -1.1532965553212475e-02   1   7  14   5   0   0
   1.5617329274511604e-02   1   7  14  12   0   0
   7.0083890033574237e-02   1   7  14  13   0   0
  -2.0184005939583759e-02   1   7  14  14   0   0
  -1.8269083002246767e-02   1   8  14   3   0   0
  -2.0202699642918828e-03   1   8  14   4   0   0
   1.9867954315249828e-03   1   8  14   5   0   0
   7.8726166871310038e-02   1   8  14  12   0   0
  -1.1636748708280447e-02   1   8  14  13   0   0
   3.6985533577467097e-03   1   8  14  14   0   0
  -1.3734268581116959e-02   1   9  14   4   0   0
  -1.6940612026073554e-02   1   9  14   5   0   0
  -1.9769274124790605e-02   1   9  14  13   0   0
  -9.1875950606315607e-02   1   9  14  14   0   0
  -8.8765162150295971e-04   1  10  14   3   0   0
  -6.3432563567963878e-03   1  10  14   4   0   0
   5.8426170859953363e-03   1  10  14   5   0   0
   3.8251186263390663e-03   1  10  14  12   0   0
  -3.5766260394518634e-02   1  10  14  13   0   0
   1.0092560168558943e-02   1  10  14  14   0   0
  -3.7943196038224473e-03   1  11  14   3   0   0
  -6.1997637588043187e-04   1  11  14   4   0   0
   8.2726041778788837e-05   1  11  14   5   0   0
   1.6350696871697077e-02   1  11  14  12   0   0
  -2.5440125483481321e-03   1  11  14  13   0   0
  -8.9035360325414941e-04   1  11  14  14   0   0
   2.2966528982370466e-02   1  12  14   7   0   0
   1.1577311083987628e-01   1  12  14   8   0   0
   5.6251421897211247e-03   1  12  14  10   0   0
   2.4045004557767258e-02   1  12  14  11   0   0
   1.0306395308449270e-01   1  13  14   7   0   0
  -1.7112767603962908e-02   1  13  14   8   0   0
  -2.9072295215573616e-02   1  13  14   9   0   0
  -5.2597140106556819e-02   1  13  14  10   0   0
  -3.7411734680209189e-03   1  13  14  11   0   0
   1.4974231516642389e-01   1  14  14   1   0   0
   8.3417552003848303e-02   1  14  14   2   0   0
   8.8471776649338904e-02   1  14  14   6   0   0
  -2.9682191445392320e-02   1  14  14   7   0   0
   5.4390178621747318e-03   1  14  14   8   0   0
  -1.3511091719289700e-01   1  14  14   9   0   0
   1.4841915127948335e-02   1  14  14  10   0   0
  -1.3093360250185119e-03   1  14  14  11   0   0
   1.1772097336222558e-01   2   1   2   1   0   0
   8.7957226034800079e-02   2   2   2   1   0   0
   4.3234199708140270e-01   2   2   2   2   0   0
   2.3424060715108063e-02   2   3   2   3   0   0
   2.3424060715108028e-02   2   4   2   4   0   0
   2.3424060715108004e-02   2   5   2   5   0   0
   1.0257091733268477e-01   2   6   2   1   0   0
   6.1709814026370546e-02   2   6   2   2   0   0
   1.0558994057279206e-01   2   6   2   6   0   0
   1.6671396495052618e-02   2   7   2   7   0   0
   1.6671396495052674e-02   2   8   2   8   0   0
   1.6671396495052723e-02   2   9   2   9   0   0
   1.6671396495052605e-02   2  10   2  10   0   0
   1.6671396495052858e-02   2  11   2  11   0   0
  -9.9712580304711293e-03   2  12   2   3   0   0
   8.2250751552637474e-02   2  12   2  12   0   0
   8.8931818504142113e-03   2  13   2   4   0   0
  -4.5096899323238595e-03   2  13   2   5   0   0
   8.2250751552638418e-02   2  13   2  13   0   0
   4.5096899323238101e-03   2  14   2   4   0   0
   8.8931818504140083e-03   2  14   2   5   0   0
   8.2250751552638154e-02   2  14   2  14   0   0
   1.4481692936972951e-01   2   1   3   3   0   0
  -9.4022677701473267e-02   2   1   3  12   0   0
   5.0716414106542862e-01   2   2   3   3   0   0
  -3.7986970474682052e-02   2   2   3  12   0   0
  -2.0205899394388958e-02   2   3   3   1   0   0
   1.7236929128951459e-02   2   3   3   2   0   0
   1.2730023431103282e-02   2   3   3   6   0   0
   3.1835490921622783e-04   2   3   3   7   0   0
   7.9853277565507632e-04   2   3   3   8   0   0
   2.3891274704708810e-03   2   3   3   9   0   0
  -6.7263325060371460e-04   2   3   3  10   0   0
  -3.9915348274368097e-03   2   3   3  11   0   0
   1.2337089885791207e-03   2   4   3   7   0   0
  -2.1676943526182098e-03   2   4   3   8   0   0
   3.1847407425404208e-03   2   4   3  10   0   0
  -8.7194032961243736e-04   2   4   3  11   0   0
  -1.5092893928621608e-03   2   5   3   7   0   0
  -3.3553661741153261e-03   2   5   3   8   0   0
  -1.8314049693778757e-03   2   5   3  10   0   0
  -4.8302113287955099e-04   2   5   3  11   0   0
   7.2332570285491185e-02   2   6   3   3   0   0
  -7.1264627215116380e-02   2   6   3  12   0   0
   1.1667596573266849e-03   2   7   3   3   0   0
   4.5215004860430829e-03   2   7   3   4   0   0
  -5.5314930721758115e-03   2   7   3   5   0   0
  -9.7691836616492153e-04   2   7   3  12   0   0
   5.4711710752270255e-03   2   7   3  13   0   0
  -2.4185200422168641e-03   2   7   3  14   0   0
   2.9265948182838246e-03   2   8   3   3   0   0
  -7.9445243243672151e-03   2   8   3   4   0   0
  -1.2297300196045241e-02   2   8   3   5   0   0
  -2.4504140251603709e-03   2   8   3  12   0   0
  -1.2759397085464149e-03   2   8   3  13   0   0
  -1.2191637192149021e-02   2   8   3  14   0   0
   8.7560689911114382e-03   2   9   3   3   0   0
  -7.3313853106845408e-03   2   9   3  12   0   0
  -2.4651774427259473e-03   2  10   3   3   0   0
   1.1671963930409947e-02   2  10   3   4   0   0
  -6.7120354442104947e-03   2  10   3   5   0   0
   2.0640730115509950e-03   2  10   3  12   0   0
   1.1257937601711352e-02   2  10   3  13   0   0
  -5.9236287453813996e-04   2  10   3  14   0   0
  -1.4628836159408557e-02   2  11   3   3   0   0
  -3.1956309475252623e-03   2  11   3   4   0   0
  -1.7702556334615398e-03   2  11   3   5   0   0
   1.2248605469003238e-02   2  11   3  12   0   0
  -1.7160237769001979e-03   2  11   3  13   0   0
  -2.5320903077167395e-03   2  11   3  14   0   0
  -8.6226589522130831e-02   2  12   3   1   0   0
  -2.0388258090688095e-02   2  12   3   2   0   0
   2.6411562541524592e-02   2  12   3   6   0   0
  -5.3099185180608167e-03   2  12   3   7   0   0
  -1.3318921273017001e-02   2  12   3   8   0   0
  -3.9848834838745469e-02   2  12   3   9   0   0
   1.1219012648610589e-02   2  12   3  10   0   0
   6.6575774653111167e-02   2  12   3  11   0   0
   2.9737871263363358e-02   2  13   3   7   0   0
  -6.9352119081728400e-03   2  13   3   8   0   0
   6.1191122428350939e-02   2  13   3  10   0   0
  -9.3272342357181362e-03   2  13   3  11   0   0
  -1.3145565487608856e-02   2  14   3   7   0   0
  -6.6266130655531164e-02   2  14   3   8   0   0
  -3.2197148767604614e-03   2  14   3  10   0   0
  -1.3762862568680652e-02   2  14   3  11   0   0
   1.4481692936972967e-01   2   1   4   4   0   0
   8.3857098904355429e-02   2   1   4  13   0   0
   4.2523533313922952e-02   2   1   4  14   0   0
   5.0716414106542951e-01   2   2   4   4   0   0
   3.3879881088755510e-02   2   2   4  13   0   0
   1.7180325470031493e-02   2   2   4  14   0   0
   1.2337089885790979e-03   2   3   4   7   0   0
  -2.1676943526184253e-03   2   3   4   8   0   0
   3.1847407425404260e-03   2   3   4  10   0   0
  -8.7194032961248279e-04   2   3   4  11   0   0
  -2.0205899394389059e-02   2   4   4   1   0   0
   1.7236929128951414e-02   2   4   4   2   0   0
   1.2730023431103471e-02   2   4   4   6   0   0
   3.2019660086217822e-03   2   4   4   7   0   0
  -1.2192514504314066e-03   2   4   4   8   0   0
   3.4484075797628133e-05   2   4   4   9   0   0
  -1.2220586002589635e-03   2   4   4  10   0   0
   3.0980547908219329e-03   2   4   4  11   0   0
   1.3966030588495027e-03   2   5   4   7   0   0
   1.2566938156577506e-04   2   5   4   8   0   0
  -3.3663458134972650e-03   2   5   4   9   0   0
  -9.2699109510921711e-04   2   5   4  10   0   0
  -1.7221790518295085e-03   2   5   4  11   0   0
   7.2332570285490838e-02   2   6   4   4   0   0
   6.3559611775089508e-02   2   6   4  13   0   0
   3.2230774782952228e-02   2   6   4  14   0   0
   4.5215004860430837e-03   2   7   4   3   0   0
   1.1735093930824123e-02   2   7   4   4   0   0
   5.1185015816988403e-03   2   7   4   5   0   0
  -3.7858155616725658e-03   2   7   4  12   0   0
   6.8250804464818349e-03   2   7   4  13   0   0
   8.2661769594908046e-03   2   7   4  14   0   0
  -7.9445243243672185e-03   2   8   4   3   0   0
  -4.4685141121358048e-03   2   8   4   4   0   0
   4.6057390769656503e-04   2   8   4   5   0   0
   6.6518855654478168e-03   2   8   4  12   0   0
  -3.5113415878204215e-03   2   8   4  13   0   0
  -1.3482011347703280e-03   2   8   4  14   0   0
   1.2638293708030717e-04   2   9   4   4   0   0
  -1.2337540192074338e-02   2   9   4   5   0   0
   4.7663713300203558e-03   2   9   4  13   0   0
  -9.1653872074431882e-03   2   9   4  14   0   0
   1.1671963930409954e-02   2  10   4   3   0   0
  -4.4788022185104888e-03   2  10   4   4   0   0
  -3.3973900862323781e-03   2  10   4   5   0   0
  -9.7728404142442288e-03   2  10   4  12   0   0
  -2.0580864465978631e-03   2  10   4  13   0   0
  -4.2330904134238066e-03   2  10   4  14   0   0
  -3.1956309475252632e-03   2  11   4   3   0   0
   1.1354262935721070e-02   2  11   4   4   0   0
  -6.3117262595848642e-03   2  11   4   5   0   0
   2.6756757867985896e-03   2  11   4  12   0   0
   1.0869100034281029e-02   2  11   4  13   0   0
  -4.1373324766812137e-04   2  11   4  14   0   0
  -2.0577330566323472e-02   2  12   4   7   0   0
   3.6155498317277240e-02   2  12   4   8   0   0
  -5.3119061005439998e-02   2  12   4  10   0   0
   1.4543303617500466e-02   2  12   4  11   0   0
   7.6903911083032309e-02   2  13   4   1   0   0
   1.8183912828208838e-02   2  13   4   2   0   0
  -2.3555987410775036e-02   2  13   4   6   0   0
   3.7096877595104903e-02   2  13   4   7   0   0
  -1.9085461350879671e-02   2  13   4   8   0   0
   2.5907019732452539e-02   2  13   4   9   0   0
  -1.1186473417898173e-02   2  13   4  10   0   0
   5.9077644095537479e-02   2  13   4  11   0   0
   3.8997605064303477e-02   2  14   4   1   0   0
   9.2209751235221918e-03   2  14   4   2   0   0
  -1.1945128420754580e-02   2  14   4   6   0   0
   4.4929778813636509e-02   2  14   4   7   0   0
  -7.3279799208722535e-03   2  14   4   8   0   0
  -4.9817324500771087e-02   2  14   4   9   0   0
  -2.3008437504460535e-02   2  14   4  10   0   0
  -2.2487957125367016e-03   2  14   4  11   0   0
   1.4481692936972973e-01   2   1   5   5   0   0
  -4.2523533313922925e-02   2   1   5  13   0   0
   8.3857098904355262e-02   2   1   5  14   0   0
   5.0716414106542973e-01   2   2   5   5   0   0
  -1.7180325470031423e-02   2   2   5  13   0   0
   3.3879881088755628e-02   2   2   5  14   0   0
  -1.5092893928622306e-03   2   3   5   7   0   0
  -3.3553661741156206e-03   2   3   5   8   0   0
  -1.8314049693779100e-03   2   3   5  10   0   0
  -4.8302113287961230e-04   2   3   5  11   0   0
   1.3966030588497850e-03   2   4   5   7   0   0
   1.2566938156572947e-04   2   4   5   8   0   0
  -3.3663458134972958e-03   2   4   5   9   0   0
  -9.2699109510936033e-04   2   4   5  10   0   0
  -1.7221790518295408e-03   2   4   5  11   0   0
  -2.0205899394389288e-02   2   5   5   1   0   0
   1.7236929128951452e-02   2   5   5   2   0   0
   1.2730023431103550e-02   2   5   5   6   0   0
  -3.5203209178379532e-03   2   5   5   7   0   0
   4.2071867477632650e-04   2   5   5   8   0   0
  -2.4236115462681431e-03   2   5   5   9   0   0
   1.8946918508626191e-03   2   5   5  10   0   0
   8.9348003661479994e-04   2   5   5  11   0   0
   7.2332570285491199e-02   2   6   5   5   0   0
  -3.2230774782952186e-02   2   6   5  13   0   0
   6.3559611775089508e-02   2   6   5  14   0   0
  -5.5314930721758115e-03   2   7   5   3   0   0
   5.1185015816988394e-03   2   7   5   4   0   0
  -1.2901853588150805e-02   2   7   5   5   0   0
   4.6314741348736340e-03   2   7   5  12   0   0
   8.7080067574092732e-03   2   7   5  13   0   0
  -7.6963759898089372e-03   2   7   5  14   0   0
  -1.2297300196045243e-02   2   8   5   3   0   0
   4.6057390769656454e-04   2   8   5   4   0   0
   1.5419192938519700e-03   2   8   5   5   0   0
   1.0296429380568010e-02   2   8   5  12   0   0
  -2.3995507138281340e-04   2   8   5  13   0   0
   1.3258623365602295e-03   2   8   5  14   0   0
  -1.2337540192074338e-02   2   9   5   4   0   0
  -8.8824519281921043e-03   2   9   5   5   0   0
  -5.8496296145149982e-03   2   9   5  13   0   0
  -1.1305099200077350e-02   2   9   5  14   0   0
  -6.7120354442104955e-03   2  10   5   3   0   0
  -3.3973900862323781e-03   2  10   5   4   0   0
   6.9439796612364409e-03   2  10   5   5   0   0
   5.6199326559019189e-03   2  10   5  12   0   0
  -5.1666064503498857e-03   2  10   5  13   0   0
   3.8989952454836379e-03   2  10   5  14   0   0
  -1.7702556334615396e-03   2  11   5   3   0   0
  -6.3117262595848624e-03   2  11   5   4   0   0
   3.2745732236875145e-03   2  11   5   5   0   0
   1.4822206358230414e-03   2  11   5  12   0   0
  -5.9533966080756720e-03   2  11   5  13   0   0
   5.5206158272161666e-05   2  11   5  14   0   0
   2.5173802772517264e-02   2  12   5   7   0   0
   5.5964963840749837e-02   2  12   5   8   0   0
   3.0546446369901645e-02   2  12   5  10   0   0
   8.0564262835039462e-03   2  12   5  11   0   0
  -3.8997605064303692e-02   2  13   5   1   0   0
  -9.2209751235222785e-03   2  13   5   2   0   0
   1.1945128420754687e-02   2  13   5   6   0   0
   4.7331289837539932e-02   2  13   5   7   0   0
  -1.3042460057745818e-03   2  13   5   8   0   0
  -3.1794935677017612e-02   2  13   5   9   0   0
  -2.8082448049313018e-02   2  13   5  10   0   0
  -3.2358948290306930e-02   2  13   5  11   0   0
   7.6903911083031781e-02   2  14   5   1   0   0
   1.8183912828208658e-02   2  14   5   2   0   0
  -2.3555987410774890e-02   2  14   5   6   0   0
  -4.1832696370197084e-02   2  14   5   7   0   0
   7.2065601560327222e-03   2  14   5   8   0   0
  -6.1447463442275217e-02   2  14   5   9   0   0
   2.1192504689107289e-02   2  14   5  10   0   0
   3.0006622075411517e-04   2  14   5  11   0   0
   9.7802448688185092e-02   2   1   6   1   0   0
   9.2025939149269528e-02   2   1   6   2   0   0
   3.1309598089750329e-01   2   1   6   6   0   0
   5.8266946383759365e-02   2   2   6   1   0   0
   9.1994401812288490e-02   2   2   6   2   0   0
   5.9522390190660768e-01   2   2   6   6   0   0
   1.7663530288590707e-02   2   3   6   3   0   0
  -2.9615957870095772e-02   2   3   6  12   0   0
   1.7663530288591064e-02   2   4   6   4   0   0
   2.6413928734778980e-02   2   4   6  13   0   0
   1.3394376781219963e-02   2   4   6  14   0   0
   1.7663530288591078e-02   2   5   6   5   0   0
  -1.3394376781220000e-02   2   5   6  13   0   0
   2.6413928734779015e-02   2   5   6  14   0   0
   1.2733159487540266e-01   2   6   6   1   0   0
   9.4236742115257038e-02   2   6   6   2   0   0
   2.9304557899554928e-01   2   6   6   6   0   0
  -5.7046908027873515e-03   2   7   6   7   0   0
  -5.7046908027873844e-03   2   8   6   8   0   0
  -5.7046908027867287e-03   2   9   6   9   0   0
  -5.7046908027873098e-03   2  10   6  10   0   0
  -5.7046908027868484e-03   2  11   6  11   0   0
   2.6956294632679283e-02   2  12   6   3   0   0
   7.5040146486965914e-02   2  12   6  12   0   0
  -2.4041823955330610e-02   2  13   6   4   0   0
   1.2191493806124097e-02   2  13   6   5   0   0
   7.5040146486966455e-02   2  13   6  13   0   0
  -1.2191493806123901e-02   2  14   6   4   0   0
  -2.4041823955330374e-02   2  14   6   5   0   0
   7.5040146486966358e-02   2  14   6  14   0   0
   2.3141182391418016e-01   2   1   7   7   0   0
   5.5668804668610872e-01   2   2   7   7   0   0
  -1.1548691226909815e-03   2   3   7   3   0   0
  -4.4754215375663745e-03   2   3   7   4   0   0
   5.4751212139710122e-03   2   3   7   5   0   0
   2.2135554770220035e-05   2   3   7  12   0   0
  -1.2396880966462028e-04   2   3   7  13   0   0
   5.4800160086625153e-05   2   3   7  14   0   0
  -4.4754215375663745e-03   2   4   7   3   0   0
  -1.1615500713865017e-02   2   4   7   4   0   0
  -5.0663385505569118e-03   2   4   7   5   0   0
   8.5781095552851761e-05   2   4   7  12   0   0
  -1.5464643440723743e-04   2   4   7  13   0   0
  -1.8729959346085195e-04   2   4   7  14   0   0
   5.4751212139710972e-03   2   5   7   3   0   0
  -5.0663385505571269e-03   2   5   7   4   0   0
   1.2770369836556095e-02   2   5   7   5   0   0
  -1.0494249359022797e-04   2   5   7  12   0   0
  -1.9731081653720332e-04   2   5   7  13   0   0
   1.7438872904353543e-04   2   5   7  14   0   0
   1.2987606200045013e-01   2   6   7   7   0   0
   2.4865787094060159e-02   2   7   7   1   0   0
   1.0985439863612934e-02   2   7   7   2   0   0
  -8.9351124640331750e-03   2   7   7   6   0   0
  -1.0221767766908656e-02   2   7   7   7   0   0
  -1.8284979911052948e-02   2   7   7   8   0   0
  -4.4921693372291646e-03   2   7   7   9   0   0
   1.9807261347279904e-03   2   7   7  10   0   0
   1.1865726658727855e-02   2   7   7  11   0   0
  -1.8284979911052983e-02   2   8   7   7   0   0
   5.7789727831409317e-03   2   8   7   8   0   0
   1.1403182919266155e-03   2   8   7   9   0   0
  -1.1257027009396160e-02   2   8   7  10   0   0
  -4.5354851087026412e-03   2   8   7  11   0   0
  -4.4921693372292201e-03   2   9   7   7   0   0
   1.1403182919266341e-03   2   9   7   8   0   0
   1.4315169528799555e-02   2   9   7  10   0   0
  -4.5021806603104250e-03   2   9   7  11   0   0
   1.9807261347279973e-03   2  10   7   7   0   0
  -1.1257027009396037e-02   2  10   7   8   0   0
   1.4315169528799677e-02   2  10   7   9   0   0
   1.1756556118958773e-03   2  10   7  10   0   0
  -1.0417438383888807e-02   2  10   7  11   0   0
   1.1865726658727708e-02   2  11   7   7   0   0
  -4.5354851087026152e-03   2  11   7   8   0   0
  -4.5021806603104519e-03   2  11   7   9   0   0
  -1.0417438383888741e-02   2  11   7  10   0   0
   3.2671393718718784e-03   2  11   7  11   0   0
  -4.9876794188306855e-03   2  12   7   3   0   0
  -1.9328569320044568e-02   2  12   7   4   0   0
   2.3646098815851693e-02   2  12   7   5   0   0
   5.8944800730993934e-03   2  12   7  12   0   0
  -3.3011672209671092e-02   2  12   7  13   0   0
   1.4592742535083397e-02   2  12   7  14   0   0
   2.7933191056626849e-02   2  13   7   3   0   0
   3.4845606811977514e-02   2  13   7   4   0   0
   4.4458930845443868e-02   2  13   7   5   0   0
  -3.3011672209671536e-02   2  13   7  12   0   0
   1.2965338838681310e-02   2  13   7  13   0   0
   6.5485983239540829e-02   2  13   7  14   0   0
  -1.2347810274004382e-02   2  14   7   3   0   0
   4.2203158545496673e-02   2  14   7   4   0   0
  -3.9294026454481809e-02   2  14   7   5   0   0
   1.4592742535083414e-02   2  14   7  12   0   0
   6.5485983239540357e-02   2  14   7  13   0   0
  -1.8859818911780679e-02   2  14   7  14   0   0
   2.3141182391418041e-01   2   1   8   8   0   0
   5.5668804668610850e-01   2   2   8   8   0   0
  -2.8967696723483224e-03   2   3   8   3   0   0
   7.8635610848087883e-03   2   3   8   4   0   0
   1.2171977493131477e-02   2   3   8   5   0   0
   5.5522831530530143e-05   2   3   8  12   0   0
   2.8910945151867916e-05   2   3   8  13   0   0
   2.7624483493444442e-04   2   3   8  14   0   0
   7.8635610848089791e-03   2   4   8   3   0   0
   4.4229751517451165e-03   2   4   8   4   0   0
  -4.5588016467304298e-04   2   4   8   5   0   0
  -1.5072208933621187e-04   2   4   8  12   0   0
   7.9561912976663202e-05   2   4   8  13   0   0
   3.0548284374205451e-05   2   4   8  14   0   0
   1.2171977493131741e-02   2   5   8   3   0   0
  -4.5588016467301088e-04   2   5   8   4   0   0
  -1.5262054793967919e-03   2   5   8   5   0   0
  -2.3330217179368877e-04   2   5   8  12   0   0
   5.4370342589252905e-06   2   5   8  13   0   0
  -3.0042119572331001e-05   2   5   8  14   0   0
   1.2987606200044990e-01   2   6   8   8   0   0
  -1.8284979911052948e-02   2   7   8   7   0   0
   5.7789727831408892e-03   2   7   8   8   0   0
   1.1403182919266452e-03   2   7   8   9   0   0
  -1.1257027009396172e-02   2   7   8  10   0   0
  -4.5354851087026473e-03   2   7   8  11   0   0
   2.4865787094060204e-02   2   8   8   1   0   0
   1.0985439863612959e-02   2   8   8   2   0   0
  -8.9351124640331802e-03   2   8   8   6   0   0
   5.7789727831409309e-03   2   8   8   7   0   0
   1.1851969554597899e-02   2   8   8   8   0   0
  -1.0866496944818414e-02   2   8   8   9   0   0
   2.6314423313575602e-03   2   8   8  10   0   0
  -1.7460023018215042e-02   2   8   8  11   0   0
   1.1403182919266334e-03   2   9   8   7   0   0
  -1.0866496944818397e-02   2   9   8   8   0   0
   9.5930411660530835e-07   2   9   8  10   0   0
  -6.9986733752306525e-03   2   9   8  11   0   0
  -1.1257027009396037e-02   2  10   8   7   0   0
   2.6314423313575797e-03   2  10   8   8   0   0
   9.5930411661590177e-07   2  10   8   9   0   0
   1.5373642012303870e-02   2  10   8  10   0   0
   3.7675493243893106e-04   2  10   8  11   0   0
  -4.5354851087026178e-03   2  11   8   7   0   0
  -1.7460023018214855e-02   2  11   8   8   0   0
  -6.9986733752306594e-03   2  11   8   9   0   0
   3.7675493243888612e-04   2  11   8  10   0   0
  -8.9406316558488519e-03   2  11   8  11   0   0
  -1.2510645745033683e-02   2  12   8   3   0   0
   3.3961356322376873e-02   2  12   8   4   0   0
   5.2568659457706890e-02   2  12   8   5   0   0
   1.4785182818144249e-02   2  12   8  12   0   0
   7.6986997552601424e-03   2  12   8  13   0   0
   7.3561276946500595e-02   2  12   8  14   0   0
  -6.5143398306337051e-03   2  13   8   3   0   0
  -1.7927236068668556e-02   2  13   8   4   0   0
  -1.2250961927132600e-03   2  13   8   5   0   0
   7.6986997552601511e-03   2  13   8  12   0   0
  -1.8241089775933403e-02   2  13   8  13   0   0
  -1.0873310977860085e-02   2  13   8  14   0   0
  -6.2244686978142429e-02   2  14   8   3   0   0
  -6.8832722213385137e-03   2  14   8   4   0   0
   6.7692209679963830e-03   2  14   8   5   0   0
   7.3561276946500900e-02   2  14   8  12   0   0
  -1.0873310977860031e-02   2  14   8  13   0   0
   3.4559069577889813e-03   2  14   8  14   0   0
   2.3141182391418050e-01   2   1   9   9   0   0
   5.5668804668610783e-01   2   2   9   9   0   0
  -8.6668352393636967e-03   2   3   9   3   0   0
   1.6611856907066969e-04   2   3   9  12   0   0
  -1.2509495914818480e-04   2   4   9   4   0   0
   1.2211807400362162e-02   2   4   9   5   0   0
  -1.0799906858635045e-04   2   4   9  13   0   0
   2.0767439485963460e-04   2   4   9  14   0   0
   1.2211807400362176e-02   2   5   9   4   0   0
   8.7919301985122777e-03   2   5   9   5   0   0
   1.3254413183558131e-04   2   5   9  13   0   0
   2.5615716849340859e-04   2   5   9  14   0   0
   1.2987606200045052e-01   2   6   9   9   0   0
  -4.4921693372291576e-03   2   7   9   7   0   0
   1.1403182919266441e-03   2   7   9   8   0   0
   1.4315169528799665e-02   2   7   9  10   0   0
  -4.5021806603104675e-03   2   7   9  11   0   0
   1.1403182919266150e-03   2   8   9   7   0   0
  -1.0866496944818416e-02   2   8   9   8   0   0
   9.5930411658137331e-07   2   8   9  10   0   0
  -6.9986733752306620e-03   2   8   9  11   0   0
   2.4865787094059972e-02   2   9   9   1   0   0
   1.0985439863612756e-02   2   9   9   2   0   0
  -8.9351124640322088e-03   2   9   9   6   0   0
  -2.4570782591179289e-02   2   9   9   9   0   0
   1.4315169528799679e-02   2  10   9   7   0   0
   9.5930411661676997e-07   2  10   9   8   0   0
   1.7510797051563769e-02   2  10   9  10   0   0
   2.3316473378332393e-03   2  10   9  11   0   0
  -4.5021806603104501e-03   2  11   9   7   0   0
  -6.9986733752306577e-03   2  11   9   8   0   0
   2.3316473378332497e-03   2  11   9  10   0   0
   2.2418651821662892e-02   2  11   9  11   0   0
  -3.7430558061026242e-02   2  12   9   3   0   0
   4.4235737722581117e-02   2  12   9  12   0   0
   2.4334819580241661e-02   2  13   9   4   0   0
  -2.9865419923095309e-02   2  13   9   5   0   0
   4.1612621417296873e-02   2  13   9  13   0   0
  -1.8472295892447088e-02   2  13   9  14   0   0
  -4.6794097361111293e-02   2  14   9   4   0   0
  -5.7718446659387530e-02   2  14   9   5   0   0
  -1.8472295892446998e-02   2  14   9  13   0   0
  -8.5848359139877914e-02   2  14   9  14   0   0
   2.3141182391418039e-01   2   1  10  10   0   0
   5.5668804668610783e-01   2   2  10  10   0   0
   2.4400546356578567e-03   2   3  10   3   0   0
  -1.1553014075990693e-02   2   3  10   4   0   0
   6.6436325906970954e-03   2   3  10   5   0   0
  -4.6768903911881634e-05   2   3  10  12   0   0
  -2.5508855500464434e-04   2   3  10  13   0   0
   1.3422084492751931e-05   2   3  10  14   0   0
  -1.1553014075990711e-02   2   4  10   3   0   0
   4.4331584112607871e-03   2   4  10   4   0   0
   3.3627670306289993e-03   2   4  10   5   0   0
   2.2143840441790462e-04   2   4  10  12   0   0
   4.6633257023750142e-05   2   4  10  13   0   0
   9.5915695659884535e-05   2   4  10  14   0   0
   6.6436325906971657e-03   2   5  10   3   0   0
   3.3627670306291134e-03   2   5  10   4   0   0
  -6.8732130469186985e-03   2   5  10   5   0   0
  -1.2733953154974044e-04   2   5  10  12   0   0
   1.1706781653303283e-04   2   5  10  13   0   0
  -8.8345583207862600e-05   2   5  10  14   0   0
   1.2987606200045013e-01   2   6  10  10   0   0
   1.9807261347279913e-03   2   7  10   7   0   0
  -1.1257027009396169e-02   2   7  10   8   0   0
   1.4315169528799659e-02   2   7  10   9   0   0
   1.1756556118958793e-03   2   7  10  10   0   0
  -1.0417438383888819e-02   2   7  10  11   0   0
  -1.1257027009396160e-02   2   8  10   7   0   0
   2.6314423313575598e-03   2   8  10   8   0   0
   9.5930411658078378e-07   2   8  10   9   0   0
   1.5373642012303941e-02   2   8  10  10   0   0
   3.7675493243889739e-04   2   8  10  11   0   0
   1.4315169528799559e-02   2   9  10   7   0   0
   9.5930411660516922e-07   2   9  10   8   0   0
   1.7510797051563574e-02   2   9  10  10   0   0
   2.3316473378332541e-03   2   9  10  11   0   0
   2.4865787094060024e-02   2  10  10   1   0   0
   1.0985439863612903e-02   2  10  10   2   0   0
  -8.9351124640331021e-03   2  10  10   6   0   0
   1.1756556118958771e-03   2  10  10   7   0   0
   1.5373642012303870e-02   2  10  10   8   0   0
   1.7510797051563758e-02   2  10  10   9   0   0
  -1.9543293548159031e-03   2  10  10  10   0   0
   7.4528454763663045e-03   2  10  10  11   0   0
  -1.0417438383888741e-02   2  11  10   7   0   0
   3.7675493243888547e-04   2  11  10   8   0   0
   2.3316473378332510e-03   2  11  10   9   0   0
   7.4528454763662794e-03   2  11  10  10   0   0
  -2.6578391112696159e-03   2  11  10  11   0   0
   1.0538172722754247e-02   2  12  10   3   0   0
  -4.9895463823652147e-02   2  12  10   4   0   0
   2.8692696763492655e-02   2  12  10   5   0   0
  -1.2454098169709120e-02   2  12  10  12   0   0
  -6.7927568111952136e-02   2  12  10  13   0   0
   3.5741688158818659e-03   2  12  10  14   0   0
   5.7477662023050054e-02   2  13  10   3   0   0
  -1.0507608176278242e-02   2  13  10   4   0   0
  -2.6378229287234441e-02   2  13  10   5   0   0
  -6.7927568111952996e-02   2  13  10  12   0   0
   3.0236680704997976e-03   2  13  10  13   0   0
  -3.3419787737445229e-02   2  13  10  14   0   0
  -3.0243224205228989e-03   2  14  10   3   0   0
  -2.1612141468859966e-02   2  14  10   4   0   0
   1.9906410825666517e-02   2  14  10   5   0   0
   3.5741688158818009e-03   2  14  10  12   0   0
  -3.3419787737444966e-02   2  14  10  13   0   0
   9.4304300992094081e-03   2  14  10  14   0   0
   2.3141182391418064e-01   2   1  11  11   0   0
   5.5668804668610872e-01   2   2  11  11   0   0
   1.4479752599704559e-02   2   3  11   3   0   0
   3.1630640343431791e-03   2   3  11   4   0   0
   1.7522148263496402e-03   2   3  11   5   0   0
  -2.7753565354932575e-04   2   3  11  12   0   0
   3.8882612525455214e-05   2   3  11  13   0   0
   5.7373497756708499e-05   2   3  11  14   0   0
   3.1630640343432311e-03   2   4  11   3   0   0
  -1.1238550795819629e-02   2   4  11   4   0   0
   6.2474029868103253e-03   2   4  11   5   0   0
  -6.0626936679017510e-05   2   4  11  12   0   0
  -2.4627805909317708e-04   2   4  11  13   0   0
   9.3745959551769908e-06   2   4  11  14   0   0
   1.7522148263496903e-03   2   5  11   3   0   0
   6.2474029868103756e-03   2   5  11   4   0   0
  -3.2412018038850085e-03   2   5  11   5   0   0
  -3.3584972094066507e-05   2   5  11  12   0   0
   1.3489534156696829e-04   2   5  11  13   0   0
  -1.2508915610470450e-06   2   5  11  14   0   0
   1.2987606200045040e-01   2   6  11  11   0   0
   1.1865726658727854e-02   2   7  11   7   0   0
  -4.5354851087026481e-03   2   7  11   8   0   0
  -4.5021806603104675e-03   2   7  11   9   0   0
  -1.0417438383888821e-02   2   7  11  10   0   0
   3.2671393718718962e-03   2   7  11  11   0   0
  -4.5354851087026395e-03   2   8  11   7   0   0
  -1.7460023018215053e-02   2   8  11   8   0   0
  -6.9986733752306638e-03   2   8  11   9   0   0
   3.7675493243889788e-04   2   8  11  10   0   0
  -8.9406316558488866e-03   2   8  11  11   0   0
  -4.5021806603104250e-03   2   9  11   7   0   0
  -6.9986733752306508e-03   2   9  11   8   0   0
   2.3316473378332541e-03   2   9  11  10   0   0
   2.2418651821662791e-02   2   9  11  11   0   0
  -1.0417438383888807e-02   2  10  11   7   0   0
   3.7675493243893052e-04   2  10  11   8   0   0
   2.3316473378332397e-03   2  10  11   9   0   0
   7.4528454763663037e-03   2  10  11  10   0   0
  -2.6578391112696211e-03   2  10  11  11   0   0
   2.4865787094059625e-02   2  11  11   1   0   0
   1.0985439863612747e-02   2  11  11   2   0   0
  -8.9351124640322382e-03   2  11  11   6   0   0
   3.2671393718718788e-03   2  11  11   7   0   0
  -8.9406316558488519e-03   2  11  11   8   0   0
   2.2418651821662906e-02   2  11  11   9   0   0
  -2.6578391112696167e-03   2  11  11  10   0   0
  -1.8585491168789932e-03   2  11  11  11   0   0
   6.2535539839375945e-02   2  12  11   3   0   0
   1.3660724903421564e-02   2  12  11   4   0   0
   7.5675118981362310e-03   2  12  11   5   0   0
  -7.3905009221730364e-02   2  12  11  12   0   0
   1.0354056498714150e-02   2  12  11  13   0   0
   1.5277996994484806e-02   2  12  11  14   0   0
  -8.7611992677231881e-03   2  13  11   3   0   0
   5.5492442787225052e-02   2  13  11   4   0   0
  -3.0395204719923328e-02   2  13  11   5   0   0
   1.0354056498714266e-02   2  13  11  12   0   0
   7.4736950501132660e-02   2  13  11  13   0   0
  -2.3771106744002626e-03   2  13  11  14   0   0
  -1.2927645903514303e-02   2  14  11   3   0   0
  -2.1123247097716629e-03   2  14  11   4   0   0
   2.8185632386844707e-04   2  14  11   5   0   0
   1.5277996994484896e-02   2  14  11  12   0   0
  -2.3771106744001538e-03   2  14  11  13   0   0
  -8.3194127940149965e-04   2  14  11  14   0   0
  -7.1291802993756981e-02   2   1  12   3   0   0
   3.3476304643102084e-01   2   1  12  12   0   0
  -5.7222172384130139e-02   2   2  12   3   0   0
   6.1774879606541644e-01   2   2  12  12   0   0
  -1.1408997721308552e-02   2   3  12   1   0   0
   1.0049799628878139e-02   2   3  12   2   0   0
   2.0504403570570515e-02   2   3  12   6   0   0
  -2.3382918795877118e-03   2   3  12   7   0   0
  -5.8651607085182366e-03   2   3  12   8   0   0
  -1.7547954191300709e-02   2   3  12   9   0   0
   4.9404385555088292e-03   2   3  12  10   0   0
   2.9317510752591234e-02   2   3  12  11   0   0
  -9.0614959162118973e-03   2   4  12   7   0   0
   1.5921545279871881e-02   2   4  12   8   0   0
  -2.3391671374592898e-02   2   4  12  10   0   0
   6.4043334441973316e-03   2   4  12  11   0   0
   1.1085612406499985e-02   2   5  12   7   0   0
   2.4644901808782312e-02   2   5  12   8   0   0
   1.3451526092925162e-02   2   5  12  10   0   0
   3.5477523982974141e-03   2   5  12  11   0   0
  -5.5565270668010633e-02   2   6  12   3   0   0
   2.5324002781061650e-01   2   6  12  12   0   0
  -8.5078192011374995e-04   2   7  12   3   0   0
  -3.2970036640835730e-03   2   7  12   4   0   0
   4.0334736185722716e-03   2   7  12   5   0   0
   2.5480055151018283e-03   2   7  12  12   0   0
  -1.4269947783324351e-02   2   7  12  13   0   0
   6.3080013841326004e-03   2   7  12  14   0   0
  -2.1340247267371544e-03   2   8  12   3   0   0
   5.7930162537175684e-03   2   8  12   4   0   0
   8.9669887086925529e-03   2   8  12   5   0   0
   6.3911875000387218e-03   2   8  12  12   0   0
   3.3279151328442129e-03   2   8  12  13   0   0
   3.1798315887606149e-02   2   8  12  14   0   0
  -6.3847812547572214e-03   2   9  12   3   0   0
   1.9121771943232228e-02   2   9  12  12   0   0
   1.7975667781906226e-03   2  10  12   3   0   0
  -8.5110038060153253e-03   2  10  12   4   0   0
   4.8943056671850891e-03   2  10  12   5   0   0
  -5.3835300872181078e-03   2  10  12  12   0   0
  -2.9363033894471823e-02   2  10  12  13   0   0
   1.5450051135694339e-03   2  10  12  14   0   0
   1.0667106321834791e-02   2  11  12   3   0   0
   2.3302014398919168e-03   2  11  12   4   0   0
   1.2908412434994123e-03   2  11  12   5   0   0
  -3.1946900957390709e-02   2  11  12  12   0   0
   4.4757455679254069e-03   2  11  12  13   0   0
   6.6042161681593272e-03   2  11  12  14   0   0
   9.2284775460999585e-02   2  12  12   1   0   0
   6.6828735191382091e-02   2  12  12   2   0   0
   8.0776208911372258e-02   2  12  12   6   0   0
   4.3067102582366821e-03   2  12  12   7   0   0
   1.0802564046895682e-02   2  12  12   8   0   0
   3.2320154291459756e-02   2  12  12   9   0   0
  -9.0993932763217076e-03   2  12  12  10   0   0
  -5.3997546416836559e-02   2  12  12  11   0   0
  -2.4119465259670268e-02   2  13  12   7   0   0
   5.6249353293053271e-03   2  13  12   8   0   0
  -4.9630221966463585e-02   2  13  12  10   0   0
   7.5650304665340791e-03   2  13  12  11   0   0
   1.0661960544826290e-02   2  14  12   7   0   0
   5.3746403771945193e-02   2  14  12   8   0   0
   2.6114108985245818e-03   2  14  12  10   0   0
   1.1162631065925363e-02   2  14  12  11   0   0
   6.3583849352799662e-02   2   1  13   4   0   0
  -3.2243065542549985e-02   2   1  13   5   0   0
   3.3476304643102067e-01   2   1  13  13   0   0
   5.1035404292287055e-02   2   2  13   4   0   0
  -2.5879809139210164e-02   2   2  13   5   0   0
   6.1774879606541688e-01   2   2  13  13   0   0
   1.3095459498075279e-02   2   3  13   7   0   0
  -3.0540110235105049e-03   2   3  13   8   0   0
   2.6946308910465219e-02   2   3  13  10   0   0
  -4.1073692558952074e-03   2   3  13  11   0   0
   1.0175475467237668e-02   2   4  13   1   0   0
  -8.9632316591061936e-03   2   4  13   2   0   0
  -1.8287500847949500e-02   2   4  13   6   0   0
   1.6336093923785700e-02   2   4  13   7   0   0
  -8.4045318479282483e-03   2   4  13   8   0   0
   1.1408494058555648e-02   2   4  13   9   0   0
  -4.9261094808375041e-03   2   4  13  10   0   0
   2.6015611159362042e-02   2   4  13  11   0   0
  -5.1599348852933626e-03   2   5  13   1   0   0
   4.5452118548859298e-03   2   5  13   2   0   0
   9.2735041123129178e-03   2   5  13   6   0   0
   2.0842950847755524e-02   2   5  13   7   0   0
  -5.7434174063388519e-04   2   5  13   8   0   0
  -1.4001314644039713e-02   2   5  13   9   0   0
  -1.2366472293181496e-02   2   5  13  10   0   0
  -1.4249684955025366e-02   2   5  13  11   0   0
   4.9557644091449228e-02   2   6  13   4   0   0
  -2.5130444017457235e-02   2   6  13   5   0   0
   2.5324002781061683e-01   2   6  13  13   0   0
   4.7647516863928239e-03   2   7  13   3   0   0
   5.9438487884957295e-03   2   7  13   4   0   0
   7.5836579247824448e-03   2   7  13   5   0   0
  -1.4269947783324358e-02   2   7  13  12   0   0
   5.6045239709755414e-03   2   7  13  13   0   0
   2.8307610575817210e-02   2   7  13  14   0   0
  -1.1111946225844987e-03   2   8  13   3   0   0
  -3.0579688556666667e-03   2   8  13   4   0   0
  -2.0897287167763833e-04   2   8  13   5   0   0
   3.3279151328442095e-03   2   8  13  12   0   0
  -7.8850715880198381e-03   2   8  13  13   0   0
  -4.7002035795221924e-03   2   8  13  14   0   0
   4.1509533371237627e-03   2   9  13   4   0   0
  -5.0943449194516491e-03   2   9  13   5   0   0
   1.7987878074776992e-02   2   9  13  13   0   0
  -7.9850150016367184e-03   2   9  13  14   0   0
   9.8043501903901792e-03   2  10  13   3   0   0
  -1.7923531785674484e-03   2  10  13   4   0   0
  -4.4995114316017095e-03   2  10  13   5   0   0
  -2.9363033894471830e-02   2  10  13  12   0   0
   1.3070402858143058e-03   2  10  13  13   0   0
  -1.4446363786546164e-02   2  10  13  14   0   0
  -1.4944565016249505e-03   2  11  13   3   0   0
   9.4657180347378495e-03   2  11  13   4   0   0
  -5.1847138643743703e-03   2  11  13   5   0   0
   4.4757455679254078e-03   2  11  13  12   0   0
   3.2306524018605204e-02   2  11  13  13   0   0
  -1.0275530722414583e-03   2  11  13  14   0   0
  -2.4119465259669862e-02   2  12  13   7   0   0
   5.6249353293053184e-03   2  12  13   8   0   0
  -4.9630221966462801e-02   2  12  13  10   0   0
   7.5650304665339681e-03   2  12  13  11   0   0
   9.2284775461000557e-02   2  13  13   1   0   0
   6.6828735191382993e-02   2  13  13   2   0   0
   8.0776208911372854e-02   2  13  13   6   0   0
   9.4729233258231682e-03   2  13  13   7   0   0
  -1.3327568756733695e-02   2  13  13   8   0   0
   3.0403615129325524e-02   2  13  13   9   0   0
   2.2091960843422160e-03   2  13  13  10   0   0
   5.4605391383283151e-02   2  13  13  11   0   0
   4.7846315924544157e-02   2  14  13   7   0   0
  -7.9444156818948113e-03   2  14  13   8   0   0
  -1.3496495912548558e-02   2  14  13   9   0   0
  -2.4417648527441171e-02   2  14  13  10   0   0
  -1.7367989711465776e-03   2  14  13  11   0   0
   3.2243065542549937e-02   2   1  14   4   0   0
   6.3583849352799565e-02   2   1  14   5   0   0
   3.3476304643102106e-01   2   1  14  14   0   0
   2.5879809139210619e-02   2   2  14   4   0   0
   5.1035404292287583e-02   2   2  14   5   0   0
   6.1774879606541666e-01   2   2  14  14   0   0
  -5.7888212272397162e-03   2   3  14   7   0   0
  -2.9181154979400825e-02   2   3  14   8   0   0
  -1.4178434424764791e-03   2   3  14  10   0   0
  -6.0606560486317108e-03   2   3  14  11   0   0
   5.1599348852933895e-03   2   4  14   1   0   0
  -4.5452118548859654e-03   2   4  14   2   0   0
  -9.2735041123129507e-03   2   4  14   6   0   0
   1.9785414144163488e-02   2   4  14   7   0   0
  -3.2269715409897863e-03   2   4  14   8   0   0
  -2.1937708638414044e-02   2   4  14   9   0   0
  -1.0132065566672451e-02   2   4  14  10   0   0
  -9.9028652428305029e-04   2   4  14  11   0   0
   1.0175475467237544e-02   2   5  14   1   0   0
  -8.9632316591063549e-03   2   5  14   2   0   0
  -1.8287500847949511e-02   2   5  14   6   0   0
  -1.8421573493261553e-02   2   5  14   7   0   0
   3.1735027637985686e-03   2   5  14   8   0   0
  -2.7059192019542613e-02   2   5  14   9   0   0
   9.3323958652307398e-03   2   5  14  10   0   0
   1.3213807423629852e-04   2   5  14  11   0   0
   2.5130444017456996e-02   2   6  14   4   0   0
   4.9557644091448819e-02   2   6  14   5   0   0
   2.5324002781061677e-01   2   6  14  14   0   0
  -2.1062487886561788e-03   2   7  14   3   0   0
   7.1988757189649696e-03   2   7  14   4   0   0
  -6.7026455529054611e-03   2   7  14   5   0   0
   6.3080013841326030e-03   2   7  14  12   0   0
   2.8307610575817214e-02   2   7  14  13   0   0
  -8.1525294860773801e-03   2   7  14  14   0   0
  -1.0617493599169005e-02   2   8  14   3   0   0
  -1.1741258941034153e-03   2   8  14   4   0   0
   1.1546714071242806e-03   2   8  14   5   0   0
   3.1798315887606156e-02   2   8  14  12   0   0
  -4.7002035795221924e-03   2   8  14  13   0   0
   1.4938840879811165e-03   2   8  14  14   0   0
  -7.9819829343019105e-03   2   9  14   4   0   0
  -9.8454224402354171e-03   2   9  14   5   0   0
  -7.9850150016367201e-03   2   9  14  13   0   0
  -3.7109650018009407e-02   2   9  14  14   0   0
  -5.1587895289766442e-04   2  10  14   3   0   0
  -3.6865278765163480e-03   2  10  14   4   0   0
   3.3955699640382622e-03   2  10  14   5   0   0
   1.5450051135694354e-03   2  10  14  12   0   0
  -1.4446363786546164e-02   2  10  14  13   0   0
   4.0764898014038070e-03   2  10  14  14   0   0
  -2.2051552396927430e-03   2  11  14   3   0   0
  -3.6031338856671853e-04   2  11  14   4   0   0
   4.8078122966719912e-05   2  11  14   5   0   0
   6.6042161681593272e-03   2  11  14  12   0   0
  -1.0275530722414581e-03   2  11  14  13   0   0
  -3.5962306121450888e-04   2  11  14  14   0   0
   1.0661960544826252e-02   2  12  14   7   0   0
   5.3746403771944846e-02   2  12  14   8   0   0
   2.6114108985246351e-03   2  12  14  10   0   0
   1.1162631065925277e-02   2  12  14  11   0   0
   4.7846315924544629e-02   2  13  14   7   0   0
  -7.9444156818948685e-03   2  13  14   8   0   0
  -1.3496495912548640e-02   2  13  14   9   0   0
  -2.4417648527441407e-02   2  13  14  10   0   0
  -1.7367989711466793e-03   2  13  14  11   0   0
   9.2284775461000043e-02   2  14  14   1   0   0
   6.6828735191382771e-02   2  14  14   2   0   0
   8.0776208911372688e-02   2  14  14   6   0   0
  -1.3779633584059854e-02   2  14  14   7   0   0
   2.5250047098378573e-03   2  14  14   8   0   0
  -6.2723769420785322e-02   2  14  14   9   0   0
   6.8901971919795970e-03   2  14  14  10   0   0
  -6.0784496644587392e-04   2  14  14  11   0   0
   1.4938476219430197e-01   3   1   3   1   0   0
  -3.0362826490380876e-03   3   2   3   1   0   0
   1.1049797542794858e-02   3   2   3   2   0   0
   7.8002938128856669e-01   3   3   3   3   0   0
   4.8588863633190003e-02   3   4   3   4   0   0
   4.8588863633190177e-02   3   5   3   5   0   0
  -8.3876965125030623e-02   3   6   3   1   0   0
   2.3149985787163044e-03   3   6   3   2   0   0
   5.9250647012987295e-02   3   6   3   6   0   0
   8.8119518811754713e-03   3   7   3   1   0   0
   1.2954717198817307e-03   3   7   3   2   0   0
  -4.9476604468649604e-03   3   7   3   6   0   0
   4.7561702914987278e-02   3   7   3   7   0   0
   2.2103106284548257e-02   3   8   3   1   0   0
   3.2494445611240797e-03   3   8   3   2   0   0
  -1.2410265760816188e-02   3   8   3   6   0   0
   1.7264787349576319e-02   3   8   3   7   0   0
   1.3044484441749118e-01   3   8   3   8   0   0
   6.6130207822505421e-02   3   9   3   1   0   0
   9.7220020285141984e-03   3   9   3   2   0   0
  -3.7130231530806287e-02   3   9   3   6   0   0
   4.9662556654332547e-03   3   9   3   7   0   0
   1.2456908331944985e-02   3   9   3   8   0   0
   5.9357771611941196e-02   3   9   3   9   0   0
  -1.8618251726009186e-02   3  10   3   1   0   0
  -2.7371255437980491e-03   3  10   3   2   0   0
   1.0453619004812677e-02   3  10   3   6   0   0
   4.2304640483941627e-02   3  10   3   7   0   0
  -8.4597820301356985e-03   3  10   3   8   0   0
  -1.0492907741845563e-02   3  10   3   9   0   0
   1.1316797156026247e-01   3  10   3  10   0   0
  -1.1048427969275654e-01   3  11   3   1   0   0
  -1.6242628394196695e-02   3  11   3   2   0   0
   6.2033781846218730e-02   3  11   3   6   0   0
  -1.0560945389149114e-02   3  11   3   7   0   0
   2.1119029733465242e-03   3  11   3   8   0   0
  -6.2266928753618604e-02   3  11   3   9   0   0
   5.1748854020234420e-03   3  11   3  10   0   0
   1.3260547395133146e-01   3  11   3  11   0   0
  -3.8325622703590863e-02   3  12   3   3   0   0
   1.1292099674169483e-01   3  12   3  12   0   0
  -2.2878083516094552e-03   3  13   3   4   0   0
   1.1601366601830308e-03   3  13   3   5   0   0
   1.4586625643646474e-02   3  13   3  13   0   0
  -1.1601366601829406e-03   3  14   3   4   0   0
  -2.2878083516093854e-03   3  14   3   5   0   0
   1.4586625643646458e-02   3  14   3  14   0   0
   3.4148630751437710e-02   3   1   4   7   0   0
  -6.0001017026550280e-02   3   1   4   8   0   0
   8.8152503274964725e-02   3   1   4  10   0   0
  -2.4135001551311649e-02   3   1   4  11   0   0
   5.0202935748749769e-03   3   2   4   7   0   0
  -8.8209311365045843e-03   3   2   4   8   0   0
   1.2959566344598420e-02   3   2   4  10   0   0
  -3.5481596348499607e-03   3   2   4  11   0   0
   6.8285165402218673e-01   3   3   4   4   0   0
   3.8757535493386751e-02   3   3   4  13   0   0
   1.9653760662509463e-02   3   3   4  14   0   0
   4.8588863633190003e-02   3   4   4   3   0   0
   2.5651479731186142e-03   3   4   4  12   0   0
  -1.9173485280192738e-02   3   6   4   7   0   0
   3.3688865159160815e-02   3   6   4   8   0   0
  -4.9495124306953985e-02   3   6   4  10   0   0
   1.3551117183871891e-02   3   6   4  11   0   0
   3.4148630751437654e-02   3   7   4   1   0   0
   5.0202935748750238e-03   3   7   4   2   0   0
  -1.9173485280192554e-02   3   7   4   6   0   0
   1.4594506560254983e-02   3   7   4   7   0   0
  -2.6217899956009011e-02   3   7   4   8   0   0
   3.0646047562749676e-02   3   7   4   9   0   0
   1.3527476878207403e-02   3   7   4  10   0   0
   2.1367341468900909e-02   3   7   4  11   0   0
  -6.0001017026550786e-02   3   8   4   1   0   0
  -8.8209311365045322e-03   3   8   4   2   0   0
   3.3688865159160815e-02   3   8   4   6   0   0
  -5.8833790463599371e-02   3   8   4   7   0   0
   3.2015493680898695e-03   3   8   4   8   0   0
   5.2110744091052749e-02   3   8   4   9   0   0
   4.0077092110956745e-02   3   8   4  10   0   0
   3.8956384528373508e-03   3   8   4  11   0   0
   2.2052171199999644e-02   3   9   4   7   0   0
  -1.2661791714915462e-02   3   9   4   8   0   0
   4.7960694107718589e-02   3   9   4  10   0   0
  -8.8563416905139726e-03   3   9   4  11   0   0
   8.8152503274965030e-02   3  10   4   1   0   0
   1.2959566344598578e-02   3  10   4   2   0   0
  -4.9495124306953707e-02   3  10   4   6   0   0
   3.6848480591525568e-02   3  10   4   7   0   0
  -3.2020444098883783e-03   3  10   4   8   0   0
   4.2692675040235994e-02   3  10   4   9   0   0
  -2.8314451979456087e-02   3  10   4  10   0   0
   5.6849705198223938e-02   3  10   4  11   0   0
  -2.4135001551311968e-02   3  11   4   1   0   0
  -3.5481596348499287e-03   3  11   4   2   0   0
   1.3551117183871975e-02   3  11   4   6   0   0
  -3.6039894660130287e-02   3  11   4   7   0   0
   4.8480365132022148e-02   3  11   4   8   0   0
   5.6749959602431033e-03   3  11   4   9   0   0
  -4.1124645357202519e-02   3  11   4  10   0   0
   1.0518396051110520e-02   3  11   4  11   0   0
  -4.3455918649827799e-02   3  12   4   4   0   0
  -7.4693075599106165e-02   3  12   4  13   0   0
  -3.7876500976746795e-02   3  12   4  14   0   0
  -2.2878083516094517e-03   3  13   4   3   0   0
  -1.3009543433380661e-02   3  13   4  12   0   0
  -1.1601366601829434e-03   3  14   4   3   0   0
  -6.5970771803024854e-03   3  14   4  12   0   0
  -4.1776599385301219e-02   3   1   5   7   0   0
  -9.2875355190291248e-02   3   1   5   8   0   0
  -5.0692645214220254e-02   3   1   5  10   0   0
  -1.3369855018114224e-02   3   1   5  11   0   0
  -6.1417043336451553e-03   3   2   5   7   0   0
  -1.3653887100771091e-02   3   2   5   8   0   0
  -7.4524792198776956e-03   3   2   5  10   0   0
  -1.9655428568427424e-03   3   2   5  11   0   0
   6.8285165402218750e-01   3   3   5   5   0   0
  -1.9653760662509432e-02   3   3   5  13   0   0
   3.8757535493386779e-02   3   3   5  14   0   0
   4.8588863633190170e-02   3   5   5   3   0   0
   2.5651479731186450e-03   3   5   5  12   0   0
   2.3456372795763090e-02   3   6   5   7   0   0
   5.2146871381036346e-02   3   6   5   8   0   0
   2.8462479034769641e-02   3   6   5  10   0   0
   7.5067934715752072e-03   3   6   5  11   0   0
  -4.1776599385301857e-02   3   7   5   1   0   0
  -6.1417043336451085e-03   3   7   5   2   0   0
   2.3456372795763326e-02   3   7   5   6   0   0
   4.2805240914499249e-02   3   7   5   7   0   0
   1.6649823728871961e-03   3   7   5   8   0   0
  -7.2456600702396840e-03   3   7   5   9   0   0
  -8.6674075492552561e-03   3   7   5  10   0   0
  -1.0610316916174176e-02   3   7   5  11   0   0
  -9.2875355190291706e-02   3   8   5   1   0   0
  -1.3653887100771006e-02   3   8   5   2   0   0
   5.2146871381036242e-02   3   8   5   6   0   0
   3.7715555646800847e-02   3   8   5   7   0   0
  -2.8491019727428138e-02   3   8   5   8   0   0
   7.0502658676945315e-02   3   8   5   9   0   0
  -2.8010366178002906e-02   3   8   5  10   0   0
   1.8703463476389712e-02   3   8   5  11   0   0
  -1.9532004482690424e-02   3   9   5   7   0   0
  -2.2100219208214381e-02   3   9   5   8   0   0
  -3.1029118044505116e-02   3   9   5  10   0   0
  -7.5024833720415925e-04   3   9   5  11   0   0
  -5.0692645214220636e-02   3  10   5   1   0   0
  -7.4524792198777563e-03   3  10   5   2   0   0
   2.8462479034769658e-02   3  10   5   6   0   0
   5.6488216376898361e-02   3  10   5   7   0   0
   2.3904109683306205e-03   3  10   5   8   0   0
  -3.8560608364168761e-02   3  10   5   9   0   0
  -3.3889997740255431e-02   3  10   5  10   0   0
  -2.6317335607639221e-02   3  10   5  11   0   0
  -1.3369855018114210e-02   3  11   5   1   0   0
  -1.9655428568427233e-03   3  11   5   2   0   0
   7.5067934715751360e-03   3  11   5   6   0   0
   2.9415568980566981e-02   3  11   5   7   0   0
   6.8985842762316785e-02   3  11   5   8   0   0
   2.0024662961807878e-02   3  11   5   9   0   0
   2.8975484092197117e-02   3  11   5  10   0   0
   1.9575776553184279e-02   3  11   5  11   0   0
  -4.3455918649827688e-02   3  12   5   5   0   0
   3.7876500976746628e-02   3  12   5  13   0   0
  -7.4693075599106304e-02   3  12   5  14   0   0
   1.1601366601830282e-03   3  13   5   3   0   0
   6.5970771803024689e-03   3  13   5  12   0   0
  -2.2878083516093815e-03   3  14   5   3   0   0
  -1.3009543433380634e-02   3  14   5  12   0   0
  -8.3032054411313644e-02   3   1   6   3   0   0
  -4.6382672861573514e-02   3   1   6  12   0   0
   7.2485054362037421e-03   3   2   6   3   0   0
  -3.6322145520426070e-02   3   2   6  12   0   0
   4.1715782933278794e-02   3   3   6   1   0   0
   1.4429210463156344e-01   3   3   6   2   0   0
   7.6526847659220254e-01   3   3   6   6   0   0
  -2.3723535580310513e-03   3   3   6   7   0   0
  -5.9505979543197484e-03   3   3   6   8   0   0
  -1.7803573593745958e-02   3   3   6   9   0   0
   5.0124054604601493e-03   3   3   6  10   0   0
   2.9744576181304831e-02   3   3   6  11   0   0
  -9.1934938771201062e-03   3   4   6   7   0   0
   1.6153472936285971e-02   3   4   6   8   0   0
  -2.3732415657019557e-02   3   4   6  10   0   0
   6.4976247686571601e-03   3   4   6  11   0   0
   1.1247095482430082e-02   3   5   6   7   0   0
   2.5003901781372399e-02   3   5   6   8   0   0
   1.3647473211567519e-02   3   5   6  10   0   0
   3.5994321746514652e-03   3   5   6  11   0   0
   5.8525555145418476e-02   3   6   6   3   0   0
  -2.9068517132762443e-03   3   6   6  12   0   0
  -4.7364229036271589e-03   3   7   6   3   0   0
  -1.8354884252617821e-02   3   7   6   4   0   0
   2.2454916326415882e-02   3   7   6   5   0   0
  -3.1860857786879704e-03   3   7   6  12   0   0
   1.7843476957016161e-02   3   7   6  13   0   0
  -7.8876726846982721e-03   3   7   6  14   0   0
  -1.1880416536441035e-02   3   8   6   3   0   0
   3.2250538259585439e-02   3   8   6   4   0   0
   4.9920490424548394e-02   3   8   6   5   0   0
  -7.9916905525174459e-03   3   8   6  12   0   0
  -4.1613030327415325e-03   3   8   6  13   0   0
  -3.9761359006195075e-02   3   8   6  14   0   0
  -3.5544977455137433e-02   3   9   6   3   0   0
  -2.3910311532120979e-02   3   9   6  12   0   0
   1.0007307698643750e-02   3  10   6   3   0   0
  -4.7381958180633038e-02   3  10   6   4   0   0
   2.7247289712395619e-02   3  10   6   5   0   0
   6.7316921209014044e-03   3  10   6  12   0   0
   3.6716225359728349e-02   3  10   6  13   0   0
  -1.9319105830692513e-03   3  10   6  14   0   0
   5.9385284881709285e-02   3  11   6   3   0   0
   1.2972559958130535e-02   3  11   6   4   0   0
   7.1862952022296814e-03   3  11   6   5   0   0
   3.9947153257799843e-02   3  11   6  12   0   0
  -5.5965770947018533e-03   3  11   6  13   0   0
  -8.2580665889620541e-03   3  11   6  14   0   0
  -9.3869820572488688e-02   3  12   6   1   0   0
  -6.1147420772952682e-02   3  12   6   2   0   0
  -1.8404762511982323e-01   3  12   6   6   0   0
  -5.5938369456425907e-04   3  12   6   7   0   0
  -1.4031076680309628e-03   3  12   6   8   0   0
  -4.1979530157309815e-03   3  12   6   9   0   0
   1.1818887094777405e-03   3  12   6  10   0   0
   7.0135544768275028e-03   3  12   6  11   0   0
   3.1327938911294519e-03   3  13   6   7   0   0
  -7.3060338809050106e-04   3  13   6   8   0   0
   6.4462978145669652e-03   3  13   6  10   0   0
  -9.8259563288883591e-04   3  13   6  11   0   0
  -1.3848451656242034e-03   3  14   6   7   0   0
  -6.9809344276162508e-03   3  14   6   8   0   0
  -3.3918712633345576e-04   3  14   6  10   0   0
  -1.4498755273291974e-03   3  14   6  11   0   0
   8.9184176437614362e-03   3   1   7   3   0   0
   3.4561213577949619e-02   3   1   7   4   0   0
  -4.2281343121057517e-02   3   1   7   5   0   0
  -5.8340959558429006e-03   3   1   7  12   0   0
   3.2673494684118107e-02   3   1   7  13   0   0
  -1.4443251847965069e-02   3   1   7  14   0   0
  -1.7775231202545497e-04   3   2   7   3   0   0
  -6.8883695127049821e-04   3   2   7   4   0   0
   8.4270627318808568e-04   3   2   7   5   0   0
  -2.8098355816291558e-04   3   2   7  12   0   0
   1.5736310927086626e-03   3   2   7  13   0   0
  -6.9562042283854986e-04   3   2   7  14   0   0
   3.1798177581447546e-03   3   3   7   1   0   0
   6.1578399056262147e-04   3   3   7   2   0   0
  -2.6604742568261475e-03   3   3   7   6   0   0
   7.7831514619557629e-01   3   3   7   7   0   0
   1.1285726646075214e-02   3   3   7   8   0   0
   3.2463651454112080e-03   3   3   7   9   0   0
   2.7653894525029529e-02   3   3   7  10   0   0
  -6.9035279944521183e-03   3   3   7  11   0   0
   1.2322629985272256e-02   3   4   7   1   0   0
   2.3863248914568124e-03   3   4   7   2   0   0
  -1.0310037349856888e-02   3   4   7   6   0   0
   9.5402050565906657e-03   3   4   7   7   0   0
  -2.7798492661012888e-02   3   4   7   8   0   0
   1.7224008603443246e-02   3   4   7   9   0   0
   1.6464995311733663e-02   3   4   7  10   0   0
  -4.7956114710059825e-03   3   4   7  11   0   0
  -1.5075204040101873e-02   3   5   7   1   0   0
  -2.9193714886904163e-03   3   5   7   2   0   0
   1.2613047449767266e-02   3   5   7   6   0   0
   2.7981129347201431e-02   3   5   7   7   0   0
   1.2871226800151351e-02   3   5   7   8   0   0
  -8.7520742724953911e-03   3   5   7   9   0   0
   1.5629864576242117e-02   3   5   7  10   0   0
   6.1463523995994021e-03   3   5   7  11   0   0
  -5.4550406321301620e-03   3   6   7   3   0   0
  -2.1139716919999232e-02   3   6   7   4   0   0
   2.5861812478331928e-02   3   6   7   5   0   0
   2.4442415734571340e-03   3   6   7  12   0   0
  -1.3688824225983011e-02   3   6   7  13   0   0
   6.0511168979576783e-03   3   6   7  14   0   0
   4.2238490337141318e-02   3   7   7   3   0   0
   1.3753721339464196e-02   3   7   7   4   0   0
   4.0339243603476044e-02   3   7   7   5   0   0
  -2.3462748779730376e-02   3   7   7  12   0   0
  -4.2229986450432648e-03   3   7   7  13   0   0
   2.9812323466770541e-02   3   7   7  14   0   0
   1.6270168039653886e-02   3   8   7   3   0   0
  -5.6690128424061917e-02   3   8   7   4   0   0
   3.6919693580883053e-02   3   8   7   5   0   0
  -1.1494599034662286e-02   3   8   7  12   0   0
  -5.1797802545379551e-02   3   8   7  13   0   0
   6.7904565064925149e-03   3   8   7  14   0   0
   4.6801511404926189e-03   3   9   7   3   0   0
   2.0453516559384589e-02   3   9   7   4   0   0
  -1.8876037593811113e-02   3   9   7   5   0   0
  -3.3064477668863878e-03   3   9   7  12   0   0
   1.8720235011658294e-02   3   9   7  13   0   0
  -6.7583647008651777e-03   3   9   7  14   0   0
   3.9867482616156649e-02   3  10   7   3   0   0
   3.5616375737014823e-02   3  10   7   4   0   0
   5.5722508702095740e-02   3  10   7   5   0   0
  -2.8165703395146891e-02   3  10   7  12   0   0
   3.8199328458608812e-03   3  10   7  13   0   0
   5.2965573213523402e-02   3  10   7  14   0   0
  -9.9525324384189748e-03   3  11   7   3   0   0
  -3.6156265906454772e-02   3  11   7   4   0   0
   2.9249700273304528e-02   3  11   7   5   0   0
   7.0312961415196842e-03   3  11   7  12   0   0
  -3.8663388700995255e-02   3  11   7  13   0   0
   7.7955789193723153e-03   3  11   7  14   0   0
  -6.5037212653552281e-04   3  12   7   1   0   0
  -6.2013606534311034e-04   3  12   7   2   0   0
  -3.5066415125356348e-04   3  12   7   6   0   0
  -1.1691641902654001e-01   3  12   7   7   0   0
  -2.5410528864670181e-03   3  12   7   8   0   0
  -7.3093968886280307e-04   3  12   7   9   0   0
  -6.2264496304554294e-03   3  12   7  10   0   0
   1.5543730844489419e-03   3  12   7  11   0   0
   3.6423689942526529e-03   3  13   7   1   0   0
   3.4730337978289031e-03   3  13   7   2   0   0
   1.9638729579717460e-03   3  13   7   6   0   0
  -9.3355695698234232e-04   3  13   7   7   0   0
  -6.8929857941388024e-03   3  13   7   8   0   0
   4.3500357378274280e-03   3  13   7   9   0   0
   1.7147738135000156e-03   3  13   7  10   0   0
  -1.5889106779804760e-03   3  13   7  11   0   0
  -1.6101018031836466e-03   3  14   7   1   0   0
  -1.5352475241321413e-03   3  14   7   2   0   0
  -8.6812604539609356e-04   3  14   7   6   0   0
   6.5904596036000197e-03   3  14   7   7   0   0
  -2.4604703351910307e-04   3  14   7   8   0   0
  -3.5869152421108071e-06   3  14   7   9   0   0
   4.8153272926903081e-03   3  14   7  10   0   0
   7.4592332581654443e-04   3  14   7  11   0   0
   2.2370155412577527e-02   3   1   8   3   0   0
  -6.0725947679805270e-02   3   1   8   4   0   0
  -9.3997472701725981e-02   3   1   8   5   0   0
  -1.4633720738049276e-02   3   1   8  12   0   0
  -7.6198328860911397e-03   3   1   8  13   0   0
  -7.2807701954713241e-02   3   1   8  14   0   0
  -4.4585788687928239e-04   3   2   8   3   0   0
   1.2103243009226206e-03   3   2   8   4   0   0
   1.8734565664760270e-03   3   2   8   5   0   0
  -7.0479384522660539e-04   3   2   8  12   0   0
  -3.6698877994906432e-04   3   2   8  13   0   0
  -3.5065873636189455e-03   3   2   8  14   0   0
   7.9759684144339957e-03   3   3   8   1   0   0
   1.5445770897597538e-03   3   3   8   2   0   0
  -6.6732939601672888e-03   3   3   8   6   0   0
   1.1285726646075227e-02   3   3   8   7   0   0
   8.3249458435634638e-01   3   3   8   8   0   0
   8.1428898858111123e-03   3   3   8   9   0   0
  -5.5300297388159612e-03   3   3   8  10   0   0
   1.3805185767783929e-03   3   3   8  11   0   0
  -2.1651536687955730e-02   3   4   8   1   0   0
  -4.1929037063120197e-03   3   4   8   2   0   0
   1.8115301051919674e-02   3   4   8   6   0   0
  -2.7798492661012888e-02   3   4   8   7   0   0
   2.0928037096885409e-03   3   4   8   8   0   0
   1.2893587507813806e-02   3   4   8   9   0   0
   1.2052326506802963e-02   3   4   8  10   0   0
   1.7118695043964356e-02   3   4   8  11   0   0
  -3.3514334589023628e-02   3   5   8   1   0   0
  -6.4901803386116178e-03   3   5   8   2   0   0
   2.8040608358881815e-02   3   5   8   6   0   0
   1.2871226800151354e-02   3   5   8   7   0   0
  -1.8624142539443053e-02   3   5   8   8   0   0
   1.5819966090132483e-02   3   5   8   9   0   0
  -8.3736858533661959e-03   3   5   8  10   0   0
   2.8660577160781044e-02   3   5   8  11   0   0
  -1.3682932510795651e-02   3   6   8   3   0   0
   3.7143641983359010e-02   3   6   8   4   0   0
   5.7494507813742365e-02   3   6   8   5   0   0
   6.1309153762682872e-03   3   6   8  12   0   0
   3.1923904687112211e-03   3   6   8  13   0   0
   3.0503374187282020e-02   3   6   8  14   0   0
   1.6270168039654299e-02   3   7   8   3   0   0
  -2.3461759181875402e-02   3   7   8   4   0   0
   1.9214325202333203e-04   3   7   8   5   0   0
  -1.1494599034662484e-02   3   7   8  12   0   0
  -1.0563833670240072e-02   3   7   8  13   0   0
  -9.0164723513671465e-03   3   7   8  14   0   0
   1.2034675848984708e-01   3   8   8   3   0   0
   3.0171090527418582e-03   3   8   8   4   0   0
  -2.6849660479468681e-02   3   8   8   5   0   0
  -7.8644921546418764e-02   3   8   8  12   0   0
   1.0480091108297802e-02   3   8   8  13   0   0
  -1.5953924901408553e-02   3   8   8  14   0   0
   1.1739269514969329e-02   3   9   8   3   0   0
  -1.4406279731583285e-02   3   9   8   4   0   0
  -2.4363917667073437e-02   3   9   8   5   0   0
  -8.2935957210481023e-03   3   9   8  12   0   0
  -2.7909093309270560e-03   3   9   8  13   0   0
  -3.0505921124309235e-02   3   9   8  14   0   0
  -7.9724164811407136e-03   3  10   8   3   0   0
  -4.6705841756942493e-03   3  10   8   4   0   0
   3.4138310742838291e-03   3  10   8   5   0   0
   5.6323776475264735e-03   3  10   8  12   0   0
  -8.9704082297715499e-03   3  10   8  13   0   0
   1.3697590549118089e-03   3  10   8  14   0   0
   1.9902368655954641e-03   3  11   8   3   0   0
   4.7390300057284881e-02   3  11   8   4   0   0
   6.6932080002017502e-02   3  11   8   5   0   0
  -1.4060687448504341e-03   3  11   8  12   0   0
   1.0079768250830110e-02   3  11   8  13   0   0
   6.3446683408920929e-02   3  11   8  14   0   0
  -1.6313348542031630e-03   3  12   8   1   0   0
  -1.5554934420876679e-03   3  12   8   2   0   0
  -8.7957436784193003e-04   3  12   8   6   0   0
  -2.5410528864669734e-03   3  12   8   7   0   0
  -1.2911526293292389e-01   3  12   8   8   0   0
  -1.8334232697119993e-03   3  12   8   9   0   0
   1.2451212465750526e-03   3  12   8  10   0   0
  -3.1083250767599590e-04   3  12   8  11   0   0
  -8.4944213387666979e-04   3  13   8   1   0   0
  -8.0995122814537298e-04   3  13   8   2   0   0
  -4.5799764897913261e-04   3  13   8   6   0   0
  -6.8929857941388032e-03   3  13   8   7   0   0
   2.3167807490171808e-03   3  13   8   8   0   0
   9.7823113933919836e-04   3  13   8   9   0   0
   3.2729640161166789e-03   3  13   8  10   0   0
   5.1911185659151381e-04   3  13   8  11   0   0
  -8.1164417429624887e-03   3  14   8   1   0   0
  -7.7391051087621924e-03   3  14   8   2   0   0
  -4.3761794807467445e-03   3  14   8   6   0   0
  -2.4604703351910361e-04   3  14   8   7   0   0
  -3.5268535073691345e-03   3  14   8   8   0   0
   4.4898213316870873e-03   3  14   8   9   0   0
  -4.5424032308662062e-04   3  14   8  10   0   0
   7.4986282291325708e-03   3  14   8  11   0   0
   6.6929191191993823e-02   3   1   9   3   0   0
  -4.3782578845047750e-02   3   1   9  12   0   0
  -1.3339606813202389e-03   3   2   9   3   0   0
  -2.1086702862865197e-03   3   2   9  12   0   0
   2.3863272521156175e-02   3   3   9   1   0   0
   4.6212148929987706e-03   3   3   9   2   0   0
  -1.9965805292943849e-02   3   3   9   6   0   0
   3.2463651454112080e-03   3   3   9   7   0   0
   8.1428898858111106e-03   3   3   9   8   0   0
   7.8602605534936965e-01   3   3   9   9   0   0
  -6.8590528281172163e-03   3   3   9  10   0   0
  -4.0702936142519422e-02   3   3   9  11   0   0
   1.7224008603443246e-02   3   4   9   7   0   0
   1.2893587507813799e-02   3   4   9   8   0   0
   2.9629358388090402e-02   3   4   9  10   0   0
  -1.0397984507864325e-03   3   4   9  11   0   0
  -8.7520742724953946e-03   3   5   9   7   0   0
   1.5819966090132476e-02   3   5   9   8   0   0
  -2.2744868318424660e-02   3   5   9  10   0   0
   6.2996945838931914e-03   3   5   9  11   0   0
  -4.0937918811564972e-02   3   6   9   3   0   0
   1.8343064669523377e-02   3   6   9  12   0   0
   4.6801511404926249e-03   3   7   9   3   0   0
   2.9208773354740220e-02   3   7   9   4   0   0
  -6.3589735977022371e-03   3   7   9   5   0   0
  -3.3064477668863805e-03   3   7   9  12   0   0
   2.0635039220592118e-02   3   7   9  13   0   0
   6.7259134656319792e-03   3   7   9  14   0   0
   1.1739269514969307e-02   3   8   9   3   0   0
   5.1582589590030967e-02   3   8   9   4   0   0
   6.9977906866005163e-02   3   8   9   5   0   0
  -8.2935957210480641e-03   3   8   9  12   0   0
   1.1641079093083519e-02   3   8   9  13   0   0
   7.1125851720695604e-02   3   8   9  14   0   0
   5.3354990993690177e-02   3   9   9   3   0   0
  -3.1316368816361989e-02   3   9   9  12   0   0
  -9.8884144199205583e-03   3  10   9   3   0   0
   4.0031955255515637e-02   3  10   9   4   0   0
  -3.6626801739780626e-02   3  10   9   5   0   0
   6.9859978439397999e-03   3  10   9  12   0   0
   3.6805258325547950e-02   3  10   9  13   0   0
  -1.1145633396608585e-02   3  10   9  14   0   0
  -5.8679749343069174e-02   3  11   9   3   0   0
   5.9030727921923236e-03   3  11   9   4   0   0
   1.9664527518526157e-02   3  11   9   5   0   0
   4.1456252234713824e-02   3  11   9  12   0   0
  -2.2275620014989206e-03   3  11   9  13   0   0
   1.6643841995578095e-02   3  11   9  14   0   0
  -4.8807851506361272e-03   3  12   9   1   0   0
  -4.6538754900578051e-03   3  12   9   2   0   0
  -2.6315955319547489e-03   3  12   9   6   0   0
  -7.3093968886280209e-04   3  12   9   7   0   0
  -1.8334232697119993e-03   3  12   9   8   0   0
  -1.1865257909642286e-01   3  12   9   9   0   0
   1.5443592188526167e-03   3  12   9  10   0   0
   9.1645240591219472e-03   3  12   9  11   0   0
   4.3500357378274315e-03   3  13   9   7   0   0
   9.7823113933919880e-04   3  13   9   8   0   0
   8.2660919346193365e-03   3  13   9  10   0   0
  -8.5031036309900579e-04   3  13   9  11   0   0
  -3.5869152421112425e-06   3  14   9   7   0   0
   4.4898213316870890e-03   3  14   9   8   0   0
  -1.5502673096749870e-03   3  14   9  10   0   0
   1.1591753843956554e-03   3  14   9  11   0   0
  -1.8843196936191568e-02   3   1  10   3   0   0
   8.9217559418211509e-02   3   1  10   4   0   0
  -5.1305112372803677e-02   3   1  10   5   0   0
   1.2326516141289630e-02   3   1  10  12   0   0
   6.7231705849809489e-02   3   1  10  13   0   0
  -3.5375543857377231e-03   3   1  10  14   0   0
   3.7556234246351433e-04   3   2  10   3   0   0
  -1.7781884739326943e-03   3   2  10   4   0   0
   1.0225583401973089e-03   3   2  10   5   0   0
   5.9367353422828104e-04   3   2  10  12   0   0
   3.2380344913802281e-03   3   2  10  13   0   0
  -1.7037680319671391e-04   3   2  10  14   0   0
  -6.7184487911747925e-03   3   3  10   1   0   0
  -1.3010535576837656e-03   3   3  10   2   0   0
   5.6211586368251094e-03   3   3  10   6   0   0
   2.7653894525029466e-02   3   3  10   7   0   0
  -5.5300297388159595e-03   3   3  10   8   0   0
  -6.8590528281172163e-03   3   3  10   9   0   0
   8.2120095759931233e-01   3   3  10  10   0   0
   3.3827432038100800e-03   3   3  10  11   0   0
   3.1810080118282881e-02   3   4  10   1   0   0
   6.1601448778563616e-03   3   4  10   2   0   0
  -2.6614701124144036e-02   3   4  10   6   0   0
   1.6464995311733663e-02   3   4  10   7   0   0
   1.2052326506802961e-02   3   4  10   8   0   0
   2.9629358388090402e-02   3   4  10   9   0   0
  -1.8508722911168677e-02   3   4  10  10   0   0
   5.1396151966875267e-03   3   4  10  11   0   0
  -1.8292584393686681e-02   3   5  10   1   0   0
  -3.5424296209413749e-03   3   5  10   2   0   0
   1.5304949393897788e-02   3   5  10   6   0   0
   1.5629864576242117e-02   3   5  10   7   0   0
  -8.3736858533661959e-03   3   5  10   8   0   0
  -2.2744868318424663e-02   3   5  10   9   0   0
  -2.2153371645322231e-02   3   5  10  10   0   0
   8.6879544398627754e-04   3   5  10  11   0   0
   1.1525632576543321e-02   3   6  10   3   0   0
  -5.4570825360065196e-02   3   6  10   4   0   0
   3.1381292490313149e-02   3   6  10   5   0   0
  -5.1642933946357359e-03   3   6  10  12   0   0
  -2.8167265628870290e-02   3   6  10  13   0   0
   1.4820869528767550e-03   3   6  10  14   0   0
   3.9867482616156656e-02   3   7  10   3   0   0
   1.1857437672631758e-02   3   7  10   4   0   0
  -1.0656642574470901e-02   3   7  10   5   0   0
  -2.8165703395146850e-02   3   7  10  12   0   0
   1.1693823303250597e-02   3   7  10  13   0   0
  -9.4007527055167753e-03   3   7  10  14   0   0
  -7.9724164811409790e-03   3   8  10   3   0   0
   3.9421271248672236e-02   3   8  10   4   0   0
  -2.7557828216536680e-02   3   8  10   5   0   0
   5.6323776475266790e-03   3   8  10  12   0   0
   3.8581290569531634e-02   3   8  10  13   0   0
  -5.4793235642252129e-03   3   8  10  14   0   0
  -9.8884144199206103e-03   3   9  10   3   0   0
   4.5398900018481854e-02   3   9  10   4   0   0
  -2.8953881044038874e-02   3   9  10   5   0   0
   6.9859978439398233e-03   3   9  10  12   0   0
   3.7979027257910483e-02   3   9  10  13   0   0
  -2.8798134692657436e-03   3   9  10  14   0   0
   1.0406520118507412e-01   3  10  10   3   0   0
  -2.6683264747408921e-02   3  10  10   4   0   0
  -3.1937604960479135e-02   3  10  10   5   0   0
  -6.7142276188232250e-02   3  10  10  12   0   0
  -6.6083922488703890e-03   3  10  10  13   0   0
  -2.8649708892970763e-02   3  10  10  14   0   0
   4.8767617794573583e-03   3  11  10   3   0   0
  -4.2497510913618378e-02   3  11  10   4   0   0
   2.9418075670824412e-02   3  11  10   5   0   0
  -3.4453498639847270e-03   3  11  10  12   0   0
  -4.6775926190003127e-02   3  11  10  13   0   0
   5.4293727242045306e-03   3  11  10  14   0   0
   1.3741327835988407e-03   3  12  10   1   0   0
   1.3102487989749452e-03   3  12  10   2   0   0
   7.4089753636458688e-04   3  12  10   6   0   0
  -6.2264496304555326e-03   3  12  10   7   0   0
   1.2451212465750486e-03   3  12  10   8   0   0
   1.5443592188526198e-03   3  12  10   9   0   0
  -1.2657243128640105e-01   3  12  10  10   0   0
  -7.6164607311367705e-04   3  12  10  11   0   0
   7.4948420175296755e-03   3  13  10   1   0   0
   7.1464038040466417e-03   3  13  10   2   0   0
   4.0410286782372028e-03   3  13  10   6   0   0
   1.7147738135000158e-03   3  13  10   7   0   0
   3.2729640161166806e-03   3  13  10   8   0   0
   8.2660919346193244e-03   3  13  10   9   0   0
  -1.4608838593028746e-03   3  13  10  10   0   0
   9.4363003563249120e-04   3  13  10  11   0   0
  -3.9435874658228702e-04   3  14  10   1   0   0
  -3.7602485017607134e-04   3  14  10   2   0   0
  -2.1262823161925123e-04   3  14  10   6   0   0
   4.8153272926903081e-03   3  14  10   7   0   0
  -4.5424032308661959e-04   3  14  10   8   0   0
  -1.5502673096749848e-03   3  14  10   9   0   0
  -6.3334462784989873e-03   3  14  10  10   0   0
   6.9783848234518788e-04   3  14  10  11   0   0
  -1.1181914775035523e-01   3   1  11   3   0   0
  -2.4426599982604245e-02   3   1  11   4   0   0
  -1.3531389242241077e-02   3   1  11   5   0   0
   7.3147912974504875e-02   3   1  11  12   0   0
  -1.0247987676028227e-02   3   1  11  13   0   0
  -1.5121486437061776e-02   3   1  11  14   0   0
   2.2286590329445828e-03   3   2  11   3   0   0
   4.8684472910570322e-04   3   2  11   4   0   0
   2.6969310238651002e-04   3   2  11   5   0   0
   3.5229727133958711e-03   3   2  11  12   0   0
  -4.9356679475525691e-04   3   2  11  13   0   0
  -7.2828576971592507e-04   3   2  11  14   0   0
  -3.9868564797020320e-02   3   3  11   1   0   0
  -7.7207015609088037e-03   3   3  11   2   0   0
   3.3357034385820591e-02   3   3  11   6   0   0
  -6.9035279944521669e-03   3   3  11   7   0   0
   1.3805185767783571e-03   3   3  11   8   0   0
  -4.0702936142519415e-02   3   3  11   9   0   0
   3.3827432038100870e-03   3   3  11  10   0   0
   8.3390695473824927e-01   3   3  11  11   0   0
  -8.7091835680195434e-03   3   4  11   1   0   0
  -1.6865670362147685e-03   3   4  11   2   0   0
   7.2867568027570849e-03   3   4  11   6   0   0
  -4.7956114710059781e-03   3   4  11   7   0   0
   1.7118695043964353e-02   3   4  11   8   0   0
  -1.0397984507864303e-03   3   4  11   9   0   0
   5.1396151966875310e-03   3   4  11  10   0   0
   6.8757141448897293e-03   3   4  11  11   0   0
  -4.8245499956985150e-03   3   5  11   1   0   0
  -9.3429274096303938e-04   3   5  11   2   0   0
   4.0365807227315141e-03   3   5  11   6   0   0
   6.1463523995994012e-03   3   5  11   7   0   0
   2.8660577160781037e-02   3   5  11   8   0   0
   6.2996945838931931e-03   3   5  11   9   0   0
   8.6879544398627494e-04   3   5  11  10   0   0
   1.2796384837563927e-02   3   5  11  11   0   0
   6.8395316164077832e-02   3   6  11   3   0   0
   1.4940777695368942e-02   3   6  11   4   0   0
   8.2766115104766433e-03   3   6  11   5   0   0
  -3.0645908339037235e-02   3   6  11  12   0   0
   4.2934771233815693e-03   3   6  11  13   0   0
   6.3352687514366063e-03   3   6  11  14   0   0
  -9.9525324384190216e-03   3   7  11   3   0   0
   2.2328994179420112e-02   3   7  11   4   0   0
  -1.1527813236959004e-02   3   7  11   5   0   0
   7.0312961415197675e-03   3   7  11  12   0   0
   2.4288330832229057e-02   3   7  11  13   0   0
  -1.0471246966945306e-03   3   7  11  14   0   0
   1.9902368655950260e-03   3   8  11   3   0   0
   1.9683374003661965e-03   3   8  11   4   0   0
   1.5705471153191836e-02   3   8  11   5   0   0
  -1.4060687448502430e-03   3   8  11  12   0   0
  -5.3833035078591296e-03   3   8  11  13   0   0
   4.3942696565789788e-03   3   8  11  14   0   0
  -5.8679749343070617e-02   3   9  11   3   0   0
  -8.9011421327343573e-03   3   9  11   4   0   0
  -1.5005062387644548e-03   3   9  11   5   0   0
   4.1456252234714698e-02   3   9  11  12   0   0
  -5.4652937677731710e-03   3   9  11  13   0   0
  -6.1566488124368867e-03   3   9  11  14   0   0
   4.8767617794578753e-03   3  10  11   3   0   0
   5.7316654692606835e-02   3  10  11   4   0   0
  -2.6913062336897126e-02   3  10  11   5   0   0
  -3.4453498639849191e-03   3  10  11  12   0   0
   5.5313055782565339e-02   3  10  11  13   0   0
   8.8405238255755613e-04   3  10  11  14   0   0
   1.2238291479314965e-01   3  11  11   3   0   0
   9.9124343552021554e-03   3  11  11   4   0   0
   1.8448021836471724e-02   3  11  11   5   0   0
  -8.0083431598762703e-02   3  11  11  12   0   0
   3.5129978561574267e-04   3  11  11  13   0   0
   1.4791310327608519e-02   3  11  11  14   0   0
   8.1543677157417237e-03   3  12  11   1   0   0
   7.7752678878447003e-03   3  12  11   2   0   0
   4.3966282031211706e-03   3  12  11   6   0   0
   1.5543730844489155e-03   3  12  11   7   0   0
  -3.1083250767603894e-04   3  12  11   8   0   0
   9.1645240591219559e-03   3  12  11   9   0   0
  -7.6164607311369819e-04   3  12  11  10   0   0
  -1.2943326707640820e-01   3  12  11  11   0   0
  -1.1424230228666923e-03   3  13  11   1   0   0
  -1.0893113180170651e-03   3  13  11   2   0   0
  -6.1596551165254423e-04   3  13  11   6   0   0
  -1.5889106779804793e-03   3  13  11   7   0   0
   5.1911185659151392e-04   3  13  11   8   0   0
  -8.5031036309900546e-04   3  13  11   9   0   0
   9.4363003563248990e-04   3  13  11  10   0   0
   7.7660067268450303e-05   3  13  11  11   0   0
  -1.6857098965951331e-03   3  14  11   1   0   0
  -1.6073405669352699e-03   3  14  11   2   0   0
  -9.0889201125206472e-04   3  14  11   6   0   0
   7.4592332581654422e-04   3  14  11   7   0   0
   7.4986282291325743e-03   3  14  11   8   0   0
   1.1591753843956543e-03   3  14  11   9   0   0
   6.9783848234518885e-04   3  14  11  10   0   0
   3.2698401822679906e-03   3  14  11  11   0   0
  -6.7090387385084480e-02   3   1  12   1   0   0
  -8.1826516042812533e-02   3   1  12   2   0   0
  -8.2923663562753186e-02   3   1  12   6   0   0
  -2.9822226392018348e-03   3   1  12   7   0   0
  -7.4803386181985926e-03   3   1  12   8   0   0
  -2.2380399435078628e-02   3   1  12   9   0   0
   6.3009617560754894e-03   3   1  12  10   0   0
   3.7391116590131092e-02   3   1  12  11   0   0
  -1.5427899352110227e-02   3   2  12   1   0   0
  -3.6720043133886841e-04   3   2  12   2   0   0
   1.3798215920240239e-02   3   2  12   6   0   0
  -2.6414109925208475e-03   3   2  12   7   0   0
  -6.6254773852753726e-03   3   2  12   8   0   0
  -1.9822743046657893e-02   3   2  12   9   0   0
   5.5808809936489902e-03   3   2  12  10   0   0
   3.3118019119536414e-02   3   2  12  11   0   0
  -1.0434576916929933e-01   3   3  12   3   0   0
   8.7324122873789001e-01   3   3  12  12   0   0
   6.0548781137506830e-04   3   4  12   4   0   0
  -2.9449109557396474e-02   3   4  12  13   0   0
  -1.4933502442740533e-02   3   4  12  14   0   0
   6.0548781137509161e-04   3   5  12   5   0   0
   1.4933502442740344e-02   3   5  12  13   0   0
  -2.9449109557396679e-02   3   5  12  14   0   0
   2.2151881982322246e-02   3   6  12   1   0   0
   3.5210272246669436e-02   3   6  12   2   0   0
   3.4644416417307089e-02   3   6  12   6   0   0
   4.9684093760601542e-04   3   6  12   7   0   0
   1.2462310505666860e-03   3   6  12   8   0   0
   3.7285944024279603e-03   3   6  12   9   0   0
  -1.0497458189594052e-03   3   6  12  10   0   0
  -6.2293931984060743e-03   3   6  12  11   0   0
  -5.5618808097395731e-03   3   7  12   1   0   0
  -4.7539093988907717e-03   3   7  12   2   0   0
  -4.6339207175265969e-03   3   7  12   6   0   0
  -2.5253355714073132e-02   3   7  12   7   0   0
  -8.6540877496413815e-03   3   7  12   8   0   0
  -2.4893681830877867e-03   3   7  12   9   0   0
  -2.1205478153429925e-02   3   7  12  10   0   0
   5.2937430543624989e-03   3   7  12  11   0   0
  -1.3950920787740973e-02   3   8  12   1   0   0
  -1.1924278085910241e-02   3   8  12   2   0   0
  -1.1623309286613844e-02   3   8  12   6   0   0
  -8.6540877496411681e-03   3   8  12   7   0   0
  -6.6799073307067164e-02   3   8  12   8   0   0
  -6.2441068986889914e-03   3   8  12   9   0   0
   4.2405211572693908e-03   3   8  12  10   0   0
  -1.0586051991259956e-03   3   8  12  11   0   0
  -4.1739712017472050e-02   3   9  12   1   0   0
  -3.5676206674437022e-02   3   9  12   2   0   0
  -3.4775739156915383e-02   3   9  12   6   0   0
  -2.4893681830877941e-03   3   9  12   7   0   0
  -6.2441068986890244e-03   3   9  12   8   0   0
  -3.1166212416981778e-02   3   9  12   9   0   0
   5.2596387379801888e-03   3   9  12  10   0   0
   3.1211705908889088e-02   3   9  12  11   0   0
   1.1751368866074590e-02   3  10  12   1   0   0
   1.0044253879809383e-02   3  10  12   2   0   0
   9.7907368946925678e-03   3  10  12   6   0   0
  -2.1205478153429963e-02   3  10  12   7   0   0
   4.2405211572692008e-03   3  10  12   8   0   0
   5.2596387379801645e-03   3  10  12   9   0   0
  -5.8138927617550892e-02   3  10  12  10   0   0
  -2.5939452051548430e-03   3  10  12  11   0   0
   6.9734878638383638e-02   3  11  12   1   0   0
   5.9604530612916776e-02   3  11  12   2   0   0
   5.8100112158235684e-02   3  11  12   6   0   0
   5.2937430543624417e-03   3  11  12   7   0   0
  -1.0586051991261817e-03   3  11  12   8   0   0
   3.1211705908888249e-02   3  11  12   9   0   0
  -2.5939452051546180e-03   3  11  12  10   0   0
  -6.7882103013817377e-02   3  11  12  11   0   0
   8.4826689301384636e-02   3  12  12   3   0   0
  -2.6106324215000309e-01   3  12  12  12   0   0
  -1.0766326546847692e-02   3  13  12   4   0   0
   5.4595526385384195e-03   3  13  12   5   0   0
  -2.3990941046826707e-02   3  13  12  13   0   0
  -5.4595526385384308e-03   3  14  12   4   0   0
  -1.0766326546847657e-02   3  14  12   5   0   0
  -2.3990941046826822e-02   3  14  12  14   0   0
   1.6701754014044102e-02   3   1  13   7   0   0
  -3.8950401762036738e-03   3   1  13   8   0   0
   3.4366921074833752e-02   3   1  13  10   0   0
  -5.2384775781935443e-03   3   1  13  11   0   0
   1.4793059400448560e-02   3   2  13   7   0   0
  -3.4499107486114355e-03   3   2  13   8   0   0
   3.0439431956850088e-02   3   2  13  10   0   0
  -4.6398186631759191e-03   3   2  13  11   0   0
   9.4144121444330833e-02   3   3  13   4   0   0
  -4.7740033185670862e-02   3   3  13   5   0   0
   8.0720307161851235e-01   3   3  13  13   0   0
  -5.4002345524638154e-04   3   4  13   3   0   0
  -2.9449109557396470e-02   3   4  13  12   0   0
   2.7384330831266659e-04   3   5  13   3   0   0
   1.4933502442740340e-02   3   5  13  12   0   0
  -2.7825270370234151e-03   3   6  13   7   0   0
   6.4891714914883927e-04   3   6  13   8   0   0
  -5.7255595424027641e-03   3   6  13  10   0   0
   8.7273501225726131e-04   3   6  13  11   0   0
   3.1148970542509601e-02   3   7  13   1   0   0
   2.6623976473660011e-02   3   7  13   2   0   0
   2.5951987261898499e-02   3   7  13   6   0   0
  -3.1794237215769408e-03   3   7  13   7   0   0
  -1.3046671246953700e-02   3   7  13   8   0   0
   1.5299247179122340e-02   3   7  13   9   0   0
   7.8314742431712433e-03   3   7  13  10   0   0
   1.0510289224372589e-02   3   7  13  11   0   0
  -7.2642964091341432e-03   3   8  13   1   0   0
  -6.2090160068224154e-03   3   8  13   2   0   0
  -6.0523004321835928e-03   3   8  13   6   0   0
  -3.3904342041438960e-02   3   8  13   7   0   0
   7.8902820187070968e-03   3   8  13   8   0   0
   6.9816885135417211e-03   3   8  13   9   0   0
   2.3173470832798415e-02   3   8  13  10   0   0
  -2.1429534652127736e-03   3   8  13  11   0   0
   1.4330668191570245e-02   3   9  13   7   0   0
  -3.1854650311028830e-04   3   9  13   8   0   0
   2.8448775090236175e-02   3   9  13  10   0   0
  -3.7147924189177995e-03   3   9  13  11   0   0
   6.4094717913854973e-02   3  10  13   1   0   0
   5.4783712980032914e-02   3  10  13   2   0   0
   5.3400971970655874e-02   3  10  13   6   0   0
   3.8485684130440331e-03   3  10  13   7   0   0
  -8.7994207726381003e-04   3  10  13   8   0   0
   2.7855039230024789e-02   3  10  13   9   0   0
  -4.9753459197067855e-03   3  10  13  10   0   0
   2.9033926443732934e-02   3  10  13  11   0   0
  -9.7698231954285036e-03   3  11  13   1   0   0
  -8.3505662747964289e-03   3  11  13   2   0   0
  -8.1397979677287329e-03   3  11  13   6   0   0
  -2.1333025348297396e-02   3  11  13   7   0   0
   5.6788417442387934e-03   3  11  13   8   0   0
  -2.0770276064573079e-03   3  11  13   9   0   0
  -2.2606467042904223e-02   3  11  13  10   0   0
   2.6448762257651241e-04   3  11  13  11   0   0
  -5.4122712700718653e-02   3  12  13   4   0   0
   2.7445368449889727e-02   3  12  13   5   0   0
  -2.1308136005635009e-01   3  12  13  13   0   0
   1.2071474737012406e-02   3  13  13   3   0   0
  -2.3990941046826721e-02   3  13  13  12   0   0
  -7.3829763806947885e-03   3   1  14   7   0   0
  -3.7217210467741541e-02   3   1  14   8   0   0
  -1.8082964106870933e-03   3   1  14  10   0   0
  -7.7296704634803384e-03   3   1  14  11   0   0
  -6.5392418101648860e-03   3   2  14   7   0   0
  -3.2963987177954214e-02   3   2  14   8   0   0
  -1.6016423301659442e-03   3   2  14  10   0   0
  -6.8463153161043436e-03   3   2  14  11   0   0
   4.7740033185670716e-02   3   3  14   4   0   0
   9.4144121444330750e-02   3   3  14   5   0   0
   8.0720307161851224e-01   3   3  14  14   0   0
  -2.7384330831260864e-04   3   4  14   3   0   0
  -1.4933502442740530e-02   3   4  14  12   0   0
  -5.4002345524631150e-04   3   5  14   3   0   0
  -2.9449109557396675e-02   3   5  14  12   0   0
   1.2300104154159060e-03   3   6  14   7   0   0
   6.2004202841211284e-03   3   6  14   8   0   0
   3.0126378639384465e-04   3   6  14  10   0   0
   1.2877699572050555e-03   3   6  14  11   0   0
  -1.3769339052948056e-02   3   7  14   1   0   0
  -1.1769074631318602e-02   3   7  14   2   0   0
  -1.1472023167481532e-02   3   7  14   6   0   0
   2.2445190347581346e-02   3   7  14   7   0   0
  -4.8358301413840747e-03   3   7  14   8   0   0
   3.3982080182391019e-03   3   7  14   9   0   0
   6.2600513092858406e-04   3   7  14  10   0   0
   3.0391436741696926e-04   3   7  14  11   0   0
  -6.9410541644862531e-02   3   8  14   1   0   0
  -5.9327309878663380e-02   3   8  14   2   0   0
  -5.7829888475788439e-02   3   8  14   6   0   0
   3.1599007422336138e-03   3   8  14   7   0   0
  -1.2011438209513114e-02   3   8  14   8   0   0
   4.0995586875179311e-02   3   8  14   9   0   0
  -3.2792705549166820e-03   3   8  14  10   0   0
   1.0602698246441049e-02   3   8  14  11   0   0
  -3.4226400002895542e-03   3   9  14   7   0   0
  -1.0413533277187918e-02   3   9  14   8   0   0
  -3.1891808323405760e-03   3   9  14  10   0   0
  -1.8188524271058799e-03   3   9  14  11   0   0
  -3.3724943847967003e-03   3  10  14   1   0   0
  -2.8825739533138391e-03   3  10  14   2   0   0
  -2.8098177817987161e-03   3  10  14   6   0   0
   3.2173205901727883e-02   3  10  14   7   0   0
   1.8524946125664821e-04   3  10  14   8   0   0
  -7.3703391247444258e-03   3  10  14   9   0   0
  -2.1569877645473655e-02   3  10  14  10   0   0
   1.2270392865810869e-03   3  10  14  11   0   0
  -1.4415927654532317e-02   3  11  14   1   0   0
  -1.2321733657183415e-02   3  11  14   2   0   0
  -1.2010733078587741e-02   3  11  14   6   0   0
   4.7768818257670886e-03   3  11  14   7   0   0
   4.0473599332769901e-02   3  11  14   8   0   0
   9.7144814769459208e-03   3  11  14   9   0   0
   3.5262308979592937e-03   3  11  14  10   0   0
   1.1136125507405148e-02   3  11  14  11   0   0
  -2.7445368449889884e-02   3  12  14   4   0   0
  -5.4122712700718750e-02   3  12  14   5   0   0
  -2.1308136005634967e-01   3  12  14  14   0   0
   1.2071474737012386e-02   3  14  14   3   0   0
  -2.3990941046826825e-02   3  14  14  12   0   0
   1.4938476219430502e-01   4   1   4   1   0   0
  -3.0362826490382580e-03   4   2   4   1   0   0
   1.1049797542794837e-02   4   2   4   2   0   0
   4.8588863633190017e-02   4   3   4   3   0   0
   7.8002938128860633e-01   4   4   4   4   0   0
   4.8588863633190239e-02   4   5   4   5   0   0
  -8.3876965125030803e-02   4   6   4   1   0   0
   2.3149985787163430e-03   4   6   4   2   0   0
   5.9250647012987476e-02   4   6   4   6   0   0
   8.8629292579783872e-02   4   7   4   1   0   0
   1.3029660583543767e-02   4   7   4   2   0   0
  -4.9762827945914752e-02   4   7   4   6   0   0
   1.1170583325263128e-01   4   7   4   7   0   0
  -3.3748451182067131e-02   4   8   4   1   0   0
  -4.9614619650357192e-03   4   8   4   2   0   0
   1.8948795829578691e-02   4   8   4   6   0   0
  -4.1806886843075673e-02   4   8   4   7   0   0
   6.2578993800411292e-02   4   8   4   8   0   0
   9.5450708563699343e-04   4   9   4   1   0   0
   1.4032497595821764e-04   4   9   4   2   0   0
  -5.3592859079792704e-04   4   9   4   6   0   0
  -2.9977024454219299e-02   4   9   4   7   0   0
  -3.0368019401309891e-03   4   9   4   8   0   0
   9.6089610073804066e-02   4   9   4   9   0   0
  -3.3826152101662198e-02   4  10   4   1   0   0
  -4.9728850124266836e-03   4  10   4   2   0   0
   1.8992422686800358e-02   4  10   4   6   0   0
  -8.3484903036326538e-03   4  10   4   7   0   0
  -3.6108267039982309e-02   4  10   4   8   0   0
   2.0100535533876390e-02   4  10   4   9   0   0
   1.0367581435264471e-01   4  10   4  10   0   0
   8.5753066629877583e-02   4  11   4   1   0   0
   1.2606817900295362e-02   4  11   4   2   0   0
  -4.8147908849613660e-02   4  11   4   6   0   0
   4.2042924159165482e-02   4  11   4   7   0   0
  -1.3735616076631185e-02   4  11   4   8   0   0
   3.8551867846477600e-02   4  11   4   9   0   0
  -3.2428396173764765e-02   4  11   4  10   0   0
   1.0908751297652518e-01   4  11   4  11   0   0
   2.5651479731185686e-03   4  12   4   3   0   0
   1.4586625643646507e-02   4  12   4  12   0   0
   3.4181918790168540e-02   4  13   4   4   0   0
   1.1601366601828359e-03   4  13   4   5   0   0
   9.2806980330088371e-02   4  13   4  13   0   0
   1.7333487342143409e-02   4  14   4   4   0   0
  -2.2878083516093173e-03   4  14   4   5   0   0
   3.9665167311947178e-02   4  14   4  13   0   0
   3.4700642055253007e-02   4  14   4  14   0   0
   3.8657481305957399e-02   4   1   5   7   0   0
   3.4784842678280445e-03   4   1   5   8   0   0
  -9.3179267745447103e-02   4   1   5   9   0   0
  -2.5658787371905765e-02   4   1   5  10   0   0
  -4.7669310245136660e-02   4   1   5  11   0   0
   5.6831533432118476e-03   4   2   5   7   0   0
   5.1138250160571834e-04   4   2   5   8   0   0
  -1.3698566205449202e-02   4   2   5   9   0   0
  -3.7721760008440001e-03   4   2   5  10   0   0
  -7.0080095944197243e-03   4   2   5  11   0   0
   6.8285165402222647e-01   4   4   5   5   0   0
  -1.9653760662513380e-02   4   4   5  13   0   0
   3.8757535493394418e-02   4   4   5  14   0   0
   4.8588863633190239e-02   4   5   5   4   0   0
  -2.2878083516092830e-03   4   5   5  13   0   0
  -1.1601366601829207e-03   4   5   5  14   0   0
  -2.1705076674497489e-02   4   6   5   7   0   0
  -1.9530700188843686e-03   4   6   5   8   0   0
   5.2317509640155843e-02   4   6   5   9   0   0
   1.4406679599066914e-02   4   6   5  10   0   0
   2.6764962406686472e-02   4   6   5  11   0   0
   3.8657481305956046e-02   4   7   5   1   0   0
   5.6831533432117930e-03   4   7   5   2   0   0
  -2.1705076674497833e-02   4   7   5   6   0   0
  -1.5061141653052524e-02   4   7   5   7   0   0
  -1.5049415566305388e-02   4   7   5   8   0   0
  -5.8863753125022934e-02   4   7   5   9   0   0
  -1.7718198134214453e-02   4   7   5  10   0   0
  -1.0378268281327067e-02   4   7   5  11   0   0
   3.4784842678284391e-03   4   8   5   1   0   0
   5.1138250160571151e-04   4   8   5   2   0   0
  -1.9530700188845442e-03   4   8   5   6   0   0
   1.8395837425848739e-03   4   8   5   7   0   0
   4.6836290767282199e-02   4   8   5   8   0   0
   1.8088306697896229e-02   4   8   5   9   0   0
   1.3485232672221742e-02   4   8   5  10   0   0
   2.0417697095025181e-02   4   8   5  11   0   0
  -9.3179267745446326e-02   4   9   5   1   0   0
  -1.3698566205449361e-02   4   9   5   2   0   0
   5.2317509640155455e-02   4   9   5   6   0   0
   4.4074690169657434e-02   4   9   5   7   0   0
  -2.4965932760219627e-03   4   9   5   8   0   0
   5.2514139044529118e-02   4   9   5   9   0   0
  -2.5382010577389359e-02   4   9   5  10   0   0
  -2.4139186962937348e-02   4   9   5  11   0   0
  -2.5658787371905217e-02   4  10   5   1   0   0
  -3.7721760008440266e-03   4  10   5   2   0   0
   1.4406679599067202e-02   4  10   5   6   0   0
  -2.0359098237157331e-02   4  10   5   7   0   0
  -5.1952211982994108e-02   4  10   5   8   0   0
   2.5058042645500152e-02   4  10   5   9   0   0
  -4.2154774548594828e-02   4  10   5  10   0   0
  -7.2260205173131165e-03   4  10   5  11   0   0
  -4.7669310245135654e-02   4  11   5   1   0   0
  -7.0080095944198223e-03   4  11   5   2   0   0
   2.6764962406686466e-02   4  11   5   6   0   0
   5.5059176373888449e-02   4  11   5   7   0   0
   1.7776796992081522e-02   4  11   5   8   0   0
  -3.6731059661038117e-02   4  11   5   9   0   0
  -2.4115019826203794e-02   4  11   5  10   0   0
  -4.2134513610163446e-02   4  11   5  11   0   0
   1.1601366601828203e-03   4  13   5   4   0   0
   3.8757535493386973e-02   4  13   5   5   0   0
  -3.9665167311947476e-02   4  13   5  13   0   0
   6.3633729042795184e-02   4  13   5  14   0   0
  -2.2878083516093294e-03   4  14   5   4   0   0
   1.9653760662508981e-02   4  14   5   5   0   0
  -5.5273907679599960e-03   4  14   5  13   0   0
   3.9665167311947080e-02   4  14   5  14   0   0
  -8.3032054411315448e-02   4   1   6   4   0   0
   4.1367853805980966e-02   4   1   6  13   0   0
   2.0977440579603986e-02   4   1   6  14   0   0
   7.2485054362039477e-03   4   2   6   4   0   0
   3.2395054297384727e-02   4   2   6  13   0   0
   1.6427376914056827e-02   4   2   6  14   0   0
  -9.1934938771201097e-03   4   3   6   7   0   0
   1.6153472936285981e-02   4   3   6   8   0   0
  -2.3732415657019564e-02   4   3   6  10   0   0
   6.4976247686571644e-03   4   3   6  11   0   0
   4.1715782933290979e-02   4   4   6   1   0   0
   1.4429210463157488e-01   4   4   6   2   0   0
   7.6526847659225905e-01   4   4   6   6   0   0
  -2.3860776866768470e-02   4   4   6   7   0   0
   9.0857575392404299e-03   4   4   6   8   0   0
  -2.5697238379330986e-04   4   4   6   9   0   0
   9.1066761796904233e-03   4   4   6  10   0   0
  -2.3086439358124346e-02   4   4   6  11   0   0
  -1.0407366558210484e-02   4   5   6   7   0   0
  -9.3647748428654675e-04   4   5   6   8   0   0
   2.5085721115076696e-02   4   5   6   9   0   0
   6.9078583652436507e-03   4   5   6  10   0   0
   1.2833531014907442e-02   4   5   6  11   0   0
   5.8525555145418448e-02   4   6   6   4   0   0
   2.5925676398462997e-03   4   6   6  13   0   0
   1.3146786359412859e-03   4   6   6  14   0   0
  -1.8354884252618251e-02   4   7   6   3   0   0
  -4.7638232365285943e-02   4   7   6   4   0   0
  -2.0778390795030417e-02   4   7   6   5   0   0
  -1.2346920213131074e-02   4   7   6  12   0   0
   2.2259067391989341e-02   4   7   6  13   0   0
   2.6959006777753119e-02   4   7   6  14   0   0
   3.2250538259585591e-02   4   8   6   3   0   0
   1.8139787790053385e-02   4   8   6   4   0   0
  -1.8696848074313251e-03   4   8   6   5   0   0
   2.1694215950440226e-02   4   8   6  12   0   0
  -1.1451760847724483e-02   4   8   6  13   0   0
  -4.3969738015730842e-03   4   8   6  14   0   0
  -5.1304742502529088e-04   4   9   6   4   0   0
   5.0083843380436782e-02   4   9   6   5   0   0
   1.5544868882073964e-02   4   9   6  13   0   0
  -2.9891658145849122e-02   4   9   6  14   0   0
  -4.7381958180633385e-02   4  10   6   3   0   0
   1.8181552023467759e-02   4  10   6   4   0   0
   1.3791594623571452e-02   4  10   6   5   0   0
  -3.1872783785860351e-02   4  10   6  12   0   0
  -6.7121677572278948e-03   4  10   6  13   0   0
  -1.3805646032693325e-02   4  10   6  14   0   0
   1.2972559958130413e-02   4  11   6   3   0   0
  -4.6092261319501643e-02   4  11   6   4   0   0
   2.5622247589378536e-02   4  11   6   5   0   0
   8.7263510114615542e-03   4  11   6  12   0   0
   3.5448084758919231e-02   4  11   6  13   0   0
  -1.3493344605040555e-03   4  11   6  14   0   0
  -2.1677589133069627e-03   4  12   6   7   0   0
   3.8088712959979927e-03   4  12   6   8   0   0
  -5.5959308030697884e-03   4  12   6  10   0   0
   1.5320926076466536e-03   4  12   6  11   0   0
   8.3720768439227961e-02   4  13   6   1   0   0
   5.4536261217577583e-02   4  13   6   2   0   0
   1.6414869561349174e-01   4  13   6   6   0   0
   3.9080427270898393e-03   4  13   6   7   0   0
  -2.0105950489834176e-03   4  13   6   8   0   0
   2.7292253852477981e-03   4  13   6   9   0   0
  -1.1784608009265108e-03   4  13   6  10   0   0
   6.2236493286875151e-03   4  13   6  11   0   0
   4.2454400787860169e-02   4  14   6   1   0   0
   2.7655076922557507e-02   4  14   6   2   0   0
   8.3239017537663967e-02   4  14   6   6   0   0
   4.7332149416682368e-03   4  14   6   7   0   0
  -7.7198029835810506e-04   4  14   6   8   0   0
  -5.2481029488049159e-03   4  14   6   9   0   0
  -2.4238686024312434e-03   4  14   6  10   0   0
  -2.3690375845158537e-04   4  14   6  11   0   0
   3.4561213577950632e-02   4   1   7   3   0   0
   8.9700109278424228e-02   4   1   7   4   0   0
   3.9124539942045476e-02   4   1   7   5   0   0
  -2.2608655976678618e-02   4   1   7  12   0   0
   4.0758957565140815e-02   4   1   7  13   0   0
   4.9365096654869232e-02   4   1   7  14   0   0
  -6.8883695127054331e-04   4   2   7   3   0   0
  -1.7878061389431971e-03   4   2   7   4   0   0
  -7.7978826619484179e-04   4   2   7   5   0   0
  -1.0888851759878007e-03   4   2   7  12   0   0
   1.9630456904283933e-03   4   2   7  13   0   0
   2.3775372589214974e-03   4   2   7  14   0   0
   1.2322629985272261e-02   4   3   7   1   0   0
   2.3863248914568155e-03   4   3   7   2   0   0
  -1.0310037349856891e-02   4   3   7   6   0   0
   9.5402050565906709e-03   4   3   7   7   0   0
  -2.7798492661012898e-02   4   3   7   8   0   0
   1.7224008603443253e-02   4   3   7   9   0   0
   1.6464995311733673e-02   4   3   7  10   0   0
  -4.7956114710059842e-03   4   3   7  11   0   0
   3.1982130887374616e-02   4   4   7   1   0   0
   6.1934631738182469e-03   4   4   7   2   0   0
  -2.6758651714036481e-02   4   4   7   6   0   0
   8.2024518021707538e-01   4   4   7   7   0   0
  -2.7328520605607844e-02   4   4   7   8   0   0
  -1.9595521033818102e-02   4   4   7   9   0   0
  -5.4572800444318585e-03   4   4   7  10   0   0
   2.7482814578289563e-02   4   4   7  11   0   0
   1.3949661459729853e-02   4   5   7   1   0   0
   2.7014058207164501e-03   4   5   7   2   0   0
  -1.1671334028496062e-02   4   5   7   6   0   0
  -9.8452372585025628e-03   4   5   7   7   0   0
  -4.3175322112143323e-03   4   5   7   8   0   0
  -4.8336917937752922e-03   4   5   7   9   0   0
  -1.2445272263357263e-02   4   5   7  10   0   0
   1.4603612104247111e-02   4   5   7  11   0   0
  -2.1139716919999062e-02   4   6   7   3   0   0
  -5.4865981877692940e-02   4   6   7   4   0   0
  -2.3930921787066042e-02   4   6   7   5   0   0
   9.4720788407398615e-03   4   6   7  12   0   0
  -1.7076294138034760e-02   4   6   7  13   0   0
  -2.0681905548830353e-02   4   6   7  14   0   0
   1.3753721339464583e-02   4   7   7   3   0   0
   1.0268729623433880e-01   4   7   7   4   0   0
  -1.4193473722119647e-02   4   7   7   5   0   0
  -9.7167719255458786e-03   4   7   7  12   0   0
   6.3549849278585147e-02   4   7   7  13   0   0
   2.0982796898138891e-02   4   7   7  14   0   0
  -2.3461759181875746e-02   4   8   7   3   0   0
  -3.9398404415813985e-02   4   8   7   4   0   0
   2.3786663577144368e-03   4   8   7   5   0   0
   1.3499559237526736e-02   4   8   7  12   0   0
  -2.6305261265813711e-02   4   8   7  13   0   0
  -9.6693101819259088e-03   4   8   7  14   0   0
   2.9208773354739898e-02   4   9   7   3   0   0
  -2.8250056911991575e-02   4   9   7   4   0   0
   4.5467203675449611e-02   4   9   7   5   0   0
  -2.1445933889917290e-02   4   9   7  12   0   0
  -3.6718396722446416e-02   4   9   7  13   0   0
   2.8280244577261637e-02   4   9   7  14   0   0
   1.1857437672631576e-02   4  10   7   3   0   0
  -7.8675362381951351e-03   4  10   7   4   0   0
  -1.9287083448640722e-02   4  10   7   5   0   0
  -6.1778380563249653e-03   4  10   7  12   0   0
   1.3179216323435017e-03   4  10   7  13   0   0
  -1.4888734493036786e-02   4  10   7  14   0   0
   2.2328994179420102e-02   4  11   7   3   0   0
   3.9620843691702552e-02   4  11   7   4   0   0
   5.4386559167586987e-02   4  11   7   5   0   0
  -2.1188734118183877e-02   4  11   7  12   0   0
   4.7965255951196569e-03   4  11   7  13   0   0
   5.2432355918430408e-02   4  11   7  14   0   0
  -2.5203630137306762e-03   4  12   7   1   0   0
  -2.4031903256634714e-03   4  12   7   2   0   0
  -1.3589157975888830e-03   4  12   7   6   0   0
  -2.1480376369886378e-03   4  12   7   7   0   0
   6.2590068172758946e-03   4  12   7   8   0   0
  -3.8780947076661404e-03   4  12   7   9   0   0
  -3.7071980541984427e-03   4  12   7  10   0   0
   1.0797623186285011e-03   4  12   7  11   0   0
   4.5437185311399285e-03   4  13   7   1   0   0
   4.3324792329856431e-03   4  13   7   2   0   0
   2.4498577618084754e-03   4  13   7   6   0   0
   1.1369824622930198e-01   4  13   7   7   0   0
  -5.0482572579204719e-03   4  13   7   8   0   0
  -3.4428107938065350e-03   4  13   7   9   0   0
   1.7142544007466229e-04   4  13   7  10   0   0
   4.0317974996638686e-03   4  13   7  11   0   0
   5.5031119013229449e-03   4  14   7   1   0   0
   5.2472700203319766e-03   4  14   7   2   0   0
   2.9671383280368831e-03   4  14   7   6   0   0
   5.5170397020824435e-02   4  14   7   7   0   0
  -3.6499120643910380e-03   4  14   7   8   0   0
  -2.9661028117939628e-03   4  14   7   9   0   0
  -3.0548914215808311e-03   4  14   7  10   0   0
   5.7312005276938180e-03   4  14   7  11   0   0
  -6.0725947679805825e-02   4   1   8   3   0   0
  -3.4156199049922814e-02   4   1   8   4   0   0
   3.5205112199961663e-03   4   1   8   5   0   0
   3.9724648466233872e-02   4   1   8  12   0   0
  -2.0969514410406721e-02   4   1   8  13   0   0
  -8.0513736464023055e-03   4   1   8  14   0   0
   1.2103243009227874e-03   4   2   8   3   0   0
   6.8076463714081877e-04   4   2   8   4   0   0
  -7.0167044633053785e-05   4   2   8   5   0   0
   1.9132309713955401e-03   4   2   8  12   0   0
  -1.0099403260728453e-03   4   2   8  13   0   0
  -3.8777278131656525e-04   4   2   8  14   0   0
  -2.1651536687955740e-02   4   3   8   1   0   0
  -4.1929037063120241e-03   4   3   8   2   0   0
   1.8115301051919681e-02   4   3   8   6   0   0
  -2.7798492661012902e-02   4   3   8   7   0   0
   2.0928037096885348e-03   4   3   8   8   0   0
   1.2893587507813813e-02   4   3   8   9   0   0
   1.2052326506802968e-02   4   3   8  10   0   0
   1.7118695043964367e-02   4   3   8  11   0   0
  -1.2178224055883200e-02   4   4   8   1   0   0
  -2.3583601254786009e-03   4   4   8   2   0   0
   1.0189216508257225e-02   4   4   8   6   0   0
  -2.7328520605607826e-02   4   4   8   7   0   0
   7.8813171888000455e-01   4   4   8   8   0   0
  -1.9851108432813458e-03   4   4   8   9   0   0
  -2.3603420257980678e-02   4   4   8  10   0   0
  -8.9787615229501901e-03   4   4   8  11   0   0
   1.2552208858398486e-03   4   5   8   1   0   0
   2.4307837269612833e-04   4   5   8   2   0   0
  -1.0502120270427266e-03   4   5   8   6   0   0
  -4.3175322112143331e-03   4   5   8   7   0   0
   3.0616164799075918e-02   4   5   8   8   0   0
   5.0960319423664323e-03   4   5   8   9   0   0
  -1.2572637143203984e-02   4   5   8  10   0   0
   1.2483577437830200e-02   4   5   8  11   0   0
   3.7143641983359489e-02   4   6   8   3   0   0
   2.0891985674923667e-02   4   6   8   4   0   0
  -2.1533564044720079e-03   4   6   8   5   0   0
  -1.6642961995662179e-02   4   6   8  12   0   0
   8.7853472560374627e-03   4   6   8  13   0   0
   3.3731879521562516e-03   4   6   8  14   0   0
  -5.6690128424061834e-02   4   7   8   3   0   0
  -3.9398404415813756e-02   4   7   8   4   0   0
  -1.4827483664043737e-02   4   7   8   5   0   0
   4.3126396170931836e-02   4   7   8  12   0   0
  -1.9366903459810896e-02   4   7   8  13   0   0
  -2.3351864556617866e-02   4   7   8  14   0   0
   3.0171090527418925e-03   4   8   8   3   0   0
   5.6390639521429295e-02   4   8   8   4   0   0
   4.4138065862506681e-02   4   8   8   5   0   0
  -2.1315366086320951e-03   4   8   8  12   0   0
   1.5740244060098503e-02   4   8   8  13   0   0
   4.2944736220217626e-02   4   8   8  14   0   0
   5.1582589590031348e-02   4   9   8   3   0   0
  -2.8618526755436915e-03   4   9   8   4   0   0
  -3.1389874447974005e-03   4   9   8   5   0   0
  -4.2550475521349544e-02   4   9   8  12   0   0
   7.7671743214234942e-05   4   9   8  13   0   0
  -4.6236311752280677e-03   4   9   8  14   0   0
   3.9421271248672417e-02   4  10   8   3   0   0
  -3.4028080419746663e-02   4  10   8   4   0   0
  -5.1458586079386019e-02   4  10   8   5   0   0
  -3.1931816604482535e-02   4  10   8  12   0   0
  -2.2080762689459616e-03   4  10   8  13   0   0
  -4.8800440439285005e-02   4  10   8  14   0   0
   1.9683374003663877e-03   4  11   8   3   0   0
  -1.2944311283419614e-02   4  11   8   4   0   0
   1.6651814098080437e-02   4  11   8   5   0   0
   2.8138779816377487e-03   4  11   8  12   0   0
  -1.3364159762187982e-02   4  11   8  13   0   0
   6.1342072536450208e-03   4  11   8  14   0   0
   4.4284160381328971e-03   4  12   8   1   0   0
   4.2225371991556305e-03   4  12   8   2   0   0
   2.3876895827029442e-03   4  12   8   6   0   0
   6.2590068172758946e-03   4  12   8   7   0   0
  -4.7120802001357687e-04   4  12   8   8   0   0
  -2.9030729505608284e-03   4  12   8   9   0   0
  -2.7136577040348777e-03   4  12   8  10   0   0
  -3.8543826922425892e-03   4  12   8  11   0   0
  -2.3376351336585454e-03   4  13   8   1   0   0
  -2.2289575380744359e-03   4  13   8   2   0   0
  -1.2603935603012998e-03   4  13   8   6   0   0
  -5.0482572579205248e-03   4  13   8   7   0   0
   1.0312921855161333e-01   4  13   8   8   0   0
  -9.1757076967625680e-04   4  13   8   9   0   0
  -3.4595820955498364e-03   4  13   8  10   0   0
  -3.0742680542707847e-03   4  13   8  11   0   0
  -8.9754934433302995e-04   4  14   8   1   0   0
  -8.5582191507956875e-04   4  14   8   2   0   0
  -4.8393583641907637e-04   4  14   8   6   0   0
  -3.6499120643910640e-03   4  14   8   7   0   0
   6.0025411896810620e-02   4  14   8   8   0   0
   8.2120221220979264e-04   4  14   8   9   0   0
  -4.9283113374004785e-03   4  14   8  10   0   0
   1.5925440084277570e-03   4  14   8  11   0   0
   9.6603941424553016e-04   4   1   9   4   0   0
  -9.4305057120094446e-02   4   1   9   5   0   0
   2.8464474272995262e-02   4   1   9  13   0   0
  -5.4735124543305036e-02   4   1   9  14   0   0
  -1.9254058987627488e-05   4   2   9   4   0   0
   1.8795870084102591e-03   4   2   9   5   0   0
   1.3709149323217378e-03   4   2   9  13   0   0
  -2.6361702253567855e-03   4   2   9  14   0   0
   1.7224008603443253e-02   4   3   9   7   0   0
   1.2893587507813806e-02   4   3   9   8   0   0
   2.9629358388090415e-02   4   3   9  10   0   0
  -1.0397984507864327e-03   4   3   9  11   0   0
   3.4443658137414977e-04   4   4   9   1   0   0
   6.6701474331555259e-05   4   4   9   2   0   0
  -2.8818150207126486e-04   4   4   9   6   0   0
  -1.9595521033818099e-02   4   4   9   7   0   0
  -1.9851108432813475e-03   4   4   9   8   0   0
   8.1003709468020568e-01   4   4   9   9   0   0
   1.3139411733363216e-02   4   4   9  10   0   0
   2.5200764619995999e-02   4   4   9  11   0   0
  -3.3624002294071934e-02   4   5   9   1   0   0
  -6.5114179132739636e-03   4   5   9   2   0   0
   2.8132364594075233e-02   4   5   9   6   0   0
  -4.8336917937752922e-03   4   5   9   7   0   0
   5.0960319423664331e-03   4   5   9   8   0   0
   3.4327687118895660e-02   4   5   9   9   0   0
  -1.0588643368061751e-04   4   5   9  10   0   0
  -1.9894973229838939e-02   4   5   9  11   0   0
  -5.9088780851464652e-04   4   6   9   4   0   0
   5.7682644943783654e-02   4   6   9   5   0   0
  -1.1925421164006520e-02   4   6   9  13   0   0
   2.2931722061087026e-02   4   6   9  14   0   0
   2.0453516559384620e-02   4   7   9   3   0   0
  -2.8250056911991187e-02   4   7   9   4   0   0
  -5.9404273073453022e-02   4   7   9   5   0   0
  -1.3639635497856456e-02   4   7   9  12   0   0
   5.5708910268549711e-03   4   7   9  13   0   0
  -5.5114918266057335e-02   4   7   9  14   0   0
  -1.4406279731583232e-02   4   8   9   3   0   0
  -2.8618526755440519e-03   4   8   9   4   0   0
   1.7832466852538073e-02   4   8   9   5   0   0
   1.6286040245098402e-02   4   8   9  12   0   0
  -8.3790401559117010e-03   4   8   9  13   0   0
   1.2053142151564975e-02   4   8   9  14   0   0
   8.7970719069518255e-02   4   9   9   4   0   0
   4.9488814974208518e-02   4   9   9   5   0   0
   3.3929157291754920e-02   4   9   9  13   0   0
   5.6406717457234058e-02   4   9   9  14   0   0
   4.5398900018481556e-02   4  10   9   3   0   0
   1.8942549606973801e-02   4  10   9   4   0   0
   2.5540969718475148e-02   4  10   9   5   0   0
  -3.2570346600664983e-02   4  10   9  12   0   0
   1.6235430840751382e-03   4  10   9  13   0   0
   2.6388246377952135e-02   4  10   9  14   0   0
  -8.9011421327342254e-03   4  11   9   3   0   0
   3.6330906104100537e-02   4  11   9   4   0   0
  -3.5095929657720022e-02   4  11   9   5   0   0
   7.6588559112266913e-03   4  11   9  12   0   0
   3.4642990055416101e-02   4  11   9  13   0   0
  -1.1564524011998116e-02   4  11   9  14   0   0
  -3.8780947076661439e-03   4  12   9   7   0   0
  -2.9030729505608310e-03   4  12   9   8   0   0
  -6.6712378402682742e-03   4  12   9  10   0   0
   2.3411721172899823e-04   4  12   9  11   0   0
   3.1731566987861981e-03   4  13   9   1   0   0
   3.0256353702987860e-03   4  13   9   2   0   0
   1.7108855917638036e-03   4  13   9   6   0   0
  -3.4428107938065354e-03   4  13   9   7   0   0
  -9.1757076967625474e-04   4  13   9   8   0   0
   1.0715014962799257e-01   4  13   9   9   0   0
   2.6493446259282958e-03   4  13   9  10   0   0
   7.0865653469993498e-03   4  13   9  11   0   0
  -6.1017507450771957e-03   4  14   9   1   0   0
  -5.8180779039734209e-03   4  14   9   2   0   0
  -3.2899092056437886e-03   4  14   9   6   0   0
  -2.9661028117939610e-03   4  14   9   7   0   0
   8.2120221220979221e-04   4  14   9   8   0   0
   6.3001384018736992e-02   4  14   9   9   0   0
   1.3167388460399677e-03   4  14   9  10   0   0
  -1.4289409551791589e-03   4  14   9  11   0   0
   8.9217559418213729e-02   4   1  10   3   0   0
  -3.4234838749912025e-02   4   1  10   4   0   0
  -2.5968796141974018e-02   4   1  10   5   0   0
  -5.8362797458366540e-02   4   1  10  12   0   0
  -1.2290764746298949e-02   4   1  10  13   0   0
  -2.5279753679545984e-02   4   1  10  14   0   0
  -1.7781884739328166e-03   4   2  10   3   0   0
   6.8233199909316377e-04   4   2  10   4   0   0
   5.1758212489435565e-04   4   2  10   5   0   0
  -2.8108873454108837e-03   4   2  10  12   0   0
  -5.9195166433611136e-04   4   2  10  13   0   0
  -1.2175314208272765e-03   4   2  10  14   0   0
   3.1810080118282888e-02   4   3  10   1   0   0
   6.1601448778563668e-03   4   3  10   2   0   0
  -2.6614701124144040e-02   4   3  10   6   0   0
   1.6464995311733673e-02   4   3  10   7   0   0
   1.2052326506802966e-02   4   3  10   8   0   0
   2.9629358388090409e-02   4   3  10   9   0   0
  -1.8508722911168694e-02   4   3  10  10   0   0
   5.1396151966875284e-03   4   3  10  11   0   0
  -1.2206262652471553e-02   4   4  10   1   0   0
  -2.3637899080038607e-03   4   4  10   2   0   0
   1.0212675703121310e-02   4   4  10   6   0   0
  -5.4572800444319261e-03   4   4  10   7   0   0
  -2.3603420257980672e-02   4   4  10   8   0   0
   1.3139411733363218e-02   4   4  10   9   0   0
   8.1499608004380930e-01   4   4  10  10   0   0
  -2.1197945122487408e-02   4   4  10  11   0   0
  -9.2590459909275107e-03   4   5  10   1   0   0
  -1.7930500181943128e-03   4   5  10   2   0   0
   7.7468129859128232e-03   4   5  10   6   0   0
  -1.2445272263357255e-02   4   5  10   7   0   0
  -1.2572637143203981e-02   4   5  10   8   0   0
  -1.0588643368061516e-04   4   5  10   9   0   0
  -2.7555929462058801e-02   4   5  10  10   0   0
  -1.0243578648225282e-02   4   5  10  11   0   0
  -5.4570825360065023e-02   4   6  10   3   0   0
   2.0940086445248283e-02   4   6  10   4   0   0
   1.5884077622341428e-02   4   6  10   5   0   0
   2.4451564898949806e-02   4   6  10  12   0   0
   5.1493150592421839e-03   4   6  10  13   0   0
   1.0591156775269804e-02   4   6  10  14   0   0
   3.5616375737015135e-02   4   7  10   3   0   0
  -7.8675362381947309e-03   4   7  10   4   0   0
  -1.6596591103141437e-02   4   7  10   5   0   0
  -2.7361609628560227e-02   4   7  10  12   0   0
   2.3298406387089104e-04   4   7  10  13   0   0
  -1.2749219972621843e-02   4   7  10  14   0   0
  -4.6705841756948634e-03   4   8  10   3   0   0
  -3.4028080419746802e-02   4   8  10   4   0   0
   1.5207678107472044e-02   4   8  10   5   0   0
   7.3810428749569081e-03   4   8  10  12   0   0
  -2.9091161324754401e-02   4   8  10  13   0   0
   4.2134402685301883e-03   4   8  10  14   0   0
   4.0031955255515325e-02   4   9  10   3   0   0
   1.8942549606973804e-02   4   9  10   4   0   0
  -2.5846273953306992e-02   4   9  10   5   0   0
  -2.7785110341730000e-02   4   9  10  12   0   0
   2.2345382822087492e-02   4   9  10  13   0   0
  -1.4475558413682353e-02   4   9  10  14   0   0
  -2.6683264747409060e-02   4  10  10   3   0   0
   9.5119884356104176e-02   4  10  10   4   0   0
  -3.9726250413167928e-02   4  10  10   5   0   0
   1.8851276056871778e-02   4  10  10  12   0   0
   6.6939869856895359e-02   4  10  10  13   0   0
   2.4766697928413194e-03   4  10  10  14   0   0
   5.7316654692606724e-02   4  11  10   3   0   0
  -3.0560205829385418e-02   4  11  10   4   0   0
  -2.3370821134873879e-02   4  11  10   5   0   0
  -4.9732527670059826e-02   4  11  10  12   0   0
  -1.1068190469349438e-02   4  11  10  13   0   0
  -2.5911031371415795e-02   4  11  10  14   0   0
  -6.5061557061886089e-03   4  12  10   1   0   0
  -6.2036819161334624e-03   4  12  10   2   0   0
  -3.5079541012727738e-03   4  12  10   6   0   0
  -3.7071980541984392e-03   4  12  10   7   0   0
  -2.7136577040348794e-03   4  12  10   8   0   0
  -6.6712378402682673e-03   4  12  10   9   0   0
   4.1673562769305060e-03   4  12  10  10   0   0
  -1.1572169378578831e-03   4  12  10  11   0   0
  -1.3701472970791063e-03   4  13  10   1   0   0
  -1.3064485993232627e-03   4  13  10   2   0   0
  -7.3874866314122965e-04   4  13  10   6   0   0
   1.7142544007476516e-04   4  13  10   7   0   0
  -3.4595820955498303e-03   4  13  10   8   0   0
   2.6493446259282967e-03   4  13  10   9   0   0
   1.1444766093700233e-01   4  13  10  10   0   0
  -3.2137027393347225e-03   4  13  10  11   0   0
  -2.8181310837705037e-03   4  14  10   1   0   0
  -2.6871150386165469e-03   4  14  10   2   0   0
  -1.5194647868377134e-03   4  14  10   6   0   0
  -3.0548914215807856e-03   4  14  10   7   0   0
  -4.9283113374004811e-03   4  14  10   8   0   0
   1.3167388460399664e-03   4  14  10   9   0   0
   5.1079341077382358e-02   4  14  10  10   0   0
  -4.2156541317814409e-03   4  14  10  11   0   0
  -2.4426599982604651e-02   4   1  11   3   0   0
   8.6789132844942218e-02   4   1  11   4   0   0
  -4.8245249552980853e-02   4   1  11   5   0   0
   1.5978970022018608e-02   4   1  11  12   0   0
   6.4909591988310075e-02   4   1  11  13   0   0
  -2.4707893214187277e-03   4   1  11  14   0   0
   4.8684472910575808e-04   4   2  11   3   0   0
  -1.7297876863464098e-03   4   2  11   4   0   0
   9.6157244422013350e-04   4   2  11   5   0   0
   7.6958416291871760e-04   4   2  11  12   0   0
   3.1261961157001057e-03   4   2  11  13   0   0
  -1.1899892978413859e-04   4   2  11  14   0   0
  -8.7091835680195486e-03   4   3  11   1   0   0
  -1.6865670362147705e-03   4   3  11   2   0   0
   7.2867568027570875e-03   4   3  11   6   0   0
  -4.7956114710059798e-03   4   3  11   7   0   0
   1.7118695043964363e-02   4   3  11   8   0   0
  -1.0397984507864305e-03   4   3  11   9   0   0
   5.1396151966875327e-03   4   3  11  10   0   0
   6.8757141448897302e-03   4   3  11  11   0   0
   3.0944236618854992e-02   4   4  11   1   0   0
   5.9924709399667153e-03   4   4  11   2   0   0
  -2.5890271450535407e-02   4   4  11   6   0   0
   2.7482814578289508e-02   4   4  11   7   0   0
  -8.9787615229502214e-03   4   4  11   8   0   0
   2.5200764619995986e-02   4   4  11   9   0   0
  -2.1197945122487395e-02   4   4  11  10   0   0
   8.1853362441799904e-01   4   4  11  11   0   0
  -1.7201605419544869e-02   4   5  11   1   0   0
  -3.3311573288121996e-03   4   5  11   2   0   0
   1.4392154480413363e-02   4   5  11   6   0   0
   1.4603612104247108e-02   4   5  11   7   0   0
   1.2483577437830204e-02   4   5  11   8   0   0
  -1.9894973229838929e-02   4   5  11   9   0   0
  -1.0243578648225282e-02   4   5  11  10   0   0
  -2.7542685197411883e-02   4   5  11  11   0   0
   1.4940777695369016e-02   4   6  11   3   0   0
  -5.3085453609325588e-02   4   6  11   4   0   0
   2.9509696353238295e-02   4   6  11   5   0   0
  -6.6945184180125369e-03   4   6  11  12   0   0
  -2.7194397290478095e-02   4   6  11  13   0   0
   1.0351571219217482e-03   4   6  11  14   0   0
  -3.6156265906455515e-02   4   7  11   3   0   0
   3.9620843691702767e-02   4   7  11   4   0   0
  -1.2279705019270766e-02   4   7  11   5   0   0
   3.0957468150814994e-02   4   7  11  12   0   0
   3.1679610650928010e-02   4   7  11  13   0   0
  -5.8152478938468515e-04   4   7  11  14   0   0
   4.7390300057286130e-02   4   8  11   3   0   0
  -1.2944311283420155e-02   4   8  11   4   0   0
   1.9342306443580502e-02   4   8  11   5   0   0
  -3.7684922035405556e-02   4   8  11  12   0   0
  -1.4449097330661270e-02   4   8  11  13   0   0
   8.2737217740601662e-03   4   8  11  14   0   0
   5.9030727921924953e-03   4   9  11   3   0   0
   3.6330906104100363e-02   4   9  11   4   0   0
  -2.2267600001483038e-02   4   9  11   5   0   0
  -5.5407705378209982e-03   4   9  11  12   0   0
   2.9469982665862180e-02   4   9  11  13   0   0
  -1.3632693538686185e-03   4   9  11  14   0   0
  -4.2497510913619752e-02   4  10  11   3   0   0
  -3.0560205829385633e-02   4  10  11   4   0   0
  -6.1646711131152542e-03   4  10  11   5   0   0
   3.9263052778263315e-02   4  10  11  12   0   0
  -1.8006548275352540e-02   4  10  11  13   0   0
  -1.2228476996723529e-02   4  10  11  14   0   0
   9.9124343552026376e-03   4  11  11   3   0   0
   1.0021981661751479e-01   4  11  11   4   0   0
  -3.9707156701427083e-02   4  11  11   5   0   0
  -7.0029675226936077e-03   4  11  11  12   0   0
   7.0147232842371593e-02   4  11  11  13   0   0
   4.1182328406767187e-03   4  11  11  14   0   0
   1.7813002720086701e-03   4  12  11   1   0   0
   1.6984869074302058e-03   4  12  11   2   0   0
   9.6043191663046357e-04   4  12  11   6   0   0
   1.0797623186285042e-03   4  12  11   7   0   0
  -3.8543826922425961e-03   4  12  11   8   0   0
   2.3411721172899959e-04   4  12  11   9   0   0
  -1.1572169378578820e-03   4  12  11  10   0   0
  -1.5481106199279069e-03   4  12  11  11   0   0
   7.2359778950346941e-03   4  13  11   1   0   0
   6.8995743785022750e-03   4  13  11   2   0   0
   3.9014557105459774e-03   4  13  11   6   0   0
   4.0317974996639007e-03   4  13  11   7   0   0
  -3.0742680542707474e-03   4  13  11   8   0   0
   7.0865653469993541e-03   4  13  11   9   0   0
  -3.2137027393347038e-03   4  13  11  10   0   0
   1.1515669645425794e-01   4  13  11  11   0   0
  -2.7543813426368223e-04   4  14  11   1   0   0
  -2.6263290485338000e-04   4  14  11   2   0   0
  -1.4850925436967507e-04   4  14  11   6   0   0
   5.7312005276938301e-03   4  14  11   7   0   0
   1.5925440084277719e-03   4  14  11   8   0   0
  -1.4289409551791633e-03   4  14  11   9   0   0
  -4.2156541317814348e-03   4  14  11  10   0   0
   5.1442233119848559e-02   4  14  11  11   0   0
  -1.1556896939285398e-02   4   1  12   7   0   0
   2.0306101731441463e-02   4   1  12   8   0   0
  -2.9833389300561789e-02   4   1  12  10   0   0
   8.1679914954204524e-03   4   1  12  11   0   0
  -1.0236162187752558e-02   4   2  12   7   0   0
   1.7985498340603635e-02   4   2  12   8   0   0
  -2.6423997124421696e-02   4   2  12  10   0   0
   7.2345445437950705e-03   4   2  12  11   0   0
   6.0548781137506570e-04   4   3  12   4   0   0
  -2.9449109557396460e-02   4   3  12  13   0   0
  -1.4933502442740543e-02   4   3  12  14   0   0
  -1.0555674479205776e-01   4   4  12   3   0   0
   8.0720307161857063e-01   4   4  12  12   0   0
   1.9253892837010143e-03   4   6  12   7   0   0
  -3.3830145646245860e-03   4   6  12   8   0   0
   4.9702691265269931e-03   4   6  12  10   0   0
  -1.3607946300175293e-03   4   6  12  11   0   0
  -2.1553750703183949e-02   4   7  12   1   0   0
  -1.8422649020055575e-02   4   7  12   2   0   0
  -1.7957661327259351e-02   4   7  12   6   0   0
  -7.3155920126791096e-03   4   7  12   7   0   0
   2.8809534950444464e-02   4   7  12   8   0   0
  -1.1233306045437026e-02   4   7  12   9   0   0
  -1.7983408007153104e-02   4   7  12  10   0   0
   1.6866098284731384e-02   4   7  12  11   0   0
   3.7871122047062090e-02   4   8  12   1   0   0
   3.2369604672362141e-02   4   8  12   2   0   0
   3.1552595795031883e-02   4   8  12   6   0   0
   1.3823181992036328e-02   4   8  12   7   0   0
  -1.6047975920733541e-03   4   8  12   8   0   0
   4.9938230469876391e-03   4   8  12   9   0   0
   7.0102160220726249e-04   4   8  12  10   0   0
  -2.3369804999032420e-02   4   8  12  11   0   0
  -1.5182021301980967e-02   4   9  12   7   0   0
  -2.4767868830579961e-02   4   9  12   8   0   0
  -2.1510022558730038e-02   4   9  12  10   0   0
  -2.5410951180227129e-03   4   9  12  11   0   0
  -5.5639627055037631e-02   4  10  12   1   0   0
  -4.7556888587856082e-02   4  10  12   2   0   0
  -4.6356552638506063e-02   4  10  12   6   0   0
  -7.2678706554805449e-03   4  10  12   7   0   0
  -1.9184880807405096e-02   4  10  12   8   0   0
  -2.3930572539376686e-02   4  10  12   9   0   0
   1.4192804524709739e-02   4  10  12  10   0   0
   1.8567488060443289e-02   4  10  12  11   0   0
   1.5233401609697682e-02   4  11  12   1   0   0
   1.3020453613929638e-02   4  11  12   2   0   0
   1.2691817342429849e-02   4  11  12   6   0   0
  -9.5113848870421180e-03   4  11  12   7   0   0
  -2.8840098798418902e-03   4  11  12   8   0   0
   4.1357655042980014e-03   4  11  12   9   0   0
  -2.6449777310642741e-02   4  11  12  10   0   0
  -5.2724149199570788e-03   4  11  12  11   0   0
   1.2071474737012432e-02   4  12  12   4   0   0
   2.1397079570100185e-02   4  12  12  13   0   0
   1.0850356592440666e-02   4  12  12  14   0   0
  -5.4122712700718029e-02   4  13  12   3   0   0
   1.9004335041012885e-01   4  13  12  12   0   0
  -2.7445368449889432e-02   4  14  12   3   0   0
   9.6370072991337971e-02   4  14  12  12   0   0
   5.9836683957730806e-02   4   1  13   1   0   0
   7.2979566382776667e-02   4   1  13   2   0   0
   7.3958092099565886e-02   4   1  13   6   0   0
   2.0834810898043978e-02   4   1  13   7   0   0
  -1.0719014750718067e-02   4   1  13   8   0   0
   1.4550223416344573e-02   4   1  13   9   0   0
  -6.2826866676416390e-03   4   1  13  10   0   0
   3.3179923023896836e-02   4   1  13  11   0   0
   1.3759859998499609e-02   4   2  13   1   0   0
   3.2749931868840285e-04   4   2  13   2   0   0
  -1.2306375285343745e-02   4   2  13   6   0   0
   1.8453786048621329e-02   4   2  13   7   0   0
  -9.4940340869777515e-03   4   2  13   8   0   0
   1.2887408059463741e-02   4   2  13   9   0   0
  -5.5646944021973616e-03   4   2  13  10   0   0
   2.9388085334155340e-02   4   2  13  11   0   0
  -5.4002345524637807e-04   4   3  13   3   0   0
  -2.9449109557396463e-02   4   3  13  12   0   0
   9.3064074533846061e-02   4   4  13   4   0   0
  -4.7740033185674824e-02   4   4  13   5   0   0
   8.5973331119844454e-01   4   4  13  13   0   0
   2.6637832955691196e-02   4   4  13  14   0   0
   2.7384330831244200e-04   4   5  13   4   0   0
  -5.4002345524622769e-04   4   5  13   5   0   0
  -2.6637832955691824e-02   4   5  13  13   0   0
   1.9511161020184811e-02   4   5  13  14   0   0
  -1.9756856576741009e-02   4   6  13   1   0   0
  -3.1403394951300595e-02   4   6  13   2   0   0
  -3.0898718532712411e-02   4   6  13   6   0   0
  -3.4710979808666659e-03   4   6  13   7   0   0
   1.7857973676923653e-03   4   6  13   8   0   0
  -2.4240801305457742e-03   4   6  13   9   0   0
   1.0467011730121993e-03   4   6  13  10   0   0
  -5.5278046139771650e-03   4   6  13  11   0   0
   3.8857170951997824e-02   4   7  13   1   0   0
   3.3212410787288531e-02   4   7  13   2   0   0
   3.2374129482174940e-02   4   7  13   6   0   0
   5.4613777919704183e-02   4   7  13   7   0   0
  -1.5438057934461775e-02   4   7  13   8   0   0
  -1.0294680373170260e-03   4   7  13   9   0   0
   3.0942440508794082e-04   4   7  13  10   0   0
   2.0530361467638435e-02   4   7  13  11   0   0
  -1.9991090422843263e-02   4   8  13   1   0   0
  -1.7086995551722359e-02   4   8  13   2   0   0
  -1.6655719754752791e-02   4   8  13   6   0   0
  -1.8947736651302619e-02   4   8  13   7   0   0
   1.8618740808029673e-02   4   8  13   8   0   0
  -5.2638386787811223e-03   4   8  13   9   0   0
  -1.8581562076145395e-02   4   8  13  10   0   0
  -1.0744464499823286e-02   4   8  13  11   0   0
   2.7136340303031761e-02   4   9  13   1   0   0
   2.3194258854338862e-02   4   9  13   2   0   0
   2.2608835721159050e-02   4   9  13   6   0   0
  -2.2420958259350744e-02   4   9  13   7   0   0
  -9.8612014700706217e-04   4   9  13   8   0   0
   3.2312863648042971e-02   4   9  13   9   0   0
   1.4263835495331762e-02   4   9  13  10   0   0
   2.2826432850371375e-02   4   9  13  11   0   0
  -1.1717285608064464e-02   4  10  13   1   0   0
  -1.0015121878218273e-02   4  10  13   2   0   0
  -9.7623401848712828e-03   4  10  13   6   0   0
   8.5822606675403255e-04   4  10  13   7   0   0
  -4.9831005811553381e-03   4  10  13   8   0   0
   3.7819603981196293e-03   4  10  13   9   0   0
   5.7166066648464325e-02   4  10  13  10   0   0
  -1.2699777047668795e-02   4  10  13  11   0   0
   6.1880952384102836e-02   4  11  13   1   0   0
   5.2891539968989508e-02   4  11  13   2   0   0
   5.1556557409649824e-02   4  11  13   6   0   0
   6.9318999726484271e-03   4  11  13   7   0   0
  -1.0195662838156537e-02   4  11  13   8   0   0
   2.5443131851029734e-02   4  11  13   9   0   0
  -9.1900983308277270e-03   4  11  13  10   0   0
   5.9580835587994978e-02   4  11  13  11   0   0
  -1.0766326546847683e-02   4  12  13   3   0   0
   2.1397079570100189e-02   4  12  13  12   0   0
   6.9944816732955994e-02   4  13  13   4   0   0
  -2.9347294606023287e-02   4  13  13   5   0   0
   2.3283750955032947e-01   4  13  13  13   0   0
   1.0850356592440555e-02   4  13  13  14   0   0
   2.9347294606023245e-02   4  14  13   4   0   0
  -2.8103978314162515e-03   4  14  13   5   0   0
   9.6370072991338263e-02   4  14  13  13   0   0
   2.1397079570100282e-02   4  14  13  14   0   0
   3.0342895913598473e-02   4   1  14   1   0   0
   3.7007588658095343e-02   4   1  14   2   0   0
   3.7503794363516786e-02   4   1  14   6   0   0
   2.5234022536619442e-02   4   1  14   7   0   0
  -4.1156314443075125e-03   4   1  14   8   0   0
  -2.7979026880608399e-02   4   1  14   9   0   0
  -1.2922285527560716e-02   4   1  14  10   0   0
  -1.2629966847997546e-03   4   1  14  11   0   0
   6.9775591176660908e-03   4   2  14   1   0   0
   1.6607333631245123e-04   4   2  14   2   0   0
  -6.2405039794760859e-03   4   2  14   6   0   0
   2.2350250996545855e-02   4   2  14   7   0   0
  -3.6452926066805570e-03   4   2  14   8   0   0
  -2.4781553258630455e-02   4   2  14   9   0   0
  -1.1445512683159614e-02   4   2  14  10   0   0
  -1.1186600500223680e-03   4   2  14  11   0   0
  -2.7384330831260826e-04   4   3  14   3   0   0
  -1.4933502442740536e-02   4   3  14  12   0   0
   4.7192346569049526e-02   4   4  14   4   0   0
   9.4144121444338605e-02   4   4  14   5   0   0
   2.6637832955691131e-02   4   4  14  13   0   0
   8.2071098915807483e-01   4   4  14  14   0   0
  -5.4002345524621284e-04   4   5  14   4   0   0
  -2.7384330831253876e-04   4   5  14   5   0   0
   1.9511161020184811e-02   4   5  14  13   0   0
   2.6637832955691203e-02   4   5  14  14   0   0
  -1.0018607366535740e-02   4   6  14   1   0   0
  -1.5924511208109407e-02   4   6  14   2   0   0
  -1.5668592212830609e-02   4   6  14   6   0   0
  -4.2040105429616611e-03   4   6  14   7   0   0
   6.8566785012989101e-04   4   6  14   8   0   0
   4.6613307021189914e-03   4   6  14   9   0   0
   2.1528642339202942e-03   4   6  14  10   0   0
   2.1041636825518733e-04   4   6  14  11   0   0
   4.7061753154860969e-02   4   7  14   1   0   0
   4.0225117780193213e-02   4   7  14   2   0   0
   3.9209835738576677e-02   4   7  14   6   0   0
   1.9229701541338452e-02   4   7  14   7   0   0
  -1.5891111635528438e-02   4   7  14   8   0   0
  -3.1193867499438647e-02   4   7  14   9   0   0
  -9.8629495898094298e-03   4   7  14  10   0   0
   6.1106100655585315e-03   4   7  14  11   0   0
  -7.6757017565195805e-03   4   8  14   1   0   0
  -6.5606567223631986e-03   4   8  14   2   0   0
  -6.3950657354623266e-03   4   8  14   6   0   0
  -8.9699681569769176e-03   4   8  14   7   0   0
   3.5764471433914258e-02   4   8  14   8   0   0
   7.0146413479806827e-03   4   8  14   9   0   0
  -3.3762027877557170e-03   4   8  14  10   0   0
   5.9648650284085071e-03   4   8  14  11   0   0
  -5.2181219013242658e-02   4   9  14   1   0   0
  -4.4600881607933358e-02   4   9  14   2   0   0
  -4.3475155279815977e-02   4   9  14   6   0   0
   1.0990498931685137e-02   4   9  14   7   0   0
  -1.4210891299122745e-03   4   9  14   8   0   0
   4.5899767720270032e-02   4   9  14   9   0   0
  -5.8507841456341813e-03   4   9  14  10   0   0
  -2.2864711887218671e-03   4   9  14  11   0   0
  -2.4100216713849952e-02   4  10  14   1   0   0
  -2.0599191293464582e-02   4  10  14   2   0   0
  -2.0079267669962413e-02   4  10  14   6   0   0
  -1.0945195387248079e-02   4  10  14   7   0   0
  -3.0192589895434729e-02   4  10  14   8   0   0
   1.4819643926302008e-02   4  10  14   9   0   0
   5.2967537810632986e-03   4  10  14  10   0   0
  -1.0896721244617682e-02   4  10  14  11   0   0
  -2.3555038888150512e-03   4  11  14   1   0   0
  -2.0133211155033506e-03   4  11  14   2   0   0
  -1.9625048871023151e-03   4  11  14   6   0   0
   3.2926997173237355e-02   4  11  14   7   0   0
   4.8826192309697073e-03   4  11  14   8   0   0
  -7.4466441518017913e-03   4  11  14   9   0   0
  -1.7817864723169381e-02   4  11  14  10   0   0
   6.5326586281742455e-03   4  11  14  11   0   0
  -5.4595526385384134e-03   4  12  14   3   0   0
   1.0850356592440673e-02   4  12  14  12   0   0
   2.9347294606023398e-02   4  13  14   4   0   0
   4.5801867258931178e-02   4  13  14   5   0   0
   1.0850356592440602e-02   4  13  14  13   0   0
   1.9004335041012871e-01   4  13  14  14   0   0
   2.6953347305440998e-02   4  14  14   4   0   0
   2.9347294606023016e-02   4  14  14   5   0   0
   2.1397079570100314e-02   4  14  14  13   0   0
   1.1807078617621894e-01   4  14  14  14   0   0
   1.4938476219430566e-01   5   1   5   1   0   0
  -3.0362826490382831e-03   5   2   5   1   0   0
   1.1049797542794872e-02   5   2   5   2   0   0
   4.8588863633190156e-02   5   3   5   3   0   0
   4.8588863633190253e-02   5   4   5   4   0   0
   7.8002938128857813e-01   5   5   5   5   0   0
  -8.3876965125031330e-02   5   6   5   1   0   0
   2.3149985787163730e-03   5   6   5   2   0   0
   5.9250647012987726e-02   5   6   5   6   0   0
  -9.7441244460960433e-02   5   7   5   1   0   0
  -1.4325132303425473e-02   5   7   5   2   0   0
   5.4710488392780386e-02   5   7   5   6   0   0
   1.3061512250599250e-01   5   7   5   7   0   0
   1.1645344897518334e-02   5   8   5   1   0   0
   1.7120174039116341e-03   5   8   5   2   0   0
  -6.5385300687622145e-03   5   8   5   6   0   0
   2.4542099493498747e-02   5   8   5   7   0   0
   9.6858820455707137e-02   5   8   5   8   0   0
  -6.7084714908143522e-02   5   9   5   1   0   0
  -9.8623270044723918e-03   5   9   5   2   0   0
   3.7666160121605063e-02   5   9   5   6   0   0
   2.5010768788786279e-02   5   9   5   7   0   0
  -9.4201063918139729e-03   5   9   5   8   0   0
   1.3443527698786539e-01   5   9   5   9   0   0
   5.2444403827671571e-02   5  10   5   1   0   0
   7.7100105562246174e-03   5  10   5   2   0   0
  -2.9446041691613242e-02   5  10   5   6   0   0
  -3.3956150180309772e-02   5  10   5   7   0   0
   4.4568049070117972e-02   5  10   5   8   0   0
  -9.6076277920310003e-03   5  10   5   9   0   0
   7.3038872760702145e-02   5  10   5  10   0   0
   2.4731213062880966e-02   5  11   5   1   0   0
   3.6358104939015101e-03   5  11   5   2   0   0
  -1.3885872996606003e-02   5  11   5   6   0   0
  -3.1481978770016038e-02   5  11   5   7   0   0
   1.1623713103285107e-02   5  11   5   8   0   0
   2.3715060907142094e-02   5  11   5   9   0   0
   2.7253510771740781e-02   5  11   5  10   0   0
   4.8189671745750784e-02   5  11   5  11   0   0
   2.5651479731185673e-03   5  12   5   3   0   0
   1.4586625643646484e-02   5  12   5  12   0   0
  -2.2878083516092939e-03   5  13   5   4   0   0
  -1.7333487342142181e-02   5  13   5   5   0   0
   3.4700642055252973e-02   5  13   5  13   0   0
  -1.1601366601830367e-03   5  14   5   4   0   0
   3.4181918790167597e-02   5  14   5   5   0   0
  -3.9665167311947483e-02   5  14   5  13   0   0
   9.2806980330088287e-02   5  14   5  14   0   0
  -8.3032054411315795e-02   5   1   6   5   0   0
  -2.0977440579604639e-02   5   1   6  13   0   0
   4.1367853805981271e-02   5   1   6  14   0   0
   7.2485054362038844e-03   5   2   6   5   0   0
  -1.6427376914056793e-02   5   2   6  13   0   0
   3.2395054297384866e-02   5   2   6  14   0   0
   1.1247095482430079e-02   5   3   6   7   0   0
   2.5003901781372389e-02   5   3   6   8   0   0
   1.3647473211567522e-02   5   3   6  10   0   0
   3.5994321746514631e-03   5   3   6  11   0   0
  -1.0407366558210486e-02   5   4   6   7   0   0
  -9.3647748428654848e-04   5   4   6   8   0   0
   2.5085721115076696e-02   5   4   6   9   0   0
   6.9078583652436515e-03   5   4   6  10   0   0
   1.2833531014907451e-02   5   4   6  11   0   0
   4.1715782933283922e-02   5   5   6   1   0   0
   1.4429210463156741e-01   5   5   6   2   0   0
   7.6526847659222019e-01   5   5   6   6   0   0
   2.6233130424799592e-02   5   5   6   7   0   0
  -3.1351595849206802e-03   5   5   6   8   0   0
   1.8060545977539477e-02   5   5   6   9   0   0
  -1.4119081640150620e-02   5   5   6  10   0   0
  -6.6581368231805448e-03   5   5   6  11   0   0
   5.8525555145418726e-02   5   6   6   5   0   0
  -1.3146786359413828e-03   5   6   6  13   0   0
   2.5925676398459350e-03   5   6   6  14   0   0
   2.2454916326415757e-02   5   7   6   3   0   0
  -2.0778390795030792e-02   5   7   6   4   0   0
   5.2374655268913793e-02   5   7   6   5   0   0
   1.5104920110582650e-02   5   7   6  12   0   0
   2.8399974298176912e-02   5   7   6  13   0   0
  -2.5100678764827716e-02   5   7   6  14   0   0
   4.9920490424548269e-02   5   8   6   3   0   0
  -1.8696848074311466e-03   5   8   6   4   0   0
  -6.2593712536121024e-03   5   8   6   5   0   0
   3.3580397663600076e-02   5   8   6  12   0   0
  -7.8258068118644195e-04   5   8   6  13   0   0
   4.3241188632740244e-03   5   8   6  14   0   0
   5.0083843380437129e-02   5   9   6   4   0   0
   3.6058024880163610e-02   5   9   6   5   0   0
  -1.9077767775584922e-02   5   9   6  13   0   0
  -3.6870036469293842e-02   5   9   6  14   0   0
   2.7247289712395300e-02   5  10   6   3   0   0
   1.3791594623571178e-02   5  10   6   4   0   0
  -2.8188859722111697e-02   5  10   6   5   0   0
   1.8328642527670670e-02   5  10   6  12   0   0
  -1.6850181044460056e-02   5  10   6  13   0   0
   1.2716040288580607e-02   5  10   6  14   0   0
   7.1862952022297543e-03   5  11   6   3   0   0
   2.5622247589378300e-02   5  11   6   4   0   0
  -1.3293023562208387e-02   5  11   6   5   0   0
   4.8340600936930484e-03   5  11   6  12   0   0
  -1.9416189647801410e-02   5  11   6  13   0   0
   1.8004734260188869e-04   5  11   6  14   0   0
   2.6519832184289920e-03   5  12   6   7   0   0
   5.8957379727977866e-03   5  12   6   8   0   0
   3.2179748084806394e-03   5  12   6  10   0   0
   8.4871989732466981e-04   5  12   6  11   0   0
  -4.2454400787859635e-02   5  13   6   1   0   0
  -2.7655076922557014e-02   5  13   6   2   0   0
  -8.3239017537662399e-02   5  13   6   6   0   0
   4.9862067916408041e-03   5  13   6   7   0   0
  -1.3739833235651847e-04   5  13   6   8   0   0
  -3.3494993429652761e-03   5  13   6   9   0   0
  -2.9584001126951752e-03   5  13   6  10   0   0
  -3.4089163487685467e-03   5  13   6  11   0   0
   8.3720768439228641e-02   5  14   6   1   0   0
   5.4536261217578139e-02   5  14   6   2   0   0
   1.6414869561349180e-01   5  14   6   6   0   0
  -4.4069467675543284e-03   5  14   6   7   0   0
   7.5918909705859875e-04   5  14   6   8   0   0
  -6.4733025572859633e-03   5  14   6   9   0   0
   2.2325656278416976e-03   5  14   6  10   0   0
   3.1611059681438583e-05   5  14   6  11   0   0
  -4.2281343121058634e-02   5   1   7   3   0   0
   3.9124539942044789e-02   5   1   7   4   0   0
  -9.8618526922186686e-02   5   1   7   5   0   0
   2.7658876581399580e-02   5   1   7  12   0   0
   5.2003676833606419e-02   5   1   7  13   0   0
  -4.5962280567066326e-02   5   1   7  14   0   0
   8.4270627318813523e-04   5   2   7   3   0   0
  -7.7978826619491811e-04   5   2   7   4   0   0
   1.9655584509686288e-03   5   2   7   5   0   0
   1.3321154837788183e-03   5   2   7  12   0   0
   2.5046173845709825e-03   5   2   7  13   0   0
  -2.2136497638645869e-03   5   2   7  14   0   0
  -1.5075204040101873e-02   5   3   7   1   0   0
  -2.9193714886904172e-03   5   3   7   2   0   0
   1.2613047449767266e-02   5   3   7   6   0   0
   2.7981129347201414e-02   5   3   7   7   0   0
   1.2871226800151351e-02   5   3   7   8   0   0
  -8.7520742724953929e-03   5   3   7   9   0   0
   1.5629864576242106e-02   5   3   7  10   0   0
   6.1463523995994012e-03   5   3   7  11   0   0
   1.3949661459729857e-02   5   4   7   1   0   0
   2.7014058207164514e-03   5   4   7   2   0   0
  -1.1671334028496063e-02   5   4   7   6   0   0
  -9.8452372585026027e-03   5   4   7   7   0   0
  -4.3175322112143271e-03   5   4   7   8   0   0
  -4.8336917937752905e-03   5   4   7   9   0   0
  -1.2445272263357244e-02   5   4   7  10   0   0
   1.4603612104247109e-02   5   4   7  11   0   0
  -3.5161948645519477e-02   5   5   7   1   0   0
  -6.8092471643808883e-03   5   5   7   2   0   0
   2.9419125970862693e-02   5   5   7   6   0   0
   8.3260589253072159e-01   5   5   7   7   0   0
   1.6042793959533029e-02   5   5   7   8   0   0
   1.6349155888406935e-02   5   5   7   9   0   0
  -2.2196614480597492e-02   5   5   7  10   0   0
  -2.0579286583837189e-02   5   5   7  11   0   0
   2.5861812478332146e-02   5   6   7   3   0   0
  -2.3930921787066548e-02   5   6   7   4   0   0
   6.0321022509823324e-02   5   6   7   5   0   0
  -1.1587909511098874e-02   5   6   7  12   0   0
  -2.1787360004256927e-02   5   6   7  13   0   0
   1.9256268293017929e-02   5   6   7  14   0   0
   4.0339243603476425e-02   5   7   7   3   0   0
  -1.4193473722119614e-02   5   7   7   4   0   0
   1.2050722690786422e-01   5   7   7   5   0   0
  -2.8498994568060428e-02   5   7   7  12   0   0
  -4.4563223372170356e-02   5   7   7  13   0   0
   6.5707968128477651e-02   5   7   7  14   0   0
   1.9214325202342286e-04   5   8   7   3   0   0
  -1.4827483664043364e-02   5   8   7   4   0   0
   2.3128236376159482e-02   5   8   7   5   0   0
   3.2639325771187987e-03   5   8   7  12   0   0
  -1.8153214859226642e-02   5   8   7  13   0   0
   9.1150817538174743e-03   5   8   7  14   0   0
  -6.3589735977024721e-03   5   9   7   3   0   0
  -5.9404273073453792e-02   5   9   7   4   0   0
   2.3569905771499165e-02   5   9   7   5   0   0
   3.3338678995782248e-03   5   9   7  12   0   0
  -5.3619514761252499e-02   5   9   7  13   0   0
  -8.5198510457369335e-03   5   9   7  14   0   0
  -1.0656642574470828e-02   5  10   7   3   0   0
  -1.6596591103140875e-02   5  10   7   4   0   0
  -3.1999946377962302e-02   5  10   7   5   0   0
   1.3673111270948859e-02   5  10   7  12   0   0
  -1.0748192054214782e-05   5  10   7  13   0   0
  -2.5353457475792686e-02   5  10   7  14   0   0
  -1.1527813236958834e-02   5  11   7   3   0   0
  -1.2279705019270457e-02   5  11   7   4   0   0
  -2.9668311253283237e-02   5  11   7   5   0   0
   1.1918768024219029e-02   5  11   7  12   0   0
  -3.7615613829318191e-03   5  11   7  13   0   0
  -2.5408526797760782e-02   5  11   7  14   0   0
   3.0833504481207947e-03   5  12   7   1   0   0
   2.9400042482712876e-03   5  12   7   2   0   0
   1.6624643397111199e-03   5  12   7   6   0   0
  -6.3001286247738979e-03   5  12   7   7   0   0
  -2.8980382955021379e-03   5  12   7   8   0   0
   1.9705849955555560e-03   5  12   7   9   0   0
  -3.5191630758095124e-03   5  12   7  10   0   0
  -1.3838902000764325e-03   5  12   7  11   0   0
   5.7972549896210925e-03   5  13   7   1   0   0
   5.5277382783995438e-03   5  13   7   2   0   0
   3.1257328190933526e-03   5  13   7   6   0   0
  -6.0383202667655539e-02   5  13   7   7   0   0
  -2.5006728626189548e-03   5  13   7   8   0   0
  -2.6355215204536316e-03   5  13   7   9   0   0
  -2.3886187678503652e-04   5  13   7  10   0   0
   5.0282059177263827e-03   5  13   7  11   0   0
  -5.1237734824857396e-03   5  14   7   1   0   0
  -4.8855671968356870e-03   5  14   7   2   0   0
  -2.7626086760851663e-03   5  14   7   6   0   0
   1.1417533065097796e-01   5  14   7   7   0   0
   2.7819388714329135e-03   5  14   7   8   0   0
   2.7908991137680496e-03   5  14   7   9   0   0
  -5.7246814762613001e-03   5  14   7  10   0   0
  -2.6454807018083028e-03   5  14   7  11   0   0
  -9.3997472701728188e-02   5   1   8   3   0   0
   3.5205112199963285e-03   5   1   8   4   0   0
   1.1786043637344800e-02   5   1   8   5   0   0
   6.1489638325270650e-02   5   1   8  12   0   0
  -1.4329968194110711e-03   5   1   8  13   0   0
   7.9179677275356165e-03   5   1   8  14   0   0
   1.8734565664761751e-03   5   2   8   3   0   0
  -7.0167044633031965e-05   5   2   8   4   0   0
  -2.3490675026150069e-04   5   2   8   5   0   0
   2.9614832353725001e-03   5   2   8  12   0   0
  -6.9016441999166533e-05   5   2   8  13   0   0
   3.8134764363510683e-04   5   2   8  14   0   0
  -3.3514334589023628e-02   5   3   8   1   0   0
  -6.4901803386116117e-03   5   3   8   2   0   0
   2.8040608358881804e-02   5   3   8   6   0   0
   1.2871226800151354e-02   5   3   8   7   0   0
  -1.8624142539443053e-02   5   3   8   8   0   0
   1.5819966090132472e-02   5   3   8   9   0   0
  -8.3736858533661959e-03   5   3   8  10   0   0
   2.8660577160781030e-02   5   3   8  11   0   0
   1.2552208858398520e-03   5   4   8   1   0   0
   2.4307837269612920e-04   5   4   8   2   0   0
  -1.0502120270427281e-03   5   4   8   6   0   0
  -4.3175322112143279e-03   5   4   8   7   0   0
   3.0616164799075894e-02   5   4   8   8   0   0
   5.0960319423664358e-03   5   4   8   9   0   0
  -1.2572637143203988e-02   5   4   8  10   0   0
   1.2483577437830200e-02   5   4   8  11   0   0
   4.2022556414491779e-03   5   5   8   1   0   0
   8.1378303571883750e-04   5   5   8   2   0   0
  -3.5159225480899301e-03   5   5   8   6   0   0
   1.6042793959533043e-02   5   5   8   7   0   0
   8.1053991570702244e-01   5   5   8   8   0   0
  -6.1577790425298385e-03   5   5   8   9   0   0
   2.9133449996796807e-02   5   5   8  10   0   0
   7.5982429461718837e-03   5   5   8  11   0   0
   5.7494507813742608e-02   5   6   8   3   0   0
  -2.1533564044720053e-03   5   6   8   4   0   0
  -7.2090531641280228e-03   5   6   8   5   0   0
  -2.5761580109244703e-02   5   6   8  12   0   0
   6.0036557971394487e-04   5   6   8  13   0   0
  -3.3172964660533816e-03   5   6   8  14   0   0
   3.6919693580883692e-02   5   7   8   3   0   0
   2.3786663577146654e-03   5   7   8   4   0   0
   2.3128236376159631e-02   5   7   8   5   0   0
  -2.9482818749308175e-02   5   7   8  12   0   0
  -4.4706604845347730e-03   5   7   8  13   0   0
   1.6053439559820235e-02   5   7   8  14   0   0
  -2.6849660479468698e-02   5   8   8   3   0   0
   4.4138065862506334e-02   5   8   8   4   0   0
   8.8695615468066494e-02   5   8   8   5   0   0
   1.8968831832352477e-02   5   8   8  12   0   0
   2.3558966997411514e-03   5   8   8  13   0   0
   6.4301607235620700e-02   5   8   8  14   0   0
   6.9977906866006273e-02   5   9   8   3   0   0
   1.7832466852537948e-02   5   9   8   4   0   0
  -8.8774168394256236e-03   5   9   8   5   0   0
  -5.8170942388385709e-02   5   9   8  12   0   0
   1.5804077591374022e-02   5   9   8  13   0   0
   9.8213449809943882e-04   5   9   8  14   0   0
  -2.7557828216537007e-02   5  10   8   3   0   0
   1.5207678107471404e-02   5  10   8   4   0   0
   4.2000496900887342e-02   5  10   8   5   0   0
   2.2336025990982031e-02   5  10   8  12   0   0
   1.6660910078373488e-03   5  10   8  13   0   0
   3.4114575473359221e-02   5  10   8  14   0   0
   1.5705471153191784e-02   5  11   8   3   0   0
   1.9342306443580048e-02   5  11   8   4   0   0
   1.0954074417824592e-02   5  11   8   5   0   0
  -6.3538691501251257e-03   5  11   8  12   0   0
   8.9096429430268517e-03   5  11   8  13   0   0
   1.3195050448720432e-02   5  11   8  14   0   0
   6.8547290171761428e-03   5  12   8   1   0   0
   6.5360499139916700e-03   5  12   8   2   0   0
   3.6958959875558030e-03   5  12   8   6   0   0
  -2.8980382955021392e-03   5  12   8   7   0   0
   4.1933437377982968e-03   5  12   8   8   0   0
  -3.5619656365786902e-03   5  12   8   9   0   0
   1.8853884446565954e-03   5  12   8  10   0   0
  -6.4531106065322400e-03   5  12   8  11   0   0
  -1.5974731917558590e-04   5  13   8   1   0   0
  -1.5232060219186387e-04   5  13   8   2   0   0
  -8.6131701848973761e-05   5  13   8   6   0   0
  -2.5006728626189322e-03   5  13   8   7   0   0
  -5.0011030038606616e-02   5  13   8   8   0   0
   1.6504025433858377e-03   5  13   8   9   0   0
  -5.4914409578598654e-03   5  13   8  10   0   0
   1.7331238857331464e-03   5  13   8  11   0   0
   8.8267754726241714e-04   5  14   8   1   0   0
   8.4164151382363367e-04   5  14   8   2   0   0
   4.7591734072325063e-04   5  14   8   6   0   0
   2.7819388714328693e-03   5  14   8   7   0   0
   1.1386443355961977e-01   5  14   8   8   0   0
  -7.1762576184497258e-04   5  14   8   9   0   0
   4.5700828606256953e-03   5  14   8  10   0   0
   2.7970422511341374e-03   5  14   8  11   0   0
  -9.4305057120095376e-02   5   1   9   4   0   0
  -6.7895230606240212e-02   5   1   9   5   0   0
  -3.4933625632605228e-02   5   1   9  13   0   0
  -6.7513351993262777e-02   5   1   9  14   0   0
   1.8795870084101873e-03   5   2   9   4   0   0
   1.3532147403080735e-03   5   2   9   5   0   0
  -1.6824842279033430e-03   5   2   9  13   0   0
  -3.2515992212251111e-03   5   2   9  14   0   0
  -8.7520742724953964e-03   5   3   9   7   0   0
   1.5819966090132465e-02   5   3   9   8   0   0
  -2.2744868318424656e-02   5   3   9  10   0   0
   6.2996945838931914e-03   5   3   9  11   0   0
  -3.3624002294071906e-02   5   4   9   1   0   0
  -6.5114179132739498e-03   5   4   9   2   0   0
   2.8132364594075223e-02   5   4   9   6   0   0
  -4.8336917937752905e-03   5   4   9   7   0   0
   5.0960319423664366e-03   5   4   9   8   0   0
   3.4327687118895618e-02   5   4   9   9   0   0
  -1.0588643368061919e-04   5   4   9  10   0   0
  -1.9894973229838953e-02   5   4   9  11   0   0
  -2.4207709102530166e-02   5   5   9   1   0   0
  -4.6879163673306757e-03   5   5   9   2   0   0
   2.0253986795015215e-02   5   5   9   6   0   0
   1.6349155888406929e-02   5   5   9   7   0   0
  -6.1577790425298377e-03   5   5   9   8   0   0
   8.3510306891379815e-01   5   5   9   9   0   0
  -6.2803589052460211e-03   5   5   9  10   0   0
   1.5502171522523584e-02   5   5   9  11   0   0
   5.7682644943783619e-02   5   6   9   4   0   0
   4.1528806620080287e-02   5   6   9   5   0   0
   1.4635724322855079e-02   5   6   9  13   0   0
   2.8285263553148886e-02   5   6   9  14   0   0
  -1.8876037593811026e-02   5   7   9   3   0   0
   4.5467203675450554e-02   5   7   9   4   0   0
   2.3569905771498739e-02   5   7   9   5   0   0
   1.4494241470571545e-02   5   7   9  12   0   0
   2.9775648082067209e-02   5   7   9  13   0   0
   3.3769436703564762e-02   5   7   9  14   0   0
  -2.4363917667072969e-02   5   8   9   3   0   0
  -3.1389874447974729e-03   5   8   9   4   0   0
  -8.8774168394256357e-03   5   8   9   5   0   0
   2.5945429109403135e-02   5   8   9  12   0   0
  -8.7269573541909492e-04   5   8   9  13   0   0
  -7.4745774010263394e-03   5   8   9  14   0   0
   4.9488814974208921e-02   5   9   9   4   0   0
   1.2410730341613549e-01   5   9   9   5   0   0
  -5.5873546934634881e-03   5   9   9  13   0   0
   8.8324160687413847e-02   5   9   9  14   0   0
  -2.8953881044038444e-02   5  10   9   3   0   0
  -2.5846273953307321e-02   5  10   9   4   0   0
  -9.0541351870534175e-03   5  10   9   5   0   0
   1.9745185726840368e-02   5  10   9  12   0   0
  -1.7635107995869145e-02   5  10   9  13   0   0
  -1.6114699688334577e-02   5  10   9  14   0   0
  -1.5005062387644162e-03   5  11   9   3   0   0
  -2.2267600001482989e-02   5  11   9   4   0   0
   2.2348843238969712e-02   5  11   9   5   0   0
   3.0192195512761307e-03   5  11   9  12   0   0
  -2.0112643080178065e-02   5  11   9  13   0   0
   7.5040870887570490e-03   5  11   9  14   0   0
   1.9705849955555577e-03   5  12   9   7   0   0
  -3.5619656365786919e-03   5  12   9   8   0   0
   5.1211512652526176e-03   5  12   9  10   0   0
  -1.4184161647960074e-03   5  12   9  11   0   0
  -3.8943233985583108e-03   5  13   9   1   0   0
  -3.7132747407550683e-03   5  13   9   2   0   0
  -2.0997203809099640e-03   5  13   9   6   0   0
  -2.6355215204536295e-03   5  13   9   7   0   0
   1.6504025433858359e-03   5  13   9   8   0   0
  -5.1767004459268566e-02   5  13   9   9   0   0
   6.1827319608203811e-04   5  13   9  10   0   0
  -5.5737701991586189e-03   5  13   9  11   0   0
  -7.5262393072955819e-03   5  14   9   1   0   0
  -7.1763414212094277e-03   5  14   9   2   0   0
  -4.0579573003578749e-03   5  14   9   6   0   0
   2.7908991137680448e-03   5  14   9   7   0   0
  -7.1762576184497225e-04   5  14   9   8   0   0
   1.1917497798182181e-01   5  14   9   9   0   0
  -1.2719590108284723e-03   5  14   9  10   0   0
   1.0871052952811920e-03   5  14   9  11   0   0
  -5.1305112372805148e-02   5   1  10   3   0   0
  -2.5968796141973689e-02   5   1  10   4   0   0
   5.3078035686104523e-02   5   1  10   5   0   0
   3.3561889627093812e-02   5   1  10  12   0   0
  -3.0854653614251104e-02   5   1  10  13   0   0
   2.3284558036129055e-02   5   1  10  14   0   0
   1.0225583401973562e-03   5   2  10   3   0   0
   5.1758212489438037e-04   5   2  10   4   0   0
  -1.0578943415566863e-03   5   2  10   5   0   0
   1.6164182484256649e-03   5   2  10  12   0   0
  -1.4860314989733638e-03   5   2  10  13   0   0
   1.1214381828412007e-03   5   2  10  14   0   0
  -1.8292584393686685e-02   5   3  10   1   0   0
  -3.5424296209413762e-03   5   3  10   2   0   0
   1.5304949393897789e-02   5   3  10   6   0   0
   1.5629864576242106e-02   5   3  10   7   0   0
  -8.3736858533661942e-03   5   3  10   8   0   0
  -2.2744868318424660e-02   5   3  10   9   0   0
  -2.2153371645322231e-02   5   3  10  10   0   0
   8.6879544398627754e-04   5   3  10  11   0   0
  -9.2590459909275141e-03   5   4  10   1   0   0
  -1.7930500181943135e-03   5   4  10   2   0   0
   7.7468129859128250e-03   5   4  10   6   0   0
  -1.2445272263357239e-02   5   4  10   7   0   0
  -1.2572637143203984e-02   5   4  10   8   0   0
  -1.0588643368061689e-04   5   4  10   9   0   0
  -2.7555929462058815e-02   5   4  10  10   0   0
  -1.0243578648225280e-02   5   4  10  11   0   0
   1.8924711443646422e-02   5   5  10   1   0   0
   3.6648434656876422e-03   5   5  10   2   0   0
  -1.5833834339946472e-02   5   5  10   6   0   0
  -2.2196614480597555e-02   5   5  10   7   0   0
   2.9133449996796797e-02   5   5  10   8   0   0
  -6.2803589052460264e-03   5   5  10   9   0   0
   7.9496918130025129e-01   5   5  10  10   0   0
   1.7815201918677335e-02   5   5  10  11   0   0
   3.1381292490313482e-02   5   6  10   3   0   0
   1.5884077622341713e-02   5   6  10   4   0   0
  -3.2465719021791746e-02   5   6  10   5   0   0
  -1.4061024455410825e-02   5   6  10  12   0   0
   1.2926806084332703e-02   5   6  10  13   0   0
  -9.7552534621035362e-03   5   6  10  14   0   0
   5.5722508702096760e-02   5   7  10   3   0   0
  -1.9287083448640840e-02   5   7  10   4   0   0
  -3.1999946377962524e-02   5   7  10   5   0   0
  -4.5511384853883910e-02   5   7  10  12   0   0
  -2.1502627124691930e-03   5   7  10  13   0   0
  -2.6438395044265910e-02   5   7  10  14   0   0
   3.4138310742837831e-03   5   8  10   3   0   0
  -5.1458586079385832e-02   5   8  10   4   0   0
   4.2000496900887578e-02   5   8  10   5   0   0
  -5.2786996273057728e-03   5   8  10  12   0   0
  -5.1347789699977497e-02   5   8  10  13   0   0
   7.2314904175511457e-03   5   8  10  14   0   0
  -3.6626801739780918e-02   5   9  10   3   0   0
   2.5540969718475297e-02   5   9  10   4   0   0
  -9.0541351870533325e-03   5   9  10   5   0   0
   2.6586459476955697e-02   5   9  10  12   0   0
   2.3228696795765245e-02   5   9  10  13   0   0
   4.6071400496779632e-03   5   9  10  14   0   0
  -3.1937604960479281e-02   5  10  10   3   0   0
  -3.9726250413167664e-02   5  10  10   4   0   0
   6.6247927938164308e-02   5  10  10   5   0   0
   2.2563378709637361e-02   5  10  10  12   0   0
  -4.3314458526940387e-02   5  10  10  13   0   0
   2.3360979512945704e-02   5  10  10  14   0   0
  -2.6913062336896831e-02   5  11  10   3   0   0
  -6.1646711131153591e-03   5  11  10   4   0   0
   2.5683444049927527e-02   5  11  10   5   0   0
   2.4227904989227073e-02   5  11  10  12   0   0
  -1.0670252392820434e-02   5  11  10  13   0   0
   1.4933704027907942e-02   5  11  10  14   0   0
   3.7414052995583661e-03   5  12  10   1   0   0
   3.5674658655523148e-03   5  12  10   2   0   0
   2.0172708213278159e-03   5  12  10   6   0   0
  -3.5191630758095128e-03   5  12  10   7   0   0
   1.8853884446565950e-03   5  12  10   8   0   0
   5.1211512652526107e-03   5  12  10   9   0   0
   4.9879720402316325e-03   5  12  10  10   0   0
  -1.9561480088288691e-04   5  12  10  11   0   0
  -3.4396086105714652e-03   5  13  10   1   0   0
  -3.2796998257637539e-03   5  13  10   2   0   0
  -1.8545497029452530e-03   5  13  10   6   0   0
  -2.3886187678508474e-04   5  13  10   7   0   0
  -5.4914409578598724e-03   5  13  10   8   0   0
   6.1827319608203637e-04   5  13  10   9   0   0
  -6.0107144537665830e-02   5  13  10  10   0   0
  -3.8711852977166223e-03   5  13  10  11   0   0
   2.5957110818910136e-03   5  14  10   1   0   0
   2.4750354318937044e-03   5  14  10   2   0   0
   1.3995415644259684e-03   5  14  10   6   0   0
  -5.7246814762612038e-03   5  14  10   7   0   0
   4.5700828606256971e-03   5  14  10   8   0   0
  -1.2719590108284723e-03   5  14  10   9   0   0
   1.0481389600413324e-01   5  14  10  10   0   0
   2.5344045993050701e-03   5  14  10  11   0   0
  -1.3531389242241371e-02   5   1  11   3   0   0
  -4.8245249552981040e-02   5   1  11   4   0   0
   2.5030014905416061e-02   5   1  11   5   0   0
   8.8517298032479812e-03   5   1  11  12   0   0
  -3.5553315689061553e-02   5   1  11  13   0   0
   3.2968775679567854e-04   5   1  11  14   0   0
   2.6969310238654081e-04   5   2  11   3   0   0
   9.6157244422010227e-04   5   2  11   4   0   0
  -4.9887134659830411e-04   5   2  11   5   0   0
   4.2631978541972663e-04   5   2  11  12   0   0
  -1.7123299346485342e-03   5   2  11  13   0   0
   1.5878525085715210e-05   5   2  11  14   0   0
  -4.8245499956985098e-03   5   3  11   1   0   0
  -9.3429274096303884e-04   5   3  11   2   0   0
   4.0365807227315115e-03   5   3  11   6   0   0
   6.1463523995994003e-03   5   3  11   7   0   0
   2.8660577160781027e-02   5   3  11   8   0   0
   6.2996945838931931e-03   5   3  11   9   0   0
   8.6879544398627364e-04   5   3  11  10   0   0
   1.2796384837563915e-02   5   3  11  11   0   0
  -1.7201605419544883e-02   5   4  11   1   0   0
  -3.3311573288122018e-03   5   4  11   2   0   0
   1.4392154480413371e-02   5   4  11   6   0   0
   1.4603612104247106e-02   5   4  11   7   0   0
   1.2483577437830200e-02   5   4  11   8   0   0
  -1.9894973229838943e-02   5   4  11   9   0   0
  -1.0243578648225279e-02   5   4  11  10   0   0
  -2.7542685197411883e-02   5   4  11  11   0   0
   8.9243281781655106e-03   5   5  11   1   0   0
   1.7282306209421459e-03   5   5  11   2   0   0
  -7.4667629352852573e-03   5   5  11   6   0   0
  -2.0579286583837231e-02   5   5  11   7   0   0
   7.5982429461718560e-03   5   5  11   8   0   0
   1.5502171522523580e-02   5   5  11   9   0   0
   1.7815201918677335e-02   5   5  11  10   0   0
   7.7872563978712817e-01   5   5  11  11   0   0
   8.2766115104766624e-03   5   6  11   3   0   0
   2.9509696353238659e-02   5   6  11   4   0   0
  -1.5309862554752342e-02   5   6  11   5   0   0
  -3.7085036217890254e-03   5   6  11  12   0   0
   1.4895348472014135e-02   5   6  11  13   0   0
  -1.3812534581520916e-04   5   6  11  14   0   0
   2.9249700273305416e-02   5   7  11   3   0   0
   5.4386559167588097e-02   5   7  11   4   0   0
  -2.9668311253284053e-02   5   7  11   5   0   0
  -2.4438982021020239e-02   5   7  11  12   0   0
   4.9252319324883886e-02   5   7  11  13   0   0
   1.4745582580473295e-03   5   7  11  14   0   0
   6.6932080002018723e-02   5   8  11   3   0   0
   1.6651814098080451e-02   5   8  11   4   0   0
   1.0954074417824556e-02   5   8  11   5   0   0
  -5.2028165591031954e-02   5   8  11  12   0   0
   6.7701284226118789e-03   5   8  11  13   0   0
   1.2110112880247442e-02   5   8  11  14   0   0
   1.9664527518526351e-02   5   9  11   3   0   0
  -3.5095929657720321e-02   5   9  11   4   0   0
   2.2348843238969966e-02   5   9  11   5   0   0
  -1.5851793926603699e-02   5   9  11  12   0   0
  -3.0313897738307831e-02   5   9  11  13   0   0
   2.3310796992031904e-03   5   9  11  14   0   0
   2.9418075670824658e-02   5  10  11   3   0   0
  -2.3370821134874011e-02   5  10  11   4   0   0
   2.5683444049927642e-02   5  10  11   5   0   0
  -2.5997654618106606e-02   5  10  11  12   0   0
  -2.4352806767512686e-02   5  10  11  13   0   0
   7.9953462219051284e-03   5  10  11  14   0   0
   1.8448021836471835e-02   5  11  11   3   0   0
  -3.9707156701426799e-02   5  11  11   4   0   0
   4.2830282068676166e-02   5  11  11   5   0   0
  -1.3033215973929705e-02   5  11  11  12   0   0
  -3.5820013316275712e-02   5  11  11  13   0   0
   8.6116377652482434e-03   5  11  11  14   0   0
   9.8677128028561568e-04   5  12  11   1   0   0
   9.4089588742009690e-04   5  12  11   2   0   0
   5.3204204080197328e-04   5  12  11   6   0   0
  -1.3838902000764340e-03   5  12  11   7   0   0
  -6.4531106065322443e-03   5  12  11   8   0   0
  -1.4184161647960072e-03   5  12  11   9   0   0
  -1.9561480088288791e-04   5  12  11  10   0   0
  -2.8811871532563229e-03   5  12  11  11   0   0
  -3.9634050768270488e-03   5  13  11   1   0   0
  -3.7791447840748432e-03   5  13  11   2   0   0
  -2.1369674692905882e-03   5  13  11   6   0   0
   5.0282059177263723e-03   5  13  11   7   0   0
   1.7331238857331256e-03   5  13  11   8   0   0
  -5.5737701991586206e-03   5  13  11   9   0   0
  -3.8711852977166335e-03   5  13  11  10   0   0
  -5.8450385430401458e-02   5  13  11  11   0   0
   3.6752862671896100e-05   5  14  11   1   0   0
   3.5044207335313799e-05   5  14  11   2   0   0
   1.9816211164370225e-05   5  14  11   6   0   0
  -2.6454807018082820e-03   5  14  11   7   0   0
   2.7970422511341695e-03   5  14  11   8   0   0
   1.0871052952811891e-03   5  14  11   9   0   0
   2.5344045993050883e-03   5  14  11  10   0   0
   1.0155333360361271e-01   5  14  11  11   0   0
   1.4138424965967771e-02   5   1  12   7   0   0
   3.1431740732050344e-02   5   1  12   8   0   0
   1.7155876046240619e-02   5   1  12  10   0   0
   4.5247505723498291e-03   5   1  12  11   0   0
   1.2522670383869021e-02   5   2  12   7   0   0
   2.7839687215948511e-02   5   2  12   8   0   0
   1.5195283872900560e-02   5   2  12  10   0   0
   4.0076571558112012e-03   5   2  12  11   0   0
   6.0548781137509183e-04   5   3  12   5   0   0
   1.4933502442740344e-02   5   3  12  13   0   0
  -2.9449109557396658e-02   5   3  12  14   0   0
  -1.0555674479205281e-01   5   5  12   3   0   0
   8.0720307161853022e-01   5   5  12  12   0   0
  -2.3554741433535306e-03   5   6  12   7   0   0
  -5.2365558931174666e-03   5   6  12   8   0   0
  -2.8581841704976019e-03   5   6  12  10   0   0
  -7.5382745984427441e-04   5   6  12  11   0   0
   2.6368331278982755e-02   5   7  12   1   0   0
   2.2537818084974535e-02   5   7  12   2   0   0
   2.1968963517936785e-02   5   7  12   6   0   0
  -2.1456407398362975e-02   5   7  12   7   0   0
  -1.8152137006501100e-02   5   7  12   8   0   0
   9.5339053214313439e-03   5   7  12   9   0   0
  -2.6954103458901282e-02   5   7  12  10   0   0
  -1.3908677116759223e-02   5   7  12  11   0   0
   5.8620571548301324e-02   5   8  12   1   0   0
   5.0104792890170932e-02   5   8  12   2   0   0
   4.8840147831869886e-02   5   8  12   6   0   0
  -1.5876156327825359e-03   5   8  12   7   0   0
   1.4281310264963808e-02   5   8  12   8   0   0
   9.1435703401416650e-03   5   8  12   9   0   0
  -5.6319102929144047e-04   5   8  12  10   0   0
  -3.3529296157435287e-02   5   8  12  11   0   0
   3.8885744392130328e-03   5   9  12   7   0   0
  -3.3405610177509204e-02   5   9  12   8   0   0
   1.9171438100541258e-02   5   9  12  10   0   0
  -9.6035425570502025e-03   5   9  12  11   0   0
   3.1995913551709131e-02   5  10  12   1   0   0
   2.7347884530932225e-02   5  10  12   2   0   0
   2.6657623878566253e-02   5  10  12   6   0   0
   2.9836097902720096e-03   5  10  12   7   0   0
   1.3405361398208518e-02   5  10  12   8   0   0
   1.5710868099944153e-02   5  10  12   9   0   0
   1.6987583359172359e-02   5  10  12  10   0   0
  -1.3369182609007366e-02   5  10  12  11   0   0
   8.4387138124421071e-03   5  11  12   1   0   0
   7.2128264304528100e-03   5  11  12   2   0   0
   7.0307746790035982e-03   5  11  12   6   0   0
   4.4824213382089247e-03   5  11  12   7   0   0
  -1.0425542991716302e-02   5  11  12   8   0   0
  -5.7884027991580987e-05   5  11  12   9   0   0
   1.2036768269278379e-02   5  11  12  10   0   0
  -9.8124862257734837e-03   5  11  12  11   0   0
   1.2071474737012408e-02   5  12  12   5   0   0
  -1.0850356592440522e-02   5  12  12  13   0   0
   2.1397079570100255e-02   5  12  12  14   0   0
   2.7445368449889044e-02   5  13  12   3   0   0
  -9.6370072991336639e-02   5  13  12  12   0   0
  -5.4122712700718334e-02   5  14  12   3   0   0
   1.9004335041012921e-01   5  14  12  12   0   0
  -3.0342895913599777e-02   5   1  13   1   0   0
  -3.7007588658096252e-02   5   1  13   2   0   0
  -3.7503794363517529e-02   5   1  13   6   0   0
   2.6582789098557508e-02   5   1  13   7   0   0
  -7.3250690237135880e-04   5   1  13   8   0   0
  -1.7857068176367907e-02   5   1  13   9   0   0
  -1.5772014589680756e-02   5   1  13  10   0   0
  -1.8173835972036721e-02   5   1  13  11   0   0
  -6.9775591176661463e-03   5   2  13   1   0   0
  -1.6607333631252100e-04   5   2  13   2   0   0
   6.2405039794761275e-03   5   2  13   6   0   0
   2.3544879048863699e-02   5   2  13   7   0   0
  -6.4879521689197354e-04   5   2  13   8   0   0
  -1.5816343003778634e-02   5   2  13   9   0   0
  -1.3969571608687868e-02   5   2  13  10   0   0
  -1.6096910231240876e-02   5   2  13  11   0   0
   2.7384330831266529e-04   5   3  13   3   0   0
   1.4933502442740340e-02   5   3  13  12   0   0
   2.7384330831241722e-04   5   4  13   4   0   0
  -5.4002345524622021e-04   5   4  13   5   0   0
  -2.6637832955691824e-02   5   4  13  13   0   0
   1.9511161020184804e-02   5   4  13  14   0   0
   9.4144121444334150e-02   5   5  13   4   0   0
  -4.7192346569047264e-02   5   5  13   5   0   0
   8.2071098915803464e-01   5   5  13  13   0   0
  -2.6637832955691273e-02   5   5  13  14   0   0
   1.0018607366535528e-02   5   6  13   1   0   0
   1.5924511208109275e-02   5   6  13   2   0   0
   1.5668592212830609e-02   5   6  13   6   0   0
  -4.4287162488461339e-03   5   6  13   7   0   0
   1.2203629983658066e-04   5   6  13   8   0   0
   2.9750034014950672e-03   5   6  13   9   0   0
   2.6276316240325379e-03   5   6  13  10   0   0
   3.0277771972991242e-03   5   6  13  11   0   0
   4.9577218888054039e-02   5   7  13   1   0   0
   4.2375163169636576e-02   5   7  13   2   0   0
   4.1305613978710583e-02   5   7  13   6   0   0
  -3.6983002832219607e-02   5   7  13   7   0   0
  -5.0559933828067585e-03   5   7  13   8   0   0
   1.2116362749351572e-02   5   7  13   9   0   0
  -1.3546170423289114e-03   5   7  13  10   0   0
   3.0532801808559416e-02   5   7  13  11   0   0
  -1.3661341141155438e-03   5   8  13   1   0   0
  -1.1676765517640352e-03   5   8  13   2   0   0
  -1.1382043935990196e-03   5   8  13   6   0   0
  -1.1977136861358156e-02   5   8  13   7   0   0
  -1.6583968138763215e-03   5   8  13   8   0   0
   1.4029262482195711e-03   5   8  13   9   0   0
  -3.2110445747956247e-02   5   8  13  10   0   0
   5.3613934432321852e-03   5   8  13  11   0   0
  -3.3303645241902491e-02   5   9  13   1   0   0
  -2.8465642747244811e-02   5   9  13   2   0   0
  -2.7747169875586186e-02   5   9  13   6   0   0
  -3.0068003681772908e-02   5   9  13   7   0   0
   9.8386567261125758e-03   5   9  13   8   0   0
  -7.6387354378649039e-03   5   9  13   9   0   0
   1.2440872883385731e-02   5   9  13  10   0   0
  -2.1562728148207932e-02   5   9  13  11   0   0
  -2.9414995421251689e-02   5  10  13   1   0   0
  -2.5141894978501812e-02   5  10  13   2   0   0
  -2.4507313506214590e-02   5  10  13   6   0   0
  -2.7237124489023584e-04   5  10  13   7   0   0
  -5.2940586402776425e-03   5  10  13   8   0   0
  -8.2295551885503589e-03   5  10  13   9   0   0
  -3.6042829058719542e-02   5  10  13  10   0   0
  -1.6644703970439954e-02   5  10  13  11   0   0
  -3.3894420960895531e-02   5  11  13   1   0   0
  -2.8970596797723378e-02   5  11  13   2   0   0
  -2.8239378884966502e-02   5  11  13   6   0   0
   3.7164147008799898e-03   5  11  13   7   0   0
   6.4436392406708332e-03   5  11  13   8   0   0
  -1.6402555185127714e-02   5  11  13   9   0   0
  -9.7235604918882220e-03   5  11  13  10   0   0
  -3.0400388962080142e-02   5  11  13  11   0   0
   5.4595526385383944e-03   5  12  13   3   0   0
  -1.0850356592440531e-02   5  12  13  12   0   0
  -2.9347294606023033e-02   5  13  13   4   0   0
   2.6953347305440946e-02   5  13  13   5   0   0
  -1.1807078617621772e-01   5  13  13  13   0   0
   2.1397079570100296e-02   5  13  13  14   0   0
   4.5801867258931317e-02   5  14  13   4   0   0
  -2.9347294606023436e-02   5  14  13   5   0   0
   1.9004335041012960e-01   5  14  13  13   0   0
  -1.0850356592440775e-02   5  14  13  14   0   0
   5.9836683957731264e-02   5   1  14   1   0   0
   7.2979566382776848e-02   5   1  14   2   0   0
   7.3958092099566178e-02   5   1  14   6   0   0
  -2.3494600482046893e-02   5   1  14   7   0   0
   4.0474381621848276e-03   5   1  14   8   0   0
  -3.4510890510991717e-02   5   1  14   9   0   0
   1.1902398699769407e-02   5   1  14  10   0   0
   1.6852693195749848e-04   5   1  14  11   0   0
   1.3759859998499598e-02   5   2  14   1   0   0
   3.2749931868839108e-04   5   2  14   2   0   0
  -1.2306375285343688e-02   5   2  14   6   0   0
  -2.0809611986169665e-02   5   2  14   7   0   0
   3.5848925270060049e-03   5   2  14   8   0   0
  -3.0566948409261125e-02   5   2  14   9   0   0
   1.0542179631279800e-02   5   2  14  10   0   0
   1.4926749088306203e-04   5   2  14  11   0   0
  -5.4002345524631064e-04   5   3  14   3   0   0
  -2.9449109557396654e-02   5   3  14  12   0   0
  -5.4002345524623821e-04   5   4  14   4   0   0
  -2.7384330831258132e-04   5   4  14   5   0   0
   1.9511161020184804e-02   5   4  14  13   0   0
   2.6637832955691183e-02   5   4  14  14   0   0
   4.7740033185672409e-02   5   5  14   4   0   0
   9.3064074533841398e-02   5   5  14   5   0   0
  -2.6637832955691318e-02   5   5  14  13   0   0
   8.5973331119840468e-01   5   5  14  14   0   0
  -1.9756856576741637e-02   5   6  14   1   0   0
  -3.1403394951301053e-02   5   6  14   2   0   0
  -3.0898718532712689e-02   5   6  14   6   0   0
   3.9142212854042591e-03   5   6  14   7   0   0
  -6.7430678882525648e-04   5   6  14   8   0   0
   5.7495449782006946e-03   5   6  14   9   0   0
  -1.9829501835370985e-03   5   6  14  10   0   0
  -2.8076736386154149e-05   5   6  14  11   0   0
  -4.3817710266113724e-02   5   7  14   1   0   0
  -3.7452335243714843e-02   5   7  14   2   0   0
  -3.6507038238064435e-02   5   7  14   6   0   0
   5.6238588828271437e-02   5   7  14   7   0   0
   1.1229314775967419e-02   5   7  14   8   0   0
   2.0200736510281769e-02   5   7  14   9   0   0
  -1.9771002455364561e-02   5   7  14  10   0   0
  -2.2105077964611032e-03   5   7  14  11   0   0
   7.5485204715928815e-03   5   8  14   1   0   0
   6.4519509937691318e-03   5   8  14   2   0   0
   6.2891037396439831e-03   5   8  14   6   0   0
   7.7196360591266413e-03   5   8  14   7   0   0
   5.5179763675889157e-02   5   8  14   8   0   0
  -4.5828840823261387e-03   5   8  14   9   0   0
   8.7651434965910578e-03   5   8  14  10   0   0
   9.2515123092210966e-03   5   8  14  11   0   0
  -6.4363222630311523e-02   5   9  14   1   0   0
  -5.5013212161852093e-02   5   9  14   2   0   0
  -5.3624678592733448e-02   5   9  14   6   0   0
  -1.1907537117522334e-03   5   9  14   7   0   0
  -3.0516555055221095e-04   5   9  14   8   0   0
   7.3265934834652879e-02   5   9  14   9   0   0
   9.0901476483374439e-04   5   9  14  10   0   0
   2.3940152432647579e-03   5   9  14  11   0   0
   2.2198115609447615e-02   5  10  14   1   0   0
   1.8973407385613972e-02   5  10  14   2   0   0
   1.8494518550728391e-02   5  10  14   6   0   0
  -1.9222200793697873e-02   5  10  14   7   0   0
   2.2363604991580757e-02   5  10  14   8   0   0
  -9.5728603323785594e-03   5  10  14   9   0   0
   2.4356262676070963e-02   5  10  14  10   0   0
   6.8766062570135601e-03   5  10  14  11   0   0
   3.1430473917576243e-04   5  11  14   1   0   0
   2.6864586005996349e-04   5  11  14   2   0   0
   2.6186523809228261e-04   5  11  14   6   0   0
  -1.5808969291450786e-02   5  11  14   7   0   0
   9.8003139708875264e-03   5  11  14   8   0   0
   5.0107142439230652e-03   5  11  14   9   0   0
   1.0386284973854347e-02   5  11  14  10   0   0
   1.3251734597352275e-02   5  11  14  11   0   0
  -1.0766326546847674e-02   5  12  14   3   0   0
   2.1397079570100258e-02   5  12  14  12   0   0
  -2.8103978314162055e-03   5  13  14   4   0   0
  -2.9347294606023085e-02   5  13  14   5   0   0
   2.1397079570100286e-02   5  13  14  13   0   0
  -9.6370072991336334e-02   5  13  14  14   0   0
   2.9347294606023276e-02   5  14  14   4   0   0
   6.9944816732955911e-02   5  14  14   5   0   0
  -1.0850356592440730e-02   5  14  14  13   0   0
   2.3283750955032961e-01   5  14  14  14   0   0
   1.2643651032939190e-01   6   1   6   1   0   0
   8.0424349223992442e-02   6   2   6   1   0   0
   8.2883543657718189e-02   6   2   6   2   0   0
   5.7800463277849067e-02   6   3   6   3   0   0
   5.7800463277849587e-02   6   4   6   4   0   0
   5.7800463277849948e-02   6   5   6   5   0   0
   2.9170743015682787e-01   6   6   6   1   0   0
   2.9794645152587085e-01   6   6   6   2   0   0
   1.2887422403359612e+00   6   6   6   6   0   0
   2.5996196386113044e-02   6   7   6   7   0   0
   2.5996196386113040e-02   6   8   6   8   0   0
   2.5996196386113113e-02   6   9   6   9   0   0
   2.5996196386113050e-02   6  10   6  10   0   0
   2.5996196386112048e-02   6  11   6  11   0   0
  -1.9883497265563094e-03   6  12   6   3   0   0
   1.0086399526131411e-01   6  12   6  12   0   0
   1.7733725921490122e-03   6  13   6   4   0   0
  -8.9926874987944472e-04   6  13   6   5   0   0
   1.0086399526131473e-01   6  13   6  13   0   0
   8.9926874987959868e-04   6  14   6   4   0   0
   1.7733725921493127e-03   6  14   6   5   0   0
   1.0086399526131463e-01   6  14   6  14   0   0
   9.6517432774277045e-02   6   1   7   7   0   0
   1.9761639849465987e-01   6   2   7   7   0   0
  -5.2438030888922894e-03   6   3   7   3   0   0
  -2.0321115892424288e-02   6   3   7   4   0   0
   2.4860356008984206e-02   6   3   7   5   0   0
   2.1817261009795912e-03   6   3   7  12   0   0
  -1.2218622508456666e-02   6   3   7  13   0   0
   5.4012172199821417e-03   6   3   7  14   0   0
  -2.0321115892424590e-02   6   4   7   3   0   0
  -5.2741386297064305e-02   6   4   7   4   0   0
  -2.3004235907598997e-02   6   4   7   5   0   0
   8.4547623531950524e-03   6   4   7  12   0   0
  -1.5242272708855564e-02   6   4   7  13   0   0
  -1.8460635660516481e-02   6   4   7  14   0   0
   2.4860356008984657e-02   6   5   7   3   0   0
  -2.3004235907599657e-02   6   5   7   4   0   0
   5.7985189385956842e-02   6   5   7   5   0   0
  -1.0343349409770665e-02   6   5   7  12   0   0
  -1.9447362531149322e-02   6   5   7  13   0   0
   1.7188114136739131e-02   6   5   7  14   0   0
   9.4658544808473144e-01   6   6   7   7   0   0
  -1.9876874167218325e-02   6   7   7   1   0   0
  -1.1846882961462333e-03   6   7   7   2   0   0
   2.7648680097968219e-02   6   7   7   6   0   0
   1.0294471303797802e-02   6   7   7   7   0   0
   1.8415034001675597e-02   6   7   7   8   0   0
   4.5241204250026940e-03   6   7   7   9   0   0
  -1.9948142845360615e-03   6   7   7  10   0   0
  -1.1950123048424943e-02   6   7   7  11   0   0
   1.8415034001675597e-02   6   8   7   7   0   0
  -5.8200764132077870e-03   6   8   7   8   0   0
  -1.1484289411697927e-03   6   8   7   9   0   0
   1.1337093950565570e-02   6   8   7  10   0   0
   4.5677442850437927e-03   6   8   7  11   0   0
   4.5241204250027643e-03   6   9   7   7   0   0
  -1.1484289411698063e-03   6   9   7   8   0   0
  -1.4416987871736486e-02   6   9   7  10   0   0
   4.5342029548080965e-03   6   9   7  11   0   0
  -1.9948142845360247e-03   6  10   7   7   0   0
   1.1337093950565483e-02   6  10   7   8   0   0
  -1.4416987871736533e-02   6  10   7   9   0   0
  -1.1840176020229945e-03   6  10   7  10   0   0
   1.0491533651273529e-02   6  10   7  11   0   0
  -1.1950123048424688e-02   6  11   7   7   0   0
   4.5677442850436799e-03   6  11   7   8   0   0
   4.5342029548080792e-03   6  11   7   9   0   0
   1.0491533651273458e-02   6  11   7  10   0   0
  -3.2903772885670558e-03   6  11   7  11   0   0
  -2.6142077643816950e-03   6  12   7   3   0   0
  -1.0130742525287662e-02   6  12   7   4   0   0
   1.2393702547993364e-02   6  12   7   5   0   0
   5.2335942381805519e-03   6  12   7  12   0   0
  -2.9310421839868362e-02   6  12   7  13   0   0
   1.2956612339637194e-02   6  12   7  14   0   0
   1.4640709398542494e-02   6  13   7   3   0   0
   1.8263735142748729e-02   6  13   7   4   0   0
   2.3302396255354376e-02   6  13   7   5   0   0
  -2.9310421839868504e-02   6  13   7  12   0   0
   1.1511672242621082e-02   6  13   7  13   0   0
   5.8143731137229593e-02   6  13   7  14   0   0
  -6.4718958017918691e-03   6  14   7   3   0   0
   2.2120071377188310e-02   6  14   7   4   0   0
  -2.0595299020883608e-02   6  14   7   5   0   0
   1.2956612339637233e-02   6  14   7  12   0   0
   5.8143731137229482e-02   6  14   7  13   0   0
  -1.6745266480801664e-02   6  14   7  14   0   0
   9.6517432774276851e-02   6   1   8   8   0   0
   1.9761639849465976e-01   6   2   8   8   0   0
  -1.3153083286420319e-02   6   3   8   3   0   0
   3.5705315083783197e-02   6   3   8   4   0   0
   5.5268126857253838e-02   6   3   8   5   0   0
   5.4724452134993599e-03   6   3   8  12   0   0
   2.8495226027329809e-03   6   3   8  13   0   0
   2.7227262785736825e-02   6   3   8  14   0   0
   3.5705315083783981e-02   6   4   8   3   0   0
   2.0082977635398489e-02   6   4   8   4   0   0
  -2.0699711930187697e-03   6   4   8   5   0   0
  -1.4855481134866183e-02   6   4   8  12   0   0
   7.8417868441525863e-03   6   4   8  13   0   0
   3.0109021459447678e-03   6   4   8  14   0   0
   5.5268126857255316e-02   6   5   8   3   0   0
  -2.0699711930186348e-03   6   5   8   4   0   0
  -6.9298943489779592e-03   6   5   8   5   0   0
  -2.2994745010953152e-02   6   5   8  12   0   0
   5.3588535176543194e-04   6   5   8  13   0   0
  -2.9610134952575873e-03   6   5   8  14   0   0
   9.4658544808473144e-01   6   6   8   8   0   0
   1.8415034001675597e-02   6   7   8   7   0   0
  -5.8200764132077627e-03   6   7   8   8   0   0
  -1.1484289411698024e-03   6   7   8   9   0   0
   1.1337093950565480e-02   6   7   8  10   0   0
   4.5677442850437814e-03   6   7   8  11   0   0
  -1.9876874167218467e-02   6   8   8   1   0   0
  -1.1846882961462795e-03   6   8   8   2   0   0
   2.7648680097968233e-02   6   8   8   6   0   0
  -5.8200764132077861e-03   6   8   8   7   0   0
  -1.1936268095258473e-02   6   8   8   8   0   0
   1.0943786194535243e-02   6   8   8   9   0   0
  -2.6501587773747814e-03   6   8   8  10   0   0
   1.7584209504988940e-02   6   8   8  11   0   0
  -1.1484289411698063e-03   6   9   8   7   0   0
   1.0943786194535196e-02   6   9   8   8   0   0
  -9.6612728103958473e-07   6   9   8  10   0   0
   7.0484522705757920e-03   6   9   8  11   0   0
   1.1337093950565483e-02   6  10   8   7   0   0
  -2.6501587773748309e-03   6  10   8   8   0   0
  -9.6612728106047108e-07   6  10   8   9   0   0
  -1.5482988866453790e-02   6  10   8  10   0   0
  -3.7943464662862526e-04   6  10   8  11   0   0
   4.5677442850436808e-03   6  11   8   7   0   0
   1.7584209504988482e-02   6  11   8   8   0   0
   7.0484522705757460e-03   6  11   8   9   0   0
  -3.7943464662855517e-04   6  11   8  10   0   0
   9.0042229600366900e-03   6  11   8  11   0   0
  -6.5572432583815426e-03   6  12   8   3   0   0
   1.7800270212175087e-02   6  12   8   4   0   0
   2.7552973272226070e-02   6  12   8   5   0   0
   1.3127476324947287e-02   6  12   8  12   0   0
   6.8355258107481668e-03   6  12   8  13   0   0
   6.5313627394787063e-02   6  12   8  14   0   0
  -3.4143809846253681e-03   6  13   8   3   0   0
  -9.3962574153581124e-03   6  13   8   4   0   0
  -6.4211343796756633e-04   6  13   8   5   0   0
   6.8355258107481902e-03   6  13   8  12   0   0
  -1.6195908912329467e-02   6  13   8  13   0   0
  -9.6542013846781412e-03   6  13   8  14   0   0
  -3.2624499356439095e-02   6  14   8   3   0   0
  -3.6077506540294828e-03   6  14   8   4   0   0
   3.5479726195995157e-03   6  14   8   5   0   0
   6.5313627394787355e-02   6  14   8  12   0   0
  -9.6542013846781256e-03   6  14   8  13   0   0
   3.0684325873820946e-03   6  14   8  14   0   0
   9.6517432774276921e-02   6   1   9   9   0   0
   1.9761639849465981e-01   6   2   9   9   0   0
  -3.9352664735895590e-02   6   3   9   3   0   0
   1.6372990049773228e-02   6   3   9  12   0   0
  -5.6800664274235459e-04   6   4   9   4   0   0
   5.5448978684065037e-02   6   4   9   5   0   0
  -1.0644611768831356e-02   6   4   9  13   0   0
   2.0468818264276819e-02   6   4   9  14   0   0
   5.5448978684065189e-02   6   5   9   4   0   0
   3.9920671378639444e-02   6   5   9   5   0   0
   1.3063824013414651e-02   6   5   9  13   0   0
   2.5247380797844075e-02   6   5   9  14   0   0
   9.4658544808473155e-01   6   6   9   9   0   0
   4.5241204250026828e-03   6   7   9   7   0   0
  -1.1484289411698013e-03   6   7   9   8   0   0
  -1.4416987871736524e-02   6   7   9  10   0   0
   4.5342029548080809e-03   6   7   9  11   0   0
  -1.1484289411697914e-03   6   8   9   7   0   0
   1.0943786194535229e-02   6   8   9   8   0   0
  -9.6612728105117913e-07   6   8   9  10   0   0
   7.0484522705757209e-03   6   8   9  11   0   0
  -1.9876874167218814e-02   6   9   9   1   0   0
  -1.1846882961458469e-03   6   9   9   2   0   0
   2.7648680097968559e-02   6   9   9   6   0   0
   2.4745545199687861e-02   6   9   9   9   0   0
  -1.4416987871736529e-02   6  10   9   7   0   0
  -9.6612728106070740e-07   6  10   9   8   0   0
  -1.7635344674678356e-02   6  10   9  10   0   0
  -2.3482314563637741e-03   6  10   9  11   0   0
   4.5342029548080739e-03   6  11   9   7   0   0
   7.0484522705757408e-03   6  11   9   8   0   0
  -2.3482314563637811e-03   6  11   9  10   0   0
  -2.2578107144546920e-02   6  11   9  11   0   0
  -1.9618593596621926e-02   6  12   9   3   0   0
   3.9276051355761996e-02   6  12   9  12   0   0
   1.2754683881910421e-02   6  13   9   4   0   0
  -1.5653454461148818e-02   6  13   9   5   0   0
   3.6947037395045436e-02   6  13   9  13   0   0
  -1.6401192327357154e-02   6  13   9  14   0   0
  -2.4526334268157268e-02   6  14   9   4   0   0
  -3.0252147087752354e-02   6  14   9   5   0   0
  -1.6401192327357123e-02   6  14   9  13   0   0
  -7.6223088750807216e-02   6  14   9  14   0   0
   9.6517432774276712e-02   6   1  10  10   0   0
   1.9761639849465976e-01   6   2  10  10   0   0
   1.1079321270374252e-02   6   3  10   3   0   0
  -5.2457659233743979e-02   6   3  10   4   0   0
   3.0166103167938784e-02   6   3  10   5   0   0
  -4.6096399858943258e-03   6   3  10  12   0   0
  -2.5142056040235037e-02   6   3  10  13   0   0
   1.3229084326714308e-03   6   3  10  14   0   0
  -5.2457659233744847e-02   6   4  10   3   0   0
   2.0129215781915701e-02   6   4  10   4   0   0
   1.5268992646845900e-02   6   4  10   5   0   0
   2.1825427539219781e-02   6   4  10  12   0   0
   4.5962703477897462e-03   6   4  10  13   0   0
   9.4536495193850278e-03   6   4  10  14   0   0
   3.0166103167939180e-02   6   5  10   3   0   0
   1.5268992646846197e-02   6   5  10   4   0   0
  -3.1208537052290229e-02   6   5  10   5   0   0
  -1.2550847835180607e-02   6   5  10  12   0   0
   1.1538446339655945e-02   6   5  10  13   0   0
  -8.7075235652097609e-03   6   5  10  14   0   0
   9.4658544808473155e-01   6   6  10  10   0   0
  -1.9948142845360646e-03   6   7  10   7   0   0
   1.1337093950565471e-02   6   7  10   8   0   0
  -1.4416987871736533e-02   6   7  10   9   0   0
  -1.1840176020229858e-03   6   7  10  10   0   0
   1.0491533651273519e-02   6   7  10  11   0   0
   1.1337093950565565e-02   6   8  10   7   0   0
  -2.6501587773747797e-03   6   8  10   8   0   0
  -9.6612728105107494e-07   6   8  10   9   0   0
  -1.5482988866453908e-02   6   8  10  10   0   0
  -3.7943464662860125e-04   6   8  10  11   0   0
  -1.4416987871736484e-02   6   9  10   7   0   0
  -9.6612728103962052e-07   6   9  10   8   0   0
  -1.7635344674678255e-02   6   9  10  10   0   0
  -2.3482314563638396e-03   6   9  10  11   0   0
  -1.9876874167218339e-02   6  10  10   1   0   0
  -1.1846882961462171e-03   6  10  10   2   0   0
   2.7648680097968208e-02   6  10  10   6   0   0
  -1.1840176020229949e-03   6  10  10   7   0   0
  -1.5482988866453794e-02   6  10  10   8   0   0
  -1.7635344674678352e-02   6  10  10   9   0   0
   1.9682297543927351e-03   6  10  10  10   0   0
  -7.5058547247053601e-03   6  10  10  11   0   0
   1.0491533651273458e-02   6  11  10   7   0   0
  -3.7943464662855425e-04   6  11  10   8   0   0
  -2.3482314563637828e-03   6  11  10   9   0   0
  -7.5058547247052665e-03   6  11  10  10   0   0
   2.6767433075180584e-03   6  11  10  11   0   0
   5.5234049025304384e-03   6  12  10   3   0   0
  -2.6151863017249876e-02   6  12  10   4   0   0
   1.5038791462214009e-02   6  12  10   5   0   0
  -1.1057751593763940e-02   6  12  10  12   0   0
  -6.0311566868594658e-02   6  12  10  13   0   0
   3.1734349915697475e-03   6  12  10  14   0   0
   3.0125943895245564e-02   6  13  10   3   0   0
  -5.5073850127173194e-03   6  13  10   4   0   0
  -1.3825702500642195e-02   6  13  10   5   0   0
  -6.0311566868594964e-02   6  13  10  12   0   0
   2.6846560842841323e-03   6  13  10  13   0   0
  -2.9672779681133538e-02   6  13  10  14   0   0
  -1.5851474182312475e-03   6  14  10   3   0   0
  -1.1327638223800352e-02   6  14  10   4   0   0
   1.0433608372053071e-02   6  14  10   5   0   0
   3.1734349915697158e-03   6  14  10  12   0   0
  -2.9672779681133448e-02   6  14  10  13   0   0
   8.3730955094798738e-03   6  14  10  14   0   0
   9.6517432774276893e-02   6   1  11  11   0   0
   1.9761639849465970e-01   6   2  11  11   0   0
   6.5746819199567513e-02   6   3  11   3   0   0
   1.4362220469627339e-02   6   3  11   4   0   0
   7.9561132411310881e-03   6   3  11   5   0   0
  -2.7354488540564943e-02   6   3  11  12   0   0
   3.8323507814292585e-03   6   3  11  13   0   0
   5.6548507078128252e-03   6   3  11  14   0   0
   1.4362220469627615e-02   6   4  11   3   0   0
  -5.1029806079214056e-02   6   4  11   4   0   0
   2.8366981535930598e-02   6   4  11   5   0   0
  -5.9755163829444107e-03   6   4  11  12   0   0
  -2.4273675324624159e-02   6   4  11  13   0   0
   9.2397958370266792e-04   6   4  11  14   0   0
   7.9561132411313622e-03   6   5  11   3   0   0
   2.8366981535930452e-02   6   5  11   4   0   0
  -1.4717013120354562e-02   6   5  11   5   0   0
  -3.3102043738626624e-03   6   5  11  12   0   0
   1.3295564111781294e-02   6   5  11  13   0   0
  -1.2329046173028166e-04   6   5  11  14   0   0
   9.4658544808473244e-01   6   6  11  11   0   0
  -1.1950123048424946e-02   6   7  11   7   0   0
   4.5677442850437832e-03   6   7  11   8   0   0
   4.5342029548080835e-03   6   7  11   9   0   0
   1.0491533651273515e-02   6   7  11  10   0   0
  -3.2903772885670727e-03   6   7  11  11   0   0
   4.5677442850437936e-03   6   8  11   7   0   0
   1.7584209504988940e-02   6   8  11   8   0   0
   7.0484522705757252e-03   6   8  11   9   0   0
  -3.7943464662860157e-04   6   8  11  10   0   0
   9.0042229600367923e-03   6   8  11  11   0   0
   4.5342029548080965e-03   6   9  11   7   0   0
   7.0484522705757911e-03   6   9  11   8   0   0
  -2.3482314563638396e-03   6   9  11  10   0   0
  -2.2578107144547221e-02   6   9  11  11   0   0
   1.0491533651273525e-02   6  10  11   7   0   0
  -3.7943464662862586e-04   6  10  11   8   0   0
  -2.3482314563637772e-03   6  10  11   9   0   0
  -7.5058547247053671e-03   6  10  11  10   0   0
   2.6767433075180758e-03   6  10  11  11   0   0
  -1.9876874167218027e-02   6  11  11   1   0   0
  -1.1846882961457834e-03   6  11  11   2   0   0
   2.7648680097967133e-02   6  11  11   6   0   0
  -3.2903772885670541e-03   6  11  11   7   0   0
   9.0042229600366900e-03   6  11  11   8   0   0
  -2.2578107144546930e-02   6  11  11   9   0   0
   2.6767433075180589e-03   6  11  11  10   0   0
   1.8717682681414153e-03   6  11  11  11   0   0
   3.2776944961756191e-02   6  12  11   3   0   0
   7.1600377872680539e-03   6  12  11   4   0   0
   3.9663833017151802e-03   6  12  11   5   0   0
  -6.5618820598056612e-02   6  12  11  12   0   0
   9.1931654295971700e-03   6  12  11  13   0   0
   1.3565036449301696e-02   6  12  11  14   0   0
  -4.5920343365505531e-03   6  13  11   3   0   0
   2.9085424827259853e-02   6  13  11   4   0   0
  -1.5931132197230021e-02   6  13  11   5   0   0
   9.1931654295972082e-03   6  13  11  12   0   0
   6.6357485082860518e-02   6  13  11  13   0   0
  -2.1105903446573108e-03   6  13  11  14   0   0
  -6.7758068348480645e-03   6  14  11   3   0   0
  -1.1071392512382156e-03   6  14  11   4   0   0
   1.4773022249890054e-04   6  14  11   5   0   0
   1.3565036449301782e-02   6  14  11  12   0   0
  -2.1105903446572748e-03   6  14  11  13   0   0
  -7.3866448480347166e-04   6  14  11  14   0   0
  -3.7376517488112729e-02   6   1  12   3   0   0
   2.4213392450528812e-01   6   1  12  12   0   0
  -4.5448064225849821e-02   6   2  12   3   0   0
   2.8087696831891173e-01   6   2  12  12   0   0
   1.7433073059474734e-02   6   3  12   1   0   0
   3.5755004337823450e-02   6   3  12   2   0   0
   3.5562918404026825e-02   6   3  12   6   0   0
   2.3432546512847314e-04   6   3  12   7   0   0
   5.8776088779776130e-04   6   3  12   8   0   0
   1.7585197826778223e-03   6   3  12   9   0   0
  -4.9509241021799882e-04   6   3  12  10   0   0
  -2.9379733999338000e-03   6   3  12  11   0   0
   9.0807279615620423e-04   6   4  12   7   0   0
  -1.5955337038286142e-03   6   4  12   8   0   0
   2.3441317667969694e-03   6   4  12  10   0   0
  -6.4179259494941284e-04   6   4  12  11   0   0
  -1.1109140420253153e-03   6   5  12   7   0   0
  -2.4697207948259242e-03   6   5  12   8   0   0
  -1.3480075502673764e-03   6   5  12  10   0   0
  -3.5552821191791841e-04   6   5  12  11   0   0
  -1.7430676805133627e-01   6   6  12   3   0   0
   1.2131890361968278e+00   6   6  12  12   0   0
  -2.8945504036591155e-04   6   7  12   3   0   0
  -1.1217143972057024e-03   6   7  12   4   0   0
   1.3722779498212966e-03   6   7  12   5   0   0
  -2.5229540287139720e-04   6   7  12  12   0   0
   1.4129648478422702e-03   6   7  12  13   0   0
  -6.2459823618523421e-04   6   7  12  14   0   0
  -7.2604294804123068e-04   6   8  12   3   0   0
   1.9709137135119456e-03   6   8  12   4   0   0
   3.0507701412934712e-03   6   8  12   5   0   0
  -6.3283506083164332e-04   6   8  12  12   0   0
  -3.2951957293121659e-04   6   8  12  13   0   0
  -3.1485681133520509e-03   6   8  12  14   0   0
  -2.1722454040588976e-03   6   9  12   3   0   0
  -1.8933770462575559e-03   6   9  12  12   0   0
   6.1157242771687646e-04   6  10  12   3   0   0
  -2.8956338774751020e-03   6  10  12   4   0   0
   1.6651522687139405e-03   6  10  12   5   0   0
   5.3306002839270141e-04   6  10  12  12   0   0
   2.9074342351394669e-03   6  10  12  13   0   0
  -1.5298149287981452e-04   6  10  12  14   0   0
   3.6291881832201341e-03   6  11  12   3   0   0
   7.9278665413394815e-04   6  11  12   4   0   0
   4.3917306587000152e-04   6  11  12   5   0   0
   3.1632805344283272e-03   6  11  12  12   0   0
  -4.4317409225244013e-04   6  11  12  13   0   0
  -6.5392848206955324e-04   6  11  12  14   0   0
   1.0287513636532941e-01   6  12  12   1   0   0
   5.2885172648747578e-02   6  12  12   2   0   0
   8.6613551798308736e-02   6  12  12   6   0   0
   4.5304747378849836e-03   6  12  12   7   0   0
   1.1363834710088788e-02   6  12  12   8   0   0
   3.3999418062072219e-02   6  12  12   9   0   0
  -9.5721720052128045e-03   6  12  12  10   0   0
  -5.6803106148453020e-02   6  12  12  11   0   0
  -2.5372644431151212e-02   6  13  12   7   0   0
   5.9171910538715032e-03   6  13  12   8   0   0
  -5.2208867876509669e-02   6  13  12  10   0   0
   7.9580880451418212e-03   6  13  12  11   0   0
   1.1215925847874323e-02   6  14  12   7   0   0
   5.6538914842314339e-02   6  14  12   8   0   0
   2.7470924201080191e-03   6  14  12  10   0   0
   1.1742609792656719e-02   6  14  12  11   0   0
   3.3335429284970665e-02   6   1  13   4   0   0
  -1.6904236567379594e-02   6   1  13   5   0   0
   2.4213392450528795e-01   6   1  13  13   0   0
   4.0534293533940433e-02   6   2  13   4   0   0
  -2.0554746157064131e-02   6   2  13   5   0   0
   2.8087696831891168e-01   6   2  13  13   0   0
  -1.3123253194970662e-03   6   3  13   7   0   0
   3.0604928317059946e-04   6   3  13   8   0   0
  -2.7003499537675509e-03   6   3  13  10   0   0
   4.1160867030495476e-04   6   3  13  11   0   0
  -1.5548237590051061e-02   6   4  13   1   0   0
  -3.1889231495856589e-02   6   4  13   2   0   0
  -3.1717913580409582e-02   6   4  13   6   0   0
  -1.6370765516875016e-03   6   4  13   7   0   0
   8.4223695580749067e-04   6   4  13   8   0   0
  -1.1432707353706054e-03   6   4  13   9   0   0
   4.9365646155977681e-04   6   4  13  10   0   0
  -2.6070826481232705e-03   6   4  13  11   0   0
   7.8844368308928388e-03   6   5  13   1   0   0
   1.6170876593478465e-02   6   5  13   2   0   0
   1.6084002098892165e-02   6   5  13   6   0   0
  -2.0887187757385717e-03   6   5  13   7   0   0
   5.7556071888072368e-05   6   5  13   8   0   0
   1.4031030920546371e-03   6   5  13   9   0   0
   1.2392718793557884e-03   6   5  13  10   0   0
   1.4279928370662777e-03   6   5  13  11   0   0
   1.5546100414826244e-01   6   6  13   4   0   0
  -7.8833530795699672e-02   6   6  13   5   0   0
   1.2131890361968278e+00   6   6  13  13   0   0
   1.6210751064550675e-03   6   7  13   3   0   0
   2.0222303158169436e-03   6   7  13   4   0   0
   2.5801300648769922e-03   6   7  13   5   0   0
   1.4129648478422713e-03   6   7  13  12   0   0
  -5.5494213995171081e-04   6   7  13  13   0   0
  -2.8029295746112249e-03   6   7  13  14   0   0
  -3.7805326691894262e-04   6   8  13   3   0   0
  -1.0403894084119814e-03   6   8  13   4   0   0
  -7.1097245459472017e-05   6   8  13   5   0   0
  -3.2951957293121502e-04   6   8  13  12   0   0
   7.8075471233417541e-04   6   8  13  13   0   0
   4.6539921073349068e-04   6   8  13  14   0   0
   1.4122471779768619e-03   6   9  13   4   0   0
  -1.7332100970138518e-03   6   9  13   5   0   0
  -1.7811024814422282e-03   6   9  13  13   0   0
   7.9065079130768436e-04   6   9  13  14   0   0
   3.3356592483084449e-03   6  10  13   3   0   0
  -6.0979864450205605e-04   6  10  13   4   0   0
  -1.5308344386151286e-03   6  10  13   5   0   0
   2.9074342351394656e-03   6  10  13  12   0   0
  -1.2941897241757212e-04   6  10  13  13   0   0
   1.4304329994385041e-03   6  10  13  14   0   0
  -5.0844753135459875e-04   6  11  13   3   0   0
   3.2204490140919522e-03   6  11  13   4   0   0
  -1.7639556335396769e-03   6  11  13   5   0   0
  -4.4317409225243991e-04   6  11  13  12   0   0
  -3.1988892662671848e-03   6  11  13  13   0   0
   1.0174503736218561e-04   6  11  13  14   0   0
  -2.5372644431151063e-02   6  12  13   7   0   0
   5.9171910538714971e-03   6  12  13   8   0   0
  -5.2208867876509364e-02   6  12  13  10   0   0
   7.9580880451417917e-03   6  12  13  11   0   0
   1.0287513636532999e-01   6  13  13   1   0   0
   5.2885172648748160e-02   6  13  13   2   0   0
   8.6613551798309346e-02   6  13  13   6   0   0
   9.9651096192236738e-03   6  13  13   7   0   0
  -1.4020031520422889e-02   6  13  13   8   0   0
   3.1983300947712956e-02   6  13  13   9   0   0
   2.3239796622037704e-03   6  13  13  10   0   0
   5.7442533019524504e-02   6  13  13  11   0   0
   5.0332275124021102e-02   6  14  13   7   0   0
  -8.3571850428634051e-03   6  14  13   8   0   0
  -1.4197735653292909e-02   6  14  13   9   0   0
  -2.5686320457838360e-02   6  14  13  10   0   0
  -1.8270381316030202e-03   6  14  13  11   0   0
   1.6904236567379622e-02   6   1  14   4   0   0
   3.3335429284970700e-02   6   1  14   5   0   0
   2.4213392450528820e-01   6   1  14  14   0   0
   2.0554746157063982e-02   6   2  14   4   0   0
   4.0534293533940113e-02   6   2  14   5   0   0
   2.8087696831891129e-01   6   2  14  14   0   0
   5.8011073744036583e-04   6   3  14   7   0   0
   2.9243088825759308e-03   6   3  14   8   0   0
   1.4208526618852109e-04   6   3  14  10   0   0
   6.0735191358127758e-04   6   3  14  11   0   0
  -7.8844368308929394e-03   6   4  14   1   0   0
  -1.6170876593478611e-02   6   4  14   2   0   0
  -1.6084002098892408e-02   6   4  14   6   0   0
  -1.9827406546478097e-03   6   4  14   7   0   0
   3.2338204391840639e-04   6   4  14   8   0   0
   2.1984269053088082e-03   6   4  14   9   0   0
   1.0153569780355170e-03   6   4  14  10   0   0
   9.9238830036107068e-05   6   4  14  11   0   0
  -1.5548237590051478e-02   6   5  14   1   0   0
  -3.1889231495856908e-02   6   5  14   2   0   0
  -3.1717913580409825e-02   6   5  14   6   0   0
   1.8460671291254591e-03   6   5  14   7   0   0
  -3.1802381802946043e-04   6   5  14   8   0   0
   2.7116622228959011e-03   6   5  14   9   0   0
  -9.3522028664332210e-04   6   5  14  10   0   0
  -1.3241852301226539e-05   6   5  14  11   0   0
   7.8833530795699741e-02   6   6  14   4   0   0
   1.5546100414826206e-01   6   6  14   5   0   0
   1.2131890361968278e+00   6   6  14  14   0   0
  -7.1659295258605946e-04   6   7  14   3   0   0
   2.4492185512636063e-03   6   7  14   4   0   0
  -2.2803899485961177e-03   6   7  14   5   0   0
  -6.2459823618523551e-04   6   7  14  12   0   0
  -2.8029295746112254e-03   6   7  14  13   0   0
   8.0723754282310432e-04   6   7  14  14   0   0
  -3.6123088251821837e-03   6   8  14   3   0   0
  -3.9946389319946184e-04   6   8  14   4   0   0
   3.9284504155174827e-04   6   8  14   5   0   0
  -3.1485681133520435e-03   6   8  14  12   0   0
   4.6539921073349085e-04   6   8  14  13   0   0
  -1.4791965150252347e-04   6   8  14  14   0   0
  -2.7156491432489631e-03   6   9  14   4   0   0
  -3.3496329464512403e-03   6   9  14   5   0   0
   7.9065079130768404e-04   6   9  14  13   0   0
   3.6744795276998504e-03   6   9  14  14   0   0
  -1.7551355947355139e-04   6  10  14   3   0   0
  -1.2542392475435912e-03   6  10  14   4   0   0
   1.1552488572801028e-03   6  10  14   5   0   0
  -1.5298149287981471e-04   6  10  14  12   0   0
   1.4304329994385037e-03   6  10  14  13   0   0
  -4.0364105597512904e-04   6  10  14  14   0   0
  -7.5024313966738838e-04   6  11  14   3   0   0
  -1.2258667464178579e-04   6  11  14   4   0   0
   1.6357252892747521e-05   6  11  14   5   0   0
  -6.5392848206955140e-04   6  11  14  12   0   0
   1.0174503736218405e-04   6  11  14  13   0   0
   3.5608731838837105e-05   6  11  14  14   0   0
   1.1215925847874298e-02   6  12  14   7   0   0
   5.6538914842314075e-02   6  12  14   8   0   0
   2.7470924201080556e-03   6  12  14  10   0   0
   1.1742609792656664e-02   6  12  14  11   0   0
   5.0332275124021247e-02   6  13  14   7   0   0
  -8.3571850428634190e-03   6  13  14   8   0   0
  -1.4197735653292912e-02   6  13  14   9   0   0
  -2.5686320457838464e-02   6  13  14  10   0   0
  -1.8270381316030484e-03   6  13  14  11   0   0
   1.0287513636532961e-01   6  14  14   1   0   0
   5.2885172648747827e-02   6  14  14   2   0   0
   8.6613551798308999e-02   6  14  14   6   0   0
  -1.4495584357108703e-02   6  14  14   7   0   0
   2.6561968103340199e-03   6  14  14   8   0   0
  -6.5982719009784890e-02   6  14  14   9   0   0
   7.2481923430090947e-03   6  14  14  10   0   0
  -6.3942687107099085e-04   6  14  14  11   0   0
   3.6054404064141413e-02   7   1   7   1   0   0
   1.0543733752655151e-02   7   2   7   1   0   0
   5.2994832321732240e-03   7   2   7   2   0   0
   3.6915277759295394e-02   7   3   7   3   0   0
   1.2912936118673659e-02   7   4   7   3   0   0
   9.3668759216046990e-02   7   4   7   4   0   0
   3.7873246292453096e-02   7   5   7   3   0   0
  -1.3325805791186932e-02   7   5   7   4   0   0
   1.1039933130973575e-01   7   5   7   5   0   0
  -2.7713118994809431e-02   7   6   7   1   0   0
  -4.4151099573920870e-03   7   6   7   2   0   0
   2.9301163809823425e-02   7   6   7   6   0   0
  -1.8203163610783678e-02   7   7   7   1   0   0
  -5.6147050331027256e-03   7   7   7   2   0   0
   1.2697524873555547e-02   7   7   7   6   0   0
   1.0349603159352678e+00   7   7   7   7   0   0
  -3.2562320777656563e-02   7   8   7   1   0   0
  -1.0043739114200270e-02   7   8   7   2   0   0
   2.2713682459572740e-02   7   8   7   6   0   0
   4.0604623575287185e-02   7   8   7   8   0   0
  -7.9997604404251684e-03   7   9   7   1   0   0
  -2.4674993956469793e-03   7   9   7   2   0   0
   5.5801925064612613e-03   7   9   7   6   0   0
  -4.0891442998752733e-03   7   9   7   8   0   0
   1.9398671745688538e-02   7   9   7   9   0   0
   3.5273235237580970e-03   7  10   7   1   0   0
   1.0879911627280955e-03   7  10   7   2   0   0
  -2.4604667154374455e-03   7  10   7   6   0   0
  -4.0055023676123435e-03   7  10   7   8   0   0
   3.3026524982687254e-03   7  10   7   9   0   0
   3.5032478818142317e-02   7  10   7  10   0   0
   2.1130764135427350e-02   7  11   7   1   0   0
   6.5177136393042437e-03   7  11   7   2   0   0
  -1.4739657838809751e-02   7  11   7   6   0   0
  -1.1470395476137691e-02   7  11   7   8   0   0
  -1.7482801089179247e-02   7  11   7   9   0   0
  -2.8446974608066881e-03   7  11   7  10   0   0
   2.3657817891495129e-02   7  11   7  11   0   0
  -1.6387937027835177e-02   7  12   7   3   0   0
  -7.2530381252181395e-03   7  12   7   4   0   0
  -2.1272938761595729e-02   7  12   7   5   0   0
   2.3627100043741918e-02   7  12   7  12   0   0
  -3.1522372254839111e-03   7  13   7   3   0   0
   4.6432473288890559e-02   7  13   7   4   0   0
  -3.2754877669520205e-02   7  13   7   5   0   0
   3.2232664664279269e-03   7  13   7  12   0   0
   6.4363121419935693e-02   7  13   7  13   0   0
   2.2253266862974210e-02   7  14   7   3   0   0
   1.5153380635777168e-02   7  14   7   4   0   0
   4.8043390825800995e-02   7  14   7   5   0   0
  -2.2754698874823953e-02   7  14   7  12   0   0
  -8.3985845770812514e-03   7  14   7  13   0   0
   5.7692257485974355e-02   7  14   7  14   0   0
  -3.2562320777656500e-02   7   1   8   7   0   0
   1.0291330176208278e-02   7   1   8   8   0   0
   2.0307055403380428e-03   7   1   8   9   0   0
  -2.0046777533571442e-02   7   1   8  10   0   0
  -8.0768981814733094e-03   7   1   8  11   0   0
  -1.0043739114200272e-02   7   2   8   7   0   0
   3.1743264288108522e-03   7   2   8   8   0   0
   6.2636434313709190e-04   7   2   8   9   0   0
  -6.1833615915288390e-03   7   2   8  10   0   0
  -2.4912922743007019e-03   7   2   8  11   0   0
   1.5275548729731844e-02   7   3   8   3   0   0
  -2.0705618407741790e-02   7   3   8   4   0   0
  -1.2806958688404797e-03   7   3   8   5   0   0
  -8.5800887034632022e-03   7   3   8  12   0   0
  -7.1297641093199101e-03   7   3   8  13   0   0
  -7.0199443981489940e-03   7   3   8  14   0   0
  -5.4546466384525545e-02   7   4   8   3   0   0
  -3.6989921988551923e-02   7   4   8   4   0   0
  -1.4605551761781466e-02   7   4   8   5   0   0
   3.2734366541416433e-02   7   4   8  12   0   0
  -1.4329196402707285e-02   7   4   8  13   0   0
  -1.7681603215282941e-02   7   4   8  14   0   0
   3.6123831514966009e-02   7   5   8   3   0   0
   2.9177489728442921e-03   7   5   8   4   0   0
   2.1714373258820311e-02   7   5   8   5   0   0
  -2.2607351557560971e-02   7   5   8  12   0   0
  -3.0863880898109987e-03   7   5   8  13   0   0
   1.2110149945875680e-02   7   5   8  14   0   0
   2.2713682459572681e-02   7   6   8   7   0   0
  -7.1786654061035743e-03   7   6   8   8   0   0
  -1.4165083971466306e-03   7   6   8   9   0   0
   1.3983528457457990e-02   7   6   8  10   0   0
   5.6339995482806047e-03   7   6   8  11   0   0
  -3.2562320777656750e-02   7   7   8   1   0   0
  -1.0043739114200265e-02   7   7   8   2   0   0
   2.2713682459572702e-02   7   7   8   6   0   0
   9.5375106878469362e-01   7   7   8   8   0   0
   8.1782885997507167e-03   7   7   8   9   0   0
   8.0110047352248415e-03   7   7   8  10   0   0
   2.2940790952275414e-02   7   7   8  11   0   0
   1.0291330176208304e-02   7   8   8   1   0   0
   3.1743264288108548e-03   7   8   8   2   0   0
  -7.1786654061036176e-03   7   8   8   6   0   0
   4.0604623575287178e-02   7   8   8   7   0   0
  -4.0827527459445668e-03   7   8   8   9   0   0
   3.6389076562015079e-03   7   8   8  10   0   0
   8.1460346483256394e-04   7   8   8  11   0   0
   2.0307055403380454e-03   7   9   8   1   0   0
   6.2636434313709753e-04   7   9   8   2   0   0
  -1.4165083971466254e-03   7   9   8   6   0   0
  -4.0891442998752733e-03   7   9   8   7   0   0
   8.1655054918891388e-03   7   9   8   8   0   0
   1.1017025902591107e-03   7   9   8   9   0   0
   2.1386371845332430e-02   7   9   8  10   0   0
   3.6261255504889639e-03   7   9   8  11   0   0
  -2.0046777533571435e-02   7  10   8   1   0   0
  -6.1833615915288451e-03   7  10   8   2   0   0
   1.3983528457458091e-02   7  10   8   6   0   0
  -4.0055023676123401e-03   7  10   8   7   0   0
  -7.2778153124028605e-03   7  10   8   8   0   0
   1.5531015711102700e-02   7  10   8   9   0   0
  -2.9691937917224534e-03   7  10   8  10   0   0
   1.4230774873156885e-02   7  10   8  11   0   0
  -8.0768981814733701e-03   7  11   8   1   0   0
  -2.4912922743007058e-03   7  11   8   2   0   0
   5.6339995482806203e-03   7  11   8   6   0   0
  -1.1470395476137691e-02   7  11   8   7   0   0
  -1.6292069296650184e-03   7  11   8   8   0   0
   3.1409159721586337e-03   7  11   8   9   0   0
  -2.3941090988134073e-02   7  11   8  10   0   0
   1.8674912014633549e-03   7  11   8  11   0   0
  -8.5800887034631675e-03   7  12   8   3   0   0
   9.5338081776678452e-03   7  12   8   4   0   0
   3.0363888484649815e-03   7  12   8   5   0   0
   8.7734235143436482e-03   7  12   8  12   0   0
   1.1901344898929609e-02   7  12   8  13   0   0
   5.4105386698183660e-03   7  12   8  14   0   0
  -3.9419782230626241e-02   7  13   8   3   0   0
  -1.9762573431397895e-02   7  13   8   4   0   0
  -1.3801095908561059e-02   7  13   8   5   0   0
   3.5697100589876310e-02   7  13   8  12   0   0
  -1.1640586473494143e-02   7  13   8  13   0   0
  -2.0010188876541306e-02   7  13   8  14   0   0
   5.3583454727109377e-03   7  14   8   3   0   0
  -6.9668953965330207e-03   7  14   8   4   0   0
   6.6767729171848316e-03   7  14   8   5   0   0
  -3.7114989992886988e-03   7  14   8  12   0   0
  -1.1156906278410946e-02   7  14   8  13   0   0
   2.8671629591504560e-03   7  14   8  14   0   0
  -7.9997604404250487e-03   7   1   9   7   0   0
   2.0307055403380419e-03   7   1   9   8   0   0
   2.5492789406978654e-02   7   1   9  10   0   0
  -8.0175888392075376e-03   7   1   9  11   0   0
  -2.4674993956469455e-03   7   2   9   7   0   0
   6.2636434313709146e-04   7   2   9   8   0   0
   7.8631657689654834e-03   7   2   9  10   0   0
  -2.4729985057201035e-03   7   2   9  11   0   0
   4.3940466155519631e-03   7   3   9   3   0   0
   2.7771499146730806e-02   7   3   9   4   0   0
  -5.4722871251648257e-03   7   3   9   5   0   0
  -2.4680821877912447e-03   7   3   9  12   0   0
   1.5438013060494665e-02   7   3   9  13   0   0
   5.2676080533338816e-03   7   3   9  14   0   0
   1.8854861918769190e-02   7   4   9   3   0   0
  -2.6523089369764146e-02   7   4   9   4   0   0
  -5.9944793021884255e-02   7   4   9   5   0   0
  -1.0038200619893869e-02   7   4   9  12   0   0
   4.9332616503781346e-03   7   4   9  13   0   0
  -4.2668376884798694e-02   7   4   9  14   0   0
  -1.8220070704931670e-02   7   5   9   3   0   0
   4.6859717181242627e-02   7   5   9   4   0   0
   2.2129042754211833e-02   7   5   9   5   0   0
   1.1023656943873795e-02   7   5   9  12   0   0
   2.3753999340697801e-02   7   5   9  13   0   0
   2.5981931767989890e-02   7   5   9  14   0   0
   5.5801925064611971e-03   7   6   9   7   0   0
  -1.4165083971466308e-03   7   6   9   8   0   0
  -1.7782366544223455e-02   7   6   9  10   0   0
   5.5926286160208069e-03   7   6   9  11   0   0
  -7.9997604404250314e-03   7   7   9   1   0   0
  -2.4674993956469763e-03   7   7   9   2   0   0
   5.5801925064612110e-03   7   7   9   6   0   0
   8.1782885997507097e-03   7   7   9   8   0   0
   9.9616297244389118e-01   7   7   9   9   0   0
  -6.6053049965373268e-03   7   7   9  10   0   0
   3.4965602178358826e-02   7   7   9  11   0   0
   2.0307055403380567e-03   7   8   9   1   0   0
   6.2636434313707975e-04   7   8   9   2   0   0
  -1.4165083971466165e-03   7   8   9   6   0   0
  -4.0891442998753098e-03   7   8   9   7   0   0
  -4.0827527459445642e-03   7   8   9   8   0   0
  -2.2034051805180093e-03   7   8   9   9   0   0
  -3.6917387556435012e-02   7   8   9  10   0   0
  -6.7670415226476427e-03   7   8   9  11   0   0
   1.9398671745688535e-02   7   9   9   7   0   0
   1.1017025902591115e-03   7   9   9   8   0   0
   1.3830401091989322e-02   7   9   9  10   0   0
  -4.3497189603952085e-03   7   9   9  11   0   0
   2.5492789406979088e-02   7  10   9   1   0   0
   7.8631657689652908e-03   7  10   9   2   0   0
  -1.7782366544223351e-02   7  10   9   6   0   0
   3.3026524982687254e-03   7  10   9   7   0   0
   1.5531015711102689e-02   7  10   9   8   0   0
  -2.7660802183978959e-02   7  10   9   9   0   0
   1.9377551744342168e-03   7  10   9  10   0   0
  -1.2656257412814743e-02   7  10   9  11   0   0
  -8.0175888392075723e-03   7  11   9   1   0   0
  -2.4729985057200575e-03   7  11   9   2   0   0
   5.5926286160207957e-03   7  11   9   6   0   0
  -1.7482801089179240e-02   7  11   9   7   0   0
   3.1409159721586316e-03   7  11   9   8   0   0
   8.6994379207905453e-03   7  11   9   9   0   0
  -3.8882451318820234e-04   7  11   9  10   0   0
   2.1449975715103703e-03   7  11   9  11   0   0
  -2.4680821877912170e-03   7  12   9   3   0   0
  -1.6151255545633847e-02   7  12   9   4   0   0
   2.2840503845548642e-03   7  12   9   5   0   0
   2.5236953894148297e-03   7  12   9  12   0   0
  -1.5571757139697474e-02   7  12   9  13   0   0
  -3.8784438911436060e-03   7  12   9  14   0   0
   1.3938543950633922e-02   7  13   9   3   0   0
  -2.8183168928909541e-02   7  13   9   4   0   0
  -4.1552140060877006e-02   7  13   9   5   0   0
  -1.4466740707983991e-02   7  13   9  12   0   0
  -6.4862433494959912e-03   7  13   9  13   0   0
  -4.0472210819148743e-02   7  13   9  14   0   0
  -5.2918311233163271e-03   7  14   9   3   0   0
   2.2637762516776773e-02   7  14   9   4   0   0
  -7.1344988112981558e-03   7  14   9   5   0   0
   3.9032127786364523e-03   7  14   9  12   0   0
   1.3488542688592257e-02   7  14   9  13   0   0
   3.9625479600812388e-03   7  14   9  14   0   0
   3.5273235237580779e-03   7   1  10   7   0   0
  -2.0046777533571446e-02   7   1  10   8   0   0
   2.5492789406978647e-02   7   1  10   9   0   0
   2.0936350679534818e-03   7   1  10  10   0   0
  -1.8551618431508869e-02   7   1  10  11   0   0
   1.0879911627280834e-03   7   2  10   7   0   0
  -6.1833615915288442e-03   7   2  10   8   0   0
   7.8631657689654799e-03   7   2  10   9   0   0
   6.4577474580051661e-04   7   2  10  10   0   0
  -5.7221847590211688e-03   7   2  10  11   0   0
   3.7430324748371754e-02   7   3  10   3   0   0
   1.0187398467056068e-02   7   3  10   4   0   0
  -1.2645877599686547e-02   7   3  10   5   0   0
  -2.1024155152958753e-02   7   3  10  12   0   0
   8.8730775824248515e-03   7   3  10  13   0   0
  -8.1599294522099672e-03   7   3  10  14   0   0
   3.4384270882504654e-02   7   4  10   3   0   0
  -7.3865821727581195e-03   7   4  10   4   0   0
  -1.5474984072067922e-02   7   4  10   5   0   0
  -2.0812108443198182e-02   7   4  10  12   0   0
   1.5402976521831731e-04   7   4  10  13   0   0
  -9.4773906870110440e-03   7   4  10  14   0   0
   5.4956801027293813e-02   7   5  10   3   0   0
  -1.8215068660124099e-02   7   5  10   4   0   0
  -3.0043742575614964e-02   7   5  10   5   0   0
  -3.5056235912006670e-02   7   5  10  12   0   0
  -1.6442572006873783e-03   7   5  10  13   0   0
  -1.9754694140801884e-02   7   5  10  14   0   0
  -2.4604667154374525e-03   7   6  10   7   0   0
   1.3983528457457987e-02   7   6  10   8   0   0
  -1.7782366544223459e-02   7   6  10   9   0   0
  -1.4604045714196249e-03   7   6  10  10   0   0
   1.2940587774492559e-02   7   6  10  11   0   0
   3.5273235237582227e-03   7   7  10   1   0   0
   1.0879911627280979e-03   7   7  10   2   0   0
  -2.4604667154374273e-03   7   7  10   6   0   0
   8.0110047352248154e-03   7   7  10   8   0   0
  -6.6053049965373251e-03   7   7  10   9   0   0
   9.6489535829898376e-01   7   7  10  10   0   0
   5.6893949216133312e-03   7   7  10  11   0   0
  -2.0046777533571238e-02   7   8  10   1   0   0
  -6.1833615915287202e-03   7   8  10   2   0   0
   1.3983528457457929e-02   7   8  10   6   0   0
  -4.0055023676123166e-03   7   8  10   7   0   0
   3.6389076562015035e-03   7   8  10   8   0   0
  -3.6917387556434998e-02   7   8  10   9   0   0
   5.9383875834450907e-03   7   8  10  10   0   0
   9.7103161149772743e-03   7   8  10  11   0   0
   2.5492789406978647e-02   7   9  10   1   0   0
   7.8631657689654643e-03   7   9  10   2   0   0
  -1.7782366544223466e-02   7   9  10   6   0   0
   3.3026524982686985e-03   7   9  10   7   0   0
   2.1386371845332427e-02   7   9  10   8   0   0
   1.3830401091989316e-02   7   9  10   9   0   0
  -3.8755103488684289e-03   7   9  10  10   0   0
   1.3045081926002898e-02   7   9  10  11   0   0
   2.0936350679534878e-03   7  10  10   1   0   0
   6.4577474580054068e-04   7  10  10   2   0   0
  -1.4604045714196334e-03   7  10  10   6   0   0
   3.5032478818142317e-02   7  10  10   7   0   0
  -2.9691937917224517e-03   7  10  10   8   0   0
   1.9377551744342155e-03   7  10  10   9   0   0
   3.5351154955626518e-03   7  10  10  11   0   0
  -1.8551618431508831e-02   7  11  10   1   0   0
  -5.7221847590211436e-03   7  11  10   2   0   0
   1.2940587774492572e-02   7  11  10   6   0   0
  -2.8446974608066864e-03   7  11  10   7   0   0
  -2.3941090988134066e-02   7  11  10   8   0   0
  -3.8882451318819757e-04   7  11  10   9   0   0
  -7.0702309911252056e-03   7  11  10  10   0   0
  -1.7469308748190891e-02   7  11  10  11   0   0
  -2.1024155152958780e-02   7  12  10   3   0   0
  -4.2232525410077632e-03   7  12  10   4   0   0
   1.1290708233926009e-02   7  12  10   5   0   0
   2.1497891637615493e-02   7  12  10  12   0   0
  -8.1925284314737206e-03   7  12  10  13   0   0
   1.3697769389012569e-03   7  12  10  14   0   0
   2.7070918068577668e-03   7  13  10   3   0   0
   1.0036364051362831e-03   7  13  10   4   0   0
   3.1180903371590806e-05   7  13  10   5   0   0
  -3.6485764721394943e-03   7  13  10  12   0   0
   9.0087476971694445e-04   7  13  10  13   0   0
   2.2432705172784032e-04   7  13  10  14   0   0
   4.0678682231839014e-02   7  14  10   3   0   0
  -1.1152828791070046e-02   7  14  10   4   0   0
  -1.8905087500884217e-02   7  14  10   5   0   0
  -3.4621273532260639e-02   7  14  10  12   0   0
  -1.1600435967141179e-03   7  14  10  13   0   0
  -2.2398766407332717e-02   7  14  10  14   0   0
   2.1130764135427301e-02   7   1  11   7   0   0
  -8.0768981814733128e-03   7   1  11   8   0   0
  -8.0175888392075411e-03   7   1  11   9   0   0
  -1.8551618431508859e-02   7   1  11  10   0   0
   5.8181983666219673e-03   7   1  11  11   0   0
   6.5177136393042472e-03   7   2  11   7   0   0
  -2.4912922743007032e-03   7   2  11   8   0   0
  -2.4729985057201035e-03   7   2  11   9   0   0
  -5.7221847590211731e-03   7   2  11  10   0   0
   1.7946038584914033e-03   7   2  11  11   0   0
  -9.3441194876888612e-03   7   3  11   3   0   0
   2.3290646889939436e-02   7   3  11   4   0   0
  -1.2445309557743879e-02   7   3  11   5   0   0
   5.2484775164955873e-03   7   3  11  12   0   0
   1.9283417820876961e-02   7   3  11  13   0   0
  -9.4365236497058870e-04   7   3  11  14   0   0
  -3.6272637152779633e-02   7   4  11   3   0   0
   3.7198763224240171e-02   7   4  11   4   0   0
  -1.4181141757214525e-02   7   4  11   5   0   0
   2.4063566461659264e-02   7   4  11  12   0   0
   2.4139692298982798e-02   7   4  11  13   0   0
  -1.4054872993776325e-03   7   4  11  14   0   0
   2.9083831566042957e-02   7   5  11   3   0   0
   5.3713941961286350e-02   7   5  11   4   0   0
  -2.7854643736551114e-02   7   5  11   5   0   0
  -1.8908570541761427e-02   7   5  11  12   0   0
   3.7735570073324114e-02   7   5  11  13   0   0
   1.5932747995853623e-03   7   5  11  14   0   0
  -1.4739657838809709e-02   7   6  11   7   0   0
   5.6339995482806065e-03   7   6  11   8   0   0
   5.5926286160208104e-03   7   6  11   9   0   0
   1.2940587774492559e-02   7   6  11  10   0   0
  -4.0584548960323399e-03   7   6  11  11   0   0
   2.1130764135427724e-02   7   7  11   1   0   0
   6.5177136393040590e-03   7   7  11   2   0   0
  -1.4739657838809360e-02   7   7  11   6   0   0
   2.2940790952275376e-02   7   7  11   8   0   0
   3.4965602178358833e-02   7   7  11   9   0   0
   5.6893949216133355e-03   7   7  11  10   0   0
   9.8764468015227891e-01   7   7  11  11   0   0
  -8.0768981814734742e-03   7   8  11   1   0   0
  -2.4912922743006334e-03   7   8  11   2   0   0
   5.6339995482804521e-03   7   8  11   6   0   0
  -1.1470395476137714e-02   7   8  11   7   0   0
   8.1460346483256275e-04   7   8  11   8   0   0
  -6.7670415226476427e-03   7   8  11   9   0   0
   9.7103161149772674e-03   7   8  11  10   0   0
  -3.7349824029264565e-03   7   8  11  11   0   0
  -8.0175888392075047e-03   7   9  11   1   0   0
  -2.4729985057200827e-03   7   9  11   2   0   0
   5.5926286160208035e-03   7   9  11   6   0   0
  -1.7482801089179267e-02   7   9  11   7   0   0
   3.6261255504889656e-03   7   9  11   8   0   0
  -4.3497189603952085e-03   7   9  11   9   0   0
   1.3045081926002899e-02   7   9  11  10   0   0
  -4.2899951430207285e-03   7   9  11  11   0   0
  -1.8551618431509046e-02   7  10  11   1   0   0
  -5.7221847590210630e-03   7  10  11   2   0   0
   1.2940587774492460e-02   7  10  11   6   0   0
  -2.8446974608066925e-03   7  10  11   7   0   0
   1.4230774873156887e-02   7  10  11   8   0   0
  -1.2656257412814740e-02   7  10  11   9   0   0
   3.5351154955626509e-03   7  10  11  10   0   0
   3.4938617496381802e-02   7  10  11  11   0   0
   5.8181983666219812e-03   7  11  11   1   0   0
   1.7946038584913822e-03   7  11  11   2   0   0
  -4.0584548960323078e-03   7  11  11   6   0   0
   2.3657817891495129e-02   7  11  11   7   0   0
   1.8674912014633557e-03   7  11  11   8   0   0
   2.1449975715103686e-03   7  11  11   9   0   0
  -1.7469308748190897e-02   7  11  11  10   0   0
   5.2484775164955083e-03   7  12  11   3   0   0
  -1.6771741469090211e-02   7  12  11   4   0   0
   9.5629164345628591e-03   7  12  11   5   0   0
  -5.3667412598124862e-03   7  12  11  12   0   0
  -1.2678449692056979e-02   7  12  11  13   0   0
  -2.3906284815685967e-05   7  12  11  14   0   0
  -3.0013611302137026e-02   7  13  11   3   0   0
   3.0877458749743927e-03   7  13  11   4   0   0
  -3.7792104688953998e-03   7  13  11   5   0   0
   2.3650426212992764e-02   7  13  11  12   0   0
   4.5636905772068765e-03   7  13  11  13   0   0
   4.6282430354314102e-03   7  13  11  14   0   0
   5.9810038782534955e-03   7  14  11   3   0   0
   4.0109293242841806e-02   7  14  11   4   0   0
  -1.9458671624423145e-02   7  14  11   5   0   0
  -5.1269516776216058e-03   7  14  11  12   0   0
   3.8930819489869053e-02   7  14  11  13   0   0
   8.0305068260571309e-04   7  14  11  14   0   0
  -5.8985005315010405e-04   7   1  12   3   0   0
  -2.2858240643334016e-03   7   1  12   4   0   0
   2.7964212356279606e-03   7   1  12   5   0   0
   3.6680137252621202e-03   7   1  12  12   0   0
  -2.0542484707265461e-02   7   1  12  13   0   0
   9.0807635693230249e-03   7   1  12  14   0   0
  -4.9399961929194451e-04   7   2  12   3   0   0
  -1.9143784280744667e-03   7   2  12   4   0   0
   2.3420037319699218e-03   7   2  12   5   0   0
   1.5589104335295826e-03   7   2  12  12   0   0
  -8.7305817642457997e-03   7   2  12  13   0   0
   3.8593359057348801e-03   7   2  12  14   0   0
  -3.2824719118229504e-03   7   3  12   1   0   0
  -4.4316702996606162e-03   7   3  12   2   0   0
  -4.0620427032203536e-03   7   3  12   6   0   0
  -1.8178543962177961e-02   7   3  12   7   0   0
  -5.7395774184421005e-03   7   3  12   8   0   0
  -1.6510026039926516e-03   7   3  12   9   0   0
  -1.4063929911241817e-02   7   3  12  10   0   0
   3.5109244293383165e-03   7   3  12  11   0   0
  -1.2720441824956295e-02   7   4  12   1   0   0
  -1.7173887773776205e-02   7   4  12   2   0   0
  -1.5741483639415833e-02   7   4  12   6   0   0
  -4.8518582123514712e-03   7   4  12   7   0   0
   1.8417505320929072e-02   7   4  12   8   0   0
  -7.6318711674744433e-03   7   4  12   9   0   0
  -1.1433906821791059e-02   7   4  12  10   0   0
   9.9721965955756661e-03   7   4  12  11   0   0
   1.5561877311958388e-02   7   5  12   1   0   0
   2.1010114128308909e-02   7   5  12   2   0   0
   1.9257745955347672e-02   7   5  12   6   0   0
  -1.4230351591898411e-02   7   5  12   7   0   0
  -1.1276669814753882e-02   7   5  12   8   0   0
   6.0633207947335954e-03   7   5  12   9   0   0
  -1.6498954517024034e-02   7   5  12  10   0   0
  -8.3782656375004250e-03   7   5  12  11   0   0
  -8.0735497055215664e-05   7   6  12   3   0   0
  -3.1287128148761153e-04   7   6  12   4   0   0
   3.8275907110341508e-04   7   6  12   5   0   0
  -8.9608000943009055e-04   7   6  12  12   0   0
   5.0184408426352852e-03   7   6  12  13   0   0
  -2.2183915640198782e-03   7   6  12  14   0   0
  -1.6095525505339892e-01   7   7  12   3   0   0
  -2.1785029306441309e-03   7   7  12   4   0   0
  -6.3894823983373216e-03   7   7  12   5   0   0
   1.0315028290473851e+00   7   7  12  12   0   0
   4.4430986531262600e-03   7   7  12  13   0   0
  -3.1366122837205475e-02   7   7  12  14   0   0
  -2.5770922560978226e-03   7   8  12   3   0   0
   6.3477773664490887e-03   7   8  12   4   0   0
  -2.9391407353184388e-03   7   8  12   5   0   0
   1.2093690238116421e-02   7   8  12  12   0   0
   3.2805942550041128e-02   7   8  12  13   0   0
   1.1710171886757830e-03   7   8  12  14   0   0
  -7.4130649616738870e-04   7   9  12   3   0   0
  -3.9330971396805978e-03   7   9  12   4   0   0
   1.9985335051761577e-03   7   9  12   5   0   0
   3.4787777251430755e-03   7   9  12  12   0   0
  -2.0703223068751678e-02   7   9  12  13   0   0
   1.7071286504744991e-05   7   9  12  14   0   0
  -6.3147584259610704e-03   7  10  12   3   0   0
  -3.7597766847659534e-03   7  10  12   4   0   0
  -3.5690748346539252e-03   7  10  12   5   0   0
   2.9633681972932813e-02   7  10  12  12   0   0
  -8.1611616347492446e-03   7  10  12  13   0   0
  -2.2917695646198645e-02   7  10  12  14   0   0
   1.5764185233428608e-03   7  11  12   3   0   0
   1.0950764246519412e-03   7  11  12   4   0   0
  -1.4035177059479982e-03   7  11  12   5   0   0
  -7.3977628320550052e-03   7  11  12  12   0   0
   7.5621383788862483e-03   7  11  12  13   0   0
  -3.5500896859936787e-03   7  11  12  14   0   0
   4.1421447140297654e-03   7  12  12   1   0   0
   3.9327883542739700e-03   7  12  12   2   0   0
   2.9817936054619119e-03   7  12  12   6   0   0
   2.7062863377550848e-02   7  12  12   7   0   0
   9.7328866703803862e-03   7  12  12   8   0   0
   2.7996871660849782e-03   7  12  12   9   0   0
   2.3848904890884315e-02   7  12  12  10   0   0
  -5.9536490385551748e-03   7  12  12  11   0   0
  -2.3197826076061929e-02   7  13  12   1   0   0
  -2.2025338691668388e-02   7  13  12   2   0   0
  -1.6699351237037120e-02   7  13  12   6   0   0
   3.5757634605113075e-03   7  13  12   7   0   0
   3.9029165156131286e-02   7  13  12   8   0   0
  -1.6075377950320959e-02   7  13  12   9   0   0
  -4.1567698678409513e-03   7  13  12  10   0   0
   2.5363912043259374e-02   7  13  12  11   0   0
   1.0254551818869770e-02   7  14  12   1   0   0
   9.7362561561291205e-03   7  14  12   2   0   0
   7.3819142380075024e-03   7  14  12   6   0   0
  -2.5243156791099244e-02   7  14  12   7   0   0
  -3.8982001591382803e-03   7  14  12   8   0   0
   4.1430871581925842e-03   7  14  12   9   0   0
  -3.7542650620667556e-02   7  14  12  10   0   0
  -5.5650174155782023e-03   7  14  12  11   0   0
   3.3034188539057072e-03   7   1  13   3   0   0
   4.1208909603317294e-03   7   1  13   4   0   0
   5.2577763164115138e-03   7   1  13   5   0   0
  -2.0542484707265465e-02   7   1  13  12   0   0
   8.0680637177809305e-03   7   1  13  13   0   0
   4.0750580603559988e-02   7   1  13  14   0   0
   2.7666144089946794e-03   7   2  13   3   0   0
   3.4512475749995065e-03   7   2  13   4   0   0
   4.4033894457726902e-03   7   2  13   5   0   0
  -8.7305817642457997e-03   7   2  13  12   0   0
   3.4289371987370840e-03   7   2  13  13   0   0
   1.7319047864450356e-02   7   2  13  14   0   0
   1.8383281552697524e-02   7   3  13   1   0   0
   2.4819296266923557e-02   7   3  13   2   0   0
   2.2749219703424497e-02   7   3  13   6   0   0
  -2.1086623020177475e-03   7   3  13   7   0   0
  -9.6126016860335357e-03   7   3  13   8   0   0
   1.0102221019024884e-02   7   3  13   9   0   0
   5.0107285223454931e-03   7   3  13  10   0   0
   5.5053762130204903e-03   7   3  13  11   0   0
   2.2932453352737144e-02   7   4  13   1   0   0
   3.0961140004161340e-02   7   4  13   2   0   0
   2.8378797232934357e-02   7   4  13   6   0   0
   3.7496401930009950e-02   7   4  13   7   0   0
  -1.0400350877358152e-02   7   4  13   8   0   0
  -1.6670974137938559e-03   7   4  13   9   0   0
   2.3047010643538425e-04   7   4  13  10   0   0
   1.2990443115693223e-02   7   4  13  11   0   0
   2.9259136258613049e-02   7   5  13   1   0   0
   3.9502804177540284e-02   7   5  13   2   0   0
   3.6208035935887839e-02   7   5  13   6   0   0
  -2.5174657129569747e-02   7   5  13   7   0   0
  -3.6717209880829868e-03   7   5  13   8   0   0
   6.0947140079821828e-03   7   5  13   9   0   0
  -8.4861153054710840e-04   7   5  13  10   0   0
   1.9016052556999653e-02   7   5  13  11   0   0
   4.5215417329734606e-04   7   6  13   3   0   0
   5.6404535053557105e-04   7   6  13   4   0   0
   7.1965609232953231e-04   7   6  13   5   0   0
   5.0184408426352895e-03   7   6  13  12   0   0
  -1.9709933369439834e-03   7   6  13  13   0   0
  -9.9551919339960753e-03   7   6  13  14   0   0
  -9.4679745442462324e-04   7   7  13   3   0   0
   1.5310931490381241e-01   7   7  13   4   0   0
  -8.0407048703535364e-02   7   7  13   5   0   0
   4.4430986531262626e-03   7   7  13  12   0   0
   1.0876552333228133e+00   7   7  13  13   0   0
  -1.1576995017712846e-02   7   7  13  14   0   0
  -6.9907479714701511e-03   7   8  13   3   0   0
  -5.1198559288016150e-03   7   8  13   4   0   0
  -2.5361395284651577e-03   7   8  13   5   0   0
   3.2805942550041135e-02   7   8  13  12   0   0
  -1.6045919448694729e-02   7   8  13  13   0   0
  -2.1481078270623288e-02   7   8  13  14   0   0
   4.4117316382543273e-03   7   9  13   3   0   0
  -3.4916396597572991e-03   7   9  13   4   0   0
  -2.6729007244645272e-03   7   9  13   5   0   0
  -2.0703223068751678e-02   7   9  13  12   0   0
  -8.9409359698185333e-03   7   9  13  13   0   0
  -1.8597764220863223e-02   7   9  13  14   0   0
   1.7390941917287456e-03   7  10  13   3   0   0
   1.7385674122243693e-04   7  10  13   4   0   0
  -2.4224961873810366e-04   7  10  13   5   0   0
  -8.1611616347492446e-03   7  10  13  12   0   0
   1.2418071908281145e-03   7  10  13  13   0   0
  -6.4491734767191150e-04   7  10  13  14   0   0
  -1.6114459583515025e-03   7  11  13   3   0   0
   4.0889798751826325e-03   7  11  13   4   0   0
   5.0995202034754558e-03   7  11  13   5   0   0
   7.5621383788862500e-03   7  11  13  12   0   0
   6.2908008593357372e-03   7  11  13  13   0   0
   3.0021906977502313e-02   7  11  13  14   0   0
  -2.3197826076062109e-02   7  12  13   1   0   0
  -2.2025338691668537e-02   7  12  13   2   0   0
  -1.6699351237037075e-02   7  12  13   6   0   0
   3.5757634605113648e-03   7  12  13   7   0   0
   1.3774654797553576e-02   7  12  13   8   0   0
  -1.7248135364859543e-02   7  12  13   9   0   0
  -8.9792803741807689e-03   7  12  13  10   0   0
  -1.3192038218434433e-02   7  12  13  11   0   0
   9.1109494086406700e-03   7  13  13   1   0   0
   8.6504548258098338e-03   7  13  13   2   0   0
   6.5586725143511474e-03   7  13  13   6   0   0
   7.2253783297065124e-02   7  13  13   7   0   0
  -1.2913603080719066e-02   7  13  13   8   0   0
  -7.1955800758896644e-03   7  13  13   9   0   0
   9.9939459476967797e-04   7  13  13  10   0   0
   5.0627765904630584e-03   7  13  13  11   0   0
   4.6018039921217092e-02   7  14  13   1   0   0
   4.3692150801898956e-02   7  14  13   2   0   0
   3.3126871861384660e-02   7  14  13   6   0   0
  -9.3170552802672654e-03   7  14  13   7   0   0
  -1.2589758778733660e-02   7  14  13   8   0   0
   1.3667055270693744e-02   7  14  13   9   0   0
  -1.2536417980865847e-03   7  14  13  10   0   0
   4.2364060816170231e-02   7  14  13  11   0   0
  -1.4602695832677164e-03   7   1  14   3   0   0
   4.9910054798588330e-03   7   1  14   4   0   0
  -4.6469673863062918e-03   7   1  14   5   0   0
   9.0807635693230283e-03   7   1  14  12   0   0
   4.0750580603559981e-02   7   1  14  13   0   0
  -1.1736077443043062e-02   7   1  14  14   0   0
  -1.2229762705714652e-03   7   2  14   3   0   0
   4.1799687798060965e-03   7   2  14   4   0   0
  -3.8918367599321733e-03   7   2  14   5   0   0
   3.8593359057348818e-03   7   2  14  12   0   0
   1.7319047864450352e-02   7   2  14  13   0   0
  -4.9878476322666732e-03   7   2  14  14   0   0
  -8.1262922079384341e-03   7   3  14   1   0   0
  -1.0971319417714122e-02   7   3  14   2   0   0
  -1.0056246284575335e-02   7   3  14   6   0   0
   1.4886133743784878e-02   7   3  14   7   0   0
  -2.8393021881659222e-03   7   3  14   8   0   0
   1.9399026059410017e-03   7   3  14   9   0   0
   1.8668283842353983e-03   7   3  14  10   0   0
   4.0738669914091143e-04   7   3  14  11   0   0
   2.7774576287479504e-02   7   4  14   1   0   0
   3.7498497512054176e-02   7   4  14   2   0   0
   3.4370900338012426e-02   7   4  14   6   0   0
   1.3400285278976767e-02   7   4  14   7   0   0
  -1.0220850294193512e-02   7   4  14   8   0   0
  -1.8747326118179999e-02   7   4  14   9   0   0
  -6.5911203041986322e-03   7   4  14  10   0   0
   5.2866475555655790e-03   7   4  14  11   0   0
  -2.5860029746960569e-02   7   5  14   1   0   0
  -3.4913665327999589e-02   7   5  14   2   0   0
  -3.2001658494120767e-02   7   5  14   6   0   0
   3.8574011525594851e-02   7   5  14   7   0   0
   7.2860251620228680e-03   7   5  14   8   0   0
   1.2413231574706885e-02   7   5  14   9   0   0
  -1.3087301551900531e-02   7   5  14  10   0   0
  -2.0917912549230718e-03   7   5  14  11   0   0
  -1.9987383235794645e-04   7   6  14   3   0   0
   6.8314193763224394e-04   7   6  14   4   0   0
  -6.3605185712694808e-04   7   6  14   5   0   0
  -2.2183915640198778e-03   7   6  14  12   0   0
  -9.9551919339960666e-03   7   6  14  13   0   0
   2.8670733463740700e-03   7   6  14  14   0   0
   6.6839310976237179e-03   7   7  14   3   0   0
   7.5120310620853378e-02   7   7  14   4   0   0
   1.5359316574184723e-01   7   7  14   5   0   0
  -3.1366122837205482e-02   7   7  14  12   0   0
  -1.1576995017712930e-02   7   7  14  13   0   0
   1.0784598078533758e+00   7   7  14  14   0   0
  -2.4953668146570094e-04   7   8  14   3   0   0
  -3.7016782164098370e-03   7   8  14   4   0   0
   2.8213946906375945e-03   7   8  14   5   0   0
   1.1710171886757826e-03   7   8  14  12   0   0
  -2.1481078270623288e-02   7   8  14  13   0   0
   3.9522292105789439e-03   7   8  14  14   0   0
  -3.6377879197322973e-06   7   9  14   3   0   0
  -3.0081706003735067e-03   7   9  14   4   0   0
   2.8304820147376326e-03   7   9  14   5   0   0
   1.7071286504745404e-05   7   9  14  12   0   0
  -1.8597764220863219e-02   7   9  14  13   0   0
   5.4621582446754474e-03   7   9  14  14   0   0
   4.8836223530249346e-03   7  10  14   3   0   0
  -3.0982184856142504e-03   7  10  14   4   0   0
  -5.8058737697551342e-03   7  10  14   5   0   0
  -2.2917695646198645e-02   7  10  14  12   0   0
  -6.4491734767191150e-04   7  10  14  13   0   0
  -3.0875489163760934e-02   7  10  14  14   0   0
   7.5650264378295808e-04   7  11  14   3   0   0
   5.8124852799104863e-03   7  11  14   4   0   0
  -2.6830011553854892e-03   7  11  14   5   0   0
  -3.5500896859936792e-03   7  11  14  12   0   0
   3.0021906977502313e-02   7  11  14  13   0   0
   1.1069619727196855e-03   7  11  14  14   0   0
   1.0254551818869872e-02   7  12  14   1   0   0
   9.7362561561292575e-03   7  12  14   2   0   0
   7.3819142380076083e-03   7  12  14   6   0   0
  -2.5243156791099123e-02   7  12  14   7   0   0
   5.7830471102412583e-03   7  12  14   8   0   0
  -4.1156095407579498e-03   7  12  14   9   0   0
   6.5476444549323416e-04   7  12  14  10   0   0
  -1.4913928980216898e-04   7  12  14  11   0   0
   4.6018039921216509e-02   7  13  14   1   0   0
   4.3692150801898699e-02   7  13  14   2   0   0
   3.3126871861384716e-02   7  13  14   6   0   0
  -9.3170552802671804e-03   7  13  14   7   0   0
  -2.1985775445981768e-02   7  13  14   8   0   0
  -4.3601662147529308e-02   7  13  14   9   0   0
   2.1559512530689297e-04   7  13  14  10   0   0
   5.9586285346444256e-03   7  13  14  11   0   0
  -1.3253094122670495e-02   7  14  14   1   0   0
  -1.2583243180083858e-02   7  14  14   2   0   0
  -9.5404661198131013e-03   7  14  14   6   0   0
   6.4853392496754828e-02   7  14  14   7   0   0
   3.1807164103386633e-03   7  14  14   8   0   0
   4.3958929098047647e-03   7  14  14   9   0   0
  -2.4848299485654247e-02   7  14  14  10   0   0
   8.9087244809221049e-04   7  14  14  11   0   0
   3.6054404064141628e-02   8   1   8   1   0   0
   1.0543733752655250e-02   8   2   8   1   0   0
   5.2994832321732466e-03   8   2   8   2   0   0
   1.1024867256220335e-01   8   3   8   3   0   0
   2.8326687373942125e-03   8   4   8   3   0   0
   5.0202285242447124e-02   8   4   8   4   0   0
  -2.5208301231509373e-02   8   5   8   3   0   0
   4.1439840957730886e-02   8   5   8   4   0   0
   8.0532410480426017e-02   8   5   8   5   0   0
  -2.7713118994809455e-02   8   6   8   1   0   0
  -4.4151099573920558e-03   8   6   8   2   0   0
   2.9301163809823422e-02   8   6   8   6   0   0
   1.0291330176208310e-02   8   7   8   1   0   0
   3.1743264288108578e-03   8   7   8   2   0   0
  -7.1786654061036211e-03   8   7   8   6   0   0
   4.0604623575287171e-02   8   7   8   7   0   0
   2.1106265161962380e-02   8   8   8   1   0   0
   6.5101570127440384e-03   8   8   8   2   0   0
  -1.4722568703558208e-02   8   8   8   6   0   0
   1.0349603159352656e+00   8   8   8   8   0   0
  -1.9351312441569173e-02   8   9   8   1   0   0
  -5.9688477061458009e-03   8   9   8   2   0   0
   1.3498410293758395e-02   8   9   8   6   0   0
  -4.0827527459445755e-03   8   9   8   7   0   0
   1.3240204161540113e-02   8   9   8   9   0   0
   4.6861341777999378e-03   8  10   8   1   0   0
   1.4454224395533898e-03   8  10   8   2   0   0
  -3.2687892366239082e-03   8  10   8   6   0   0
   3.6389076562015118e-03   8  10   8   7   0   0
  -3.4643890243788830e-03   8  10   8   9   0   0
   2.9107879351210644e-02   8  10   8  10   0   0
  -3.1093218208061251e-02   8  11   8   1   0   0
  -9.5905993321261304e-03   8  11   8   2   0   0
   2.1688917379276994e-02   8  11   8   6   0   0
   8.1460346483253391e-04   8  11   8   7   0   0
   1.9434586467255890e-02   8  11   8   9   0   0
   5.9200895282731313e-04   8  11   8  10   0   0
   3.5740884942575477e-02   8  11   8  11   0   0
  -5.7578407070353055e-02   8  12   8   3   0   0
  -1.5910753495266532e-03   8  12   8   4   0   0
   1.4159194177358041e-02   8  12   8   5   0   0
   6.5745713373698500e-02   8  12   8  12   0   0
   7.8228140936811089e-03   8  13   8   3   0   0
   1.0745221178994088e-02   8  13   8   4   0   0
   2.2676760438776022e-03   8  13   8   5   0   0
  -7.9990852647173517e-03   8  13   8  12   0   0
   1.5620594331487350e-02   8  13   8  13   0   0
  -1.1908731258018569e-02   8  14   8   3   0   0
   3.1546765643402960e-02   8  14   8   4   0   0
   4.6993619435480284e-02   8  14   8   5   0   0
   1.2177070244382136e-02   8  14   8  12   0   0
   7.0373049800177391e-03   8  14   8  13   0   0
   6.4316171244465772e-02   8  14   8  14   0   0
   2.0307055403379899e-03   8   1   9   7   0   0
  -1.9351312441569166e-02   8   1   9   8   0   0
   1.7083512543301362e-06   8   1   9  10   0   0
  -1.2463401577190196e-02   8   1   9  11   0   0
   6.2636434313706783e-04   8   2   9   7   0   0
  -5.9688477061458477e-03   8   2   9   8   0   0
   5.2693524000855675e-07   8   2   9  10   0   0
  -3.8442945996251575e-03   8   2   9  11   0   0
   1.1021630697993603e-02   8   3   9   3   0   0
   5.1054435089009434e-02   8   3   9   4   0   0
   6.9453155055065441e-02   8   3   9   5   0   0
  -6.1907150256106727e-03   8   3   9  12   0   0
   8.9538755925988919e-03   8   3   9  13   0   0
   5.4953824229306017e-02   8   3   9  14   0   0
  -1.6150767748250885e-02   8   4   9   3   0   0
  -2.6869034109564668e-03   8   4   9   4   0   0
   1.7576627007180132e-02   8   4   9   5   0   0
   1.3234740331331112e-02   8   4   9  12   0   0
  -6.4094529397281681e-03   8   4   9  13   0   0
   9.3025908839738727e-03   8   4   9  14   0   0
  -2.6627616125932108e-02   8   5   9   3   0   0
  -3.7813816135729757e-03   8   5   9   4   0   0
  -8.3347272870373888e-03   8   5   9   5   0   0
   2.0908165848010998e-02   8   5   9  12   0   0
  -9.5699990637023737e-04   8   5   9  13   0   0
  -5.7343210240787135e-03   8   5   9  14   0   0
  -1.4165083971466156e-03   8   6   9   7   0   0
   1.3498410293758313e-02   8   6   9   8   0   0
  -1.1916517925085628e-06   8   6   9  10   0   0
   8.6937828456219203e-03   8   6   9  11   0   0
   2.0307055403380593e-03   8   7   9   1   0   0
   6.2636434313708040e-04   8   7   9   2   0   0
  -1.4165083971466178e-03   8   7   9   6   0   0
  -4.0891442998753046e-03   8   7   9   7   0   0
  -4.0827527459445711e-03   8   7   9   8   0   0
  -2.2034051805180500e-03   8   7   9   9   0   0
  -3.6917387556435005e-02   8   7   9  10   0   0
  -6.7670415226476332e-03   8   7   9  11   0   0
  -1.9351312441569329e-02   8   8   9   1   0   0
  -5.9688477061457593e-03   8   8   9   2   0   0
   1.3498410293758327e-02   8   8   9   6   0   0
   8.1655054918891527e-03   8   8   9   7   0   0
   1.0084799076121849e+00   8   8   9   9   0   0
   6.9287780487575380e-03   8   8   9  10   0   0
  -3.8869172934512024e-02   8   8   9  11   0   0
   1.1017025902591256e-03   8   9   9   7   0   0
   1.3240204161540108e-02   8   9   9   8   0   0
   9.2681827314878967e-07   8   9   9  10   0   0
  -6.7616705269564308e-03   8   9   9  11   0   0
   1.7083512544420458e-06   8  10   9   1   0   0
   5.2693524003438575e-07   8  10   9   2   0   0
  -1.1916517925082329e-06   8  10   9   6   0   0
   2.1386371845332482e-02   8  10   9   7   0   0
  -3.4643890243788804e-03   8  10   9   8   0   0
  -1.8536365462139416e-06   8  10   9   9   0   0
   8.5671131129390482e-03   8  10   9  10   0   0
   6.0205079203788682e-03   8  10   9  11   0   0
  -1.2463401577190236e-02   8  11   9   1   0   0
  -3.8442945996251389e-03   8  11   9   2   0   0
   8.6937828456219775e-03   8  11   9   6   0   0
   3.6261255504889873e-03   8  11   9   7   0   0
   1.9434586467255880e-02   8  11   9   8   0   0
   1.3523341053912882e-02   8  11   9   9   0   0
  -6.2277503174548304e-03   8  11   9  10   0   0
  -4.4779688130638052e-03   8  11   9  11   0   0
  -6.1907150256106293e-03   8  12   9   3   0   0
  -3.2839702952214833e-02   8  12   9   4   0   0
  -4.4962746752878549e-02   8  12   9   5   0   0
   6.3302101707142580e-03   8  12   9  12   0   0
  -7.5417976925305358e-03   8  12   9  13   0   0
  -4.4827277655520720e-02   8  12   9  14   0   0
  -2.3477085248287525e-03   8  13   9   3   0   0
   2.1293602545519811e-04   8  13   9   4   0   0
   1.2102458778232036e-02   8  13   9   5   0   0
   7.8677411466655692e-04   8  13   9  12   0   0
  -5.4027083569604195e-03   8  13   9  13   0   0
   9.0447329244228054e-03   8  13   9  14   0   0
  -2.4633270498416023e-02   8  14   9   3   0   0
  -3.7568678006285874e-03   8  14   9   4   0   0
   8.8806794110457684e-04   8  14   9   5   0   0
   1.3823512046065063e-02   8  14   9  12   0   0
  -1.7459559370191448e-03   8  14   9  13   0   0
  -9.2750181375394754e-04   8  14   9  14   0   0
  -2.0046777533571394e-02   8   1  10   7   0   0
   4.6861341777998519e-03   8   1  10   8   0   0
   1.7083512543287301e-06   8   1  10   9   0   0
   2.7377742013426701e-02   8   1  10  10   0   0
   6.7093401383635858e-04   8   1  10  11   0   0
  -6.1833615915288789e-03   8   2  10   7   0   0
   1.4454224395533607e-03   8   2  10   8   0   0
   5.2693524000837612e-07   8   2  10   9   0   0
   8.4445731063315637e-03   8   2  10  10   0   0
   2.0694735623510453e-04   8   2  10  11   0   0
  -7.4850509321460462e-03   8   3  10   3   0   0
   3.8765450386387755e-02   8   3  10   4   0   0
  -2.7105290255070490e-02   8   3  10   5   0   0
   4.2042614693607577e-03   8   3  10  12   0   0
   2.9670144053997181e-02   8   3  10  13   0   0
  -4.2155155703997244e-03   8   3  10  14   0   0
  -6.1391239415006064e-03   8   4  10   3   0   0
  -3.1947893799510879e-02   8   4  10   4   0   0
   1.6930123542722077e-02   8   4  10   5   0   0
   6.2299016724630639e-03   8   4  10  12   0   0
  -2.2207556627610474e-02   8   4  10  13   0   0
   4.1165133108616884e-03   8   4  10  14   0   0
   4.4372511802370325e-03   8   5  10   3   0   0
  -5.0964960175777917e-02   8   5  10   4   0   0
   3.9432944731657052e-02   8   5  10   5   0   0
  -4.4462643747778235e-03   8   5  10  12   0   0
  -3.9299723954600532e-02   8   5  10  13   0   0
   4.9053137695370544e-03   8   5  10  14   0   0
   1.3983528457458001e-02   8   6  10   7   0   0
  -3.2687892366238726e-03   8   6  10   8   0   0
  -1.1916517925089076e-06   8   6  10   9   0   0
  -1.9097205718204620e-02   8   6  10  10   0   0
  -4.6800663397623591e-04   8   6  10  11   0   0
  -2.0046777533571203e-02   8   7  10   1   0   0
  -6.1833615915287132e-03   8   7  10   2   0   0
   1.3983528457457914e-02   8   7  10   6   0   0
  -4.0055023676123236e-03   8   7  10   7   0   0
   3.6389076562015213e-03   8   7  10   8   0   0
  -3.6917387556434991e-02   8   7  10   9   0   0
   5.9383875834450595e-03   8   7  10  10   0   0
   9.7103161149772813e-03   8   7  10  11   0   0
   4.6861341777996888e-03   8   8  10   1   0   0
   1.4454224395533456e-03   8   8  10   2   0   0
  -3.2687892366239312e-03   8   8  10   6   0   0
  -7.2778153124027252e-03   8   8  10   7   0   0
   6.9287780487575328e-03   8   8  10   9   0   0
   9.7674455723284326e-01   8   8  10  10   0   0
  -1.1840179056546299e-03   8   8  10  11   0   0
   1.7083512544297845e-06   8   9  10   1   0   0
   5.2693524005431665e-07   8   9  10   2   0   0
  -1.1916517925136772e-06   8   9  10   6   0   0
   1.5531015711102693e-02   8   9  10   7   0   0
  -3.4643890243788670e-03   8   9  10   8   0   0
   9.2681827314812581e-07   8   9  10   9   0   0
  -1.7134226225878239e-02   8   9  10  10   0   0
   2.0724239707606672e-04   8   9  10  11   0   0
   2.7377742013426732e-02   8  10  10   1   0   0
   8.4445731063314926e-03   8  10  10   2   0   0
  -1.9097205718204606e-02   8  10  10   6   0   0
  -2.9691937917224786e-03   8  10  10   7   0   0
   2.9107879351210644e-02   8  10  10   8   0   0
   8.5671131129390413e-03   8  10  10   9   0   0
   1.8232066003094075e-02   8  10  10  11   0   0
   6.7093401383642570e-04   8  11  10   1   0   0
   2.0694735623516612e-04   8  11  10   2   0   0
  -4.6800663397627347e-04   8  11  10   6   0   0
   1.4230774873156915e-02   8  11  10   7   0   0
   5.9200895282731443e-04   8  11  10   8   0   0
  -6.2277503174548313e-03   8  11  10   9   0   0
  -3.6464132006188005e-02   8  11  10  10   0   0
   4.0045755493392354e-03   8  11  10  11   0   0
   4.2042614693607030e-03   8  12  10   3   0   0
  -2.4555709793543514e-02   8  12  10   4   0   0
   1.7178624399075061e-02   8  12  10   5   0   0
  -4.2989959323905544e-03   8  12  10  12   0   0
  -2.5021303613304326e-02   8  12  10  13   0   0
   3.5446153362283235e-03   8  12  10  14   0   0
  -7.5672419608652222e-03   8  13  10   3   0   0
  -1.1556102036023573e-03   8  13  10   4   0   0
   2.2150565876183645e-03   8  13  10   5   0   0
   2.4203576719357229e-03   8  13  10  12   0   0
  -2.0782662636465777e-03   8  13  10  13   0   0
  -5.1611823376912424e-03   8  13  10  14   0   0
   1.1479507152722453e-03   8  14  10   3   0   0
  -3.7398267231357127e-02   8  14  10   4   0   0
   2.5957260193545089e-02   8  14  10   5   0   0
  -4.0792915944254919e-04   8  14  10  12   0   0
  -3.9463758792128129e-02   8  14  10  13   0   0
   6.3772621960370042e-03   8  14  10  14   0   0
  -8.0768981814733406e-03   8   1  11   7   0   0
  -3.1093218208061175e-02   8   1  11   8   0   0
  -1.2463401577190199e-02   8   1  11   9   0   0
   6.7093401383635761e-04   8   1  11  10   0   0
  -1.5921686397732390e-02   8   1  11  11   0   0
  -2.4912922743006980e-03   8   2  11   7   0   0
  -9.5905993321261616e-03   8   2  11   8   0   0
  -3.8442945996251593e-03   8   2  11   9   0   0
   2.0694735623510361e-04   8   2  11  10   0   0
  -4.9109910048753223e-03   8   2  11  11   0   0
   1.8685707578441544e-03   8   3  11   3   0   0
   4.1036347895002186e-05   8   3  11   4   0   0
   1.2707478829994021e-02   8   3  11   5   0   0
  -1.0495533178324120e-03   8   3  11  12   0   0
  -4.3016820815976681e-03   8   3  11  13   0   0
   2.1980224477909662e-03   8   3  11  14   0   0
   4.6300234982548642e-02   8   4  11   3   0   0
  -1.2153006490208484e-02   8   4  11   4   0   0
   1.8266915792135730e-02   8   4  11   5   0   0
  -2.8871818770386595e-02   8   4  11  12   0   0
  -1.0805339964571061e-02   8   4  11  13   0   0
   6.2150840526758585e-03   8   4  11  14   0   0
   6.4878317241719607e-02   8   5  11   3   0   0
   1.5526831204079418e-02   8   5  11   4   0   0
   1.0284435732364053e-02   8   5  11   5   0   0
  -3.9673098896301995e-02   8   5  11  12   0   0
   5.0143262764551352e-03   8   5  11  13   0   0
   9.0196560023468146e-03   8   5  11  14   0   0
   5.6339995482805952e-03   8   6  11   7   0   0
   2.1688917379276890e-02   8   6  11   8   0   0
   8.6937828456219272e-03   8   6  11   9   0   0
  -4.6800663397623558e-04   8   6  11  10   0   0
   1.1106091962190184e-02   8   6  11  11   0   0
  -8.0768981814734603e-03   8   7  11   1   0   0
  -2.4912922743006273e-03   8   7  11   2   0   0
   5.6339995482804477e-03   8   7  11   6   0   0
  -1.1470395476137724e-02   8   7  11   7   0   0
   8.1460346483255635e-04   8   7  11   8   0   0
  -6.7670415226476332e-03   8   7  11   9   0   0
   9.7103161149772778e-03   8   7  11  10   0   0
  -3.7349824029264999e-03   8   7  11  11   0   0
  -3.1093218208061813e-02   8   8  11   1   0   0
  -9.5905993321259292e-03   8   8  11   2   0   0
   2.1688917379276421e-02   8   8  11   6   0   0
  -1.6292069296650199e-03   8   8  11   7   0   0
  -3.8869172934512031e-02   8   8  11   9   0   0
  -1.1840179056546219e-03   8   8  11  10   0   0
   9.6347854605011540e-01   8   8  11  11   0   0
  -1.2463401577190222e-02   8   9  11   1   0   0
  -3.8442945996251705e-03   8   9  11   2   0   0
   8.6937828456219446e-03   8   9  11   6   0   0
   3.1409159721586307e-03   8   9  11   7   0   0
   1.9434586467255856e-02   8   9  11   8   0   0
  -6.7616705269564308e-03   8   9  11   9   0   0
   2.0724239707606705e-04   8   9  11  10   0   0
   8.9559376261274005e-03   8   9  11  11   0   0
   6.7093401383645117e-04   8  10  11   1   0   0
   2.0694735623507963e-04   8  10  11   2   0   0
  -4.6800663397617058e-04   8  10  11   6   0   0
  -2.3941090988134163e-02   8  10  11   7   0   0
   5.9200895282729611e-04   8  10  11   8   0   0
   6.0205079203788708e-03   8  10  11   9   0   0
   1.8232066003094079e-02   8  10  11  10   0   0
  -8.0091510986784083e-03   8  10  11  11   0   0
  -1.5921686397732591e-02   8  11  11   1   0   0
  -4.9109910048752642e-03   8  11  11   2   0   0
   1.1106091962190111e-02   8  11  11   6   0   0
   1.8674912014633380e-03   8  11  11   7   0   0
   3.5740884942575490e-02   8  11  11   8   0   0
  -4.4779688130638052e-03   8  11  11   9   0   0
   4.0045755493392345e-03   8  11  11  10   0   0
  -1.0495533178325129e-03   8  12  11   3   0   0
   2.8424940186962001e-03   8  12  11   4   0   0
  -3.9058928768986416e-03   8  12  11   5   0   0
   1.0732028626360313e-03   8  12  11  12   0   0
   2.6694771514282592e-03   8  12  11  13   0   0
  -8.8509970889993246e-03   8  12  11  14   0   0
   7.8073358208768243e-03   8  13  11   3   0   0
  -9.9557333246531130e-03   8  13  11   4   0   0
   6.6897643805143145e-03   8  13  11   5   0   0
  -6.2541236524516763e-03   8  13  11  12   0   0
  -1.2173160887261671e-02   8  13  11  13   0   0
   1.2285425097293878e-03   8  13  11  14   0   0
   4.8441533858103965e-02   8  14  11   3   0   0
   4.5396459486166585e-03   8  14  11   4   0   0
   9.8692626422644605e-03   8  14  11   5   0   0
  -4.2929618404025878e-02   8  14  11  12   0   0
  -1.5582813871281570e-04   8  14  11  13   0   0
   1.1099958024625633e-02   8  14  11  14   0   0
  -1.4795267373820841e-03   8   1  12   3   0   0
   4.0163182413396311e-03   8   1  12   4   0   0
   6.2168443420983531e-03   8   1  12   5   0   0
   9.2005151997988904e-03   8   1  12  12   0   0
   4.7907425283937825e-03   8   1  12  13   0   0
   4.5775669803170903e-02   8   1  12  14   0   0
  -1.2391041436644558e-03   8   2  12   3   0   0
   3.3636678874253891e-03   8   2  12   4   0   0
   5.2066092421161735e-03   8   2  12   5   0   0
   3.9102304988754997e-03   8   2  12  12   0   0
   2.0360715829472534e-03   8   2  12  13   0   0
   1.9454717076574240e-02   8   2  12  14   0   0
  -8.2334568460431402e-03   8   3  12   1   0   0
  -1.1116002557926854e-02   8   3  12   2   0   0
  -1.0188861992477980e-02   8   3  12   6   0   0
  -5.7395774184419296e-03   8   3  12   7   0   0
  -4.5732558831001434e-02   8   3  12   8   0   0
  -4.1412262032515992e-03   8   3  12   9   0   0
   2.8124049791034664e-03   8   3  12  10   0   0
  -7.0208977210816400e-04   8   3  12  11   0   0
   2.2350513907276562e-02   8   4  12   1   0   0
   3.0175462677461577e-02   8   4  12   2   0   0
   2.7658650056766935e-02   8   4  12   6   0   0
   9.8574309321775647e-03   8   4  12   7   0   0
  -1.0643363329679459e-03   8   4  12   8   0   0
   1.9425231332203577e-03   8   4  12   9   0   0
  -4.5011960028658402e-04   8   4  12  10   0   0
  -1.4556701734013458e-02   8   4  12  11   0   0
   3.4596278874828253e-02   8   5  12   1   0   0
   4.6708488507128089e-02   8   5  12   2   0   0
   4.2812723440496164e-02   8   5  12   6   0   0
  -1.8151593614363223e-03   8   5  12   7   0   0
   9.4716726099695805e-03   8   5  12   8   0   0
   4.1063070787495338e-03   8   5  12   9   0   0
   2.6924422323650846e-04   8   5  12  10   0   0
  -2.1174229462705346e-02   8   5  12  11   0   0
  -2.0250964785219045e-04   8   6  12   3   0   0
   5.4973200021690726e-04   8   6  12   4   0   0
   8.5092815605150010e-04   8   6  12   5   0   0
  -2.2476463733538173e-03   8   6  12  12   0   0
  -1.1703578371187831e-03   8   6  12  13   0   0
  -1.1182799657042969e-02   8   6  12  14   0   0
  -2.5770922560977888e-03   8   7  12   3   0   0
   6.3477773664490878e-03   8   7  12   4   0   0
  -2.9391407353184375e-03   8   7  12   5   0   0
   1.2093690238116381e-02   8   7  12  12   0   0
   3.2805942550041121e-02   8   7  12  13   0   0
   1.1710171886757930e-03   8   7  12  14   0   0
  -1.7332711332203687e-01   8   8  12   3   0   0
  -4.7789109225368585e-04   8   8  12   4   0   0
   4.2528172992343681e-03   8   8  12   5   0   0
   1.0895610616220073e+00   8   8  12  12   0   0
  -1.1026306802767878e-02   8   8  12  13   0   0
   1.6785433337690118e-02   8   8  12  14   0   0
  -1.8594264352733245e-03   8   9  12   3   0   0
  -2.9442467961300458e-03   8   9  12   4   0   0
  -3.6124844576833704e-03   8   9  12   5   0   0
   8.7258526642001403e-03   8   9  12  12   0   0
  -4.6557174954736666e-03   8   9  12  13   0   0
  -2.1368507794187031e-02   8   9  12  14   0   0
   1.2627806133199964e-03   8  10  12   3   0   0
  -2.7521451017463632e-03   8  10  12   4   0   0
   1.9121286244524051e-03   8  10  12   5   0   0
  -5.9259335943662459e-03   8  10  12  12   0   0
  -1.5577091363277829e-02   8  10  12  13   0   0
   2.1618762011323929e-03   8  10  12  14   0   0
  -3.1524099822611727e-04   8  11  12   3   0   0
  -3.9090488203205832e-03   8  11  12   4   0   0
  -6.5446341004571744e-03   8  11  12   5   0   0
   1.4793521550808019e-03   8  11  12  12   0   0
  -2.4706207517311432e-03   8  11  12  13   0   0
  -3.5688390232606698e-02   8  11  12  14   0   0
   1.0389782660498075e-02   8  12  12   1   0   0
   9.8646520273050452e-03   8  12  12   2   0   0
   7.4792624686143777e-03   8  12  12   6   0   0
   9.7328866703803290e-03   8  12  12   7   0   0
   7.3787575752809795e-02   8  12  12   8   0   0
   7.0224830809231184e-03   8  12  12   9   0   0
  -4.7691348922090301e-03   8  12  12  10   0   0
   1.1905685185819490e-03   8  12  12  11   0   0
   5.4099985241591736e-03   8  13  12   1   0   0
   5.1365610478040233e-03   8  13  12   2   0   0
   3.8944798211075458e-03   8  13  12   6   0   0
   1.3774654797553609e-02   8  13  12   7   0   0
  -8.8738666520452678e-03   8  13  12   8   0   0
   6.7269264832042048e-04   8  13  12   9   0   0
   2.0256660118095652e-03   8  13  12  10   0   0
  -6.7236548400734508e-03   8  13  12  11   0   0
   5.1692676993139883e-02   8  14  12   1   0   0
   4.9079974775214009e-02   8  14  12   2   0   0
   3.7211856260183140e-02   8  14  12   6   0   0
   5.7830471102411950e-03   8  14  12   7   0   0
   1.3508756812214468e-02   8  14  12   8   0   0
   1.3925962325524522e-02   8  14  12   9   0   0
  -3.5756658501556298e-04   8  14  12  10   0   0
  -4.6805550400555250e-02   8  14  12  11   0   0
  -7.7039508209575619e-04   8   1  13   3   0   0
  -2.1201004034091522e-03   8   1  13   4   0   0
  -1.4488161601918613e-04   8   1  13   5   0   0
   4.7907425283937799e-03   8   1  13  12   0   0
  -1.1351055026415559e-02   8   1  13  13   0   0
  -6.7662378040514578e-03   8   1  13  14   0   0
  -6.4520614218347967e-04   8   2  13   3   0   0
  -1.7755848059206815e-03   8   2  13   4   0   0
  -1.2133840248667734e-04   8   2  13   5   0   0
   2.0360715829472495e-03   8   2  13  12   0   0
  -4.8242126223185999e-03   8   2  13  13   0   0
  -2.8756595526980688e-03   8   2  13  14   0   0
  -4.2871916421481499e-03   8   3  13   1   0   0
  -5.7881439292833568e-03   8   3  13   2   0   0
  -5.3053783840677259e-03   8   3  13   6   0   0
  -2.1526321726685619e-02   8   3  13   7   0   0
   5.2330050040904630e-03   8   3  13   8   0   0
   4.2944850130570977e-03   8   3  13   9   0   0
   1.4262324317263960e-02   8   3  13  10   0   0
  -1.0613320389513180e-03   8   3  13  11   0   0
  -1.1798201911264718e-02   8   4  13   1   0   0
  -1.5928770269511144e-02   8   4  13   2   0   0
  -1.4600216322386493e-02   8   4  13   6   0   0
  -1.2405048816886989e-02   8   4  13   7   0   0
   1.3623717926925318e-02   8   4  13   8   0   0
  -3.2942514625975933e-03   8   4  13   9   0   0
  -1.1697957379001469e-02   8   4  13  10   0   0
  -7.1007071337330771e-03   8   4  13  11   0   0
  -8.0625547557844216e-04   8   5  13   1   0   0
  -1.0885267387026991e-03   8   5  13   2   0   0
  -9.9773715038008518e-04   8   5  13   6   0   0
  -7.6250179106925782e-03   8   5  13   7   0   0
  -1.7466174697399507e-03   8   5  13   8   0   0
   1.3186220772684317e-03   8   5  13   9   0   0
  -2.0062380002579303e-02   8   5  13  10   0   0
   3.6055912970754454e-03   8   5  13  11   0   0
  -1.0544752780757749e-04   8   6  13   3   0   0
  -2.9018791972986434e-04   8   6  13   4   0   0
  -1.9830614951936220e-05   8   6  13   5   0   0
  -1.1703578371187837e-03   8   6  13  12   0   0
   2.7730140225647399e-03   8   6  13  13   0   0
   1.6529628538471787e-03   8   6  13  14   0   0
  -6.9907479714701485e-03   8   7  13   3   0   0
  -5.1198559288016402e-03   8   7  13   4   0   0
  -2.5361395284651473e-03   8   7  13   5   0   0
   3.2805942550041135e-02   8   7  13  12   0   0
  -1.6045919448694733e-02   8   7  13  13   0   0
  -2.1481078270623292e-02   8   7  13  14   0   0
   2.3496393007664007e-03   8   8  13   3   0   0
   1.4239038830149026e-01   8   8  13   4   0   0
  -6.9887769115302020e-02   8   8  13   5   0   0
  -1.1026306802767881e-02   8   8  13  12   0   0
   1.0204662935586470e+00   8   8  13  13   0   0
   9.7005446505969064e-03   8   8  13  14   0   0
   9.9210524396836988e-04   8   9  13   3   0   0
  -9.3058453743642450e-04   8   9  13   4   0   0
   1.6738099536044524e-03   8   9  13   5   0   0
  -4.6557174954736649e-03   8   9  13  12   0   0
  -7.4473415319732030e-03   8   9  13  13   0   0
   5.0304848420026993e-03   8   9  13  14   0   0
   3.3193839708502214e-03   8  10  13   3   0   0
  -3.5086488263423592e-03   8  10  13   4   0   0
  -5.5693252362786043e-03   8  10  13   5   0   0
  -1.5577091363277833e-02   8  10  13  12   0   0
  -2.8647777442609972e-03   8  10  13  13   0   0
  -3.0756535008021214e-02   8  10  13  14   0   0
   5.2647434171695158e-04   8  11  13   3   0   0
  -3.1178699341616600e-03   8  11  13   4   0   0
   1.7577045202671721e-03   8  11  13   5   0   0
  -2.4706207517311406e-03   8  11  13  12   0   0
  -1.6780044500143691e-02   8  11  13  13   0   0
   7.3933939788963215e-04   8  11  13  14   0   0
   5.4099985241592629e-03   8  12  13   1   0   0
   5.1365610478041317e-03   8  12  13   2   0   0
   3.8944798211076651e-03   8  12  13   6   0   0
   3.9029165156131355e-02   8  12  13   7   0   0
  -8.8738666520453320e-03   8  12  13   8   0   0
  -8.1664468061596884e-03   8  12  13   9   0   0
  -2.7098255421303150e-02   8  12  13  10   0   0
   2.7469907601055067e-03   8  12  13  11   0   0
  -1.2818303337446961e-02   8  13  13   1   0   0
  -1.2170428019164665e-02   8  13  13   2   0   0
  -9.2274745483930318e-03   8  13  13   6   0   0
  -1.2913603080719064e-02   8  13  13   7   0   0
   1.8180764776505865e-02   8  13  13   8   0   0
  -5.9935495038446014e-03   8  13  13   9   0   0
  -2.3055458318952888e-03   8  13  13  10   0   0
  -1.3504419927103984e-02   8  13  13  11   0   0
  -7.6408482228123359e-03   8  14  13   1   0   0
  -7.2546569427355328e-03   8  14  13   2   0   0
  -5.5003950716442946e-03   8  14  13   6   0   0
  -2.1985775445981719e-02   8  14  13   7   0   0
   7.8069059043412731e-03   8  14  13   8   0   0
  -1.6776097455898117e-03   8  14  13   9   0   0
  -4.2955282455317337e-02   8  14  13  10   0   0
  -1.3960515898076361e-04   8  14  13  11   0   0
  -7.3611451016183721e-03   8   1  14   3   0   0
  -8.1402555069485063e-04   8   1  14   4   0   0
   8.0053768746298761e-04   8   1  14   5   0   0
   4.5775669803170903e-02   8   1  14  12   0   0
  -6.7662378040514578e-03   8   1  14  13   0   0
   2.1505398266166691e-03   8   1  14  14   0   0
  -6.1649615157821497e-03   8   2  14   3   0   0
  -6.8174667441264249e-04   8   2  14   4   0   0
   6.7045058438767666e-04   8   2  14   5   0   0
   1.9454717076574243e-02   8   2  14  12   0   0
  -2.8756595526980688e-03   8   2  14  13   0   0
   9.1398212344309920e-04   8   2  14  14   0   0
  -4.0964227952297191e-02   8   3  14   1   0   0
  -5.5305866201274936e-02   8   3  14   2   0   0
  -5.0693028826032584e-02   8   3  14   6   0   0
   1.7277897084518388e-03   8   3  14   7   0   0
  -7.9662445661231162e-03   8   3  14   8   0   0
   2.4823559383789693e-02   8   3  14   9   0   0
  -2.0154625610911922e-03   8   3  14  10   0   0
   8.4064510376530358e-03   8   3  14  11   0   0
  -4.5299919723533824e-03   8   4  14   1   0   0
  -6.1159490228296764e-03   8   4  14   2   0   0
  -5.6058425879188818e-03   8   4  14   6   0   0
  -6.2675533715840694e-03   8   4  14   7   0   0
   2.4366500857099852e-02   8   4  14   8   0   0
   4.2640900803895751e-03   8   4  14   9   0   0
  -3.4731297454242169e-03   8   4  14  10   0   0
   3.9062273070241968e-03   8   4  14  11   0   0
   4.4549330112280388e-03   8   5  14   1   0   0
   6.0146118057328637e-03   8   5  14   2   0   0
   5.5129574959696054e-03   8   5  14   6   0   0
   5.2813272224940732e-03   8   5  14   7   0   0
   3.7871775875749004e-02   8   5  14   8   0   0
  -2.8426277053785099e-03   8   5  14   9   0   0
   6.4389668485769621e-03   8   5  14  10   0   0
   6.1610554313204701e-03   8   5  14  11   0   0
  -1.0075538783126941e-03   8   6  14   3   0   0
  -1.1141943126043871e-04   8   6  14   4   0   0
   1.0957328521640527e-04   8   6  14   5   0   0
  -1.1182799657042965e-02   8   6  14  12   0   0
   1.6529628538471770e-03   8   6  14  13   0   0
  -5.2536764921091539e-04   8   6  14  14   0   0
  -2.4953668146570246e-04   8   7  14   3   0   0
  -3.7016782164098518e-03   8   7  14   4   0   0
   2.8213946906375680e-03   8   7  14   5   0   0
   1.1710171886757906e-03   8   7  14  12   0   0
  -2.1481078270623292e-02   8   7  14  13   0   0
   3.9522292105789204e-03   8   7  14  14   0   0
  -3.5768743384438605e-03   8   8  14   3   0   0
   8.0044183440177927e-02   8   8  14   4   0   0
   1.5327785924395637e-01   8   8  14   5   0   0
   1.6785433337690104e-02   8   8  14  12   0   0
   9.7005446505968231e-03   8   8  14  13   0   0
   1.0875905150428977e+00   8   8  14  14   0   0
   4.5534997900973182e-03   8   9  14   3   0   0
   8.3284919926192638e-04   8   9  14   4   0   0
  -7.2780373973181526e-04   8   9  14   5   0   0
  -2.1368507794187031e-02   8   9  14  12   0   0
   5.0304848420026993e-03   8   9  14  13   0   0
  -1.2785111322270639e-03   8   9  14  14   0   0
  -4.6068274504178751e-04   8  10  14   3   0   0
  -4.9982088333913521e-03   8  10  14   4   0   0
   4.6348996561890411e-03   8  10  14   5   0   0
   2.1618762011323934e-03   8  10  14  12   0   0
  -3.0756535008021214e-02   8  10  14  13   0   0
   8.7907113386274972e-03   8  10  14  14   0   0
   7.6049801417249086e-03   8  11  14   3   0   0
   1.6151308197761881e-03   8  11  14   4   0   0
   2.8367122792939152e-03   8  11  14   5   0   0
  -3.5688390232606698e-02   8  11  14  12   0   0
   7.3933939788963258e-04   8  11  14  13   0   0
   1.5300692345063321e-02   8  11  14  14   0   0
   5.1692676993140257e-02   8  12  14   1   0   0
   4.9079974775214502e-02   8  12  14   2   0   0
   3.7211856260183800e-02   8  12  14   6   0   0
  -3.8982001591381633e-03   8  12  14   7   0   0
   1.3508756812214478e-02   8  12  14   8   0   0
  -4.8320305256596890e-02   8  12  14   9   0   0
   3.8372813200096348e-03   8  12  14  10   0   0
  -1.0637802412882865e-02   8  12  14  11   0   0
  -7.6408482228123428e-03   8  13  14   1   0   0
  -7.2546569427355979e-03   8  13  14   2   0   0
  -5.5003950716444030e-03   8  13  14   6   0   0
  -1.2589758778733666e-02   8  13  14   7   0   0
   7.8069059043413633e-03   8  13  14   8   0   0
   9.7745822825521869e-03   8  13  14   9   0   0
  -6.5498501737920548e-03   8  13  14  10   0   0
   1.3296317644129073e-03   8  13  14  11   0   0
   2.4285206769487939e-03   8  14  14   1   0   0
   2.3057759918595506e-03   8  14  14   2   0   0
   1.7482120797786122e-03   8  14  14   6   0   0
   3.1807164103387466e-03   8  14  14   7   0   0
   7.2201698642054862e-02   8  14  14   8   0   0
  -1.0289335770786263e-03   8  14  14   9   0   0
   7.0746807241041862e-03   8  14  14  10   0   0
   1.2313851408521998e-02   8  14  14  11   0   0
   3.6054404064141940e-02   9   1   9   1   0   0
   1.0543733752654981e-02   9   2   9   1   0   0
   5.2994832321727739e-03   9   2   9   2   0   0
   4.7352210375439338e-02   9   3   9   3   0   0
   7.9851828065232569e-02   9   4   9   4   0   0
   4.6463490903887801e-02   9   5   9   4   0   0
   1.1377932984440496e-01   9   5   9   5   0   0
  -2.7713118994809910e-02   9   6   9   1   0   0
  -4.4151099573913168e-03   9   6   9   2   0   0
   2.9301163809824008e-02   9   6   9   6   0   0
   1.9398671745688535e-02   9   7   9   7   0   0
   1.1017025902591243e-03   9   8   9   7   0   0
   1.3240204161540094e-02   9   8   9   8   0   0
  -4.3756225513182721e-02   9   9   9   1   0   0
  -1.3496461652022918e-02   9   9   9   2   0   0
   3.0521934192658473e-02   9   9   9   6   0   0
   1.0349603159352645e+00   9   9   9   9   0   0
   1.3830401091989391e-02   9  10   9   7   0   0
   9.2681827314225883e-07   9  10   9   8   0   0
   4.0656530394050941e-02   9  10   9  10   0   0
  -4.3497189603952068e-03   9  11   9   7   0   0
  -6.7616705269563995e-03   9  11   9   8   0   0
   2.2526885079794628e-03   9  11   9  10   0   0
   4.5398185729333733e-02   9  11   9  11   0   0
  -2.2250234299309678e-02   9  12   9   3   0   0
   2.9621492235615936e-02   9  12   9  12   0   0
   2.4322248831424403e-02   9  13   9   4   0   0
  -3.6615261268185951e-03   9  13   9   5   0   0
   3.0744567798421905e-02   9  13   9  13   0   0
   4.1595397421653864e-02   9  14   9   4   0   0
   6.4925140046031324e-02   9  14   9   5   0   0
   7.9088312111574733e-03   9  14   9  13   0   0
   8.5316418915613229e-02   9  14   9  14   0   0
   2.5492789406979081e-02   9   1  10   7   0   0
   1.7083512544377411e-06   9   1  10   8   0   0
   3.1183637796659738e-02   9   1  10  10   0   0
   4.1522522269221507e-03   9   1  10  11   0   0
   7.8631657689652718e-03   9   2  10   7   0   0
   5.2693524003063212e-07   9   2  10   8   0   0
   9.6184889523064435e-03   9   2  10  10   0   0
   1.2807483345037920e-03   9   2  10  11   0   0
  -9.2839210979956590e-03   9   3  10   3   0   0
   4.2837105929245334e-02   9   3  10   4   0   0
  -2.6878644043572760e-02   9   3  10   5   0   0
   5.2146648180117633e-03   9   3  10  12   0   0
   2.8370771811478158e-02   9   3  10  13   0   0
  -1.9981625744449269e-03   9   3  10  14   0   0
   3.7371235470795107e-02   9   4  10   3   0   0
   1.7784563680071218e-02   9   4  10   4   0   0
  -2.6310537329224681e-02   9   4  10   5   0   0
  -2.0652380007185528e-02   9   4  10  12   0   0
   1.7059305530346260e-02   9   4  10  13   0   0
  -1.1553988076513071e-02   9   4  10  14   0   0
  -3.4692995115392811e-02   9   5  10   3   0   0
   2.6023896791450070e-02   9   5  10   4   0   0
  -8.5006425820755363e-03   9   5  10   5   0   0
   1.9970693556898698e-02   9   5  10  12   0   0
   1.8087726532763783e-02   9   5  10  13   0   0
   3.8186786957881361e-03   9   5  10  14   0   0
  -1.7782366544223400e-02   9   6  10   7   0   0
  -1.1916517925091725e-06   9   6  10   8   0   0
  -2.1751989106797778e-02   9   6  10  10   0   0
  -2.8963825772233211e-03   9   6  10  11   0   0
   2.5492789406978640e-02   9   7  10   1   0   0
   7.8631657689654660e-03   9   7  10   2   0   0
  -1.7782366544223469e-02   9   7  10   6   0   0
   3.3026524982686994e-03   9   7  10   7   0   0
   2.1386371845332427e-02   9   7  10   8   0   0
   1.3830401091989325e-02   9   7  10   9   0   0
  -3.8755103488684280e-03   9   7  10  10   0   0
   1.3045081926002889e-02   9   7  10  11   0   0
   1.7083512544293068e-06   9   8  10   1   0   0
   5.2693524005420590e-07   9   8  10   2   0   0
  -1.1916517925135908e-06   9   8  10   6   0   0
   1.5531015711102679e-02   9   8  10   7   0   0
  -3.4643890243788653e-03   9   8  10   8   0   0
   9.2681827314969430e-07   9   8  10   9   0   0
  -1.7134226225878221e-02   9   8  10  10   0   0
   2.0724239707606534e-04   9   8  10  11   0   0
  -2.7660802183978869e-02   9   9  10   7   0   0
  -1.8536365462342973e-06   9   9  10   8   0   0
   9.5364725514716209e-01   9   9  10  10   0   0
  -4.5053770159587695e-03   9   9  10  11   0   0
   3.1183637796659062e-02   9  10  10   1   0   0
   9.6184889523067505e-03   9  10  10   2   0   0
  -2.1751989106797848e-02   9  10  10   6   0   0
   1.9377551744342043e-03   9  10  10   7   0   0
   8.5671131129390517e-03   9  10  10   8   0   0
   4.0656530394050927e-02   9  10  10   9   0   0
  -1.9517853780765394e-03   9  10  10  11   0   0
   4.1522522269222635e-03   9  11  10   1   0   0
   1.2807483345037881e-03   9  11  10   2   0   0
  -2.8963825772232790e-03   9  11  10   6   0   0
  -1.2656257412814736e-02   9  11  10   7   0   0
   6.0205079203788526e-03   9  11  10   8   0   0
   2.2526885079794646e-03   9  11  10   9   0   0
   3.9035707561531599e-03   9  11  10  10   0   0
   1.6173652611013947e-04   9  11  10  11   0   0
   5.2146648180117381e-03   9  12  10   3   0   0
  -2.4399663369202559e-02   9  12  10   4   0   0
   1.4613342339193732e-02   9  12  10   5   0   0
  -5.3321666610857644e-03   9  12  10  12   0   0
  -2.8878794396319105e-02   9  12  10  13   0   0
   2.9674998835078547e-03   9  12  10  14   0   0
   2.7451601983054016e-02   9  13  10   3   0   0
   8.3218505418386924e-04   9  13  10   4   0   0
  -1.3912418813975463e-02   9  13  10   5   0   0
  -2.8201422813760875e-02   9  13  10  12   0   0
   7.1928700350978748e-03   9  13  10  13   0   0
  -7.1794979513189697e-03   9  13  10  14   0   0
  -8.4710654388179766e-03   9  14  10   3   0   0
   2.0446157270226164e-02   9  14  10   4   0   0
  -1.2408441780374296e-02   9  14  10   5   0   0
   7.7376308445127918e-03   9  14  10  12   0   0
   1.9261384500012146e-02   9  14  10  13   0   0
  -1.8607033740119917e-03   9  14  10  14   0   0
  -8.0175888392075654e-03   9   1  11   7   0   0
  -1.2463401577190256e-02   9   1  11   8   0   0
   4.1522522269221524e-03   9   1  11  10   0   0
   3.9923660598517978e-02   9   1  11  11   0   0
  -2.4729985057200454e-03   9   2  11   7   0   0
  -3.8442945996251458e-03   9   2  11   8   0   0
   1.2807483345037920e-03   9   2  11  10   0   0
   1.2314319801508648e-02   9   2  11  11   0   0
  -5.5092569932521485e-02   9   3  11   3   0   0
  -8.9459425749547905e-03   9   3  11   4   0   0
  -2.2507641403247797e-03   9   3  11   5   0   0
   3.0944822034624501e-02   9   3  11  12   0   0
  -4.1388697557851566e-03   9   3  11  13   0   0
  -5.0133907278420717e-03   9   3  11  14   0   0
   6.1311496241417043e-03   9   4  11   3   0   0
   3.4109944361723446e-02   9   4  11   4   0   0
  -2.0396013040028825e-02   9   4  11   5   0   0
  -4.3777478843554816e-03   9   4  11  12   0   0
   2.1902939523785393e-02   9   4  11  13   0   0
  -8.3068110084616074e-04   9   4  11  14   0   0
   1.9304392075244505e-02   9   5  11   3   0   0
  -3.3460799654402268e-02   9   5  11   4   0   0
   2.0982625570797591e-02   9   5  11   5   0   0
  -1.2178283026039740e-02   9   5  11  12   0   0
  -2.2814589404518665e-02   9   5  11  13   0   0
   1.6452346602722433e-03   9   5  11  14   0   0
   5.5926286160208156e-03   9   6  11   7   0   0
   8.6937828456219880e-03   9   6  11   8   0   0
  -2.8963825772233215e-03   9   6  11  10   0   0
  -2.7848547886080072e-02   9   6  11  11   0   0
  -8.0175888392075047e-03   9   7  11   1   0   0
  -2.4729985057200831e-03   9   7  11   2   0   0
   5.5926286160208017e-03   9   7  11   6   0   0
  -1.7482801089179257e-02   9   7  11   7   0   0
   3.6261255504889626e-03   9   7  11   8   0   0
  -4.3497189603952111e-03   9   7  11   9   0   0
   1.3045081926002892e-02   9   7  11  10   0   0
  -4.2899951430207259e-03   9   7  11  11   0   0
  -1.2463401577190213e-02   9   8  11   1   0   0
  -3.8442945996251671e-03   9   8  11   2   0   0
   8.6937828456219359e-03   9   8  11   6   0   0
   3.1409159721586285e-03   9   8  11   7   0   0
   1.9434586467255838e-02   9   8  11   8   0   0
  -6.7616705269564290e-03   9   8  11   9   0   0
   2.0724239707606566e-04   9   8  11  10   0   0
   8.9559376261273919e-03   9   8  11  11   0   0
   8.6994379207905401e-03   9   9  11   7   0   0
   1.3523341053912846e-02   9   9  11   8   0   0
  -4.5053770159587635e-03   9   9  11  10   0   0
   9.4416394447659857e-01   9   9  11  11   0   0
   4.1522522269221880e-03   9  10  11   1   0   0
   1.2807483345037662e-03   9  10  11   2   0   0
  -2.8963825772232396e-03   9  10  11   6   0   0
  -3.8882451318820831e-04   9  10  11   7   0   0
  -6.2277503174548582e-03   9  10  11   8   0   0
   2.2526885079793982e-03   9  10  11   9   0   0
  -1.9517853780765338e-03   9  10  11  10   0   0
  -3.2347305222029456e-04   9  10  11  11   0   0
   3.9923660598517943e-02   9  11  11   1   0   0
   1.2314319801508733e-02   9  11  11   2   0   0
  -2.7848547886079756e-02   9  11  11   6   0   0
   2.1449975715103708e-03   9  11  11   7   0   0
  -4.4779688130637922e-03   9  11  11   8   0   0
   4.5398185729333747e-02   9  11  11   9   0   0
   1.6173652611013836e-04   9  11  11  10   0   0
   3.0944822034624342e-02   9  12  11   3   0   0
   5.9587826234122022e-03   9  12  11   4   0   0
   2.5994690019861162e-03   9  12  11   5   0   0
  -3.1642100527022571e-02   9  12  11  12   0   0
   3.8700763012222074e-03   9  12  11  13   0   0
   2.5767269346450741e-03   9  12  11  14   0   0
  -1.6034257939995928e-03   9  13  11   3   0   0
   2.5953883609622839e-02   9  13  11   4   0   0
  -1.4826061820173996e-02   9  13  11   5   0   0
   2.0016101747530961e-03   9  13  11  12   0   0
   3.0525838781016210e-02   9  13  11  13   0   0
  -2.7974442417278791e-03   9  13  11  14   0   0
   1.2841506131464616e-02   9  14  11   3   0   0
  -8.8192086851908835e-03   9  14  11   4   0   0
   5.6961787461095809e-03   9  14  11   5   0   0
  -1.0581232963518322e-02   9  14  11  12   0   0
  -9.3981554737597745e-03   9  14  11  13   0   0
   1.1162617460065969e-03   9  14  11  14   0   0
  -4.4265909670095352e-03   9   1  12   3   0   0
   2.7526989844959479e-02   9   1  12  12   0   0
  -3.7072714341305078e-03   9   2  12   3   0   0
   1.1699005207485264e-02   9   2  12  12   0   0
  -2.4633651275843483e-02   9   3  12   1   0   0
  -3.3257929896717942e-02   9   3  12   2   0   0
  -3.0484021221416774e-02   9   3  12   6   0   0
  -1.6510026039926631e-03   9   3  12   7   0   0
  -4.1412262032516547e-03   9   3  12   8   0   0
  -2.2100077899929516e-02   9   3  12   9   0   0
   3.4883057120521288e-03   9   3  12  10   0   0
   2.0700275708798881e-02   9   3  12  11   0   0
  -9.8873429576974512e-03   9   4  12   7   0   0
  -1.5057096261445234e-02   9   4  12   8   0   0
  -1.4377292224185555e-02   9   4  12  10   0   0
  -1.3780724645571936e-03   9   4  12  11   0   0
   2.8387569241898557e-03   9   5  12   7   0   0
  -2.0197414542001673e-02   9   5  12   8   0   0
   1.2555672180484249e-02   9   5  12  10   0   0
  -5.9300316564862478e-03   9   5  12  11   0   0
  -6.0588792028266555e-04   9   6  12   3   0   0
  -6.7247254692560567e-03   9   6  12  12   0   0
  -7.4130649616738870e-04   9   7  12   3   0   0
  -3.9330971396806013e-03   9   7  12   4   0   0
   1.9985335051761598e-03   9   7  12   5   0   0
   3.4787777251430777e-03   9   7  12  12   0   0
  -2.0703223068751685e-02   9   7  12  13   0   0
   1.7071286504744093e-05   9   7  12  14   0   0
  -1.8594264352733247e-03   9   8  12   3   0   0
  -2.9442467961300466e-03   9   8  12   4   0   0
  -3.6124844576833712e-03   9   8  12   5   0   0
   8.7258526642001386e-03   9   8  12  12   0   0
  -4.6557174954736675e-03   9   8  12  13   0   0
  -2.1368507794187034e-02   9   8  12  14   0   0
  -1.6271603881955685e-01   9   9  12   3   0   0
   1.0397657747738438e+00   9   9  12  12   0   0
   1.5662626326018400e-03   9  10  12   3   0   0
  -6.7658549998328458e-03   9  10  12   4   0   0
   5.1937837808397735e-03   9  10  12   5   0   0
  -7.3501036159663927e-03   9  10  12  12   0   0
  -3.9340997532747800e-02   9  10  12  13   0   0
   7.3782221256934576e-03   9  10  12  14   0   0
   9.2945031208786499e-03   9  11  12   3   0   0
   2.3743766081345122e-04   9  11  12   4   0   0
  -1.4385333472150303e-03   9  11  12   5   0   0
  -4.3616925779488482e-02   9  11  12  12   0   0
   4.0469012637817754e-03   9  11  12  13   0   0
  -5.5168895166215351e-03   9  11  12  14   0   0
   3.1085155078393770e-02   9  12  12   1   0   0
   2.9514018539485959e-02   9  12  12   2   0   0
   2.2377179706831837e-02   9  12  12   6   0   0
   2.7996871660849816e-03   9  12  12   7   0   0
   7.0224830809231514e-03   9  12  12   8   0   0
   3.3712803365736607e-02   9  12  12   9   0   0
  -5.9152933555620037e-03   9  12  12  10   0   0
  -3.5102486268763507e-02   9  12  12  11   0   0
  -1.7248135364859689e-02   9  13  12   7   0   0
  -8.1664468061598480e-03   9  13  12   8   0   0
  -3.1301811662910434e-02   9  13  12  10   0   0
   2.2654030882712155e-03   9  13  12  11   0   0
  -4.1156095407578466e-03   9  14  12   7   0   0
  -4.8320305256596717e-02   9  14  12   8   0   0
   8.4692003603686998e-03   9  14  12  10   0   0
  -1.1422232228512321e-02   9  14  12  11   0   0
   2.8778703315637632e-03   9   1  13   4   0   0
  -3.5319269844167394e-03   9   1  13   5   0   0
   2.5894678514456742e-02   9   1  13  13   0   0
  -1.1494929837801765e-02   9   1  13  14   0   0
   2.4102173774021999e-03   9   2  13   4   0   0
  -2.9579900456917323e-03   9   2  13   5   0   0
   1.1005270844834440e-02   9   2  13  13   0   0
  -4.8853595976004445e-03   9   2  13  14   0   0
   9.5489771305459960e-03   9   3  13   7   0   0
   1.2465430298804378e-04   9   3  13   8   0   0
   1.8840519643803844e-02   9   3  13  10   0   0
  -2.3883684069297851e-03   9   3  13  11   0   0
   1.6015135505671168e-02   9   4  13   1   0   0
   2.1622058702128098e-02   9   4  13   2   0   0
   1.9818650720995042e-02   9   4  13   6   0   0
  -1.3885730465813931e-02   9   4  13   7   0   0
  -8.5085586476607935e-04   9   4  13   8   0   0
   2.2705955187712238e-02   9   4  13   9   0   0
   8.9777582035905218e-03   9   4  13  10   0   0
   1.5259389708294583e-02   9   4  13  11   0   0
  -1.9654912395179514e-02   9   5  13   1   0   0
  -2.6536126993322546e-02   9   5  13   2   0   0
  -2.4322856561150071e-02   9   5  13   6   0   0
  -1.8000628981397166e-02   9   5  13   7   0   0
   6.1370379129706250e-03   9   5  13   8   0   0
  -5.7129068712202082e-03   9   5  13   9   0   0
   7.2999026203842549e-03   9   5  13  10   0   0
  -1.4063419814418766e-02   9   5  13  11   0   0
   3.9390738449286667e-04   9   6  13   4   0   0
  -4.8343113495854113e-04   9   6  13   5   0   0
  -6.3259588173333048e-03   9   6  13  13   0   0
   2.8081620214544809e-03   9   6  13  14   0   0
   4.4117316382543308e-03   9   7  13   3   0   0
  -3.4916396597572986e-03   9   7  13   4   0   0
  -2.6729007244645276e-03   9   7  13   5   0   0
  -2.0703223068751681e-02   9   7  13  12   0   0
  -8.9409359698185385e-03   9   7  13  13   0   0
  -1.8597764220863233e-02   9   7  13  14   0   0
   9.9210524396836923e-04   9   8  13   3   0   0
  -9.3058453743642407e-04   9   8  13   4   0   0
   1.6738099536044515e-03   9   8  13   5   0   0
  -4.6557174954736649e-03   9   8  13  12   0   0
  -7.4473415319732013e-03   9   8  13  13   0   0
   5.0304848420027028e-03   9   8  13  14   0   0
   1.4646834763654765e-01   9   9  13   4   0   0
  -7.1668648256187240e-02   9   9  13   5   0   0
   1.0413138737512115e+00   9   9  13  13   0   0
   1.0901896466859622e-02   9   9  13  14   0   0
   8.3833286691324064e-03   9  10  13   3   0   0
   2.6869198809581218e-03   9  10  13   4   0   0
   6.2704207152149041e-04   9  10  13   5   0   0
  -3.9340997532747800e-02   9  10  13  12   0   0
   9.9149826729878314e-03   9  10  13  13   0   0
   8.3271138782413379e-03   9  10  13  14   0   0
  -8.6237018666262503e-04   9  11  13   3   0   0
   7.1870730339167353e-03   9  11  13   4   0   0
  -5.6528221407826833e-03   9  11  13   5   0   0
   4.0469012637817763e-03   9  11  13  12   0   0
   4.2078219280390496e-02   9  11  13  13   0   0
  -8.4054876061798768e-03   9  11  13  14   0   0
  -1.6075377950321077e-02   9  12  13   7   0   0
   6.7269264832041397e-04   9  12  13   8   0   0
  -3.2020708253987493e-02   9  12  13  10   0   0
   4.2484120650997503e-03   9  12  13  11   0   0
   2.9241849612351972e-02   9  13  13   1   0   0
   2.7763879234679573e-02   9  13  13   2   0   0
   2.1050244790014275e-02   9  13  13   6   0   0
  -7.1955800758897979e-03   9  13  13   7   0   0
  -5.9935495038445936e-03   9  13  13   8   0   0
   3.4958698671849843e-02   9  13  13   9   0   0
   7.9794835815149949e-03   9  13  13  10   0   0
   3.3864149939666993e-02   9  13  13  11   0   0
  -1.2980775545596325e-02   9  14  13   1   0   0
  -1.2324688396871680e-02   9  14  13   2   0   0
  -9.3444329418756675e-03   9  14  13   6   0   0
  -4.3601662147529210e-02   9  14  13   7   0   0
   9.7745822825522251e-03   9  14  13   8   0   0
   8.7737423991348356e-03   9  14  13   9   0   0
   2.0732477759806543e-02   9  14  13  10   0   0
  -1.0267334130533497e-02   9  14  13  11   0   0
  -5.5339364256963243e-03   9   1  14   4   0   0
  -6.8258654919251018e-03   9   1  14   5   0   0
  -1.1494929837801770e-02   9   1  14  13   0   0
  -5.3421668359415510e-02   9   1  14  14   0   0
  -4.6346736308321640e-03   9   2  14   4   0   0
  -5.7166646613675222e-03   9   2  14   5   0   0
  -4.8853595976004463e-03   9   2  14  13   0   0
  -2.2704276052319949e-02   9   2  14  14   0   0
  -1.9561064227407716e-03   9   3  14   7   0   0
  -4.5408826512950496e-03   9   3  14   8   0   0
  -2.3075299375197580e-03   9   3  14  10   0   0
  -6.7559434251106656e-04   9   3  14  11   0   0
  -3.0795946837931423e-02   9   4  14   1   0   0
  -4.1577654468273641e-02   9   4  14   2   0   0
  -3.8109831402124247e-02   9   4  14   6   0   0
   5.3480168712000519e-03   9   4  14   7   0   0
  -5.5432575531282351e-04   9   4  14   8   0   0
   3.1088447684690084e-02   9   4  14   9   0   0
  -2.9292138084648918e-03   9   4  14  10   0   0
  -1.7538829356994095e-03   9   4  14  11   0   0
  -3.7985436521480120e-02   9   5  14   1   0   0
  -5.1284195378963844e-02   9   5  14   2   0   0
  -4.7006789211191898e-02   9   5  14   6   0   0
   1.9459852268642152e-04   9   5  14   7   0   0
  -3.9923210754696050e-04   9   5  14   8   0   0
   4.9866914193270370e-02   9   5  14   9   0   0
   1.2055341094391832e-04   9   5  14  10   0   0
   1.7081702043338109e-03   9   5  14  11   0   0
  -7.5745540008783686e-04   9   6  14   4   0   0
  -9.3428768952314811e-04   9   6  14   5   0   0
   2.8081620214544826e-03   9   6  14  13   0   0
   1.3050684286589473e-02   9   6  14  14   0   0
  -3.6377879197330317e-06   9   7  14   3   0   0
  -3.0081706003735067e-03   9   7  14   4   0   0
   2.8304820147376313e-03   9   7  14   5   0   0
   1.7071286504745238e-05   9   7  14  12   0   0
  -1.8597764220863230e-02   9   7  14  13   0   0
   5.4621582446754500e-03   9   7  14  14   0   0
   4.5534997900973191e-03   9   8  14   3   0   0
   8.3284919926192552e-04   9   8  14   4   0   0
  -7.2780373973181536e-04   9   8  14   5   0   0
  -2.1368507794187034e-02   9   8  14  12   0   0
   5.0304848420027028e-03   9   8  14  13   0   0
  -1.2785111322270643e-03   9   8  14  14   0   0
   8.3062363325621127e-02   9   9  14   4   0   0
   1.5866372231631165e-01   9   9  14   5   0   0
   1.0901896466859540e-02   9   9  14  13   0   0
   1.1165382216985020e+00   9   9  14  14   0   0
  -1.5722545169848745e-03   9  10  14   3   0   0
   1.3354139543907003e-03   9  10  14   4   0   0
  -1.2899990135339092e-03   9  10  14   5   0   0
   7.3782221256934594e-03   9  10  14  12   0   0
   8.3271138782413361e-03   9  10  14  13   0   0
  -2.5648790570214201e-03   9  10  14  14   0   0
   1.1756157939470325e-03   9  11  14   3   0   0
  -1.4492074091119111e-03   9  11  14   4   0   0
   1.1025235456343934e-03   9  11  14   5   0   0
  -5.5168895166215351e-03   9  11  14  12   0   0
  -8.4054876061798785e-03   9  11  14  13   0   0
   1.5387064990983630e-03   9  11  14  14   0   0
   4.1430871581926345e-03   9  12  14   7   0   0
   1.3925962325524836e-02   9  12  14   8   0   0
   3.4066453681646071e-03   9  12  14  10   0   0
   2.5423519965788741e-03   9  12  14  11   0   0
  -1.2980775545596368e-02   9  13  14   1   0   0
  -1.2324688396871722e-02   9  13  14   2   0   0
  -9.3444329418756796e-03   9  13  14   6   0   0
   1.3667055270693867e-02   9  13  14   7   0   0
  -1.6776097455898954e-03   9  13  14   8   0   0
   8.7737423991350039e-03   9  13  14   9   0   0
  -7.3293139491716324e-03   9  13  14  10   0   0
  -3.2619785390424032e-03   9  13  14  11   0   0
  -6.0327004690745166e-02   9  14  14   1   0   0
  -5.7277897774165309e-02   9  14  14   2   0   0
  -4.3427424496845932e-02   9  14  14   6   0   0
   4.3958929098046589e-03   9  14  14   7   0   0
  -1.0289335770785960e-03   9  14  14   8   0   0
   9.5498537133783909e-02   9  14  14   9   0   0
  -2.0641902259528810e-03   9  14  14  10   0   0
   1.2383363290967228e-03   9  14  14  11   0   0
   3.6054404064141406e-02  10   1  10   1   0   0
   1.0543733752655091e-02  10   2  10   1   0   0
   5.2994832321731980e-03  10   2  10   2   0   0
   9.4962430809885784e-02  10   3  10   3   0   0
  -2.5052077515361950e-02  10   4  10   3   0   0
   8.6563954359564016e-02  10   4  10   4   0   0
  -2.9985212180702884e-02  10   5  10   3   0   0
  -3.7297726277741208e-02  10   5  10   4   0   0
   5.9456983115626687e-02  10   5  10   5   0   0
  -2.7713118994809317e-02  10   6  10   1   0   0
  -4.4151099573920098e-03  10   6  10   2   0   0
   2.9301163809823345e-02  10   6  10   6   0   0
   2.0936350679534887e-03  10   7  10   1   0   0
   6.4577474580053982e-04  10   7  10   2   0   0
  -1.4604045714196327e-03  10   7  10   6   0   0
   3.5032478818142310e-02  10   7  10   7   0   0
   2.7377742013426753e-02  10   8  10   1   0   0
   8.4445731063315082e-03  10   8  10   2   0   0
  -1.9097205718204613e-02  10   8  10   6   0   0
  -2.9691937917224729e-03  10   8  10   7   0   0
   2.9107879351210640e-02  10   8  10   8   0   0
   3.1183637796659062e-02  10   9  10   1   0   0
   9.6184889523067522e-03  10   9  10   2   0   0
  -2.1751989106797848e-02  10   9  10   6   0   0
   1.9377551744341999e-03  10   9  10   7   0   0
   8.5671131129390499e-03  10   9  10   8   0   0
   4.0656530394050927e-02  10   9  10   9   0   0
  -3.4803155194192354e-03  10  10  10   1   0   0
  -1.0734917007554174e-03  10  10  10   2   0   0
   2.4276765193423796e-03  10  10  10   6   0   0
   1.0349603159352134e+00  10  10  10  10   0   0
   1.3272201899497224e-02  10  11  10   1   0   0
   4.0937663583552773e-03  10  11  10   2   0   0
  -9.2579574270201439e-03  10  11  10   6   0   0
   3.5351154955626514e-03  10  11  10   7   0   0
   1.8232066003093995e-02  10  11  10   8   0   0
  -1.9517853780765390e-03  10  11  10   9   0   0
   1.3896703467209328e-02  10  11  10  11   0   0
  -4.8992312227017928e-02  10  12  10   3   0   0
   1.4071445228639876e-02  10  12  10   4   0   0
   1.6842326573961064e-02  10  12  10   5   0   0
   5.6966148383362981e-02  10  12  10  12   0   0
  -4.9328029200151717e-03  10  13  10   3   0   0
   4.8962938003732200e-02  10  13  10   4   0   0
  -3.1822743098359911e-02  10  13  10   5   0   0
   5.0439535797126116e-03  10  13  10  12   0   0
   6.6239775664338432e-02  10  13  10  13   0   0
  -2.1385438751609805e-02  10  14  10   3   0   0
   1.3395701981796836e-03  10  14  10   4   0   0
   1.6433682862075076e-02  10  14  10   5   0   0
   2.1867316025788851e-02  10  14  10  12   0   0
  -6.3782596562249614e-03  10  14  10  13   0   0
   2.2476554901950149e-02  10  14  10  14   0   0
  -1.8551618431508838e-02  10   1  11   7   0   0
   6.7093401383637777e-04  10   1  11   8   0   0
   4.1522522269222019e-03  10   1  11   9   0   0
   1.3272201899497229e-02  10   1  11  10   0   0
  -4.7331421821386584e-03  10   1  11  11   0   0
  -5.7221847590211827e-03  10   2  11   7   0   0
   2.0694735623513917e-04  10   2  11   8   0   0
   1.2807483345037641e-03  10   2  11   9   0   0
   4.0937663583553007e-03  10   2  11  10   0   0
  -1.4599219015260501e-03  10   2  11  11   0   0
   4.5786381568918453e-03  10   3  11   3   0   0
   5.7783604186989718e-02  10   3  11   4   0   0
  -2.7508789066155021e-02  10   3  11   5   0   0
  -2.5717649966137857e-03  10   3  11  12   0   0
   4.3158815780484076e-02  10   3  11  13   0   0
   5.7660956601650933e-04  10   3  11  14   0   0
  -4.3870376470036304e-02  10   4  11   3   0   0
  -2.8692015485006397e-02  10   4  11   4   0   0
  -5.1033217089174864e-03  10   4  11   5   0   0
   3.0938447808969538e-02  10   4  11  12   0   0
  -1.3568038644406234e-02  10   4  11  13   0   0
  -8.8771732767539031e-03  10   4  11  14   0   0
   2.9860667249452511e-02  10   5  11   3   0   0
  -2.2626622443543961e-02  10   5  11   4   0   0
   2.4113377328114444e-02  10   5  11   5   0   0
  -2.0326143976518798e-02  10   5  11  12   0   0
  -1.8428751761362962e-02  10   5  11  13   0   0
   5.8409516624151206e-03  10   5  11  14   0   0
   1.2940587774492527e-02  10   6  11   7   0   0
  -4.6800663397626908e-04  10   6  11   8   0   0
  -2.8963825772232669e-03  10   6  11   9   0   0
  -9.2579574270201213e-03  10   6  11  10   0   0
   3.3015794327189191e-03  10   6  11  11   0   0
  -1.8551618431509053e-02  10   7  11   1   0   0
  -5.7221847590210630e-03  10   7  11   2   0   0
   1.2940587774492460e-02  10   7  11   6   0   0
  -2.8446974608066929e-03  10   7  11   7   0   0
   1.4230774873156883e-02  10   7  11   8   0   0
  -1.2656257412814750e-02  10   7  11   9   0   0
   3.5351154955626509e-03  10   7  11  10   0   0
   3.4938617496381864e-02  10   7  11  11   0   0
   6.7093401383644966e-04  10   8  11   1   0   0
   2.0694735623507781e-04  10   8  11   2   0   0
  -4.6800663397616760e-04  10   8  11   6   0   0
  -2.3941090988134163e-02  10   8  11   7   0   0
   5.9200895282729470e-04  10   8  11   8   0   0
   6.0205079203788656e-03  10   8  11   9   0   0
   1.8232066003094075e-02  10   8  11  10   0   0
  -8.0091510986784308e-03  10   8  11  11   0   0
   4.1522522269222114e-03  10   9  11   1   0   0
   1.2807483345037747e-03  10   9  11   2   0   0
  -2.8963825772232456e-03  10   9  11   6   0   0
  -3.8882451318820392e-04  10   9  11   7   0   0
  -6.2277503174548608e-03  10   9  11   8   0   0
   2.2526885079794125e-03  10   9  11   9   0   0
  -1.9517853780765368e-03  10   9  11  10   0   0
  -3.2347305222029293e-04  10   9  11  11   0   0
   1.3272201899497439e-02  10  10  11   1   0   0
   4.0937663583552617e-03  10  10  11   2   0   0
  -9.2579574270200225e-03  10  10  11   6   0   0
  -7.0702309911251648e-03  10  10  11   7   0   0
  -3.6464132006187991e-02  10  10  11   8   0   0
   3.9035707561531929e-03  10  10  11   9   0   0
   1.0071669090007958e+00  10  10  11  11   0   0
  -4.7331421821386775e-03  10  11  11   1   0   0
  -1.4599219015260353e-03  10  11  11   2   0   0
   3.3015794327189052e-03  10  11  11   6   0   0
  -1.7469308748190891e-02  10  11  11   7   0   0
   4.0045755493392310e-03  10  11  11   8   0   0
   1.6173652611014785e-04  10  11  11   9   0   0
   1.3896703467209330e-02  10  11  11  10   0   0
  -2.5717649966137844e-03  10  12  11   3   0   0
  -3.8753337478405668e-02  10  12  11   4   0   0
   1.9005122794925961e-02  10  12  11   5   0   0
   2.6297144790065389e-03  10  12  11  12   0   0
  -3.2715366014171236e-02  10  12  11  13   0   0
  -1.0978758469873961e-03  10  12  11  14   0   0
  -3.6786316056374592e-02  10  13  11   3   0   0
  -8.1346616157151937e-03  10  13  11   4   0   0
  -7.7140439426126028e-03  10  13  11   5   0   0
   2.6199274997293406e-02  10  13  11  12   0   0
  -3.8511996952945099e-03  10  13  11  13   0   0
  -1.2512504591441985e-02  10  13  11  14   0   0
   4.1360165356281939e-03  10  14  11   3   0   0
  -1.9591881095504360e-02  10  14  11   4   0   0
   1.1274328691106049e-02  10  14  11   5   0   0
  -3.7209396785200747e-03  10  14  11  12   0   0
  -2.1365787189572771e-02  10  14  11  13   0   0
   1.2214852162880192e-03  10  14  11  14   0   0
   1.2462592758375030e-03  10   1  12   3   0   0
  -5.9007084290975320e-03  10   1  12   4   0   0
   3.3932390776899206e-03  10   1  12   5   0   0
  -7.7499291635122064e-03  10   1  12  12   0   0
  -4.2269928656710740e-02  10   1  12  13   0   0
   2.2241317487675660e-03  10   1  12  14   0   0
   1.0437425656145654e-03  10   2  12   3   0   0
  -4.9418453079045346e-03  10   2  12   4   0   0
   2.8418388768354950e-03  10   2  12   5   0   0
  -3.2937296141799313e-03  10   2  12  12   0   0
  -1.7964772692551929e-02  10   2  12  13   0   0
   9.4525878265360830e-04  10   2  12  14   0   0
   6.9353406784289900e-03  10   3  12   1   0   0
   9.3634139539530582e-03  10   3  12   2   0   0
   8.5824496763216677e-03  10   3  12   6   0   0
  -1.4063929911241845e-02  10   3  12   7   0   0
   2.8124049791032383e-03  10   3  12   8   0   0
   3.4883057120520988e-03  10   3  12   9   0   0
  -3.9988963656336363e-02  10   3  12  10   0   0
  -1.7203603377837066e-03  10   3  12  11   0   0
  -3.2837005905025675e-02  10   4  12   1   0   0
  -4.4333291406068662e-02  10   4  12   2   0   0
  -4.0635631869896299e-02  10   4  12   6   0   0
  -5.3132851401633567e-03  10   4  12   7   0   0
  -1.1808773996466215e-02  10   4  12   8   0   0
  -1.5759889307914436e-02  10   4  12   9   0   0
   9.4129736964780088e-03  10   4  12  10   0   0
   1.0242883091149506e-02  10   4  12  11   0   0
   1.8883124453635769e-02  10   5  12   1   0   0
   2.5494134924523570e-02  10   5  12   2   0   0
   2.3367772813109800e-02  10   5  12   6   0   0
   6.0120675324912406e-04  10   5  12   7   0   0
   8.2479598063017103e-03  10   5  12   8   0   0
   1.0579024712297479e-02  10   5  12   9   0   0
   1.1266531223495828e-02  10   5  12  10   0   0
  -7.6976719674195383e-03  10   5  12  11   0   0
   1.7058125460372314e-04  10   6  12   3   0   0
  -8.0765717567808345e-04  10   6  12   4   0   0
   4.6444828156111433e-04  10   6  12   5   0   0
   1.8932744308164378e-03  10   6  12  12   0   0
   1.0326362142116557e-02  10   6  12  13   0   0
  -5.4334583992506264e-04  10   6  12  14   0   0
  -6.3147584259611658e-03  10   7  12   3   0   0
  -3.7597766847659525e-03  10   7  12   4   0   0
  -3.5690748346539243e-03  10   7  12   5   0   0
   2.9633681972932827e-02  10   7  12  12   0   0
  -8.1611616347492429e-03  10   7  12  13   0   0
  -2.2917695646198642e-02  10   7  12  14   0   0
   1.2627806133200319e-03  10   8  12   3   0   0
  -2.7521451017463740e-03  10   8  12   4   0   0
   1.9121286244524122e-03  10   8  12   5   0   0
  -5.9259335943662485e-03  10   8  12  12   0   0
  -1.5577091363277867e-02  10   8  12  13   0   0
   2.1618762011323986e-03  10   8  12  14   0   0
   1.5662626326018465e-03  10   9  12   3   0   0
  -6.7658549998328424e-03  10   9  12   4   0   0
   5.1937837808397700e-03  10   9  12   5   0   0
  -7.3501036159664091e-03  10   9  12  12   0   0
  -3.9340997532747800e-02  10   9  12  13   0   0
   7.3782221256934559e-03  10   9  12  14   0   0
  -1.7074821707799065e-01  10  10  12   3   0   0
   4.2264612621308161e-03  10  10  12   4   0   0
   5.0587156949675940e-03  10  10  12   5   0   0
   1.0774589056910373e+00  10  10  12  12   0   0
   6.9528174570341753e-03  10  10  12  13   0   0
   3.0142913529994778e-02  10  10  12  14   0   0
  -7.7244838443241365e-04  10  11  12   3   0   0
  -1.1736295710575541e-03  10  11  12   4   0   0
  -1.9838917608452724e-04  10  11  12   5   0   0
   3.6249193113496985e-03  10  11  12  12   0   0
  -4.4910396832350272e-03  10  11  12  13   0   0
  -3.3212384073808545e-03  10  11  12  14   0   0
  -8.7516924753201358e-03  10  12  12   1   0   0
  -8.3093558104206100e-03  10  12  12   2   0   0
  -6.3000552760724277e-03  10  12  12   6   0   0
   2.3848904890884336e-02  10  12  12   7   0   0
  -4.7691348922088749e-03  10  12  12   8   0   0
  -5.9152933555619951e-03  10  12  12   9   0   0
   6.4047875973530607e-02  10  12  12  10   0   0
   2.9173005221718221e-03  10  12  12  11   0   0
  -4.7733780367820472e-02  10  13  12   1   0   0
  -4.5321172604180303e-02  10  13  12   2   0   0
  -3.4361976920603783e-02  10  13  12   6   0   0
  -8.9792803741807429e-03  10  13  12   7   0   0
  -2.7098255421303140e-02  10  13  12   8   0   0
  -3.2020708253987333e-02  10  13  12   9   0   0
   5.5955612403460588e-03  10  13  12  10   0   0
   2.7648800958845365e-02  10  13  12  11   0   0
   2.5116251618729625e-03  10  14  12   1   0   0
   2.3846801280165333e-03  10  14  12   2   0   0
   1.8080362623797079e-03  10  14  12   6   0   0
   6.5476444549324197e-04  10  14  12   7   0   0
   3.8372813200097081e-03  10  14  12   8   0   0
   3.4066453681646037e-03  10  14  12   9   0   0
   2.4258729595856971e-02  10  14  12  10   0   0
  -4.0648339715523797e-03  10  14  12  11   0   0
   6.7973899587931725e-03  10   1  13   3   0   0
  -1.2426446691537886e-03  10   1  13   4   0   0
  -3.1195268662090811e-03  10   1  13   5   0   0
  -4.2269928656710760e-02  10   1  13  12   0   0
   1.8815664563606057e-03  10   1  13  13   0   0
  -2.0796446607009467e-02  10   1  13  14   0   0
   5.6928163927254423e-03  10   2  13   3   0   0
  -1.0407153312928478e-03  10   2  13   4   0   0
  -2.6126048070155669e-03  10   2  13   5   0   0
  -1.7964772692551940e-02  10   2  13  12   0   0
   7.9966810374746918e-04  10   2  13  13   0   0
  -8.8385158901471122e-03  10   2  13  14   0   0
   3.7826972286069967e-02  10   3  13   1   0   0
   5.1070252574732009e-02  10   3  13   2   0   0
   4.6810690506172405e-02  10   3  13   6   0   0
   2.7357273740407080e-03  10   3  13   7   0   0
   5.2322419164251260e-04  10   3  13   8   0   0
   1.8501382887530723e-02  10   3  13   9   0   0
  -3.2997565908515353e-03  10   3  13  10   0   0
   1.6879686441651675e-02  10   3  13  11   0   0
  -6.9152256596234944e-03  10   4  13   1   0   0
  -9.3362566365983047e-03  10   4  13   2   0   0
  -8.5575574403607170e-03  10   4  13   6   0   0
   5.4394083954705820e-04  10   4  13   7   0   0
  -3.9306345158116960e-03  10   4  13   8   0   0
   2.9906023682283013e-03  10   4  13   9   0   0
   3.9189134795301464e-02  10   4  13  10   0   0
  -8.2612674167224925e-03  10   4  13  11   0   0
  -1.7359936244512861e-02  10   5  13   1   0   0
  -2.3437676216423203e-02  10   5  13   2   0   0
  -2.1482834962396266e-02  10   5  13   6   0   0
  -2.3044214946436347e-04  10   5  13   7   0   0
  -4.7450930604966829e-03  10   5  13   8   0   0
  -4.5068660066565243e-03  10   5  13   9   0   0
  -2.4551113630139076e-02  10   5  13  10   0   0
  -1.0720648964290225e-02  10   5  13  11   0   0
   9.3039011197868285e-04  10   6  13   3   0   0
  -1.7008650671677695e-04  10   6  13   4   0   0
  -4.2698402886521137e-04  10   6  13   5   0   0
   1.0326362142116558e-02  10   6  13  12   0   0
  -4.5965860933059368e-04  10   6  13  13   0   0
   5.0804826447010919e-03  10   6  13  14   0   0
   1.7390941917287456e-03  10   7  13   3   0   0
   1.7385674122252380e-04  10   7  13   4   0   0
  -2.4224961873814952e-04  10   7  13   5   0   0
  -8.1611616347492429e-03  10   7  13  12   0   0
   1.2418071908281156e-03  10   7  13  13   0   0
  -6.4491734767191042e-04  10   7  13  14   0   0
   3.3193839708502339e-03  10   8  13   3   0   0
  -3.5086488263423895e-03  10   8  13   4   0   0
  -5.5693252362785895e-03  10   8  13   5   0   0
  -1.5577091363277871e-02  10   8  13  12   0   0
  -2.8647777442609938e-03  10   8  13  13   0   0
  -3.0756535008021200e-02  10   8  13  14   0   0
   8.3833286691324029e-03  10   9  13   3   0   0
   2.6869198809581275e-03  10   9  13   4   0   0
   6.2704207152148488e-04  10   9  13   5   0   0
  -3.9340997532747800e-02  10   9  13  12   0   0
   9.9149826729878470e-03  10   9  13  13   0   0
   8.3271138782413309e-03  10   9  13  14   0   0
  -1.4816033546245001e-03  10  10  13   3   0   0
   1.5386935844721375e-01  10  10  13   4   0   0
  -8.0127075282742544e-02  10  10  13   5   0   0
   6.9528174570341736e-03  10  10  13  12   0   0
   1.0902420997926916e+00  10  10  13  13   0   0
  -8.7920862835981616e-03  10  10  13  14   0   0
   9.5701339802925576e-04  10  11  13   3   0   0
  -3.2592822003224154e-03  10  11  13   4   0   0
  -3.9260897346124497e-03  10  11  13   5   0   0
  -4.4910396832350281e-03  10  11  13  12   0   0
  -5.3086706784272342e-03  10  11  13  13   0   0
  -2.3349697294691683e-02  10  11  13  14   0   0
  -4.7733780367820569e-02  10  12  13   1   0   0
  -4.5321172604180483e-02  10  12  13   2   0   0
  -3.4361976920603603e-02  10  12  13   6   0   0
  -4.1567698678407891e-03  10  12  13   7   0   0
   2.0256660118094919e-03  10  12  13   8   0   0
  -3.1301811662910226e-02  10  12  13   9   0   0
   5.5955612403460735e-03  10  12  13  10   0   0
  -3.4877492848330548e-02  10  12  13  11   0   0
   2.1247795496601705e-03  10  13  13   1   0   0
   2.0173868479291882e-03  10  13  13   2   0   0
   1.5295588424840613e-03  10  13  13   6   0   0
   9.9939459476971288e-04  10  13  13   7   0   0
  -2.3055458318952324e-03  10  13  13   8   0   0
   7.9794835815149272e-03  10  13  13   9   0   0
   7.4335668783431910e-02  10  13  13  10   0   0
  -4.2723675789756938e-03  10  13  13  11   0   0
  -2.3484615335694337e-02  10  14  13   1   0   0
  -2.2297632765941818e-02  10  14  13   2   0   0
  -1.6905801382921668e-02  10  14  13   6   0   0
   2.1559512530695016e-04  10  14  13   7   0   0
  -6.5498501737920869e-03  10  14  13   8   0   0
  -7.3293139491714832e-03  10  14  13   9   0   0
  -7.0757872667156930e-03  10  14  13  10   0   0
  -2.3489622231643303e-02  10  14  13  11   0   0
  -3.5766066554991882e-04  10   1  14   3   0   0
  -2.5558825505034356e-03  10   1  14   4   0   0
   2.3541604216214393e-03  10   1  14   5   0   0
   2.2241317487675665e-03  10   1  14  12   0   0
  -2.0796446607009460e-02  10   1  14  13   0   0
   5.8683627071516049e-03  10   1  14  14   0   0
  -2.9954092853562208e-04  10   2  14   3   0   0
  -2.1405525017090758e-03  10   2  14   4   0   0
   1.9716101504483169e-03  10   2  14   5   0   0
   9.4525878265360906e-04  10   2  14  12   0   0
  -8.8385158901471104e-03  10   2  14  13   0   0
   2.4940615104324638e-03  10   2  14  14   0   0
  -1.9903551459590609e-03  10   3  14   1   0   0
  -2.6871814970762949e-03  10   3  14   2   0   0
  -2.4630546169608523e-03  10   3  14   6   0   0
   1.9886314920043221e-02  10   3  14   7   0   0
  -3.6558878382945113e-05  10   3  14   8   0   0
  -4.6957711669536146e-03  10   3  14   9   0   0
  -1.4305607504112630e-02  10   3  14  10   0   0
   9.1959647004004037e-04  10   3  14  11   0   0
  -1.4223297323007875e-02  10   4  14   1   0   0
  -1.9202895257863874e-02  10   4  14   2   0   0
  -1.7601259861069456e-02  10   4  14   6   0   0
  -7.2092896852815050e-03  10   4  14   7   0   0
  -1.8790416687507472e-02  10   4  14   8   0   0
   8.8775548185761194e-03  10   4  14   9   0   0
   4.1596541864016923e-03  10   4  14  10   0   0
  -7.5454175246480546e-03  10   4  14  11   0   0
   1.3100728598105646e-02  10   5  14   1   0   0
   1.7687313522173169e-02  10   5  14   2   0   0
   1.6212086634200998e-02  10   5  14   6   0   0
  -1.2773830818789128e-02  10   5  14   7   0   0
   1.4206289711766865e-02  10   5  14   8   0   0
  -5.8666024244184729e-03  10   5  14   9   0   0
   1.7428966025200242e-02  10   5  14  10   0   0
   4.7222116975235507e-03  10   5  14  11   0   0
  -4.8954664759346235e-05  10   6  14   3   0   0
  -3.4983543195006296e-04  10   6  14   4   0   0
   3.2222479386437411e-04  10   6  14   5   0   0
  -5.4334583992506384e-04  10   6  14  12   0   0
   5.0804826447010884e-03  10   6  14  13   0   0
  -1.4336158214858464e-03  10   6  14  14   0   0
   4.8836223530249346e-03  10   7  14   3   0   0
  -3.0982184856142084e-03  10   7  14   4   0   0
  -5.8058737697550458e-03  10   7  14   5   0   0
  -2.2917695646198642e-02  10   7  14  12   0   0
  -6.4491734767191042e-04  10   7  14  13   0   0
  -3.0875489163760900e-02  10   7  14  14   0   0
  -4.6068274504178924e-04  10   8  14   3   0   0
  -4.9982088333913703e-03  10   8  14   4   0   0
   4.6348996561890142e-03  10   8  14   5   0   0
   2.1618762011323994e-03  10   8  14  12   0   0
  -3.0756535008021200e-02  10   8  14  13   0   0
   8.7907113386274938e-03  10   8  14  14   0   0
  -1.5722545169848739e-03  10   9  14   3   0   0
   1.3354139543906981e-03  10   9  14   4   0   0
  -1.2899990135339088e-03  10   9  14   5   0   0
   7.3782221256934576e-03  10   9  14  12   0   0
   8.3271138782413309e-03  10   9  14  13   0   0
  -2.5648790570214188e-03  10   9  14  14   0   0
  -6.4232725913173664e-03  10  10  14   3   0   0
   7.0971231848322769e-02  10  10  14   4   0   0
   1.4409895928008676e-01  10  10  14   5   0   0
   3.0142913529994764e-02  10  10  14  12   0   0
  -8.7920862835982466e-03  10  10  14  13   0   0
   1.0299168647396546e+00  10  10  14  14   0   0
   7.0773582023288077e-04  10  11  14   3   0   0
  -4.2754441181686153e-03  10  11  14   4   0   0
   2.5703496772823990e-03  10  11  14   5   0   0
  -3.3212384073808545e-03  10  11  14  12   0   0
  -2.3349697294691683e-02  10  11  14  13   0   0
   1.6837513670773742e-03  10  11  14  14   0   0
   2.5116251618730718e-03  10  12  14   1   0   0
   2.3846801280166434e-03  10  12  14   2   0   0
   1.8080362623797068e-03  10  12  14   6   0   0
  -3.7542650620667382e-02  10  12  14   7   0   0
  -3.5756658501556694e-04  10  12  14   8   0   0
   8.4692003603685229e-03  10  12  14   9   0   0
   2.4258729595856988e-02  10  12  14  10   0   0
  -1.2809680769359322e-03  10  12  14  11   0   0
  -2.3484615335694282e-02  10  13  14   1   0   0
  -2.2297632765941832e-02  10  13  14   2   0   0
  -1.6905801382921828e-02  10  13  14   6   0   0
  -1.2536417980866217e-03  10  13  14   7   0   0
  -4.2955282455317531e-02  10  13  14   8   0   0
   2.0732477759806588e-02  10  13  14   9   0   0
  -7.0757872667156869e-03  10  13  14  10   0   0
  -1.4093605564394866e-02  10  13  14  11   0   0
   6.6269129256600317e-03  10  14  14   1   0   0
   6.2919689624915103e-03  10  14  14   2   0   0
   4.7704964335884134e-03  10  14  14   6   0   0
  -2.4848299485654125e-02  10  14  14   7   0   0
   7.0746807241042304e-03  10  14  14   8   0   0
  -2.0641902259529582e-03  10  14  14   9   0   0
   2.5786494414407994e-02  10  14  14  10   0   0
   1.3550670568039621e-03  10  14  14  11   0   0
   3.6054404064142051e-02  11   1  11   1   0   0
   1.0543733752654634e-02  11   2  11   1   0   0
   5.2994832321726342e-03  11   2  11   2   0   0
   1.1216035563496812e-01  11   3  11   3   0   0
   9.3064726592943393e-03  11   4  11   3   0   0
   9.1352120258504046e-02  11   4  11   4   0   0
   1.7320267119759425e-02  11   5  11   3   0   0
  -3.7279799792691345e-02  11   5  11   4   0   0
   3.7470892391602090e-02  11   5  11   5   0   0
  -2.7713118994809233e-02  11   6  11   1   0   0
  -4.4151099573911832e-03  11   6  11   2   0   0
   2.9301163809822218e-02  11   6  11   6   0   0
   5.8181983666219794e-03  11   7  11   1   0   0
   1.7946038584913807e-03  11   7  11   2   0   0
  -4.0584548960323069e-03  11   7  11   6   0   0
   2.3657817891495136e-02  11   7  11   7   0   0
  -1.5921686397732580e-02  11   8  11   1   0   0
  -4.9109910048752634e-03  11   8  11   2   0   0
   1.1106091962190104e-02  11   8  11   6   0   0
   1.8674912014633297e-03  11   8  11   7   0   0
   3.5740884942575414e-02  11   8  11   8   0   0
   3.9923660598517929e-02  11   9  11   1   0   0
   1.2314319801508732e-02  11   9  11   2   0   0
  -2.7848547886079759e-02  11   9  11   6   0   0
   2.1449975715103695e-03  11   9  11   7   0   0
  -4.4779688130637870e-03  11   9  11   8   0   0
   4.5398185729333740e-02  11   9  11   9   0   0
  -4.7331421821386757e-03  11  10  11   1   0   0
  -1.4599219015260347e-03  11  10  11   2   0   0
   3.3015794327189052e-03  11  10  11   6   0   0
  -1.7469308748190884e-02  11  10  11   7   0   0
   4.0045755493392267e-03  11  10  11   8   0   0
   1.6173652611014576e-04  11  10  11   9   0   0
   1.3896703467209327e-02  11  10  11  10   0   0
  -3.3097478268631635e-03  11  11  11   1   0   0
  -1.0208806655333535e-03  11  11  11   2   0   0
   2.3086978865528994e-03  11  11  11   6   0   0
   1.0349603159352547e+00  11  11  11  11   0   0
  -5.8652176047655304e-02  11  12  11   3   0   0
  -5.2273317538952258e-03  11  12  11   4   0   0
  -9.7285819897235375e-03  11  12  11   5   0   0
   6.6843677546333954e-02  11  12  11  12   0   0
   2.6222605181806162e-04  11  13  11   3   0   0
   5.1357058828357047e-02  11  13  11   4   0   0
  -2.6228550165067147e-02  11  13  11   5   0   0
  -2.6813478142314289e-04  11  13  11  12   0   0
   6.5836072368569420e-02  11  13  11  13   0   0
   1.1040903146654223e-02  11  14  11   3   0   0
   2.5649071168735793e-03  11  14  11   4   0   0
   5.4241069620094094e-03  11  14  11   5   0   0
  -1.1289687395347150e-02  11  14  11  12   0   0
  -1.6929195786917061e-04  11  14  11  13   0   0
   1.3002729034749319e-02  11  14  11  14   0   0
   7.3955417741492311e-03  11   1  12   3   0   0
   1.6155367323590591e-03  11   1  12   4   0   0
   8.9494470684648277e-04  11   1  12   5   0   0
  -4.5989567328945116e-02  11   1  12  12   0   0
   6.4431164205213491e-03  11   1  12  13   0   0
   9.5071833266571412e-03  11   1  12  14   0   0
   6.1937687406762639e-03  11   2  12   3   0   0
   1.3530125605235312e-03  11   2  12   4   0   0
   7.4951649509646002e-04  11   2  12   5   0   0
  -1.9545623793291552e-02  11   2  12  12   0   0
   2.7383325594503706e-03  11   2  12  13   0   0
   4.0405648374024442e-03  11   2  12  14   0   0
   4.1155642890447403e-02  11   3  12   1   0   0
   5.5564295799181762e-02  11   3  12   2   0   0
   5.0929903862191352e-02  11   3  12   6   0   0
   3.5109244293382749e-03  11   3  12   7   0   0
  -7.0208977210831807e-04  11   3  12   8   0   0
   2.0700275708798153e-02  11   3  12   9   0   0
  -1.7203603377835032e-03  11   3  12  10   0   0
  -4.6450847462708403e-02  11   3  12  11   0   0
   8.9903424067967874e-03  11   4  12   1   0   0
   1.2137874899850763e-02  11   4  12   2   0   0
   1.1125504118236380e-02  11   4  12   6   0   0
  -5.0943922379482432e-03  11   4  12   7   0   0
  -2.8553938427835161e-03  11   4  12   8   0   0
   2.4356922164834706e-03  11   4  12   9   0   0
  -1.5470587118987975e-02  11   4  12  10   0   0
  -3.4967791511585689e-03  11   4  12  11   0   0
   4.9803010903699211e-03  11   5  12   1   0   0
   6.7239120450851078e-03  11   5  12   2   0   0
   6.1630978870257846e-03  11   5  12   6   0   0
   2.1265697485528920e-03  11   5  12   7   0   0
  -7.9775667184897106e-03  11   5  12   8   0   0
  -4.7763457728159530e-04  11   5  12   9   0   0
   6.8139860749774099e-03  11   5  12  10   0   0
  -6.5078522415672893e-03  11   5  12  11   0   0
   1.0122619095137945e-03  11   6  12   3   0   0
   2.2112596311775823e-04  11   6  12   4   0   0
   1.2249520934729964e-04  11   6  12   5   0   0
   1.1235053904511202e-02  11   6  12  12   0   0
  -1.5740256867350648e-03  11   6  12  13   0   0
  -2.3225640804806331e-03  11   6  12  14   0   0
   1.5764185233427901e-03  11   7  12   3   0   0
   1.0950764246519431e-03  11   7  12   4   0   0
  -1.4035177059479979e-03  11   7  12   5   0   0
  -7.3977628320549922e-03  11   7  12  12   0   0
   7.5621383788862465e-03  11   7  12  13   0   0
  -3.5500896859936783e-03  11   7  12  14   0   0
  -3.1524099822608068e-04  11   8  12   3   0   0
  -3.9090488203205745e-03  11   8  12   4   0   0
  -6.5446341004571588e-03  11   8  12   5   0   0
   1.4793521550808082e-03  11   8  12  12   0   0
  -2.4706207517311259e-03  11   8  12  13   0   0
  -3.5688390232606566e-02  11   8  12  14   0   0
   9.2945031208786534e-03  11   9  12   3   0   0
   2.3743766081345122e-04  11   9  12   4   0   0
  -1.4385333472150303e-03  11   9  12   5   0   0
  -4.3616925779488468e-02  11   9  12  12   0   0
   4.0469012637817710e-03  11   9  12  13   0   0
  -5.5168895166215351e-03  11   9  12  14   0   0
  -7.7244838443238525e-04  11  10  12   3   0   0
  -1.1736295710575509e-03  11  10  12   4   0   0
  -1.9838917608452737e-04  11  10  12   5   0   0
   3.6249193113496963e-03  11  10  12  12   0   0
  -4.4910396832350151e-03  11  10  12  13   0   0
  -3.3212384073808532e-03  11  10  12  14   0   0
  -1.7364962767029937e-01  11  11  12   3   0   0
  -1.5700672392325063e-03  11  11  12   4   0   0
  -2.9220505958650637e-03  11  11  12   5   0   0
   1.0910745459049214e+00  11  11  12  12   0   0
  -3.6960930739253310e-04  11  11  12  13   0   0
  -1.5562224030479552e-02  11  11  12  14   0   0
  -5.1934223119215486e-02  11  12  12   1   0   0
  -4.9309312438969181e-02  11  12  12   2   0   0
  -3.7385737363785664e-02  11  12  12   6   0   0
  -5.9536490385552121e-03  11  12  12   7   0   0
   1.1905685185818039e-03  11  12  12   8   0   0
  -3.5102486268763618e-02  11  12  12   9   0   0
   2.9173005221718347e-03  11  12  12  10   0   0
   7.5005613482656983e-02  11  12  12  11   0   0
   7.2759598578748088e-03  11  13  12   1   0   0
   6.9082111250952805e-03  11  13  12   2   0   0
   5.2377239511513986e-03  11  13  12   6   0   0
  -1.3192038218434798e-02  11  13  12   7   0   0
   2.7469907601052916e-03  11  13  12   8   0   0
   4.2484120650997121e-03  11  13  12   9   0   0
  -3.4877492848331193e-02  11  13  12  10   0   0
  -2.9745804881206367e-04  11  13  12  11   0   0
   1.0736091004951475e-02  11  14  12   1   0   0
   1.0193456914164999e-02  11  14  12   2   0   0
   7.7285584440813073e-03  11  14  12   6   0   0
  -1.4913928980215990e-04  11  14  12   7   0   0
  -1.0637802412882841e-02  11  14  12   8   0   0
   2.5423519965788463e-03  11  14  12   9   0   0
  -1.2809680769358934e-03  11  14  12  10   0   0
  -1.2524329616972326e-02  11  14  12  11   0   0
  -1.0361118708260271e-03  11   1  13   3   0   0
   6.5626151119285697e-03  11   1  13   4   0   0
  -3.5945800870573852e-03  11   1  13   5   0   0
   6.4431164205213491e-03  11   1  13  12   0   0
   4.6507267277645148e-02  11   1  13  13   0   0
  -1.4792270856863780e-03  11   1  13  14   0   0
  -8.6774404274181762e-04  11   2  13   3   0   0
   5.4961923789591154e-03  11   2  13   4   0   0
  -3.0104620403735394e-03  11   2  13   5   0   0
   2.7383325594503719e-03  11   2  13  12   0   0
   1.9765646920770038e-02  11   2  13  13   0   0
  -6.2867336661111902e-04  11   2  13  14   0   0
  -5.7658859151230261e-03  11   3  13   1   0   0
  -7.7845313068014843e-03  11   3  13   2   0   0
  -7.1352552095774570e-03  11   3  13   6   0   0
  -1.2683247949438944e-02  11   3  13   7   0   0
   3.4064093142853803e-03  11   3  13   8   0   0
  -1.4528913989580222e-03  11   3  13   9   0   0
  -1.2616856909274891e-02  11   3  13  10   0   0
   1.7541388877874645e-04  11   3  13  11   0   0
   3.6520467630657194e-02  11   4  13   1   0   0
   4.9306338660676706e-02  11   4  13   2   0   0
   4.5193897477989409e-02  11   4  13   6   0   0
   5.2231202525030353e-03  11   4  13   7   0   0
  -6.7872364006215996e-03  11   4  13   8   0   0
   1.6754025405236038e-02  11   4  13   9   0   0
  -6.2565694771934870e-03  11   4  13  10   0   0
   4.0790661573979523e-02  11   4  13  11   0   0
  -2.0003572276633432e-02  11   5  13   1   0   0
  -2.7006853227340567e-02  11   5  13   2   0   0
  -2.4754321434395144e-02  11   5  13   6   0   0
   3.6987656149164755e-03  11   5  13   7   0   0
   4.2237606781583550e-03  11   5  13   8   0   0
  -1.1115973925123720e-02  11   5  13   9   0   0
  -6.7673520416804602e-03  11   5  13  10   0   0
  -2.0808925810871563e-02  11   5  13  11   0   0
  -1.4181741011830867e-04  11   6  13   3   0   0
   8.9825539595040510e-04  11   6  13   4   0   0
  -4.9200675406171435e-04  11   6  13   5   0   0
  -1.5740256867350659e-03  11   6  13  12   0   0
  -1.1361525779934807e-02  11   6  13  13   0   0
   3.6136882797432174e-04  11   6  13  14   0   0
  -1.6114459583515043e-03  11   7  13   3   0   0
   4.0889798751826906e-03  11   7  13   4   0   0
   5.0995202034754186e-03  11   7  13   5   0   0
   7.5621383788862500e-03  11   7  13  12   0   0
   6.2908008593357398e-03  11   7  13  13   0   0
   3.0021906977502285e-02  11   7  13  14   0   0
   5.2647434171694866e-04  11   8  13   3   0   0
  -3.1178699341617069e-03  11   8  13   4   0   0
   1.7577045202671962e-03  11   8  13   5   0   0
  -2.4706207517311224e-03  11   8  13  12   0   0
  -1.6780044500143729e-02  11   8  13  13   0   0
   7.3933939788963269e-04  11   8  13  14   0   0
  -8.6237018666262557e-04  11   9  13   3   0   0
   7.1870730339167422e-03  11   9  13   4   0   0
  -5.6528221407826885e-03  11   9  13   5   0   0
   4.0469012637817728e-03  11   9  13  12   0   0
   4.2078219280390454e-02  11   9  13  13   0   0
  -8.4054876061798681e-03  11   9  13  14   0   0
   9.5701339802925294e-04  11  10  13   3   0   0
  -3.2592822003224414e-03  11  10  13   4   0   0
  -3.9260897346124375e-03  11  10  13   5   0   0
  -4.4910396832350151e-03  11  10  13  12   0   0
  -5.3086706784272360e-03  11  10  13  13   0   0
  -2.3349697294691673e-02  11  10  13  14   0   0
   7.8761508283268732e-05  11  11  13   3   0   0
   1.5458845010821978e-01  11  11  13   4   0   0
  -7.8446818611076427e-02  11  11  13   5   0   0
  -3.6960930739253202e-04  11  11  13  12   0   0
   1.0896856166138318e+00  11  11  13  13   0   0
  -2.3335981614560887e-04  11  11  13  14   0   0
   7.2759598578749128e-03  11  12  13   1   0   0
   6.9082111250953551e-03  11  12  13   2   0   0
   5.2377239511514394e-03  11  12  13   6   0   0
   2.5363912043259614e-02  11  12  13   7   0   0
  -6.7236548400734517e-03  11  12  13   8   0   0
   2.2654030882712246e-03  11  12  13   9   0   0
   2.7648800958845799e-02  11  12  13  10   0   0
  -2.9745804881220364e-04  11  12  13  11   0   0
   5.2518841462160550e-02  11  13  13   1   0   0
   4.9864382425549005e-02  11  13  13   2   0   0
   3.7806584861151932e-02  11  13  13   6   0   0
   5.0627765904629370e-03  11  13  13   7   0   0
  -1.3504419927104050e-02  11  13  13   8   0   0
   3.3864149939667139e-02  11  13  13   9   0   0
  -4.2723675789755784e-03  11  13  13  10   0   0
   7.3887816423431646e-02  11  13  13  11   0   0
  -1.6704334042227610e-03  11  14  13   1   0   0
  -1.5860047130816864e-03  11  14  13   2   0   0
  -1.2024900110782679e-03  11  14  13   6   0   0
   5.9586285346444117e-03  11  14  13   7   0   0
   1.3296317644129021e-03  11  14  13   8   0   0
  -3.2619785390424158e-03  11  14  13   9   0   0
  -1.4093605564394865e-02  11  14  13  10   0   0
  -1.8780575649332640e-04  11  14  13  11   0   0
  -1.5288417684794144e-03  11   1  14   3   0   0
  -2.4980652076900522e-04  11   1  14   4   0   0
   3.3332729242121427e-05  11   1  14   5   0   0
   9.5071833266571430e-03  11   1  14  12   0   0
  -1.4792270856863788e-03  11   1  14  13   0   0
  -5.1769994870000944e-04  11   1  14  14   0   0
  -1.2804054989112629e-03  11   2  14   3   0   0
  -2.0921304575197714e-04  11   2  14   4   0   0
   2.7916172029876013e-05  11   2  14   5   0   0
   4.0405648374024442e-03  11   2  14  12   0   0
  -6.2867336661111912e-04  11   2  14  13   0   0
  -2.2002312747848094e-04  11   2  14  14   0   0
  -8.5078913460373360e-03  11   3  14   1   0   0
  -1.1486516992017188e-02  11   3  14   2   0   0
  -1.0528473324473821e-02  11   3  14   6   0   0
   2.9623067846481534e-03  11   3  14   7   0   0
   2.5468449781952448e-02  11   3  14   8   0   0
   5.9121456128325284e-03  11   3  14   9   0   0
   2.2328747093829310e-03  11   3  14  10   0   0
   7.3857183264506984e-03  11   3  14  11   0   0
  -1.3901548087267635e-03  11   4  14   1   0   0
  -1.8768501127382003e-03  11   4  14   2   0   0
  -1.7203096778364382e-03  11   4  14   6   0   0
   2.0603934497648035e-02  11   4  14   7   0   0
   3.2880579259413597e-03  11   4  14   8   0   0
  -4.7013288249944628e-03  11   4  14   9   0   0
  -1.1498714447257705e-02  11   4  14  10   0   0
   4.9793329043711270e-03  11   4  14  11   0   0
   1.8549417245534452e-04  11   5  14   1   0   0
   2.5043596317440376e-04  11   5  14   2   0   0
   2.2954811798937727e-04  11   5  14   6   0   0
  -9.8591141181132401e-03  11   5  14   7   0   0
   6.4745261644317143e-03  11   5  14   8   0   0
   3.2028059012755685e-03  11   5  14   9   0   0
   6.7269096370525683e-03  11   5  14  10   0   0
   1.0064203794113474e-02  11   5  14  11   0   0
  -2.0925962359025151e-04  11   6  14   3   0   0
  -3.4192170559873395e-05  11   6  14   4   0   0
   4.5624043756766658e-06  11   6  14   5   0   0
  -2.3225640804806326e-03  11   6  14  12   0   0
   3.6136882797432142e-04  11   6  14  13   0   0
   1.2647187542357073e-04  11   6  14  14   0   0
   7.5650264378295743e-04  11   7  14   3   0   0
   5.8124852799105141e-03  11   7  14   4   0   0
  -2.6830011553854215e-03  11   7  14   5   0   0
  -3.5500896859936787e-03  11   7  14  12   0   0
   3.0021906977502285e-02  11   7  14  13   0   0
   1.1069619727197035e-03  11   7  14  14   0   0
   7.6049801417248913e-03  11   8  14   3   0   0
   1.6151308197761656e-03  11   8  14   4   0   0
   2.8367122792938705e-03  11   8  14   5   0   0
  -3.5688390232606559e-02  11   8  14  12   0   0
   7.3933939788963291e-04  11   8  14  13   0   0
   1.5300692345063292e-02  11   8  14  14   0   0
   1.1756157939470325e-03  11   9  14   3   0   0
  -1.4492074091119144e-03  11   9  14   4   0   0
   1.1025235456343910e-03  11   9  14   5   0   0
  -5.5168895166215351e-03  11   9  14  12   0   0
  -8.4054876061798681e-03  11   9  14  13   0   0
   1.5387064990983654e-03  11   9  14  14   0   0
   7.0773582023287947e-04  11  10  14   3   0   0
  -4.2754441181686283e-03  11  10  14   4   0   0
   2.5703496772823734e-03  11  10  14   5   0   0
  -3.3212384073808519e-03  11  10  14  12   0   0
  -2.3349697294691669e-02  11  10  14  13   0   0
   1.6837513670773675e-03  11  10  14  14   0   0
   3.3162158321374683e-03  11  11  14   3   0   0
   7.1339270733867893e-02  11  11  14   4   0   0
   1.4079215281508128e-01  11  11  14   5   0   0
  -1.5562224030479566e-02  11  11  14  12   0   0
  -2.3335981614569317e-04  11  11  14  13   0   0
   1.0168577077047682e+00  11  11  14  14   0   0
   1.0736091004951456e-02  11  12  14   1   0   0
   1.0193456914165070e-02  11  12  14   2   0   0
   7.7285584440814192e-03  11  12  14   6   0   0
  -5.5650174155783237e-03  11  12  14   7   0   0
  -4.6805550400555937e-02  11  12  14   8   0   0
  -1.1422232228512319e-02  11  12  14   9   0   0
  -4.0648339715524109e-03  11  12  14  10   0   0
  -1.2524329616972422e-02  11  12  14  11   0   0
  -1.6704334042229603e-03  11  13  14   1   0   0
  -1.5860047130818573e-03  11  13  14   2   0   0
  -1.2024900110783386e-03  11  13  14   6   0   0
   4.2364060816170633e-02  11  13  14   7   0   0
  -1.3960515898093649e-04  11  13  14   8   0   0
  -1.0267334130533370e-02  11  13  14   9   0   0
  -2.3489622231643650e-02  11  13  14  10   0   0
  -1.8780575649331686e-04  11  13  14  11   0   0
  -5.8461834294472011e-04  11  14  14   1   0   0
  -5.5506998657976672e-04  11  14  14   2   0   0
  -4.2084749736626955e-04  11  14  14   6   0   0
   8.9087244809219022e-04  11  14  14   7   0   0
   1.2313851408522047e-02  11  14  14   8   0   0
   1.2383363290967217e-03  11  14  14   9   0   0
   1.3550670568039807e-03  11  14  14  10   0   0
   1.5276609265283049e-02  11  14  14  11   0   0
   5.7446811070323303e-02  12   1  12   1   0   0
   4.5714842588991070e-02  12   2  12   1   0   0
   5.1406718830127054e-02  12   2  12   2   0   0
   5.6732381861073246e-02  12   3  12   3   0   0
   9.5563238303783531e-03  12   4  12   4   0   0
   9.5563238303783445e-03  12   5  12   5   0   0
   4.2060805307607370e-02  12   6  12   1   0   0
   5.8621235073153616e-02  12   6  12   2   0   0
   7.2363108335303072e-02  12   6  12   6   0   0
   5.2662403821185921e-03  12   7  12   1   0   0
   2.3450185394112990e-03  12   7  12   2   0   0
   2.2786741051663722e-03  12   7  12   6   0   0
   3.0498626711359833e-02  12   7  12   7   0   0
   1.3209362971512463e-02  12   8  12   1   0   0
   5.8820332560566005e-03  12   8  12   2   0   0
   5.7156208537559768e-03  12   8  12   6   0   0
   1.0692349826417100e-02  12   8  12   7   0   0
   8.1829438131921298e-02  12   8  12   8   0   0
   3.9521047732539512e-02  12   9  12   1   0   0
   1.7598435108364868e-02  12   9  12   2   0   0
   1.7100546413142254e-02  12   9  12   6   0   0
   3.0756789427551488e-03  12   9  12   7   0   0
   7.7147559911320560e-03  12   9  12   8   0   0
   3.7804114495857417e-02  12   9  12   9   0   0
  -1.1126727699616224e-02  12  10  12   1   0   0
  -4.9546509170331540e-03  12  10  12   2   0   0
  -4.8144756875212504e-03  12  10  12   6   0   0
   2.6199918144153102e-02  12  10  12   7   0   0
  -5.2392738520273567e-03  12  10  12   8   0   0
  -6.4984200500382170e-03  12  10  12   9   0   0
   7.1129603563698143e-02  12  10  12  10   0   0
  -6.6028138050804347e-02  12  11  12   1   0   0
  -2.9401849634074897e-02  12  11  12   2   0   0
  -2.8570022914181738e-02  12  11  12   6   0   0
  -6.5405568172979024e-03  12  11  12   7   0   0
   1.3079341745277475e-03  12  11  12   8   0   0
  -3.8562872010504429e-02  12  11  12   9   0   0
   3.2048865653370516e-03  12  11  12  10   0   0
   8.3167549418979733e-02  12  11  12  11   0   0
  -2.4223071271048685e-01  12  12  12   3   0   0
   1.4396824948510170e+00  12  12  12  12   0   0
   1.6551292922351600e-02  12  13  12   4   0   0
  -8.3930813868825296e-03  12  13  12   5   0   0
   8.0808562414965257e-02  12  13  12  13   0   0
   8.3930813868826459e-03  12  14  12   4   0   0
   1.6551292922351572e-02  12  14  12   5   0   0
   8.0808562414965660e-02  12  14  12  14   0   0
  -2.9493254556109110e-02  12   1  13   7   0   0
   6.8781644925706830e-03  12   1  13   8   0   0
  -6.0687778703810369e-02  12   1  13  10   0   0
   9.2505106092580607e-03  12   1  13  11   0   0
  -1.3133131741667159e-02  12   2  13   7   0   0
   3.0627966218491442e-03  12   2  13   8   0   0
  -2.7023826458690777e-02  12   2  13  10   0   0
   4.1191850929151227e-03  12   2  13  11   0   0
  -3.3552349802329830e-02  12   3  13   4   0   0
   1.7014235923032431e-02  12   3  13   5   0   0
  -2.0511526511418596e-01  12   3  13  13   0   0
  -8.5231096603147066e-03  12   4  13   3   0   0
   1.6551292922351583e-02  12   4  13  12   0   0
   4.3220280967743423e-03  12   5  13   3   0   0
  -8.3930813868824915e-03  12   5  13  12   0   0
  -1.2761573828319687e-02  12   6  13   7   0   0
   2.9761450642308007e-03  12   6  13   8   0   0
  -2.6259277928518034e-02  12   6  13  10   0   0
   4.0026465666959977e-03  12   6  13  11   0   0
  -2.9493254556109221e-02  12   7  13   1   0   0
  -1.3133131741667432e-02  12   7  13   2   0   0
  -1.2761573828319911e-02  12   7  13   6   0   0
   3.9282604545946868e-03  12   7  13   7   0   0
   1.5647964696177592e-02  12   7  13   8   0   0
  -1.8924513590021754e-02  12   7  13   9   0   0
  -9.7660323168878172e-03  12   7  13  10   0   0
  -1.3705626744812158e-02  12   7  13  11   0   0
   6.8781644925708409e-03  12   8  13   1   0   0
   3.0627966218493667e-03  12   8  13   2   0   0
   2.9761450642310267e-03  12   8  13   6   0   0
   4.2361229722386498e-02  12   8  13   7   0   0
  -9.7486480393732724e-03  12   8  13   8   0   0
  -8.7910959197889313e-03  12   8  13   9   0   0
  -2.9175207229302096e-02  12   8  13  10   0   0
   2.8245043687827940e-03  12   8  13  11   0   0
  -1.7684015192658140e-02  12   9  13   7   0   0
   5.5861118197430160e-04  12   9  13   8   0   0
  -3.5162622111655890e-02  12   9  13  10   0   0
   4.6267478289773083e-03  12   9  13  11   0   0
  -6.0687778703809994e-02  12  10  13   1   0   0
  -2.7023826458690847e-02  12  10  13   2   0   0
  -2.6259277928518142e-02  12  10  13   6   0   0
  -4.6649632635422595e-03  12  10  13   7   0   0
   1.6309743516833167e-03  12  10  13   8   0   0
  -3.4402200512059680e-02  12  10  13   9   0   0
   6.1471689009795034e-03  12  10  13  10   0   0
  -3.7039619682490060e-02  12  10  13  11   0   0
   9.2505106092581006e-03  12  11  13   1   0   0
   4.1191850929152129e-03  12  11  13   2   0   0
   4.0026465666960836e-03  12  11  13   6   0   0
   2.7077397873526123e-02  12  11  13   7   0   0
  -7.1931860276952080e-03  12  11  13   8   0   0
   2.5291960017893690e-03  12  11  13   9   0   0
   2.9098326920397537e-02  12  11  13  10   0   0
  -3.2678131620105438e-04  12  11  13  11   0   0
   1.8293853668033100e-01  12  12  13   4   0   0
  -9.2767255969575843e-02  12  12  13   5   0   0
   1.2780653700210842e+00  12  12  13  13   0   0
  -1.8557723798147144e-02  12  13  13   3   0   0
   8.0808562414965243e-02  12  13  13  12   0   0
   1.3037433169861943e-02  12   1  14   7   0   0
   6.5721041111634071e-02  12   1  14   8   0   0
   3.1932302624290772e-03  12   1  14  10   0   0
   1.3649652510901982e-02  12   1  14  11   0   0
   5.8054741658720103e-03  12   2  14   7   0   0
   2.9265101600658424e-02  12   2  14   8   0   0
   1.4219222106592775e-03  12   2  14  10   0   0
   6.0780909856054544e-03  12   2  14  11   0   0
  -1.7014235923032590e-02  12   3  14   4   0   0
  -3.3552349802330267e-02  12   3  14   5   0   0
  -2.0511526511418715e-01  12   3  14  14   0   0
  -4.3220280967743623e-03  12   4  14   3   0   0
   8.3930813868826389e-03  12   4  14  12   0   0
  -8.5231096603147136e-03  12   5  14   3   0   0
   1.6551292922351718e-02  12   5  14  12   0   0
   5.6412277462445561e-03  12   6  14   7   0   0
   2.8437143707709948e-02  12   6  14   8   0   0
   1.3816936909179789e-03  12   6  14  10   0   0
   5.9061317874361972e-03  12   6  14  11   0   0
   1.3037433169861877e-02  12   7  14   1   0   0
   5.8054741658720987e-03  12   7  14   2   0   0
   5.6412277462446706e-03  12   7  14   6   0   0
  -2.7731614707374497e-02  12   7  14   7   0   0
   6.1555555506641636e-03  12   7  14   8   0   0
  -4.3527751903722533e-03  12   7  14   9   0   0
  -6.0248047914717946e-05  12   7  14  10   0   0
  -2.7437229478863534e-04  12   7  14  11   0   0
   6.5721041111634043e-02  12   8  14   1   0   0
   2.9265101600659146e-02  12   8  14   2   0   0
   2.8437143707711013e-02  12   8  14   6   0   0
  -4.0849013189877444e-03  12   8  14   7   0   0
   1.4840443380046900e-02  12   8  14   8   0   0
  -5.1813332857673457e-02  12   8  14   9   0   0
   4.1299473037909474e-03  12   8  14  10   0   0
  -1.2424607736766397e-02  12   8  14  11   0   0
   4.3829615377488137e-03  12   9  14   7   0   0
   1.4028412604984511e-02  12   9  14   8   0   0
   3.8457908528213591e-03  12   9  14  10   0   0
   2.5079770585126979e-03  12   9  14  11   0   0
   3.1932302624291566e-03  12  10  14   1   0   0
   1.4219222106593681e-03  12  10  14   2   0   0
   1.3816936909179756e-03  12  10  14   6   0   0
  -4.0464027709074132e-02  12  10  14   7   0   0
  -3.0720401058856360e-04  12  10  14   8   0   0
   9.2007698762244343e-03  12  10  14   9   0   0
   2.6650143165925063e-02  12  10  14  10   0   0
  -1.4640603068844266e-03  12  10  14  11   0   0
   1.3649652510901866e-02  12  11  14   1   0   0
   6.0780909856054900e-03  12  11  14   2   0   0
   5.9061317874363178e-03  12  11  14   6   0   0
  -6.0030831535348396e-03  12  11  14   7   0   0
  -5.0681482397085059e-02  12  11  14   8   0   0
  -1.2263231493506291e-02  12  11  14   9   0   0
  -4.4087282645847185e-03  12  11  14  10   0   0
  -1.3758971838597544e-02  12  11  14  11   0   0
   9.2767255969575732e-02  12  12  14   4   0   0
   1.8293853668033108e-01  12  12  14   5   0   0
   1.2780653700210844e+00  12  12  14  14   0   0
  -1.8557723798147237e-02  12  14  14   3   0   0
   8.0808562414965660e-02  12  14  14  12   0   0
   5.7446811070322616e-02  13   1  13   1   0   0
   4.5714842588992076e-02  13   2  13   1   0   0
   5.1406718830127839e-02  13   2  13   2   0   0
   9.5563238303783340e-03  13   3  13   3   0   0
   4.7082653135822349e-02  13   4  13   4   0   0
  -1.9029421900099212e-02  13   5  13   4   0   0
   1.9206052555629190e-02  13   5  13   5   0   0
   4.2060805307607814e-02  13   6  13   1   0   0
   5.8621235073154296e-02  13   6  13   2   0   0
   7.2363108335303600e-02  13   6  13   6   0   0
   1.1583479817281391e-02  13   7  13   1   0   0
   5.1580393129516738e-03  13   7  13   2   0   0
   5.0121098909537178e-03  13   7  13   6   0   0
   8.0144445174194390e-02  13   7  13   7   0   0
  -1.6296935845159226e-02  13   8  13   1   0   0
  -7.2569069999650123e-03  13   8  13   2   0   0
  -7.0515971564864884e-03  13   8  13   6   0   0
  -1.4186619687943996e-02  13   8  13   7   0   0
   2.0740935221524398e-02  13   8  13   8   0   0
   3.7177505835277611e-02  13   9  13   1   0   0
   1.6554872946708259e-02  13   9  13   2   0   0
   1.6086508342681834e-02  13   9  13   6   0   0
  -7.9049168022834182e-03  13   9  13   7   0   0
  -6.5843906507287884e-03  13   9  13   8   0   0
   3.9172829545277774e-02  13   9  13   9   0   0
   2.7014024472925822e-03  13  10  13   1   0   0
   1.2029148617716100e-03  13  10  13   2   0   0
   1.1688824204037045e-03  13  10  13   6   0   0
   1.0979144198226230e-03  13  10  13   7   0   0
  -2.5328254001439772e-03  13  10  13   8   0   0
   8.7660971279320109e-03  13  10  13   9   0   0
   8.2431561902525291e-02  13  10  13  10   0   0
   6.6771410181137289e-02  13  11  13   1   0   0
   2.9732823307699413e-02  13  11  13   2   0   0
   2.8891632797815793e-02  13  11  13   6   0   0
   5.5618626037190972e-03  13  11  13   7   0   0
  -1.4835678966946335e-02  13  11  13   8   0   0
   3.7202461098317846e-02  13  11  13   9   0   0
  -4.6935354626568056e-03  13  11  13  10   0   0
   8.1939560478293830e-02  13  11  13  11   0   0
  -1.8557723798147154e-02  13  12  13   3   0   0
   8.0808562414965229e-02  13  12  13  12   0   0
   2.1604112252502136e-01  13  13  13   4   0   0
  -1.0955341874333435e-01  13  13  13   5   0   0
   1.4396824948509326e+00  13  13  13  13   0   0
   8.3930813868825348e-03  13  14  13   4   0   0
   1.6551292922351621e-02  13  14  13   5   0   0
   8.0808562414965937e-02  13  14  13  14   0   0
   5.8506420434376559e-02  13   1  14   7   0   0
  -9.7144224170446387e-03  13   1  14   8   0   0
  -1.6503499778241906e-02  13   1  14   9   0   0
  -2.9857872715179572e-02  13   1  14  10   0   0
  -2.1237557971265195e-03  13   1  14  11   0   0
   2.6052483486903016e-02  13   2  14   7   0   0
  -4.3257616467704948e-03  13   2  14   8   0   0
  -7.3488884169732038e-03  13   2  14   9   0   0
  -1.3295493555938268e-02  13   2  14  10   0   0
  -9.4569300982811364e-04  13   2  14  11   0   0
   1.9029421900099004e-02  13   4  14   4   0   0
   2.7970005475066128e-02  13   4  14   5   0   0
   8.3930813868825366e-03  13   4  14  13   0   0
   1.8293853668032464e-01  13   4  14  14   0   0
  -9.3404894872759446e-05  13   5  14   4   0   0
  -1.9029421900099600e-02  13   5  14   5   0   0
   1.6551292922351718e-02  13   5  14  13   0   0
  -9.2767255969576648e-02  13   5  14  14   0   0
   2.5315415848176166e-02  13   6  14   7   0   0
  -4.2033787298296609e-03  13   6  14   8   0   0
  -7.1409762678113671e-03  13   6  14   9   0   0
  -1.2919342159626656e-02  13   6  14  10   0   0
  -9.1893779802400472e-04  13   6  14  11   0   0
   5.8506420434376073e-02  13   7  14   1   0   0
   2.6052483486902339e-02  13   7  14   2   0   0
   2.5315415848176120e-02  13   7  14   6   0   0
  -1.0235525983453174e-02  13   7  14   7   0   0
  -2.3961362015422268e-02  13   7  14   8   0   0
  -4.6731113475909775e-02  13   7  14   9   0   0
   2.0686319888592290e-04  13   7  14  10   0   0
   7.2890140338574263e-03  13   7  14  11   0   0
  -9.7144224170445589e-03  13   8  14   1   0   0
  -4.3257616467703925e-03  13   8  14   2   0   0
  -4.2033787298296904e-03  13   8  14   6   0   0
  -1.4022611279056395e-02  13   8  14   7   0   0
   8.5765068286648895e-03  13   8  14   8   0   0
   1.0504431640681587e-02  13   8  14   9   0   0
  -7.9385180098928681e-03  13   8  14  10   0   0
   1.4307210190964289e-03  13   8  14  11   0   0
  -1.6503499778241951e-02  13   9  14   1   0   0
  -7.3488884169731969e-03  13   9  14   2   0   0
  -7.1409762678113914e-03  13   9  14   6   0   0
   1.3845567852795365e-02  13   9  14   7   0   0
  -1.6092635541605650e-03  13   9  14   8   0   0
   9.6386535871123055e-03  13   9  14   9   0   0
  -7.4791299470242205e-03  13   9  14  10   0   0
  -3.7265128363569433e-03  13   9  14  11   0   0
  -2.9857872715179267e-02  13  10  14   1   0   0
  -1.3295493555937800e-02  13  10  14   2   0   0
  -1.2919342159626515e-02  13  10  14   6   0   0
  -1.3472399994591414e-03  13  10  14   7   0   0
  -4.6446806118506816e-02  13  10  14   8   0   0
   2.2203571019600816e-02  13  10  14   9   0   0
  -7.7733148772064021e-03  13  10  14  10   0   0
  -1.5674706537347788e-02  13  10  14  11   0   0
  -2.1237557971266843e-03  13  11  14   1   0   0
  -9.4569300982825881e-04  13  11  14   2   0   0
  -9.1893779802406804e-04  13  11  14   6   0   0
   4.5797302142471734e-02  13  11  14   7   0   0
  -1.2338217924884247e-04  13  11  14   8   0   0
  -1.1136512787307084e-02  13  11  14   9   0   0
  -2.5613457273714130e-02  13  11  14  10   0   0
  -2.0631955511746231e-04  13  11  14  11   0   0
   9.2767255969568849e-02  13  13  14   4   0   0
   1.8293853668031762e-01  13  13  14   5   0   0
   1.2780653700209992e+00  13  13  14  14   0   0
   1.6551292922351694e-02  13  14  14   4   0   0
  -8.3930813868825054e-03  13  14  14   5   0   0
   8.0808562414965923e-02  13  14  14  13   0   0
   5.7446811070322616e-02  14   1  14   1   0   0
   4.5714842588991646e-02  14   2  14   1   0   0
   5.1406718830127651e-02  14   2  14   2   0   0
   9.5563238303783184e-03  14   3  14   3   0   0
   1.9206052555629270e-02  14   4  14   4   0   0
   1.9029421900098840e-02  14   5  14   4   0   0
   4.7082653135822730e-02  14   5  14   5   0   0
   4.2060805307608272e-02  14   6  14   1   0   0
   5.8621235073154768e-02  14   6  14   2   0   0
   7.2363108335303850e-02  14   6  14   6   0   0
  -1.6849720199400054e-02  14   7  14   1   0   0
  -7.5030578523630634e-03  14   7  14   2   0   0
  -7.2907839961201416e-03  14   7  14   6   0   0
   7.2014527507535286e-02  14   7  14   7   0   0
   3.0875728736467546e-03  14   8  14   1   0   0
   1.3748737439084158e-03  14   8  14   2   0   0
   1.3359763027305279e-03  14   8  14   6   0   0
   3.4942698615270515e-03  14   8  14   7   0   0
   8.0087226039644271e-02  14   8  14   8   0   0
  -7.6698553567815977e-02  14   9  14   1   0   0
  -3.4153308055072405e-02  14   9  14   2   0   0
  -3.3187054755823224e-02  14   9  14   6   0   0
   4.8292378595281441e-03  14   9  14   7   0   0
  -1.1303653404032667e-03  14   9  14   8   0   0
   1.0568065535195434e-01  14   9  14   9   0   0
   8.4253252523237513e-03  14  10  14   1   0   0
   3.7517360552616827e-03  14  10  14   2   0   0
   3.6455932671176231e-03  14  10  14   6   0   0
  -2.7297832563975746e-02  14  10  14   7   0   0
   7.7720992521714003e-03  14  10  14   8   0   0
  -2.2676770778938165e-03  14  10  14   9   0   0
   2.9096433926865877e-02  14  10  14  10   0   0
  -7.4327213033258067e-04  14  11  14   1   0   0
  -3.3097367362414207e-04  14  11  14   2   0   0
  -3.2160988363378847e-04  14  11  14   6   0   0
   9.7869421357869358e-04  14  11  14   7   0   0
   1.3527744792418453e-02  14  11  14   8   0   0
   1.3604109121868487e-03  14  11  14   9   0   0
   1.4886488973199269e-03  14  11  14  10   0   0
   1.7550489495816779e-02  14  11  14  11   0   0
  -1.8557723798147234e-02  14  12  14   3   0   0
   8.0808562414965660e-02  14  12  14  12   0   0
   1.6551292922351669e-02  14  13  14   4   0   0
  -8.3930813868825678e-03  14  13  14   5   0   0
   8.0808562414965909e-02  14  13  14  13   0   0
   1.0955341874333868e-01  14  14  14   4   0   0
   2.1604112252502988e-01  14  14  14   5   0   0
   1.4396824948509985e+00  14  14  14  14   0   0
  -1.9435344249508006e+00   1   1   0   0   0   0
  -2.5516482267779778e-01   1   2   0   0   0   0
  -1.5196744724381761e-18   1   3   0   0   0   0
  -3.0679934644442977e-32   1   4   0   0   0   0
   1.6009423038988067e-32   1   5   0   0   0   0
  -2.0517198309490803e-01   1   6   0   0   0   0
   1.7230529421814158e-32   1   7   0   0   0   0
  -3.9590456788743176e-32   1   8   0   0   0   0
  -4.3668259376020880e-16   1   9   0   0   0   0
   3.1277314277442412e-32   1  10   0   0   0   0
  -1.7243713378704753e-32   1  11   0   0   0   0
  -3.8240257352396945e-18   1  12   0   0   0   0
  -3.8727200734207263e-33   1  13   0   0   0   0
  -1.5875260428481010e-32   1  14   0   0   0   0
  -2.5516482267779717e-01   2   1   0   0   0   0
  -4.0974513802363099e-01   2   2   0   0   0   0
  -1.1113070949593470e-18   2   3   0   0   0   0
  -1.4135061626459768e-31   2   4   0   0   0   0
   1.3922523778388049e-31   2   5   0   0   0   0
  -3.2244054943430089e-01   2   6   0   0   0   0
   3.6704493661783830e-32   2   7   0   0   0   0
   1.1214483567852890e-31   2   8   0   0   0   0
  -1.9607625226745208e-15   2   9   0   0   0   0
  -4.6870962534909449e-32   2  10   0   0   0   0
  -4.0912959406027396e-31   2  11   0   0   0   0
  -2.7964323991435754e-18   2  12   0   0   0   0
  -1.3008291138677650e-31   2  13   0   0   0   0
  -6.2907182092668601e-32   2  14   0   0   0   0
  -1.5196744724381757e-18   3   1   0   0   0   0
  -1.1113070949593476e-18   3   2   0   0   0   0
   5.3984523754809971e-02   3   3   0   0   0   0
   4.9850347679747762e-18   3   4   0   0   0   0
  -7.8055403688156779e-18   3   5   0   0   0   0
  -8.1006177283791929e-19   3   6   0   0   0   0
   6.2704947179046120e-17   3   7   0   0   0   0
   1.5376720858350947e-16   3   8   0   0   0   0
   7.5521395026064978e-16   3   9   0   0   0   0
  -1.3075804802688526e-16   3  10   0   0   0   0
  -4.7921267683781119e-16   3  11   0   0   0   0
   2.5723444112538069e-01   3  12   0   0   0   0
  -1.9888834501859566e-16   3  13   0   0   0   0
   5.1487874470886440e-16   3  14   0   0   0   0
  -3.0679934644442972e-32   4   1   0   0   0   0
  -1.4135061626459766e-31   4   2   0   0   0   0
   4.9850347679747747e-18   4   3   0   0   0   0
   5.3984523754809485e-02   4   4   0   0   0   0
  -9.7144514654699410e-17   4   5   0   0   0   0
  -1.0388225412487034e-32   4   6   0   0   0   0
  -2.0108735121891801e-16   4   7   0   0   0   0
   7.5776157056066299e-16   4   8   0   0   0   0
   3.6849230694689834e-16   4   9   0   0   0   0
  -1.3299861614226314e-17   4  10   0   0   0   0
  -5.1617610505420629e-15   4  11   0   0   0   0
   9.6387049217572909e-17   4  12   0   0   0   0
  -2.2942267225728197e-01   4  13   0   0   0   0
  -1.1633913853648870e-01   4  14   0   0   0   0
   1.6009423038988067e-32   5   1   0   0   0   0
   1.3922523778388047e-31   5   2   0   0   0   0
  -7.8055403688156825e-18   5   3   0   0   0   0
  -9.3675067702745796e-17   5   4   0   0   0   0
   5.3984523754809804e-02   5   5   0   0   0   0
   2.1365293287237363e-33   5   6   0   0   0   0
   1.9164841480506434e-16   5   7   0   0   0   0
  -7.5677059756174036e-16   5   8   0   0   0   0
  -3.5766256017762220e-16   5   9   0   0   0   0
  -4.9544452702743809e-17   5  10   0   0   0   0
  -1.7768722530275464e-15   5  11   0   0   0   0
   3.5533180881258790e-16   5  12   0   0   0   0
   1.1633913853649010e-01   5  13   0   0   0   0
  -2.2942267225728569e-01   5  14   0   0   0   0
  -2.0517198309490914e-01   6   1   0   0   0   0
  -3.2244054943430206e-01   6   2   0   0   0   0
  -8.1006177283792151e-19   6   3   0   0   0   0
  -1.0388225412487030e-32   6   4   0   0   0   0
   2.1365293287237397e-33   6   5   0   0   0   0
   2.6460819650539760e+00   6   6   0   0   0   0
   3.3385929928143035e-33   6   7   0   0   0   0
  -4.1203038535570442e-33   6   8   0   0   0   0
  -1.5042681550974761e-16   6   9   0   0   0   0
   6.5307543258045139e-33   6  10   0   0   0   0
   1.1005484385962308e-33   6  11   0   0   0   0
  -2.0383951449129841e-18   6  12   0   0   0   0
   4.3195396728071887e-33   6  13   0   0   0   0
  -5.8887980635954310e-33   6  14   0   0   0   0
   1.7230529421814164e-32   7   1   0   0   0   0
   3.6704493661783918e-32   7   2   0   0   0   0
   6.2704947179046120e-17   7   3   0   0   0   0
  -2.0108735121891796e-16   7   4   0   0   0   0
   1.9164841480506429e-16   7   5   0   0   0   0
   3.3385929928143008e-33   7   6   0   0   0   0
   4.4914471541968899e+00   7   7   0   0   0   0
   8.3266726846886741e-16   7   8   0   0   0   0
  -3.7048672601428208e-17   7   9   0   0   0   0
   3.3306690738754696e-16   7  10   0   0   0   0
   7.2164496600635175e-16   7  11   0   0   0   0
   9.8624030061892574e-17   7  12   0   0   0   0
  -7.5662843411811762e-16   7  13   0   0   0   0
  -1.6662054981156654e-15   7  14   0   0   0   0
  -3.9590456788743197e-32   8   1   0   0   0   0
   1.1214483567852802e-31   8   2   0   0   0   0
   1.5376720858350952e-16   8   3   0   0   0   0
   7.5776157056066299e-16   8   4   0   0   0   0
  -7.5677059756174055e-16   8   5   0   0   0   0
  -4.1203038535570237e-33   8   6   0   0   0   0
   7.2164496600635175e-16   8   7   0   0   0   0
   4.4914471541968908e+00   8   8   0   0   0   0
  -2.1999167562445751e-16   8   9   0   0   0   0
   3.0531133177191805e-16   8  10   0   0   0   0
   5.5511151231257827e-16   8  11   0   0   0   0
   1.3507174706489368e-16   8  12   0   0   0   0
  -7.3715745494711802e-16   8  13   0   0   0   0
  -1.7965180502438261e-15   8  14   0   0   0   0
  -4.3668259376020880e-16   9   1   0   0   0   0
  -1.9607625226745204e-15   9   2   0   0   0   0
   7.5521395026064988e-16   9   3   0   0   0   0
   3.6849230694689839e-16   9   4   0   0   0   0
  -3.5766256017762220e-16   9   5   0   0   0   0
  -1.5042681550974682e-16   9   6   0   0   0   0
  -3.7048672601427912e-17   9   7   0   0   0   0
  -2.1999167562445751e-16   9   8   0   0   0   0
   4.4914471541968908e+00   9   9   0   0   0   0
   6.8979303948963456e-17   9  10   0   0   0   0
   7.6084318147521503e-16   9  11   0   0   0   0
  -4.2906513992628689e-16   9  12   0   0   0   0
  -6.1735036645291957e-16   9  13   0   0   0   0
  -8.0771881527680047e-17   9  14   0   0   0   0
   3.1277314277442385e-32  10   1   0   0   0   0
  -4.6870962534909449e-32  10   2   0   0   0   0
  -1.3075804802688524e-16  10   3   0   0   0   0
  -1.3299861614226413e-17  10   4   0   0   0   0
  -4.9544452702743760e-17  10   5   0   0   0   0
   6.5307543258045097e-33  10   6   0   0   0   0
  -1.1102230246251565e-16  10   7   0   0   0   0
   3.3306690738754696e-16  10   8   0   0   0   0
   6.8979303948963456e-17  10   9   0   0   0   0
   4.4914471541968899e+00  10  10   0   0   0   0
  -4.4408920985006262e-16  10  11   0   0   0   0
  -1.7309350981760863e-16  10  12   0   0   0   0
   3.2261116581683156e-16  10  13   0   0   0   0
  -3.4399420854588804e-16  10  14   0   0   0   0
  -1.7243713378704709e-32  11   1   0   0   0   0
  -4.0912959406027361e-31  11   2   0   0   0   0
  -4.7921267683781128e-16  11   3   0   0   0   0
  -5.1617610505420637e-15  11   4   0   0   0   0
  -1.7768722530275464e-15  11   5   0   0   0   0
   1.1005484385961815e-33  11   6   0   0   0   0
   6.6613381477509392e-16  11   7   0   0   0   0
   4.4408920985006262e-16  11   8   0   0   0   0
   7.6084318147521345e-16  11   9   0   0   0   0
  -3.3306690738754696e-16  11  10   0   0   0   0
   4.4914471541968943e+00  11  11   0   0   0   0
  -8.7516932064257306e-16  11  12   0   0   0   0
  -8.0806903619023670e-16  11  13   0   0   0   0
   4.1406613806228343e-16  11  14   0   0   0   0
  -3.8240257352396945e-18  12   1   0   0   0   0
  -2.7964323991435797e-18  12   2   0   0   0   0
   2.5723444112538074e-01  12   3   0   0   0   0
   9.6387049217572909e-17  12   4   0   0   0   0
   3.5533180881258790e-16  12   5   0   0   0   0
  -2.0383951449129806e-18  12   6   0   0   0   0
   9.8624030061892574e-17  12   7   0   0   0   0
   1.3507174706489359e-16  12   8   0   0   0   0
  -4.2906513992628709e-16  12   9   0   0   0   0
  -1.7309350981760863e-16  12  10   0   0   0   0
  -8.7516932064257267e-16  12  11   0   0   0   0
   5.6926247886237320e+00  12  12   0   0   0   0
  -8.4566100050048678e-18  12  13   0   0   0   0
  -7.8409358079209268e-17  12  14   0   0   0   0
  -3.8727200734207324e-33  13   1   0   0   0   0
  -1.3008291138677645e-31  13   2   0   0   0   0
  -1.9888834501859569e-16  13   3   0   0   0   0
  -2.2942267225728197e-01  13   4   0   0   0   0
   1.1633913853649008e-01  13   5   0   0   0   0
   4.3195396728071819e-33  13   6   0   0   0   0
  -7.5662843411811801e-16  13   7   0   0   0   0
  -7.3715745494711752e-16  13   8   0   0   0   0
  -6.1735036645291957e-16  13   9   0   0   0   0
   3.2261116581683156e-16  13  10   0   0   0   0
  -8.0806903619023670e-16  13  11   0   0   0   0
  -8.4566100050032115e-18  13  12   0   0   0   0
   5.6926247886237338e+00  13  13   0   0   0   0
   1.9949319973733277e-16  13  14   0   0   0   0
  -1.5875260428481016e-32  14   1   0   0   0   0
  -6.2907182092668590e-32  14   2   0   0   0   0
   5.1487874470886460e-16  14   3   0   0   0   0
  -1.1633913853648868e-01  14   4   0   0   0   0
  -2.2942267225728566e-01  14   5   0   0   0   0
  -5.8887980635954379e-33  14   6   0   0   0   0
  -1.6662054981156656e-15  14   7   0   0   0   0
  -1.7965180502438269e-15  14   8   0   0   0   0
  -8.0771881527679998e-17  14   9   0   0   0   0
  -3.4399420854588769e-16  14  10   0   0   0   0
   4.1406613806228383e-16  14  11   0   0   0   0
  -7.8409358079209404e-17  14  12   0   0   0   0
   9.9746599868666359e-17  14  13   0   0   0   0
   5.6926247886237320e+00  14  14   0   0   0   0
   0.0000000000000000e+00   0   0   0   0   0   0
