&FCI NORB=14,NELEC=4,MS2=0,
 ORBSYM=1,1,1,1,1,1,1,1,1,1,1,1,1,1,
 ISYM=1,
&END
  1.02593377366732907419E+00   1   1   1   1
  2.55397046166361274544E-01   2   1   1   1
  1.16988315418743035745E-01   2   1   2   1
  5.82039466022343687790E-01   2   2   1   1
  7.87926188130245175323E-02   2   2   2   1
  4.36246506161039993010E-01   2   2   2   2
  1.30185481719027412728E-01   3   1   3   1
 -3.56641098734013966068E-03   3   2   3   1
  1.76649916869515075102E-02   3   2   3   2
  7.88372655442544756355E-01   3   3   1   1
  1.26756070847581281402E-01   3   3   2   1
  5.10758152613873250836E-01   3   3   2   2
  7.85706542850460265548E-01   3   3   3   3
  1.30185481719027495995E-01   4   1   4   1
 -3.56641098734016004368E-03   4   2   4   1
  1.76649916869515213880E-02   4   2   4   2
  4.93827072793231527936E-02   4   3   4   3
  7.88372655442545422488E-01   4   4   1   1
  1.26756070847581614469E-01   4   4   2   1
  5.10758152613874027992E-01   4   4   2   2
  6.86941128291814750995E-01   4   4   3   3
  7.85706542850461819860E-01   4   4   4   4
  1.30185481719027801306E-01   5   1   5   1
 -3.56641098734012881866E-03   5   2   5   1
  1.76649916869515630213E-02   5   2   5   2
  4.93827072793232568770E-02   5   3   5   3
  4.93827072793232985104E-02   5   4   5   4
  7.88372655442547198845E-01   5   5   1   1
  1.26756070847581781003E-01   5   5   2   1
  5.10758152613875249237E-01   5   5   2   2
  6.86941128291816305307E-01   5   5   3   3
  6.86941128291816971441E-01   5   5   4   4
  7.85706542850465372574E-01   5   5   5   5
  2.04864537952470227022E-01   6   1   1   1
  1.21041177080803322164E-01   6   1   2   1
  6.38972838704565809786E-02   6   1   2   2
  2.55178666617375052295E-02   6   1   3   3
  2.55178666617375607406E-02   6   1   4   4
  2.55178666617375884962E-02   6   1   5   5
  2.19114503749815336953E-01   6   1   6   1
  2.22089379388074409372E-01   6   2   1   1
  9.64611518582023097501E-02   6   2   2   1
  7.75175342897363867101E-02   6   2   2   2
  1.08538073530230580466E-01   6   2   3   3
  1.08538073530230691488E-01   6   2   4   4
  1.08538073530230941288E-01   6   2   5   5
  1.27312488642477239509E-01   6   2   6   1
  9.74849598959377089402E-02   6   2   6   2
 -7.72508000462935467967E-02   6   3   3   1
  9.96618934714109047657E-03   6   3   3   2
  5.91686043784559606573E-02   6   3   6   3
 -7.72508000462935606745E-02   6   4   4   1
  9.96618934714119282525E-03   6   4   4   2
  5.91686043784558912684E-02   6   4   6   4
 -7.72508000462938104747E-02   6   5   5   1
  9.96618934714120843776E-03   6   5   5   2
  5.91686043784560578018E-02   6   5   6   5
  1.09046038651671328701E+00   6   6   1   1
  3.01445016514448549394E-01   6   6   2   1
  6.01922952806662747705E-01   6   6   2   2
  7.69301218023550226199E-01   6   6   3   3
  7.69301218023550781311E-01   6   6   4   4
  7.69301218023552668690E-01   6   6   5   5
  3.44804335253211358125E-01   6   6   6   1
  2.99113618009633652761E-01   6   6   6   2
  1.30478954766307286839E+00   6   6   6   6
  6.55277459394416070607E-04   7   1   3   3
  3.44731850865978919907E-02   7   1   4   3
  3.74305637640528626742E-02   7   1   4   4
 -1.65957857549655640739E-02   7   1   5   3
  2.25519234122816469509E-03   7   1   5   4
 -3.80858412234459167700E-02   7   1   5   5
  7.97964470446064499942E-02   7   1   7   1
  1.43381091328557795780E-04   7   2   3   3
  7.54306870841376167491E-03   7   2   4   3
  8.19017197156753432030E-03   7   2   4   4
 -3.63131958666874834346E-03   7   2   5   3
  4.93458052623816766785E-04   7   2   5   4
 -8.33355306289583139256E-03   7   2   5   5
  2.62460442599997331725E-02   7   2   7   1
  1.13762134752315047931E-02   7   2   7   2
  1.34051276415216393846E-03   7   3   3   1
  1.54859720553762973542E-05   7   3   3   2
  7.05224084348983204507E-02   7   3   4   1
  8.14694253950956864645E-04   7   3   4   2
 -3.39502943626974126867E-02   7   3   5   1
 -3.92203135869453965029E-04   7   3   5   2
 -8.13811684564394975661E-04   7   3   6   3
 -4.28134379192161712568E-02   7   3   6   4
  2.06108789006867777760E-02   7   3   6   5
  7.27955701634743490569E-02   7   3   7   3
  7.05224084348983204507E-02   7   4   3   1
  8.14694253950949058389E-04   7   4   3   2
  7.65723706436178125356E-02   7   4   4   1
  8.84585080958248800784E-04   7   4   4   2
  4.61348712014362800221E-03   7   4   5   1
  5.32962717932077445927E-05   7   4   5   2
 -4.28134379192161573791E-02   7   4   6   3
 -4.64863085313382551345E-02   7   4   6   4
 -2.80080117501531377158E-03   7   4   6   5
  4.70572214121492554684E-02   7   4   7   3
  1.14494853119567696620E-01   7   4   7   4
 -3.39502943626974126867E-02   7   5   3   1
 -3.92203135869463180747E-04   7   5   3   2
  4.61348712014363320638E-03   7   5   4   1
  5.32962717932007311599E-05   7   5   4   2
 -7.79128834077697507432E-02   7   5   5   1
 -9.00071053013710726393E-04   7   5   5   2
  2.06108789006867847149E-02   7   5   6   3
 -2.80080117501533458826E-03   7   5   6   4
  4.73001202159026995497E-02   7   5   6   5
  2.57855808152300837455E-02   7   5   7   3
 -2.11612237204992365003E-02   7   5   7   4
  8.26380917395373032486E-02   7   5   7   5
 -4.01382603693001337002E-04   7   6   3   3
 -2.11161494864242592351E-02   7   6   4   3
 -2.29276574768875786303E-02   7   6   4   4
  1.01655559811548550087E-02   7   6   5   3
 -1.38139189861301542143E-03   7   6   5   4
  2.33290400805805410445E-02   7   6   5   5
 -3.25787485974455004456E-02   7   6   7   1
 -5.31832748586079633729E-03   7   6   7   2
  2.87094181182263701035E-02   7   6   7   6
  9.72991881133124181247E-01   7   7   1   1
  2.14469760495913291942E-01   7   7   2   1
  5.61477261536731941938E-01   7   7   2   2
  8.03550802680365938713E-01   7   7   3   3
  3.26494204303539106715E-02   7   7   4   3
  8.32482757862197386700E-01   7   7   4   4
  1.78906498049197816569E-02   7   7   5   3
 -1.46821607680598289342E-02   7   7   5   4
  8.10379778454716759306E-01   7   7   5   5
  8.95005932772697937461E-02   7   7   6   1
  1.63520880467895646238E-01   7   7   6   2
  9.52714555691934195103E-01   7   7   6   6
  3.24073364616148384965E-02   7   7   7   1
  1.03302454975263083986E-02   7   7   7   2
 -1.49837112369245861049E-02   7   7   7   6
  1.07803420699200680488E+00   7   7   7   7
 -7.11292450376171665576E-04   8   1   3   3
  2.74978106667224733717E-03   8   1   4   3
 -9.79579587435161491804E-03   8   1   4   4
 -1.03754639938648703101E-02   8   1   5   3
  5.17326551212159840842E-02   8   1   5   4
  1.05070883247277962330E-02   8   1   5   5
 -2.58097004446893110718E-02   8   1   7   7
  7.97964470446065887721E-02   8   1   8   1
 -1.55637717010646169568E-04   8   2   3   3
  6.01678883656968799959E-04   8   2   4   3
 -2.14341556047736598450E-03   8   2   4   4
 -2.27025259171140334630E-03   8   2   5   3
  1.13196088805763393770E-02   8   2   5   4
  2.29905327748801445800E-03   8   2   5   5
 -8.22716615810305598733E-03   8   2   7   7
  2.62460442599998233781E-02   8   2   8   1
  1.13762134752315724473E-02   8   2   8   2
 -1.45510362840216679950E-03   8   3   3   1
 -1.68097572285431724108E-05   8   3   3   2
  5.62527608061957722085E-03   8   3   4   1
  6.49847360785949537633E-05   8   3   4   2
 -2.12252713997518882572E-02   8   3   5   1
 -2.45200171572286702588E-04   8   3   5   2
  8.83378634439745190170E-04   8   3   6   3
 -3.41504797696158502937E-03   8   3   6   4
  1.28856466981083148116E-02   8   3   6   5
  9.83253395471132482508E-03   8   3   7   3
 -6.07407467087331311845E-03   8   3   7   4
  2.29545311206494941081E-02   8   3   7   5
  2.30444784719640721748E-02   8   3   8   3
  5.62527608061957808822E-03   8   4   3   1
  6.49847360786118944222E-05   8   4   3   2
 -2.00394340082166375061E-02   8   4   4   1
 -2.31501051952781220465E-04   8   4   4   2
  1.05830413543611862037E-01   8   4   5   1
  1.22258203769128243922E-03   8   4   5   2
 -3.41504797696158372833E-03   8   4   6   3
  1.21657368613413523206E-02   8   4   6   4
 -6.42485692245903794451E-02   8   4   6   5
 -3.59625668083073182779E-02   8   4   7   3
 -5.72580731033763262045E-03   8   4   7   4
 -5.15773596317455271243E-02   8   4   7   5
 -2.08681152217490978318E-02   8   4   8   3
  1.21329349595677718487E-01   8   4   8   4
 -2.12252713997519021349E-02   8   5   3   1
 -2.45200171572284642604E-04   8   5   3   2
  1.05830413543611889793E-01   8   5   4   1
  1.22258203769129067916E-03   8   5   4   2
  2.14945376366188281581E-02   8   5   5   1
  2.48310809181332737845E-04   8   5   5   2
  1.28856466981083564449E-02   8   5   6   3
 -6.42485692245904072006E-02   8   5   6   4
 -1.30491154957811140991E-02   8   5   6   5
  5.13984532682627420774E-02   8   5   7   3
  3.55066792695446220574E-02   8   5   7   4
 -4.10672664437366878587E-03   8   5   7   5
  1.49849363541269126054E-03   8   5   8   3
  3.04984830764749859089E-04   8   5   8   4
  1.25554686954937960719E-01   8   5   8   5
  4.35693936402398727167E-04   8   6   3   3
 -1.68434648301076742710E-03   8   6   4   3
  6.00030108914199195036E-03   8   6   4   4
  6.35537006908709449504E-03   8   6   5   3
 -3.16882375714658687249E-02   8   6   5   4
 -6.43599502554439550223E-03   8   6   5   5
  1.19332577372662611281E-02   8   6   7   7
 -3.25787485974455975901E-02   8   6   8   1
 -5.31832748586075904074E-03   8   6   8   2
  2.87094181182260821394E-02   8   6   8   6
  6.82204612489548632703E-03   8   7   3   3
 -1.45830112780467209543E-02   8   7   4   3
 -3.97270141687844184630E-03   8   7   4   4
  2.57939352846956702903E-02   8   7   5   3
 -5.57511030190008510105E-03   8   7   5   4
 -2.84934470801702843454E-03   8   7   5   5
 -2.58097004446893110718E-02   8   7   7   1
 -8.22716615810306813039E-03   8   7   7   2
  1.19332577372662472504E-02   8   7   7   6
 -1.59515207935609810985E-02   8   7   8   1
 -5.08474758644731836266E-03   8   7   8   2
  7.37527385638811483481E-03   8   7   8   6
  4.84967115222339831271E-02   8   7   8   7
  9.72991881133125180448E-01   8   8   1   1
  2.14469760495913375209E-01   8   8   2   1
  5.61477261536732830116E-01   8   8   2   2
  7.69032310921611172994E-01   8   8   3   3
 -1.44787951140704952702E-02   8   8   4   3
  8.37224694215046083556E-01   8   8   4   4
  1.03969055644630831679E-03   8   8   5   3
  2.11605735861521799743E-04   8   8   5   4
  8.40156333860625270660E-01   8   8   5   5
  8.95005932772699047684E-02   8   8   6   1
  1.63520880467895229904E-01   8   8   6   2
  9.52714555691935749415E-01   8   8   6   6
 -1.59515207935604502731E-02   8   8   7   1
 -5.08474758644720734035E-03   8   8   7   2
  7.37527385638809748758E-03   8   8   7   6
  9.81040783947539463128E-01   8   8   7   7
  1.07803420699200858124E+00   8   8   8   8
  1.08893001473248252770E-02   9   1   3   3
  5.81946136561704418372E-03   9   1   4   3
  9.79813526678561218242E-03   9   1   4   4
  4.88003815655679504260E-02   9   1   5   3
  1.25814094824965184288E-02   9   1   5   4
 -2.06874354141106629734E-02   9   1   5   5
  2.54936992072293013012E-02   9   1   7   7
  3.09027369391528805576E-02   9   1   8   7
 -1.16121413453150173350E-02   9   1   8   8
  7.97964470446065471387E-02   9   1   9   1
  2.38268494748831776917E-03   9   2   3   3
  1.27335483554940156505E-03   9   2   4   3
  2.14392744233059609482E-03   9   2   4   4
  1.06779988626288877690E-02   9   2   5   3
  2.75293495326183130026E-03   9   2   5   4
 -4.52661238981868791625E-03   9   2   5   5
  8.12643679503593542590E-03   9   2   7   7
  9.85063550363188093761E-03   9   2   8   7
 -3.70151588950113361390E-03   9   2   8   8
  2.62460442599997990920E-02   9   2   9   1
  1.13762134752315603042E-02   9   2   9   2
  2.22764351663692315719E-02   9   3   3   1
  2.57343504445214324872E-04   9   3   3   2
  1.19049757156529170676E-02   9   3   4   1
  1.37529553006150695969E-04   9   3   4   2
  9.98318093295018083033E-02   9   3   5   1
  1.15328451235969684993E-03   9   3   5   2
 -1.35237975449635280251E-02   9   3   6   3
 -7.22738984733336652794E-03   9   3   6   4
 -6.06068775293921377378E-02   9   3   6   5
 -2.22142326746938081894E-02   9   3   7   3
  2.22455984788673989672E-02   9   3   7   4
 -5.63637680695744588966E-02   9   3   7   5
 -1.83751730368982360564E-02   9   3   8   3
  7.52433824646416421489E-02   9   3   8   4
  2.27014025334601465822E-02   9   3   8   5
  1.12258662511426146602E-01   9   3   9   3
  1.19049757156529135982E-02   9   4   3   1
  1.37529553006149855713E-04   9   4   3   2
  2.00442197449656814290E-02   9   4   4   1
  2.31556338099649111238E-04   9   4   4   2
  2.57380133568297954361E-02   9   4   5   1
  2.97332607539621182873E-04   9   4   5   2
 -7.22738984733337780364E-03   9   4   6   3
 -1.21686422335166403996E-02   9   4   6   4
 -1.56252865078171793156E-02   9   4   6   5
  8.59884591738195244726E-03   9   4   7   3
  2.19784435804476450949E-02   9   4   7   4
 -3.17255723675693339716E-03   9   4   7   5
  1.29220483278960421303E-02   9   4   8   3
  2.10617629918217301455E-02   9   4   8   4
  1.07264958781774187579E-02   9   4   8   5
  2.70928403057648578556E-02   9   4   9   3
  2.94064130017133960882E-02   9   4   9   4
  9.98318093295018083033E-02   9   5   3   1
  1.15328451235970031938E-03   9   5   3   2
  2.57380133568297850277E-02   9   5   4   1
  2.97332607539612726096E-04   9   5   4   2
 -4.23206549113348887148E-02   9   5   5   1
 -4.88899842544852024882E-04   9   5   5   2
 -6.06068775293921307989E-02   9   5   6   3
 -1.56252865078171411517E-02   9   5   6   4
  2.56924397784801875066E-02   9   5   6   5
  1.14588995651089178146E-02   9   5   7   3
  6.04642264958717354228E-02   9   5   7   4
  2.35789094246155721962E-04   9   5   7   5
  1.10684293914177431239E-02   9   5   8   3
 -2.84561473593140761007E-02   9   5   8   4
 -2.68658995492348324705E-03   9   5   8   5
 -1.49391978591298622836E-02   9   5   9   3
  5.42283759112043711736E-03   9   5   9   4
  1.28263439509440024811E-01   9   5   9   5
 -6.67011444216252923772E-03   9   6   3   3
 -3.56464352853237730415E-03   9   6   4   3
 -6.00173405683046383430E-03   9   6   4   4
 -2.98921074320368969357E-02   9   6   5   3
 -7.70659637961901983205E-03   9   6   5   4
  1.26718484989927389350E-02   9   6   5   5
 -1.17871528175295010865E-02   9   6   7   7
 -1.42880513267533686833E-02   9   6   8   7
  5.36893777020640804165E-03   9   6   8   8
 -3.25787485974455906512E-02   9   6   9   1
 -5.31832748586077725533E-03   9   6   9   2
  2.87094181182261758145E-02   9   6   9   6
 -1.54127634477485113418E-02   9   7   3   3
  1.07003048927770058607E-02   9   7   4   3
  1.52491673611138012917E-02   9   7   4   4
 -1.55780333727220231949E-02   9   7   5   3
  1.98751619907023592548E-02   9   7   5   4
  1.63596086634931173111E-04   9   7   5   5
  2.54936992072294088540E-02   9   7   7   1
  8.12643679503586256752E-03   9   7   7   2
 -1.17871528175293623086E-02   9   7   7   6
  3.09027369391528805576E-02   9   7   8   1
  9.85063550363188267234E-03   9   7   8   2
 -1.42880513267533704180E-02   9   7   8   6
 -1.23745355291258914143E-02   9   7   8   7
  5.90671336188470195994E-03   9   7   8   8
 -1.23189141280323957023E-02   9   7   9   1
 -3.92680859027869175876E-03   9   7   9   2
  5.69571807499647322914E-03   9   7   9   6
  4.92038351125169137745E-02   9   7   9   7
 -1.27491324808077909764E-02   9   8   3   3
  3.05856373473175416344E-02   9   8   4   3
  1.46131525468037992005E-02   9   8   4   4
  1.17151566464256812194E-02   9   8   5   3
 -6.15062712927020010384E-03   9   8   5   4
 -1.86402006599599716526E-03   9   8   5   5
  3.09027369391528666798E-02   9   8   7   1
  9.85063550363187746817E-03   9   8   7   2
 -1.42880513267533357236E-02   9   8   7   6
  2.47490710582519979344E-02   9   8   7   7
 -1.16121413453149184558E-02   9   8   8   1
 -3.70151588950121471222E-03   9   8   8   2
  5.36893777020653467646E-03   9   8   8   6
 -2.95335668094232235703E-03   9   8   8   7
  1.86283643014698747919E-02   9   8   9   1
  5.93802507279402383422E-03   9   8   9   2
 -8.61292725614994265915E-03   9   8   9   6
  3.81966733006773497688E-03   9   8   9   7
  5.43573982676325423435E-02   9   8   9   8
  9.72991881133124736358E-01   9   9   1   1
  2.14469760495913486231E-01   9   9   2   1
  5.61477261536732719094E-01   9   9   2   2
  8.30931235584921878967E-01   9   9   3   3
  1.87976575592492013700E-02   9   9   4   3
  7.73446372546562455064E-01   9   9   4   4
 -1.03651711078085739803E-02   9   9   5   3
  3.76249381337903166314E-03   9   9   5   4
  8.42035730865797638067E-01   9   9   5   5
  8.95005932772695023125E-02   9   9   6   1
  1.63520880467895285415E-01   9   9   6   2
  9.52714555691935416348E-01   9   9   6   6
 -1.23189141280319065103E-02   9   9   7   1
 -3.92680859027860415522E-03   9   9   7   2
  5.69571807499646975970E-03   9   9   7   6
  9.79626536766973310399E-01   9   9   7   7
  1.86283643014698782614E-02   9   9   8   1
  5.93802507279402383422E-03   9   9   8   2
 -8.61292725614994786332E-03   9   9   8   6
 -7.63933466013538148287E-03   9   9   8   7
  9.69319410456743191240E-01   9   9   8   8
 -2.00194827864456081912E-02   9   9   9   1
 -6.38146156079306622888E-03   9   9   9   2
  9.25611858104970555705E-03   9   9   9   6
  1.07803420699200791510E+00   9   9   9   9
  5.69820836706636246749E-02  10   1   3   3
 -1.60919084386382943430E-02  10   1   4   3
 -1.93333800584807903589E-02  10   1   4   4
 -1.07567527604455186879E-02  10   1   5   3
  1.08257718068324347224E-03  10   1   5   4
 -3.76487036121823590018E-02  10   1   5   5
 -3.06626582159599467281E-02  10   1   7   7
  6.37927629877794999391E-03  10   1   8   7
 -4.76878376291665143083E-02  10   1   8   8
 -1.53779909265649439298E-02  10   1   9   7
 -2.93820329846911330873E-02  10   1   9   8
  4.28895410270714247392E-03  10   1   9   9
  7.97964470446066442832E-02  10   1  10   1
  1.24682349831232181653E-02  10   2   3   3
 -3.52106632146794362379E-03  10   2   4   3
 -4.23033188783281197815E-03  10   2   4   4
 -2.35368228806349336774E-03  10   2   5   3
  2.36878432774384787510E-04  10   2   5   4
 -8.23790309529028215441E-03  10   2   5   5
 -9.77410739549023493966E-03  10   2   7   7
  2.03347443690668873775E-03  10   2   8   7
 -1.52010971509171453203E-02  10   2   8   8
 -4.90192773844001609962E-03  10   2   9   7
 -9.36589201978351576505E-03  10   2   9   8
  1.36715798476884408189E-03  10   2   9   9
  2.62460442599997609281E-02  10   2  10   1
  1.13762134752315186709E-02  10   2  10   2
  1.16569262979310445116E-01  10   3   3   1
  1.34664017925889144441E-03  10   3   3   2
 -3.29195035664931537345E-02  10   3   4   1
 -3.80295157152765522443E-04  10   3   4   2
 -2.20052806173768947251E-02  10   3   5   1
 -2.54211052535227859279E-04  10   3   5   2
 -7.07680156508071755983E-02  10   3   6   3
  1.99850962772568606363E-02  10   3   6   4
  1.33591823721775134620E-02  10   3   6   5
 -1.25023490729285965961E-02  10   3   7   3
  3.61701450894287707127E-02  10   3   7   4
 -1.31525536625284374809E-02  10   3   7   5
  9.89690826991900191381E-04  10   3   8   3
 -7.70661602580311345251E-03  10   3   8   4
 -4.41247155498221202419E-02  10   3   8   5
  7.06545703036054115187E-05  10   3   9   3
 -3.49845061112550833379E-04  10   3   9   4
  7.25301311423273697976E-02  10   3   9   5
  1.52386733343396529872E-01  10   3  10   3
 -3.29195035664931329178E-02  10   4   3   1
 -3.80295157152745410493E-04  10   4   3   2
 -3.95506397649742005851E-02  10   4   4   1
 -4.56899865896583036624E-04  10   4   4   2
  2.21464741092708850695E-03  10   4   5   1
  2.55842158577833970687E-05  10   4   5   2
  1.99850962772567739001E-02  10   4   6   3
  2.40107917160280771862E-02  10   4   6   4
 -1.34448995071131819148E-03  10   4   6   5
 -1.24565057203140303055E-02  10   4   7   3
 -4.70735895712570961980E-02  10   4   7   4
  2.84812747305335711365E-03  10   4   7   5
 -3.18054299106347452067E-03  10   4   8   3
  7.42065531976388546853E-03  10   4   8   4
 -3.78820098935005455942E-02  10   4   8   5
 -6.89257617378318150625E-03  10   4   9   3
 -9.94101234444143624924E-03  10   4   9   4
 -3.53649793686093213974E-02  10   4   9   5
 -2.27807104065109351787E-02  10   4  10   3
  4.21617035314363411413E-02  10   4  10   4
 -2.20052806173768912557E-02  10   5   3   1
 -2.54211052535246182296E-04  10   5   3   2
  2.21464741092709067535E-03  10   5   4   1
  2.55842158577862464875E-05  10   5   4   2
 -7.70186232143365567815E-02  10   5   5   1
 -8.89740313362355895836E-04  10   5   5   2
  1.33591823721775151967E-02  10   5   6   3
 -1.34448995071133662292E-03  10   5   6   4
  4.67572239347792129038E-02  10   5   6   5
  1.62075778702217496163E-02  10   5   7   3
 -1.14432786936697547531E-02  10   5   7   4
  5.95759386441857621830E-02  10   5   7   5
  2.23430817297168120283E-03  10   5   8   3
 -6.57749317377701869791E-02  10   5   8   4
 -8.41034614675581840282E-03  10   5   8   5
 -4.10711703530025687425E-02  10   5   9   3
 -2.27999026305342154808E-02  10   5   9   4
  9.87035777413789588985E-03  10   5   9   5
 -8.31508020823133915667E-03  10   5  10   3
  4.11019251828256132475E-03  10   5  10   4
  7.53800781477469566960E-02  10   5  10   5
 -3.49037141133050135555E-02  10   6   3   3
  9.85691177819948520511E-03  10   6   4   3
  1.18424376038133646882E-02  10   6   4   4
  6.58892407845366404745E-03  10   6   5   3
 -6.63120089439794119755E-04  10   6   5   4
  2.30612765094922005094E-02  10   6   5   5
  1.41770496013661293638E-02  10   6   7   7
 -2.94949367636752543542E-03  10   6   8   7
  2.20487354582548852888E-02  10   6   8   8
  7.11009915056182943000E-03  10   6   9   7
  1.35849454433836069195E-02  10   6   9   8
 -1.98302164880154174753E-03  10   6   9   9
 -3.25787485974456461624E-02  10   6  10   1
 -5.31832748586084924636E-03  10   6  10   2
  2.87094181182266476593E-02  10   6  10   6
 -8.67442740985362517603E-03  10   7   3   3
  8.22654375313510745349E-03  10   7   4   3
 -3.26607770487932630443E-02  10   7   4   4
  1.05982426064085981550E-03  10   7   5   3
 -2.98176026381280793662E-03  10   7   5   4
  4.13352044586466557674E-02  10   7   5   5
 -3.06626582159602520394E-02  10   7   7   1
 -9.77410739549031473694E-03  10   7   7   2
  1.41770496013659194623E-02  10   7   7   6
  6.37927629877794825919E-03  10   7   8   1
  2.03347443690668743671E-03  10   7   8   2
 -2.94949367636752196598E-03  10   7   8   6
 -1.63963215706243643256E-03  10   7   8   7
  3.91295228938428468757E-03  10   7   8   8
 -1.53779909265649560729E-02  10   7   9   1
 -4.90192773844002130379E-03  10   7   9   2
  7.11009915056183463417E-03  10   7   9   6
 -2.74138566929023113836E-03  10   7   9   7
  9.95906400753234378326E-04  10   7   9   8
  2.14102009398807503759E-02  10   7   9   9
 -2.29988829066075338436E-02  10   7  10   1
 -7.33118276707269561632E-03  10   7  10   2
  1.06336607037307261103E-02  10   7  10   6
  5.76929835225142018107E-02  10   7  10   7
  6.86671055724101466085E-04  10   8   3   3
 -3.77688504937973490092E-03  10   8   4   3
  5.14862731230370570396E-03  10   8   4   4
 -1.45322809273698699828E-02  10   8   5   3
 -3.59598268478539678794E-02  10   8   5   4
 -5.83529836802782961303E-03  10   8   5   5
  6.37927629877794652447E-03  10   8   7   1
  2.03347443690668613567E-03  10   8   7   2
 -2.94949367636752066493E-03  10   8   7   6
  3.27926431412492490683E-03  10   8   7   7
 -4.76878376291667988029E-02  10   8   8   1
 -1.52010971509172476690E-02  10   8   8   2
  2.20487354582546007942E-02  10   8   8   6
 -1.95647614469236091894E-03  10   8   8   7
 -2.93820329846911226790E-02  10   8   9   1
 -9.36589201978352096922E-03  10   8   9   2
  1.35849454433835861028E-02  10   8   9   6
 -8.15213824231261069420E-03  10   8   9   7
 -4.26507766608653308277E-04  10   8   9   8
 -3.88551792121687470868E-03  10   8   9   9
  6.92237675031172252499E-03  10   8  10   1
  2.20659452657547862364E-03  10   8  10   2
 -3.20059917366947868991E-03  10   8  10   6
 -2.41819839492647377724E-03  10   8  10   7
  5.84518324422472063118E-02  10   8  10   8
  4.90218228350377331864E-05  10   9   3   3
 -2.51248213064683961065E-03  10   9   4   3
 -6.89731101405841387497E-03  10   9   4   4
  1.09134879439301748366E-02  10   9   5   3
 -2.01780898837948807767E-02  10   9   5   4
  6.84828919122382976520E-03  10   9   5   5
 -1.53779909265649526035E-02  10   9   7   1
 -4.90192773844003518158E-03  10   9   7   2
  7.11009915056183897097E-03  10   9   7   6
  5.48277133858040936765E-03  10   9   7   7
 -2.93820329846911296179E-02  10   9   8   1
 -9.36589201978352270395E-03  10   9   8   2
  1.35849454433835947764E-02  10   9   8   6
  7.15623184155926399252E-03  10   9   8   7
  8.53015533217435419772E-04  10   9   8   8
  4.28895410270686318344E-03  10   9   9   1
  1.36715798476879138966E-03  10   9   9   2
 -1.98302164880176726158E-03  10   9   9   6
 -1.07051004699405209047E-02  10   9   9   7
  1.94275896060842542812E-03  10   9   9   8
 -4.28678288987228029577E-03  10   9  10   1
 -1.36646588340967297184E-03  10   9  10   2
  1.98201777654007571181E-03  10   9  10   6
  5.02090348532436333423E-03  10   9  10   7
  8.86854587659123907994E-03  10   9  10   8
  4.24970542484558178042E-02  10   9  10   9
  9.72991881133126401693E-01  10  10   1   1
  2.14469760495913791543E-01  10  10   2   1
  5.61477261536733163183E-01  10  10   2   2
  8.58773046391750449757E-01  10  10   3   3
 -1.58057991832958079359E-02  10  10   4   3
  7.82296296760506160162E-01  10  10   4   4
 -5.76920059203821396221E-03  10  10   5   3
  2.85174941384138281447E-03  10  10   5   4
  8.05343995845029470004E-01  10  10   5   5
  8.95005932772698215016E-02  10  10   6   1
  1.63520880467896256860E-01  10  10   6   2
  9.52714555691936637594E-01  10  10   6   6
 -2.29988829066070064877E-02  10  10   7   1
 -7.33118276707265831976E-03  10  10   7   2
  1.06336607037307399881E-02  10  10   7   6
  9.62648239946980344151E-01  10  10   7   7
  6.92237675031172339235E-03  10  10   8   1
  2.20659452657547255211E-03  10  10   8   2
 -3.20059917366947825623E-03  10  10   8   6
  4.83639678985297097324E-03  10  10   8   7
  9.61130542107515473127E-01  10  10   8   8
 -4.28678288987238090973E-03  10  10   9   1
 -1.36646588340962201434E-03  10  10   9   2
  1.98201777653996295478E-03  10  10   9   6
 -1.00418069706486815656E-02  10  10   9   7
 -1.77370917531824608127E-02  10  10   9   8
  9.93040098495098000342E-01  10  10   9   9
  5.54346930623698594398E-02  10  10  10   1
  1.76705046122068963610E-02  10  10  10   2
 -2.56305369106139060986E-02  10  10  10   6
  1.07803420699201124577E+00  10  10  10  10
  2.22128447021161593011E-02  11   1   3   3
  3.74984393087654660492E-02  11   1   4   3
 -4.35096857344363305287E-02  11   1   4   4
  3.82819219723672761121E-03  11   1   5   3
 -7.35479761795458306106E-03  11   1   5   4
  2.12968410323209067503E-02  11   1   5   5
  2.26644224216068952693E-02  11   1   7   7
 -7.39043048664418580213E-03  11   1   8   7
 -3.40111267885466611594E-02  11   1   8   8
 -8.20969048174647990368E-03  11   1   9   7
  2.03434826586879231869E-02  11   1   9   8
  5.38723772006523826672E-02  11   1   9   9
  3.72909251952029396904E-02  11   1  10   7
 -2.66630439907128988578E-03  11   1  10   8
  8.57856190090209441701E-03  11   1  10   9
  1.23259818324652700716E-02  11   1  10  10
  7.97964470446066165277E-02  11   1  11   1
  4.86038680140780075811E-03  11   2   3   3
  8.20502380194242965372E-03  11   2   4   3
 -9.52034307685540280575E-03  11   2   4   4
  8.37645744082886377704E-04  11   2   5   3
 -1.60930136363516868188E-03  11   2   5   4
  4.65995627544770873313E-03  11   2   5   5
  7.22456928702421355415E-03  11   2   7   7
 -2.35579253326990761472E-03  11   2   8   7
 -1.08414738060727596641E-02  11   2   8   8
 -2.61694194571026206991E-03  11   2   9   7
  6.48474058915132420267E-03  11   2   9   8
  1.71724968103210383352E-02  11   2   9   9
  1.18869507388434120926E-02  11   2  10   7
 -8.49918013045145113310E-04  11   2  10   8
  2.73452434318417021350E-03  11   2  10   9
  3.92906150982922242748E-03  11   2  10  10
  2.62460442599997227642E-02  11   2  11   1
  1.13762134752312601971E-02  11   2  11   2
  4.54412118476570439651E-02  11   3   3   1
  5.24949374340040984810E-04  11   3   3   2
  7.67112248537805130333E-02  11   3   4   1
  8.86189162975154973156E-04  11   3   4   2
  7.83140092865328325822E-03  11   3   5   1
  9.04704969463755628422E-05  11   3   5   2
 -2.75868982014357555510E-02  11   3   6   3
 -4.65706055120931813884E-02  11   3   6   4
 -4.75436396629741898218E-03  11   3   6   5
  4.58840607575547593244E-02  11   3   7   3
  5.74488358976741608775E-02  11   3   7   4
 -1.69916032752275639184E-02  11   3   7   5
  1.75585207024076591503E-03  11   3   8   3
 -3.74420152135174124503E-03  11   3   8   4
  5.16198578619876391471E-02  11   3   8   5
  2.38666779020751257390E-02  11   3   9   3
  1.52454939979664149535E-02  11   3   9   4
  5.16319024883512972535E-02  11   3   9   5
  2.29153431718862286848E-02  11   3  10   3
 -1.38750594758772077819E-02  11   3  10   4
 -9.71691834811399222926E-03  11   3  10   5
  8.93954138807044190740E-02  11   3  11   3
  7.67112248537804991555E-02  11   4   3   1
  8.86189162975160611008E-04  11   4   3   2
 -8.90085386810080952946E-02  11   4   4   1
 -1.02825111372831603553E-03  11   4   4   2
 -1.50458404196325903901E-02  11   4   5   1
 -1.73813685717389728022E-04  11   4   5   2
 -4.65706055120932715941E-02  11   4   6   3
  5.40361798422885272752E-02  11   4   6   4
  9.13417690978355310827E-03  11   4   6   5
 -2.70240512646053483714E-02  11   4   7   3
 -1.30042534392293858414E-02  11   4   7   4
 -1.40070754939778125553E-02  11   4   7   5
 -2.83042406196820119091E-03  11   4   8   3
  5.49116663502076905734E-03  11   4   8   4
 -7.49415949793718061400E-02  11   4   8   5
 -2.66293922523293301666E-03  11   4   9   3
 -1.10909532535899673505E-02  11   4   9   4
  4.50393014031008759313E-02  11   4   9   5
  8.16740914683904695170E-02  11   4  10   3
  8.47816763673230229525E-03  11   4  10   4
 -4.60541804086806848967E-03  11   4  10   5
 -3.05012360896539554134E-02  11   4  11   3
  1.42488539122570756490E-01  11   4  11   4
  7.83140092865328499294E-03  11   5   3   1
  9.04704969463774330909E-05  11   5   3   2
 -1.50458404196325921248E-02  11   5   4   1
 -1.73813685717395176138E-04  11   5   4   2
  4.35673268333512664352E-02  11   5   5   1
  5.03301739388277544381E-04  11   5   5   2
 -4.75436396629741984954E-03  11   5   6   3
  9.13417690978356351661E-03  11   5   6   4
 -2.64492816408529417271E-02  11   5   6   5
 -2.11682770895114460985E-02  11   5   7   3
 -5.75345983303790584756E-03  11   5   7   4
 -3.28798073183255365470E-02  11   5   7   5
  3.93093352720984105797E-03  11   5   8   3
  1.83887553064501184374E-02  11   5   8   4
 -7.24701870526152543139E-03  11   5   8   5
  4.11446334766384785864E-02  11   5   9   3
  1.59383827951029739822E-02  11   5   9   4
 -1.27757246484851167551E-02  11   5   9   5
  1.04478145494139970824E-03  11   5  10   3
  2.02588390866125607134E-03  11   5  10   4
 -3.13935108086185465925E-02  11   5  10   5
 -4.02979638328141050174E-03  11   5  11   3
  1.13232087803315107505E-02  11   5  11   4
  3.80445620193043745894E-02  11   5  11   5
 -1.36062202570008707048E-02  11   6   3   3
 -2.29692338541510679417E-02  11   6   4   3
  2.66513530956815729300E-02  11   6   4   4
 -2.34491470679454479253E-03  11   6   5   3
  4.50509593334629150629E-03  11   6   5   4
 -1.30451328386807507975E-02  11   6   5   5
 -1.04790210488072202399E-02  11   6   7   7
  3.41700640716354440973E-03  11   6   8   7
  1.57252325641030199499E-02  11   6   8   8
  3.79579579669318736140E-03  11   6   9   7
 -9.40592171381367421479E-03  11   6   9   8
 -2.49081915317962247769E-02  11   6   9   9
 -1.72416654958518801577E-02  11   6  10   7
  1.23278058450583278410E-03  11   6  10   8
 -3.96634553732766893114E-03  11   6  10   9
 -5.69898586722773076163E-03  11   6  10  10
 -3.25787485974456253457E-02  11   6  11   1
 -5.31832748586061852814E-03  11   6  11   2
  2.87094181182263596952E-02  11   6  11   6
  3.18354536406717861241E-02  11   7   3   3
  1.05547199258515071729E-02  11   7   4   3
 -9.02266060721268296774E-03  11   7   4   4
 -1.32381167035789809594E-02  11   7   5   3
 -6.85516490837716034601E-03  11   7   5   4
 -2.28127930334596669415E-02  11   7   5   5
  2.26644224216066801636E-02  11   7   7   1
  7.22456928702410426657E-03  11   7   7   2
 -1.04790210488072479955E-02  11   7   7   6
 -7.39043048664418233268E-03  11   7   8   1
 -2.35579253326991325257E-03  11   7   8   2
  3.41700640716353747084E-03  11   7   8   6
 -4.90774640748360690967E-03  11   7   8   7
 -2.11838974794010120872E-02  11   7   8   8
 -8.20969048174646602589E-03  11   7   9   1
 -2.61694194571031281057E-03  11   7   9   2
  3.79579579669319386662E-03  11   7   9   6
 -2.19060439277748075435E-03  11   7   9   7
 -6.20573896038035133921E-04  11   7   9   8
  7.28380540935501859939E-03  11   7   9   9
  3.72909251952029466293E-02  11   7  10   1
  1.18869507388433288259E-02  11   7  10   2
 -1.72416654958517899521E-02  11   7  10   6
 -6.07365602468306481354E-03  11   7  10   7
  7.46144313605486692031E-03  11   7  10   8
 -1.29852183667630524146E-03  11   7  10   9
  1.39000920700456994522E-02  11   7  10  10
  1.88619813665872188002E-02  11   7  11   1
  6.01249344627264800667E-03  11   7  11   2
 -8.72094139819082694864E-03  11   7  11   6
  5.17396799198018911281E-02  11   7  11   7
  1.21825196504265803772E-03  11   8   3   3
 -2.28081587055365504410E-03  11   8   4   3
  3.80990213063532676824E-03  11   8   4   4
  1.92712307365064464126E-02  11   8   5   3
 -1.96188532131958727478E-02  11   8   5   4
 -5.02815409567797678286E-03  11   8   5   5
 -7.39043048664418493476E-03  11   8   7   1
 -2.35579253326991411993E-03  11   8   7   2
  3.41700640716354701182E-03  11   8   7   6
  9.81549281496712187900E-03  11   8   7   7
 -3.40111267885468693262E-02  11   8   8   1
 -1.08414738060728099711E-02  11   8   8   2
  1.57252325641029158665E-02  11   8   8   6
  1.05919487397003620616E-02  11   8   8   7
  2.03434826586879231869E-02  11   8   9   1
  6.48474058915132507003E-03  11   8   9   2
 -9.40592171381367768423E-03  11   8   9   6
 -1.14449633301914842354E-02  11   8   9   7
  4.96175875500433696819E-03  11   8   9   8
 -7.47088168538363999599E-03  11   8   9   9
 -2.66630439907128988578E-03  11   8  10   1
 -8.49918013045139583879E-04  11   8  10   2
  1.23278058450583278410E-03  11   8  10   6
 -1.83143423513028964431E-03  11   8  10   7
  7.55456316462678380969E-03  11   8  10   8
  9.57338057073007023257E-03  11   8  10   9
 -2.34461112958350356705E-03  11   8  10  10
  2.58959392907740426279E-04  11   8  11   1
  8.25465587335739260167E-05  11   8  11   2
 -1.19731307446845064565E-04  11   8  11   6
 -1.40146893514123626300E-03  11   8  11   7
  4.58272678449534523470E-02  11   8  11   8
  1.65592692835772603566E-02  11   9   3   3
  4.36503801685227295348E-03  11   9   4   3
 -7.69516739159538214199E-03  11   9   4   4
  3.21852846161753899934E-02  11   9   5   3
  2.11538844465485771640E-02  11   9   5   4
 -8.86410189198139249200E-03  11   9   5   5
 -8.20969048174646429117E-03  11   9   7   1
 -2.61694194571030500432E-03  11   9   7   2
  3.79579579669319386662E-03  11   9   7   6
  4.38120878555518528802E-03  11   9   7   7
  2.03434826586879162480E-02  11   9   8   1
  6.48474058915132767211E-03  11   9   8   2
 -9.40592171381365166338E-03  11   9   8   6
  1.20655372262296403663E-02  11   9   8   7
 -9.92351751000842934036E-03  11   9   8   8
  5.38723772006521189892E-02  11   9   9   1
  1.71724968103210105796E-02  11   9   9   2
 -2.49081915317962282463E-02  11   9   9   6
 -3.64190270467746506425E-03  11   9   9   7
  3.73544084269183951363E-03  11   9   9   8
  8.57856190090209441701E-03  11   9  10   1
  2.73452434318412511069E-03  11   9  10   2
 -3.96634553732762989986E-03  11   9  10   6
 -2.01497639235369632726E-03  11   9  10   7
 -2.02986922042303584435E-02  11   9  10   8
 -1.48090713994362098427E-03  11   9  10   9
  5.54230872445388503267E-03  11   9  10  10
  1.04247078144033659963E-02  11   9  11   1
  3.32300653866824443478E-03  11   9  11   2
 -4.81992131026708243990E-03  11   9  11   6
 -2.06754680438207610535E-03  11   9  11   7
  3.50598965253476942822E-03  11   9  11   8
  6.10749224484619171460E-02  11   9  11   9
  1.58992106008965135289E-02  11  10   3   3
  2.35202911887513604894E-02  11  10   4   3
  5.88235453228959804389E-03  11  10   4   4
 -3.00846750995878778334E-03  11  10   5   3
 -8.94871093845808285652E-04  11  10   5   4
 -2.17815651331849241545E-02  11  10   5   5
  3.72909251952029119348E-02  11  10   7   1
  1.18869507388433964801E-02  11  10   7   2
 -1.72416654958518107688E-02  11  10   7   6
  1.21473120493667437192E-02  11  10   7   7
 -2.66630439907128858473E-03  11  10   8   1
 -8.49918013045138608097E-04  11  10   8   2
  1.23278058450583018202E-03  11  10   8   6
 -5.63000890092457510760E-03  11  10   8   7
 -1.51091263292532258788E-02  11  10   8   8
  8.57856190090208574339E-03  11  10   9   1
  2.73452434318416023884E-03  11  10   9   2
 -3.96634553732764811446E-03  11  10   9   6
  3.31349822903000829077E-03  11  10   9   7
  1.07253116335002361692E-02  11  10   9   8
  2.96181427988768085358E-03  11  10   9   9
  1.23259818324650358840E-02  11  10  10   1
  3.92906150982915390590E-03  11  10  10   2
 -5.69898586722778193597E-03  11  10  10   6
 -6.95004603502289916572E-03  11  10  10   7
  1.17230556479175807190E-03  11  10  10   8
 -2.77115436222683062667E-03  11  10  10   9
  1.86268486800508434320E-02  11  10  11   1
  5.93754194943212337127E-03  11  10  11   2
 -8.61222650020499434775E-03  11  10  11   6
  1.26615766146328315167E-02  11  10  11   7
 -3.03126803545977231962E-04  11  10  11   8
  3.16789343589884975216E-03  11  10  11   9
  4.84913398638501802473E-02  11  10  11  10
  9.72991881133125624537E-01  11  11   1   1
  2.14469760495913486231E-01  11  11   2   1
  5.61477261536732719094E-01  11  11   2   2
  8.15068169416816479256E-01  11  11   3   3
 -2.11624836922372459858E-02  11  11   4   3
  8.51905443611157831008E-01  11  11   4   4
 -2.79596866151748902826E-03  11  11   5   3
  7.85631180497772634019E-03  11  11   5   4
  7.79439725969309549214E-01  11  11   5   5
  8.95005932772696688460E-02  11  11   6   1
  1.63520880467895840527E-01  11  11   6   2
  9.52714555691936082482E-01  11  11   6   6
  1.88619813665877114617E-02  11  11   7   1
  6.01249344627281107067E-03  11  11   7   2
 -8.72094139819089460286E-03  11  11   7   6
  9.74554847152404257749E-01  11  11   7   7
  2.58959392907740426279E-04  11  11   8   1
  8.25465587335717982699E-05  11  11   8   2
 -1.19731307446844603779E-04  11  11   8   6
  2.80293787028245214299E-03  11  11   8   7
  9.86379671302101912467E-01  11  11   8   8
  1.04247078144032567087E-02  11  11   9   1
  3.32300653866834548242E-03  11  11   9   2
 -4.81992131026723856502E-03  11  11   9   6
  4.13509360876421552811E-03  11  11   9   7
 -7.01197930506947553903E-03  11  11   9   8
  9.55884362095084982869E-01  11  11   9   9
  1.86268486800511279267E-02  11  11  10   1
  5.93754194943230378251E-03  11  11  10   2
 -8.61222650020484689626E-03  11  11  10   6
 -2.53231532292658503835E-02  11  11  10   7
  6.06253607091946332408E-04  11  11  10   8
 -6.33578687179751388892E-03  11  11  10   9
  9.81051527264310219145E-01  11  11  10  10
 -5.48516546661764886617E-02  11  11  11   1
 -1.74846538011012159197E-02  11  11  11   2
  2.53609658837279233756E-02  11  11  11   6
  1.07803420699200924737E+00  11  11  11  11
 -3.76284454947844737571E-02  12   1   3   1
 -1.42036979179406830376E-02  12   1   3   2
  7.03373058052334243495E-02  12   1   4   1
  2.65503884330758922749E-02  12   1   4   2
  1.21573564293455393948E-02  12   1   5   1
  4.58906595615523726223E-03  12   1   5   2
  6.09916389796330126599E-03  12   1   6   3
 -1.14009162644452769625E-02  12   1   6   4
 -1.97057594204399014193E-03  12   1   6   5
  3.47123506028687231484E-02  12   1   7   3
  2.15223419913017320615E-02  12   1   7   4
  5.05407625563033483657E-03  12   1   7   5
  1.48490152858934141081E-03  12   1   8   3
 -2.58246583519935232059E-03  12   1   8   4
  6.56385106487073904935E-02  12   1   8   5
  9.36146331186260907686E-03  12   1   9   3
  9.83978960580402482738E-03  12   1   9   4
 -1.89932838064623236984E-02  12   1   9   5
 -5.37941360337597929142E-02  12   1  10   3
 -1.17035076916084928439E-02  12   1  10   4
  3.66283592343238332146E-04  12   1  10   5
  2.91843550563912063067E-02  12   1  11   3
 -7.20160630418472808012E-02  12   1  11   4
 -6.35484465681027815842E-03  12   1  11   5
  1.54300545827303986490E-01  12   1  12   1
 -3.67961864823183812390E-02  12   2   3   1
 -2.49132966034067539554E-03  12   2   3   2
  6.87815982574129236582E-02  12   2   4   1
  4.65694008553499232128E-03  12   2   4   2
  1.18884622636939892015E-02  12   2   5   1
  8.04922506510663505683E-04  12   2   5   2
  1.42976267942881343082E-02  12   2   6   3
 -2.67259658190857583848E-02  12   2   6   4
 -4.61941339181855346180E-03  12   2   6   5
  3.22251674502520985000E-02  12   2   7   3
  1.99802393829812269255E-02  12   2   7   4
  4.69194539739900638026E-03  12   2   7   5
  1.37850648471994413277E-03  12   2   8   3
 -2.39742894181809058918E-03  12   2   8   4
  6.09354296123335859026E-02  12   2   8   5
  8.69070280648851639649E-03  12   2   9   3
  9.13475642574546921326E-03  12   2   9   4
 -1.76323913668591375492E-02  12   2   9   5
 -4.99397191899267831050E-02  12   2  10   3
 -1.08649367895652972094E-02  12   2  10   4
  3.40038916770012144847E-04  12   2  10   5
  2.70932596694300129037E-02  12   2  11   3
 -6.68560224336881003815E-02  12   2  11   4
 -5.89951212261398058589E-03  12   2  11   5
  9.05868777360862992287E-02  12   2  12   1
  6.87046235211094397100E-02  12   2  12   2
 -7.88052119782143012383E-02  12   3   1   1
 -3.93215256019304182367E-02  12   3   2   1
 -2.25459455644984943512E-02  12   3   2   2
 -3.33227065409817113650E-02  12   3   3   3
 -1.36600741633650349556E-03  12   3   4   3
 -3.47842562839707769573E-02  12   3   4   4
 -2.36105703160132080008E-04  12   3   5   3
 -3.47842562839708255296E-02  12   3   5   5
 -3.74034151763918132350E-02  12   3   6   1
 -2.75781158335063857068E-02  12   3   6   2
 -8.43122914680333596094E-02  12   3   6   6
  7.35040043007976953010E-03  12   3   7   1
  5.04973983592371753609E-03  12   3   7   2
  1.96780275214674662751E-03  12   3   7   6
 -5.99121008474982549852E-02  12   3   7   7
  3.14430473442711016542E-04  12   3   8   1
  2.16014365812554343105E-04  12   3   8   2
  8.41773393007695051177E-05  12   3   8   6
 -2.86825832638907315258E-03  12   3   8   7
 -6.64869219737967143136E-02  12   3   8   8
  1.98230608871543655808E-03  12   3   9   1
  1.36184825825492344421E-03  12   3   9   2
  5.30690458850185281005E-04  12   3   9   6
  3.38443290696009962265E-03  12   3   9   7
  8.21081329576788497560E-03  12   3   9   8
 -6.68636062628154836940E-02  12   3   9   9
 -1.13910015821758383442E-02  12   3  10   1
 -7.82564093041649734561E-03  12   3  10   2
 -3.04952695793068691635E-03  12   3  10   6
  2.71749892149010909351E-03  12   3  10   7
 -1.38600666875465295715E-03  12   3  10   8
 -1.35846927791089547516E-04  12   3  10   9
 -7.70052980960065774907E-02  12   3  10  10
  6.17983778777489705519E-03  12   3  11   1
  4.24556095321935653142E-03  12   3  11   2
  1.65442711894156989881E-03  12   3  11   6
 -1.82504745815316882923E-03  12   3  11   7
  8.29524132531038032321E-05  12   3  11   8
  2.22668411102579715888E-04  12   3  11   9
  3.01826525635326588237E-03  12   3  11  10
 -7.31450638724750606956E-02  12   3  11  11
  2.86187330157975754197E-02  12   3  12   3
  1.47307342120369888505E-01  12   4   1   1
  7.35021108266258604846E-02  12   4   2   1
  4.21442089086058735425E-02  12   4   2   2
  6.50207798723011348718E-02  12   4   3   3
  7.30774871494489102787E-04  12   4   4   3
  6.22887650396282271936E-02  12   4   4   4
 -2.36105703160117687224E-04  12   4   5   4
  6.50207798723013985498E-02  12   4   5   5
  6.99166658847661381948E-02  12   4   6   1
  5.15506378593913947017E-02  12   4   6   2
  1.57601499348385021282E-01  12   4   6   6
  4.55739323559713541134E-03  12   4   7   1
  3.13093829223044317969E-03  12   4   7   2
  1.22007651650152238419E-03  12   4   7   6
  1.27762403670170943126E-01  12   4   7   7
 -5.46841618502983371763E-04  12   4   8   1
 -3.75681288545192402020E-04  12   4   8   2
 -1.46396982329686587213E-04  12   4   8   6
  5.96622080116939335764E-04  12   4   8   7
  1.34535896311543057280E-01  12   4   8   8
  2.08359251085744965476E-03  12   4   9   1
  1.43143223338584152891E-03  12   4   9   2
  5.57806219704537215726E-04  12   4   9   6
  2.69871798288989165476E-03  12   4   9   7
 -5.85630521942078819710E-04  12   4   9   8
  1.17676017839825480804E-01  12   4   9   9
 -2.47823804714420239947E-03  12   4  10   1
 -1.70255450823515622032E-03  12   4  10   2
 -6.63458228709408090983E-04  12   4  10   6
 -7.82478568781011171729E-03  12   4  10   7
  1.98596764217785456182E-04  12   4  10   8
 -1.88260269591637849004E-03  12   4  10   9
  1.23340856853197608500E-01  12   4  10  10
 -1.52495262222806429037E-02  12   4  11   1
 -1.04764550960359022896E-02  12   4  11   2
 -4.08250679056036593767E-03  12   4  11   6
 -3.30132249897674857203E-03  12   4  11   7
  3.41309905249785161107E-04  12   4  11   8
 -1.32728013684840643119E-03  12   4  11   9
 -1.42743540477724395986E-03  12   4  11  10
  1.38612607659616526856E-01  12   4  11  11
 -3.00205609168919390628E-02  12   4  12   3
  6.86747921536373651108E-02  12   4  12   4
  2.54611381871215833317E-02  12   5   1   1
  1.27043728701087214189E-02  12   5   2   1
  7.28435875200378248756E-03  12   5   2   2
  1.12384286997066224628E-02  12   5   3   3
  1.12384286997066328712E-02  12   5   4   4
  7.30774871494515123639E-04  12   5   5   3
 -1.36600741633650544712E-03  12   5   5   4
  1.07662172933864312696E-02  12   5   5   5
  1.20846514915748000363E-02  12   5   6   1
  8.91020023360212555519E-03  12   5   6   2
  2.72404178613708768120E-02  12   5   6   6
  1.07020941070961293773E-03  12   5   7   1
  7.35236011350482625629E-04  12   5   7   2
  2.86509700226600448440E-04  12   5   7   6
  1.69570835795915357547E-02  12   5   7   7
  1.38990684445951528936E-02  12   5   8   1
  9.54868789456420931361E-03  12   5   8   2
  3.72097076856171132819E-03  12   5   8   6
 -4.13687981435794521756E-03  12   5   8   7
  2.30073340651669386303E-02  12   5   8   8
 -4.02186077966471162981E-03  12   5   9   1
 -2.76302642105059372002E-03  12   5   9   2
 -1.07670715170675467855E-03  12   5   9   6
  5.87991710766582603709E-03  12   5   9   7
 -2.65290234989368992752E-03  12   5   9   8
  2.50848727423412590221E-02  12   5   9   9
  7.75611858007997791815E-05  12   5  10   1
  5.32846901859848411944E-05  12   5  10   2
  2.07641905131951173932E-05  12   5  10   6
  7.48761420192534219060E-04  12   5  10   7
 -6.07915961849335006323E-03  12   5  10   8
 -5.17100337638292089498E-03  12   5  10   9
  2.30626436122795090700E-02  12   5  10  10
 -1.34564937514338291494E-03  12   5  11   1
 -9.24463819282511558434E-04  12   5  11   2
 -3.60248746856773661464E-04  12   5  11   6
 -7.73833915478001161878E-04  12   5  11   7
 -6.41304574684964205644E-03  12   5  11   8
  5.00502862261185412461E-04  12   5  11   9
 -6.35158121658484643539E-04  12   5  11  10
  2.28412047709343861424E-02  12   5  11  11
 -5.18886322268516560208E-03  12   5  12   3
  9.69932864556212817608E-03  12   5  12   4
  1.42350594711195908154E-02  12   5  12   5
 -2.90625444246879714727E-02  12   6   3   1
 -3.89973518321325802669E-03  12   6   3   2
  5.43254191821662887896E-02  12   6   4   1
  7.28961461294272590472E-03  12   6   4   2
  9.38980355602504583590E-03  12   6   5   1
  1.25996357221172289483E-03  12   6   5   2
  7.51951509652750305773E-03  12   6   6   3
 -1.40559203521929305947E-02  12   6   6   4
 -2.42947653038179996882E-03  12   6   6   5
  2.41369234625028218633E-02  12   6   7   3
  1.49653685894418509578E-02  12   6   7   4
  3.51430685727518489492E-03  12   6   7   5
  1.03251303707310227754E-03  12   6   8   3
 -1.79569459071963425517E-03  12   6   8   4
  4.56411530825457170679E-02  12   6   8   5
  6.50941003795873444210E-03  12   6   9   3
  6.84200996122678005429E-03  12   6   9   4
 -1.32068105321651221157E-02  12   6   9   5
 -3.74052728100476641893E-02  12   6  10   3
 -8.13792971346116895959E-03  12   6  10   4
  2.54692029793804894985E-04  12   6  10   5
  2.02930810522640794891E-02  12   6  11   3
 -5.00757272706330788803E-02  12   6  11   4
 -4.41878456611487658440E-03  12   6  11   5
  9.78574241699525226856E-02  12   6  12   1
  6.80507096688441753818E-02  12   6  12   2
  8.86739119900028793797E-02  12   6  12   6
  2.97944626578967551589E-02  12   7   3   1
  8.76417336849021240408E-03  12   7   3   2
  1.84731544719223643447E-02  12   7   4   1
  5.43396034067817213647E-03  12   7   4   2
  4.33803772009884458516E-03  12   7   5   1
  1.27605304027591614884E-03  12   7   5   2
 -8.55030811289457862157E-03  12   7   6   3
 -5.30135966423172545758E-03  12   7   6   4
 -1.24491451777779889472E-03  12   7   6   5
  6.47909334404112285249E-03  12   7   7   3
  3.79943511565455499523E-02  12   7   7   4
 -9.71783703822816542772E-03  12   7   7   5
 -2.90334570908135167905E-03  12   7   8   3
  2.12860485929590144763E-03  12   7   8   4
  4.72645153280652242922E-03  12   7   8   5
  1.12308352884115079939E-02  12   7   9   3
  7.65426467213543414853E-03  12   7   9   4
  2.54819790690445392711E-02  12   7   9   5
  1.94625215683755133089E-02  12   7  10   3
 -1.77771502607537539020E-02  12   7  10   4
 -5.08006438334254913081E-03  12   7  10   5
  1.53850020778564539753E-02  12   7  11   3
  3.93290110822655384400E-04  12   7  11   4
  1.49297584248977326712E-04  12   7  11   5
  4.38474177889610836067E-03  12   7  12   1
  2.69778819537842134979E-03  12   7  12   2
  2.41590093920505434577E-03  12   7  12   6
  3.68021924422560695045E-02  12   7  12   7
  1.27452743406413675567E-03  12   8   3   1
  3.74907898937215688148E-04  12   8   3   2
 -2.21659382196325548120E-03  12   8   4   1
 -6.52020906242499454462E-04  12   8   4   2
  5.63391450154703474218E-02  12   8   5   1
  1.65724094445860586911E-02  12   8   5   2
 -3.65759315236279143602E-04  12   8   6   3
  6.36110150954562387528E-04  12   8   6   4
 -1.61680059221221694710E-02  12   8   6   5
 -1.53217218275367873109E-02  12   8   7   3
  1.66236389826986672748E-03  12   8   7   4
 -3.10124081755132688376E-02  12   8   7   5
 -1.44092900288094391548E-02  12   8   8   3
  5.95139192707602321386E-02  12   8   8   4
  9.50397131469745207188E-03  12   8   8   5
  4.20817839260374804145E-02  12   8   9   3
  8.11321784706994265923E-03  12   8   9   4
 -1.66235029439389288275E-02  12   8   9   5
 -7.52111912613382532777E-03  12   8  10   3
  1.22764327916523091275E-03  12   8  10   4
 -3.24156507681051184178E-02  12   8  10   5
  2.08584593935540315787E-03  12   8  11   3
 -3.04822273233055053912E-03  12   8  11   4
  9.17514246733678283385E-03  12   8  11   5
  9.13253154143354138605E-03  12   8  12   1
  5.61894794010039857340E-03  12   8  12   2
  5.03183371811324886558E-03  12   8  12   6
  4.57253917779760956502E-03  12   8  12   7
  7.34095748340404946619E-02  12   8  12   8
  8.03517377026926118977E-03  12   9   3   1
  2.36358201109965323714E-03  12   9   3   2
  8.44573297054274606255E-03  12   9   4   1
  2.48434982123070047591E-03  12   9   4   2
 -1.63024017473397363209E-02  12   9   5   1
 -4.79542379659582667512E-03  12   9   5   2
 -2.30590537125333451887E-03  12   9   6   3
 -2.42372617914065040939E-03  12   9   6   4
  4.67840482711314505776E-03  12   9   6   5
  1.02740332706743511121E-02  12   9   7   3
  9.49353441134981150540E-03  12   9   7   4
  1.18793302004155647972E-02  12   9   7   5
  1.00901649772961801710E-02  12   9   8   3
 -1.18343456533425636645E-02  12   9   8   4
 -2.33181145507683649717E-04  12   9   8   5
 -1.56060261359079049948E-02  12   9   9   3
  5.94963236898486333426E-03  12   9   9   4
  1.61043675121184046151E-02  12   9   9   5
  6.07742766333084754454E-03  12   9  10   3
 -5.65078477921282604918E-03  12   9  10   4
  1.80681093440937198293E-03  12   9  10   5
  5.61096637526074804025E-03  12   9  11   3
 -5.84005533550681246550E-04  12   9  11   4
 -4.25068242248993928556E-03  12   9  11   5
  1.77508704672096895294E-03  12   9  12   1
  1.09215299825903434244E-03  12   9  12   2
  9.78035806802622469103E-04  12   9  12   6
  6.14973001466652575975E-03  12   9  12   7
 -1.75559113299312043177E-02  12   9  12   8
  2.07769740467203187229E-02  12   9  12   9
 -4.61728275220640721477E-02  12  10   3   1
 -1.35819420528972903406E-02  12  10   3   2
 -1.00454079550353937711E-02  12  10   4   1
 -2.95490131458393855482E-03  12  10   4   2
  3.14390199013756107757E-04  12  10   5   1
  9.24792717743530426691E-05  12  10   5   2
  1.32505125630299758210E-02  12  10   6   3
  2.88279517309939902620E-03  12  10   6   4
 -9.02225725668307577997E-05  12  10   6   5
 -2.19538739179898304693E-03  12  10   7   3
 -3.19419584777653753349E-02  12  10   7   4
  9.83773468321513279433E-03  12  10   7   5
 -1.28564172656010170664E-03  12  10   8   3
  3.42512326096444988908E-05  12  10   8   4
 -6.21165612178839303403E-03  12  10   8   5
 -6.94060634248134123575E-03  12  10   9   3
 -6.31137391549936241364E-03  12  10   9   4
 -3.46636442606121919496E-02  12  10   9   5
 -4.78264535804900151050E-02  12  10  10   3
  2.39469781193493193305E-02  12  10  10   4
  9.67969123195037105256E-03  12  10  10   5
 -1.46311725730600503820E-02  12  10  11   3
 -1.75297244124668939735E-02  12  10  11   4
 -1.80057403067402158059E-03  12  10  11   5
  1.96420078243014946395E-02  12  10  12   1
  1.20850849409133778711E-02  12  10  12   2
  1.08223351666902178198E-02  12  10  12   6
 -2.95438697186479436174E-02  12  10  12   7
 -3.57379829921640641832E-04  12  10  12   8
 -8.73063130181053748124E-03  12  10  12   9
  5.54605759693782146558E-02  12  10  12  10
  2.50496483764653943282E-02  12  11   3   1
  7.36846519810872152556E-03  12  11   3   2
 -6.18131547937214934074E-02  12  11   4   1
 -1.81826137052991596010E-02  12  11   4   2
 -5.45451917071905056228E-03  12  11   5   1
 -1.60447101204105879724E-03  12  11   5   2
 -7.18865831539614464490E-03  12  11   6   3
  1.77389176299270340253E-02  12  11   6   4
  1.56531836310789727006E-03  12  11   6   5
 -2.69814516989922044410E-02  12  11   7   3
 -2.13700706715036180261E-02  12  11   7   4
 -5.06627986647859972907E-03  12  11   7   5
 -1.55876184795607957215E-03  12  11   8   3
  5.21692421115624131722E-03  12  11   8   4
 -4.99239797587454625649E-02  12  11   8   5
 -4.19611932564882550434E-03  12  11   9   3
 -7.84960377964112610005E-03  12  11   9   4
  7.43090450467048281580E-03  12  11   9   5
  3.38093922035481511679E-02  12  11  10   3
  8.45972314484188213368E-03  12  11  10   4
 -2.23525480564648951209E-03  12  11  10   5
 -3.55623857342032834161E-02  12  11  11   3
  7.24657407581016654863E-02  12  11  11   4
  8.97617408330055564780E-03  12  11  11   5
 -1.01690316630948948684E-01  12  11  12   1
 -6.25667256192072723797E-02  12  11  12   2
 -5.60292358923405661719E-02  12  11  12   6
 -7.93956701360426682357E-03  12  11  12   7
 -2.62051465187919168862E-03  12  11  12   8
 -4.39128064735966761739E-03  12  11  12   9
 -1.01779322097582895085E-02  12  11  12  10
  9.79830301665896297170E-02  12  11  12  11
  1.15502801642970953644E+00  12  12   1   1
  3.22196068891795417422E-01  12  12   2   1
  6.22491728025588830775E-01  12  12   2   2
  8.25360781922202857430E-01  12  12   3   3
 -2.75090727376177887620E-02  12  12   4   3
  8.62065793779098310523E-01  12  12   4   4
 -4.75476844731663548377E-03  12  12   5   3
  8.88789313282591780796E-03  12  12   5   4
  8.12180431199576058354E-01  12  12   5   5
  2.79558126413752938699E-01  12  12   6   1
  2.72188052861869089760E-01  12  12   6   2
  1.22162726814347810667E+00  12  12   6   6
  3.22580666545301290513E-03  12  12   7   1
  1.33119435136062305887E-03  12  12   7   2
 -3.48771302972515346956E-04  12  12   7   6
  1.04521727680046350173E+00  12  12   7   7
  6.71870376964993180902E-03  12  12   8   1
  2.77260897325630646659E-03  12  12   8   2
 -7.26420182934183616963E-04  12  12   8   6
  5.56792569542527340104E-03  12  12   8   7
  1.08979364392076760737E+00  12  12   8   8
  1.30591216445858433921E-03  12  12   9   1
  5.38911062252643785833E-04  12  12   9   2
 -1.41194043661854056783E-04  12  12   9   6
  7.48845191635578825984E-03  12  12   9   7
 -2.13776210546573162963E-02  12  12   9   8
  1.02570356203284518415E+00  12  12   9   9
  1.44504107556485909131E-02  12  12  10   1
  5.96325420825006592696E-03  12  12  10   2
 -1.56236535862884387375E-03  12  12  10   6
 -3.59752131042405318140E-02  12  12  10   7
 -4.35177099785042991939E-04  12  12  10   8
 -1.06311842222527527801E-02  12  12  10   9
  1.06793736492572510777E+00  12  12  10  10
 -7.48124559532593602640E-02  12  12  11   1
 -3.08728727741118987027E-02  12  12  11   2
  8.08865516363605797923E-03  12  12  11   6
 -9.66791479890440064171E-03  12  12  11   7
 -3.19096902138831959791E-03  12  12  11   8
 -5.34720937350911546676E-03  12  12  11   9
 -1.23935450465189229974E-02  12  12  11  10
  1.11971644349695198528E+00  12  12  11  11
 -1.18666061561021621285E-01  12  12  12   3
  2.21817589086350491767E-01  12  12  12   4
  3.83397609838535546878E-02  12  12  12   5
  1.45771943610712195749E+00  12  12  12  12
 -7.12958881874952571378E-02  13   1   3   1
 -2.69122267819121505084E-02  13   1   3   2
 -3.63669370432541730342E-02  13   1   4   1
 -1.37275133524914216832E-02  13   1   4   2
 -1.02654776455454212203E-02  13   1   5   1
 -3.87493401716290826464E-03  13   1   5   2
  1.15562920973354427839E-02  13   1   6   3
  5.89468702671917723496E-03  13   1   6   4
  1.66392286016010348786E-03  13   1   6   5
 -1.78436626119727013984E-02  13   1   7   3
 -6.06692279523975627753E-02  13   1   7   4
  2.35617607124243462480E-02  13   1   7   5
  9.03524551607859599880E-04  13   1   8   3
 -5.85607820610050885946E-03  13   1   8   4
 -1.97298383169618486710E-02  13   1   8   5
 -2.35110949507354276278E-02  13   1   9   3
 -1.42173705559571691981E-02  13   1   9   4
 -5.88101647613336053766E-02  13   1   9   5
 -5.31651962798507377039E-02  13   1  10   3
  2.90426287647769336420E-02  13   1  10   4
  1.75907821057718107005E-02  13   1  10   5
 -4.71606870119062604463E-02  13   1  11   3
 -1.60377403486266570387E-02  13   1  11   4
 -3.53837300577373135846E-03  13   1  11   5
 -5.39250186707900813765E-02  13   1  12   7
 -1.11740353726150105917E-02  13   1  12   8
 -1.35292205311729474282E-02  13   1  12   9
  6.93676448626918407125E-02  13   1  12  10
  9.83387405390207317013E-03  13   1  12  11
  1.54300545827304069757E-01  13   1  13   1
 -6.97189788914670816045E-02  13   2   3   1
 -4.72040655855577705874E-03  13   2   3   2
 -3.55625798418855998406E-02  13   2   4   1
 -2.40780685250893775745E-03  13   2   4   2
 -1.00384277056546535739E-02  13   2   5   1
 -6.79663711844193021289E-04  13   2   5   2
  2.70901970003887687666E-02  13   2   6   3
  1.38182932262744528895E-02  13   2   6   4
  3.90055890726232357829E-03  13   2   6   5
 -1.65651419627313375993E-02  13   2   7   3
 -5.63222022101250788251E-02  13   2   7   4
  2.18735312127752365430E-02  13   2   7   5
  8.38785892205497511306E-04  13   2   8   3
 -5.43648290927798219507E-03  13   2   8   4
 -1.83161708293517813684E-02  13   2   8   5
 -2.18264957160121571278E-02  13   2   9   3
 -1.31986782488346023751E-02  13   2   9   4
 -5.45963432120402450409E-02  13   2   9   5
 -4.93558437526878876489E-02  13   2  10   3
  2.69616882431206288107E-02  13   2  10   4
  1.63303806597455795913E-02  13   2  10   5
 -4.37815650520080798525E-02  13   2  11   3
 -1.48886162787100102822E-02  13   2  11   4
 -3.28484417310210457044E-03  13   2  11   5
 -3.31783001466151444836E-02  13   2  12   7
 -6.87501847157142523953E-03  13   2  12   8
 -8.32408686352759455418E-03  13   2  12   9
  4.26796429273164842910E-02  13   2  12  10
  6.05046104770490776603E-03  13   2  12  11
  9.05868777360863408621E-02  13   2  13   1
  6.87046235211095090989E-02  13   2  13   2
 -1.49314900148330126362E-01  13   3   1   1
 -7.45038243226270741060E-02  13   3   2   1
 -4.27185655137058140074E-02  13   3   2   2
 -6.31376589814171412796E-02  13   3   3   3
  7.06275356182764295875E-04  13   3   4   3
 -6.59069067057497931517E-02  13   3   4   4
  1.99363885714915481861E-04  13   3   5   3
 -6.59069067057499458073E-02  13   3   5   5
 -7.08695156332225795204E-02  13   3   6   1
 -5.22531886989583971292E-02  13   3   6   2
 -1.59749349894605735534E-01  13   3   6   6
 -3.77842649833126176598E-03  13   3   7   1
 -2.59578658159250949544E-03  13   3   7   2
 -1.01153646429568582800E-03  13   3   7   6
 -1.31678088799480813575E-01  13   3   7   7
  1.91322890480864917341E-04  13   3   8   1
  1.31439209438390471919E-04  13   3   8   2
  5.12197551709206683017E-05  13   3   8   6
 -6.53768733727834883834E-04  13   3   8   7
 -1.18806130674942611591E-01  13   3   8   8
 -4.97851512318066291574E-03  13   3   9   1
 -3.42024987351626300058E-03  13   3   9   2
 -1.33281660695764268831E-03  13   3   9   6
  2.57457397319136964409E-03  13   3   9   7
 -9.58034167127588755404E-04  13   3   9   8
 -1.35107240917330895247E-01  13   3   9   9
 -1.12578224987275078706E-02  13   3  10   1
 -7.73414663301079819552E-03  13   3  10   2
 -3.01387309533772016976E-03  13   3  10   6
  9.13006050448585365457E-04  13   3  10   7
  7.03345862234801646497E-04  13   3  10   8
 -7.15133610028610049517E-05  13   3  10   9
 -1.37397961673057622534E-01  13   3  10  10
 -9.98635724964492578482E-03  13   3  11   1
 -6.86064745710056756584E-03  13   3  11   2
 -2.67348445390199135688E-03  13   3  11   6
 -7.45357238498218360734E-03  13   3  11   7
 -5.97244165916664009920E-04  13   3  11   8
 -4.94326853655101088048E-03  13   3  11   9
 -5.79671116292484848997E-03  13   3  11  10
 -1.27686785529586427357E-01  13   3  11  11
  3.04296920382947783112E-02  13   3  12   3
 -4.45689708772809972670E-02  13   3  12   4
 -7.41462463130243120552E-03  13   3  12   5
 -1.86233537955286715393E-01  13   3  12  12
  7.02147587061792977092E-02  13   3  13   3
 -7.61632362168469800867E-02  13   4   1   1
 -3.80032559731525512725E-02  13   4   2   1
 -2.17900838619124979922E-02  13   4   2   2
 -3.36181003956413579359E-02  13   4   3   3
  1.38462386216635651055E-03  13   4   4   3
 -3.22055496832758178516E-02  13   4   4   4
  1.99363885714944701110E-04  13   4   5   4
 -3.36181003956414481415E-02  13   4   5   5
 -3.61494509548920261999E-02  13   4   6   1
 -2.66535486412189000227E-02  13   4   6   2
 -8.14856886983400946489E-02  13   4   6   6
 -1.28468142171005439423E-02  13   4   7   1
 -8.82578713008966980746E-03  13   4   7   2
 -3.43926791651731665958E-03  13   4   7   6
 -7.46566556718374213508E-02  13   4   7   7
 -1.24003471436315857238E-03  13   4   8   1
 -8.51906335527352577205E-04  13   4   8   2
 -3.31974257306525549760E-04  13   4   8   6
  3.67519318730375865040E-03  13   4   8   7
 -6.56724447615093659403E-02  13   4   8   8
 -3.01055286761462738421E-03  13   4   9   1
 -2.06825585740001097884E-03  13   4   9   2
 -8.05966188472122431474E-04  13   4   9   6
 -4.50432620723259166673E-03  13   4   9   7
 -7.84211405774394403057E-03  13   4   9   8
 -6.59374190512603680636E-02  13   4   9   9
  6.14982699977744112080E-03  13   4  10   1
  4.22494348168161917151E-03  13   4  10   2
  1.64639282043266645984E-03  13   4  10   6
  1.87062209045938169193E-03  13   4  10   7
  1.33571676645689255830E-03  13   4  10   8
  1.88613083669859861111E-03  13   4  10   9
 -5.95587860770326396609E-02  13   4  10  10
 -3.39601932766580042952E-03  13   4  11   1
 -2.33307208846781450814E-03  13   4  11   2
 -9.09160833194469584356E-04  13   4  11   6
 -1.04804233011467507614E-03  13   4  11   7
  6.67457348794274919063E-04  13   4  11   8
 -7.35723526736735693350E-04  13   4  11   9
 -5.57056264939065869102E-03  13   4  11  10
 -6.60746297459793713314E-02  13   4  11  11
  3.20971721185347742128E-03  13   4  12   3
 -2.90141097914637449695E-02  13   4  12   4
 -5.55481907153754402018E-03  13   4  12   5
 -9.49948660763061253354E-02  13   4  12  12
  2.94095246309249436223E-02  13   4  13   3
  2.75599387503744075456E-02  13   4  13   4
 -2.14989785327952230565E-02  13   5   1   1
 -1.07273695936046051941E-02  13   5   2   1
 -6.15079621671118202675E-03  13   5   2   2
 -9.48954974367773040900E-03  13   5   3   3
 -9.48954974367773734789E-03  13   5   4   4
  1.38462386216635130638E-03  13   5   5   3
  7.06275356182782293631E-04  13   5   5   4
 -9.09082197224789397005E-03  13   5   5   5
 -1.02040867570126862762E-02  13   5   6   1
 -7.52363080304134512755E-03  13   5   6   2
 -2.30013738789652151528E-02  13   5   6   6
  4.98924368607086415883E-03  13   5   7   1
  3.42762041773682270968E-03  13   5   7   2
  1.33568879001528888727E-03  13   5   7   6
 -2.07781336688928619516E-02  13   5   7   7
 -4.17782747442105827085E-03  13   5   8   1
 -2.87017585312309038426E-03  13   5   8   2
 -1.11846156959245508072E-03  13   5   8   6
 -4.75750908897407467912E-03  13   5   8   7
 -1.97298461675801742321E-02  13   5   8   8
 -1.24531543628464413942E-02  13   5   9   1
 -8.55534202077347198656E-03  13   5   9   2
 -3.33387978807727627592E-03  13   5   9   6
  1.14325607442555929501E-03  13   5   9   7
 -1.75387556476663103965E-03  13   5   9   8
 -1.77620341215125564227E-02  13   5   9   9
  3.72487861265779519881E-03  13   5  10   1
  2.55899907675018927281E-03  13   5  10   2
  9.97200962740083136915E-04  13   5  10   6
 -1.15888055847614785884E-03  13   5  10   7
  7.11625022274547242018E-03  13   5  10   8
 -3.39190301822616443322E-04  13   5  10   9
 -1.75189622062067798525E-02  13   5  10  10
 -7.49256619379518604487E-04  13   5  11   1
 -5.14740800069482203928E-04  13   5  11   2
 -2.00586247198945361774E-04  13   5  11   6
  4.22552992443305658332E-03  13   5  11   7
 -1.80253868414679521877E-03  13   5  11   8
 -8.80148826241752835209E-03  13   5  11   9
  1.39330383160799994337E-03  13   5  11  10
 -1.78980825618689637357E-02  13   5  11  11
  1.96450325943499110731E-03  13   5  12   3
 -7.65004370211618163478E-03  13   5  12   4
 -1.41558224683107367406E-03  13   5  12   5
 -2.68146771059672474335E-02  13   5  12  12
  8.30157396279482782953E-03  13   5  13   3
  4.23450531776710381582E-03  13   5  13   4
  1.37538871840008243563E-02  13   5  13   5
 -5.50657857506728770636E-02  13   6   3   1
 -7.38896013181709800793E-03  13   6   3   2
 -2.80882111793829963853E-02  13   6   4   1
 -3.76899502566317582200E-03  13   6   4   2
 -7.92860019039737413948E-03  13   6   5   1
 -1.06389312182380017975E-03  13   6   5   2
  1.42474795463053485745E-02  13   6   6   3
  7.26742039208388892341E-03  13   6   6   4
  2.05141118942698662958E-03  13   6   6   5
 -1.24074316857216218613E-02  13   6   7   3
 -4.21858066706420134495E-02  13   6   7   4
  1.63834602117263229693E-02  13   6   7   5
  6.28257740253659055854E-04  13   6   8   3
 -4.07197176210237574839E-03  13   6   8   4
 -1.37189671432020425523E-02  13   6   8   5
 -1.63482302261213387207E-02  13   6   9   3
 -9.88592184013090818917E-03  13   6   9   4
 -4.08931236579577472856E-02  13   6   9   5
 -3.69679451604079112315E-02  13   6  10   3
  2.01945329391600807145E-02  13   6  10   4
  1.22315934806642087618E-02  13   6  10   5
 -3.27927631830085622444E-02  13   6  11   3
 -1.11516997432696239601E-02  13   6  11   4
 -2.46037611797712049005E-03  13   6  11   5
 -2.97115565346271030822E-02  13   6  12   7
 -6.15665959654473383955E-03  13   6  12   8
 -7.45431732041519374415E-03  13   6  12   9
  3.82201203228921954080E-02  13   6  12  10
  5.41825876205364632965E-03  13   6  12  11
  9.78574241699526614635E-02  13   6  13   1
  6.80507096688443141597E-02  13   6  13   2
  8.86739119900029904020E-02  13   6  13   6
 -1.53156536546560258227E-02  13   7   3   1
 -4.50516746760594270771E-03  13   7   3   2
 -5.20738876888893198469E-02  13   7   4   1
 -1.53177650799402407383E-02  13   7   4   2
  2.02236376248922204713E-02  13   7   5   1
  5.94887272582179677666E-03  13   7   5   2
  4.39523139589096268481E-03  13   7   6   3
  1.49439776608376560796E-02  13   7   6   4
 -5.80370704589722001543E-03  13   7   6   5
 -4.54205735023382461968E-02  13   7   7   3
 -4.69632700204433914393E-02  13   7   7   4
 -1.23175085345812590498E-02  13   7   7   5
 -4.88725831444392945502E-03  13   7   8   3
  2.23692547423635680615E-02  13   7   8   4
 -3.34789212632980587303E-02  13   7   8   5
  8.88629017476686225430E-03  13   7   9   3
 -8.56162858276748352238E-03  13   7   9   4
 -2.16424452464388863970E-02  13   7   9   5
 -2.28526993319188437281E-03  13   7  10   3
  1.76799303023594985007E-02  13   7  10   4
 -9.24424471123158793262E-03  13   7  10   5
 -3.46914547222934230297E-02  13   7  11   3
  1.82598289892945062074E-02  13   7  11   4
  1.34162120792930220775E-02  13   7  11   5
 -5.39250186707900744376E-02  13   7  12   1
 -3.31783001466151583614E-02  13   7  12   2
 -2.97115565346270510405E-02  13   7  12   6
 -2.52002406059798692017E-02  13   7  12   7
  1.81524702259924751446E-02  13   7  12   8
 -1.74870660697911961545E-02  13   7  12   9
  1.55466715884361415811E-02  13   7  12  10
  3.56388045874273737268E-02  13   7  12  11
  5.27392632362382526856E-02  13   7  13   1
  3.24487436127877254544E-02  13   7  13   2
  2.90582301103005924414E-02  13   7  13   6
  7.67167581049192359721E-02  13   7  13   7
  7.75517302799671277500E-04  13   8   3   1
  2.28121855058820914401E-04  13   8   3   2
 -5.02641568211647463832E-03  13   8   4   1
 -1.47854247166599901686E-03  13   8   4   2
 -1.69346045649953723389E-02  13   8   5   1
 -4.98138906006109251356E-03  13   8   5   2
 -2.22555176173343694391E-04  13   8   6   3
  1.44246275823304410078E-03  13   8   6   4
  4.85983212596602896782E-03  13   8   6   5
  7.33176648961866221470E-04  13   8   7   3
  9.83120262524428065176E-04  13   8   7   4
  3.24945285911016918529E-03  13   8   7   5
 -4.52601669239317827564E-03  13   8   8   3
 -1.84201905674001749358E-02  13   8   8   4
 -8.98707097715433292362E-03  13   8   8   5
 -1.14777699297069074591E-02  13   8   9   3
 -1.06294510803089797824E-02  13   8   9   4
  2.39703888672432568335E-03  13   8   9   5
  4.49872564447769979906E-03  13   8  10   3
  2.09068694500383995757E-03  13   8  10   4
  1.45103699284272278508E-02  13   8  10   5
 -3.51056039718780849360E-03  13   8  11   3
  5.27707299347499048103E-03  13   8  11   4
 -5.70590930661149259989E-03  13   8  11   5
 -1.11740353726150157959E-02  13   8  12   1
 -6.87501847157141743327E-03  13   8  12   2
 -6.15665959654473817636E-03  13   8  12   6
  2.53103252938458164398E-03  13   8  12   7
 -1.78401587222981848624E-02  13   8  12   8
 -7.18183653512519375867E-03  13   8  12   9
  2.94585823383504852996E-03  13   8  12  10
  5.66382878694801378955E-03  13   8  12  11
  5.72071967291103503084E-03  13   8  13   1
  3.51977169486453363156E-03  13   8  13   2
  3.15199679425460285026E-03  13   8  13   6
 -1.75402949129810272616E-03  13   8  13   7
  1.90910558735741218983E-02  13   8  13   8
 -2.01801499578671376944E-02  13   9   3   1
 -5.93608063564130938178E-03  13   9   3   2
 -1.22031181630188768211E-02  13   9   4   1
 -3.58960134454795005629E-03  13   9   4   2
 -5.04782081148229949674E-02  13   9   5   1
 -1.48483888542888589623E-02  13   9   5   2
  5.79122711107020547022E-03  13   9   6   3
  3.50200711554759635397E-03  13   9   6   4
  1.44860552554438807432E-02  13   9   6   5
  7.47269120000468561188E-03  13   9   7   3
 -2.00591021856220304287E-02  13   9   7   4
  2.89067557781494573199E-02  13   9   7   5
  5.39036935018199873937E-03  13   9   8   3
 -3.91997630519397080584E-02  13   9   8   4
 -1.35412584727395146622E-02  13   9   8   5
 -5.63150819164098537239E-02  13   9   9   3
 -1.92620210053614689116E-02  13   9   9   4
 -2.73527923493316685311E-03  13   9   9   5
 -5.19077568800241882785E-03  13   9  10   3
  8.09724536000819804238E-03  13   9  10   4
  2.59383407546638494745E-02  13   9  10   5
 -1.83877445068093732516E-02  13   9  11   3
  1.12006963319141641250E-03  13   9  11   4
 -2.15782606302094906447E-02  13   9  11   5
 -1.35292205311729474282E-02  13   9  12   1
 -8.32408686352759108473E-03  13   9  12   2
 -7.45431732041521282611E-03  13   9  12   6
 -1.92220631305046602000E-02  13   9  12   7
 -4.21124980709302321191E-02  13   9  12   8
  1.05626169180073475884E-02  13   9  12   9
  1.41883355939001424423E-02  13   9  12  10
  6.44228671912646082970E-03  13   9  12  11
  4.55752927914829172873E-02  13   9  13   1
  2.80409869255133191446E-02  13   9  13   2
  2.51110323507373819907E-02  13   9  13   6
 -1.44541174919665844911E-03  13   9  13   7
  1.70554007022136466798E-02  13   9  13   8
  7.19619673630537970421E-02  13   9  13   9
 -4.56329930917688045278E-02  13  10   3   1
 -1.34231473603494827485E-02  13  10   3   2
  2.49280012212077829725E-02  13  10   4   1
  7.33268214772444127530E-03  13  10   4   2
  1.50986001083517167032E-02  13  10   5   1
  4.44132020404226779409E-03  13  10   5   2
  1.30955928129418003314E-02  13  10   6   3
 -7.15374845075276120931E-03  13  10   6   4
 -4.33294214707292436872E-03  13  10   6   5
  8.08655943967555822238E-03  13  10   7   3
 -5.79389701851972752783E-03  13  10   7   4
  1.88065536825515701100E-03  13  10   7   5
 -2.96282403510149915105E-05  13  10   8   3
  6.39652916607664611542E-03  13  10   8   4
  3.07066663907127126998E-02  13  10   8   5
  4.73637594929810900463E-03  13  10   9   3
  3.88733133082472910244E-03  13  10   9   4
 -2.80935741594127846854E-02  13  10   9   5
 -6.35927633052423696425E-02  13  10  10   3
  1.00306733710888947887E-03  13  10  10   4
 -1.96303322906514086596E-03  13  10  10   5
 -5.74214415535713364885E-03  13  10  11   3
 -4.15387456615691902373E-02  13  10  11   4
  8.61749102095797940223E-04  13  10  11   5
  6.93676448626918545903E-02  13  10  12   1
  4.26796429273164565354E-02  13  10  12   2
  3.82201203228921190802E-02  13  10  12   6
 -7.91373359655075589436E-03  13  10  12   7
  1.11941841195788271274E-02  13  10  12   8
 -2.13873338266364499544E-03  13  10  12   9
  3.52529804167564658757E-02  13  10  12  10
 -3.42392050224443883488E-02  13  10  12  11
  4.16107099649494424631E-02  13  10  13   1
  2.56017087904814900912E-02  13  10  13   2
  2.29266301995598199837E-02  13  10  13   6
 -5.56539894828919981529E-03  13  10  13   7
 -7.88599529162469295440E-03  13  10  13   8
 -2.75512115125783234662E-03  13  10  13   9
  6.86956285088134582795E-02  13  10  13  10
 -4.04791753855146194119E-02  13  11   3   1
 -1.19071290180877246978E-02  13  11   3   2
 -1.37655862433790562860E-02  13  11   4   1
 -4.04920826198902107651E-03  13  11   4   2
 -3.03707241253557648150E-03  13  11   5   1
 -8.93368323562168339426E-04  13  11   5   2
  1.16165686784190855252E-02  13  11   6   3
  3.95039860550457869875E-03  13  11   6   4
  8.71568156355687051993E-04  13  11   6   5
 -1.26689447422792794001E-02  13  11   7   3
 -2.49191462731808387188E-02  13  11   7   4
  1.34330321265956308119E-02  13  11   7   5
 -2.84361126978237776456E-04  13  11   8   3
 -1.03601313227973503353E-03  13  11   8   4
 -5.74751835494078777006E-03  13  11   8   5
 -1.30220494093823049159E-02  13  11   9   3
 -5.79489645743208950379E-03  13  11   9   4
 -3.43468687521403456819E-02  13  11   9   5
 -3.10904700700059127838E-02  13  11  10   3
  6.14309124367760656799E-03  13  11  10   4
  7.99137831549382934848E-03  13  11  10   5
 -3.27400957741469586515E-02  13  11  11   3
 -1.96979430691088773508E-02  13  11  11   4
 -3.16750878534269135478E-03  13  11  11   5
  9.83387405390209745626E-03  13  11  12   1
  6.05046104770488261254E-03  13  11  12   2
  5.41825876205363331922E-03  13  11  12   6
 -1.19384731393053344223E-02  13  11  12   7
 -1.30185442103138778076E-03  13  11  12   8
 -3.93968987384297857079E-03  13  11  12   9
  1.98458764033759074707E-02  13  11  12  10
 -2.77519800648574595583E-03  13  11  12  11
  6.48829251623653097125E-02  13  11  13   1
  3.99203415870747480021E-02  13  11  13   2
  3.57491336417066069009E-02  13  11  13   6
  2.41550075286726881330E-02  13  11  13   7
  1.68999521672768019884E-03  13  11  13   8
  2.15563630364916866688E-02  13  11  13   9
  2.76173493643133011188E-02  13  11  13  10
  4.79669376086243048896E-02  13  11  13  11
  2.78839763847896562887E-02  13  12   3   3
 -1.89495912585637207859E-02  13  12   4   3
 -2.65868202423061861239E-02  13  12   4   4
 -2.49708500888112068170E-03  13  12   5   3
 -6.05007900312592300507E-03  13  12   5   4
 -1.29715614248398342610E-03  13  12   5   5
 -3.96720476220778980880E-02  13  12   7   1
 -1.63714726821712446003E-02  13  12   7   2
  4.28930595529214506861E-03  13  12   7   6
 -3.06860284286329110248E-02  13  12   7   7
 -8.22061585438614225718E-03  13  12   8   1
 -3.39240336603673954541E-03  13  12   8   2
  8.88805560940210404031E-04  13  12   8   6
  1.25930256674731157196E-02  13  12   8   7
 -2.17237456690735353249E-02  13  12   8   8
 -9.95329986771099385623E-03  13  12   9   1
 -4.10743046171899248847E-03  13  12   9   2
  1.07614179142148506420E-03  13  12   9   6
 -2.23501314896836916768E-02  13  12   9   7
 -3.00125577517901427627E-02  13  12   9   8
  1.28619709666508222345E-02  13  12   9   9
  5.10330191487679066253E-02  13  12  10   1
  2.10598073192929322039E-02  13  12  10   2
 -5.51764393500900080652E-03  13  12  10   6
  4.64726817245962944836E-03  13  12  10   7
  8.60907934220215415033E-03  13  12  10   8
  7.33632749363476686921E-03  13  12  10   9
  4.29271282039237617179E-02  13  12  10  10
  7.23467380062762892290E-03  13  12  11   1
  2.98553444026110380641E-03  13  12  11   2
 -7.82206396635675717775E-04  13  12  11   6
  1.44298035871237226302E-02  13  12  11   7
  2.65576173438841853930E-03  13  12  11   8
  1.52369096669566889656E-03  13  12  11   9
 -8.76329115450153080247E-03  13  12  11  10
 -3.37932507286868273957E-03  13  12  11  11
 -1.93035309504746635523E-02  13  12  12   3
 -9.84643452287562587211E-03  13  12  12   4
 -2.77940243806302014762E-03  13  12  12   5
 -1.01879909303692964273E-02  13  12  13   3
  1.90439924952427903915E-02  13  12  13   4
  3.29163310922866774941E-03  13  12  13   5
  8.33286058311236282892E-02  13  12  13  12
  1.15502801642971064666E+00  13  13   1   1
  3.22196068891795861511E-01  13  13   2   1
  6.22491728025590274065E-01  13  13   2   2
  8.63476928368643426026E-01  13  13   3   3
  2.69491550970870977211E-02  13  13   4   3
  8.24390565258287244532E-01  13  13   4   4
  7.60707311936831623300E-03  13  13   5   3
  3.88025110912360677792E-03  13  13   5   4
  8.11739513273948221084E-01  13  13   5   5
  2.79558126413753604833E-01  13  13   6   1
  2.72188052861869478338E-01  13  13   6   2
  1.22162726814347832871E+00  13  13   6   6
  3.87997002918927524906E-02  13  13   7   1
  1.60114809161411957017E-02  13  13   7   2
 -4.19498854989628754825E-03  13  13   7   6
  1.09382076102078462654E+00  13  13   7   7
  4.20867101932445499685E-03  13  13   8   1
  1.73679320204212644940E-03  13  13   8   2
 -4.55037709145303392866E-04  13  13   8   6
 -2.13586051324691356124E-03  13  13   8   7
  1.02365063984855408918E+00  13  13   8   8
  3.35292454334046030606E-02  13  13   9   1
  1.38365211419367306611E-02  13  13   9   2
 -3.62515173111266570186E-03  13  13   9   6
 -1.76006041848660423413E-03  13  13   9   7
  2.07681553122021043956E-02  13  13   9   8
  1.08803090979839423014E+00  13  13   9   9
  3.06125451229960696131E-02  13  13  10   1
  1.26328857785991659907E-02  13  13  10   2
 -3.30980072804765114089E-03  13  13  10   6
 -6.77691903875579822192E-03  13  13  10   7
 -9.60268116049007094959E-03  13  13  10   8
 -3.35487772889590807335E-03  13  13  10   9
  1.08405352845089475444E+00  13  13  10  10
  4.77336598178200316456E-02  13  13  11   1
  1.96982599731654814401E-02  13  13  11   2
 -5.16092018427914168976E-03  13  13  11   6
  2.94132607425505385179E-02  13  13  11   7
  2.05788675098813114706E-03  13  13  11   8
  2.62489227503151789644E-02  13  13  11   9
  3.36293125517110672029E-02  13  13  11  10
  1.05881245205813057098E+00  13  13  11  11
 -9.82900797002832643523E-02  13  13  12   3
  1.83729604095865028945E-01  13  13  12   4
  3.17564947653962426077E-02  13  13  12   5
  1.29106222444487639400E+00  13  13  12  12
 -2.24840599856236611487E-01  13  13  13   3
 -1.14687735122057085646E-01  13  13  13   4
 -3.23734819820932079315E-02  13  13  13   5
  1.45771943610712439998E+00  13  13  13  13
 -3.46903889358998480247E-03  14   1   3   1
 -1.30946627909375094660E-03  14   1   3   2
 -1.55289122541182062626E-02  14   1   4   1
 -5.86173507173646472085E-03  14   1   4   2
  7.91066145590980374092E-02  14   1   5   1
  2.98605600559326625487E-02  14   1   5   2
  5.62293671774153507904E-04  14   1   6   3
  2.51706866306995518875E-03  14   1   6   4
 -1.28223263348952263435E-02  14   1   6   5
 -2.92190242930706126079E-02  14   1   7   3
 -8.24955260030692943962E-03  14   1   7   4
 -4.72176130282496511748E-02  14   1   7   5
 -1.35954760815290356946E-02  14   1   8   3
  6.68715374754792479806E-02  14   1   8   4
  1.00775646429420752404E-03  14   1   8   5
  5.89339638513732555491E-02  14   1   9   3
  1.29943225750194218254E-02  14   1   9   4
 -3.15992286116862988732E-02  14   1   9   5
 -1.26119308685955101162E-02  14   1  10   3
  6.97440180091290530540E-03  14   1  10   4
 -4.67038899235016208289E-02  14   1  10   5
 -5.62974730388439165846E-03  14   1  11   3
 -5.72218464362844064265E-04  14   1  11   4
  2.81960047625104126556E-02  14   1  11   5
 -8.93356750279987650055E-04  14   1  12   7
  8.51769162172584803905E-02  14   1  12   8
 -2.75011168003778463942E-02  14   1  12   9
  6.47426608646512434520E-03  14   1  12  10
  8.38147104317887511882E-03  14   1  12  11
  4.67308476602113012643E-02  14   1  13   7
 -2.40008584110021766511E-02  14   1  13   8
 -7.08792787325923101527E-02  14   1  13   9
  1.83307917183341828604E-02  14   1  13  10
  2.16294703098665695024E-03  14   1  13  11
  1.54300545827304125268E-01  14   1  14   1
 -3.39231133161325797143E-03  14   2   3   1
 -2.29680481742822320069E-04  14   2   3   2
 -1.51854466390138869575E-02  14   2   4   1
 -1.02814876306475786079E-03  14   2   4   2
  7.73569490587890096212E-02  14   2   5   1
  5.23754443184573474646E-03  14   2   5   2
  1.31812576318873341669E-03  14   2   6   3
  5.90049865231353446587E-03  14   2   6   4
 -3.00580275654053763468E-02  14   2   6   5
 -2.71254448121231693525E-02  14   2   7   3
 -7.65846188222647859117E-03  14   2   7   4
 -4.38344122483829840009E-02  14   2   7   5
 -1.26213432880274180337E-02  14   2   8   3
  6.20801085313145983857E-02  14   2   8   4
  9.35549458533993689990E-04  14   2   8   5
  5.47112719430951355282E-02  14   2   9   3
  1.20632631789558929236E-02  14   2   9   4
 -2.93351045269239878166E-02  14   2   9   5
 -1.17082703145405687267E-02  14   2  10   3
  6.47467722572447629964E-03  14   2  10   4
 -4.33574980438980808750E-02  14   2  10   5
 -5.22636889808565912457E-03  14   2  11   3
 -5.31218298731242076667E-04  14   2  11   4
  2.61757259050303218995E-02  14   2  11   5
 -5.49653187507358263579E-04  14   2  12   7
  5.24065704839539320270E-02  14   2  12   8
 -1.69205376291191519900E-02  14   2  12   9
  3.98340415526170481958E-03  14   2  12  10
  5.15684498207477550608E-03  14   2  12  11
  2.87519620390243937913E-02  14   2  13   7
 -1.47669431326128454407E-02  14   2  13   8
 -4.36097018032073208138E-02  14   2  13   9
  1.12783365596759097005E-02  14   2  13  10
  1.33079056000728846929E-03  14   2  13  11
  9.05868777360863963732E-02  14   2  14   1
  6.87046235211095923656E-02  14   2  14   2
 -7.26520433611670211210E-03  14   3   1   1
 -3.62512721093667233258E-03  14   3   2   1
 -2.07855416368072721048E-03  14   3   2   2
 -3.07208452303424838989E-03  14   3   3   3
  3.01584046530050948597E-04  14   3   4   3
 -3.20682760999078638256E-03  14   3   4   4
 -1.53631449103593955251E-03  14   3   5   3
 -3.20682760999078204575E-03  14   3   5   5
 -3.44829291494327169060E-03  14   3   6   1
 -2.54247963689125267700E-03  14   3   6   2
 -7.77291260546101887147E-03  14   3   6   6
 -6.18717905875693519741E-03  14   3   7   1
 -4.25060442110618448563E-03  14   3   7   2
 -1.65639247761560897548E-03  14   3   7   6
 -3.52067031161385889798E-03  14   3   7   7
 -2.87886563431263885551E-03  14   3   8   1
 -1.97778646403656659103E-03  14   3   8   2
 -7.70711714572491768394E-04  14   3   8   6
  6.64115266744491530154E-03  14   3   8   7
 -4.94592718726501179294E-03  14   3   8   8
  1.24793690348253133449E-02  14   3   9   1
  8.57335155299375310800E-03  14   3   9   2
  3.34089781439539292712E-03  14   3   9   6
 -3.98192102263425929537E-03  14   3   9   7
  1.46843711028387530204E-03  14   3   9   8
 -9.78240707229955860913E-03  14   3   9   9
 -2.67059823004323982146E-03  14   3  10   1
 -1.83470633964499135228E-03  14   3  10   2
 -7.14955681251260889708E-04  14   3  10   6
 -4.09087280122401547415E-05  14   3  10   7
 -3.23679184603508978899E-03  14   3  10   8
  2.67087816092668583340E-03  14   3  10   9
 -7.40116450783443596828E-03  14   3  10  10
 -1.19210875336955694249E-03  14   3  11   1
 -8.18981104214235532644E-04  14   3  11   2
 -3.19143821898326554912E-04  14   3  11   6
 -3.91247462056073039283E-03  14   3  11   7
  4.60555405415683481729E-03  14   3  11   8
  7.16686598106812400300E-03  14   3  11   9
 -1.94915294297715296218E-03  14   3  11  10
 -6.00973626282999377757E-03  14   3  11  11
  1.48061533258693023112E-03  14   3  12   3
 -1.16995418734566823497E-03  14   3  12   4
 -6.13845133192245616394E-03  14   3  12   5
 -9.06155183534252013644E-03  14   3  12  12
  2.80537194169873643074E-03  14   3  13   3
  3.32312465838844293964E-03  14   3  13   4
 -1.05432337095730521703E-02  14   3  13   5
 -9.06155183534260166844E-03  14   3  13  13
  1.26950929185776009711E-02  14   3  14   3
 -3.25221838395236551023E-02  14   4   1   1
 -1.62276307921111369315E-02  14   4   2   1
 -9.30450370068443624594E-03  14   4   2   2
 -1.43551416104450400846E-02  14   4   3   3
  6.73715434782683051567E-05  14   4   4   3
 -1.37519735173849428495E-02  14   4   4   4
 -1.53631449103593478202E-03  14   4   5   4
 -1.43551416104450817179E-02  14   4   5   5
 -1.54360443180957020159E-02  14   4   6   1
 -1.13812339383456157665E-02  14   4   6   2
 -3.47949047305767256155E-02  14   4   6   6
 -1.74685706753179969403E-03  14   4   7   1
 -1.20009430853337600506E-03  14   4   7   2
 -4.67657534823379334495E-04  14   4   7   6
 -3.29005404672543522171E-02  14   4   7   7
  1.41601640131866178540E-02  14   4   8   1
  9.72806107378643147854E-03  14   4   8   2
  3.79086962418669418118E-03  14   4   8   6
 -9.73252357618518970650E-04  14   4   8   7
 -2.91465004663388413397E-02  14   4   8   8
  2.75157033693144677591E-03  14   4   9   1
  1.89033433945829483155E-03  14   4   9   2
  7.36633022002659235833E-04  14   4   9   6
  3.84370155356893216173E-03  14   4   9   7
 -2.42636936850244193734E-03  14   4   9   8
 -2.57245636776095125409E-02  14   4   9   9
  1.47684167469610562982E-03  14   4  10   1
  1.01459319216766182328E-03  14   4  10   2
  3.95370720220814442399E-04  14   4  10   6
  7.18721028782722047394E-04  14   4  10   7
 -8.61949047808121052161E-03  14   4  10   8
 -4.38269594752766725870E-03  14   4  10   9
 -2.59893344724680258606E-02  14   4  10  10
 -1.21168252034335963163E-04  14   4  11   1
 -8.32428321378388602278E-05  14   4  11   2
 -3.24383987095689651776E-05  14   4  11   6
 -1.29903677044829212774E-03  14   4  11   7
 -4.74634953142572587476E-03  14   4  11   8
  5.26305767112361568699E-03  14   4  11   9
 -7.21558401965162292402E-04  14   4  11  10
 -2.79624336163563358415E-02  14   4  11  11
  5.03017278365600322559E-03  14   4  12   3
 -1.23892084875640417357E-02  14   4  12   4
  8.95495873741081888086E-03  14   4  12   5
 -4.05634089595208677248E-02  14   4  12  12
  1.06659055884482188020E-02  14   4  13   3
  6.40566993468021095293E-03  14   4  13   4
 -4.04825821152635968725E-03  14   4  13   5
 -4.05634089595208816026E-02  14   4  13  13
  6.11036285966990453181E-04  14   4  14   3
  1.52938537365427690978E-02  14   4  14   4
  1.65672895790304974817E-01  14   5   1   1
  8.26659918783720221169E-02  14   5   2   1
  4.73985412415824716725E-02  14   5   2   2
  7.31272503660118367019E-02  14   5   3   3
  7.31272503660119616020E-02  14   5   4   4
  6.73715434782956406039E-05  14   5   5   3
  3.01584046530058971693E-04  14   5   5   4
  7.00546213839401271661E-02  14   5   5   5
  7.86335313257324752811E-02  14   5   6   1
  5.79777174108806400699E-02  14   5   6   2
  1.77250477824827668005E-01  14   5   6   6
 -9.99841143231311978157E-03  14   5   7   1
 -6.86892870476708047173E-03  14   5   7   2
 -2.67671152350933312658E-03  14   5   7   6
  1.43690921794879772344E-01  14   5   7   7
  2.13394178726441846247E-04  14   5   8   1
  1.46602228724768959486E-04  14   5   8   2
  5.71285409801180013058E-05  14   5   8   6
 -6.75899350850378143225E-04  14   5   8   7
  1.50152763291238944277E-01  14   5   8   8
 -6.69119145040943195252E-03  14   5   9   1
 -4.59686194491553627023E-03  14   5   9   2
 -1.79132348999306743528E-03  14   5   9   6
 -7.15423429348381145591E-04  14   5   9   7
 -2.74094069886081576678E-04  14   5   9   8
  1.50546789998493579787E-01  14   5   9   9
 -9.88962967410597637574E-03  14   5  10   1
 -6.79419541872830663742E-03  14   5  10   2
 -2.64758915865046483284E-03  14   5  10   6
  9.80665904020428490229E-03  14   5  10   7
  4.35841019238662871673E-04  14   5  10   8
  2.41939750275567671406E-03  14   5  10   9
  1.41948469706363850085E-01  14   5  10  10
  5.97055289928308946523E-03  14   5  11   1
  4.10178181512659695285E-03  14   5  11   2
  1.59839869117443388220E-03  14   5  11   6
 -4.89151280874084055938E-03  14   5  11   7
 -4.73540168603890068624E-04  14   5  11   8
 -3.37897574791114424855E-03  14   5  11   9
 -5.02907772640818866161E-03  14   5  11  10
  1.35621230830674288637E-01  14   5  11  11
 -2.81032965149855505638E-02  14   5  12   3
  5.20161366519746801163E-02  14   5  12   4
  1.09085931549771242982E-02  14   5  12   5
  2.06636105945727399646E-01  14   5  12  12
 -5.30254485512624898491E-02  14   5  13   3
 -2.67750272762194291287E-02  14   5  13   4
 -9.21104187637902110941E-03  14   5  13   5
  2.06636105945727566180E-01  14   5  13  13
 -3.11271074010962146145E-03  14   5  14   3
 -1.39338339633292476044E-02  14   5  14   4
  8.35396379854345949578E-02  14   5  14   5
 -2.67933196894619852363E-03  14   6   3   1
 -3.59524100647281479384E-04  14   6   3   2
 -1.19938439209492687942E-02  14   6   4   1
 -1.60938472685006402248E-03  14   6   4   2
  6.10984447983408396343E-02  14   6   5   1
  8.19844784881600292803E-03  14   6   5   2
  6.93238585537762257507E-04  14   6   6   3
  3.10323449698918056583E-03  14   6   6   4
 -1.58083432517766749037E-02  14   6   6   5
 -2.03171879968443956643E-02  14   6   7   3
 -5.73625283955970111799E-03  14   6   7   4
 -3.28323461808650435279E-02  14   6   7   5
 -9.45349306275548688372E-03  14   6   8   3
  4.64985272916709213575E-02  14   6   8   4
  7.00734471306670506086E-04  14   6   8   5
  4.09792062513033850113E-02  14   6   9   3
  9.03548633247552510084E-03  14   6   9   4
 -2.19722418455686463457E-02  14   6   9   5
 -8.76959366919127791817E-03  14   6  10   3
  4.84958810169034207349E-03  14   6  10   4
 -3.24751334008351322247E-02  14   6  10   5
 -3.91459458743360390331E-03  14   6  11   3
 -3.97887006736294824693E-04  14   6  11   4
  1.96058404885102004200E-02  14   6  11   5
 -4.92220869752081039046E-04  14   6  12   7
  4.69306979212065489282E-02  14   6  12   8
 -1.51525397064426678440E-02  14   6  12   9
  3.56718509496638420952E-03  14   6  12  10
  4.61801510469648894552E-03  14   6  12  11
  2.57477188954503451168E-02  14   6  13   7
 -1.32239706009474912440E-02  14   6  13   8
 -3.90529989438417185488E-02  14   6  13   9
  1.00998825385437644014E-02  14   6  13  10
  1.19173853948749061682E-03  14   6  13  11
  9.78574241699526614635E-02  14   6  14   1
  6.80507096688443419152E-02  14   6  14   2
  8.86739119900030459132E-02  14   6  14   6
 -2.50794058333844022135E-02  14   7   3   1
 -7.37721848607496982764E-03  14   7   3   2
 -7.08079351082283297431E-03  14   7   4   1
 -2.08284682385045504666E-03  14   7   4   2
 -4.05280363827893591600E-02  14   7   5   1
 -1.19215016971989627714E-02  14   7   5   2
  7.19719800373471579880E-03  14   7   6   3
  2.03202074481021854185E-03  14   7   6   4
  1.16305906323035807004E-02  14   7   6   5
  6.96008430866703036582E-03  14   7   7   3
 -2.32995057663941268489E-02  14   7   7   4
  4.27304453290871244509E-02  14   7   7   5
  1.15042026421274066333E-02  14   7   8   3
 -2.70780841311267714278E-02  14   7   8   4
 -7.27665825600127928741E-03  14   7   8   5
 -3.23660395515287177548E-02  14   7   9   3
 -5.41677392308227093759E-03  14   7   9   4
 -6.59799358421785803186E-03  14   7   9   5
 -1.10097336606066725090E-02  14   7  10   3
  6.87622404728050699158E-03  14   7  10   4
  3.15805007500211468163E-02  14   7  10   5
 -1.58992093390906072403E-02  14   7  11   3
 -5.39924728764490033384E-03  14   7  11   4
 -1.59423322445147036541E-02  14   7  11   5
 -8.93356750279987758476E-04  14   7  12   1
 -5.49653187507380923404E-04  14   7  12   2
 -4.92220869752119528223E-04  14   7  12   6
 -1.99593642406133801870E-02  14   7  12   7
 -3.20813562595695309088E-02  14   7  12   8
  1.21138854780830033248E-02  14   7  12   9
  1.69432949272169189325E-02  14   7  12  10
  2.79101421331397854184E-04  14   7  12  11
  4.67308476602113220810E-02  14   7  13   1
  2.87519620390244215469E-02  14   7  13   2
  2.57477188954503659335E-02  14   7  13   6
 -1.26501955732866155913E-03  14   7  13   7
  9.94354768379598907835E-06  14   7  13   8
  3.26905763943129146210E-02  14   7  13   9
  1.74993577538339224742E-03  14   7  13  10
  2.09446576309304105523E-02  14   7  13  11
 -5.71240050151342049212E-02  14   7  14   1
 -3.51465318081660427207E-02  14   7  14   2
 -3.14741310495055964802E-02  14   7  14   6
  5.71404579282154545528E-02  14   7  14   7
 -1.16693308690529705396E-02  14   8   3   1
 -3.43258544397842708940E-03  14   8   3   2
  5.73974822098233736223E-02  14   8   4   1
  1.68837240254239018267E-02  14   8   4   2
  8.64982112193414640240E-04  14   8   5   1
  2.54438325636220739195E-04  14   8   5   2
  3.34882275097083239104E-03  14   8   6   3
 -1.64717237371723931871E-02  14   8   6   4
 -2.48229466539331565696E-04  14   8   6   5
  3.06940382804572926834E-02  14   8   7   3
  2.08939863514471246830E-02  14   8   7   4
  2.98195746009625312078E-03  14   8   7   5
  2.43200492042142330310E-03  14   8   8   3
 -1.13728198186215621879E-02  14   8   8   4
  6.32598893820433688662E-02  14   8   8   5
  4.49721791564159072835E-03  14   8   9   3
  4.01282220734837120207E-03  14   8   9   4
  1.42279171164208626151E-03  14   8   9   5
 -2.29989557623059871772E-02  14   8  10   3
 -1.96397577792242622463E-02  14   8  10   4
  2.34735782008715877442E-03  14   8  10   5
  2.80180709768114918901E-02  14   8  11   3
 -4.11897943788507442386E-02  14   8  11   4
 -6.04302073344696686480E-03  14   8  11   5
  8.51769162172584803905E-02  14   8  12   1
  5.24065704839538765158E-02  14   8  12   2
  4.69306979212064795393E-02  14   8  12   6
  2.09620369108902806013E-03  14   8  12   7
 -1.76833984644793546295E-03  14   8  12   8
  4.36371930483712229445E-05  14   8  12   9
 -9.26111846231649805949E-03  14   8  12  10
 -5.30297743886746913988E-02  14   8  12  11
 -2.40008584110021697122E-02  14   8  13   1
 -1.47669431326128246240E-02  14   8  13   2
 -1.32239706009474999177E-02  14   8  13   6
 -3.95979383566108303349E-02  14   8  13   7
 -5.91296486275080628026E-03  14   8  13   8
 -6.01511139083497816532E-03  14   8  13   9
  3.23499209486484418097E-02  14   8  13  10
 -6.41288377466794207171E-03  14   8  13  11
 -1.48532512143446111114E-02  14   8  14   1
 -9.13871963496495735846E-03  14   8  14   2
 -8.18383051236786299154E-03  14   8  14   6
 -2.81850968649951984929E-03  14   8  14   7
  7.81587777677762440831E-02  14   8  14   8
  5.05844679128835544857E-02  14   9   3   1
  1.48796456452904742040E-02  14   9   3   2
  1.11533460570107517684E-02  14   9   4   1
  3.28080622244420958000E-03  14   9   4   2
 -2.71223936304510679363E-02  14   9   5   1
 -7.97817240992281830059E-03  14   9   5   2
 -1.45165493114657179197E-02  14   9   6   3
 -3.20074727885394805932E-03  14   9   6   4
  7.78348731985277920292E-03  14   9   6   5
  7.06469939840852385882E-03  14   9   7   3
  2.98398601423030263025E-02  14   9   7   4
  2.05215466964336207267E-03  14   9   7   5
  4.83331039206909545553E-03  14   9   8   3
 -1.94301035598997175191E-02  14   9   8   4
 -3.16440016060949656090E-03  14   9   8   5
 -1.29336216225715734673E-02  14   9   9   3
 -5.01234699030343299614E-04  14   9   9   4
  6.45117228178395951677E-02  14   9   9   5
  3.98942534830771036725E-02  14   9  10   3
 -1.73574613888888111546E-02  14   9  10   4
  8.38983971512401172088E-03  14   9  10   5
  2.47189447372595273722E-02  14   9  11   3
  2.50783981981545466000E-02  14   9  11   4
 -9.00898901237983176782E-03  14   9  11   5
 -2.75011168003778602720E-02  14   9  12   1
 -1.69205376291191589289E-02  14   9  12   2
 -1.51525397064426348842E-02  14   9  12   6
  2.56686988440408131451E-02  14   9  12   7
 -2.10932020113295433383E-02  14   9  12   8
  1.78564870490859999019E-02  14   9  12   9
 -3.48294703084655252190E-02  14   9  12  10
  9.31902674021102550572E-03  14   9  12  11
 -7.08792787325922823971E-02  14   9  13   1
 -4.36097018032073069360E-02  14   9  13   2
 -3.90529989438416630376E-02  14   9  13   6
 -1.87841749018541719074E-02  14   9  13   7
  4.76268687094412619676E-03  14   9  13   8
  4.01863920160715724916E-03  14   9  13   9
 -2.86786356255369079271E-02  14   9  13  10
 -3.63226075151197869140E-02  14   9  13  11
 -4.73503798382040527737E-02  14   9  14   1
 -2.91331399237724428253E-02  14   9  14   2
 -2.60890681575401059411E-02  14   9  14   6
 -4.70431826546982654463E-03  14   9  14   7
  5.00510627717572816747E-04  14   9  14   8
  7.79204670656166997755E-02  14   9  14   9
 -1.08251298682518603406E-02  14  10   3   1
 -3.18425997444983727505E-03  14  10   3   2
  5.98630027668867106122E-03  14  10   4   1
  1.76089678351137933314E-03  14  10   4   2
 -4.00870952308625336236E-02  14  10   5   1
 -1.17917969012051055550E-02  14  10   5   2
  3.10655697330123074448E-03  14  10   6   3
 -1.71792699904352330099E-03  14  10   6   4
  1.15040509208169106081E-02  14  10   6   5
  1.07497974045167084961E-02  14  10   7   3
 -2.30943200869771847819E-03  14  10   7   4
  3.07315377689491402158E-02  14  10   7   5
  2.43220643808117736179E-03  14  10   8   3
 -3.51289479014922356725E-02  14  10   8   4
  4.21999436814039091681E-04  14  10   8   5
 -2.29233501243660056645E-02  14  10   9   3
 -1.04904241733267851455E-02  14  10   9   4
  6.98314202782776213829E-03  14  10   9   5
 -5.36835001520521038626E-03  14  10  10   3
 -1.34241862825043296696E-03  14  10  10   4
  3.71946282270571026984E-02  14  10  10   5
 -3.95677080189376761260E-03  14  10  11   3
 -5.31855154579890469085E-03  14  10  11   4
 -1.64735141546080154917E-02  14  10  11   5
  6.47426608646512954937E-03  14  10  12   1
  3.98340415526173084043E-03  14  10  12   2
  3.56718509496640936302E-03  14  10  12   6
 -1.21335921905671808609E-03  14  10  12   7
 -3.47363173128140134693E-02  14  10  12   8
 -2.34659799891684227861E-06  14  10  12   9
  8.08888631663052214138E-03  14  10  12  10
 -5.49918584640426630350E-03  14  10  12  11
  1.83307917183341759215E-02  14  10  13   1
  1.12783365596759339866E-02  14  10  13   2
  1.00998825385437800140E-02  14  10  13   6
 -1.31254474958367485515E-02  14  10  13   7
  1.72101342489128714131E-02  14  10  13   8
  2.35483910186389429342E-02  14  10  13   9
  7.18767547162033927644E-04  14  10  13  10
  9.40996938064012078407E-03  14  10  13  11
 -6.12527177892508156720E-02  14  10  14   1
 -3.76867937313947604094E-02  14  10  14   2
 -3.37489653662501193354E-02  14  10  14   6
  3.51092686669371573105E-02  14  10  14   7
  8.24337512154635007611E-03  14  10  14   8
  1.14857524530684144970E-02  14  10  14   9
  4.65032039971993577110E-02  14  10  14  10
 -4.83215031266469741827E-03  14  11   3   1
 -1.42139845141905029301E-03  14  11   3   2
 -4.91149155056324520155E-04  14  11   4   1
 -1.44473702852973518926E-04  14  11   4   2
  2.42013230567298086304E-02  14  11   5   1
  7.11892654186882002654E-03  14  11   5   2
  1.38671317873737182970E-03  14  11   6   3
  1.40948224283771818320E-04  14  11   6   4
 -6.94520895545991129999E-03  14  11   6   5
 -8.96086464343368374608E-03  14  11   7   3
 -2.85490215773484155501E-03  14  11   7   4
 -1.51386029959897760316E-02  14  11   7   5
  1.24586697058533691501E-03  14  11   8   3
  1.10312344030027899983E-02  14  11   8   4
  3.03412105565108863869E-03  14  11   8   5
  2.08197068301865725881E-02  14  11   9   3
  8.36335306352504852245E-03  14  11   9   4
 -1.24612044648596508034E-02  14  11   9   5
 -8.42825173883328220004E-03  14  11  10   3
  7.33730685543782586329E-04  14  11  10   4
 -1.54815159650398964652E-02  14  11  10   5
 -9.47745095443901859784E-04  14  11  11   3
 -7.61100762230371759992E-03  14  11  11   4
  1.70928203165176817446E-02  14  11  11   5
  8.38147104317887511882E-03  14  11  12   1
  5.15684498207476683246E-03  14  11  12   2
  4.61801510469650282331E-03  14  11  12   6
 -6.11326340829488907441E-04  14  11  12   7
  5.93578654325960242133E-03  14  11  12   8
 -3.86207449904100302840E-03  14  11  12   9
  1.95965367468137760878E-03  14  11  12  10
 -4.21766927865520162289E-03  14  11  12  11
  2.16294703098666432281E-03  14  11  13   1
  1.33079056000731795958E-03  14  11  13   2
  1.19173853948752140816E-03  14  11  13   6
  1.36157907895882394206E-02  14  11  13   7
 -7.44124072774915261419E-03  14  11  13   8
 -2.49830954142435078535E-02  14  11  13   9
  1.04993727698491183531E-02  14  11  13  10
  2.44057767131043322137E-03  14  11  13  11
  3.68073914685837361160E-02  14  11  14   1
  2.26463840321326076443E-02  14  11  14   2
  2.02801022506341292739E-02  14  11  14   6
 -1.62154405150683952885E-02  14  11  14   7
  9.30519435151517994992E-04  14  11  14   8
 -1.71650823891319817549E-02  14  11  14   9
 -1.74394171545549162006E-02  14  11  14  10
  2.47094407001769815480E-02  14  11  14  11
  1.35674862949165938794E-03  14  12   3   3
  1.76863840823932223258E-03  14  12   4   3
 -1.13527404897402241224E-02  14  12   4   4
 -1.56885598305682993914E-02  14  12   5   3
  2.79351592164135756335E-02  14  12   5   4
  9.99599186024843072707E-03  14  12   5   5
 -6.57232809820235174339E-04  14  12   7   1
 -2.71220409248800668842E-04  14  12   7   2
  7.10594177550145667541E-05  14  12   7   6
 -2.43042766170877208576E-02  14  12   7   7
  6.26637275195459642063E-02  14  12   8   1
  2.58594543196290077569E-02  14  12   8   2
 -6.77514561867016695818E-03  14  12   8   6
 -1.82562789486808499384E-02  14  12   8   7
 -2.15328605976526643584E-03  14  12   8   8
 -2.02322714439021646149E-02  14  12   9   1
 -8.34925593953420377979E-03  14  12   9   2
  2.18749491380231019313E-03  14  12   9   6
  2.30036981539928388207E-02  14  12   9   7
 -1.28159003424524551434E-02  14  12   9   8
  2.17436284752670280773E-02  14  12   9   9
  4.76304689050345043955E-03  14  12  10   1
  1.96556761563228005879E-03  14  12  10   2
 -5.14976327599549806718E-04  14  12  10   6
  9.57707630391894763899E-03  14  12  10   7
 -2.67875729063918391337E-02  14  12  10   8
 -2.12071412437043992083E-02  14  12  10   9
  9.84973910960204243614E-03  14  12  10  10
  6.16615675922190138725E-03  14  12  11   1
  2.54458927603744104740E-03  14  12  11   2
 -6.66679299252394123344E-04  14  12  11   6
 -2.02273134685865290825E-04  14  12  11   7
 -2.86728899227092319524E-02  14  12  11   8
  3.32243239706410224688E-03  14  12  11   9
 -2.15502277426223021184E-03  14  12  11  10
 -5.13580490801644664461E-03  14  12  11  11
 -9.39250514345330847141E-04  14  12  12   3
 -4.20448985131171692337E-03  14  12  12   4
  2.14183036546650718002E-02  14  12  12   5
 -1.01879909303692322425E-02  14  12  14   3
  1.90439924952427487581E-02  14  12  14   4
  3.29163310922860920249E-03  14  12  14   5
  8.33286058311237948226E-02  14  12  14  12
  2.57067751045353398709E-03  14  13   3   3
  6.40936143155858024240E-03  14  13   4   3
  5.86977840467766982108E-03  14  13   4   4
 -2.91252969754451362938E-02  14  13   5   3
 -1.41223211125554096168E-02  14  13   5   4
 -8.44045591513196621913E-03  14  13   5   5
  3.43793745369658856892E-02  14  13   7   1
  1.41873441074627862357E-02  14  13   7   2
 -3.71706692191408347506E-03  14  13   7   6
 -1.54039902657753901942E-03  14  13   7   7
 -1.76571695536156050843E-02  14  13   8   1
 -7.28658807191518223534E-03  14  13   8   2
  1.90907722337421703607E-03  14  13   8   6
 -2.41029114192473116474E-02  14  13   8   7
 -7.20014585229115933185E-03  14  13   8   8
 -5.21451116867408942523E-02  14  13   9   1
 -2.15187347933399678035E-02  14  13   9   2
  5.63788237572192089953E-03  14  13   9   6
  8.46682851584183888971E-03  14  13   9   7
 -7.62531100853234503761E-04  14  13   9   8
  4.89344838857075532801E-03  14  13   9   9
  1.34857633789575732247E-02  14  13  10   1
  5.56517296157813933649E-03  14  13  10   2
 -1.45806855557491688198E-03  14  13  10   6
 -6.92591157167852036758E-03  14  13  10   7
  3.01743401282466780500E-02  14  13  10   8
 -3.12351842814850540545E-03  14  13  10   9
  8.75234555520570207607E-04  14  13  10  10
  1.59125652122980680570E-03  14  13  11   1
  6.56664181183907341190E-04  14  13  11   2
 -1.72045217779743251155E-04  14  13  11   6
  2.10419201808469610859E-02  14  13  11   7
 -8.43499998635151293502E-03  14  13  11   8
 -3.73256067737971347631E-02  14  13  11   9
  1.21216826612425086079E-02  14  13  11  10
  2.97186193477613509045E-03  14  13  11  11
 -9.39250514345391670883E-04  14  13  13   3
 -4.20448985131167789209E-03  14  13  13   4
  2.14183036546650648613E-02  14  13  13   5
 -1.93035309504746739606E-02  14  13  14   3
 -9.84643452287543505252E-03  14  13  14   4
 -2.77940243806305917890E-03  14  13  14   5
  8.33286058311238780894E-02  14  13  14  13
  1.15502801642971175689E+00  14  14   1   1
  3.22196068891795806000E-01  14  14   2   1
  6.22491728025590163043E-01  14  14   2   2
  8.10769296610029832628E-01  14  14   3   3
  5.59917640530447312253E-04  14  14   4   3
  8.13150647863492559431E-01  14  14   4   4
 -2.85230467205050894353E-03  14  14   5   3
 -1.27681442419497158391E-02  14  14   5   4
  8.75687062427360163319E-01  14  14   5   5
  2.79558126413753105233E-01  14  14   6   1
  2.72188052861870033450E-01  14  14   6   2
  1.22162726814347943893E+00  14  14   6   6
 -4.20255069573439998809E-02  14  14   7   1
 -1.73426752675015921623E-02  14  14   7   2
  4.54375985286905193644E-03  14  14   7   6
  1.06998293688480372587E+00  14  14   7   7
 -1.09273747889744015510E-02  14  14   8   1
 -4.50940217529844158961E-03  14  14   8   2
  1.18145789207948700983E-03  14  14   8   6
 -3.43206518217835853876E-03  14  14   8   7
  1.09557669093673215599E+00  14  14   8   8
 -3.48351575978637084674E-02  14  14   9   1
 -1.43754322041892666773E-02  14  14   9   2
  3.76634577477402612139E-03  14  14   9   6
 -5.72839149786858597979E-03  14  14   9   7
  6.09465742455238355252E-04  14  14   9   8
  1.09528650287481421621E+00  14  14   9   9
 -4.50629558786434722406E-02  14  14  10   1
 -1.85961399868489057896E-02  14  14  10   2
  4.87216608667752869299E-03  14  14  10   6
  4.27521321429958495175E-02  14  14  10   7
  1.00378582602751141584E-02  14  14  10   8
  1.39860619511493425998E-02  14  14  10   9
  1.05703008132943909736E+00  14  14  10  10
  2.70787961354402792469E-02  14  14  11   1
  1.11746128009467208392E-02  14  14  11   2
 -2.92773497935731527586E-03  14  14  11   6
 -1.97453459436467207433E-02  14  14  11   7
  1.13308227040019885920E-03  14  14  11   8
 -2.09017133768054814980E-02  14  14  11   9
 -2.12357675051904823404E-02  14  14  11  10
  1.03049207915097396082E+00  14  14  11  11
 -9.82900797002832504745E-02  14  14  12   3
  1.83729604095865195479E-01  14  14  12   4
  3.17564947653962842411E-02  14  14  12   5
  1.29106222444487706014E+00  14  14  12  12
 -1.86233537955286965193E-01  14  14  13   3
 -9.49948660763061669687E-02  14  14  13   4
 -2.68146771059672994753E-02  14  14  13   5
  1.29106222444487772627E+00  14  14  13  13
 -1.09400528640332325714E-02  14  14  14   3
 -4.89723886621442616729E-02  14  14  14   4
  2.49472713255057931825E-01  14  14  14   5
  1.45771943610712639838E+00  14  14  14  14
 -1.94354355252520472064E+00   1   1   0   0
 -2.55333030223414580995E-01   2   1   0   0
 -4.10437235151611290451E-01   2   2   0   0
  5.39734067607475082040E-02   3   3   0   0
  5.39734067607476053485E-02   4   4   0   0
  5.39734067607476122874E-02   5   5   0   0
 -2.04992780612968689136E-01   6   1   0   0
 -3.19058355550544625601E-01   6   2   0   0
  2.64678318975636317489E+00   6   6   0   0
  4.49144715419688633773E+00   7   7   0   0
  4.49144715419688989044E+00   8   8   0   0
  4.49144715419688900226E+00   9   9   0   0
  4.49144715419689699587E+00  10  10   0   0
  4.49144715419689255498E+00  11  11   0   0
  1.19898700229729107680E-01  12   3   0   0
 -2.24121709861158008303E-01  12   4   0   0
 -3.87380136208420600141E-02  12   5   0   0
  5.69263590561778620724E+00  12  12   0   0
  2.27176122026875509929E-01  13   3   0   0
  1.15879049094041022827E-01  13   4   0   0
  3.27097601496413314948E-02  13   5   0   0
  5.69263590561779153632E+00  13  13   0   0
  1.10536921979802471583E-02  14   3   0   0
  4.94810872670349982672E-02  14   4   0   0
 -2.52064100456253603610E-01  14   5   0   0
  5.69263590561779775356E+00  14  14   0   0
  0.00000000000000000000E+00   0   0   0   0
