  SCINE QCMaquis 
  Quantum Chemical Density Matrix Renormalization group
  available from https://scine.ethz.ch/download/qcmaquis
  based on the ALPS MPS codes from http://alps.comp-phys.org
  copyright (c) 2015-2018 Laboratory of Physical Chemistry, ETH Zurich
  copyright (c) 2012-2016 by Sebastian Keller
  copyright (c) 2016-2021 by Alberto Baiardi, Leon Freitag,
  Stefan Knecht, Yingjin Ma
  For details on tcDMRG see the following publications:
   - A. Baiardi, M. Reiher, J. Chem. Phys. 153, 164115 (2020)
   - A. Baiardi, M. Lesiuk, M. Reiher, J. Chem. Theory Comput. 18, 4203 (2022)
This binary contains symmetries: 2u1 2u1pg su2u1 su2u1pg 
DMRG version 2.2.0-29f2113cd07d67f39f54cb2cb0e85ebfa1239c04 (TranscorrelatedHamiltonian) release-3.1.2-gitlab
Disk storage of boundaries disabled
Retrieving integrals from the file FCIDUMP_he_tz
The hamiltonian will contain 23930 terms
MPO Bond 0: 122/46
MPO Bond 1: 134/52
MPO Bond 2: 214/92
MPO Bond 3: 266/118
MPO Bond 4: 306/140
MPO Bond 5: 344/160
MPO Bond 6: 436/206
MPO Bond 7: 548/262
MPO Bond 8: 672/324
MPO Bond 9: 812/394
MPO Bond 10: 552/264
MPO Bond 11: 538/258
MPO Bond 12: 16/6
MPO Bond 13: 1/0
MPS initialization has finished...

 ============================== 
   STARTING tcDMRG SIMULATION = 
 ============================== 

 Number of sweeps for the preliminary TI-DMRG step:   10
 Number of sweeps for the tcDMRG step:  20
 Energy convergence threshold: -1


 == STARTING THE TI-DMRG OPTIMIZATION == 

Retrieving integrals from the file FCIDUMP_he_tz
The hamiltonian will contain 23930 terms
MPO Bond 0: 122/46
MPO Bond 1: 134/52
MPO Bond 2: 214/92
MPO Bond 3: 266/118
MPO Bond 4: 306/140
MPO Bond 5: 344/160
MPO Bond 6: 436/206
MPO Bond 7: 548/262
MPO Bond 8: 672/324
MPO Bond 9: 812/394
MPO Bond 10: 552/264
MPO Bond 11: 538/258
MPO Bond 12: 16/6
MPO Bond 13: 1/0

+----------------------------------+
 NEW SwEEP-BASED SIMULATION STARTED
+----------------------------------+

 Simulation settings:
 - Simulation type: Optimization
 - Sweep-based modality: Two site
 - Maximum number of sweeps: 20

 -------------------
   SWEEP NUMBER 0
 -------------------
 - Noise parameter: 0.01
 - Maximum bond dimension: 100
 - Truncation parameter: 1e-20

 MICROITERATION NUMBER = 0  , forward sweep
 - Left boundaries taken from index: 0
 - Right boundaries taken from index: 2

 Jacobi-Davidson diagonalization converged after 10 iterations.
 Energy = -2.866785672263493

 MICROITERATION NUMBER = 1  , forward sweep
 - Left boundaries taken from index: 1
 - Right boundaries taken from index: 3

 Jacobi-Davidson diagonalization converged after 10 iterations.
 Energy = -2.872138931749118

 MICROITERATION NUMBER = 2  , forward sweep
 - Left boundaries taken from index: 2
 - Right boundaries taken from index: 4

 Jacobi-Davidson diagonalization converged after 10 iterations.
 Energy = -2.882474189279776

 MICROITERATION NUMBER = 3  , forward sweep
 - Left boundaries taken from index: 3
 - Right boundaries taken from index: 5

 Jacobi-Davidson diagonalization converged after 10 iterations.
 Energy = -2.887199369734123

 MICROITERATION NUMBER = 4  , forward sweep
 - Left boundaries taken from index: 4
 - Right boundaries taken from index: 6

 Jacobi-Davidson diagonalization converged after 10 iterations.
 Energy = -2.89173634391289

 MICROITERATION NUMBER = 5  , forward sweep
 - Left boundaries taken from index: 5
 - Right boundaries taken from index: 7

 Jacobi-Davidson diagonalization converged after 9 iterations.
 Energy = -2.892116108332495

 MICROITERATION NUMBER = 6  , forward sweep
 - Left boundaries taken from index: 6
 - Right boundaries taken from index: 8

 Jacobi-Davidson diagonalization converged after 9 iterations.
 Energy = -2.894002606604

 MICROITERATION NUMBER = 7  , forward sweep
 - Left boundaries taken from index: 7
 - Right boundaries taken from index: 9

 Jacobi-Davidson diagonalization converged after 9 iterations.
 Energy = -2.894873098536254

 MICROITERATION NUMBER = 8  , forward sweep
 - Left boundaries taken from index: 8
 - Right boundaries taken from index: 10

 Jacobi-Davidson diagonalization converged after 9 iterations.
 Energy = -2.895294097801196

 MICROITERATION NUMBER = 9  , forward sweep
 - Left boundaries taken from index: 9
 - Right boundaries taken from index: 11

 Jacobi-Davidson diagonalization converged after 8 iterations.
 Energy = -2.896070834149311

 MICROITERATION NUMBER = 10  , forward sweep
 - Left boundaries taken from index: 10
 - Right boundaries taken from index: 12

 Jacobi-Davidson diagonalization converged after 8 iterations.
 Energy = -2.897978310021156

 MICROITERATION NUMBER = 11  , forward sweep
 - Left boundaries taken from index: 11
 - Right boundaries taken from index: 13

 Jacobi-Davidson diagonalization converged after 7 iterations.
 Energy = -2.899166297756656

 MICROITERATION NUMBER = 12  , forward sweep
 - Left boundaries taken from index: 12
 - Right boundaries taken from index: 14

 Jacobi-Davidson diagonalization converged after 1 iterations.
 Energy = -2.899166297050727

 MICROITERATION NUMBER = 13  , backward sweep
 - Left boundaries taken from index: 11
 - Right boundaries taken from index: 13

 Jacobi-Davidson diagonalization converged after 1 iterations.
 Energy = -2.899166297050729

 MICROITERATION NUMBER = 14  , backward sweep
 - Left boundaries taken from index: 10
 - Right boundaries taken from index: 12

 Jacobi-Davidson diagonalization converged after 6 iterations.
 Energy = -2.899166342358957

 MICROITERATION NUMBER = 15  , backward sweep
 - Left boundaries taken from index: 9
 - Right boundaries taken from index: 11

 Jacobi-Davidson diagonalization converged after 6 iterations.
 Energy = -2.899166475154787

 MICROITERATION NUMBER = 16  , backward sweep
 - Left boundaries taken from index: 8
 - Right boundaries taken from index: 10

 Jacobi-Davidson diagonalization converged after 7 iterations.
 Energy = -2.899166736646174

 MICROITERATION NUMBER = 17  , backward sweep
 - Left boundaries taken from index: 7
 - Right boundaries taken from index: 9

 Jacobi-Davidson diagonalization converged after 7 iterations.
 Energy = -2.899167042555354

 MICROITERATION NUMBER = 18  , backward sweep
 - Left boundaries taken from index: 6
 - Right boundaries taken from index: 8

 Jacobi-Davidson diagonalization converged after 10 iterations.
 Energy = -2.900135913744073

 MICROITERATION NUMBER = 19  , backward sweep
 - Left boundaries taken from index: 5
 - Right boundaries taken from index: 7

 Jacobi-Davidson diagonalization converged after 7 iterations.
 Energy = -2.900140244186971

 MICROITERATION NUMBER = 20  , backward sweep
 - Left boundaries taken from index: 4
 - Right boundaries taken from index: 6

 Jacobi-Davidson diagonalization converged after 10 iterations.
 Energy = -2.900142277531797

 MICROITERATION NUMBER = 21  , backward sweep
 - Left boundaries taken from index: 3
 - Right boundaries taken from index: 5

 Jacobi-Davidson diagonalization converged after 9 iterations.
 Energy = -2.900143232020076

 MICROITERATION NUMBER = 22  , backward sweep
 - Left boundaries taken from index: 2
 - Right boundaries taken from index: 4

 Jacobi-Davidson diagonalization converged after 9 iterations.
 Energy = -2.900151018256766

 MICROITERATION NUMBER = 23  , backward sweep
 - Left boundaries taken from index: 1
 - Right boundaries taken from index: 3

 Jacobi-Davidson diagonalization converged after 9 iterations.
 Energy = -2.900231860041274


 -------------------
   SWEEP NUMBER 1
 -------------------
 - Noise parameter: 0.01
 - Maximum bond dimension: 100
 - Truncation parameter: 9.999999999999999e-21

 MICROITERATION NUMBER = 0  , forward sweep
 - Left boundaries taken from index: 0
 - Right boundaries taken from index: 2

 Jacobi-Davidson diagonalization converged after 1 iterations.
 Energy = -2.900231862331146

 MICROITERATION NUMBER = 1  , forward sweep
 - Left boundaries taken from index: 1
 - Right boundaries taken from index: 3

 Jacobi-Davidson diagonalization converged after 1 iterations.
 Energy = -2.900231862331146

 MICROITERATION NUMBER = 2  , forward sweep
 - Left boundaries taken from index: 2
 - Right boundaries taken from index: 4

 Jacobi-Davidson diagonalization converged after 9 iterations.
 Energy = -2.900231957118466

 MICROITERATION NUMBER = 3  , forward sweep
 - Left boundaries taken from index: 3
 - Right boundaries taken from index: 5

 Jacobi-Davidson diagonalization converged after 9 iterations.
 Energy = -2.900232089362936

 MICROITERATION NUMBER = 4  , forward sweep
 - Left boundaries taken from index: 4
 - Right boundaries taken from index: 6

 Jacobi-Davidson diagonalization converged after 7 iterations.
 Energy = -2.900232093035077

 MICROITERATION NUMBER = 5  , forward sweep
 - Left boundaries taken from index: 5
 - Right boundaries taken from index: 7

 Jacobi-Davidson diagonalization converged after 6 iterations.
 Energy = -2.900232088747544

 MICROITERATION NUMBER = 6  , forward sweep
 - Left boundaries taken from index: 6
 - Right boundaries taken from index: 8

 Jacobi-Davidson diagonalization converged after 6 iterations.
 Energy = -2.900232095900217

 MICROITERATION NUMBER = 7  , forward sweep
 - Left boundaries taken from index: 7
 - Right boundaries taken from index: 9

 Jacobi-Davidson diagonalization converged after 6 iterations.
 Energy = -2.900232138381264

 MICROITERATION NUMBER = 8  , forward sweep
 - Left boundaries taken from index: 8
 - Right boundaries taken from index: 10

 Jacobi-Davidson diagonalization converged after 6 iterations.
 Energy = -2.900232151863702

 MICROITERATION NUMBER = 9  , forward sweep
 - Left boundaries taken from index: 9
 - Right boundaries taken from index: 11

 Jacobi-Davidson diagonalization converged after 6 iterations.
 Energy = -2.900232161099229

 MICROITERATION NUMBER = 10  , forward sweep
 - Left boundaries taken from index: 10
 - Right boundaries taken from index: 12

 Jacobi-Davidson diagonalization converged after 4 iterations.
 Energy = -2.90023216191411

 MICROITERATION NUMBER = 11  , forward sweep
 - Left boundaries taken from index: 11
 - Right boundaries taken from index: 13

 Jacobi-Davidson diagonalization converged after 3 iterations.
 Energy = -2.900232167018548

 MICROITERATION NUMBER = 12  , forward sweep
 - Left boundaries taken from index: 12
 - Right boundaries taken from index: 14

 Jacobi-Davidson diagonalization converged after 1 iterations.
 Energy = -2.900232168012807

 MICROITERATION NUMBER = 13  , backward sweep
 - Left boundaries taken from index: 11
 - Right boundaries taken from index: 13

 Jacobi-Davidson diagonalization converged after 1 iterations.
 Energy = -2.900232168012807

 MICROITERATION NUMBER = 14  , backward sweep
 - Left boundaries taken from index: 10
 - Right boundaries taken from index: 12

 Jacobi-Davidson diagonalization converged after 2 iterations.
 Energy = -2.900232169583636

 MICROITERATION NUMBER = 15  , backward sweep
 - Left boundaries taken from index: 9
 - Right boundaries taken from index: 11

 Jacobi-Davidson diagonalization converged after 3 iterations.
 Energy = -2.900232166329917

 MICROITERATION NUMBER = 16  , backward sweep
 - Left boundaries taken from index: 8
 - Right boundaries taken from index: 10

 Jacobi-Davidson diagonalization converged after 4 iterations.
 Energy = -2.900232165237067

 MICROITERATION NUMBER = 17  , backward sweep
 - Left boundaries taken from index: 7
 - Right boundaries taken from index: 9

 Jacobi-Davidson diagonalization converged after 4 iterations.
 Energy = -2.90023216792087

 MICROITERATION NUMBER = 18  , backward sweep
 - Left boundaries taken from index: 6
 - Right boundaries taken from index: 8

 Jacobi-Davidson diagonalization converged after 4 iterations.
 Energy = -2.900232168473248

 MICROITERATION NUMBER = 19  , backward sweep
 - Left boundaries taken from index: 5
 - Right boundaries taken from index: 7

 Jacobi-Davidson diagonalization converged after 5 iterations.
 Energy = -2.900232169083741

 MICROITERATION NUMBER = 20  , backward sweep
 - Left boundaries taken from index: 4
 - Right boundaries taken from index: 6

 Jacobi-Davidson diagonalization converged after 7 iterations.
 Energy = -2.900232169742951

 MICROITERATION NUMBER = 21  , backward sweep
 - Left boundaries taken from index: 3
 - Right boundaries taken from index: 5

 Jacobi-Davidson diagonalization converged after 6 iterations.
 Energy = -2.900232165676778

 MICROITERATION NUMBER = 22  , backward sweep
 - Left boundaries taken from index: 2
 - Right boundaries taken from index: 4

 Jacobi-Davidson diagonalization converged after 6 iterations.
 Energy = -2.900232168686946

 MICROITERATION NUMBER = 23  , backward sweep
 - Left boundaries taken from index: 1
 - Right boundaries taken from index: 3

 Jacobi-Davidson diagonalization converged after 6 iterations.
 Energy = -2.900232167249237


 -------------------
   SWEEP NUMBER 2
 -------------------
 - Noise parameter: 0.01
 - Maximum bond dimension: 100
 - Truncation parameter: 9.999999999999999e-21

 MICROITERATION NUMBER = 0  , forward sweep
 - Left boundaries taken from index: 0
 - Right boundaries taken from index: 2

 Jacobi-Davidson diagonalization converged after 1 iterations.
 Energy = -2.900232169005351

 MICROITERATION NUMBER = 1  , forward sweep
 - Left boundaries taken from index: 1
 - Right boundaries taken from index: 3

 Jacobi-Davidson diagonalization converged after 1 iterations.
 Energy = -2.90023216900535

 MICROITERATION NUMBER = 2  , forward sweep
 - Left boundaries taken from index: 2
 - Right boundaries taken from index: 4

 Jacobi-Davidson diagonalization converged after 4 iterations.
 Energy = -2.900232169545802

 MICROITERATION NUMBER = 3  , forward sweep
 - Left boundaries taken from index: 3
 - Right boundaries taken from index: 5

 Jacobi-Davidson diagonalization converged after 4 iterations.
 Energy = -2.900232171372163

 MICROITERATION NUMBER = 4  , forward sweep
 - Left boundaries taken from index: 4
 - Right boundaries taken from index: 6

 Jacobi-Davidson diagonalization converged after 3 iterations.
 Energy = -2.900232166294651

 MICROITERATION NUMBER = 5  , forward sweep
 - Left boundaries taken from index: 5
 - Right boundaries taken from index: 7

 Jacobi-Davidson diagonalization converged after 3 iterations.
 Energy = -2.900232167672839

 MICROITERATION NUMBER = 6  , forward sweep
 - Left boundaries taken from index: 6
 - Right boundaries taken from index: 8

 Jacobi-Davidson diagonalization converged after 3 iterations.
 Energy = -2.900232168172823

 MICROITERATION NUMBER = 7  , forward sweep
 - Left boundaries taken from index: 7
 - Right boundaries taken from index: 9

 Jacobi-Davidson diagonalization converged after 3 iterations.
 Energy = -2.90023216997622

 MICROITERATION NUMBER = 8  , forward sweep
 - Left boundaries taken from index: 8
 - Right boundaries taken from index: 10

 Jacobi-Davidson diagonalization converged after 3 iterations.
 Energy = -2.900232166580897

 MICROITERATION NUMBER = 9  , forward sweep
 - Left boundaries taken from index: 9
 - Right boundaries taken from index: 11

 Jacobi-Davidson diagonalization converged after 3 iterations.
 Energy = -2.900232166399353

 MICROITERATION NUMBER = 10  , forward sweep
 - Left boundaries taken from index: 10
 - Right boundaries taken from index: 12

 Jacobi-Davidson diagonalization converged after 2 iterations.
 Energy = -2.900232169278949

 MICROITERATION NUMBER = 11  , forward sweep
 - Left boundaries taken from index: 11
 - Right boundaries taken from index: 13

 Jacobi-Davidson diagonalization converged after 2 iterations.
 Energy = -2.900232170147113

 MICROITERATION NUMBER = 12  , forward sweep
 - Left boundaries taken from index: 12
 - Right boundaries taken from index: 14

 Jacobi-Davidson diagonalization converged after 1 iterations.
 Energy = -2.900232169008977

 MICROITERATION NUMBER = 13  , backward sweep
 - Left boundaries taken from index: 11
 - Right boundaries taken from index: 13

 Jacobi-Davidson diagonalization converged after 1 iterations.
 Energy = -2.900232169008977

 MICROITERATION NUMBER = 14  , backward sweep
 - Left boundaries taken from index: 10
 - Right boundaries taken from index: 12

 Jacobi-Davidson diagonalization converged after 1 iterations.
 Energy = -2.900232169008976

 MICROITERATION NUMBER = 15  , backward sweep
 - Left boundaries taken from index: 9
 - Right boundaries taken from index: 11

 Jacobi-Davidson diagonalization converged after 1 iterations.
 Energy = -2.900232169008976

 MICROITERATION NUMBER = 16  , backward sweep
 - Left boundaries taken from index: 8
 - Right boundaries taken from index: 10

 Jacobi-Davidson diagonalization converged after 1 iterations.
 Energy = -2.900232169008974

 MICROITERATION NUMBER = 17  , backward sweep
 - Left boundaries taken from index: 7
 - Right boundaries taken from index: 9

 Jacobi-Davidson diagonalization converged after 1 iterations.
 Energy = -2.900232169008977

 MICROITERATION NUMBER = 18  , backward sweep
 - Left boundaries taken from index: 6
 - Right boundaries taken from index: 8

 Jacobi-Davidson diagonalization converged after 1 iterations.
 Energy = -2.900232169008976

 MICROITERATION NUMBER = 19  , backward sweep
 - Left boundaries taken from index: 5
 - Right boundaries taken from index: 7

 Jacobi-Davidson diagonalization converged after 2 iterations.
 Energy = -2.900232169615251

 MICROITERATION NUMBER = 20  , backward sweep
 - Left boundaries taken from index: 4
 - Right boundaries taken from index: 6

 Jacobi-Davidson diagonalization converged after 2 iterations.
 Energy = -2.900232170980177

 MICROITERATION NUMBER = 21  , backward sweep
 - Left boundaries taken from index: 3
 - Right boundaries taken from index: 5

 Jacobi-Davidson diagonalization converged after 2 iterations.
 Energy = -2.900232169864699

 MICROITERATION NUMBER = 22  , backward sweep
 - Left boundaries taken from index: 2
 - Right boundaries taken from index: 4

 Jacobi-Davidson diagonalization converged after 2 iterations.
 Energy = -2.900232172508428

 MICROITERATION NUMBER = 23  , backward sweep
 - Left boundaries taken from index: 1
 - Right boundaries taken from index: 3

 Jacobi-Davidson diagonalization converged after 2 iterations.
 Energy = -2.900232170176982


 -------------------
   SWEEP NUMBER 3
 -------------------
 - Noise parameter: 0.0001
 - Maximum bond dimension: 100
 - Truncation parameter: 9.999999999999999e-21

 MICROITERATION NUMBER = 0  , forward sweep
 - Left boundaries taken from index: 0
 - Right boundaries taken from index: 2

 Jacobi-Davidson diagonalization converged after 1 iterations.
 Energy = -2.900232169008987

 MICROITERATION NUMBER = 1  , forward sweep
 - Left boundaries taken from index: 1
 - Right boundaries taken from index: 3

 Jacobi-Davidson diagonalization converged after 1 iterations.
 Energy = -2.900232169008987

 MICROITERATION NUMBER = 2  , forward sweep
 - Left boundaries taken from index: 2
 - Right boundaries taken from index: 4

 Jacobi-Davidson diagonalization converged after 1 iterations.
 Energy = -2.900232169008986

 MICROITERATION NUMBER = 3  , forward sweep
 - Left boundaries taken from index: 3
 - Right boundaries taken from index: 5

 Jacobi-Davidson diagonalization converged after 1 iterations.
 Energy = -2.900232169008985

 MICROITERATION NUMBER = 4  , forward sweep
 - Left boundaries taken from index: 4
 - Right boundaries taken from index: 6

 Jacobi-Davidson diagonalization converged after 1 iterations.
 Energy = -2.900232169008986

 MICROITERATION NUMBER = 5  , forward sweep
 - Left boundaries taken from index: 5
 - Right boundaries taken from index: 7

 Jacobi-Davidson diagonalization converged after 1 iterations.
 Energy = -2.900232169008985

 MICROITERATION NUMBER = 6  , forward sweep
 - Left boundaries taken from index: 6
 - Right boundaries taken from index: 8

 Jacobi-Davidson diagonalization converged after 1 iterations.
 Energy = -2.900232169008983

 MICROITERATION NUMBER = 7  , forward sweep
 - Left boundaries taken from index: 7
 - Right boundaries taken from index: 9

 Jacobi-Davidson diagonalization converged after 1 iterations.
 Energy = -2.900232169008986

 MICROITERATION NUMBER = 8  , forward sweep
 - Left boundaries taken from index: 8
 - Right boundaries taken from index: 10

 Jacobi-Davidson diagonalization converged after 1 iterations.
 Energy = -2.900232169008985

 MICROITERATION NUMBER = 9  , forward sweep
 - Left boundaries taken from index: 9
 - Right boundaries taken from index: 11

 Jacobi-Davidson diagonalization converged after 1 iterations.
 Energy = -2.900232169008987

 MICROITERATION NUMBER = 10  , forward sweep
 - Left boundaries taken from index: 10
 - Right boundaries taken from index: 12

 Jacobi-Davidson diagonalization converged after 1 iterations.
 Energy = -2.900232169008987

 MICROITERATION NUMBER = 11  , forward sweep
 - Left boundaries taken from index: 11
 - Right boundaries taken from index: 13

 Jacobi-Davidson diagonalization converged after 1 iterations.
 Energy = -2.900232169008985

 MICROITERATION NUMBER = 12  , forward sweep
 - Left boundaries taken from index: 12
 - Right boundaries taken from index: 14

 Jacobi-Davidson diagonalization converged after 1 iterations.
 Energy = -2.900232169008985

 MICROITERATION NUMBER = 13  , backward sweep
 - Left boundaries taken from index: 11
 - Right boundaries taken from index: 13

 Jacobi-Davidson diagonalization converged after 1 iterations.
 Energy = -2.900232169008986

 MICROITERATION NUMBER = 14  , backward sweep
 - Left boundaries taken from index: 10
 - Right boundaries taken from index: 12

 Jacobi-Davidson diagonalization converged after 1 iterations.
 Energy = -2.900232169008987

 MICROITERATION NUMBER = 15  , backward sweep
 - Left boundaries taken from index: 9
 - Right boundaries taken from index: 11

 Jacobi-Davidson diagonalization converged after 1 iterations.
 Energy = -2.900232169008988

 MICROITERATION NUMBER = 16  , backward sweep
 - Left boundaries taken from index: 8
 - Right boundaries taken from index: 10

 Jacobi-Davidson diagonalization converged after 1 iterations.
 Energy = -2.900232169008985

 MICROITERATION NUMBER = 17  , backward sweep
 - Left boundaries taken from index: 7
 - Right boundaries taken from index: 9

 Jacobi-Davidson diagonalization converged after 1 iterations.
 Energy = -2.900232169008987

 MICROITERATION NUMBER = 18  , backward sweep
 - Left boundaries taken from index: 6
 - Right boundaries taken from index: 8

 Jacobi-Davidson diagonalization converged after 1 iterations.
 Energy = -2.900232169008983

 MICROITERATION NUMBER = 19  , backward sweep
 - Left boundaries taken from index: 5
 - Right boundaries taken from index: 7

 Jacobi-Davidson diagonalization converged after 1 iterations.
 Energy = -2.900232169008985

 MICROITERATION NUMBER = 20  , backward sweep
 - Left boundaries taken from index: 4
 - Right boundaries taken from index: 6

 Jacobi-Davidson diagonalization converged after 1 iterations.
 Energy = -2.900232169008986

 MICROITERATION NUMBER = 21  , backward sweep
 - Left boundaries taken from index: 3
 - Right boundaries taken from index: 5

 Jacobi-Davidson diagonalization converged after 1 iterations.
 Energy = -2.900232169008985

 MICROITERATION NUMBER = 22  , backward sweep
 - Left boundaries taken from index: 2
 - Right boundaries taken from index: 4

 Jacobi-Davidson diagonalization converged after 1 iterations.
 Energy = -2.900232169008988

 MICROITERATION NUMBER = 23  , backward sweep
 - Left boundaries taken from index: 1
 - Right boundaries taken from index: 3

 Jacobi-Davidson diagonalization converged after 1 iterations.
 Energy = -2.900232169008987


 -------------------
   SWEEP NUMBER 4
 -------------------
 - Noise parameter: 0.0001
 - Maximum bond dimension: 100
 - Truncation parameter: 9.999999999999999e-21

 MICROITERATION NUMBER = 0  , forward sweep
 - Left boundaries taken from index: 0
 - Right boundaries taken from index: 2

 Jacobi-Davidson diagonalization converged after 1 iterations.
 Energy = -2.900232169008987

 MICROITERATION NUMBER = 1  , forward sweep
 - Left boundaries taken from index: 1
 - Right boundaries taken from index: 3

 Jacobi-Davidson diagonalization converged after 1 iterations.
 Energy = -2.900232169008987

 MICROITERATION NUMBER = 2  , forward sweep
 - Left boundaries taken from index: 2
 - Right boundaries taken from index: 4

 Jacobi-Davidson diagonalization converged after 1 iterations.
 Energy = -2.900232169008986

 MICROITERATION NUMBER = 3  , forward sweep
 - Left boundaries taken from index: 3
 - Right boundaries taken from index: 5

 Jacobi-Davidson diagonalization converged after 1 iterations.
 Energy = -2.900232169008985

 MICROITERATION NUMBER = 4  , forward sweep
 - Left boundaries taken from index: 4
 - Right boundaries taken from index: 6

 Jacobi-Davidson diagonalization converged after 1 iterations.
 Energy = -2.900232169008986

 MICROITERATION NUMBER = 5  , forward sweep
 - Left boundaries taken from index: 5
 - Right boundaries taken from index: 7

 Jacobi-Davidson diagonalization converged after 1 iterations.
 Energy = -2.900232169008985

 MICROITERATION NUMBER = 6  , forward sweep
 - Left boundaries taken from index: 6
 - Right boundaries taken from index: 8

 Jacobi-Davidson diagonalization converged after 1 iterations.
 Energy = -2.900232169008983

 MICROITERATION NUMBER = 7  , forward sweep
 - Left boundaries taken from index: 7
 - Right boundaries taken from index: 9

 Jacobi-Davidson diagonalization converged after 1 iterations.
 Energy = -2.900232169008986

 MICROITERATION NUMBER = 8  , forward sweep
 - Left boundaries taken from index: 8
 - Right boundaries taken from index: 10

 Jacobi-Davidson diagonalization converged after 1 iterations.
 Energy = -2.900232169008985

 MICROITERATION NUMBER = 9  , forward sweep
 - Left boundaries taken from index: 9
 - Right boundaries taken from index: 11

 Jacobi-Davidson diagonalization converged after 1 iterations.
 Energy = -2.900232169008987

 MICROITERATION NUMBER = 10  , forward sweep
 - Left boundaries taken from index: 10
 - Right boundaries taken from index: 12

 Jacobi-Davidson diagonalization converged after 1 iterations.
 Energy = -2.900232169008987

 MICROITERATION NUMBER = 11  , forward sweep
 - Left boundaries taken from index: 11
 - Right boundaries taken from index: 13

 Jacobi-Davidson diagonalization converged after 1 iterations.
 Energy = -2.900232169008986

 MICROITERATION NUMBER = 12  , forward sweep
 - Left boundaries taken from index: 12
 - Right boundaries taken from index: 14

 Jacobi-Davidson diagonalization converged after 1 iterations.
 Energy = -2.900232169008985

 MICROITERATION NUMBER = 13  , backward sweep
 - Left boundaries taken from index: 11
 - Right boundaries taken from index: 13

 Jacobi-Davidson diagonalization converged after 1 iterations.
 Energy = -2.900232169008986

 MICROITERATION NUMBER = 14  , backward sweep
 - Left boundaries taken from index: 10
 - Right boundaries taken from index: 12

 Jacobi-Davidson diagonalization converged after 1 iterations.
 Energy = -2.900232169008987

 MICROITERATION NUMBER = 15  , backward sweep
 - Left boundaries taken from index: 9
 - Right boundaries taken from index: 11

 Jacobi-Davidson diagonalization converged after 1 iterations.
 Energy = -2.900232169008988

 MICROITERATION NUMBER = 16  , backward sweep
 - Left boundaries taken from index: 8
 - Right boundaries taken from index: 10

 Jacobi-Davidson diagonalization converged after 1 iterations.
 Energy = -2.900232169008985

 MICROITERATION NUMBER = 17  , backward sweep
 - Left boundaries taken from index: 7
 - Right boundaries taken from index: 9

 Jacobi-Davidson diagonalization converged after 1 iterations.
 Energy = -2.900232169008987

 MICROITERATION NUMBER = 18  , backward sweep
 - Left boundaries taken from index: 6
 - Right boundaries taken from index: 8

 Jacobi-Davidson diagonalization converged after 1 iterations.
 Energy = -2.900232169008983

 MICROITERATION NUMBER = 19  , backward sweep
 - Left boundaries taken from index: 5
 - Right boundaries taken from index: 7

 Jacobi-Davidson diagonalization converged after 1 iterations.
 Energy = -2.900232169008985

 MICROITERATION NUMBER = 20  , backward sweep
 - Left boundaries taken from index: 4
 - Right boundaries taken from index: 6

 Jacobi-Davidson diagonalization converged after 1 iterations.
 Energy = -2.900232169008986

 MICROITERATION NUMBER = 21  , backward sweep
 - Left boundaries taken from index: 3
 - Right boundaries taken from index: 5

 Jacobi-Davidson diagonalization converged after 1 iterations.
 Energy = -2.900232169008985

 MICROITERATION NUMBER = 22  , backward sweep
 - Left boundaries taken from index: 2
 - Right boundaries taken from index: 4

 Jacobi-Davidson diagonalization converged after 1 iterations.
 Energy = -2.900232169008988

 MICROITERATION NUMBER = 23  , backward sweep
 - Left boundaries taken from index: 1
 - Right boundaries taken from index: 3

 Jacobi-Davidson diagonalization converged after 1 iterations.
 Energy = -2.900232169008987


 -------------------
   SWEEP NUMBER 5
 -------------------
 - Noise parameter: 0.0001
 - Maximum bond dimension: 100
 - Truncation parameter: 9.999999999999999e-21

 MICROITERATION NUMBER = 0  , forward sweep
 - Left boundaries taken from index: 0
 - Right boundaries taken from index: 2

 Jacobi-Davidson diagonalization converged after 1 iterations.
 Energy = -2.900232169008987

 MICROITERATION NUMBER = 1  , forward sweep
 - Left boundaries taken from index: 1
 - Right boundaries taken from index: 3

 Jacobi-Davidson diagonalization converged after 1 iterations.
 Energy = -2.900232169008987

 MICROITERATION NUMBER = 2  , forward sweep
 - Left boundaries taken from index: 2
 - Right boundaries taken from index: 4

 Jacobi-Davidson diagonalization converged after 1 iterations.
 Energy = -2.900232169008986

 MICROITERATION NUMBER = 3  , forward sweep
 - Left boundaries taken from index: 3
 - Right boundaries taken from index: 5

 Jacobi-Davidson diagonalization converged after 1 iterations.
 Energy = -2.900232169008985

 MICROITERATION NUMBER = 4  , forward sweep
 - Left boundaries taken from index: 4
 - Right boundaries taken from index: 6

 Jacobi-Davidson diagonalization converged after 1 iterations.
 Energy = -2.900232169008987

 MICROITERATION NUMBER = 5  , forward sweep
 - Left boundaries taken from index: 5
 - Right boundaries taken from index: 7

 Jacobi-Davidson diagonalization converged after 1 iterations.
 Energy = -2.900232169008985

 MICROITERATION NUMBER = 6  , forward sweep
 - Left boundaries taken from index: 6
 - Right boundaries taken from index: 8

 Jacobi-Davidson diagonalization converged after 1 iterations.
 Energy = -2.900232169008983

 MICROITERATION NUMBER = 7  , forward sweep
 - Left boundaries taken from index: 7
 - Right boundaries taken from index: 9

 Jacobi-Davidson diagonalization converged after 1 iterations.
 Energy = -2.900232169008986

 MICROITERATION NUMBER = 8  , forward sweep
 - Left boundaries taken from index: 8
 - Right boundaries taken from index: 10

 Jacobi-Davidson diagonalization converged after 1 iterations.
 Energy = -2.900232169008985

 MICROITERATION NUMBER = 9  , forward sweep
 - Left boundaries taken from index: 9
 - Right boundaries taken from index: 11

 Jacobi-Davidson diagonalization converged after 1 iterations.
 Energy = -2.900232169008987

 MICROITERATION NUMBER = 10  , forward sweep
 - Left boundaries taken from index: 10
 - Right boundaries taken from index: 12

 Jacobi-Davidson diagonalization converged after 1 iterations.
 Energy = -2.900232169008987

 MICROITERATION NUMBER = 11  , forward sweep
 - Left boundaries taken from index: 11
 - Right boundaries taken from index: 13

 Jacobi-Davidson diagonalization converged after 1 iterations.
 Energy = -2.900232169008986

 MICROITERATION NUMBER = 12  , forward sweep
 - Left boundaries taken from index: 12
 - Right boundaries taken from index: 14

 Jacobi-Davidson diagonalization converged after 1 iterations.
 Energy = -2.900232169008985

 MICROITERATION NUMBER = 13  , backward sweep
 - Left boundaries taken from index: 11
 - Right boundaries taken from index: 13

 Jacobi-Davidson diagonalization converged after 1 iterations.
 Energy = -2.900232169008986

 MICROITERATION NUMBER = 14  , backward sweep
 - Left boundaries taken from index: 10
 - Right boundaries taken from index: 12

 Jacobi-Davidson diagonalization converged after 1 iterations.
 Energy = -2.900232169008987

 MICROITERATION NUMBER = 15  , backward sweep
 - Left boundaries taken from index: 9
 - Right boundaries taken from index: 11

 Jacobi-Davidson diagonalization converged after 1 iterations.
 Energy = -2.900232169008988

 MICROITERATION NUMBER = 16  , backward sweep
 - Left boundaries taken from index: 8
 - Right boundaries taken from index: 10

 Jacobi-Davidson diagonalization converged after 1 iterations.
 Energy = -2.900232169008985

 MICROITERATION NUMBER = 17  , backward sweep
 - Left boundaries taken from index: 7
 - Right boundaries taken from index: 9

 Jacobi-Davidson diagonalization converged after 1 iterations.
 Energy = -2.900232169008987

 MICROITERATION NUMBER = 18  , backward sweep
 - Left boundaries taken from index: 6
 - Right boundaries taken from index: 8

 Jacobi-Davidson diagonalization converged after 1 iterations.
 Energy = -2.900232169008983

 MICROITERATION NUMBER = 19  , backward sweep
 - Left boundaries taken from index: 5
 - Right boundaries taken from index: 7

 Jacobi-Davidson diagonalization converged after 1 iterations.
 Energy = -2.900232169008985

 MICROITERATION NUMBER = 20  , backward sweep
 - Left boundaries taken from index: 4
 - Right boundaries taken from index: 6

 Jacobi-Davidson diagonalization converged after 1 iterations.
 Energy = -2.900232169008986

 MICROITERATION NUMBER = 21  , backward sweep
 - Left boundaries taken from index: 3
 - Right boundaries taken from index: 5

 Jacobi-Davidson diagonalization converged after 1 iterations.
 Energy = -2.900232169008985

 MICROITERATION NUMBER = 22  , backward sweep
 - Left boundaries taken from index: 2
 - Right boundaries taken from index: 4

 Jacobi-Davidson diagonalization converged after 1 iterations.
 Energy = -2.900232169008988

 MICROITERATION NUMBER = 23  , backward sweep
 - Left boundaries taken from index: 1
 - Right boundaries taken from index: 3

 Jacobi-Davidson diagonalization converged after 1 iterations.
 Energy = -2.900232169008987


 -------------------
   SWEEP NUMBER 6
 -------------------
 - Noise parameter: 1e-08
 - Maximum bond dimension: 100
 - Truncation parameter: 9.999999999999999e-21

 MICROITERATION NUMBER = 0  , forward sweep
 - Left boundaries taken from index: 0
 - Right boundaries taken from index: 2

 Jacobi-Davidson diagonalization converged after 1 iterations.
 Energy = -2.900232169008987

 MICROITERATION NUMBER = 1  , forward sweep
 - Left boundaries taken from index: 1
 - Right boundaries taken from index: 3

 Jacobi-Davidson diagonalization converged after 1 iterations.
 Energy = -2.900232169008987

 MICROITERATION NUMBER = 2  , forward sweep
 - Left boundaries taken from index: 2
 - Right boundaries taken from index: 4

 Jacobi-Davidson diagonalization converged after 1 iterations.
 Energy = -2.900232169008986

 MICROITERATION NUMBER = 3  , forward sweep
 - Left boundaries taken from index: 3
 - Right boundaries taken from index: 5

 Jacobi-Davidson diagonalization converged after 1 iterations.
 Energy = -2.900232169008985

 MICROITERATION NUMBER = 4  , forward sweep
 - Left boundaries taken from index: 4
 - Right boundaries taken from index: 6

 Jacobi-Davidson diagonalization converged after 1 iterations.
 Energy = -2.900232169008987

 MICROITERATION NUMBER = 5  , forward sweep
 - Left boundaries taken from index: 5
 - Right boundaries taken from index: 7

 Jacobi-Davidson diagonalization converged after 1 iterations.
 Energy = -2.900232169008985

 MICROITERATION NUMBER = 6  , forward sweep
 - Left boundaries taken from index: 6
 - Right boundaries taken from index: 8

 Jacobi-Davidson diagonalization converged after 1 iterations.
 Energy = -2.900232169008983

 MICROITERATION NUMBER = 7  , forward sweep
 - Left boundaries taken from index: 7
 - Right boundaries taken from index: 9

 Jacobi-Davidson diagonalization converged after 1 iterations.
 Energy = -2.900232169008986

 MICROITERATION NUMBER = 8  , forward sweep
 - Left boundaries taken from index: 8
 - Right boundaries taken from index: 10

 Jacobi-Davidson diagonalization converged after 1 iterations.
 Energy = -2.900232169008985

 MICROITERATION NUMBER = 9  , forward sweep
 - Left boundaries taken from index: 9
 - Right boundaries taken from index: 11

 Jacobi-Davidson diagonalization converged after 1 iterations.
 Energy = -2.900232169008987

 MICROITERATION NUMBER = 10  , forward sweep
 - Left boundaries taken from index: 10
 - Right boundaries taken from index: 12

 Jacobi-Davidson diagonalization converged after 1 iterations.
 Energy = -2.900232169008987

 MICROITERATION NUMBER = 11  , forward sweep
 - Left boundaries taken from index: 11
 - Right boundaries taken from index: 13

 Jacobi-Davidson diagonalization converged after 1 iterations.
 Energy = -2.900232169008986

 MICROITERATION NUMBER = 12  , forward sweep
 - Left boundaries taken from index: 12
 - Right boundaries taken from index: 14

 Jacobi-Davidson diagonalization converged after 1 iterations.
 Energy = -2.900232169008985

 MICROITERATION NUMBER = 13  , backward sweep
 - Left boundaries taken from index: 11
 - Right boundaries taken from index: 13

 Jacobi-Davidson diagonalization converged after 1 iterations.
 Energy = -2.900232169008986

 MICROITERATION NUMBER = 14  , backward sweep
 - Left boundaries taken from index: 10
 - Right boundaries taken from index: 12

 Jacobi-Davidson diagonalization converged after 1 iterations.
 Energy = -2.900232169008987

 MICROITERATION NUMBER = 15  , backward sweep
 - Left boundaries taken from index: 9
 - Right boundaries taken from index: 11

 Jacobi-Davidson diagonalization converged after 1 iterations.
 Energy = -2.900232169008988

 MICROITERATION NUMBER = 16  , backward sweep
 - Left boundaries taken from index: 8
 - Right boundaries taken from index: 10

 Jacobi-Davidson diagonalization converged after 1 iterations.
 Energy = -2.900232169008985

 MICROITERATION NUMBER = 17  , backward sweep
 - Left boundaries taken from index: 7
 - Right boundaries taken from index: 9

 Jacobi-Davidson diagonalization converged after 1 iterations.
 Energy = -2.900232169008987

 MICROITERATION NUMBER = 18  , backward sweep
 - Left boundaries taken from index: 6
 - Right boundaries taken from index: 8

 Jacobi-Davidson diagonalization converged after 1 iterations.
 Energy = -2.900232169008983

 MICROITERATION NUMBER = 19  , backward sweep
 - Left boundaries taken from index: 5
 - Right boundaries taken from index: 7

 Jacobi-Davidson diagonalization converged after 1 iterations.
 Energy = -2.900232169008985

 MICROITERATION NUMBER = 20  , backward sweep
 - Left boundaries taken from index: 4
 - Right boundaries taken from index: 6

 Jacobi-Davidson diagonalization converged after 1 iterations.
 Energy = -2.900232169008986

 MICROITERATION NUMBER = 21  , backward sweep
 - Left boundaries taken from index: 3
 - Right boundaries taken from index: 5

 Jacobi-Davidson diagonalization converged after 1 iterations.
 Energy = -2.900232169008985

 MICROITERATION NUMBER = 22  , backward sweep
 - Left boundaries taken from index: 2
 - Right boundaries taken from index: 4

 Jacobi-Davidson diagonalization converged after 1 iterations.
 Energy = -2.900232169008988

 MICROITERATION NUMBER = 23  , backward sweep
 - Left boundaries taken from index: 1
 - Right boundaries taken from index: 3

 Jacobi-Davidson diagonalization converged after 1 iterations.
 Energy = -2.900232169008987


 -------------------
   SWEEP NUMBER 7
 -------------------
 - Noise parameter: 1e-08
 - Maximum bond dimension: 100
 - Truncation parameter: 9.999999999999999e-21

 MICROITERATION NUMBER = 0  , forward sweep
 - Left boundaries taken from index: 0
 - Right boundaries taken from index: 2

 Jacobi-Davidson diagonalization converged after 1 iterations.
 Energy = -2.900232169008987

 MICROITERATION NUMBER = 1  , forward sweep
 - Left boundaries taken from index: 1
 - Right boundaries taken from index: 3

 Jacobi-Davidson diagonalization converged after 1 iterations.
 Energy = -2.900232169008987

 MICROITERATION NUMBER = 2  , forward sweep
 - Left boundaries taken from index: 2
 - Right boundaries taken from index: 4

 Jacobi-Davidson diagonalization converged after 1 iterations.
 Energy = -2.900232169008986

 MICROITERATION NUMBER = 3  , forward sweep
 - Left boundaries taken from index: 3
 - Right boundaries taken from index: 5

 Jacobi-Davidson diagonalization converged after 1 iterations.
 Energy = -2.900232169008985

 MICROITERATION NUMBER = 4  , forward sweep
 - Left boundaries taken from index: 4
 - Right boundaries taken from index: 6

 Jacobi-Davidson diagonalization converged after 1 iterations.
 Energy = -2.900232169008987

 MICROITERATION NUMBER = 5  , forward sweep
 - Left boundaries taken from index: 5
 - Right boundaries taken from index: 7

 Jacobi-Davidson diagonalization converged after 1 iterations.
 Energy = -2.900232169008985

 MICROITERATION NUMBER = 6  , forward sweep
 - Left boundaries taken from index: 6
 - Right boundaries taken from index: 8

 Jacobi-Davidson diagonalization converged after 1 iterations.
 Energy = -2.900232169008983

 MICROITERATION NUMBER = 7  , forward sweep
 - Left boundaries taken from index: 7
 - Right boundaries taken from index: 9

 Jacobi-Davidson diagonalization converged after 1 iterations.
 Energy = -2.900232169008986

 MICROITERATION NUMBER = 8  , forward sweep
 - Left boundaries taken from index: 8
 - Right boundaries taken from index: 10

 Jacobi-Davidson diagonalization converged after 1 iterations.
 Energy = -2.900232169008985

 MICROITERATION NUMBER = 9  , forward sweep
 - Left boundaries taken from index: 9
 - Right boundaries taken from index: 11

 Jacobi-Davidson diagonalization converged after 1 iterations.
 Energy = -2.900232169008987

 MICROITERATION NUMBER = 10  , forward sweep
 - Left boundaries taken from index: 10
 - Right boundaries taken from index: 12

 Jacobi-Davidson diagonalization converged after 1 iterations.
 Energy = -2.900232169008987

 MICROITERATION NUMBER = 11  , forward sweep
 - Left boundaries taken from index: 11
 - Right boundaries taken from index: 13

 Jacobi-Davidson diagonalization converged after 1 iterations.
 Energy = -2.900232169008986

 MICROITERATION NUMBER = 12  , forward sweep
 - Left boundaries taken from index: 12
 - Right boundaries taken from index: 14

 Jacobi-Davidson diagonalization converged after 1 iterations.
 Energy = -2.900232169008985

 MICROITERATION NUMBER = 13  , backward sweep
 - Left boundaries taken from index: 11
 - Right boundaries taken from index: 13

 Jacobi-Davidson diagonalization converged after 1 iterations.
 Energy = -2.900232169008986

 MICROITERATION NUMBER = 14  , backward sweep
 - Left boundaries taken from index: 10
 - Right boundaries taken from index: 12

 Jacobi-Davidson diagonalization converged after 1 iterations.
 Energy = -2.900232169008987

 MICROITERATION NUMBER = 15  , backward sweep
 - Left boundaries taken from index: 9
 - Right boundaries taken from index: 11

 Jacobi-Davidson diagonalization converged after 1 iterations.
 Energy = -2.900232169008988

 MICROITERATION NUMBER = 16  , backward sweep
 - Left boundaries taken from index: 8
 - Right boundaries taken from index: 10

 Jacobi-Davidson diagonalization converged after 1 iterations.
 Energy = -2.900232169008985

 MICROITERATION NUMBER = 17  , backward sweep
 - Left boundaries taken from index: 7
 - Right boundaries taken from index: 9

 Jacobi-Davidson diagonalization converged after 1 iterations.
 Energy = -2.900232169008987

 MICROITERATION NUMBER = 18  , backward sweep
 - Left boundaries taken from index: 6
 - Right boundaries taken from index: 8

 Jacobi-Davidson diagonalization converged after 1 iterations.
 Energy = -2.900232169008983

 MICROITERATION NUMBER = 19  , backward sweep
 - Left boundaries taken from index: 5
 - Right boundaries taken from index: 7

 Jacobi-Davidson diagonalization converged after 1 iterations.
 Energy = -2.900232169008985

 MICROITERATION NUMBER = 20  , backward sweep
 - Left boundaries taken from index: 4
 - Right boundaries taken from index: 6

 Jacobi-Davidson diagonalization converged after 1 iterations.
 Energy = -2.900232169008986

 MICROITERATION NUMBER = 21  , backward sweep
 - Left boundaries taken from index: 3
 - Right boundaries taken from index: 5

 Jacobi-Davidson diagonalization converged after 1 iterations.
 Energy = -2.900232169008985

 MICROITERATION NUMBER = 22  , backward sweep
 - Left boundaries taken from index: 2
 - Right boundaries taken from index: 4

 Jacobi-Davidson diagonalization converged after 1 iterations.
 Energy = -2.900232169008988

 MICROITERATION NUMBER = 23  , backward sweep
 - Left boundaries taken from index: 1
 - Right boundaries taken from index: 3

 Jacobi-Davidson diagonalization converged after 1 iterations.
 Energy = -2.900232169008987


 -------------------
   SWEEP NUMBER 8
 -------------------
 - Noise parameter: 1e-08
 - Maximum bond dimension: 100
 - Truncation parameter: 9.999999999999999e-21

 MICROITERATION NUMBER = 0  , forward sweep
 - Left boundaries taken from index: 0
 - Right boundaries taken from index: 2

 Jacobi-Davidson diagonalization converged after 1 iterations.
 Energy = -2.900232169008987

 MICROITERATION NUMBER = 1  , forward sweep
 - Left boundaries taken from index: 1
 - Right boundaries taken from index: 3

 Jacobi-Davidson diagonalization converged after 1 iterations.
 Energy = -2.900232169008987

 MICROITERATION NUMBER = 2  , forward sweep
 - Left boundaries taken from index: 2
 - Right boundaries taken from index: 4

 Jacobi-Davidson diagonalization converged after 1 iterations.
 Energy = -2.900232169008986

 MICROITERATION NUMBER = 3  , forward sweep
 - Left boundaries taken from index: 3
 - Right boundaries taken from index: 5

 Jacobi-Davidson diagonalization converged after 1 iterations.
 Energy = -2.900232169008985

 MICROITERATION NUMBER = 4  , forward sweep
 - Left boundaries taken from index: 4
 - Right boundaries taken from index: 6

 Jacobi-Davidson diagonalization converged after 1 iterations.
 Energy = -2.900232169008987

 MICROITERATION NUMBER = 5  , forward sweep
 - Left boundaries taken from index: 5
 - Right boundaries taken from index: 7

 Jacobi-Davidson diagonalization converged after 1 iterations.
 Energy = -2.900232169008985

 MICROITERATION NUMBER = 6  , forward sweep
 - Left boundaries taken from index: 6
 - Right boundaries taken from index: 8

 Jacobi-Davidson diagonalization converged after 1 iterations.
 Energy = -2.900232169008983

 MICROITERATION NUMBER = 7  , forward sweep
 - Left boundaries taken from index: 7
 - Right boundaries taken from index: 9

 Jacobi-Davidson diagonalization converged after 1 iterations.
 Energy = -2.900232169008986

 MICROITERATION NUMBER = 8  , forward sweep
 - Left boundaries taken from index: 8
 - Right boundaries taken from index: 10

 Jacobi-Davidson diagonalization converged after 1 iterations.
 Energy = -2.900232169008985

 MICROITERATION NUMBER = 9  , forward sweep
 - Left boundaries taken from index: 9
 - Right boundaries taken from index: 11

 Jacobi-Davidson diagonalization converged after 1 iterations.
 Energy = -2.900232169008987

 MICROITERATION NUMBER = 10  , forward sweep
 - Left boundaries taken from index: 10
 - Right boundaries taken from index: 12

 Jacobi-Davidson diagonalization converged after 1 iterations.
 Energy = -2.900232169008987

 MICROITERATION NUMBER = 11  , forward sweep
 - Left boundaries taken from index: 11
 - Right boundaries taken from index: 13

 Jacobi-Davidson diagonalization converged after 1 iterations.
 Energy = -2.900232169008986

 MICROITERATION NUMBER = 12  , forward sweep
 - Left boundaries taken from index: 12
 - Right boundaries taken from index: 14

 Jacobi-Davidson diagonalization converged after 1 iterations.
 Energy = -2.900232169008985

 MICROITERATION NUMBER = 13  , backward sweep
 - Left boundaries taken from index: 11
 - Right boundaries taken from index: 13

 Jacobi-Davidson diagonalization converged after 1 iterations.
 Energy = -2.900232169008986

 MICROITERATION NUMBER = 14  , backward sweep
 - Left boundaries taken from index: 10
 - Right boundaries taken from index: 12

 Jacobi-Davidson diagonalization converged after 1 iterations.
 Energy = -2.900232169008987

 MICROITERATION NUMBER = 15  , backward sweep
 - Left boundaries taken from index: 9
 - Right boundaries taken from index: 11

 Jacobi-Davidson diagonalization converged after 1 iterations.
 Energy = -2.900232169008988

 MICROITERATION NUMBER = 16  , backward sweep
 - Left boundaries taken from index: 8
 - Right boundaries taken from index: 10

 Jacobi-Davidson diagonalization converged after 1 iterations.
 Energy = -2.900232169008985

 MICROITERATION NUMBER = 17  , backward sweep
 - Left boundaries taken from index: 7
 - Right boundaries taken from index: 9

 Jacobi-Davidson diagonalization converged after 1 iterations.
 Energy = -2.900232169008987

 MICROITERATION NUMBER = 18  , backward sweep
 - Left boundaries taken from index: 6
 - Right boundaries taken from index: 8

 Jacobi-Davidson diagonalization converged after 1 iterations.
 Energy = -2.900232169008983

 MICROITERATION NUMBER = 19  , backward sweep
 - Left boundaries taken from index: 5
 - Right boundaries taken from index: 7

 Jacobi-Davidson diagonalization converged after 1 iterations.
 Energy = -2.900232169008985

 MICROITERATION NUMBER = 20  , backward sweep
 - Left boundaries taken from index: 4
 - Right boundaries taken from index: 6

 Jacobi-Davidson diagonalization converged after 1 iterations.
 Energy = -2.900232169008986

 MICROITERATION NUMBER = 21  , backward sweep
 - Left boundaries taken from index: 3
 - Right boundaries taken from index: 5

 Jacobi-Davidson diagonalization converged after 1 iterations.
 Energy = -2.900232169008985

 MICROITERATION NUMBER = 22  , backward sweep
 - Left boundaries taken from index: 2
 - Right boundaries taken from index: 4

 Jacobi-Davidson diagonalization converged after 1 iterations.
 Energy = -2.900232169008988

 MICROITERATION NUMBER = 23  , backward sweep
 - Left boundaries taken from index: 1
 - Right boundaries taken from index: 3

 Jacobi-Davidson diagonalization converged after 1 iterations.
 Energy = -2.900232169008987


 -------------------
   SWEEP NUMBER 9
 -------------------
 - Noise parameter: 1e-08
 - Maximum bond dimension: 100
 - Truncation parameter: 9.999999999999999e-21

 MICROITERATION NUMBER = 0  , forward sweep
 - Left boundaries taken from index: 0
 - Right boundaries taken from index: 2

 Jacobi-Davidson diagonalization converged after 1 iterations.
 Energy = -2.900232169008987

 MICROITERATION NUMBER = 1  , forward sweep
 - Left boundaries taken from index: 1
 - Right boundaries taken from index: 3

 Jacobi-Davidson diagonalization converged after 1 iterations.
 Energy = -2.900232169008987

 MICROITERATION NUMBER = 2  , forward sweep
 - Left boundaries taken from index: 2
 - Right boundaries taken from index: 4

 Jacobi-Davidson diagonalization converged after 1 iterations.
 Energy = -2.900232169008986

 MICROITERATION NUMBER = 3  , forward sweep
 - Left boundaries taken from index: 3
 - Right boundaries taken from index: 5

 Jacobi-Davidson diagonalization converged after 1 iterations.
 Energy = -2.900232169008985

 MICROITERATION NUMBER = 4  , forward sweep
 - Left boundaries taken from index: 4
 - Right boundaries taken from index: 6

 Jacobi-Davidson diagonalization converged after 1 iterations.
 Energy = -2.900232169008987

 MICROITERATION NUMBER = 5  , forward sweep
 - Left boundaries taken from index: 5
 - Right boundaries taken from index: 7

 Jacobi-Davidson diagonalization converged after 1 iterations.
 Energy = -2.900232169008986

 MICROITERATION NUMBER = 6  , forward sweep
 - Left boundaries taken from index: 6
 - Right boundaries taken from index: 8

 Jacobi-Davidson diagonalization converged after 1 iterations.
 Energy = -2.900232169008983

 MICROITERATION NUMBER = 7  , forward sweep
 - Left boundaries taken from index: 7
 - Right boundaries taken from index: 9

 Jacobi-Davidson diagonalization converged after 1 iterations.
 Energy = -2.900232169008986

 MICROITERATION NUMBER = 8  , forward sweep
 - Left boundaries taken from index: 8
 - Right boundaries taken from index: 10

 Jacobi-Davidson diagonalization converged after 1 iterations.
 Energy = -2.900232169008985

 MICROITERATION NUMBER = 9  , forward sweep
 - Left boundaries taken from index: 9
 - Right boundaries taken from index: 11

 Jacobi-Davidson diagonalization converged after 1 iterations.
 Energy = -2.900232169008987

 MICROITERATION NUMBER = 10  , forward sweep
 - Left boundaries taken from index: 10
 - Right boundaries taken from index: 12

 Jacobi-Davidson diagonalization converged after 1 iterations.
 Energy = -2.900232169008987

 MICROITERATION NUMBER = 11  , forward sweep
 - Left boundaries taken from index: 11
 - Right boundaries taken from index: 13

 Jacobi-Davidson diagonalization converged after 1 iterations.
 Energy = -2.900232169008986

 MICROITERATION NUMBER = 12  , forward sweep
 - Left boundaries taken from index: 12
 - Right boundaries taken from index: 14

 Jacobi-Davidson diagonalization converged after 1 iterations.
 Energy = -2.900232169008985

 MICROITERATION NUMBER = 13  , backward sweep
 - Left boundaries taken from index: 11
 - Right boundaries taken from index: 13

 Jacobi-Davidson diagonalization converged after 1 iterations.
 Energy = -2.900232169008986

 MICROITERATION NUMBER = 14  , backward sweep
 - Left boundaries taken from index: 10
 - Right boundaries taken from index: 12

 Jacobi-Davidson diagonalization converged after 1 iterations.
 Energy = -2.900232169008987

 MICROITERATION NUMBER = 15  , backward sweep
 - Left boundaries taken from index: 9
 - Right boundaries taken from index: 11

 Jacobi-Davidson diagonalization converged after 1 iterations.
 Energy = -2.900232169008988

 MICROITERATION NUMBER = 16  , backward sweep
 - Left boundaries taken from index: 8
 - Right boundaries taken from index: 10

 Jacobi-Davidson diagonalization converged after 1 iterations.
 Energy = -2.900232169008985

 MICROITERATION NUMBER = 17  , backward sweep
 - Left boundaries taken from index: 7
 - Right boundaries taken from index: 9

 Jacobi-Davidson diagonalization converged after 1 iterations.
 Energy = -2.900232169008987

 MICROITERATION NUMBER = 18  , backward sweep
 - Left boundaries taken from index: 6
 - Right boundaries taken from index: 8

 Jacobi-Davidson diagonalization converged after 1 iterations.
 Energy = -2.900232169008983

 MICROITERATION NUMBER = 19  , backward sweep
 - Left boundaries taken from index: 5
 - Right boundaries taken from index: 7

 Jacobi-Davidson diagonalization converged after 1 iterations.
 Energy = -2.900232169008986

 MICROITERATION NUMBER = 20  , backward sweep
 - Left boundaries taken from index: 4
 - Right boundaries taken from index: 6

 Jacobi-Davidson diagonalization converged after 1 iterations.
 Energy = -2.900232169008986

 MICROITERATION NUMBER = 21  , backward sweep
 - Left boundaries taken from index: 3
 - Right boundaries taken from index: 5

 Jacobi-Davidson diagonalization converged after 1 iterations.
 Energy = -2.900232169008985

 MICROITERATION NUMBER = 22  , backward sweep
 - Left boundaries taken from index: 2
 - Right boundaries taken from index: 4

 Jacobi-Davidson diagonalization converged after 1 iterations.
 Energy = -2.900232169008988

 MICROITERATION NUMBER = 23  , backward sweep
 - Left boundaries taken from index: 1
 - Right boundaries taken from index: 3

 Jacobi-Davidson diagonalization converged after 1 iterations.
 Energy = -2.900232169008987


 == STARTING THE IMAGINARY-TIME TD-DMRG PROPAGATION  == 

Transcorrelated Hamiltonian modality activated
Retrieving integrals from the file FCIDUMP_he_tz_trans_TwoBody
The hamiltonian will contain 21794 terms
MPO Bond 0: 170/0
MPO Bond 1: 182/0
MPO Bond 2: 218/0
MPO Bond 3: 274/0
MPO Bond 4: 310/0
MPO Bond 5: 348/0
MPO Bond 6: 440/0
MPO Bond 7: 548/0
MPO Bond 8: 672/0
MPO Bond 9: 806/0
MPO Bond 10: 546/0
MPO Bond 11: 496/0
MPO Bond 12: 16/0
MPO Bond 13: 1/0

+------------------------------------------+
  DETAILS ABOUT SITE-CENTERED TIME EVOLVER
+------------------------------------------+

 - Propagation type: Imaginary-time
 - Time step: 2.06706872878755
 - Propagation algorithm: yes
Arnoldi approximation of the propagator

 -------------------
   SWEEP NUMBER 10
 -------------------
 - Noise parameter: 1e-08
 - Maximum bond dimension: 100
 - Truncation parameter: 9.999999999999999e-21

 MICROITERATION NUMBER = 0  , forward sweep
 - Left boundaries taken from index: 0
 - Right boundaries taken from index: 2

+------------+------------+
  ITERATION  |   ERROR 
+------------+------------+
    1        |  1.1742E-01 
    2        |  4.0811E-04 
    3        |  1.5632E-04 
    4        |  2.3883E-06 
    5        |  6.5193E-08 
    6        |  3.8694E-10 
    7        |  8.1176E-13 
+------------+------------+
 Energy = -2.899696591819753

 MICROITERATION NUMBER = 1  , forward sweep
 - Left boundaries taken from index: 1
 - Right boundaries taken from index: 3

+------------+------------+
  ITERATION  |   ERROR 
+------------+------------+
    1        |  6.9580E-02 
    2        |  3.4443E-04 
    3        |  2.3344E-05 
    4        |  1.3983E-06 
    5        |  4.0766E-07 
    6        |  6.2035E-09 
    7        |  4.3890E-10 
    8        |  1.3573E-11 
+------------+------------+
 Energy = -2.899483432114728

 MICROITERATION NUMBER = 2  , forward sweep
 - Left boundaries taken from index: 2
 - Right boundaries taken from index: 4

+------------+------------+
  ITERATION  |   ERROR 
+------------+------------+
    1        |  1.8375E-01 
    2        |  7.9157E-04 
    3        |  2.3042E-05 
    4        |  2.5081E-07 
    5        |  3.1686E-08 
    6        |  3.4552E-09 
    7        |  2.0022E-10 
    8        |  1.7532E-11 
+------------+------------+
 Energy = -2.903482592413637

 MICROITERATION NUMBER = 3  , forward sweep
 - Left boundaries taken from index: 3
 - Right boundaries taken from index: 5

+------------+------------+
  ITERATION  |   ERROR 
+------------+------------+
    1        |  1.0913E-01 
    2        |  5.8495E-04 
    3        |  1.2232E-04 
    4        |  1.1386E-06 
    5        |  3.5439E-08 
    6        |  7.6573E-09 
    7        |  1.7886E-09 
    8        |  1.6421E-10 
    9        |  6.8385E-12 
+------------+------------+
 Energy = -2.902439625495689

 MICROITERATION NUMBER = 4  , forward sweep
 - Left boundaries taken from index: 4
 - Right boundaries taken from index: 6

+------------+------------+
  ITERATION  |   ERROR 
+------------+------------+
    1        |  3.4818E-02 
    2        |  2.1883E-05 
    3        |  2.1239E-07 
    4        |  3.9678E-09 
    5        |  1.3817E-10 
    6        |  1.5153E-11 
+------------+------------+
 Energy = -2.902344235885118

 MICROITERATION NUMBER = 5  , forward sweep
 - Left boundaries taken from index: 5
 - Right boundaries taken from index: 7

+------------+------------+
  ITERATION  |   ERROR 
+------------+------------+
    1        |  1.1090E-03 
    2        |  3.8602E-09 
    3        |  3.7469E-11 
+------------+------------+
 Energy = -2.902344240524512

 MICROITERATION NUMBER = 6  , forward sweep
 - Left boundaries taken from index: 6
 - Right boundaries taken from index: 8

+------------+------------+
  ITERATION  |   ERROR 
+------------+------------+
    1        |  1.1956E-03 
    2        |  4.7354E-09 
    3        |  2.3803E-11 
+------------+------------+
 Energy = -2.90234391371672

 MICROITERATION NUMBER = 7  , forward sweep
 - Left boundaries taken from index: 7
 - Right boundaries taken from index: 9

+------------+------------+
  ITERATION  |   ERROR 
+------------+------------+
    1        |  1.2771E-03 
    2        |  5.9771E-09 
    3        |  3.8039E-11 
+------------+------------+
 Energy = -2.902343633066239

 MICROITERATION NUMBER = 8  , forward sweep
 - Left boundaries taken from index: 8
 - Right boundaries taken from index: 10

+------------+------------+
  ITERATION  |   ERROR 
+------------+------------+
    1        |  1.3840E-03 
    2        |  7.8490E-09 
    3        |  2.9031E-11 
+------------+------------+
 Energy = -2.902343266111423

 MICROITERATION NUMBER = 9  , forward sweep
 - Left boundaries taken from index: 9
 - Right boundaries taken from index: 11

+------------+------------+
  ITERATION  |   ERROR 
+------------+------------+
    1        |  1.5092E-03 
    2        |  1.0575E-08 
    3        |  3.5646E-11 
+------------+------------+
 Energy = -2.902342880147567

 MICROITERATION NUMBER = 10  , forward sweep
 - Left boundaries taken from index: 10
 - Right boundaries taken from index: 12

+------------+------------+
  ITERATION  |   ERROR 
+------------+------------+
    1        |  7.8591E-06 
    2        |  1.2062E-12 
+------------+------------+
 Energy = -2.902342831846137

 MICROITERATION NUMBER = 11  , forward sweep
 - Left boundaries taken from index: 11
 - Right boundaries taken from index: 13

+------------+------------+
  ITERATION  |   ERROR 
+------------+------------+
    1        |  2.4066E-06 
    2        |  7.8931E-14 
+------------+------------+
 Energy = -2.902342832860327

 MICROITERATION NUMBER = 12  , forward sweep
 - Left boundaries taken from index: 12
 - Right boundaries taken from index: 14

+------------+------------+
  ITERATION  |   ERROR 
+------------+------------+
    1        |  3.4685E-07 
    2        |  2.4937E-15 
+------------+------------+
 Energy = -2.90234282944252

 MICROITERATION NUMBER = 13  , backward sweep
 - Left boundaries taken from index: 11
 - Right boundaries taken from index: 13

+------------+------------+
  ITERATION  |   ERROR 
+------------+------------+
    1        |  3.1234E-07 
    2        |  2.0160E-15 
+------------+------------+
 Energy = -2.90234283117099

 MICROITERATION NUMBER = 14  , backward sweep
 - Left boundaries taken from index: 10
 - Right boundaries taken from index: 12

+------------+------------+
  ITERATION  |   ERROR 
+------------+------------+
    1        |  1.3025E-07 
    2        |  4.1253E-16 
+------------+------------+
 Energy = -2.902342830367574

 MICROITERATION NUMBER = 15  , backward sweep
 - Left boundaries taken from index: 9
 - Right boundaries taken from index: 11

+------------+------------+
  ITERATION  |   ERROR 
+------------+------------+
    1        |  7.0018E-07 
    2        |  1.3411E-14 
+------------+------------+
 Energy = -2.902342830107779

 MICROITERATION NUMBER = 16  , backward sweep
 - Left boundaries taken from index: 8
 - Right boundaries taken from index: 10

+------------+------------+
  ITERATION  |   ERROR 
+------------+------------+
    1        |  1.4752E-05 
    2        |  5.3724E-12 
+------------+------------+
 Energy = -2.902342797929426

 MICROITERATION NUMBER = 17  , backward sweep
 - Left boundaries taken from index: 7
 - Right boundaries taken from index: 9

+------------+------------+
  ITERATION  |   ERROR 
+------------+------------+
    1        |  5.6228E-06 
    2        |  9.0480E-13 
+------------+------------+
 Energy = -2.902342804010308

 MICROITERATION NUMBER = 18  , backward sweep
 - Left boundaries taken from index: 6
 - Right boundaries taken from index: 8

+------------+------------+
  ITERATION  |   ERROR 
+------------+------------+
    1        |  3.5821E-06 
    2        |  5.1661E-13 
+------------+------------+
 Energy = -2.902342788464166

 MICROITERATION NUMBER = 19  , backward sweep
 - Left boundaries taken from index: 5
 - Right boundaries taken from index: 7

+------------+------------+
  ITERATION  |   ERROR 
+------------+------------+
    1        |  6.4812E-05 
    2        |  1.1786E-10 
    3        |  3.1154E-12 
+------------+------------+
 Energy = -2.902343736787677

 MICROITERATION NUMBER = 20  , backward sweep
 - Left boundaries taken from index: 4
 - Right boundaries taken from index: 6

+------------+------------+
  ITERATION  |   ERROR 
+------------+------------+
    1        |  2.9359E-05 
    2        |  3.5651E-11 
+------------+------------+
 Energy = -2.902344214796168

 MICROITERATION NUMBER = 21  , backward sweep
 - Left boundaries taken from index: 3
 - Right boundaries taken from index: 5

+------------+------------+
  ITERATION  |   ERROR 
+------------+------------+
    1        |  1.7423E-04 
    2        |  5.5918E-10 
    3        |  4.4844E-12 
+------------+------------+
 Energy = -2.902342125756293

 MICROITERATION NUMBER = 22  , backward sweep
 - Left boundaries taken from index: 2
 - Right boundaries taken from index: 4

+------------+------------+
  ITERATION  |   ERROR 
+------------+------------+
    1        |  6.5316E-04 
    2        |  9.0826E-09 
    3        |  1.0191E-10 
    4        |  5.3835E-12 
+------------+------------+
 Energy = -2.902335114556282

 MICROITERATION NUMBER = 23  , backward sweep
 - Left boundaries taken from index: 1
 - Right boundaries taken from index: 3

+------------+------------+
  ITERATION  |   ERROR 
+------------+------------+
    1        |  2.8165E-04 
    2        |  1.1586E-08 
    3        |  2.5163E-09 
    4        |  2.4626E-10 
    5        |  6.1196E-12 
+------------+------------+
 Energy = -2.902329016475068


 -------------------
   SWEEP NUMBER 11
 -------------------
 - Noise parameter: 1e-08
 - Maximum bond dimension: 100
 - Truncation parameter: 9.999999999999999e-21

 MICROITERATION NUMBER = 0  , forward sweep
 - Left boundaries taken from index: 0
 - Right boundaries taken from index: 2

+------------+------------+
  ITERATION  |   ERROR 
+------------+------------+
    1        |  1.3866E-05 
    2        |  5.9559E-11 
+------------+------------+
 Energy = -2.902328474048457

 MICROITERATION NUMBER = 1  , forward sweep
 - Left boundaries taken from index: 1
 - Right boundaries taken from index: 3

+------------+------------+
  ITERATION  |   ERROR 
+------------+------------+
    1        |  6.0068E-06 
    2        |  2.2809E-12 
+------------+------------+
 Energy = -2.90232854457758

 MICROITERATION NUMBER = 2  , forward sweep
 - Left boundaries taken from index: 2
 - Right boundaries taken from index: 4

+------------+------------+
  ITERATION  |   ERROR 
+------------+------------+
    1        |  1.2550E-05 
    2        |  3.9362E-12 
+------------+------------+
 Energy = -2.902328456117457

 MICROITERATION NUMBER = 3  , forward sweep
 - Left boundaries taken from index: 3
 - Right boundaries taken from index: 5

+------------+------------+
  ITERATION  |   ERROR 
+------------+------------+
    1        |  2.2174E-05 
    2        |  1.3005E-11 
+------------+------------+
 Energy = -2.902327748385577

 MICROITERATION NUMBER = 4  , forward sweep
 - Left boundaries taken from index: 4
 - Right boundaries taken from index: 6

+------------+------------+
  ITERATION  |   ERROR 
+------------+------------+
    1        |  2.5383E-05 
    2        |  1.2447E-11 
+------------+------------+
 Energy = -2.902327460580379

 MICROITERATION NUMBER = 5  , forward sweep
 - Left boundaries taken from index: 5
 - Right boundaries taken from index: 7

+------------+------------+
  ITERATION  |   ERROR 
+------------+------------+
    1        |  1.0425E-05 
    2        |  7.4800E-13 
+------------+------------+
 Energy = -2.902327598708912

 MICROITERATION NUMBER = 6  , forward sweep
 - Left boundaries taken from index: 6
 - Right boundaries taken from index: 8

+------------+------------+
  ITERATION  |   ERROR 
+------------+------------+
    1        |  1.3236E-05 
    2        |  4.8196E-13 
+------------+------------+
 Energy = -2.902327600169831

 MICROITERATION NUMBER = 7  , forward sweep
 - Left boundaries taken from index: 7
 - Right boundaries taken from index: 9

+------------+------------+
  ITERATION  |   ERROR 
+------------+------------+
    1        |  1.2051E-05 
    2        |  2.5136E-13 
+------------+------------+
 Energy = -2.902327595067582

 MICROITERATION NUMBER = 8  , forward sweep
 - Left boundaries taken from index: 8
 - Right boundaries taken from index: 10

+------------+------------+
  ITERATION  |   ERROR 
+------------+------------+
    1        |  1.2285E-05 
    2        |  6.3296E-13 
+------------+------------+
 Energy = -2.902327615954049

 MICROITERATION NUMBER = 9  , forward sweep
 - Left boundaries taken from index: 9
 - Right boundaries taken from index: 11

+------------+------------+
  ITERATION  |   ERROR 
+------------+------------+
    1        |  1.7025E-05 
    2        |  1.2854E-12 
+------------+------------+
 Energy = -2.902327635105319

 MICROITERATION NUMBER = 10  , forward sweep
 - Left boundaries taken from index: 10
 - Right boundaries taken from index: 12

+------------+------------+
  ITERATION  |   ERROR 
+------------+------------+
    1        |  5.2398E-06 
    2        |  4.2346E-14 
+------------+------------+
 Energy = -2.90232761599311

 MICROITERATION NUMBER = 11  , forward sweep
 - Left boundaries taken from index: 11
 - Right boundaries taken from index: 13

+------------+------------+
  ITERATION  |   ERROR 
+------------+------------+
    1        |  1.5219E-06 
    2        |  2.5534E-15 
+------------+------------+
 Energy = -2.902327616565435

 MICROITERATION NUMBER = 12  , forward sweep
 - Left boundaries taken from index: 12
 - Right boundaries taken from index: 14

+------------+------------+
  ITERATION  |   ERROR 
+------------+------------+
    1        |  2.0415E-08 
    2        |  1.6184E-18 
+------------+------------+
 Energy = -2.902327616648089

 MICROITERATION NUMBER = 13  , backward sweep
 - Left boundaries taken from index: 11
 - Right boundaries taken from index: 13

+------------+------------+
  ITERATION  |   ERROR 
+------------+------------+
    1        |  1.6374E-08 
    2        |  9.3746E-19 
+------------+------------+
 Energy = -2.902327616707821

 MICROITERATION NUMBER = 14  , backward sweep
 - Left boundaries taken from index: 10
 - Right boundaries taken from index: 12

+------------+------------+
  ITERATION  |   ERROR 
+------------+------------+
    1        |  9.8968E-08 
    2        |  3.7679E-16 
+------------+------------+
 Energy = -2.902327616310101

 MICROITERATION NUMBER = 15  , backward sweep
 - Left boundaries taken from index: 9
 - Right boundaries taken from index: 11

+------------+------------+
  ITERATION  |   ERROR 
+------------+------------+
    1        |  6.2549E-08 
    2        |  1.5132E-16 
+------------+------------+
 Energy = -2.902327616475946

 MICROITERATION NUMBER = 16  , backward sweep
 - Left boundaries taken from index: 8
 - Right boundaries taken from index: 10

+------------+------------+
  ITERATION  |   ERROR 
+------------+------------+
    1        |  2.3862E-07 
    2        |  1.6756E-15 
+------------+------------+
 Energy = -2.902327616623055

 MICROITERATION NUMBER = 17  , backward sweep
 - Left boundaries taken from index: 7
 - Right boundaries taken from index: 9

+------------+------------+
  ITERATION  |   ERROR 
+------------+------------+
    1        |  9.8868E-08 
    2        |  3.3420E-16 
+------------+------------+
 Energy = -2.902327616476918

 MICROITERATION NUMBER = 18  , backward sweep
 - Left boundaries taken from index: 6
 - Right boundaries taken from index: 8

+------------+------------+
  ITERATION  |   ERROR 
+------------+------------+
    1        |  1.6427E-07 
    2        |  8.7942E-16 
+------------+------------+
 Energy = -2.902327616984565

 MICROITERATION NUMBER = 19  , backward sweep
 - Left boundaries taken from index: 5
 - Right boundaries taken from index: 7

+------------+------------+
  ITERATION  |   ERROR 
+------------+------------+
    1        |  5.1591E-07 
    2        |  8.0190E-15 
+------------+------------+
 Energy = -2.902327623194373

 MICROITERATION NUMBER = 20  , backward sweep
 - Left boundaries taken from index: 4
 - Right boundaries taken from index: 6

+------------+------------+
  ITERATION  |   ERROR 
+------------+------------+
    1        |  3.4184E-06 
    2        |  2.8873E-13 
+------------+------------+
 Energy = -2.902327581198884

 MICROITERATION NUMBER = 21  , backward sweep
 - Left boundaries taken from index: 3
 - Right boundaries taken from index: 5

+------------+------------+
  ITERATION  |   ERROR 
+------------+------------+
    1        |  2.0361E-06 
    2        |  1.6991E-13 
+------------+------------+
 Energy = -2.902327560205455

 MICROITERATION NUMBER = 22  , backward sweep
 - Left boundaries taken from index: 2
 - Right boundaries taken from index: 4

+------------+------------+
  ITERATION  |   ERROR 
+------------+------------+
    1        |  1.0384E-06 
    2        |  5.1175E-14 
+------------+------------+
 Energy = -2.902327548349505

 MICROITERATION NUMBER = 23  , backward sweep
 - Left boundaries taken from index: 1
 - Right boundaries taken from index: 3

+------------+------------+
  ITERATION  |   ERROR 
+------------+------------+
    1        |  2.4780E-06 
    2        |  1.5264E-12 
+------------+------------+
 Energy = -2.902327473962194


 -------------------
   SWEEP NUMBER 12
 -------------------
 - Noise parameter: 1e-08
 - Maximum bond dimension: 100
 - Truncation parameter: 9.999999999999999e-21

 MICROITERATION NUMBER = 0  , forward sweep
 - Left boundaries taken from index: 0
 - Right boundaries taken from index: 2

+------------+------------+
  ITERATION  |   ERROR 
+------------+------------+
    1        |  7.2685E-07 
    2        |  8.0396E-14 
+------------+------------+
 Energy = -2.90232747169611

 MICROITERATION NUMBER = 1  , forward sweep
 - Left boundaries taken from index: 1
 - Right boundaries taken from index: 3

+------------+------------+
  ITERATION  |   ERROR 
+------------+------------+
    1        |  5.7672E-07 
    2        |  2.0856E-14 
+------------+------------+
 Energy = -2.902327466517952

 MICROITERATION NUMBER = 2  , forward sweep
 - Left boundaries taken from index: 2
 - Right boundaries taken from index: 4

+------------+------------+
  ITERATION  |   ERROR 
+------------+------------+
    1        |  3.3658E-07 
    2        |  2.5919E-15 
+------------+------------+
 Energy = -2.902327465376127

 MICROITERATION NUMBER = 3  , forward sweep
 - Left boundaries taken from index: 3
 - Right boundaries taken from index: 5

+------------+------------+
  ITERATION  |   ERROR 
+------------+------------+
    1        |  4.2610E-07 
    2        |  5.1483E-15 
+------------+------------+
 Energy = -2.902327456075354

 MICROITERATION NUMBER = 4  , forward sweep
 - Left boundaries taken from index: 4
 - Right boundaries taken from index: 6

+------------+------------+
  ITERATION  |   ERROR 
+------------+------------+
    1        |  2.3277E-07 
    2        |  1.7919E-15 
+------------+------------+
 Energy = -2.902327452935718

 MICROITERATION NUMBER = 5  , forward sweep
 - Left boundaries taken from index: 5
 - Right boundaries taken from index: 7

+------------+------------+
  ITERATION  |   ERROR 
+------------+------------+
    1        |  9.0086E-08 
    2        |  7.3330E-17 
+------------+------------+
 Energy = -2.902327454700084

 MICROITERATION NUMBER = 6  , forward sweep
 - Left boundaries taken from index: 6
 - Right boundaries taken from index: 8

+------------+------------+
  ITERATION  |   ERROR 
+------------+------------+
    1        |  5.5977E-08 
    2        |  6.6924E-18 
+------------+------------+
 Energy = -2.902327454595996

 MICROITERATION NUMBER = 7  , forward sweep
 - Left boundaries taken from index: 7
 - Right boundaries taken from index: 9

+------------+------------+
  ITERATION  |   ERROR 
+------------+------------+
    1        |  7.1791E-08 
    2        |  1.8443E-17 
+------------+------------+
 Energy = -2.902327454691298

 MICROITERATION NUMBER = 8  , forward sweep
 - Left boundaries taken from index: 8
 - Right boundaries taken from index: 10

+------------+------------+
  ITERATION  |   ERROR 
+------------+------------+
    1        |  6.1194E-08 
    2        |  1.3556E-17 
+------------+------------+
 Energy = -2.902327454726957

 MICROITERATION NUMBER = 9  , forward sweep
 - Left boundaries taken from index: 9
 - Right boundaries taken from index: 11

+------------+------------+
  ITERATION  |   ERROR 
+------------+------------+
    1        |  5.9954E-08 
    2        |  1.5556E-17 
+------------+------------+
 Energy = -2.902327454783085

 MICROITERATION NUMBER = 10  , forward sweep
 - Left boundaries taken from index: 10
 - Right boundaries taken from index: 12

+------------+------------+
  ITERATION  |   ERROR 
+------------+------------+
    1        |  1.0193E-08 
    2        |  2.1996E-19 
+------------+------------+
 Energy = -2.902327454717858

 MICROITERATION NUMBER = 11  , forward sweep
 - Left boundaries taken from index: 11
 - Right boundaries taken from index: 13

+------------+------------+
  ITERATION  |   ERROR 
+------------+------------+
    1        |  7.2841E-09 
    2        |  5.0391E-20 
+------------+------------+
 Energy = -2.902327454720031

 MICROITERATION NUMBER = 12  , forward sweep
 - Left boundaries taken from index: 12
 - Right boundaries taken from index: 14

+------------+------------+
  ITERATION  |   ERROR 
+------------+------------+
    1        |  7.6056E-11 
+------------+------------+
 Energy = -2.90232745472003

 MICROITERATION NUMBER = 13  , backward sweep
 - Left boundaries taken from index: 11
 - Right boundaries taken from index: 13

+------------+------------+
  ITERATION  |   ERROR 
+------------+------------+
    1        |  1.0818E-10 
    2        |  3.1369E-23 
+------------+------------+
 Energy = -2.902327454720578

 MICROITERATION NUMBER = 14  , backward sweep
 - Left boundaries taken from index: 10
 - Right boundaries taken from index: 12

+------------+------------+
  ITERATION  |   ERROR 
+------------+------------+
    1        |  1.8904E-10 
    2        |  3.4063E-22 
+------------+------------+
 Energy = -2.902327454719453

 MICROITERATION NUMBER = 15  , backward sweep
 - Left boundaries taken from index: 9
 - Right boundaries taken from index: 11

+------------+------------+
  ITERATION  |   ERROR 
+------------+------------+
    1        |  1.3955E-10 
    2        |  1.1272E-22 
+------------+------------+
 Energy = -2.902327454719151

 MICROITERATION NUMBER = 16  , backward sweep
 - Left boundaries taken from index: 8
 - Right boundaries taken from index: 10

+------------+------------+
  ITERATION  |   ERROR 
+------------+------------+
    1        |  4.8414E-10 
    2        |  6.1089E-21 
+------------+------------+
 Energy = -2.902327454720674

 MICROITERATION NUMBER = 17  , backward sweep
 - Left boundaries taken from index: 7
 - Right boundaries taken from index: 9

+------------+------------+
  ITERATION  |   ERROR 
+------------+------------+
    1        |  4.4682E-10 
    2        |  4.6111E-21 
+------------+------------+
 Energy = -2.902327454720083

 MICROITERATION NUMBER = 18  , backward sweep
 - Left boundaries taken from index: 6
 - Right boundaries taken from index: 8

+------------+------------+
  ITERATION  |   ERROR 
+------------+------------+
    1        |  4.2431E-10 
    2        |  3.8549E-21 
+------------+------------+
 Energy = -2.902327454720751

 MICROITERATION NUMBER = 19  , backward sweep
 - Left boundaries taken from index: 5
 - Right boundaries taken from index: 7

+------------+------------+
  ITERATION  |   ERROR 
+------------+------------+
    1        |  6.5662E-09 
    2        |  1.3735E-18 
+------------+------------+
 Energy = -2.902327454836093

 MICROITERATION NUMBER = 20  , backward sweep
 - Left boundaries taken from index: 4
 - Right boundaries taken from index: 6

+------------+------------+
  ITERATION  |   ERROR 
+------------+------------+
    1        |  6.2438E-08 
    2        |  9.0708E-17 
+------------+------------+
 Energy = -2.902327454103375

 MICROITERATION NUMBER = 21  , backward sweep
 - Left boundaries taken from index: 3
 - Right boundaries taken from index: 5

+------------+------------+
  ITERATION  |   ERROR 
+------------+------------+
    1        |  3.9098E-08 
    2        |  6.0129E-17 
+------------+------------+
 Energy = -2.902327453675314

 MICROITERATION NUMBER = 22  , backward sweep
 - Left boundaries taken from index: 2
 - Right boundaries taken from index: 4

+------------+------------+
  ITERATION  |   ERROR 
+------------+------------+
    1        |  1.0858E-08 
    2        |  8.6638E-18 
+------------+------------+
 Energy = -2.902327453558519

 MICROITERATION NUMBER = 23  , backward sweep
 - Left boundaries taken from index: 1
 - Right boundaries taken from index: 3

+------------+------------+
  ITERATION  |   ERROR 
+------------+------------+
    1        |  2.0936E-07 
    2        |  9.4813E-15 
+------------+------------+
 Energy = -2.902327447276147


 -------------------
   SWEEP NUMBER 13
 -------------------
 - Noise parameter: 1e-08
 - Maximum bond dimension: 100
 - Truncation parameter: 9.999999999999999e-21

 MICROITERATION NUMBER = 0  , forward sweep
 - Left boundaries taken from index: 0
 - Right boundaries taken from index: 2

+------------+------------+
  ITERATION  |   ERROR 
+------------+------------+
    1        |  6.4580E-08 
    2        |  6.4388E-16 
+------------+------------+
 Energy = -2.902327446711331

 MICROITERATION NUMBER = 1  , forward sweep
 - Left boundaries taken from index: 1
 - Right boundaries taken from index: 3

+------------+------------+
  ITERATION  |   ERROR 
+------------+------------+
    1        |  2.6697E-08 
    2        |  1.1866E-16 
+------------+------------+
 Energy = -2.902327446497897

 MICROITERATION NUMBER = 2  , forward sweep
 - Left boundaries taken from index: 2
 - Right boundaries taken from index: 4

+------------+------------+
  ITERATION  |   ERROR 
+------------+------------+
    1        |  2.2177E-08 
    2        |  9.8104E-18 
+------------+------------+
 Energy = -2.902327446427691

 MICROITERATION NUMBER = 3  , forward sweep
 - Left boundaries taken from index: 3
 - Right boundaries taken from index: 5

+------------+------------+
  ITERATION  |   ERROR 
+------------+------------+
    1        |  2.3832E-08 
    2        |  1.4902E-17 
+------------+------------+
 Energy = -2.902327445772094

 MICROITERATION NUMBER = 4  , forward sweep
 - Left boundaries taken from index: 4
 - Right boundaries taken from index: 6

+------------+------------+
  ITERATION  |   ERROR 
+------------+------------+
    1        |  6.5784E-09 
    2        |  3.3218E-18 
+------------+------------+
 Energy = -2.902327445749616

 MICROITERATION NUMBER = 5  , forward sweep
 - Left boundaries taken from index: 5
 - Right boundaries taken from index: 7

+------------+------------+
  ITERATION  |   ERROR 
+------------+------------+
    1        |  2.7684E-09 
    2        |  1.2632E-19 
+------------+------------+
 Energy = -2.902327445787392

 MICROITERATION NUMBER = 6  , forward sweep
 - Left boundaries taken from index: 6
 - Right boundaries taken from index: 8

+------------+------------+
  ITERATION  |   ERROR 
+------------+------------+
    1        |  1.2228E-09 
    2        |  8.9232E-21 
+------------+------------+
 Energy = -2.902327445776343

 MICROITERATION NUMBER = 7  , forward sweep
 - Left boundaries taken from index: 7
 - Right boundaries taken from index: 9

+------------+------------+
  ITERATION  |   ERROR 
+------------+------------+
    1        |  8.7377E-10 
    2        |  1.4966E-21 
+------------+------------+
 Energy = -2.902327445777784

 MICROITERATION NUMBER = 8  , forward sweep
 - Left boundaries taken from index: 8
 - Right boundaries taken from index: 10

+------------+------------+
  ITERATION  |   ERROR 
+------------+------------+
    1        |  1.1950E-09 
    2        |  5.9000E-21 
+------------+------------+
 Energy = -2.902327445775757

 MICROITERATION NUMBER = 9  , forward sweep
 - Left boundaries taken from index: 9
 - Right boundaries taken from index: 11

+------------+------------+
  ITERATION  |   ERROR 
+------------+------------+
    1        |  1.5775E-09 
    2        |  1.0972E-20 
+------------+------------+
 Energy = -2.902327445774053

 MICROITERATION NUMBER = 10  , forward sweep
 - Left boundaries taken from index: 10
 - Right boundaries taken from index: 12

+------------+------------+
  ITERATION  |   ERROR 
+------------+------------+
    1        |  3.6177E-10 
    2        |  1.9165E-22 
+------------+------------+
 Energy = -2.902327445775814

 MICROITERATION NUMBER = 11  , forward sweep
 - Left boundaries taken from index: 11
 - Right boundaries taken from index: 13

+------------+------------+
  ITERATION  |   ERROR 
+------------+------------+
    1        |  1.8949E-10 
    2        |  2.9987E-23 
+------------+------------+
 Energy = -2.902327445775761

 MICROITERATION NUMBER = 12  , forward sweep
 - Left boundaries taken from index: 12
 - Right boundaries taken from index: 14

+------------+------------+
  ITERATION  |   ERROR 
+------------+------------+
    1        |  1.8516E-12 
+------------+------------+
 Energy = -2.902327445775761

 MICROITERATION NUMBER = 13  , backward sweep
 - Left boundaries taken from index: 11
 - Right boundaries taken from index: 13

+------------+------------+
  ITERATION  |   ERROR 
+------------+------------+
    1        |  2.4750E-12 
+------------+------------+
 Energy = -2.902327445775761

 MICROITERATION NUMBER = 14  , backward sweep
 - Left boundaries taken from index: 10
 - Right boundaries taken from index: 12

+------------+------------+
  ITERATION  |   ERROR 
+------------+------------+
    1        |  4.9854E-12 
+------------+------------+
 Energy = -2.90232744577576

 MICROITERATION NUMBER = 15  , backward sweep
 - Left boundaries taken from index: 9
 - Right boundaries taken from index: 11

+------------+------------+
  ITERATION  |   ERROR 
+------------+------------+
    1        |  5.9714E-12 
+------------+------------+
 Energy = -2.902327445775759

 MICROITERATION NUMBER = 16  , backward sweep
 - Left boundaries taken from index: 8
 - Right boundaries taken from index: 10

+------------+------------+
  ITERATION  |   ERROR 
+------------+------------+
    1        |  1.6079E-11 
+------------+------------+
 Energy = -2.902327445775758

 MICROITERATION NUMBER = 17  , backward sweep
 - Left boundaries taken from index: 7
 - Right boundaries taken from index: 9

+------------+------------+
  ITERATION  |   ERROR 
+------------+------------+
    1        |  1.9212E-11 
+------------+------------+
 Energy = -2.902327445775758

 MICROITERATION NUMBER = 18  , backward sweep
 - Left boundaries taken from index: 6
 - Right boundaries taken from index: 8

+------------+------------+
  ITERATION  |   ERROR 
+------------+------------+
    1        |  2.3322E-11 
+------------+------------+
 Energy = -2.902327445775757

 MICROITERATION NUMBER = 19  , backward sweep
 - Left boundaries taken from index: 5
 - Right boundaries taken from index: 7

+------------+------------+
  ITERATION  |   ERROR 
+------------+------------+
    1        |  4.4945E-10 
    2        |  5.7896E-21 
+------------+------------+
 Energy = -2.902327445768539

 MICROITERATION NUMBER = 20  , backward sweep
 - Left boundaries taken from index: 4
 - Right boundaries taken from index: 6

+------------+------------+
  ITERATION  |   ERROR 
+------------+------------+
    1        |  2.1508E-09 
    2        |  1.2085E-19 
+------------+------------+
 Energy = -2.902327445748742

 MICROITERATION NUMBER = 21  , backward sweep
 - Left boundaries taken from index: 3
 - Right boundaries taken from index: 5

+------------+------------+
  ITERATION  |   ERROR 
+------------+------------+
    1        |  2.1650E-09 
    2        |  1.7310E-19 
+------------+------------+
 Energy = -2.902327445714269

 MICROITERATION NUMBER = 22  , backward sweep
 - Left boundaries taken from index: 2
 - Right boundaries taken from index: 4

+------------+------------+
  ITERATION  |   ERROR 
+------------+------------+
    1        |  6.6834E-10 
    2        |  2.9465E-20 
+------------+------------+
 Energy = -2.902327445708885

 MICROITERATION NUMBER = 23  , backward sweep
 - Left boundaries taken from index: 1
 - Right boundaries taken from index: 3

+------------+------------+
  ITERATION  |   ERROR 
+------------+------------+
    1        |  1.3651E-08 
    2        |  3.1680E-17 
+------------+------------+
 Energy = -2.902327445264024


 -------------------
   SWEEP NUMBER 14
 -------------------
 - Noise parameter: 1e-08
 - Maximum bond dimension: 100
 - Truncation parameter: 9.999999999999999e-21

 MICROITERATION NUMBER = 0  , forward sweep
 - Left boundaries taken from index: 0
 - Right boundaries taken from index: 2

+------------+------------+
  ITERATION  |   ERROR 
+------------+------------+
    1        |  3.0892E-09 
    2        |  1.4992E-18 
+------------+------------+
 Energy = -2.902327445245154

 MICROITERATION NUMBER = 1  , forward sweep
 - Left boundaries taken from index: 1
 - Right boundaries taken from index: 3

+------------+------------+
  ITERATION  |   ERROR 
+------------+------------+
    1        |  1.4847E-09 
    2        |  2.8052E-19 
+------------+------------+
 Energy = -2.902327445226833

 MICROITERATION NUMBER = 2  , forward sweep
 - Left boundaries taken from index: 2
 - Right boundaries taken from index: 4

+------------+------------+
  ITERATION  |   ERROR 
+------------+------------+
    1        |  1.2727E-09 
    2        |  4.3231E-20 
+------------+------------+
 Energy = -2.902327445222271

 MICROITERATION NUMBER = 3  , forward sweep
 - Left boundaries taken from index: 3
 - Right boundaries taken from index: 5

+------------+------------+
  ITERATION  |   ERROR 
+------------+------------+
    1        |  1.4580E-09 
    2        |  5.8885E-20 
+------------+------------+
 Energy = -2.902327445181724

 MICROITERATION NUMBER = 4  , forward sweep
 - Left boundaries taken from index: 4
 - Right boundaries taken from index: 6

+------------+------------+
  ITERATION  |   ERROR 
+------------+------------+
    1        |  3.5830E-10 
    2        |  1.1069E-20 
+------------+------------+
 Energy = -2.902327445185283

 MICROITERATION NUMBER = 5  , forward sweep
 - Left boundaries taken from index: 5
 - Right boundaries taken from index: 7

+------------+------------+
  ITERATION  |   ERROR 
+------------+------------+
    1        |  1.6633E-10 
    2        |  4.0132E-22 
+------------+------------+
 Energy = -2.902327445183264

 MICROITERATION NUMBER = 6  , forward sweep
 - Left boundaries taken from index: 6
 - Right boundaries taken from index: 8

+------------+------------+
  ITERATION  |   ERROR 
+------------+------------+
    1        |  1.1883E-10 
    2        |  4.4124E-23 
+------------+------------+
 Energy = -2.902327445183086

 MICROITERATION NUMBER = 7  , forward sweep
 - Left boundaries taken from index: 7
 - Right boundaries taken from index: 9

+------------+------------+
  ITERATION  |   ERROR 
+------------+------------+
    1        |  1.0298E-10 
    2        |  3.5602E-23 
+------------+------------+
 Energy = -2.902327445183029

 MICROITERATION NUMBER = 8  , forward sweep
 - Left boundaries taken from index: 8
 - Right boundaries taken from index: 10

+------------+------------+
  ITERATION  |   ERROR 
+------------+------------+
    1        |  1.3091E-10 
    2        |  6.6469E-23 
+------------+------------+
 Energy = -2.902327445182884

 MICROITERATION NUMBER = 9  , forward sweep
 - Left boundaries taken from index: 9
 - Right boundaries taken from index: 11

+------------+------------+
  ITERATION  |   ERROR 
+------------+------------+
    1        |  1.5358E-10 
    2        |  1.0332E-22 
+------------+------------+
 Energy = -2.902327445182724

 MICROITERATION NUMBER = 10  , forward sweep
 - Left boundaries taken from index: 10
 - Right boundaries taken from index: 12

+------------+------------+
  ITERATION  |   ERROR 
+------------+------------+
    1        |  1.5903E-11 
+------------+------------+
 Energy = -2.902327445182723

 MICROITERATION NUMBER = 11  , forward sweep
 - Left boundaries taken from index: 11
 - Right boundaries taken from index: 13

+------------+------------+
  ITERATION  |   ERROR 
+------------+------------+
    1        |  1.5700E-11 
+------------+------------+
 Energy = -2.902327445182723

 MICROITERATION NUMBER = 12  , forward sweep
 - Left boundaries taken from index: 12
 - Right boundaries taken from index: 14

+------------+------------+
  ITERATION  |   ERROR 
+------------+------------+
    1        |  1.4363E-12 
+------------+------------+
 Energy = -2.902327445182722

 MICROITERATION NUMBER = 13  , backward sweep
 - Left boundaries taken from index: 11
 - Right boundaries taken from index: 13

+------------+------------+
  ITERATION  |   ERROR 
+------------+------------+
    1        |  1.5700E-11 
+------------+------------+
 Energy = -2.902327445182723

 MICROITERATION NUMBER = 14  , backward sweep
 - Left boundaries taken from index: 10
 - Right boundaries taken from index: 12

+------------+------------+
  ITERATION  |   ERROR 
+------------+------------+
    1        |  1.5902E-11 
+------------+------------+
 Energy = -2.902327445182724

 MICROITERATION NUMBER = 15  , backward sweep
 - Left boundaries taken from index: 9
 - Right boundaries taken from index: 11

+------------+------------+
  ITERATION  |   ERROR 
+------------+------------+
    1        |  8.8266E-12 
+------------+------------+
 Energy = -2.902327445182724

 MICROITERATION NUMBER = 16  , backward sweep
 - Left boundaries taken from index: 8
 - Right boundaries taken from index: 10

+------------+------------+
  ITERATION  |   ERROR 
+------------+------------+
    1        |  8.9021E-12 
+------------+------------+
 Energy = -2.902327445182725

 MICROITERATION NUMBER = 17  , backward sweep
 - Left boundaries taken from index: 7
 - Right boundaries taken from index: 9

+------------+------------+
  ITERATION  |   ERROR 
+------------+------------+
    1        |  8.5478E-12 
+------------+------------+
 Energy = -2.902327445182725

 MICROITERATION NUMBER = 18  , backward sweep
 - Left boundaries taken from index: 6
 - Right boundaries taken from index: 8

+------------+------------+
  ITERATION  |   ERROR 
+------------+------------+
    1        |  8.0993E-12 
+------------+------------+
 Energy = -2.902327445182724

 MICROITERATION NUMBER = 19  , backward sweep
 - Left boundaries taken from index: 5
 - Right boundaries taken from index: 7

+------------+------------+
  ITERATION  |   ERROR 
+------------+------------+
    1        |  1.7793E-11 
+------------+------------+
 Energy = -2.902327445182724

 MICROITERATION NUMBER = 20  , backward sweep
 - Left boundaries taken from index: 4
 - Right boundaries taken from index: 6

+------------+------------+
  ITERATION  |   ERROR 
+------------+------------+
    1        |  9.4833E-11 
+------------+------------+
 Energy = -2.902327445182722

 MICROITERATION NUMBER = 21  , backward sweep
 - Left boundaries taken from index: 3
 - Right boundaries taken from index: 5

+------------+------------+
  ITERATION  |   ERROR 
+------------+------------+
    1        |  1.8394E-10 
    2        |  6.6017E-22 
+------------+------------+
 Energy = -2.902327445179574

 MICROITERATION NUMBER = 22  , backward sweep
 - Left boundaries taken from index: 2
 - Right boundaries taken from index: 4

+------------+------------+
  ITERATION  |   ERROR 
+------------+------------+
    1        |  9.1005E-11 
+------------+------------+
 Energy = -2.902327445179571

 MICROITERATION NUMBER = 23  , backward sweep
 - Left boundaries taken from index: 1
 - Right boundaries taken from index: 3

+------------+------------+
  ITERATION  |   ERROR 
+------------+------------+
    1        |  7.2267E-10 
    2        |  1.1879E-19 
+------------+------------+
 Energy = -2.902327445154492


 -------------------
   SWEEP NUMBER 15
 -------------------
 - Noise parameter: 1e-08
 - Maximum bond dimension: 100
 - Truncation parameter: 9.999999999999999e-21

 MICROITERATION NUMBER = 0  , forward sweep
 - Left boundaries taken from index: 0
 - Right boundaries taken from index: 2

+------------+------------+
  ITERATION  |   ERROR 
+------------+------------+
    1        |  2.1222E-10 
    2        |  7.4162E-21 
+------------+------------+
 Energy = -2.902327445153142

 MICROITERATION NUMBER = 1  , forward sweep
 - Left boundaries taken from index: 1
 - Right boundaries taken from index: 3

+------------+------------+
  ITERATION  |   ERROR 
+------------+------------+
    1        |  1.5151E-10 
    2        |  2.1202E-21 
+------------+------------+
 Energy = -2.902327445154009

 MICROITERATION NUMBER = 2  , forward sweep
 - Left boundaries taken from index: 2
 - Right boundaries taken from index: 4

+------------+------------+
  ITERATION  |   ERROR 
+------------+------------+
    1        |  5.5839E-11 
+------------+------------+
 Energy = -2.902327445154011

 MICROITERATION NUMBER = 3  , forward sweep
 - Left boundaries taken from index: 3
 - Right boundaries taken from index: 5

+------------+------------+
  ITERATION  |   ERROR 
+------------+------------+
    1        |  1.0165E-10 
    2        |  9.7401E-23 
+------------+------------+
 Energy = -2.902327445151192

 MICROITERATION NUMBER = 4  , forward sweep
 - Left boundaries taken from index: 4
 - Right boundaries taken from index: 6

+------------+------------+
  ITERATION  |   ERROR 
+------------+------------+
    1        |  9.0658E-12 
+------------+------------+
 Energy = -2.90232744515119

 MICROITERATION NUMBER = 5  , forward sweep
 - Left boundaries taken from index: 5
 - Right boundaries taken from index: 7

+------------+------------+
  ITERATION  |   ERROR 
+------------+------------+
    1        |  8.0359E-12 
+------------+------------+
 Energy = -2.90232744515119

 MICROITERATION NUMBER = 6  , forward sweep
 - Left boundaries taken from index: 6
 - Right boundaries taken from index: 8

+------------+------------+
  ITERATION  |   ERROR 
+------------+------------+
    1        |  7.2512E-12 
+------------+------------+
 Energy = -2.902327445151191

 MICROITERATION NUMBER = 7  , forward sweep
 - Left boundaries taken from index: 7
 - Right boundaries taken from index: 9

+------------+------------+
  ITERATION  |   ERROR 
+------------+------------+
    1        |  6.8974E-12 
+------------+------------+
 Energy = -2.902327445151189

 MICROITERATION NUMBER = 8  , forward sweep
 - Left boundaries taken from index: 8
 - Right boundaries taken from index: 10

+------------+------------+
  ITERATION  |   ERROR 
+------------+------------+
    1        |  6.2955E-12 
+------------+------------+
 Energy = -2.902327445151189

 MICROITERATION NUMBER = 9  , forward sweep
 - Left boundaries taken from index: 9
 - Right boundaries taken from index: 11

+------------+------------+
  ITERATION  |   ERROR 
+------------+------------+
    1        |  7.4311E-12 
+------------+------------+
 Energy = -2.90232744515119

 MICROITERATION NUMBER = 10  , forward sweep
 - Left boundaries taken from index: 10
 - Right boundaries taken from index: 12

+------------+------------+
  ITERATION  |   ERROR 
+------------+------------+
    1        |  1.5014E-11 
+------------+------------+
 Energy = -2.902327445151188

 MICROITERATION NUMBER = 11  , forward sweep
 - Left boundaries taken from index: 11
 - Right boundaries taken from index: 13

+------------+------------+
  ITERATION  |   ERROR 
+------------+------------+
    1        |  1.3934E-11 
+------------+------------+
 Energy = -2.902327445151188

 MICROITERATION NUMBER = 12  , forward sweep
 - Left boundaries taken from index: 12
 - Right boundaries taken from index: 14

+------------+------------+
  ITERATION  |   ERROR 
+------------+------------+
    1        |  8.3784E-12 
+------------+------------+
 Energy = -2.902327445151188

 MICROITERATION NUMBER = 13  , backward sweep
 - Left boundaries taken from index: 11
 - Right boundaries taken from index: 13

+------------+------------+
  ITERATION  |   ERROR 
+------------+------------+
    1        |  1.3934E-11 
+------------+------------+
 Energy = -2.902327445151188

 MICROITERATION NUMBER = 14  , backward sweep
 - Left boundaries taken from index: 10
 - Right boundaries taken from index: 12

+------------+------------+
  ITERATION  |   ERROR 
+------------+------------+
    1        |  1.5013E-11 
+------------+------------+
 Energy = -2.902327445151188

 MICROITERATION NUMBER = 15  , backward sweep
 - Left boundaries taken from index: 9
 - Right boundaries taken from index: 11

+------------+------------+
  ITERATION  |   ERROR 
+------------+------------+
    1        |  7.4311E-12 
+------------+------------+
 Energy = -2.90232744515119

 MICROITERATION NUMBER = 16  , backward sweep
 - Left boundaries taken from index: 8
 - Right boundaries taken from index: 10

+------------+------------+
  ITERATION  |   ERROR 
+------------+------------+
    1        |  6.2952E-12 
+------------+------------+
 Energy = -2.902327445151189

 MICROITERATION NUMBER = 17  , backward sweep
 - Left boundaries taken from index: 7
 - Right boundaries taken from index: 9

+------------+------------+
  ITERATION  |   ERROR 
+------------+------------+
    1        |  6.8970E-12 
+------------+------------+
 Energy = -2.902327445151189

 MICROITERATION NUMBER = 18  , backward sweep
 - Left boundaries taken from index: 6
 - Right boundaries taken from index: 8

+------------+------------+
  ITERATION  |   ERROR 
+------------+------------+
    1        |  7.2507E-12 
+------------+------------+
 Energy = -2.902327445151191

 MICROITERATION NUMBER = 19  , backward sweep
 - Left boundaries taken from index: 5
 - Right boundaries taken from index: 7

+------------+------------+
  ITERATION  |   ERROR 
+------------+------------+
    1        |  8.0353E-12 
+------------+------------+
 Energy = -2.90232744515119

 MICROITERATION NUMBER = 20  , backward sweep
 - Left boundaries taken from index: 4
 - Right boundaries taken from index: 6

+------------+------------+
  ITERATION  |   ERROR 
+------------+------------+
    1        |  9.0656E-12 
+------------+------------+
 Energy = -2.90232744515119

 MICROITERATION NUMBER = 21  , backward sweep
 - Left boundaries taken from index: 3
 - Right boundaries taken from index: 5

+------------+------------+
  ITERATION  |   ERROR 
+------------+------------+
    1        |  9.9439E-12 
+------------+------------+
 Energy = -2.902327445151192

 MICROITERATION NUMBER = 22  , backward sweep
 - Left boundaries taken from index: 2
 - Right boundaries taken from index: 4

+------------+------------+
  ITERATION  |   ERROR 
+------------+------------+
    1        |  9.4877E-12 
+------------+------------+
 Energy = -2.902327445151189

 MICROITERATION NUMBER = 23  , backward sweep
 - Left boundaries taken from index: 1
 - Right boundaries taken from index: 3

+------------+------------+
  ITERATION  |   ERROR 
+------------+------------+
    1        |  4.7152E-11 
+------------+------------+
 Energy = -2.90232744515119


 -------------------
   SWEEP NUMBER 16
 -------------------
 - Noise parameter: 1e-08
 - Maximum bond dimension: 100
 - Truncation parameter: 9.999999999999999e-21

 MICROITERATION NUMBER = 0  , forward sweep
 - Left boundaries taken from index: 0
 - Right boundaries taken from index: 2

+------------+------------+
  ITERATION  |   ERROR 
+------------+------------+
    1        |  4.6630E-11 
+------------+------------+
 Energy = -2.90232744515119

 MICROITERATION NUMBER = 1  , forward sweep
 - Left boundaries taken from index: 1
 - Right boundaries taken from index: 3

+------------+------------+
  ITERATION  |   ERROR 
+------------+------------+
    1        |  4.7152E-11 
+------------+------------+
 Energy = -2.90232744515119

 MICROITERATION NUMBER = 2  , forward sweep
 - Left boundaries taken from index: 2
 - Right boundaries taken from index: 4

+------------+------------+
  ITERATION  |   ERROR 
+------------+------------+
    1        |  9.4877E-12 
+------------+------------+
 Energy = -2.902327445151189

 MICROITERATION NUMBER = 3  , forward sweep
 - Left boundaries taken from index: 3
 - Right boundaries taken from index: 5

+------------+------------+
  ITERATION  |   ERROR 
+------------+------------+
    1        |  9.9439E-12 
+------------+------------+
 Energy = -2.902327445151192

 MICROITERATION NUMBER = 4  , forward sweep
 - Left boundaries taken from index: 4
 - Right boundaries taken from index: 6

+------------+------------+
  ITERATION  |   ERROR 
+------------+------------+
    1        |  9.0655E-12 
+------------+------------+
 Energy = -2.902327445151191

 MICROITERATION NUMBER = 5  , forward sweep
 - Left boundaries taken from index: 5
 - Right boundaries taken from index: 7

+------------+------------+
  ITERATION  |   ERROR 
+------------+------------+
    1        |  8.0352E-12 
+------------+------------+
 Energy = -2.902327445151191

 MICROITERATION NUMBER = 6  , forward sweep
 - Left boundaries taken from index: 6
 - Right boundaries taken from index: 8

+------------+------------+
  ITERATION  |   ERROR 
+------------+------------+
    1        |  7.2506E-12 
+------------+------------+
 Energy = -2.902327445151192

 MICROITERATION NUMBER = 7  , forward sweep
 - Left boundaries taken from index: 7
 - Right boundaries taken from index: 9

+------------+------------+
  ITERATION  |   ERROR 
+------------+------------+
    1        |  6.8969E-12 
+------------+------------+
 Energy = -2.90232744515119

 MICROITERATION NUMBER = 8  , forward sweep
 - Left boundaries taken from index: 8
 - Right boundaries taken from index: 10

+------------+------------+
  ITERATION  |   ERROR 
+------------+------------+
    1        |  6.2952E-12 
+------------+------------+
 Energy = -2.90232744515119

 MICROITERATION NUMBER = 9  , forward sweep
 - Left boundaries taken from index: 9
 - Right boundaries taken from index: 11

+------------+------------+
  ITERATION  |   ERROR 
+------------+------------+
    1        |  7.4310E-12 
+------------+------------+
 Energy = -2.902327445151191

 MICROITERATION NUMBER = 10  , forward sweep
 - Left boundaries taken from index: 10
 - Right boundaries taken from index: 12

+------------+------------+
  ITERATION  |   ERROR 
+------------+------------+
    1        |  1.5013E-11 
+------------+------------+
 Energy = -2.902327445151188

 MICROITERATION NUMBER = 11  , forward sweep
 - Left boundaries taken from index: 11
 - Right boundaries taken from index: 13

+------------+------------+
  ITERATION  |   ERROR 
+------------+------------+
    1        |  1.3934E-11 
+------------+------------+
 Energy = -2.902327445151189

 MICROITERATION NUMBER = 12  , forward sweep
 - Left boundaries taken from index: 12
 - Right boundaries taken from index: 14

+------------+------------+
  ITERATION  |   ERROR 
+------------+------------+
    1        |  8.3783E-12 
+------------+------------+
 Energy = -2.902327445151189

 MICROITERATION NUMBER = 13  , backward sweep
 - Left boundaries taken from index: 11
 - Right boundaries taken from index: 13

+------------+------------+
  ITERATION  |   ERROR 
+------------+------------+
    1        |  1.3934E-11 
+------------+------------+
 Energy = -2.902327445151189

 MICROITERATION NUMBER = 14  , backward sweep
 - Left boundaries taken from index: 10
 - Right boundaries taken from index: 12

+------------+------------+
  ITERATION  |   ERROR 
+------------+------------+
    1        |  1.5013E-11 
+------------+------------+
 Energy = -2.902327445151188

 MICROITERATION NUMBER = 15  , backward sweep
 - Left boundaries taken from index: 9
 - Right boundaries taken from index: 11

+------------+------------+
  ITERATION  |   ERROR 
+------------+------------+
    1        |  7.4310E-12 
+------------+------------+
 Energy = -2.902327445151191

 MICROITERATION NUMBER = 16  , backward sweep
 - Left boundaries taken from index: 8
 - Right boundaries taken from index: 10

+------------+------------+
  ITERATION  |   ERROR 
+------------+------------+
    1        |  6.2952E-12 
+------------+------------+
 Energy = -2.902327445151189

 MICROITERATION NUMBER = 17  , backward sweep
 - Left boundaries taken from index: 7
 - Right boundaries taken from index: 9

+------------+------------+
  ITERATION  |   ERROR 
+------------+------------+
    1        |  6.8970E-12 
+------------+------------+
 Energy = -2.90232744515119

 MICROITERATION NUMBER = 18  , backward sweep
 - Left boundaries taken from index: 6
 - Right boundaries taken from index: 8

+------------+------------+
  ITERATION  |   ERROR 
+------------+------------+
    1        |  7.2507E-12 
+------------+------------+
 Energy = -2.902327445151191

 MICROITERATION NUMBER = 19  , backward sweep
 - Left boundaries taken from index: 5
 - Right boundaries taken from index: 7

+------------+------------+
  ITERATION  |   ERROR 
+------------+------------+
    1        |  8.0353E-12 
+------------+------------+
 Energy = -2.902327445151191

 MICROITERATION NUMBER = 20  , backward sweep
 - Left boundaries taken from index: 4
 - Right boundaries taken from index: 6

+------------+------------+
  ITERATION  |   ERROR 
+------------+------------+
    1        |  9.0656E-12 
+------------+------------+
 Energy = -2.90232744515119

 MICROITERATION NUMBER = 21  , backward sweep
 - Left boundaries taken from index: 3
 - Right boundaries taken from index: 5

+------------+------------+
  ITERATION  |   ERROR 
+------------+------------+
    1        |  9.9439E-12 
+------------+------------+
 Energy = -2.902327445151191

 MICROITERATION NUMBER = 22  , backward sweep
 - Left boundaries taken from index: 2
 - Right boundaries taken from index: 4

+------------+------------+
  ITERATION  |   ERROR 
+------------+------------+
    1        |  9.4878E-12 
+------------+------------+
 Energy = -2.902327445151189

 MICROITERATION NUMBER = 23  , backward sweep
 - Left boundaries taken from index: 1
 - Right boundaries taken from index: 3

+------------+------------+
  ITERATION  |   ERROR 
+------------+------------+
    1        |  4.7152E-11 
+------------+------------+
 Energy = -2.90232744515119


 -------------------
   SWEEP NUMBER 17
 -------------------
 - Noise parameter: 1e-08
 - Maximum bond dimension: 100
 - Truncation parameter: 9.999999999999999e-21

 MICROITERATION NUMBER = 0  , forward sweep
 - Left boundaries taken from index: 0
 - Right boundaries taken from index: 2

+------------+------------+
  ITERATION  |   ERROR 
+------------+------------+
    1        |  4.6630E-11 
+------------+------------+
 Energy = -2.90232744515119

 MICROITERATION NUMBER = 1  , forward sweep
 - Left boundaries taken from index: 1
 - Right boundaries taken from index: 3

+------------+------------+
  ITERATION  |   ERROR 
+------------+------------+
    1        |  4.7152E-11 
+------------+------------+
 Energy = -2.90232744515119

 MICROITERATION NUMBER = 2  , forward sweep
 - Left boundaries taken from index: 2
 - Right boundaries taken from index: 4

+------------+------------+
  ITERATION  |   ERROR 
+------------+------------+
    1        |  9.4878E-12 
+------------+------------+
 Energy = -2.902327445151189

 MICROITERATION NUMBER = 3  , forward sweep
 - Left boundaries taken from index: 3
 - Right boundaries taken from index: 5

+------------+------------+
  ITERATION  |   ERROR 
+------------+------------+
    1        |  9.9439E-12 
+------------+------------+
 Energy = -2.902327445151191

 MICROITERATION NUMBER = 4  , forward sweep
 - Left boundaries taken from index: 4
 - Right boundaries taken from index: 6

+------------+------------+
  ITERATION  |   ERROR 
+------------+------------+
    1        |  9.0656E-12 
+------------+------------+
 Energy = -2.902327445151191

 MICROITERATION NUMBER = 5  , forward sweep
 - Left boundaries taken from index: 5
 - Right boundaries taken from index: 7

+------------+------------+
  ITERATION  |   ERROR 
+------------+------------+
    1        |  8.0353E-12 
+------------+------------+
 Energy = -2.902327445151191

 MICROITERATION NUMBER = 6  , forward sweep
 - Left boundaries taken from index: 6
 - Right boundaries taken from index: 8

+------------+------------+
  ITERATION  |   ERROR 
+------------+------------+
    1        |  7.2507E-12 
+------------+------------+
 Energy = -2.902327445151192

 MICROITERATION NUMBER = 7  , forward sweep
 - Left boundaries taken from index: 7
 - Right boundaries taken from index: 9

+------------+------------+
  ITERATION  |   ERROR 
+------------+------------+
    1        |  6.8970E-12 
+------------+------------+
 Energy = -2.90232744515119

 MICROITERATION NUMBER = 8  , forward sweep
 - Left boundaries taken from index: 8
 - Right boundaries taken from index: 10

+------------+------------+
  ITERATION  |   ERROR 
+------------+------------+
    1        |  6.2953E-12 
+------------+------------+
 Energy = -2.90232744515119

 MICROITERATION NUMBER = 9  , forward sweep
 - Left boundaries taken from index: 9
 - Right boundaries taken from index: 11

+------------+------------+
  ITERATION  |   ERROR 
+------------+------------+
    1        |  7.4311E-12 
+------------+------------+
 Energy = -2.902327445151191

 MICROITERATION NUMBER = 10  , forward sweep
 - Left boundaries taken from index: 10
 - Right boundaries taken from index: 12

+------------+------------+
  ITERATION  |   ERROR 
+------------+------------+
    1        |  1.5013E-11 
+------------+------------+
 Energy = -2.902327445151188

 MICROITERATION NUMBER = 11  , forward sweep
 - Left boundaries taken from index: 11
 - Right boundaries taken from index: 13

+------------+------------+
  ITERATION  |   ERROR 
+------------+------------+
    1        |  1.3934E-11 
+------------+------------+
 Energy = -2.902327445151189

 MICROITERATION NUMBER = 12  , forward sweep
 - Left boundaries taken from index: 12
 - Right boundaries taken from index: 14

+------------+------------+
  ITERATION  |   ERROR 
+------------+------------+
    1        |  8.3783E-12 
+------------+------------+
 Energy = -2.902327445151188

 MICROITERATION NUMBER = 13  , backward sweep
 - Left boundaries taken from index: 11
 - Right boundaries taken from index: 13

+------------+------------+
  ITERATION  |   ERROR 
+------------+------------+
    1        |  1.3934E-11 
+------------+------------+
 Energy = -2.902327445151189

 MICROITERATION NUMBER = 14  , backward sweep
 - Left boundaries taken from index: 10
 - Right boundaries taken from index: 12

+------------+------------+
  ITERATION  |   ERROR 
+------------+------------+
    1        |  1.5013E-11 
+------------+------------+
 Energy = -2.902327445151188

 MICROITERATION NUMBER = 15  , backward sweep
 - Left boundaries taken from index: 9
 - Right boundaries taken from index: 11

+------------+------------+
  ITERATION  |   ERROR 
+------------+------------+
    1        |  7.4311E-12 
+------------+------------+
 Energy = -2.902327445151191

 MICROITERATION NUMBER = 16  , backward sweep
 - Left boundaries taken from index: 8
 - Right boundaries taken from index: 10

+------------+------------+
  ITERATION  |   ERROR 
+------------+------------+
    1        |  6.2952E-12 
+------------+------------+
 Energy = -2.902327445151189

 MICROITERATION NUMBER = 17  , backward sweep
 - Left boundaries taken from index: 7
 - Right boundaries taken from index: 9

+------------+------------+
  ITERATION  |   ERROR 
+------------+------------+
    1        |  6.8970E-12 
+------------+------------+
 Energy = -2.90232744515119

 MICROITERATION NUMBER = 18  , backward sweep
 - Left boundaries taken from index: 6
 - Right boundaries taken from index: 8

+------------+------------+
  ITERATION  |   ERROR 
+------------+------------+
    1        |  7.2507E-12 
+------------+------------+
 Energy = -2.902327445151191

 MICROITERATION NUMBER = 19  , backward sweep
 - Left boundaries taken from index: 5
 - Right boundaries taken from index: 7

+------------+------------+
  ITERATION  |   ERROR 
+------------+------------+
    1        |  8.0353E-12 
+------------+------------+
 Energy = -2.902327445151191

 MICROITERATION NUMBER = 20  , backward sweep
 - Left boundaries taken from index: 4
 - Right boundaries taken from index: 6

+------------+------------+
  ITERATION  |   ERROR 
+------------+------------+
    1        |  9.0656E-12 
+------------+------------+
 Energy = -2.90232744515119

 MICROITERATION NUMBER = 21  , backward sweep
 - Left boundaries taken from index: 3
 - Right boundaries taken from index: 5

+------------+------------+
  ITERATION  |   ERROR 
+------------+------------+
    1        |  9.9439E-12 
+------------+------------+
 Energy = -2.902327445151192

 MICROITERATION NUMBER = 22  , backward sweep
 - Left boundaries taken from index: 2
 - Right boundaries taken from index: 4

+------------+------------+
  ITERATION  |   ERROR 
+------------+------------+
    1        |  9.4877E-12 
+------------+------------+
 Energy = -2.902327445151189

 MICROITERATION NUMBER = 23  , backward sweep
 - Left boundaries taken from index: 1
 - Right boundaries taken from index: 3

+------------+------------+
  ITERATION  |   ERROR 
+------------+------------+
    1        |  4.7152E-11 
+------------+------------+
 Energy = -2.90232744515119


 -------------------
   SWEEP NUMBER 18
 -------------------
 - Noise parameter: 1e-08
 - Maximum bond dimension: 100
 - Truncation parameter: 9.999999999999999e-21

 MICROITERATION NUMBER = 0  , forward sweep
 - Left boundaries taken from index: 0
 - Right boundaries taken from index: 2

+------------+------------+
  ITERATION  |   ERROR 
+------------+------------+
    1        |  4.6630E-11 
+------------+------------+
 Energy = -2.90232744515119

 MICROITERATION NUMBER = 1  , forward sweep
 - Left boundaries taken from index: 1
 - Right boundaries taken from index: 3

+------------+------------+
  ITERATION  |   ERROR 
+------------+------------+
    1        |  4.7152E-11 
+------------+------------+
 Energy = -2.90232744515119

 MICROITERATION NUMBER = 2  , forward sweep
 - Left boundaries taken from index: 2
 - Right boundaries taken from index: 4

+------------+------------+
  ITERATION  |   ERROR 
+------------+------------+
    1        |  9.4877E-12 
+------------+------------+
 Energy = -2.902327445151189

 MICROITERATION NUMBER = 3  , forward sweep
 - Left boundaries taken from index: 3
 - Right boundaries taken from index: 5

+------------+------------+
  ITERATION  |   ERROR 
+------------+------------+
    1        |  9.9439E-12 
+------------+------------+
 Energy = -2.902327445151192

 MICROITERATION NUMBER = 4  , forward sweep
 - Left boundaries taken from index: 4
 - Right boundaries taken from index: 6

+------------+------------+
  ITERATION  |   ERROR 
+------------+------------+
    1        |  9.0656E-12 
+------------+------------+
 Energy = -2.902327445151191

 MICROITERATION NUMBER = 5  , forward sweep
 - Left boundaries taken from index: 5
 - Right boundaries taken from index: 7

+------------+------------+
  ITERATION  |   ERROR 
+------------+------------+
    1        |  8.0353E-12 
+------------+------------+
 Energy = -2.902327445151191

 MICROITERATION NUMBER = 6  , forward sweep
 - Left boundaries taken from index: 6
 - Right boundaries taken from index: 8

+------------+------------+
  ITERATION  |   ERROR 
+------------+------------+
    1        |  7.2507E-12 
+------------+------------+
 Energy = -2.902327445151192

 MICROITERATION NUMBER = 7  , forward sweep
 - Left boundaries taken from index: 7
 - Right boundaries taken from index: 9

+------------+------------+
  ITERATION  |   ERROR 
+------------+------------+
    1        |  6.8970E-12 
+------------+------------+
 Energy = -2.90232744515119

 MICROITERATION NUMBER = 8  , forward sweep
 - Left boundaries taken from index: 8
 - Right boundaries taken from index: 10

+------------+------------+
  ITERATION  |   ERROR 
+------------+------------+
    1        |  6.2952E-12 
+------------+------------+
 Energy = -2.90232744515119

 MICROITERATION NUMBER = 9  , forward sweep
 - Left boundaries taken from index: 9
 - Right boundaries taken from index: 11

+------------+------------+
  ITERATION  |   ERROR 
+------------+------------+
    1        |  7.4311E-12 
+------------+------------+
 Energy = -2.902327445151191

 MICROITERATION NUMBER = 10  , forward sweep
 - Left boundaries taken from index: 10
 - Right boundaries taken from index: 12

+------------+------------+
  ITERATION  |   ERROR 
+------------+------------+
    1        |  1.5013E-11 
+------------+------------+
 Energy = -2.902327445151188

 MICROITERATION NUMBER = 11  , forward sweep
 - Left boundaries taken from index: 11
 - Right boundaries taken from index: 13

+------------+------------+
  ITERATION  |   ERROR 
+------------+------------+
    1        |  1.3934E-11 
+------------+------------+
 Energy = -2.902327445151189

 MICROITERATION NUMBER = 12  , forward sweep
 - Left boundaries taken from index: 12
 - Right boundaries taken from index: 14

+------------+------------+
  ITERATION  |   ERROR 
+------------+------------+
    1        |  8.3783E-12 
+------------+------------+
 Energy = -2.902327445151189

 MICROITERATION NUMBER = 13  , backward sweep
 - Left boundaries taken from index: 11
 - Right boundaries taken from index: 13

+------------+------------+
  ITERATION  |   ERROR 
+------------+------------+
    1        |  1.3934E-11 
+------------+------------+
 Energy = -2.902327445151189

 MICROITERATION NUMBER = 14  , backward sweep
 - Left boundaries taken from index: 10
 - Right boundaries taken from index: 12

+------------+------------+
  ITERATION  |   ERROR 
+------------+------------+
    1        |  1.5013E-11 
+------------+------------+
 Energy = -2.902327445151188

 MICROITERATION NUMBER = 15  , backward sweep
 - Left boundaries taken from index: 9
 - Right boundaries taken from index: 11

+------------+------------+
  ITERATION  |   ERROR 
+------------+------------+
    1        |  7.4311E-12 
+------------+------------+
 Energy = -2.902327445151191

 MICROITERATION NUMBER = 16  , backward sweep
 - Left boundaries taken from index: 8
 - Right boundaries taken from index: 10

+------------+------------+
  ITERATION  |   ERROR 
+------------+------------+
    1        |  6.2952E-12 
+------------+------------+
 Energy = -2.902327445151189

 MICROITERATION NUMBER = 17  , backward sweep
 - Left boundaries taken from index: 7
 - Right boundaries taken from index: 9

+------------+------------+
  ITERATION  |   ERROR 
+------------+------------+
    1        |  6.8971E-12 
+------------+------------+
 Energy = -2.90232744515119

 MICROITERATION NUMBER = 18  , backward sweep
 - Left boundaries taken from index: 6
 - Right boundaries taken from index: 8

+------------+------------+
  ITERATION  |   ERROR 
+------------+------------+
    1        |  7.2507E-12 
+------------+------------+
 Energy = -2.902327445151191

 MICROITERATION NUMBER = 19  , backward sweep
 - Left boundaries taken from index: 5
 - Right boundaries taken from index: 7

+------------+------------+
  ITERATION  |   ERROR 
+------------+------------+
    1        |  8.0353E-12 
+------------+------------+
 Energy = -2.902327445151191

 MICROITERATION NUMBER = 20  , backward sweep
 - Left boundaries taken from index: 4
 - Right boundaries taken from index: 6

+------------+------------+
  ITERATION  |   ERROR 
+------------+------------+
    1        |  9.0656E-12 
+------------+------------+
 Energy = -2.90232744515119

 MICROITERATION NUMBER = 21  , backward sweep
 - Left boundaries taken from index: 3
 - Right boundaries taken from index: 5

+------------+------------+
  ITERATION  |   ERROR 
+------------+------------+
    1        |  9.9440E-12 
+------------+------------+
 Energy = -2.902327445151191

 MICROITERATION NUMBER = 22  , backward sweep
 - Left boundaries taken from index: 2
 - Right boundaries taken from index: 4

+------------+------------+
  ITERATION  |   ERROR 
+------------+------------+
    1        |  9.4877E-12 
+------------+------------+
 Energy = -2.902327445151189

 MICROITERATION NUMBER = 23  , backward sweep
 - Left boundaries taken from index: 1
 - Right boundaries taken from index: 3

+------------+------------+
  ITERATION  |   ERROR 
+------------+------------+
    1        |  4.7152E-11 
+------------+------------+
 Energy = -2.90232744515119


 -------------------
   SWEEP NUMBER 19
 -------------------
 - Noise parameter: 1e-08
 - Maximum bond dimension: 100
 - Truncation parameter: 9.999999999999999e-21

 MICROITERATION NUMBER = 0  , forward sweep
 - Left boundaries taken from index: 0
 - Right boundaries taken from index: 2

+------------+------------+
  ITERATION  |   ERROR 
+------------+------------+
    1        |  4.6630E-11 
+------------+------------+
 Energy = -2.90232744515119

 MICROITERATION NUMBER = 1  , forward sweep
 - Left boundaries taken from index: 1
 - Right boundaries taken from index: 3

+------------+------------+
  ITERATION  |   ERROR 
+------------+------------+
    1        |  4.7152E-11 
+------------+------------+
 Energy = -2.90232744515119

 MICROITERATION NUMBER = 2  , forward sweep
 - Left boundaries taken from index: 2
 - Right boundaries taken from index: 4

+------------+------------+
  ITERATION  |   ERROR 
+------------+------------+
    1        |  9.4877E-12 
+------------+------------+
 Energy = -2.902327445151189

 MICROITERATION NUMBER = 3  , forward sweep
 - Left boundaries taken from index: 3
 - Right boundaries taken from index: 5

+------------+------------+
  ITERATION  |   ERROR 
+------------+------------+
    1        |  9.9440E-12 
+------------+------------+
 Energy = -2.902327445151192

 MICROITERATION NUMBER = 4  , forward sweep
 - Left boundaries taken from index: 4
 - Right boundaries taken from index: 6

+------------+------------+
  ITERATION  |   ERROR 
+------------+------------+
    1        |  9.0656E-12 
+------------+------------+
 Energy = -2.902327445151191

 MICROITERATION NUMBER = 5  , forward sweep
 - Left boundaries taken from index: 5
 - Right boundaries taken from index: 7

+------------+------------+
  ITERATION  |   ERROR 
+------------+------------+
    1        |  8.0353E-12 
+------------+------------+
 Energy = -2.902327445151191

 MICROITERATION NUMBER = 6  , forward sweep
 - Left boundaries taken from index: 6
 - Right boundaries taken from index: 8

+------------+------------+
  ITERATION  |   ERROR 
+------------+------------+
    1        |  7.2507E-12 
+------------+------------+
 Energy = -2.902327445151192

 MICROITERATION NUMBER = 7  , forward sweep
 - Left boundaries taken from index: 7
 - Right boundaries taken from index: 9

+------------+------------+
  ITERATION  |   ERROR 
+------------+------------+
    1        |  6.8970E-12 
+------------+------------+
 Energy = -2.90232744515119

 MICROITERATION NUMBER = 8  , forward sweep
 - Left boundaries taken from index: 8
 - Right boundaries taken from index: 10

+------------+------------+
  ITERATION  |   ERROR 
+------------+------------+
    1        |  6.2952E-12 
+------------+------------+
 Energy = -2.90232744515119

 MICROITERATION NUMBER = 9  , forward sweep
 - Left boundaries taken from index: 9
 - Right boundaries taken from index: 11

+------------+------------+
  ITERATION  |   ERROR 
+------------+------------+
    1        |  7.4310E-12 
+------------+------------+
 Energy = -2.902327445151191

 MICROITERATION NUMBER = 10  , forward sweep
 - Left boundaries taken from index: 10
 - Right boundaries taken from index: 12

+------------+------------+
  ITERATION  |   ERROR 
+------------+------------+
    1        |  1.5013E-11 
+------------+------------+
 Energy = -2.902327445151188

 MICROITERATION NUMBER = 11  , forward sweep
 - Left boundaries taken from index: 11
 - Right boundaries taken from index: 13

+------------+------------+
  ITERATION  |   ERROR 
+------------+------------+
    1        |  1.3934E-11 
+------------+------------+
 Energy = -2.902327445151189

 MICROITERATION NUMBER = 12  , forward sweep
 - Left boundaries taken from index: 12
 - Right boundaries taken from index: 14

+------------+------------+
  ITERATION  |   ERROR 
+------------+------------+
    1        |  8.3783E-12 
+------------+------------+
 Energy = -2.902327445151188

 MICROITERATION NUMBER = 13  , backward sweep
 - Left boundaries taken from index: 11
 - Right boundaries taken from index: 13

+------------+------------+
  ITERATION  |   ERROR 
+------------+------------+
    1        |  1.3934E-11 
+------------+------------+
 Energy = -2.902327445151189

 MICROITERATION NUMBER = 14  , backward sweep
 - Left boundaries taken from index: 10
 - Right boundaries taken from index: 12

+------------+------------+
  ITERATION  |   ERROR 
+------------+------------+
    1        |  1.5013E-11 
+------------+------------+
 Energy = -2.902327445151188

 MICROITERATION NUMBER = 15  , backward sweep
 - Left boundaries taken from index: 9
 - Right boundaries taken from index: 11

+------------+------------+
  ITERATION  |   ERROR 
+------------+------------+
    1        |  7.4310E-12 
+------------+------------+
 Energy = -2.902327445151191

 MICROITERATION NUMBER = 16  , backward sweep
 - Left boundaries taken from index: 8
 - Right boundaries taken from index: 10

+------------+------------+
  ITERATION  |   ERROR 
+------------+------------+
    1        |  6.2952E-12 
+------------+------------+
 Energy = -2.902327445151189

 MICROITERATION NUMBER = 17  , backward sweep
 - Left boundaries taken from index: 7
 - Right boundaries taken from index: 9

+------------+------------+
  ITERATION  |   ERROR 
+------------+------------+
    1        |  6.8969E-12 
+------------+------------+
 Energy = -2.90232744515119

 MICROITERATION NUMBER = 18  , backward sweep
 - Left boundaries taken from index: 6
 - Right boundaries taken from index: 8

+------------+------------+
  ITERATION  |   ERROR 
+------------+------------+
    1        |  7.2506E-12 
+------------+------------+
 Energy = -2.902327445151191

 MICROITERATION NUMBER = 19  , backward sweep
 - Left boundaries taken from index: 5
 - Right boundaries taken from index: 7

+------------+------------+
  ITERATION  |   ERROR 
+------------+------------+
    1        |  8.0353E-12 
+------------+------------+
 Energy = -2.902327445151191

 MICROITERATION NUMBER = 20  , backward sweep
 - Left boundaries taken from index: 4
 - Right boundaries taken from index: 6

+------------+------------+
  ITERATION  |   ERROR 
+------------+------------+
    1        |  9.0656E-12 
+------------+------------+
 Energy = -2.90232744515119

 MICROITERATION NUMBER = 21  , backward sweep
 - Left boundaries taken from index: 3
 - Right boundaries taken from index: 5

+------------+------------+
  ITERATION  |   ERROR 
+------------+------------+
    1        |  9.9439E-12 
+------------+------------+
 Energy = -2.902327445151191

 MICROITERATION NUMBER = 22  , backward sweep
 - Left boundaries taken from index: 2
 - Right boundaries taken from index: 4

+------------+------------+
  ITERATION  |   ERROR 
+------------+------------+
    1        |  9.4879E-12 
+------------+------------+
 Energy = -2.902327445151189

 MICROITERATION NUMBER = 23  , backward sweep
 - Left boundaries taken from index: 1
 - Right boundaries taken from index: 3

+------------+------------+
  ITERATION  |   ERROR 
+------------+------------+
    1        |  4.7152E-11 
+------------+------------+
 Energy = -2.90232744515119


 -------------------
   SWEEP NUMBER 20
 -------------------
 - Noise parameter: 1e-08
 - Maximum bond dimension: 100
 - Truncation parameter: 9.999999999999999e-21

 MICROITERATION NUMBER = 0  , forward sweep
 - Left boundaries taken from index: 0
 - Right boundaries taken from index: 2

+------------+------------+
  ITERATION  |   ERROR 
+------------+------------+
    1        |  4.6630E-11 
+------------+------------+
 Energy = -2.90232744515119

 MICROITERATION NUMBER = 1  , forward sweep
 - Left boundaries taken from index: 1
 - Right boundaries taken from index: 3

+------------+------------+
  ITERATION  |   ERROR 
+------------+------------+
    1        |  4.7152E-11 
+------------+------------+
 Energy = -2.90232744515119

 MICROITERATION NUMBER = 2  , forward sweep
 - Left boundaries taken from index: 2
 - Right boundaries taken from index: 4

+------------+------------+
  ITERATION  |   ERROR 
+------------+------------+
    1        |  9.4879E-12 
+------------+------------+
 Energy = -2.902327445151189

 MICROITERATION NUMBER = 3  , forward sweep
 - Left boundaries taken from index: 3
 - Right boundaries taken from index: 5

+------------+------------+
  ITERATION  |   ERROR 
+------------+------------+
    1        |  9.9440E-12 
+------------+------------+
 Energy = -2.902327445151192

 MICROITERATION NUMBER = 4  , forward sweep
 - Left boundaries taken from index: 4
 - Right boundaries taken from index: 6

+------------+------------+
  ITERATION  |   ERROR 
+------------+------------+
    1        |  9.0656E-12 
+------------+------------+
 Energy = -2.902327445151191

 MICROITERATION NUMBER = 5  , forward sweep
 - Left boundaries taken from index: 5
 - Right boundaries taken from index: 7

+------------+------------+
  ITERATION  |   ERROR 
+------------+------------+
    1        |  8.0353E-12 
+------------+------------+
 Energy = -2.902327445151191

 MICROITERATION NUMBER = 6  , forward sweep
 - Left boundaries taken from index: 6
 - Right boundaries taken from index: 8

+------------+------------+
  ITERATION  |   ERROR 
+------------+------------+
    1        |  7.2507E-12 
+------------+------------+
 Energy = -2.902327445151192

 MICROITERATION NUMBER = 7  , forward sweep
 - Left boundaries taken from index: 7
 - Right boundaries taken from index: 9

+------------+------------+
  ITERATION  |   ERROR 
+------------+------------+
    1        |  6.8970E-12 
+------------+------------+
 Energy = -2.90232744515119

 MICROITERATION NUMBER = 8  , forward sweep
 - Left boundaries taken from index: 8
 - Right boundaries taken from index: 10

+------------+------------+
  ITERATION  |   ERROR 
+------------+------------+
    1        |  6.2953E-12 
+------------+------------+
 Energy = -2.90232744515119

 MICROITERATION NUMBER = 9  , forward sweep
 - Left boundaries taken from index: 9
 - Right boundaries taken from index: 11

+------------+------------+
  ITERATION  |   ERROR 
+------------+------------+
    1        |  7.4310E-12 
+------------+------------+
 Energy = -2.902327445151191

 MICROITERATION NUMBER = 10  , forward sweep
 - Left boundaries taken from index: 10
 - Right boundaries taken from index: 12

+------------+------------+
  ITERATION  |   ERROR 
+------------+------------+
    1        |  1.5013E-11 
+------------+------------+
 Energy = -2.902327445151188

 MICROITERATION NUMBER = 11  , forward sweep
 - Left boundaries taken from index: 11
 - Right boundaries taken from index: 13

+------------+------------+
  ITERATION  |   ERROR 
+------------+------------+
    1        |  1.3934E-11 
+------------+------------+
 Energy = -2.902327445151189

 MICROITERATION NUMBER = 12  , forward sweep
 - Left boundaries taken from index: 12
 - Right boundaries taken from index: 14

+------------+------------+
  ITERATION  |   ERROR 
+------------+------------+
    1        |  8.3783E-12 
+------------+------------+
 Energy = -2.902327445151188

 MICROITERATION NUMBER = 13  , backward sweep
 - Left boundaries taken from index: 11
 - Right boundaries taken from index: 13

+------------+------------+
  ITERATION  |   ERROR 
+------------+------------+
    1        |  1.3934E-11 
+------------+------------+
 Energy = -2.902327445151189

 MICROITERATION NUMBER = 14  , backward sweep
 - Left boundaries taken from index: 10
 - Right boundaries taken from index: 12

+------------+------------+
  ITERATION  |   ERROR 
+------------+------------+
    1        |  1.5013E-11 
+------------+------------+
 Energy = -2.902327445151188

 MICROITERATION NUMBER = 15  , backward sweep
 - Left boundaries taken from index: 9
 - Right boundaries taken from index: 11

+------------+------------+
  ITERATION  |   ERROR 
+------------+------------+
    1        |  7.4311E-12 
+------------+------------+
 Energy = -2.902327445151191

 MICROITERATION NUMBER = 16  , backward sweep
 - Left boundaries taken from index: 8
 - Right boundaries taken from index: 10

+------------+------------+
  ITERATION  |   ERROR 
+------------+------------+
    1        |  6.2953E-12 
+------------+------------+
 Energy = -2.902327445151189

 MICROITERATION NUMBER = 17  , backward sweep
 - Left boundaries taken from index: 7
 - Right boundaries taken from index: 9

+------------+------------+
  ITERATION  |   ERROR 
+------------+------------+
    1        |  6.8970E-12 
+------------+------------+
 Energy = -2.90232744515119

 MICROITERATION NUMBER = 18  , backward sweep
 - Left boundaries taken from index: 6
 - Right boundaries taken from index: 8

+------------+------------+
  ITERATION  |   ERROR 
+------------+------------+
    1        |  7.2508E-12 
+------------+------------+
 Energy = -2.902327445151191

 MICROITERATION NUMBER = 19  , backward sweep
 - Left boundaries taken from index: 5
 - Right boundaries taken from index: 7

+------------+------------+
  ITERATION  |   ERROR 
+------------+------------+
    1        |  8.0354E-12 
+------------+------------+
 Energy = -2.902327445151191

 MICROITERATION NUMBER = 20  , backward sweep
 - Left boundaries taken from index: 4
 - Right boundaries taken from index: 6

+------------+------------+
  ITERATION  |   ERROR 
+------------+------------+
    1        |  9.0657E-12 
+------------+------------+
 Energy = -2.90232744515119

 MICROITERATION NUMBER = 21  , backward sweep
 - Left boundaries taken from index: 3
 - Right boundaries taken from index: 5

+------------+------------+
  ITERATION  |   ERROR 
+------------+------------+
    1        |  9.9440E-12 
+------------+------------+
 Energy = -2.902327445151191

 MICROITERATION NUMBER = 22  , backward sweep
 - Left boundaries taken from index: 2
 - Right boundaries taken from index: 4

+------------+------------+
  ITERATION  |   ERROR 
+------------+------------+
    1        |  9.4878E-12 
+------------+------------+
 Energy = -2.902327445151189

 MICROITERATION NUMBER = 23  , backward sweep
 - Left boundaries taken from index: 1
 - Right boundaries taken from index: 3

+------------+------------+
  ITERATION  |   ERROR 
+------------+------------+
    1        |  4.7152E-11 
+------------+------------+
 Energy = -2.90232744515119


 -------------------
   SWEEP NUMBER 21
 -------------------
 - Noise parameter: 1e-08
 - Maximum bond dimension: 100
 - Truncation parameter: 9.999999999999999e-21

 MICROITERATION NUMBER = 0  , forward sweep
 - Left boundaries taken from index: 0
 - Right boundaries taken from index: 2

+------------+------------+
  ITERATION  |   ERROR 
+------------+------------+
    1        |  4.6630E-11 
+------------+------------+
 Energy = -2.90232744515119

 MICROITERATION NUMBER = 1  , forward sweep
 - Left boundaries taken from index: 1
 - Right boundaries taken from index: 3

+------------+------------+
  ITERATION  |   ERROR 
+------------+------------+
    1        |  4.7152E-11 
+------------+------------+
 Energy = -2.90232744515119

 MICROITERATION NUMBER = 2  , forward sweep
 - Left boundaries taken from index: 2
 - Right boundaries taken from index: 4

+------------+------------+
  ITERATION  |   ERROR 
+------------+------------+
    1        |  9.4878E-12 
+------------+------------+
 Energy = -2.902327445151189

 MICROITERATION NUMBER = 3  , forward sweep
 - Left boundaries taken from index: 3
 - Right boundaries taken from index: 5

+------------+------------+
  ITERATION  |   ERROR 
+------------+------------+
    1        |  9.9440E-12 
+------------+------------+
 Energy = -2.902327445151191

 MICROITERATION NUMBER = 4  , forward sweep
 - Left boundaries taken from index: 4
 - Right boundaries taken from index: 6

+------------+------------+
  ITERATION  |   ERROR 
+------------+------------+
    1        |  9.0657E-12 
+------------+------------+
 Energy = -2.902327445151191

 MICROITERATION NUMBER = 5  , forward sweep
 - Left boundaries taken from index: 5
 - Right boundaries taken from index: 7

+------------+------------+
  ITERATION  |   ERROR 
+------------+------------+
    1        |  8.0354E-12 
+------------+------------+
 Energy = -2.902327445151191

 MICROITERATION NUMBER = 6  , forward sweep
 - Left boundaries taken from index: 6
 - Right boundaries taken from index: 8

+------------+------------+
  ITERATION  |   ERROR 
+------------+------------+
    1        |  7.2508E-12 
+------------+------------+
 Energy = -2.902327445151192

 MICROITERATION NUMBER = 7  , forward sweep
 - Left boundaries taken from index: 7
 - Right boundaries taken from index: 9

+------------+------------+
  ITERATION  |   ERROR 
+------------+------------+
    1        |  6.8971E-12 
+------------+------------+
 Energy = -2.90232744515119

 MICROITERATION NUMBER = 8  , forward sweep
 - Left boundaries taken from index: 8
 - Right boundaries taken from index: 10

+------------+------------+
  ITERATION  |   ERROR 
+------------+------------+
    1        |  6.2953E-12 
+------------+------------+
 Energy = -2.90232744515119

 MICROITERATION NUMBER = 9  , forward sweep
 - Left boundaries taken from index: 9
 - Right boundaries taken from index: 11

+------------+------------+
  ITERATION  |   ERROR 
+------------+------------+
    1        |  7.4312E-12 
+------------+------------+
 Energy = -2.902327445151191

 MICROITERATION NUMBER = 10  , forward sweep
 - Left boundaries taken from index: 10
 - Right boundaries taken from index: 12

+------------+------------+
  ITERATION  |   ERROR 
+------------+------------+
    1        |  1.5013E-11 
+------------+------------+
 Energy = -2.902327445151188

 MICROITERATION NUMBER = 11  , forward sweep
 - Left boundaries taken from index: 11
 - Right boundaries taken from index: 13

+------------+------------+
  ITERATION  |   ERROR 
+------------+------------+
    1        |  1.3934E-11 
+------------+------------+
 Energy = -2.902327445151189

 MICROITERATION NUMBER = 12  , forward sweep
 - Left boundaries taken from index: 12
 - Right boundaries taken from index: 14

+------------+------------+
  ITERATION  |   ERROR 
+------------+------------+
    1        |  8.3783E-12 
+------------+------------+
 Energy = -2.902327445151188

 MICROITERATION NUMBER = 13  , backward sweep
 - Left boundaries taken from index: 11
 - Right boundaries taken from index: 13

+------------+------------+
  ITERATION  |   ERROR 
+------------+------------+
    1        |  1.3934E-11 
+------------+------------+
 Energy = -2.902327445151189

 MICROITERATION NUMBER = 14  , backward sweep
 - Left boundaries taken from index: 10
 - Right boundaries taken from index: 12

+------------+------------+
  ITERATION  |   ERROR 
+------------+------------+
    1        |  1.5013E-11 
+------------+------------+
 Energy = -2.902327445151188

 MICROITERATION NUMBER = 15  , backward sweep
 - Left boundaries taken from index: 9
 - Right boundaries taken from index: 11

+------------+------------+
  ITERATION  |   ERROR 
+------------+------------+
    1        |  7.4312E-12 
+------------+------------+
 Energy = -2.902327445151191

 MICROITERATION NUMBER = 16  , backward sweep
 - Left boundaries taken from index: 8
 - Right boundaries taken from index: 10

+------------+------------+
  ITERATION  |   ERROR 
+------------+------------+
    1        |  6.2954E-12 
+------------+------------+
 Energy = -2.902327445151189

 MICROITERATION NUMBER = 17  , backward sweep
 - Left boundaries taken from index: 7
 - Right boundaries taken from index: 9

+------------+------------+
  ITERATION  |   ERROR 
+------------+------------+
    1        |  6.8972E-12 
+------------+------------+
 Energy = -2.90232744515119

 MICROITERATION NUMBER = 18  , backward sweep
 - Left boundaries taken from index: 6
 - Right boundaries taken from index: 8

+------------+------------+
  ITERATION  |   ERROR 
+------------+------------+
    1        |  7.2508E-12 
+------------+------------+
 Energy = -2.902327445151191

 MICROITERATION NUMBER = 19  , backward sweep
 - Left boundaries taken from index: 5
 - Right boundaries taken from index: 7

+------------+------------+
  ITERATION  |   ERROR 
+------------+------------+
    1        |  8.0355E-12 
+------------+------------+
 Energy = -2.902327445151191

 MICROITERATION NUMBER = 20  , backward sweep
 - Left boundaries taken from index: 4
 - Right boundaries taken from index: 6

+------------+------------+
  ITERATION  |   ERROR 
+------------+------------+
    1        |  9.0657E-12 
+------------+------------+
 Energy = -2.90232744515119

 MICROITERATION NUMBER = 21  , backward sweep
 - Left boundaries taken from index: 3
 - Right boundaries taken from index: 5

+------------+------------+
  ITERATION  |   ERROR 
+------------+------------+
    1        |  9.9440E-12 
+------------+------------+
 Energy = -2.902327445151191

 MICROITERATION NUMBER = 22  , backward sweep
 - Left boundaries taken from index: 2
 - Right boundaries taken from index: 4

+------------+------------+
  ITERATION  |   ERROR 
+------------+------------+
    1        |  9.4878E-12 
+------------+------------+
 Energy = -2.902327445151189

 MICROITERATION NUMBER = 23  , backward sweep
 - Left boundaries taken from index: 1
 - Right boundaries taken from index: 3

+------------+------------+
  ITERATION  |   ERROR 
+------------+------------+
    1        |  4.7152E-11 
+------------+------------+
 Energy = -2.90232744515119


 -------------------
   SWEEP NUMBER 22
 -------------------
 - Noise parameter: 1e-08
 - Maximum bond dimension: 100
 - Truncation parameter: 9.999999999999999e-21

 MICROITERATION NUMBER = 0  , forward sweep
 - Left boundaries taken from index: 0
 - Right boundaries taken from index: 2

+------------+------------+
  ITERATION  |   ERROR 
+------------+------------+
    1        |  4.6630E-11 
+------------+------------+
 Energy = -2.902327445151189

 MICROITERATION NUMBER = 1  , forward sweep
 - Left boundaries taken from index: 1
 - Right boundaries taken from index: 3

+------------+------------+
  ITERATION  |   ERROR 
+------------+------------+
    1        |  4.7152E-11 
+------------+------------+
 Energy = -2.90232744515119

 MICROITERATION NUMBER = 2  , forward sweep
 - Left boundaries taken from index: 2
 - Right boundaries taken from index: 4

+------------+------------+
  ITERATION  |   ERROR 
+------------+------------+
    1        |  9.4879E-12 
+------------+------------+
 Energy = -2.902327445151189

 MICROITERATION NUMBER = 3  , forward sweep
 - Left boundaries taken from index: 3
 - Right boundaries taken from index: 5

+------------+------------+
  ITERATION  |   ERROR 
+------------+------------+
    1        |  9.9440E-12 
+------------+------------+
 Energy = -2.902327445151191

 MICROITERATION NUMBER = 4  , forward sweep
 - Left boundaries taken from index: 4
 - Right boundaries taken from index: 6

+------------+------------+
  ITERATION  |   ERROR 
+------------+------------+
    1        |  9.0657E-12 
+------------+------------+
 Energy = -2.902327445151191

 MICROITERATION NUMBER = 5  , forward sweep
 - Left boundaries taken from index: 5
 - Right boundaries taken from index: 7

+------------+------------+
  ITERATION  |   ERROR 
+------------+------------+
    1        |  8.0355E-12 
+------------+------------+
 Energy = -2.902327445151191

 MICROITERATION NUMBER = 6  , forward sweep
 - Left boundaries taken from index: 6
 - Right boundaries taken from index: 8

+------------+------------+
  ITERATION  |   ERROR 
+------------+------------+
    1        |  7.2508E-12 
+------------+------------+
 Energy = -2.902327445151192

 MICROITERATION NUMBER = 7  , forward sweep
 - Left boundaries taken from index: 7
 - Right boundaries taken from index: 9

+------------+------------+
  ITERATION  |   ERROR 
+------------+------------+
    1        |  6.8972E-12 
+------------+------------+
 Energy = -2.90232744515119

 MICROITERATION NUMBER = 8  , forward sweep
 - Left boundaries taken from index: 8
 - Right boundaries taken from index: 10

+------------+------------+
  ITERATION  |   ERROR 
+------------+------------+
    1        |  6.2954E-12 
+------------+------------+
 Energy = -2.90232744515119

 MICROITERATION NUMBER = 9  , forward sweep
 - Left boundaries taken from index: 9
 - Right boundaries taken from index: 11

+------------+------------+
  ITERATION  |   ERROR 
+------------+------------+
    1        |  7.4312E-12 
+------------+------------+
 Energy = -2.902327445151191

 MICROITERATION NUMBER = 10  , forward sweep
 - Left boundaries taken from index: 10
 - Right boundaries taken from index: 12

+------------+------------+
  ITERATION  |   ERROR 
+------------+------------+
    1        |  1.5013E-11 
+------------+------------+
 Energy = -2.902327445151188

 MICROITERATION NUMBER = 11  , forward sweep
 - Left boundaries taken from index: 11
 - Right boundaries taken from index: 13

+------------+------------+
  ITERATION  |   ERROR 
+------------+------------+
    1        |  1.3934E-11 
+------------+------------+
 Energy = -2.902327445151189

 MICROITERATION NUMBER = 12  , forward sweep
 - Left boundaries taken from index: 12
 - Right boundaries taken from index: 14

+------------+------------+
  ITERATION  |   ERROR 
+------------+------------+
    1        |  8.3784E-12 
+------------+------------+
 Energy = -2.902327445151188

 MICROITERATION NUMBER = 13  , backward sweep
 - Left boundaries taken from index: 11
 - Right boundaries taken from index: 13

+------------+------------+
  ITERATION  |   ERROR 
+------------+------------+
    1        |  1.3934E-11 
+------------+------------+
 Energy = -2.902327445151189

 MICROITERATION NUMBER = 14  , backward sweep
 - Left boundaries taken from index: 10
 - Right boundaries taken from index: 12

+------------+------------+
  ITERATION  |   ERROR 
+------------+------------+
    1        |  1.5013E-11 
+------------+------------+
 Energy = -2.902327445151188

 MICROITERATION NUMBER = 15  , backward sweep
 - Left boundaries taken from index: 9
 - Right boundaries taken from index: 11

+------------+------------+
  ITERATION  |   ERROR 
+------------+------------+
    1        |  7.4313E-12 
+------------+------------+
 Energy = -2.902327445151191

 MICROITERATION NUMBER = 16  , backward sweep
 - Left boundaries taken from index: 8
 - Right boundaries taken from index: 10

+------------+------------+
  ITERATION  |   ERROR 
+------------+------------+
    1        |  6.2955E-12 
+------------+------------+
 Energy = -2.902327445151189

 MICROITERATION NUMBER = 17  , backward sweep
 - Left boundaries taken from index: 7
 - Right boundaries taken from index: 9

+------------+------------+
  ITERATION  |   ERROR 
+------------+------------+
    1        |  6.8972E-12 
+------------+------------+
 Energy = -2.90232744515119

 MICROITERATION NUMBER = 18  , backward sweep
 - Left boundaries taken from index: 6
 - Right boundaries taken from index: 8

+------------+------------+
  ITERATION  |   ERROR 
+------------+------------+
    1        |  7.2509E-12 
+------------+------------+
 Energy = -2.902327445151191

 MICROITERATION NUMBER = 19  , backward sweep
 - Left boundaries taken from index: 5
 - Right boundaries taken from index: 7

+------------+------------+
  ITERATION  |   ERROR 
+------------+------------+
    1        |  8.0355E-12 
+------------+------------+
 Energy = -2.902327445151191

 MICROITERATION NUMBER = 20  , backward sweep
 - Left boundaries taken from index: 4
 - Right boundaries taken from index: 6

+------------+------------+
  ITERATION  |   ERROR 
+------------+------------+
    1        |  9.0657E-12 
+------------+------------+
 Energy = -2.90232744515119

 MICROITERATION NUMBER = 21  , backward sweep
 - Left boundaries taken from index: 3
 - Right boundaries taken from index: 5

+------------+------------+
  ITERATION  |   ERROR 
+------------+------------+
    1        |  9.9441E-12 
+------------+------------+
 Energy = -2.902327445151191

 MICROITERATION NUMBER = 22  , backward sweep
 - Left boundaries taken from index: 2
 - Right boundaries taken from index: 4

+------------+------------+
  ITERATION  |   ERROR 
+------------+------------+
    1        |  9.4878E-12 
+------------+------------+
 Energy = -2.902327445151189

 MICROITERATION NUMBER = 23  , backward sweep
 - Left boundaries taken from index: 1
 - Right boundaries taken from index: 3

+------------+------------+
  ITERATION  |   ERROR 
+------------+------------+
    1        |  4.7152E-11 
+------------+------------+
 Energy = -2.90232744515119


 -------------------
   SWEEP NUMBER 23
 -------------------
 - Noise parameter: 1e-08
 - Maximum bond dimension: 100
 - Truncation parameter: 9.999999999999999e-21

 MICROITERATION NUMBER = 0  , forward sweep
 - Left boundaries taken from index: 0
 - Right boundaries taken from index: 2

+------------+------------+
  ITERATION  |   ERROR 
+------------+------------+
    1        |  4.6630E-11 
+------------+------------+
 Energy = -2.902327445151189

 MICROITERATION NUMBER = 1  , forward sweep
 - Left boundaries taken from index: 1
 - Right boundaries taken from index: 3

+------------+------------+
  ITERATION  |   ERROR 
+------------+------------+
    1        |  4.7152E-11 
+------------+------------+
 Energy = -2.90232744515119

 MICROITERATION NUMBER = 2  , forward sweep
 - Left boundaries taken from index: 2
 - Right boundaries taken from index: 4

+------------+------------+
  ITERATION  |   ERROR 
+------------+------------+
    1        |  9.4878E-12 
+------------+------------+
 Energy = -2.902327445151189

 MICROITERATION NUMBER = 3  , forward sweep
 - Left boundaries taken from index: 3
 - Right boundaries taken from index: 5

+------------+------------+
  ITERATION  |   ERROR 
+------------+------------+
    1        |  9.9441E-12 
+------------+------------+
 Energy = -2.902327445151191

 MICROITERATION NUMBER = 4  , forward sweep
 - Left boundaries taken from index: 4
 - Right boundaries taken from index: 6

+------------+------------+
  ITERATION  |   ERROR 
+------------+------------+
    1        |  9.0657E-12 
+------------+------------+
 Energy = -2.902327445151191

 MICROITERATION NUMBER = 5  , forward sweep
 - Left boundaries taken from index: 5
 - Right boundaries taken from index: 7

+------------+------------+
  ITERATION  |   ERROR 
+------------+------------+
    1        |  8.0355E-12 
+------------+------------+
 Energy = -2.902327445151191

 MICROITERATION NUMBER = 6  , forward sweep
 - Left boundaries taken from index: 6
 - Right boundaries taken from index: 8

+------------+------------+
  ITERATION  |   ERROR 
+------------+------------+
    1        |  7.2509E-12 
+------------+------------+
 Energy = -2.902327445151192

 MICROITERATION NUMBER = 7  , forward sweep
 - Left boundaries taken from index: 7
 - Right boundaries taken from index: 9

+------------+------------+
  ITERATION  |   ERROR 
+------------+------------+
    1        |  6.8972E-12 
+------------+------------+
 Energy = -2.90232744515119

 MICROITERATION NUMBER = 8  , forward sweep
 - Left boundaries taken from index: 8
 - Right boundaries taken from index: 10

+------------+------------+
  ITERATION  |   ERROR 
+------------+------------+
    1        |  6.2955E-12 
+------------+------------+
 Energy = -2.90232744515119

 MICROITERATION NUMBER = 9  , forward sweep
 - Left boundaries taken from index: 9
 - Right boundaries taken from index: 11

+------------+------------+
  ITERATION  |   ERROR 
+------------+------------+
    1        |  7.4312E-12 
+------------+------------+
 Energy = -2.902327445151191

 MICROITERATION NUMBER = 10  , forward sweep
 - Left boundaries taken from index: 10
 - Right boundaries taken from index: 12

+------------+------------+
  ITERATION  |   ERROR 
+------------+------------+
    1        |  1.5014E-11 
+------------+------------+
 Energy = -2.902327445151189

 MICROITERATION NUMBER = 11  , forward sweep
 - Left boundaries taken from index: 11
 - Right boundaries taken from index: 13

+------------+------------+
  ITERATION  |   ERROR 
+------------+------------+
    1        |  1.3934E-11 
+------------+------------+
 Energy = -2.902327445151189

 MICROITERATION NUMBER = 12  , forward sweep
 - Left boundaries taken from index: 12
 - Right boundaries taken from index: 14

+------------+------------+
  ITERATION  |   ERROR 
+------------+------------+
    1        |  8.3784E-12 
+------------+------------+
 Energy = -2.902327445151189

 MICROITERATION NUMBER = 13  , backward sweep
 - Left boundaries taken from index: 11
 - Right boundaries taken from index: 13

+------------+------------+
  ITERATION  |   ERROR 
+------------+------------+
    1        |  1.3934E-11 
+------------+------------+
 Energy = -2.902327445151189

 MICROITERATION NUMBER = 14  , backward sweep
 - Left boundaries taken from index: 10
 - Right boundaries taken from index: 12

+------------+------------+
  ITERATION  |   ERROR 
+------------+------------+
    1        |  1.5014E-11 
+------------+------------+
 Energy = -2.902327445151189

 MICROITERATION NUMBER = 15  , backward sweep
 - Left boundaries taken from index: 9
 - Right boundaries taken from index: 11

+------------+------------+
  ITERATION  |   ERROR 
+------------+------------+
    1        |  7.4313E-12 
+------------+------------+
 Energy = -2.902327445151191

 MICROITERATION NUMBER = 16  , backward sweep
 - Left boundaries taken from index: 8
 - Right boundaries taken from index: 10

+------------+------------+
  ITERATION  |   ERROR 
+------------+------------+
    1        |  6.2955E-12 
+------------+------------+
 Energy = -2.902327445151189

 MICROITERATION NUMBER = 17  , backward sweep
 - Left boundaries taken from index: 7
 - Right boundaries taken from index: 9

+------------+------------+
  ITERATION  |   ERROR 
+------------+------------+
    1        |  6.8972E-12 
+------------+------------+
 Energy = -2.90232744515119

 MICROITERATION NUMBER = 18  , backward sweep
 - Left boundaries taken from index: 6
 - Right boundaries taken from index: 8

+------------+------------+
  ITERATION  |   ERROR 
+------------+------------+
    1        |  7.2509E-12 
+------------+------------+
 Energy = -2.902327445151191

 MICROITERATION NUMBER = 19  , backward sweep
 - Left boundaries taken from index: 5
 - Right boundaries taken from index: 7

+------------+------------+
  ITERATION  |   ERROR 
+------------+------------+
    1        |  8.0354E-12 
+------------+------------+
 Energy = -2.902327445151191

 MICROITERATION NUMBER = 20  , backward sweep
 - Left boundaries taken from index: 4
 - Right boundaries taken from index: 6

+------------+------------+
  ITERATION  |   ERROR 
+------------+------------+
    1        |  9.0657E-12 
+------------+------------+
 Energy = -2.90232744515119

 MICROITERATION NUMBER = 21  , backward sweep
 - Left boundaries taken from index: 3
 - Right boundaries taken from index: 5

+------------+------------+
  ITERATION  |   ERROR 
+------------+------------+
    1        |  9.9441E-12 
+------------+------------+
 Energy = -2.902327445151191

 MICROITERATION NUMBER = 22  , backward sweep
 - Left boundaries taken from index: 2
 - Right boundaries taken from index: 4

+------------+------------+
  ITERATION  |   ERROR 
+------------+------------+
    1        |  9.4878E-12 
+------------+------------+
 Energy = -2.902327445151189

 MICROITERATION NUMBER = 23  , backward sweep
 - Left boundaries taken from index: 1
 - Right boundaries taken from index: 3

+------------+------------+
  ITERATION  |   ERROR 
+------------+------------+
    1        |  4.7152E-11 
+------------+------------+
 Energy = -2.90232744515119


 -------------------
   SWEEP NUMBER 24
 -------------------
 - Noise parameter: 1e-08
 - Maximum bond dimension: 100
 - Truncation parameter: 9.999999999999999e-21

 MICROITERATION NUMBER = 0  , forward sweep
 - Left boundaries taken from index: 0
 - Right boundaries taken from index: 2

+------------+------------+
  ITERATION  |   ERROR 
+------------+------------+
    1        |  4.6630E-11 
+------------+------------+
 Energy = -2.902327445151189

 MICROITERATION NUMBER = 1  , forward sweep
 - Left boundaries taken from index: 1
 - Right boundaries taken from index: 3

+------------+------------+
  ITERATION  |   ERROR 
+------------+------------+
    1        |  4.7152E-11 
+------------+------------+
 Energy = -2.90232744515119

 MICROITERATION NUMBER = 2  , forward sweep
 - Left boundaries taken from index: 2
 - Right boundaries taken from index: 4

+------------+------------+
  ITERATION  |   ERROR 
+------------+------------+
    1        |  9.4878E-12 
+------------+------------+
 Energy = -2.902327445151189

 MICROITERATION NUMBER = 3  , forward sweep
 - Left boundaries taken from index: 3
 - Right boundaries taken from index: 5

+------------+------------+
  ITERATION  |   ERROR 
+------------+------------+
    1        |  9.9441E-12 
+------------+------------+
 Energy = -2.902327445151191

 MICROITERATION NUMBER = 4  , forward sweep
 - Left boundaries taken from index: 4
 - Right boundaries taken from index: 6

+------------+------------+
  ITERATION  |   ERROR 
+------------+------------+
    1        |  9.0657E-12 
+------------+------------+
 Energy = -2.902327445151191

 MICROITERATION NUMBER = 5  , forward sweep
 - Left boundaries taken from index: 5
 - Right boundaries taken from index: 7

+------------+------------+
  ITERATION  |   ERROR 
+------------+------------+
    1        |  8.0355E-12 
+------------+------------+
 Energy = -2.902327445151191

 MICROITERATION NUMBER = 6  , forward sweep
 - Left boundaries taken from index: 6
 - Right boundaries taken from index: 8

+------------+------------+
  ITERATION  |   ERROR 
+------------+------------+
    1        |  7.2509E-12 
+------------+------------+
 Energy = -2.902327445151192

 MICROITERATION NUMBER = 7  , forward sweep
 - Left boundaries taken from index: 7
 - Right boundaries taken from index: 9

+------------+------------+
  ITERATION  |   ERROR 
+------------+------------+
    1        |  6.8973E-12 
+------------+------------+
 Energy = -2.90232744515119

 MICROITERATION NUMBER = 8  , forward sweep
 - Left boundaries taken from index: 8
 - Right boundaries taken from index: 10

+------------+------------+
  ITERATION  |   ERROR 
+------------+------------+
    1        |  6.2956E-12 
+------------+------------+
 Energy = -2.90232744515119

 MICROITERATION NUMBER = 9  , forward sweep
 - Left boundaries taken from index: 9
 - Right boundaries taken from index: 11

+------------+------------+
  ITERATION  |   ERROR 
+------------+------------+
    1        |  7.4313E-12 
+------------+------------+
 Energy = -2.902327445151191

 MICROITERATION NUMBER = 10  , forward sweep
 - Left boundaries taken from index: 10
 - Right boundaries taken from index: 12

+------------+------------+
  ITERATION  |   ERROR 
+------------+------------+
    1        |  1.5014E-11 
+------------+------------+
 Energy = -2.902327445151189

 MICROITERATION NUMBER = 11  , forward sweep
 - Left boundaries taken from index: 11
 - Right boundaries taken from index: 13

+------------+------------+
  ITERATION  |   ERROR 
+------------+------------+
    1        |  1.3934E-11 
+------------+------------+
 Energy = -2.902327445151189

 MICROITERATION NUMBER = 12  , forward sweep
 - Left boundaries taken from index: 12
 - Right boundaries taken from index: 14

+------------+------------+
  ITERATION  |   ERROR 
+------------+------------+
    1        |  8.3784E-12 
+------------+------------+
 Energy = -2.902327445151189

 MICROITERATION NUMBER = 13  , backward sweep
 - Left boundaries taken from index: 11
 - Right boundaries taken from index: 13

+------------+------------+
  ITERATION  |   ERROR 
+------------+------------+
    1        |  1.3934E-11 
+------------+------------+
 Energy = -2.902327445151189

 MICROITERATION NUMBER = 14  , backward sweep
 - Left boundaries taken from index: 10
 - Right boundaries taken from index: 12

+------------+------------+
  ITERATION  |   ERROR 
+------------+------------+
    1        |  1.5014E-11 
+------------+------------+
 Energy = -2.902327445151189

 MICROITERATION NUMBER = 15  , backward sweep
 - Left boundaries taken from index: 9
 - Right boundaries taken from index: 11

+------------+------------+
  ITERATION  |   ERROR 
+------------+------------+
    1        |  7.4313E-12 
+------------+------------+
 Energy = -2.902327445151191

 MICROITERATION NUMBER = 16  , backward sweep
 - Left boundaries taken from index: 8
 - Right boundaries taken from index: 10

+------------+------------+
  ITERATION  |   ERROR 
+------------+------------+
    1        |  6.2955E-12 
+------------+------------+
 Energy = -2.902327445151189

 MICROITERATION NUMBER = 17  , backward sweep
 - Left boundaries taken from index: 7
 - Right boundaries taken from index: 9

+------------+------------+
  ITERATION  |   ERROR 
+------------+------------+
    1        |  6.8972E-12 
+------------+------------+
 Energy = -2.90232744515119

 MICROITERATION NUMBER = 18  , backward sweep
 - Left boundaries taken from index: 6
 - Right boundaries taken from index: 8

+------------+------------+
  ITERATION  |   ERROR 
+------------+------------+
    1        |  7.2509E-12 
+------------+------------+
 Energy = -2.902327445151191

 MICROITERATION NUMBER = 19  , backward sweep
 - Left boundaries taken from index: 5
 - Right boundaries taken from index: 7

+------------+------------+
  ITERATION  |   ERROR 
+------------+------------+
    1        |  8.0355E-12 
+------------+------------+
 Energy = -2.902327445151191

 MICROITERATION NUMBER = 20  , backward sweep
 - Left boundaries taken from index: 4
 - Right boundaries taken from index: 6

+------------+------------+
  ITERATION  |   ERROR 
+------------+------------+
    1        |  9.0657E-12 
+------------+------------+
 Energy = -2.90232744515119

 MICROITERATION NUMBER = 21  , backward sweep
 - Left boundaries taken from index: 3
 - Right boundaries taken from index: 5

+------------+------------+
  ITERATION  |   ERROR 
+------------+------------+
    1        |  9.9441E-12 
+------------+------------+
 Energy = -2.902327445151191

 MICROITERATION NUMBER = 22  , backward sweep
 - Left boundaries taken from index: 2
 - Right boundaries taken from index: 4

+------------+------------+
  ITERATION  |   ERROR 
+------------+------------+
    1        |  9.4878E-12 
+------------+------------+
 Energy = -2.902327445151189

 MICROITERATION NUMBER = 23  , backward sweep
 - Left boundaries taken from index: 1
 - Right boundaries taken from index: 3

+------------+------------+
  ITERATION  |   ERROR 
+------------+------------+
    1        |  4.7152E-11 
+------------+------------+
 Energy = -2.90232744515119


 -------------------
   SWEEP NUMBER 25
 -------------------
 - Noise parameter: 1e-08
 - Maximum bond dimension: 100
 - Truncation parameter: 9.999999999999999e-21

 MICROITERATION NUMBER = 0  , forward sweep
 - Left boundaries taken from index: 0
 - Right boundaries taken from index: 2

+------------+------------+
  ITERATION  |   ERROR 
+------------+------------+
    1        |  4.6630E-11 
+------------+------------+
 Energy = -2.902327445151189

 MICROITERATION NUMBER = 1  , forward sweep
 - Left boundaries taken from index: 1
 - Right boundaries taken from index: 3

+------------+------------+
  ITERATION  |   ERROR 
+------------+------------+
    1        |  4.7152E-11 
+------------+------------+
 Energy = -2.90232744515119

 MICROITERATION NUMBER = 2  , forward sweep
 - Left boundaries taken from index: 2
 - Right boundaries taken from index: 4

+------------+------------+
  ITERATION  |   ERROR 
+------------+------------+
    1        |  9.4878E-12 
+------------+------------+
 Energy = -2.902327445151189

 MICROITERATION NUMBER = 3  , forward sweep
 - Left boundaries taken from index: 3
 - Right boundaries taken from index: 5

+------------+------------+
  ITERATION  |   ERROR 
+------------+------------+
    1        |  9.9441E-12 
+------------+------------+
 Energy = -2.902327445151191

 MICROITERATION NUMBER = 4  , forward sweep
 - Left boundaries taken from index: 4
 - Right boundaries taken from index: 6

+------------+------------+
  ITERATION  |   ERROR 
+------------+------------+
    1        |  9.0657E-12 
+------------+------------+
 Energy = -2.902327445151191

 MICROITERATION NUMBER = 5  , forward sweep
 - Left boundaries taken from index: 5
 - Right boundaries taken from index: 7

+------------+------------+
  ITERATION  |   ERROR 
+------------+------------+
    1        |  8.0355E-12 
+------------+------------+
 Energy = -2.902327445151191

 MICROITERATION NUMBER = 6  , forward sweep
 - Left boundaries taken from index: 6
 - Right boundaries taken from index: 8

+------------+------------+
  ITERATION  |   ERROR 
+------------+------------+
    1        |  7.2509E-12 
+------------+------------+
 Energy = -2.902327445151192

 MICROITERATION NUMBER = 7  , forward sweep
 - Left boundaries taken from index: 7
 - Right boundaries taken from index: 9

+------------+------------+
  ITERATION  |   ERROR 
+------------+------------+
    1        |  6.8973E-12 
+------------+------------+
 Energy = -2.90232744515119

 MICROITERATION NUMBER = 8  , forward sweep
 - Left boundaries taken from index: 8
 - Right boundaries taken from index: 10

+------------+------------+
  ITERATION  |   ERROR 
+------------+------------+
    1        |  6.2956E-12 
+------------+------------+
 Energy = -2.90232744515119

 MICROITERATION NUMBER = 9  , forward sweep
 - Left boundaries taken from index: 9
 - Right boundaries taken from index: 11

+------------+------------+
  ITERATION  |   ERROR 
+------------+------------+
    1        |  7.4313E-12 
+------------+------------+
 Energy = -2.902327445151191

 MICROITERATION NUMBER = 10  , forward sweep
 - Left boundaries taken from index: 10
 - Right boundaries taken from index: 12

+------------+------------+
  ITERATION  |   ERROR 
+------------+------------+
    1        |  1.5014E-11 
+------------+------------+
 Energy = -2.902327445151189

 MICROITERATION NUMBER = 11  , forward sweep
 - Left boundaries taken from index: 11
 - Right boundaries taken from index: 13

+------------+------------+
  ITERATION  |   ERROR 
+------------+------------+
    1        |  1.3934E-11 
+------------+------------+
 Energy = -2.902327445151189

 MICROITERATION NUMBER = 12  , forward sweep
 - Left boundaries taken from index: 12
 - Right boundaries taken from index: 14

+------------+------------+
  ITERATION  |   ERROR 
+------------+------------+
    1        |  8.3784E-12 
+------------+------------+
 Energy = -2.902327445151189

 MICROITERATION NUMBER = 13  , backward sweep
 - Left boundaries taken from index: 11
 - Right boundaries taken from index: 13

+------------+------------+
  ITERATION  |   ERROR 
+------------+------------+
    1        |  1.3934E-11 
+------------+------------+
 Energy = -2.902327445151189

 MICROITERATION NUMBER = 14  , backward sweep
 - Left boundaries taken from index: 10
 - Right boundaries taken from index: 12

+------------+------------+
  ITERATION  |   ERROR 
+------------+------------+
    1        |  1.5014E-11 
+------------+------------+
 Energy = -2.902327445151189

 MICROITERATION NUMBER = 15  , backward sweep
 - Left boundaries taken from index: 9
 - Right boundaries taken from index: 11

+------------+------------+
  ITERATION  |   ERROR 
+------------+------------+
    1        |  7.4314E-12 
+------------+------------+
 Energy = -2.902327445151191

 MICROITERATION NUMBER = 16  , backward sweep
 - Left boundaries taken from index: 8
 - Right boundaries taken from index: 10

+------------+------------+
  ITERATION  |   ERROR 
+------------+------------+
    1        |  6.2956E-12 
+------------+------------+
 Energy = -2.902327445151189

 MICROITERATION NUMBER = 17  , backward sweep
 - Left boundaries taken from index: 7
 - Right boundaries taken from index: 9

+------------+------------+
  ITERATION  |   ERROR 
+------------+------------+
    1        |  6.8973E-12 
+------------+------------+
 Energy = -2.90232744515119

 MICROITERATION NUMBER = 18  , backward sweep
 - Left boundaries taken from index: 6
 - Right boundaries taken from index: 8

+------------+------------+
  ITERATION  |   ERROR 
+------------+------------+
    1        |  7.2509E-12 
+------------+------------+
 Energy = -2.902327445151191

 MICROITERATION NUMBER = 19  , backward sweep
 - Left boundaries taken from index: 5
 - Right boundaries taken from index: 7

+------------+------------+
  ITERATION  |   ERROR 
+------------+------------+
    1        |  8.0355E-12 
+------------+------------+
 Energy = -2.902327445151191

 MICROITERATION NUMBER = 20  , backward sweep
 - Left boundaries taken from index: 4
 - Right boundaries taken from index: 6

+------------+------------+
  ITERATION  |   ERROR 
+------------+------------+
    1        |  9.0657E-12 
+------------+------------+
 Energy = -2.90232744515119

 MICROITERATION NUMBER = 21  , backward sweep
 - Left boundaries taken from index: 3
 - Right boundaries taken from index: 5

+------------+------------+
  ITERATION  |   ERROR 
+------------+------------+
    1        |  9.9441E-12 
+------------+------------+
 Energy = -2.902327445151191

 MICROITERATION NUMBER = 22  , backward sweep
 - Left boundaries taken from index: 2
 - Right boundaries taken from index: 4

+------------+------------+
  ITERATION  |   ERROR 
+------------+------------+
    1        |  9.4878E-12 
+------------+------------+
 Energy = -2.902327445151189

 MICROITERATION NUMBER = 23  , backward sweep
 - Left boundaries taken from index: 1
 - Right boundaries taken from index: 3

+------------+------------+
  ITERATION  |   ERROR 
+------------+------------+
    1        |  4.7152E-11 
+------------+------------+
 Energy = -2.90232744515119


 -------------------
   SWEEP NUMBER 26
 -------------------
 - Noise parameter: 1e-08
 - Maximum bond dimension: 100
 - Truncation parameter: 9.999999999999999e-21

 MICROITERATION NUMBER = 0  , forward sweep
 - Left boundaries taken from index: 0
 - Right boundaries taken from index: 2

+------------+------------+
  ITERATION  |   ERROR 
+------------+------------+
    1        |  4.6630E-11 
+------------+------------+
 Energy = -2.902327445151189

 MICROITERATION NUMBER = 1  , forward sweep
 - Left boundaries taken from index: 1
 - Right boundaries taken from index: 3

+------------+------------+
  ITERATION  |   ERROR 
+------------+------------+
    1        |  4.7152E-11 
+------------+------------+
 Energy = -2.90232744515119

 MICROITERATION NUMBER = 2  , forward sweep
 - Left boundaries taken from index: 2
 - Right boundaries taken from index: 4

+------------+------------+
  ITERATION  |   ERROR 
+------------+------------+
    1        |  9.4878E-12 
+------------+------------+
 Energy = -2.902327445151189

 MICROITERATION NUMBER = 3  , forward sweep
 - Left boundaries taken from index: 3
 - Right boundaries taken from index: 5

+------------+------------+
  ITERATION  |   ERROR 
+------------+------------+
    1        |  9.9441E-12 
+------------+------------+
 Energy = -2.902327445151191

 MICROITERATION NUMBER = 4  , forward sweep
 - Left boundaries taken from index: 4
 - Right boundaries taken from index: 6

+------------+------------+
  ITERATION  |   ERROR 
+------------+------------+
    1        |  9.0657E-12 
+------------+------------+
 Energy = -2.902327445151191

 MICROITERATION NUMBER = 5  , forward sweep
 - Left boundaries taken from index: 5
 - Right boundaries taken from index: 7

+------------+------------+
  ITERATION  |   ERROR 
+------------+------------+
    1        |  8.0355E-12 
+------------+------------+
 Energy = -2.902327445151191

 MICROITERATION NUMBER = 6  , forward sweep
 - Left boundaries taken from index: 6
 - Right boundaries taken from index: 8

+------------+------------+
  ITERATION  |   ERROR 
+------------+------------+
    1        |  7.2510E-12 
+------------+------------+
 Energy = -2.902327445151192

 MICROITERATION NUMBER = 7  , forward sweep
 - Left boundaries taken from index: 7
 - Right boundaries taken from index: 9

+------------+------------+
  ITERATION  |   ERROR 
+------------+------------+
    1        |  6.8973E-12 
+------------+------------+
 Energy = -2.90232744515119

 MICROITERATION NUMBER = 8  , forward sweep
 - Left boundaries taken from index: 8
 - Right boundaries taken from index: 10

+------------+------------+
  ITERATION  |   ERROR 
+------------+------------+
    1        |  6.2956E-12 
+------------+------------+
 Energy = -2.90232744515119

 MICROITERATION NUMBER = 9  , forward sweep
 - Left boundaries taken from index: 9
 - Right boundaries taken from index: 11

+------------+------------+
  ITERATION  |   ERROR 
+------------+------------+
    1        |  7.4314E-12 
+------------+------------+
 Energy = -2.902327445151191

 MICROITERATION NUMBER = 10  , forward sweep
 - Left boundaries taken from index: 10
 - Right boundaries taken from index: 12

+------------+------------+
  ITERATION  |   ERROR 
+------------+------------+
    1        |  1.5014E-11 
+------------+------------+
 Energy = -2.902327445151189

 MICROITERATION NUMBER = 11  , forward sweep
 - Left boundaries taken from index: 11
 - Right boundaries taken from index: 13

+------------+------------+
  ITERATION  |   ERROR 
+------------+------------+
    1        |  1.3934E-11 
+------------+------------+
 Energy = -2.902327445151189

 MICROITERATION NUMBER = 12  , forward sweep
 - Left boundaries taken from index: 12
 - Right boundaries taken from index: 14

+------------+------------+
  ITERATION  |   ERROR 
+------------+------------+
    1        |  8.3784E-12 
+------------+------------+
 Energy = -2.902327445151189

 MICROITERATION NUMBER = 13  , backward sweep
 - Left boundaries taken from index: 11
 - Right boundaries taken from index: 13

+------------+------------+
  ITERATION  |   ERROR 
+------------+------------+
    1        |  1.3934E-11 
+------------+------------+
 Energy = -2.902327445151189

 MICROITERATION NUMBER = 14  , backward sweep
 - Left boundaries taken from index: 10
 - Right boundaries taken from index: 12

+------------+------------+
  ITERATION  |   ERROR 
+------------+------------+
    1        |  1.5014E-11 
+------------+------------+
 Energy = -2.902327445151189

 MICROITERATION NUMBER = 15  , backward sweep
 - Left boundaries taken from index: 9
 - Right boundaries taken from index: 11

+------------+------------+
  ITERATION  |   ERROR 
+------------+------------+
    1        |  7.4314E-12 
+------------+------------+
 Energy = -2.902327445151191

 MICROITERATION NUMBER = 16  , backward sweep
 - Left boundaries taken from index: 8
 - Right boundaries taken from index: 10

+------------+------------+
  ITERATION  |   ERROR 
+------------+------------+
    1        |  6.2956E-12 
+------------+------------+
 Energy = -2.902327445151189

 MICROITERATION NUMBER = 17  , backward sweep
 - Left boundaries taken from index: 7
 - Right boundaries taken from index: 9

+------------+------------+
  ITERATION  |   ERROR 
+------------+------------+
    1        |  6.8973E-12 
+------------+------------+
 Energy = -2.90232744515119

 MICROITERATION NUMBER = 18  , backward sweep
 - Left boundaries taken from index: 6
 - Right boundaries taken from index: 8

+------------+------------+
  ITERATION  |   ERROR 
+------------+------------+
    1        |  7.2510E-12 
+------------+------------+
 Energy = -2.902327445151191

 MICROITERATION NUMBER = 19  , backward sweep
 - Left boundaries taken from index: 5
 - Right boundaries taken from index: 7

+------------+------------+
  ITERATION  |   ERROR 
+------------+------------+
    1        |  8.0355E-12 
+------------+------------+
 Energy = -2.902327445151191

 MICROITERATION NUMBER = 20  , backward sweep
 - Left boundaries taken from index: 4
 - Right boundaries taken from index: 6

+------------+------------+
  ITERATION  |   ERROR 
+------------+------------+
    1        |  9.0657E-12 
+------------+------------+
 Energy = -2.90232744515119

 MICROITERATION NUMBER = 21  , backward sweep
 - Left boundaries taken from index: 3
 - Right boundaries taken from index: 5

+------------+------------+
  ITERATION  |   ERROR 
+------------+------------+
    1        |  9.9441E-12 
+------------+------------+
 Energy = -2.902327445151191

 MICROITERATION NUMBER = 22  , backward sweep
 - Left boundaries taken from index: 2
 - Right boundaries taken from index: 4

+------------+------------+
  ITERATION  |   ERROR 
+------------+------------+
    1        |  9.4879E-12 
+------------+------------+
 Energy = -2.902327445151189

 MICROITERATION NUMBER = 23  , backward sweep
 - Left boundaries taken from index: 1
 - Right boundaries taken from index: 3

+------------+------------+
  ITERATION  |   ERROR 
+------------+------------+
    1        |  4.7152E-11 
+------------+------------+
 Energy = -2.90232744515119


 -------------------
   SWEEP NUMBER 27
 -------------------
 - Noise parameter: 1e-08
 - Maximum bond dimension: 100
 - Truncation parameter: 9.999999999999999e-21

 MICROITERATION NUMBER = 0  , forward sweep
 - Left boundaries taken from index: 0
 - Right boundaries taken from index: 2

+------------+------------+
  ITERATION  |   ERROR 
+------------+------------+
    1        |  4.6630E-11 
+------------+------------+
 Energy = -2.902327445151189

 MICROITERATION NUMBER = 1  , forward sweep
 - Left boundaries taken from index: 1
 - Right boundaries taken from index: 3

+------------+------------+
  ITERATION  |   ERROR 
+------------+------------+
    1        |  4.7152E-11 
+------------+------------+
 Energy = -2.90232744515119

 MICROITERATION NUMBER = 2  , forward sweep
 - Left boundaries taken from index: 2
 - Right boundaries taken from index: 4

+------------+------------+
  ITERATION  |   ERROR 
+------------+------------+
    1        |  9.4879E-12 
+------------+------------+
 Energy = -2.902327445151189

 MICROITERATION NUMBER = 3  , forward sweep
 - Left boundaries taken from index: 3
 - Right boundaries taken from index: 5

+------------+------------+
  ITERATION  |   ERROR 
+------------+------------+
    1        |  9.9441E-12 
+------------+------------+
 Energy = -2.902327445151191

 MICROITERATION NUMBER = 4  , forward sweep
 - Left boundaries taken from index: 4
 - Right boundaries taken from index: 6

+------------+------------+
  ITERATION  |   ERROR 
+------------+------------+
    1        |  9.0657E-12 
+------------+------------+
 Energy = -2.902327445151191

 MICROITERATION NUMBER = 5  , forward sweep
 - Left boundaries taken from index: 5
 - Right boundaries taken from index: 7

+------------+------------+
  ITERATION  |   ERROR 
+------------+------------+
    1        |  8.0355E-12 
+------------+------------+
 Energy = -2.902327445151191

 MICROITERATION NUMBER = 6  , forward sweep
 - Left boundaries taken from index: 6
 - Right boundaries taken from index: 8

+------------+------------+
  ITERATION  |   ERROR 
+------------+------------+
    1        |  7.2509E-12 
+------------+------------+
 Energy = -2.902327445151192

 MICROITERATION NUMBER = 7  , forward sweep
 - Left boundaries taken from index: 7
 - Right boundaries taken from index: 9

+------------+------------+
  ITERATION  |   ERROR 
+------------+------------+
    1        |  6.8972E-12 
+------------+------------+
 Energy = -2.90232744515119

 MICROITERATION NUMBER = 8  , forward sweep
 - Left boundaries taken from index: 8
 - Right boundaries taken from index: 10

+------------+------------+
  ITERATION  |   ERROR 
+------------+------------+
    1        |  6.2954E-12 
+------------+------------+
 Energy = -2.90232744515119

 MICROITERATION NUMBER = 9  , forward sweep
 - Left boundaries taken from index: 9
 - Right boundaries taken from index: 11

+------------+------------+
  ITERATION  |   ERROR 
+------------+------------+
    1        |  7.4312E-12 
+------------+------------+
 Energy = -2.902327445151191

 MICROITERATION NUMBER = 10  , forward sweep
 - Left boundaries taken from index: 10
 - Right boundaries taken from index: 12

+------------+------------+
  ITERATION  |   ERROR 
+------------+------------+
    1        |  1.5013E-11 
+------------+------------+
 Energy = -2.902327445151189

 MICROITERATION NUMBER = 11  , forward sweep
 - Left boundaries taken from index: 11
 - Right boundaries taken from index: 13

+------------+------------+
  ITERATION  |   ERROR 
+------------+------------+
    1        |  1.3934E-11 
+------------+------------+
 Energy = -2.902327445151189

 MICROITERATION NUMBER = 12  , forward sweep
 - Left boundaries taken from index: 12
 - Right boundaries taken from index: 14

+------------+------------+
  ITERATION  |   ERROR 
+------------+------------+
    1        |  8.3783E-12 
+------------+------------+
 Energy = -2.902327445151189

 MICROITERATION NUMBER = 13  , backward sweep
 - Left boundaries taken from index: 11
 - Right boundaries taken from index: 13

+------------+------------+
  ITERATION  |   ERROR 
+------------+------------+
    1        |  1.3934E-11 
+------------+------------+
 Energy = -2.902327445151189

 MICROITERATION NUMBER = 14  , backward sweep
 - Left boundaries taken from index: 10
 - Right boundaries taken from index: 12

+------------+------------+
  ITERATION  |   ERROR 
+------------+------------+
    1        |  1.5013E-11 
+------------+------------+
 Energy = -2.902327445151189

 MICROITERATION NUMBER = 15  , backward sweep
 - Left boundaries taken from index: 9
 - Right boundaries taken from index: 11

+------------+------------+
  ITERATION  |   ERROR 
+------------+------------+
    1        |  7.4312E-12 
+------------+------------+
 Energy = -2.902327445151191

 MICROITERATION NUMBER = 16  , backward sweep
 - Left boundaries taken from index: 8
 - Right boundaries taken from index: 10

+------------+------------+
  ITERATION  |   ERROR 
+------------+------------+
    1        |  6.2955E-12 
+------------+------------+
 Energy = -2.902327445151189

 MICROITERATION NUMBER = 17  , backward sweep
 - Left boundaries taken from index: 7
 - Right boundaries taken from index: 9

+------------+------------+
  ITERATION  |   ERROR 
+------------+------------+
    1        |  6.8972E-12 
+------------+------------+
 Energy = -2.90232744515119

 MICROITERATION NUMBER = 18  , backward sweep
 - Left boundaries taken from index: 6
 - Right boundaries taken from index: 8

+------------+------------+
  ITERATION  |   ERROR 
+------------+------------+
    1        |  7.2509E-12 
+------------+------------+
 Energy = -2.902327445151191

 MICROITERATION NUMBER = 19  , backward sweep
 - Left boundaries taken from index: 5
 - Right boundaries taken from index: 7

+------------+------------+
  ITERATION  |   ERROR 
+------------+------------+
    1        |  8.0355E-12 
+------------+------------+
 Energy = -2.902327445151191

 MICROITERATION NUMBER = 20  , backward sweep
 - Left boundaries taken from index: 4
 - Right boundaries taken from index: 6

+------------+------------+
  ITERATION  |   ERROR 
+------------+------------+
    1        |  9.0657E-12 
+------------+------------+
 Energy = -2.90232744515119

 MICROITERATION NUMBER = 21  , backward sweep
 - Left boundaries taken from index: 3
 - Right boundaries taken from index: 5

+------------+------------+
  ITERATION  |   ERROR 
+------------+------------+
    1        |  9.9440E-12 
+------------+------------+
 Energy = -2.902327445151191

 MICROITERATION NUMBER = 22  , backward sweep
 - Left boundaries taken from index: 2
 - Right boundaries taken from index: 4

+------------+------------+
  ITERATION  |   ERROR 
+------------+------------+
    1        |  9.4879E-12 
+------------+------------+
 Energy = -2.902327445151189

 MICROITERATION NUMBER = 23  , backward sweep
 - Left boundaries taken from index: 1
 - Right boundaries taken from index: 3

+------------+------------+
  ITERATION  |   ERROR 
+------------+------------+
    1        |  4.7152E-11 
+------------+------------+
 Energy = -2.90232744515119


 -------------------
   SWEEP NUMBER 28
 -------------------
 - Noise parameter: 1e-08
 - Maximum bond dimension: 100
 - Truncation parameter: 9.999999999999999e-21

 MICROITERATION NUMBER = 0  , forward sweep
 - Left boundaries taken from index: 0
 - Right boundaries taken from index: 2

+------------+------------+
  ITERATION  |   ERROR 
+------------+------------+
    1        |  4.6630E-11 
+------------+------------+
 Energy = -2.902327445151189

 MICROITERATION NUMBER = 1  , forward sweep
 - Left boundaries taken from index: 1
 - Right boundaries taken from index: 3

+------------+------------+
  ITERATION  |   ERROR 
+------------+------------+
    1        |  4.7152E-11 
+------------+------------+
 Energy = -2.90232744515119

 MICROITERATION NUMBER = 2  , forward sweep
 - Left boundaries taken from index: 2
 - Right boundaries taken from index: 4

+------------+------------+
  ITERATION  |   ERROR 
+------------+------------+
    1        |  9.4879E-12 
+------------+------------+
 Energy = -2.902327445151189

 MICROITERATION NUMBER = 3  , forward sweep
 - Left boundaries taken from index: 3
 - Right boundaries taken from index: 5

+------------+------------+
  ITERATION  |   ERROR 
+------------+------------+
    1        |  9.9440E-12 
+------------+------------+
 Energy = -2.902327445151191

 MICROITERATION NUMBER = 4  , forward sweep
 - Left boundaries taken from index: 4
 - Right boundaries taken from index: 6

+------------+------------+
  ITERATION  |   ERROR 
+------------+------------+
    1        |  9.0657E-12 
+------------+------------+
 Energy = -2.902327445151191

 MICROITERATION NUMBER = 5  , forward sweep
 - Left boundaries taken from index: 5
 - Right boundaries taken from index: 7

+------------+------------+
  ITERATION  |   ERROR 
+------------+------------+
    1        |  8.0355E-12 
+------------+------------+
 Energy = -2.902327445151191

 MICROITERATION NUMBER = 6  , forward sweep
 - Left boundaries taken from index: 6
 - Right boundaries taken from index: 8

+------------+------------+
  ITERATION  |   ERROR 
+------------+------------+
    1        |  7.2509E-12 
+------------+------------+
 Energy = -2.902327445151192

 MICROITERATION NUMBER = 7  , forward sweep
 - Left boundaries taken from index: 7
 - Right boundaries taken from index: 9

+------------+------------+
  ITERATION  |   ERROR 
+------------+------------+
    1        |  6.8972E-12 
+------------+------------+
 Energy = -2.90232744515119

 MICROITERATION NUMBER = 8  , forward sweep
 - Left boundaries taken from index: 8
 - Right boundaries taken from index: 10

+------------+------------+
  ITERATION  |   ERROR 
+------------+------------+
    1        |  6.2955E-12 
+------------+------------+
 Energy = -2.90232744515119

 MICROITERATION NUMBER = 9  , forward sweep
 - Left boundaries taken from index: 9
 - Right boundaries taken from index: 11

+------------+------------+
  ITERATION  |   ERROR 
+------------+------------+
    1        |  7.4312E-12 
+------------+------------+
 Energy = -2.902327445151191

 MICROITERATION NUMBER = 10  , forward sweep
 - Left boundaries taken from index: 10
 - Right boundaries taken from index: 12

+------------+------------+
  ITERATION  |   ERROR 
+------------+------------+
    1        |  1.5013E-11 
+------------+------------+
 Energy = -2.902327445151189

 MICROITERATION NUMBER = 11  , forward sweep
 - Left boundaries taken from index: 11
 - Right boundaries taken from index: 13

+------------+------------+
  ITERATION  |   ERROR 
+------------+------------+
    1        |  1.3934E-11 
+------------+------------+
 Energy = -2.902327445151189

 MICROITERATION NUMBER = 12  , forward sweep
 - Left boundaries taken from index: 12
 - Right boundaries taken from index: 14

+------------+------------+
  ITERATION  |   ERROR 
+------------+------------+
    1        |  8.3783E-12 
+------------+------------+
 Energy = -2.902327445151189

 MICROITERATION NUMBER = 13  , backward sweep
 - Left boundaries taken from index: 11
 - Right boundaries taken from index: 13

+------------+------------+
  ITERATION  |   ERROR 
+------------+------------+
    1        |  1.3934E-11 
+------------+------------+
 Energy = -2.902327445151189

 MICROITERATION NUMBER = 14  , backward sweep
 - Left boundaries taken from index: 10
 - Right boundaries taken from index: 12

+------------+------------+
  ITERATION  |   ERROR 
+------------+------------+
    1        |  1.5013E-11 
+------------+------------+
 Energy = -2.902327445151189

 MICROITERATION NUMBER = 15  , backward sweep
 - Left boundaries taken from index: 9
 - Right boundaries taken from index: 11

+------------+------------+
  ITERATION  |   ERROR 
+------------+------------+
    1        |  7.4313E-12 
+------------+------------+
 Energy = -2.902327445151191

 MICROITERATION NUMBER = 16  , backward sweep
 - Left boundaries taken from index: 8
 - Right boundaries taken from index: 10

+------------+------------+
  ITERATION  |   ERROR 
+------------+------------+
    1        |  6.2955E-12 
+------------+------------+
 Energy = -2.902327445151189

 MICROITERATION NUMBER = 17  , backward sweep
 - Left boundaries taken from index: 7
 - Right boundaries taken from index: 9

+------------+------------+
  ITERATION  |   ERROR 
+------------+------------+
    1        |  6.8972E-12 
+------------+------------+
 Energy = -2.90232744515119

 MICROITERATION NUMBER = 18  , backward sweep
 - Left boundaries taken from index: 6
 - Right boundaries taken from index: 8

+------------+------------+
  ITERATION  |   ERROR 
+------------+------------+
    1        |  7.2509E-12 
+------------+------------+
 Energy = -2.902327445151191

 MICROITERATION NUMBER = 19  , backward sweep
 - Left boundaries taken from index: 5
 - Right boundaries taken from index: 7

+------------+------------+
  ITERATION  |   ERROR 
+------------+------------+
    1        |  8.0355E-12 
+------------+------------+
 Energy = -2.902327445151191

 MICROITERATION NUMBER = 20  , backward sweep
 - Left boundaries taken from index: 4
 - Right boundaries taken from index: 6

+------------+------------+
  ITERATION  |   ERROR 
+------------+------------+
    1        |  9.0657E-12 
+------------+------------+
 Energy = -2.90232744515119

 MICROITERATION NUMBER = 21  , backward sweep
 - Left boundaries taken from index: 3
 - Right boundaries taken from index: 5

+------------+------------+
  ITERATION  |   ERROR 
+------------+------------+
    1        |  9.9441E-12 
+------------+------------+
 Energy = -2.902327445151191

 MICROITERATION NUMBER = 22  , backward sweep
 - Left boundaries taken from index: 2
 - Right boundaries taken from index: 4

+------------+------------+
  ITERATION  |   ERROR 
+------------+------------+
    1        |  9.4880E-12 
+------------+------------+
 Energy = -2.902327445151189

 MICROITERATION NUMBER = 23  , backward sweep
 - Left boundaries taken from index: 1
 - Right boundaries taken from index: 3

+------------+------------+
  ITERATION  |   ERROR 
+------------+------------+
    1        |  4.7152E-11 
+------------+------------+
 Energy = -2.90232744515119


 -------------------
   SWEEP NUMBER 29
 -------------------
 - Noise parameter: 1e-08
 - Maximum bond dimension: 100
 - Truncation parameter: 9.999999999999999e-21

 MICROITERATION NUMBER = 0  , forward sweep
 - Left boundaries taken from index: 0
 - Right boundaries taken from index: 2

+------------+------------+
  ITERATION  |   ERROR 
+------------+------------+
    1        |  4.6630E-11 
+------------+------------+
 Energy = -2.90232744515119

 MICROITERATION NUMBER = 1  , forward sweep
 - Left boundaries taken from index: 1
 - Right boundaries taken from index: 3

+------------+------------+
  ITERATION  |   ERROR 
+------------+------------+
    1        |  4.7152E-11 
+------------+------------+
 Energy = -2.90232744515119

 MICROITERATION NUMBER = 2  , forward sweep
 - Left boundaries taken from index: 2
 - Right boundaries taken from index: 4

+------------+------------+
  ITERATION  |   ERROR 
+------------+------------+
    1        |  9.4880E-12 
+------------+------------+
 Energy = -2.902327445151189

 MICROITERATION NUMBER = 3  , forward sweep
 - Left boundaries taken from index: 3
 - Right boundaries taken from index: 5

+------------+------------+
  ITERATION  |   ERROR 
+------------+------------+
    1        |  9.9441E-12 
+------------+------------+
 Energy = -2.902327445151191

 MICROITERATION NUMBER = 4  , forward sweep
 - Left boundaries taken from index: 4
 - Right boundaries taken from index: 6

+------------+------------+
  ITERATION  |   ERROR 
+------------+------------+
    1        |  9.0658E-12 
+------------+------------+
 Energy = -2.902327445151191

 MICROITERATION NUMBER = 5  , forward sweep
 - Left boundaries taken from index: 5
 - Right boundaries taken from index: 7

+------------+------------+
  ITERATION  |   ERROR 
+------------+------------+
    1        |  8.0356E-12 
+------------+------------+
 Energy = -2.902327445151191

 MICROITERATION NUMBER = 6  , forward sweep
 - Left boundaries taken from index: 6
 - Right boundaries taken from index: 8

+------------+------------+
  ITERATION  |   ERROR 
+------------+------------+
    1        |  7.2510E-12 
+------------+------------+
 Energy = -2.902327445151192

 MICROITERATION NUMBER = 7  , forward sweep
 - Left boundaries taken from index: 7
 - Right boundaries taken from index: 9

+------------+------------+
  ITERATION  |   ERROR 
+------------+------------+
    1        |  6.8973E-12 
+------------+------------+
 Energy = -2.90232744515119

 MICROITERATION NUMBER = 8  , forward sweep
 - Left boundaries taken from index: 8
 - Right boundaries taken from index: 10

+------------+------------+
  ITERATION  |   ERROR 
+------------+------------+
    1        |  6.2955E-12 
+------------+------------+
 Energy = -2.90232744515119

 MICROITERATION NUMBER = 9  , forward sweep
 - Left boundaries taken from index: 9
 - Right boundaries taken from index: 11

+------------+------------+
  ITERATION  |   ERROR 
+------------+------------+
    1        |  7.4312E-12 
+------------+------------+
 Energy = -2.902327445151191

 MICROITERATION NUMBER = 10  , forward sweep
 - Left boundaries taken from index: 10
 - Right boundaries taken from index: 12

+------------+------------+
  ITERATION  |   ERROR 
+------------+------------+
    1        |  1.5013E-11 
+------------+------------+
 Energy = -2.902327445151189

 MICROITERATION NUMBER = 11  , forward sweep
 - Left boundaries taken from index: 11
 - Right boundaries taken from index: 13

+------------+------------+
  ITERATION  |   ERROR 
+------------+------------+
    1        |  1.3934E-11 
+------------+------------+
 Energy = -2.902327445151189

 MICROITERATION NUMBER = 12  , forward sweep
 - Left boundaries taken from index: 12
 - Right boundaries taken from index: 14

+------------+------------+
  ITERATION  |   ERROR 
+------------+------------+
    1        |  8.3783E-12 
+------------+------------+
 Energy = -2.902327445151188

 MICROITERATION NUMBER = 13  , backward sweep
 - Left boundaries taken from index: 11
 - Right boundaries taken from index: 13

+------------+------------+
  ITERATION  |   ERROR 
+------------+------------+
    1        |  1.3934E-11 
+------------+------------+
 Energy = -2.902327445151189

 MICROITERATION NUMBER = 14  , backward sweep
 - Left boundaries taken from index: 10
 - Right boundaries taken from index: 12

+------------+------------+
  ITERATION  |   ERROR 
+------------+------------+
    1        |  1.5013E-11 
+------------+------------+
 Energy = -2.902327445151189

 MICROITERATION NUMBER = 15  , backward sweep
 - Left boundaries taken from index: 9
 - Right boundaries taken from index: 11

+------------+------------+
  ITERATION  |   ERROR 
+------------+------------+
    1        |  7.4312E-12 
+------------+------------+
 Energy = -2.902327445151191

 MICROITERATION NUMBER = 16  , backward sweep
 - Left boundaries taken from index: 8
 - Right boundaries taken from index: 10

+------------+------------+
  ITERATION  |   ERROR 
+------------+------------+
    1        |  6.2954E-12 
+------------+------------+
 Energy = -2.902327445151189

 MICROITERATION NUMBER = 17  , backward sweep
 - Left boundaries taken from index: 7
 - Right boundaries taken from index: 9

+------------+------------+
  ITERATION  |   ERROR 
+------------+------------+
    1        |  6.8972E-12 
+------------+------------+
 Energy = -2.90232744515119

 MICROITERATION NUMBER = 18  , backward sweep
 - Left boundaries taken from index: 6
 - Right boundaries taken from index: 8

+------------+------------+
  ITERATION  |   ERROR 
+------------+------------+
    1        |  7.2509E-12 
+------------+------------+
 Energy = -2.902327445151191

 MICROITERATION NUMBER = 19  , backward sweep
 - Left boundaries taken from index: 5
 - Right boundaries taken from index: 7

+------------+------------+
  ITERATION  |   ERROR 
+------------+------------+
    1        |  8.0355E-12 
+------------+------------+
 Energy = -2.902327445151191

 MICROITERATION NUMBER = 20  , backward sweep
 - Left boundaries taken from index: 4
 - Right boundaries taken from index: 6

+------------+------------+
  ITERATION  |   ERROR 
+------------+------------+
    1        |  9.0657E-12 
+------------+------------+
 Energy = -2.90232744515119

 MICROITERATION NUMBER = 21  , backward sweep
 - Left boundaries taken from index: 3
 - Right boundaries taken from index: 5

+------------+------------+
  ITERATION  |   ERROR 
+------------+------------+
    1        |  9.9441E-12 
+------------+------------+
 Energy = -2.902327445151191

 MICROITERATION NUMBER = 22  , backward sweep
 - Left boundaries taken from index: 2
 - Right boundaries taken from index: 4

+------------+------------+
  ITERATION  |   ERROR 
+------------+------------+
    1        |  9.4880E-12 
+------------+------------+
 Energy = -2.902327445151189

 MICROITERATION NUMBER = 23  , backward sweep
 - Left boundaries taken from index: 1
 - Right boundaries taken from index: 3

+------------+------------+
  ITERATION  |   ERROR 
+------------+------------+
    1        |  4.7152E-11 
+------------+------------+
 Energy = -2.90232744515119

Task took 10.687689 seconds.
